episode,timestep,s1,s2,s3,s4,s5,g_s,rb_x,rb_y,rb_z,a1,a2,a3,a4,a5,g_a,ns1,ns2,ns3,ns4,ns5,ng_s,nrb_x,nrb_y,nrb_z,jp_x,jp_y,jp_z,bp_x,bp_y,bp_z,distance,reward,ball_in_target,ball_out_of_playground,time_limit,done
0,0,4.340710581358017e-15,-1.570000000029128,1.570000000076637,1.5700000000404446,1.2722719824053582e-13,0.0,0.1622708556858301,0.2015999999999998,-0.018460129446004753,1.0,1.0,1.0,1.0,-1.0,1.0,4.340710581358017e-15,-1.570000000029128,1.570000000076637,1.5700000000404446,1.2722719824053582e-13,0.0,0.2556694354062221,0.23176487238236604,-0.030479445185904827,-0.05566943540622207,-0.03176487238236602,0.030479445185904827,0.2,0.2,0.0,0.3464257681671376,0.0,0,0,0,False
0,1,4.340710581358017e-15,-1.570000000029128,1.570000000076637,1.5700000000404446,1.2722719824053582e-13,0.0,0.2556694354062221,0.23176487238236604,-0.030479445185904827,1.0,1.0,1.0,1.0,-1.0,1.0,0.5894205362256606,-0.8404000001226083,1.6601881543473194,1.823799632031401,0.7263259016345996,0.0,0.2556694354062221,0.23176487238236604,-0.030479445185904827,-0.05566943540622207,-0.03176487238236602,0.030479445185904827,0.2,0.2,0.0,0.3464257681671376,-0.2032128840835688,0,0,1,False
0,2,0.5894205362256606,-0.8404000001226083,1.6601881543473194,1.823799632031401,0.7263259016345996,0.0,0.2556694354062221,0.23176487238236604,-0.030479445185904827,1.0,1.0,1.0,1.0,-1.0,1.0,0.6046197491722646,-0.7939033528879855,1.662117567497132,1.8292292181117684,0.7602997226506241,0.0,0.256917735098672,0.23296292046984157,-0.03194682198345129,-0.05691773509867196,-0.032962920469841575,0.03194682198345129,0.2,0.2,0.0,0.3482801234019987,-0.2226836140496104,0,0,2,False
0,3,0.6046197491722646,-0.7939033528879855,1.662117567497132,1.8292292181117684,0.7602997226506241,0.0,0.256917735098672,0.23296292046984157,-0.03194682198345129,1.0,1.0,1.0,1.0,-1.0,1.0,0.6067945039550754,-0.7802911653831858,1.662393634455135,1.8300061016458264,0.7651608118393787,0.0,0.256917735098672,0.23296292046984157,-0.03194682198345129,-0.05691773509867196,-0.032962920469841575,0.03194682198345129,0.2,0.2,0.0,0.3482801234019987,-0.20414006170099935,0,0,3,False
0,4,0.6067945039550754,-0.7802911653831858,1.662393634455135,1.8300061016458264,0.7651608118393787,0.0,0.256917735098672,0.23296292046984157,-0.03194682198345129,1.0,1.0,1.0,1.0,-1.0,1.0,0.6096984657429164,-0.761906202253927,1.6627622681526602,1.83104347841785,0.7716518504443769,0.0,0.2581595395427624,0.23409077304061154,-0.03344338811175168,-0.05815953954276237,-0.03409077304061155,0.03344338811175168,0.2,0.2,0.0,0.35009041416193537,-0.2231481146803343,0,0,4,False
0,5,0.6096984657429164,-0.761906202253927,1.6627622681526602,1.83104347841785,0.7716518504443769,0.0,0.2581595395427624,0.23409077304061154,-0.03344338811175168,1.0,1.0,1.0,1.0,-1.0,1.0,0.6143541318183932,-0.7435676090508986,1.663353266079931,1.8327066131994603,0.7820583607365007,0.0,0.25935675665933106,0.23530078932509993,-0.0350417470213355,-0.05935675665933103,-0.03530078932509992,0.0350417470213355,0.2,0.2,0.0,0.35193793872808,-0.2244442150254862,0,0,5,False
0,6,0.6143541318183932,-0.7435676090508986,1.663353266079931,1.8327066131994603,0.7820583607365007,0.0,0.25935675665933106,0.23530078932509993,-0.0350417470213355,1.0,1.0,1.0,1.0,-1.0,1.0,0.6164401258405319,-0.730056093033714,1.6636180656005235,1.8334517888948763,0.7867210487182742,0.0,0.25935675665933106,0.23530078932509993,-0.0350417470213355,-0.05935675665933103,-0.03530078932509992,0.0350417470213355,0.2,0.2,0.0,0.35193793872808,-0.20596896936404,0,0,6,False
0,7,0.6164401258405319,-0.730056093033714,1.6636180656005235,1.8334517888948763,0.7867210487182742,0.0,0.25935675665933106,0.23530078932509993,-0.0350417470213355,1.0,1.0,1.0,1.0,-1.0,1.0,0.6164401258405319,-0.730056093033714,1.6636180656005235,1.8334517888948763,0.7867210487182742,0.0,0.26462070353969536,0.2417429208242344,-0.044174724583032274,-0.06462070353969535,-0.04174292082423439,0.044174724583032274,0.2,0.2,0.0,0.36113039584402495,-0.3024897690814621,0,0,7,False
0,8,0.6164401258405319,-0.730056093033714,1.6636180656005235,1.8334517888948763,0.7867210487182742,0.0,0.26462070353969536,0.2417429208242344,-0.044174724583032274,1.0,1.0,1.0,1.0,-1.0,1.0,0.6553259007801626,-0.6052560930470884,1.6685542899764052,1.8473428807007353,0.8736399150283196,0.0,0.26551187651490205,0.24300364247569953,-0.0461613900937384,-0.065511876514902,-0.043003642475699516,0.0461613900937384,0.2,0.2,0.0,0.36287491062666277,-0.22888260313970957,0,0,8,False
0,9,0.6553259007801626,-0.6052560930470884,1.6685542899764052,1.8473428807007353,0.8736399150283196,0.0,0.26551187651490205,0.24300364247569953,-0.0461613900937384,1.0,1.0,1.0,1.0,-1.0,1.0,0.6590592515289511,-0.5751732472700202,1.6690282076756595,1.848676538518794,0.8819848333186182,0.0,0.26632746530638174,0.24388176722546848,-0.047820559961543094,-0.06632746530638173,-0.043881767225468465,0.047820559961543094,0.2,0.2,0.0,0.3642738545607893,-0.22612636662166005,0,0,9,False
0,10,0.6590592515289511,-0.5751732472700202,1.6690282076756595,1.848676538518794,0.8819848333186182,0.0,0.26632746530638174,0.24388176722546848,-0.047820559961543094,1.0,1.0,1.0,1.0,-1.0,1.0,0.6590592515289511,-0.5751732472700202,1.6690282076756595,1.848676538518794,0.8819848333186182,0.0,0.2718107904249653,0.2525124238921949,-0.06632399472837668,-0.07181079042496528,-0.05251242389219492,0.06632399472837668,0.2,0.2,0.0,0.3768852640898629,-0.3445567273356672,0,0,10,False
0,11,0.6590592515289511,-0.5751732472700202,1.6690282076756595,1.848676538518794,0.8819848333186182,0.0,0.2718107904249653,0.2525124238921949,-0.06632399472837668,1.0,1.0,1.0,1.0,-1.0,1.0,0.7032327868751826,-0.3703249199935845,1.6746356690698023,1.8644565669659092,0.9807230896600468,0.0,0.27219554319902084,0.25328097186307874,-0.0684958999274736,-0.07219554319902083,-0.053280971863078716,0.0684958999274736,0.2,0.2,0.0,0.3780652757820932,-0.2308327548133497,0,0,11,False
0,12,0.7032327868751826,-0.3703249199935845,1.6746356690698023,1.8644565669659092,0.9807230896600468,0.0,0.27219554319902084,0.25328097186307874,-0.0684958999274736,1.0,1.0,1.0,1.0,-1.0,1.0,0.7032327868751826,-0.3703249199935845,1.6746356690698023,1.8644565669659092,0.9807230896600468,0.0,0.2733698006247327,0.2557539452152404,-0.07703334723182213,-0.07336980062473271,-0.055753945215240436,0.07703334723182213,0.2,0.2,0.0,0.3821979395189158,-0.2624256071276837,0,0,12,False
0,13,0.7032327868751826,-0.3703249199935845,1.6746356690698023,1.8644565669659092,0.9807230896600468,0.0,0.2733698006247327,0.2557539452152404,-0.07703334723182213,1.0,1.0,1.0,1.0,-1.0,1.0,0.7236482021921724,-0.2346795119839454,1.6772272355406586,1.8717495271474458,1.0263563516443241,0.0,0.2733698006247327,0.2557539452152404,-0.07703334723182213,-0.07336980062473271,-0.055753945215240436,0.07703334723182213,0.2,0.2,0.0,0.3821979395189158,-0.2210989697594579,0,0,13,False
0,14,0.7236482021921724,-0.2346795119839454,1.6772272355406586,1.8717495271474458,1.0263563516443241,0.0,0.2733698006247327,0.2557539452152404,-0.07703334723182213,1.0,1.0,1.0,1.0,-1.0,1.0,0.7236482021921724,-0.2346795119839454,1.6772272355406586,1.8717495271474458,1.0263563516443241,0.0,0.2737513739970058,0.2566175751646942,-0.08102262459284712,-0.07375137399700575,-0.05661757516469415,0.08102262459284712,0.2,0.2,0.0,0.3838711507062877,-0.23866768722686288,0,0,14,False
0,15,0.7236482021921724,-0.2346795119839454,1.6772272355406586,1.8717495271474458,1.0263563516443241,0.0,0.2737513739970058,0.2566175751646942,-0.08102262459284712,1.0,1.0,1.0,1.0,-1.0,1.0,0.7236482021921724,-0.2346795119839454,1.6772272355406586,1.8717495271474458,1.0263563516443241,0.0,0.27403860128255125,0.25774922643783926,-0.08741702902300474,-0.07403860128255124,-0.05774922643783924,0.08741702902300474,0.2,0.2,0.0,0.38622992593196415,-0.24670271522274664,0,0,15,False
0,16,0.7236482021921724,-0.2346795119839454,1.6772272355406586,1.8717495271474458,1.0263563516443241,0.0,0.27403860128255125,0.25774922643783926,-0.08741702902300474,1.0,1.0,1.0,1.0,-1.0,1.0,0.7236482021921724,-0.2346795119839454,1.6772272355406586,1.8717495271474458,1.0263563516443241,0.0,0.27403860128255125,0.25774922643783926,-0.08741702902300474,-0.07403860128255124,-0.05774922643783924,0.08741702902300474,0.2,0.2,0.0,0.38622992593196415,-0.22311496296598207,0,0,16,False
0,17,0.7236482021921724,-0.2346795119839454,1.6772272355406586,1.8717495271474458,1.0263563516443241,0.0,0.27403860128255125,0.25774922643783926,-0.08741702902300474,1.0,1.0,1.0,1.0,-1.0,1.0,0.7236482021921724,-0.2346795119839454,1.6772272355406586,1.8717495271474458,1.0263563516443241,0.0,0.27409543014071597,0.25796260368768575,-0.08919093046965158,-0.07409543014071594,-0.05796260368768574,0.08919093046965158,0.2,0.2,0.0,0.38681782767007566,-0.229287931216153,0,0,17,False
0,18,0.7236482021921724,-0.2346795119839454,1.6772272355406586,1.8717495271474458,1.0263563516443241,0.0,0.27409543014071597,0.25796260368768575,-0.08919093046965158,1.0,1.0,1.0,1.0,-1.0,1.0,0.7236482021921724,-0.2346795119839454,1.6772272355406586,1.8717495271474458,1.0263563516443241,0.0,0.27409543014071597,0.25796260368768575,-0.08919093046965158,-0.07409543014071594,-0.05796260368768574,0.08919093046965158,0.2,0.2,0.0,0.38681782767007566,-0.22340891383503783,0,0,18,False
0,19,0.7236482021921724,-0.2346795119839454,1.6772272355406586,1.8717495271474458,1.0263563516443241,0.0,0.27409543014071597,0.25796260368768575,-0.08919093046965158,1.0,1.0,1.0,1.0,-1.0,1.0,0.7236482021921724,-0.2346795119839454,1.6772272355406586,1.8717495271474458,1.0263563516443241,0.0,0.2741424534186332,0.2581513381233641,-0.09113587361444551,-0.0741424534186332,-0.05815133812336409,0.09113587361444551,0.2,0.2,0.0,0.38742992347099253,-0.22983591974466494,0,0,19,False
0,20,0.7236482021921724,-0.2346795119839454,1.6772272355406586,1.8717495271474458,1.0263563516443241,0.0,0.2741424534186332,0.2581513381233641,-0.09113587361444551,1.0,1.0,1.0,1.0,-1.0,1.0,0.7236482021921724,-0.2346795119839454,1.6772272355406586,1.8717495271474458,1.0263563516443241,0.0,0.27410005677165095,0.2584785006935003,-0.09506984771016393,-0.07410005677165095,-0.0584785006935003,0.09506984771016393,0.2,0.2,0.0,0.3885617742220867,-0.23559939462198512,0,0,20,False
0,21,0.7236482021921724,-0.2346795119839454,1.6772272355406586,1.8717495271474458,1.0263563516443241,0.0,0.27410005677165095,0.2584785006935003,-0.09506984771016393,1.0,1.0,1.0,1.0,-1.0,1.0,0.7236482021921724,-0.2346795119839454,1.6772272355406586,1.8717495271474458,1.0263563516443241,0.0,0.27410005677165095,0.2584785006935003,-0.09506984771016393,-0.07410005677165095,-0.0584785006935003,0.09506984771016393,0.2,0.2,0.0,0.3885617742220867,-0.22428088711104335,0,0,21,False
0,22,0.7236482021921724,-0.2346795119839454,1.6772272355406586,1.8717495271474458,1.0263563516443241,0.0,0.27410005677165095,0.2584785006935003,-0.09506984771016393,1.0,1.0,1.0,1.0,-1.0,1.0,0.7236482021921724,-0.2346795119839454,1.6772272355406586,1.8717495271474458,1.0263563516443241,0.0,0.27410005677165095,0.2584785006935003,-0.09506984771016393,-0.07410005677165095,-0.0584785006935003,0.09506984771016393,0.2,0.2,0.0,0.3885617742220867,-0.22428088711104335,0,0,22,False
0,23,0.7236482021921724,-0.2346795119839454,1.6772272355406586,1.8717495271474458,1.0263563516443241,0.0,0.27410005677165095,0.2584785006935003,-0.09506984771016393,1.0,1.0,1.0,1.0,-1.0,1.0,0.7236482021921724,-0.2346795119839454,1.6772272355406586,1.8717495271474458,1.0263563516443241,0.0,0.2739064906705234,0.2587009186809077,-0.09900088678570154,-0.07390649067052343,-0.058700918680907724,0.09900088678570154,0.2,0.2,0.0,0.38955372741400185,-0.23469639562615233,0,0,23,False
0,24,0.7236482021921724,-0.2346795119839454,1.6772272355406586,1.8717495271474458,1.0263563516443241,0.0,0.2739064906705234,0.2587009186809077,-0.09900088678570154,1.0,1.0,1.0,1.0,-1.0,1.0,0.7454013928673564,0.00782565810613939,1.6799886214136492,1.8795203782731977,1.0751856769969406,0.0,0.2739064906705234,0.2587009186809077,-0.09900088678570154,-0.07390649067052343,-0.058700918680907724,0.09900088678570154,0.2,0.2,0.0,0.38955372741400185,-0.22477686370700092,0,0,24,False
0,25,0.7454013928673564,0.00782565810613939,1.6799886214136492,1.8795203782731977,1.0751856769969406,0.0,0.2739064906705234,0.2587009186809077,-0.09900088678570154,1.0,1.0,1.0,1.0,-1.0,1.0,0.7454013928673564,0.00782565810613939,1.6799886214136492,1.8795203782731977,1.0751856769969406,0.0,0.2695768770352764,0.25696755274396155,-0.12425740398793214,-0.06957687703527637,-0.05696755274396151,0.12425740398793214,0.2,0.2,0.0,0.3926116634043535,-0.25688519160569323,0,0,25,False
0,26,0.7454013928673564,0.00782565810613939,1.6799886214136492,1.8795203782731977,1.0751856769969406,0.0,0.2695768770352764,0.25696755274396155,-0.12425740398793214,1.0,1.0,1.0,1.0,-1.0,1.0,0.7660847943184831,0.2958256580971486,1.6826142064741179,1.8869090706572385,1.1213256724070215,0.0,0.26900602405310725,0.25655919773158165,-0.1262743838213015,-0.06900602405310721,-0.05655919773158161,0.1262743838213015,0.2,0.2,0.0,0.3925965905697388,-0.22614756693872223,0,0,26,False
0,27,0.7660847943184831,0.2958256580971486,1.6826142064741179,1.8869090706572385,1.1213256724070215,0.0,0.26900602405310725,0.25655919773158165,-0.1262743838213015,1.0,1.0,1.0,1.0,-1.0,1.0,0.7666854344322448,0.3135818180096962,1.6826904527181108,1.887123636184814,1.1226655647894157,0.0,0.26870828089560916,0.2563096990745135,-0.12733732024191807,-0.06870828089560914,-0.05630969907451351,0.12733732024191807,0.2,0.2,0.0,0.39257304439802543,-0.2260510604818792,0,0,27,False
0,28,0.7666854344322448,0.3135818180096962,1.6826904527181108,1.887123636184814,1.1226655647894157,0.0,0.26870828089560916,0.2563096990745135,-0.12733732024191807,1.0,1.0,1.0,1.0,-1.0,1.0,0.767223046614683,0.3304302623247105,1.6827586980934313,1.8873156863661262,1.1238648560990179,0.0,0.26870828089560916,0.2563096990745135,-0.12733732024191807,-0.06870828089560914,-0.05630969907451351,0.12733732024191807,0.2,0.2,0.0,0.39257304439802543,-0.2262865221990127,0,0,28,False
0,29,0.767223046614683,0.3304302623247105,1.6827586980934313,1.8873156863661262,1.1238648560990179,0.0,0.26870828089560916,0.2563096990745135,-0.12733732024191807,1.0,1.0,1.0,1.0,-1.0,1.0,0.7677003115769112,0.34535118794991154,1.6828192828930915,1.8874861788239048,1.1249295263951262,0.0,0.26818146360227657,0.25587471642454374,-0.12910701431042626,-0.06818146360227659,-0.05587471642454375,0.12910701431042626,0.2,0.2,0.0,0.39250705607587805,-0.2255936448164652,0,0,29,False
0,30,0.7677003115769112,0.34535118794991154,1.6828192828930915,1.8874861788239048,1.1249295263951262,0.0,0.26818146360227657,0.25587471642454374,-0.12910701431042626,1.0,1.0,1.0,1.0,-1.0,1.0,0.7677003115769112,0.34535118794991154,1.6828192828930915,1.8874861788239048,1.1249295263951262,0.0,0.26168377812272814,0.25037481790910854,-0.1452202414481506,-0.061683778122728156,-0.05037481790910853,0.1452202414481506,0.2,0.2,0.0,0.3901984978211265,-0.20201366636304754,0,0,30,False
0,31,0.7677003115769112,0.34535118794991154,1.6828192828930915,1.8874861788239048,1.1249295263951262,0.0,0.26168377812272814,0.25037481790910854,-0.1452202414481506,1.0,1.0,1.0,1.0,-1.0,1.0,0.775486785124101,0.5425541824392174,1.6838077106700646,1.8902677260542016,1.1422993896085296,0.0,0.26168377812272814,0.25037481790910854,-0.1452202414481506,-0.061683778122728156,-0.05037481790910853,0.1452202414481506,0.2,0.2,0.0,0.3901984978211265,-0.22509924891056324,0,0,31,False
0,32,0.775486785124101,0.5425541824392174,1.6838077106700646,1.8902677260542016,1.1422993896085296,0.0,0.26168377812272814,0.25037481790910854,-0.1452202414481506,1.0,1.0,1.0,1.0,-1.0,1.0,0.7764502955041346,0.575917018558778,1.6839300202629832,1.8906119190448747,1.1444487635711464,0.0,0.26100643958563297,0.24976412170232604,-0.14655079518428538,-0.06100643958563297,-0.04976412170232603,0.14655079518428538,0.2,0.2,0.0,0.3898507580652491,-0.2214479814738508,0,0,32,False
0,33,0.7764502955041346,0.575917018558778,1.6839300202629832,1.8906119190448747,1.1444487635711464,0.0,0.26100643958563297,0.24976412170232604,-0.14655079518428538,1.0,1.0,1.0,1.0,-1.0,1.0,0.7766867960841467,0.5863636181490012,1.6839600420347636,1.8906964036981944,1.1449763429294717,0.0,0.2603511048253606,0.2491631649719803,-0.14779920277899014,-0.060351104825360616,-0.04916316497198029,0.14779920277899014,0.2,0.2,0.0,0.3894991462182494,-0.22123345463912747,0,0,33,False
0,34,0.7766867960841467,0.5863636181490012,1.6839600420347636,1.8906964036981944,1.1449763429294717,0.0,0.2603511048253606,0.2491631649719803,-0.14779920277899014,1.0,1.0,1.0,1.0,-1.0,1.0,0.7770078523512968,0.6001443806453606,1.6840007974450766,1.8908110940206704,1.1456925469218575,0.0,0.25972404291501405,0.24858226770835515,-0.14895679772441328,-0.05972404291501404,-0.04858226770835513,0.14895679772441328,0.2,0.2,0.0,0.38915016365852934,-0.2210852562320642,0,0,34,False
0,35,0.7770078523512968,0.6001443806453606,1.6840007974450766,1.8908110940206704,1.1456925469218575,0.0,0.25972404291501405,0.24858226770835515,-0.14895679772441328,1.0,1.0,1.0,1.0,-1.0,1.0,0.777435025474912,0.6172351976656036,1.6840550235038045,1.8909636922674173,1.146645473645238,0.0,0.2590042257541565,0.24791608620079875,-0.15023657733766368,-0.05900422575415651,-0.04791608620079872,0.15023657733766368,0.2,0.2,0.0,0.3887371913333837,-0.2202388724152354,0,0,35,False
0,36,0.777435025474912,0.6172351976656036,1.6840550235038045,1.8909636922674173,1.146645473645238,0.0,0.2590042257541565,0.24791608620079875,-0.15023657733766368,1.0,1.0,1.0,1.0,-1.0,1.0,0.7776571344267856,0.626935880994737,1.6840832183791712,1.8910430358278063,1.147140948533495,0.0,0.25847486156926425,0.24742241025205228,-0.1511502927828779,-0.05847486156926421,-0.04742241025205227,0.1511502927828779,0.2,0.2,0.0,0.3884243995509743,-0.2210842819513932,0,0,36,False
0,37,0.7776571344267856,0.626935880994737,1.6840832183791712,1.8910430358278063,1.147140948533495,0.0,0.25847486156926425,0.24742241025205228,-0.1511502927828779,1.0,1.0,1.0,1.0,-1.0,1.0,0.7783081891247045,0.6521923026010467,1.6841658643341917,1.8912756108679079,1.148593304466611,0.0,0.25764584677558205,0.2466515460837309,-0.15252955742617713,-0.05764584677558203,-0.04665154608373091,0.15252955742617713,0.2,0.2,0.0,0.38792220023456636,-0.21893910695320382,0,0,37,False
0,38,0.7783081891247045,0.6521923026010467,1.6841658643341917,1.8912756108679079,1.148593304466611,0.0,0.25764584677558205,0.2466515460837309,-0.15252955742617713,1.0,1.0,1.0,1.0,-1.0,1.0,0.778541232819936,0.6625827530366785,1.6841954472828171,1.8913588606246916,1.1491131722960735,0.0,0.25716257039192836,0.24620028646608433,-0.15330889927456498,-0.057162570391928375,-0.04620028646608433,0.15330889927456498,0.2,0.2,0.0,0.3876219643716597,-0.22080862355676312,0,0,38,False
0,39,0.778541232819936,0.6625827530366785,1.6841954472828171,1.8913588606246916,1.1491131722960735,0.0,0.25716257039192836,0.24620028646608433,-0.15330889927456498,1.0,1.0,1.0,1.0,-1.0,1.0,0.7787736532259142,0.6719915117065575,1.6842249511118776,1.8914418877276888,1.149631649709434,0.0,0.2563757773941581,0.2454637956694444,-0.15454002165228609,-0.056375777394158125,-0.04546379566944439,0.15454002165228609,0.2,0.2,0.0,0.38712224491909364,-0.21856392793388632,0,0,39,False
0,40,0.7787736532259142,0.6719915117065575,1.6842249511118776,1.8914418877276888,1.149631649709434,0.0,0.2563757773941581,0.2454637956694444,-0.15454002165228609,1.0,1.0,1.0,1.0,-1.0,1.0,0.7787736532259142,0.6719915117065575,1.6842249511118776,1.8914418877276888,1.149631649709434,0.0,0.25586042287093147,0.24497799837079381,-0.1553240853157513,-0.055860422870931445,-0.04497799837079382,0.1553240853157513,0.2,0.2,0.0,0.38678721172839636,-0.22004327395722542,0,0,40,False
0,41,0.7787736532259142,0.6719915117065575,1.6842249511118776,1.8914418877276888,1.149631649709434,0.0,0.25586042287093147,0.24497799837079381,-0.1553240853157513,1.0,1.0,1.0,1.0,-1.0,1.0,0.7800100804446952,0.7229176552065842,1.6843819052168103,1.8918835742873183,1.1523898394788266,0.0,0.2548173290713661,0.2439976086388805,-0.1568511852711221,-0.05481732907136613,-0.0439976086388805,0.1568511852711221,0.2,0.2,0.0,0.38609454611210586,-0.21612061689314793,0,0,41,False
0,42,0.7800100804446952,0.7229176552065842,1.6843819052168103,1.8918835742873183,1.1523898394788266,0.0,0.2548173290713661,0.2439976086388805,-0.1568511852711221,1.0,1.0,1.0,1.0,-1.0,1.0,0.7802361750774517,0.7330847381176535,1.68441060604069,1.8919643416451808,1.1528942055208706,0.0,0.25410760639884467,0.24332561812008463,-0.15785244328672884,-0.05410760639884464,-0.043325618120084605,0.15785244328672884,0.2,0.2,0.0,0.3856104587726601,-0.21796435599187233,0,0,42,False
0,43,0.7802361750774517,0.7330847381176535,1.68441060604069,1.8919643416451808,1.1528942055208706,0.0,0.25410760639884467,0.24332561812008463,-0.15785244328672884,1.0,1.0,1.0,1.0,-1.0,1.0,0.7805908314329008,0.7488240659173504,1.6844556267015693,1.892091034865154,1.1536853637197264,0.0,0.253442873065043,0.24269452367840202,-0.15876247831170637,-0.053442873065043,-0.042694523678402006,0.15876247831170637,0.2,0.2,0.0,0.38514860281536134,-0.21795574183469316,0,0,43,False
0,44,0.7805908314329008,0.7488240659173504,1.6844556267015693,1.892091034865154,1.1536853637197264,0.0,0.253442873065043,0.24269452367840202,-0.15876247831170637,1.0,1.0,1.0,1.0,-1.0,1.0,0.7808270698624216,0.7594499936147413,1.6844856151958598,1.8921754258727828,1.1542123582807324,0.0,0.2528700735254382,0.242149413747073,-0.15952599328896866,-0.05287007352543818,-0.04214941374707299,0.15952599328896866,0.2,0.2,0.0,0.38474427246892673,-0.21832883277011725,0,0,44,False
0,45,0.7808270698624216,0.7594499936147413,1.6844856151958598,1.8921754258727828,1.1542123582807324,0.0,0.2528700735254382,0.242149413747073,-0.15952599328896866,1.0,1.0,1.0,1.0,-1.0,1.0,0.7811419318435922,0.7736107101932566,1.68452558429321,1.8922879034235685,1.1549147442216483,0.0,0.2522173538129504,0.2415271926664834,-0.1603733283471979,-0.052217353812950396,-0.04152719266648338,0.1603733283471979,0.2,0.2,0.0,0.384276700837974,-0.21746263410945965,0,0,45,False
0,46,0.7811419318435922,0.7736107101932566,1.68452558429321,1.8922879034235685,1.1549147442216483,0.0,0.2522173538129504,0.2415271926664834,-0.1603733283471979,1.0,1.0,1.0,1.0,-1.0,1.0,0.7814065050668672,0.7855097240900939,1.6845591696525524,1.8923824164160015,1.1555049473056522,0.0,0.2517058225371044,0.24103879197706485,-0.16102104122735525,-0.05170582253710439,-0.04103879197706485,0.16102104122735525,0.2,0.2,0.0,0.38390532173282604,-0.2182388698149335,0,0,46,False
0,47,0.7814065050668672,0.7855097240900939,1.6845591696525524,1.8923824164160015,1.1555049473056522,0.0,0.2517058225371044,0.24103879197706485,-0.16102104122735525,1.0,1.0,1.0,1.0,-1.0,1.0,0.7816860580610548,0.7980824437380754,1.68459465656947,1.8924822806047004,1.156128566874585,0.0,0.25098763999010965,0.24035197049298018,-0.16190703924065297,-0.05098763999010962,-0.04035197049298017,0.16190703924065297,0.2,0.2,0.0,0.38337677877427273,-0.21640295980160323,0,0,47,False
0,48,0.7816860580610548,0.7980824437380754,1.68459465656947,1.8924822806047004,1.156128566874585,0.0,0.25098763999010965,0.24035197049298018,-0.16190703924065297,1.0,1.0,1.0,1.0,-1.0,1.0,0.7819952746318548,0.8119892640407128,1.6846339090293052,1.8925927414567303,1.156818359180813,0.0,0.2503267166927845,0.23971878649377107,-0.16269907905137684,-0.05032671669278452,-0.03971878649377106,0.16269907905137684,0.2,0.2,0.0,0.3828832093633801,-0.2165059105727638,0,0,48,False
0,49,0.7819952746318548,0.8119892640407128,1.6846339090293052,1.8925927414567303,1.156818359180813,0.0,0.2503267166927845,0.23971878649377107,-0.16269907905137684,1.0,1.0,1.0,1.0,-1.0,1.0,0.7821825359916915,0.8204112256265741,1.6846576802935975,1.8926596364784085,1.1572360969652655,0.0,0.2503267166927845,0.23971878649377107,-0.16269907905137684,-0.05032671669278452,-0.03971878649377106,0.16269907905137684,0.2,0.2,0.0,0.3828832093633801,-0.22144160468169005,0,0,49,False
0,50,0.7821825359916915,0.8204112256265741,1.6846576802935975,1.8926596364784085,1.1572360969652655,0.0,0.2503267166927845,0.23971878649377107,-0.16269907905137684,1.0,1.0,1.0,1.0,-1.0,1.0,0.7821825359916915,0.8204112256265741,1.6846576802935975,1.8926596364784085,1.1572360969652655,0.0,0.23650460599090709,0.2262651548680267,-0.1751226822440427,-0.036504605990907074,-0.026265154868026695,0.1751226822440427,0.2,0.2,0.0,0.37121193784509987,-0.09889325373974758,0,0,50,False
0,51,0.7821825359916915,0.8204112256265741,1.6846576802935975,1.8926596364784085,1.1572360969652655,0.0,0.23650460599090709,0.2262651548680267,-0.1751226822440427,1.0,1.0,1.0,-1.0,-1.0,1.0,0.7877247115553336,1.0696670771047034,1.6853612131898372,1.8946394574351915,1.1695994384943882,0.0,0.23596321053811167,0.22573090269133947,-0.17547448566130813,-0.03596321053811166,-0.025730902691339458,0.17547448566130813,0.2,0.2,0.0,0.37070793392561857,-0.2103139277679963,0,0,51,False
0,52,0.7877247115553336,1.0696670771047034,1.6853612131898372,1.8946394574351915,1.1695994384943882,0.0,0.23596321053811167,0.22573090269133947,-0.17547448566130813,1.0,1.0,1.0,-1.0,-1.0,1.0,0.788129950975515,1.0878924645132362,1.685412654948841,1.891154821784915,1.17050343608632,0.0,0.23724068924169472,0.22702018790730485,-0.17555480140191118,-0.0372406892416947,-0.027020187907304843,0.17555480140191118,0.2,0.2,0.0,0.37234499948919264,-0.232543155380337,0,0,52,False
0,53,0.788129950975515,1.0878924645132362,1.685412654948841,1.891154821784915,1.17050343608632,0.0,0.23724068924169472,0.22702018790730485,-0.17555480140191118,1.0,1.0,1.0,-1.0,-1.0,1.0,0.7882625326789819,1.0938552430319208,1.6854294850859226,1.8552856922485206,1.1707991959169715,0.0,0.2388827918891046,0.2286752300555147,-0.1755356369325489,-0.038882791889104595,-0.028675230055514707,0.1755356369325489,0.2,0.2,0.0,0.37439298729408843,-0.23767637169600211,0,0,53,False
0,54,0.7882625326789819,1.0938552430319208,1.6854294850859226,1.8552856922485206,1.1707991959169715,0.0,0.2388827918891046,0.2286752300555147,-0.1755356369325489,1.0,1.0,1.0,-1.0,-1.0,1.0,0.7883268758026655,1.0967490344502526,1.6854376529066952,1.8373953228315256,1.1709427308908875,0.0,0.2388827918891046,0.2286752300555147,-0.1755356369325489,-0.038882791889104595,-0.028675230055514707,0.1755356369325489,0.2,0.2,0.0,0.37439298729408843,-0.21719649364704421,0,0,54,False
0,55,0.7883268758026655,1.0967490344502526,1.6854376529066952,1.8373953228315256,1.1709427308908875,0.0,0.2388827918891046,0.2286752300555147,-0.1755356369325489,1.0,1.0,1.0,-1.0,-1.0,1.0,0.7884212281163743,1.1009924702682414,1.6854496301435444,1.8147503341544868,1.1711532095881811,0.0,0.2405981375678041,0.23040504024892045,-0.17548599514576854,-0.040598137567804095,-0.030405040248920434,0.17548599514576854,0.2,0.2,0.0,0.3765226166719648,-0.23955760211474603,0,0,55,False
0,56,0.7884212281163743,1.1009924702682414,1.6854496301435444,1.8147503341544868,1.1711532095881811,0.0,0.2405981375678041,0.23040504024892045,-0.17548599514576854,1.0,1.0,1.0,-1.0,-1.0,1.0,0.7884884648184514,1.1040163985501577,1.6854581652801106,1.7955503341594807,1.171303199481664,0.0,0.2422804929316903,0.23210284365617034,-0.17541547878112387,-0.04228049293169028,-0.03210284365617034,0.17541547878112387,0.2,0.2,0.0,0.3786055433885172,-0.24013203885978274,0,0,56,False
0,57,0.7884884648184514,1.1040163985501577,1.6854581652801106,1.7955503341594807,1.171303199481664,0.0,0.2422804929316903,0.23210284365617034,-0.17541547878112387,1.0,1.0,1.0,-1.0,-1.0,1.0,0.7885482551610983,1.1067054315119105,1.685465755163406,1.7777794354582146,1.1714365782293203,0.0,0.24408063636504948,0.23391963489790968,-0.17527903233300554,-0.04408063636504947,-0.03391963489790967,0.17527903233300554,0.2,0.2,0.0,0.3808103094911346,-0.24245281577174113,0,0,57,False
0,58,0.7885482551610983,1.1067054315119105,1.685465755163406,1.7777794354582146,1.1714365782293203,0.0,0.24408063636504948,0.23391963489790968,-0.17527903233300554,1.0,1.0,1.0,-1.0,-1.0,1.0,0.7886360949319938,1.110655969823081,1.6854769056874153,1.7552536785553725,1.171632528914491,0.0,0.24576184443967536,0.23561721839544272,-0.17511470557120826,-0.04576184443967536,-0.03561721839544271,0.17511470557120826,0.2,0.2,0.0,0.3828570462902412,-0.24189589113618667,0,0,58,False
0,59,0.7886360949319938,1.110655969823081,1.6854769056874153,1.7552536785553725,1.171632528914491,0.0,0.24576184443967536,0.23561721839544272,-0.17511470557120826,1.0,1.0,1.0,-1.0,-1.0,1.0,0.7886929866290815,1.1132146380284227,1.6854841276118946,1.7375633731650075,1.171759441438554,0.0,0.24737201749241727,0.2372421181842461,-0.17487891401652506,-0.04737201749241726,-0.03724211818424608,0.17487891401652506,0.2,0.2,0.0,0.38478483889885234,-0.24167034553553762,0,0,59,False
0,60,0.7886929866290815,1.1132146380284227,1.6854841276118946,1.7375633731650075,1.171759441438554,0.0,0.24737201749241727,0.2372421181842461,-0.17487891401652506,1.0,1.0,1.0,-1.0,-1.0,1.0,0.7886929866290815,1.1132146380284227,1.6854841276118946,1.7375633731650075,1.171759441438554,0.0,0.3215976200037951,0.31255573957300764,-0.07223428897987245,-0.12159762000379506,-0.11255573957300764,0.07223428897987245,0.2,0.2,0.0,0.45423992783171635,-0.9516708532444983,0,0,60,False
0,61,0.7886929866290815,1.1132146380284227,1.6854841276118946,1.7375633731650075,1.171759441438554,0.0,0.3215976200037951,0.31255573957300764,-0.07223428897987245,1.0,1.0,1.0,1.0,-1.0,1.0,0.7914229907278985,1.235994850999846,1.6858306787574961,0.3001664007745207,1.1778494637261328,0.0,0.3216909455673378,0.31265145581756193,-0.07094046558020482,-0.1216909455673378,-0.11265145581756192,0.07094046558020482,0.2,0.2,0.0,0.45416797216622945,-0.2563644294282457,0,0,61,False
0,62,0.7914229907278985,1.235994850999846,1.6858306787574961,0.3001664007745207,1.1778494637261328,0.0,0.3216909455673378,0.31265145581756193,-0.07094046558020482,1.0,1.0,1.0,1.0,-1.0,1.0,0.7914262571196597,1.236141754909886,1.6858310933935894,0.32248126845174624,1.177857236009568,0.0,0.32150212181030113,0.3124610600145517,-0.07365421575222633,-0.12150212181030114,-0.11246106001455168,0.07365421575222633,0.2,0.2,0.0,0.4543351976812038,-0.25883985399034526,0,0,62,False
0,63,0.7914262571196597,1.236141754909886,1.6858310933935894,0.32248126845174624,1.177857236009568,0.0,0.32150212181030113,0.3124610600145517,-0.07365421575222633,1.0,1.0,1.0,1.0,-1.0,1.0,0.7914287887132467,1.2362556117354486,1.6858314147525075,0.344761106394429,1.1778628720116635,0.0,0.32129043713530725,0.3122473163495215,-0.0761366475044167,-0.12129043713530721,-0.11224731634952154,0.0761366475044167,0.2,0.2,0.0,0.454447709484036,-0.2583489727703403,0,0,63,False
0,64,0.7914287887132467,1.2362556117354486,1.6858314147525075,0.344761106394429,1.1778628720116635,0.0,0.32129043713530725,0.3122473163495215,-0.0761366475044167,1.0,1.0,1.0,1.0,-1.0,1.0,0.791431470243626,1.2363762118736634,1.6858317551452373,0.36700598466208123,1.177868841813655,0.0,0.3210213312955989,0.3119754879231307,-0.07881010276934614,-0.12102133129559887,-0.11197548792313067,0.07881010276934614,0.2,0.2,0.0,0.45452660264300154,-0.2580522329111561,0,0,64,False
0,65,0.791431470243626,1.2363762118736634,1.6858317551452373,0.36700598466208123,1.177868841813655,0.0,0.3210213312955989,0.3119754879231307,-0.07881010276934614,1.0,1.0,1.0,1.0,-1.0,1.0,0.7914340990793157,1.2364944421013135,1.6858320888508755,0.3844063731845023,1.1778746943047302,0.0,0.32071132407147107,0.3116624237638713,-0.08147432114675052,-0.12071132407147103,-0.11166242376387128,0.08147432114675052,0.2,0.2,0.0,0.4545627402024619,-0.25764274569583456,0,0,65,False
0,66,0.7914340990793157,1.2364944421013135,1.6858320888508755,0.3844063731845023,1.1778746943047302,0.0,0.32071132407147107,0.3116624237638713,-0.08147432114675052,1.0,1.0,1.0,1.0,-1.0,1.0,0.7914370388082523,1.2366266545567826,1.6858324620208676,0.40656236092030745,1.1778812389266873,0.0,0.32036029528870136,0.31130776980152897,-0.08412052771420847,-0.12036029528870135,-0.11130776980152898,0.08412052771420847,0.2,0.2,0.0,0.4545541876599341,-0.2571915684046891,0,0,66,False
0,67,0.7914370388082523,1.2366266545567826,1.6858324620208676,0.40656236092030745,1.1778812389266873,0.0,0.32036029528870136,0.31130776980152897,-0.08412052771420847,1.0,1.0,1.0,1.0,-1.0,1.0,0.7914395090274552,1.2367377511080915,1.6858327755900957,0.42868363668159404,1.1778867382935567,0.0,0.3199685247987765,0.3109117730979154,-0.08674746620146428,-0.1199685247987765,-0.11091177309791539,0.08674746620146428,0.2,0.2,0.0,0.4545009465393544,-0.25671806206388026,0,0,67,False
0,68,0.7914395090274552,1.2367377511080915,1.6858327755900957,0.42868363668159404,1.1778867382935567,0.0,0.3199685247987765,0.3109117730979154,-0.08674746620146428,1.0,1.0,1.0,1.0,-1.0,1.0,0.7914430477838541,1.2368969044456755,1.6858332248053436,0.4478836366419404,1.1778946165141286,0.0,0.3199685247987765,0.3109117730979154,-0.08674746620146428,-0.1199685247987765,-0.11091177309791539,0.08674746620146428,0.2,0.2,0.0,0.4545009465393544,-0.2572504732696772,0,0,68,False
0,69,0.7914430477838541,1.2368969044456755,1.6858332248053436,0.4478836366419404,1.1778946165141286,0.0,0.3199685247987765,0.3109117730979154,-0.08674746620146428,1.0,1.0,1.0,1.0,-1.0,1.0,0.7914430477838541,1.2368969044456755,1.6858332248053436,0.4478836366419404,1.1778946165141286,0.0,0.31790043197256207,0.3088215103674894,-0.09755341859440336,-0.11790043197256204,-0.1088215103674894,0.09755341859440336,0.2,0.2,0.0,0.45381502772986027,-0.2500483257699887,0,0,69,False
0,70,0.7914430477838541,1.2368969044456755,1.6858332248053436,0.4478836366419404,1.1778946165141286,0.0,0.31790043197256207,0.3088215103674894,-0.09755341859440336,1.0,1.0,1.0,1.0,-1.0,1.0,0.7914430477838541,1.2368969044456755,1.6858332248053436,0.4478836366419404,1.1778946165141286,0.0,0.3009480511949322,0.29167067218415466,-0.14004041055406727,-0.10094805119493215,-0.09167067218415467,0.14004041055406727,0.2,0.2,0.0,0.44187422092552064,-0.1315290424193641,0,0,70,False
0,71,0.7914430477838541,1.2368969044456755,1.6858332248053436,0.4478836366419404,1.1778946165141286,0.0,0.3009480511949322,0.29167067218415466,-0.14004041055406727,1.0,1.0,1.0,1.0,-1.0,1.0,0.7914961474265957,1.2392850273965492,1.6858399653784375,0.887840669529333,1.1780130045094364,0.0,0.3009480511949322,0.29167067218415466,-0.14004041055406727,-0.10094805119493215,-0.09167067218415467,0.14004041055406727,0.2,0.2,0.0,0.44187422092552064,-0.25093711046276035,0,0,71,False
0,72,0.7914961474265957,1.2392850273965492,1.6858399653784375,0.887840669529333,1.1780130045094364,0.0,0.3009480511949322,0.29167067218415466,-0.14004041055406727,1.0,1.0,1.0,1.0,-1.0,1.0,0.7914961474265957,1.2392850273965492,1.6858399653784375,0.887840669529333,1.1780130045094364,0.0,0.3009480511949322,0.29167067218415466,-0.14004041055406727,-0.10094805119493215,-0.09167067218415467,0.14004041055406727,0.2,0.2,0.0,0.44187422092552064,-0.25093711046276035,0,0,72,False
0,73,0.7914961474265957,1.2392850273965492,1.6858399653784375,0.887840669529333,1.1780130045094364,0.0,0.3009480511949322,0.29167067218415466,-0.14004041055406727,1.0,1.0,1.0,1.0,-1.0,1.0,0.7914961474265957,1.2392850273965492,1.6858399653784375,0.887840669529333,1.1780130045094364,0.0,0.29970090088648266,0.2904084395879062,-0.1420153031527563,-0.09970090088648266,-0.09040843958790616,0.1420153031527563,0.2,0.2,0.0,0.4408242712301821,-0.23991263866170545,0,0,73,False
0,74,0.7914961474265957,1.2392850273965492,1.6858399653784375,0.887840669529333,1.1780130045094364,0.0,0.29970090088648266,0.2904084395879062,-0.1420153031527563,1.0,1.0,1.0,1.0,-1.0,1.0,0.7914961474265957,1.2392850273965492,1.6858399653784375,0.887840669529333,1.1780130045094364,0.0,0.29970090088648266,0.2904084395879062,-0.1420153031527563,-0.09970090088648266,-0.09040843958790616,0.1420153031527563,0.2,0.2,0.0,0.4408242712301821,-0.250412135615091,0,0,74,False
0,75,0.7914961474265957,1.2392850273965492,1.6858399653784375,0.887840669529333,1.1780130045094364,0.0,0.29970090088648266,0.2904084395879062,-0.1420153031527563,1.0,1.0,1.0,1.0,-1.0,1.0,0.7914961474265957,1.2392850273965492,1.6858399653784375,0.887840669529333,1.1780130045094364,0.0,0.29970090088648266,0.2904084395879062,-0.1420153031527563,-0.09970090088648266,-0.09040843958790616,0.1420153031527563,0.2,0.2,0.0,0.4408242712301821,-0.250412135615091,0,0,75,False
0,76,0.7914961474265957,1.2392850273965492,1.6858399653784375,0.887840669529333,1.1780130045094364,0.0,0.29970090088648266,0.2904084395879062,-0.1420153031527563,1.0,1.0,1.0,1.0,-1.0,1.0,0.7914961474265957,1.2392850273965492,1.6858399653784375,0.887840669529333,1.1780130045094364,0.0,0.29970090088648266,0.2904084395879062,-0.1420153031527563,-0.09970090088648266,-0.09040843958790616,0.1420153031527563,0.2,0.2,0.0,0.4408242712301821,-0.250412135615091,0,0,76,False
0,77,0.7914961474265957,1.2392850273965492,1.6858399653784375,0.887840669529333,1.1780130045094364,0.0,0.29970090088648266,0.2904084395879062,-0.1420153031527563,1.0,1.0,1.0,1.0,-1.0,1.0,0.7914961474265957,1.2392850273965492,1.6858399653784375,0.887840669529333,1.1780130045094364,0.0,0.2988846837041496,0.2895822915674795,-0.14326073427817787,-0.09888468370414961,-0.08958229156747952,0.14326073427817787,0.2,0.2,0.0,0.4401290671250025,-0.24311249251070532,0,0,77,False
0,78,0.7914961474265957,1.2392850273965492,1.6858399653784375,0.887840669529333,1.1780130045094364,0.0,0.2988846837041496,0.2895822915674795,-0.14326073427817787,1.0,1.0,1.0,1.0,-1.0,1.0,0.7914961474265957,1.2392850273965492,1.6858399653784375,0.887840669529333,1.1780130045094364,0.0,0.2988846837041496,0.2895822915674795,-0.14326073427817787,-0.09888468370414961,-0.08958229156747952,0.14326073427817787,0.2,0.2,0.0,0.4401290671250025,-0.25006453356250125,0,0,78,False
0,79,0.7914961474265957,1.2392850273965492,1.6858399653784375,0.887840669529333,1.1780130045094364,0.0,0.2988846837041496,0.2895822915674795,-0.14326073427817787,1.0,1.0,1.0,1.0,-1.0,1.0,0.7914961474265957,1.2392850273965492,1.6858399653784375,0.887840669529333,1.1780130045094364,0.0,0.2988846837041496,0.2895822915674795,-0.14326073427817787,-0.09888468370414961,-0.08958229156747952,0.14326073427817787,0.2,0.2,0.0,0.4401290671250025,-0.25006453356250125,0,0,79,False
0,80,0.7914961474265957,1.2392850273965492,1.6858399653784375,0.887840669529333,1.1780130045094364,0.0,0.2988846837041496,0.2895822915674795,-0.14326073427817787,1.0,1.0,1.0,1.0,-1.0,1.0,0.7914961474265957,1.2392850273965492,1.6858399653784375,0.887840669529333,1.1780130045094364,0.0,0.29675879496091007,0.28743057999238375,-0.14634747306256457,-0.09675879496091003,-0.08743057999238375,0.14634747306256457,0.2,0.2,0.0,0.4382918018548917,-0.23077324822633785,0,0,80,False
0,81,0.7914961474265957,1.2392850273965492,1.6858399653784375,0.887840669529333,1.1780130045094364,0.0,0.29675879496091007,0.28743057999238375,-0.14634747306256457,1.0,1.0,1.0,1.0,-1.0,1.0,0.7914961474265957,1.2392850273965492,1.6858399653784375,0.887840669529333,1.1780130045094364,0.0,0.29675879496091007,0.28743057999238375,-0.14634747306256457,-0.09675879496091003,-0.08743057999238375,0.14634747306256457,0.2,0.2,0.0,0.4382918018548917,-0.24914590092744585,0,0,81,False
0,82,0.7914961474265957,1.2392850273965492,1.6858399653784375,0.887840669529333,1.1780130045094364,0.0,0.29675879496091007,0.28743057999238375,-0.14634747306256457,1.0,1.0,1.0,1.0,-1.0,1.0,0.7914961474265957,1.2392850273965492,1.6858399653784375,0.887840669529333,1.1780130045094364,0.0,0.2743082948757676,0.2647061875495285,-0.16890283934349423,-0.07430829487576754,-0.06470618754952849,0.16890283934349423,0.2,0.2,0.0,0.41694433141961706,-0.02499746135706224,0,0,82,False
0,83,0.7914961474265957,1.2392850273965492,1.6858399653784375,0.887840669529333,1.1780130045094364,0.0,0.2743082948757676,0.2647061875495285,-0.16890283934349423,1.0,1.0,1.0,1.0,-1.0,1.0,0.7914961474265957,1.2392850273965492,1.6858399653784375,0.887840669529333,1.1780130045094364,0.0,0.26144383467359267,0.2516837738759027,-0.1760051720669696,-0.06144383467359267,-0.0516837738759027,0.1760051720669696,0.2,0.2,0.0,0.4033304120886162,-0.09552601273429942,0,0,83,False
0,84,0.7914961474265957,1.2392850273965492,1.6858399653784375,0.887840669529333,1.1780130045094364,0.0,0.26144383467359267,0.2516837738759027,-0.1760051720669696,1.0,1.0,1.0,-1.0,-1.0,1.0,0.7915227874413263,1.240483145271675,1.6858433471492236,1.4905434399705986,1.1780721901406006,0.0,0.25886286979936557,0.2490710809634363,-0.17703251153717556,-0.058862869799365586,-0.0490710809634363,0.17703251153717556,0.2,0.2,0.0,0.4004833315810012,-0.20177086071435052,0,0,84,False
0,85,0.7915227874413263,1.240483145271675,1.6858433471492236,1.4905434399705986,1.1780721901406006,0.0,0.25886286979936557,0.2490710809634363,-0.17703251153717556,1.0,1.0,1.0,-1.0,-1.0,1.0,0.7915235319530626,1.2405166292182193,1.6858434416613872,1.5173076759932551,1.1780738442113583,0.0,0.2585728375626478,0.24877750796133746,-0.1771407561530121,-0.05857283756264779,-0.04877750796133744,0.1771407561530121,0.2,0.2,0.0,0.40016122786086317,-0.22685957672905135,0,0,85,False
0,86,0.7915235319530626,1.2405166292182193,1.6858434416613872,1.5173076759932551,1.1780738442113583,0.0,0.2585728375626478,0.24877750796133746,-0.1771407561530121,1.0,1.0,1.0,-1.0,-1.0,1.0,0.7915239045173419,1.240533385062562,1.68584348895564,1.5208310235907234,1.1780746719329007,0.0,0.2602135158857186,0.2504384282751472,-0.1765127111916597,-0.06021351588571862,-0.050438428275147176,0.1765127111916597,0.2,0.2,0.0,0.40197912560077476,-0.24916854019950327,0,0,86,False
0,87,0.7915239045173419,1.240533385062562,1.68584348895564,1.5208310235907234,1.1780746719329007,0.0,0.2602135158857186,0.2504384282751472,-0.1765127111916597,1.0,1.0,1.0,-1.0,-1.0,1.0,0.7915239045173419,1.240533385062562,1.68584348895564,1.5208310235907234,1.1780746719329007,0.0,0.2639363300048867,0.25420721063447194,-0.17489931594048438,-0.06393633000488669,-0.0542072106344719,0.17489931594048438,0.2,0.2,0.0,0.40604613401860706,-0.2736931511876266,0,0,87,False
0,88,0.7915239045173419,1.240533385062562,1.68584348895564,1.5208310235907234,1.1780746719329007,0.0,0.2639363300048867,0.25420721063447194,-0.17489931594048438,1.0,1.0,1.0,1.0,-1.0,1.0,0.7915239045173419,1.240533385062562,1.68584348895564,1.5208310235907234,1.1780746719329007,0.0,0.29950177322123356,0.2902121936196681,-0.14242522367109606,-0.09950177322123356,-0.09021219361966812,0.14242522367109606,0.2,0.2,0.0,0.4406919262091883,-0.5968038850104065,0,0,88,False
0,89,0.7915239045173419,1.240533385062562,1.68584348895564,1.5208310235907234,1.1780746719329007,0.0,0.29950177322123356,0.2902121936196681,-0.14242522367109606,1.0,1.0,1.0,1.0,-1.0,1.0,0.7915239045173419,1.240533385062562,1.68584348895564,1.5208310235907234,1.1780746719329007,0.0,0.30904541326071105,0.2998738176000596,-0.12477771124013794,-0.10904541326071106,-0.09987381760005962,0.12477771124013794,0.2,0.2,0.0,0.4483334151742927,-0.33058159723819047,0,0,89,False
0,90,0.7915239045173419,1.240533385062562,1.68584348895564,1.5208310235907234,1.1780746719329007,0.0,0.30904541326071105,0.2998738176000596,-0.12477771124013794,1.0,1.0,1.0,1.0,-1.0,1.0,0.7915239045173419,1.240533385062562,1.68584348895564,1.5208310235907234,1.1780746719329007,0.0,0.29946066394610904,0.29017087274880016,-0.14249392730944632,-0.099460663946109,-0.09017087274880017,0.14249392730944632,0.2,0.2,0.0,0.44065898829243755,-0.1735852253276672,0,0,90,False
0,91,0.7915239045173419,1.240533385062562,1.68584348895564,1.5208310235907234,1.1780746719329007,0.0,0.29946066394610904,0.29017087274880016,-0.14249392730944632,1.0,1.0,1.0,1.0,-1.0,1.0,0.7915239045173419,1.240533385062562,1.68584348895564,1.5208310235907234,1.1780746719329007,0.0,0.2980574258032709,0.28875032511038334,-0.14459105723597632,-0.09805742580327084,-0.08875032511038336,0.14459105723597632,0.2,0.2,0.0,0.4394559740866448,-0.23769784498539465,0,0,91,False
0,92,0.7915239045173419,1.240533385062562,1.68584348895564,1.5208310235907234,1.1780746719329007,0.0,0.2980574258032709,0.28875032511038334,-0.14459105723597632,1.0,1.0,1.0,1.0,-1.0,1.0,0.7915239045173419,1.240533385062562,1.68584348895564,1.5208310235907234,1.1780746719329007,0.0,0.2980574258032709,0.28875032511038334,-0.14459105723597632,-0.09805742580327084,-0.08875032511038336,0.14459105723597632,0.2,0.2,0.0,0.4394559740866448,-0.24972798704332239,0,0,92,False
0,93,0.7915239045173419,1.240533385062562,1.68584348895564,1.5208310235907234,1.1780746719329007,0.0,0.2980574258032709,0.28875032511038334,-0.14459105723597632,1.0,1.0,1.0,1.0,-1.0,1.0,0.7915239045173419,1.240533385062562,1.68584348895564,1.5208310235907234,1.1780746719329007,0.0,0.2980574258032709,0.28875032511038334,-0.14459105723597632,-0.09805742580327084,-0.08875032511038336,0.14459105723597632,0.2,0.2,0.0,0.4394559740866448,-0.24972798704332239,0,0,93,False
0,94,0.7915239045173419,1.240533385062562,1.68584348895564,1.5208310235907234,1.1780746719329007,0.0,0.2980574258032709,0.28875032511038334,-0.14459105723597632,1.0,1.0,1.0,1.0,-1.0,1.0,0.7915239045173419,1.240533385062562,1.68584348895564,1.5208310235907234,1.1780746719329007,0.0,0.2968763384860731,0.2875546663008299,-0.14628054618574912,-0.09687633848607308,-0.08755466630082985,0.14628054618574912,0.2,0.2,0.0,0.43843043308680124,-0.2389598065449653,0,0,94,False
0,95,0.7915239045173419,1.240533385062562,1.68584348895564,1.5208310235907234,1.1780746719329007,0.0,0.2968763384860731,0.2875546663008299,-0.14628054618574912,1.0,1.0,1.0,1.0,-1.0,1.0,0.7915239045173419,1.240533385062562,1.68584348895564,1.5208310235907234,1.1780746719329007,0.0,0.2958614688972791,0.2865272733774522,-0.14768029187770904,-0.09586146889727908,-0.0865272733774522,0.14768029187770904,0.2,0.2,0.0,0.43754011904768025,-0.23986691913263025,0,0,95,False
0,96,0.7915239045173419,1.240533385062562,1.68584348895564,1.5208310235907234,1.1780746719329007,0.0,0.2958614688972791,0.2865272733774522,-0.14768029187770904,1.0,1.0,1.0,1.0,-1.0,1.0,0.7915239045173419,1.240533385062562,1.68584348895564,1.5208310235907234,1.1780746719329007,0.0,0.29437183156730357,0.28501925546513196,-0.14965288538218174,-0.09437183156730354,-0.08501925546513192,0.14965288538218174,0.2,0.2,0.0,0.436218680605725,-0.2348949558833099,0,0,96,False
0,97,0.7915239045173419,1.240533385062562,1.68584348895564,1.5208310235907234,1.1780746719329007,0.0,0.29437183156730357,0.28501925546513196,-0.14965288538218174,1.0,1.0,1.0,1.0,-1.0,1.0,0.7915239045173419,1.240533385062562,1.68584348895564,1.5208310235907234,1.1780746719329007,0.0,0.29353955631237677,0.2841767090829407,-0.15071456926160037,-0.09353955631237677,-0.08417670908294067,0.15071456926160037,0.2,0.2,0.0,0.4354730238407278,-0.24027994427039173,0,0,97,False
0,98,0.7915239045173419,1.240533385062562,1.68584348895564,1.5208310235907234,1.1780746719329007,0.0,0.29353955631237677,0.2841767090829407,-0.15071456926160037,1.0,1.0,1.0,1.0,-1.0,1.0,0.7915239045173419,1.240533385062562,1.68584348895564,1.5208310235907234,1.1780746719329007,0.0,0.29353955631237677,0.2841767090829407,-0.15071456926160037,-0.09353955631237677,-0.08417670908294067,0.15071456926160037,0.2,0.2,0.0,0.4354730238407278,-0.2477365119203639,0,0,98,False
0,99,0.7915239045173419,1.240533385062562,1.68584348895564,1.5208310235907234,1.1780746719329007,0.0,0.29353955631237677,0.2841767090829407,-0.15071456926160037,1.0,1.0,1.0,1.0,-1.0,1.0,0.7915239045173419,1.240533385062562,1.68584348895564,1.5208310235907234,1.1780746719329007,0.0,0.2862927627945772,0.27684048833934993,-0.15887982764936467,-0.08629276279457722,-0.0768404883393499,0.15887982764936467,0.2,0.2,0.0,0.4287738350767379,-0.17739502989847,0,0,99,False
0,100,0.7915239045173419,1.240533385062562,1.68584348895564,1.5208310235907234,1.1780746719329007,0.0,0.2862927627945772,0.27684048833934993,-0.15887982764936467,1.0,1.0,1.0,1.0,-1.0,1.0,0.7915239045173419,1.240533385062562,1.68584348895564,1.5208310235907234,1.1780746719329007,0.0,0.23657250153293552,0.22650644603918157,-0.18099091042765136,-0.03657250153293552,-0.026506446039181557,0.18099091042765136,0.2,0.2,0.0,0.37420506174593837,0.328585202435026,0,0,100,False
0,101,0.7915239045173419,1.240533385062562,1.68584348895564,1.5208310235907234,1.1780746719329007,0.0,0.23657250153293552,0.22650644603918157,-0.18099091042765136,1.0,1.0,1.0,-1.0,-1.0,1.0,0.7915339149764744,1.2409835991605238,1.6858447597332515,1.779233062376148,1.1780969119929847,0.0,0.23856267313551072,0.2285211920658475,-0.1809843051858494,-0.038562673135510706,-0.028521192065847505,0.1809843051858494,0.2,0.2,0.0,0.3766820980088663,-0.2431114116337126,0,0,101,False
0,102,0.7915339149764744,1.2409835991605238,1.6858447597332515,1.779233062376148,1.1780969119929847,0.0,0.23856267313551072,0.2285211920658475,-0.1809843051858494,1.0,1.0,1.0,-1.0,-1.0,1.0,0.7915339149764744,1.2409835991605238,1.6858447597332515,1.779233062376148,1.1780969119929847,0.0,0.25471689586182694,0.24487488206993455,-0.17844371082432717,-0.054716895861826945,-0.044874882069934535,0.17844371082432717,0.2,0.2,0.0,0.3958365355029842,-0.419462642692671,0,0,102,False
0,103,0.7915339149764744,1.2409835991605238,1.6858447597332515,1.779233062376148,1.1780969119929847,0.0,0.25471689586182694,0.24487488206993455,-0.17844371082432717,1.0,1.0,1.0,-1.0,-1.0,1.0,0.7915339773994533,1.2409864065955798,1.6858447676608763,1.5816253673550302,1.1780970507391237,0.0,0.25670335715376424,0.2468858716657079,-0.17781731938449732,-0.056703357153764206,-0.04688587166570789,0.17781731938449732,0.2,0.2,0.0,0.3980807032188797,-0.25148202876839454,0,0,103,False
0,104,0.7915339773994533,1.2409864065955798,1.6858447676608763,1.5816253673550302,1.1780970507391237,0.0,0.25670335715376424,0.2468858716657079,-0.17781731938449732,1.0,1.0,1.0,-1.0,-1.0,1.0,0.7915339858765453,1.2409867878480445,1.6858447687350655,1.5249843861375738,1.1780970695804855,0.0,0.25820576577367843,0.2484068315124202,-0.1772959610870624,-0.05820576577367842,-0.048406831512420215,0.1772959610870624,0.2,0.2,0.0,0.39976246602025656,-0.24669886102389713,0,0,104,False
0,105,0.7915339858765453,1.2409867878480445,1.6858447687350655,1.5249843861375738,1.1780970695804855,0.0,0.25820576577367843,0.2484068315124202,-0.1772959610870624,1.0,1.0,1.0,-1.0,-1.0,1.0,0.7915339874572381,1.2409868589392696,1.6858447689342737,1.5077546193308524,1.178097073093911,0.0,0.25820576577367843,0.2484068315124202,-0.1772959610870624,-0.05820576577367842,-0.048406831512420215,0.1772959610870624,0.2,0.2,0.0,0.39976246602025656,-0.22988123301012828,0,0,105,False
0,106,0.7915339874572381,1.2409868589392696,1.6858447689342737,1.5077546193308524,1.178097073093911,0.0,0.25820576577367843,0.2484068315124202,-0.1772959610870624,1.0,1.0,1.0,-1.0,-1.0,1.0,0.7915339874572381,1.2409868589392696,1.6858447689342737,1.5077546193308524,1.178097073093911,0.0,0.26196503573550345,0.25221251986138254,-0.17580781446944646,-0.06196503573550344,-0.05221251986138255,0.17580781446944646,0.2,0.2,0.0,0.4039123948967835,-0.27345548621366106,0,0,106,False
0,107,0.7915339874572381,1.2409868589392696,1.6858447689342737,1.5077546193308524,1.178097073093911,0.0,0.26196503573550345,0.25221251986138254,-0.17580781446944646,1.0,1.0,1.0,-1.0,-1.0,1.0,0.7915339908546939,1.2409870117375486,1.6858447693653422,1.4837546193351285,1.1780970806449087,0.0,0.26374039701477536,0.254009802770193,-0.17501157563770528,-0.06374039701477532,-0.054009802770193044,0.17501157563770528,0.2,0.2,0.0,0.4058436010682636,-0.25223386224893307,0,0,107,False
0,108,0.7915339908546939,1.2409870117375486,1.6858447693653422,1.4837546193351285,1.1780970806449087,0.0,0.26374039701477536,0.254009802770193,-0.17501157563770528,1.0,1.0,1.0,-1.0,-1.0,1.0,0.7915339964996727,1.2409872656175986,1.685844770078988,1.4324442935300676,1.1780970931905441,0.0,0.26549722880952237,0.25578832745482377,-0.17416297605052541,-0.06549722880952236,-0.055788327454823775,0.17416297605052541,0.2,0.2,0.0,0.40773666648272866,-0.2527989873860148,0,0,108,False
0,109,0.7915339964996727,1.2409872656175986,1.685844770078988,1.4324442935300676,1.1780970931905441,0.0,0.26549722880952237,0.25578832745482377,-0.17416297605052541,1.0,1.0,1.0,-1.0,-1.0,1.0,0.7915339964996727,1.2409872656175986,1.685844770078988,1.4324442935300676,1.1780970931905441,0.0,0.27084270449260595,0.26119980769650947,-0.17119488685053127,-0.0708427044926059,-0.06119980769650947,0.17119488685053127,0.2,0.2,0.0,0.41338698504104937,-0.29319667810373184,0,0,109,False
0,110,0.7915339964996727,1.2409872656175986,1.685844770078988,1.4324442935300676,1.1780970931905441,0.0,0.27084270449260595,0.26119980769650947,-0.17119488685053127,1.0,1.0,1.0,-1.0,-1.0,1.0,0.7915339964996727,1.2409872656175986,1.685844770078988,1.4324442935300676,1.1780970931905441,0.0,0.27601147702239914,0.26643240306961646,-0.16773610895812394,-0.07601147702239912,-0.06643240306961648,0.16773610895812394,0.2,0.2,0.0,0.4186931610403358,-0.29240834051303244,0,0,110,False
0,111,0.7915339964996727,1.2409872656175986,1.685844770078988,1.4324442935300676,1.1780970931905441,0.0,0.27601147702239914,0.26643240306961646,-0.16773610895812394,1.0,1.0,1.0,-1.0,-1.0,1.0,0.7915339964996727,1.2409872656175986,1.685844770078988,1.4324442935300676,1.1780970931905441,0.0,0.2778112313522108,0.26825438042462535,-0.16638563345398655,-0.07781123135221078,-0.06825438042462534,0.16638563345398655,0.2,0.2,0.0,0.4205040688296792,-0.2583611123082736,0,0,111,False
0,112,0.7915339964996727,1.2409872656175986,1.685844770078988,1.4324442935300676,1.1780970931905441,0.0,0.2778112313522108,0.26825438042462535,-0.16638563345398655,1.0,1.0,1.0,-1.0,-1.0,1.0,0.7915339964996727,1.2409872656175986,1.685844770078988,1.4324442935300676,1.1780970931905441,0.0,0.2778112313522108,0.26825438042462535,-0.16638563345398655,-0.07781123135221078,-0.06825438042462534,0.16638563345398655,0.2,0.2,0.0,0.4205040688296792,-0.2402520344148396,0,0,112,False
0,113,0.7915339964996727,1.2409872656175986,1.685844770078988,1.4324442935300676,1.1780970931905441,0.0,0.2778112313522108,0.26825438042462535,-0.16638563345398655,1.0,1.0,1.0,-1.0,-1.0,1.0,0.7915339964996727,1.2409872656175986,1.685844770078988,1.4324442935300676,1.1780970931905441,0.0,0.2792150714102184,0.2696755547580201,-0.16527678710477278,-0.0792150714102184,-0.06967555475802004,0.16527678710477278,0.2,0.2,0.0,0.4219032795467886,-0.25494374694448785,0,0,113,False
0,114,0.7915339964996727,1.2409872656175986,1.685844770078988,1.4324442935300676,1.1780970931905441,0.0,0.2792150714102184,0.2696755547580201,-0.16527678710477278,1.0,1.0,1.0,-1.0,-1.0,1.0,0.7915339964996727,1.2409872656175986,1.685844770078988,1.4324442935300676,1.1780970931905441,0.0,0.2792150714102184,0.2696755547580201,-0.16527678710477278,-0.0792150714102184,-0.06967555475802004,0.16527678710477278,0.2,0.2,0.0,0.4219032795467886,-0.2409516397733943,0,0,114,False
0,115,0.7915339964996727,1.2409872656175986,1.685844770078988,1.4324442935300676,1.1780970931905441,0.0,0.2792150714102184,0.2696755547580201,-0.16527678710477278,1.0,1.0,1.0,-1.0,-1.0,1.0,0.7915339964996727,1.2409872656175986,1.685844770078988,1.4324442935300676,1.1780970931905441,0.0,0.2807536589845874,0.2712331403671111,-0.16400367554430445,-0.08075365898458733,-0.07123314036711106,0.16400367554430445,0.2,0.2,0.0,0.42342323868521964,-0.2569112107269204,0,0,115,False
0,116,0.7915339964996727,1.2409872656175986,1.685844770078988,1.4324442935300676,1.1780970931905441,0.0,0.2807536589845874,0.2712331403671111,-0.16400367554430445,1.0,1.0,1.0,-1.0,-1.0,1.0,0.7915339964996727,1.2409872656175986,1.685844770078988,1.4324442935300676,1.1780970931905441,0.0,0.2807536589845874,0.2712331403671111,-0.16400367554430445,-0.08075365898458733,-0.07123314036711106,0.16400367554430445,0.2,0.2,0.0,0.42342323868521964,-0.24171161934260982,0,0,116,False
0,117,0.7915339964996727,1.2409872656175986,1.685844770078988,1.4324442935300676,1.1780970931905441,0.0,0.2807536589845874,0.2712331403671111,-0.16400367554430445,1.0,1.0,1.0,-1.0,-1.0,1.0,0.7915339964996727,1.2409872656175986,1.685844770078988,1.4324442935300676,1.1780970931905441,0.0,0.2836180495572137,0.27413289967582427,-0.16146467449193463,-0.08361804955721366,-0.07413289967582426,0.16146467449193463,0.2,0.2,0.0,0.4262146006744725,-0.27102092022976465,0,0,117,False
0,118,0.7915339964996727,1.2409872656175986,1.685844770078988,1.4324442935300676,1.1780970931905441,0.0,0.2836180495572137,0.27413289967582427,-0.16146467449193463,1.0,1.0,1.0,-1.0,-1.0,1.0,0.7915339964996727,1.2409872656175986,1.685844770078988,1.4324442935300676,1.1780970931905441,0.0,0.2991820717397234,0.2898891039135769,-0.14292338926349973,-0.09918207173972339,-0.08988910391357693,0.14292338926349973,0.2,0.2,0.0,0.4404233188840658,-0.3922988415379659,0,0,118,False
0,119,0.7915339964996727,1.2409872656175986,1.685844770078988,1.4324442935300676,1.1780970931905441,0.0,0.2991820717397234,0.2898891039135769,-0.14292338926349973,1.0,1.0,1.0,1.0,-1.0,1.0,0.7915339964996727,1.2409872656175986,1.685844770078988,1.4324442935300676,1.1780970931905441,0.0,0.30030217564363115,0.29102303864751417,-0.1411918850440806,-0.10030217564363111,-0.09102303864751415,0.1411918850440806,0.2,0.2,0.0,0.4413739391063225,-0.26019317177572854,0,0,119,False
0,120,0.7915339964996727,1.2409872656175986,1.685844770078988,1.4324442935300676,1.1780970931905441,0.0,0.30030217564363115,0.29102303864751417,-0.1411918850440806,1.0,1.0,1.0,1.0,-1.0,1.0,0.7915339964996727,1.2409872656175986,1.685844770078988,1.4324442935300676,1.1780970931905441,0.0,0.23508276664174174,0.224998323191911,-0.18095260630675802,-0.03508276664174173,-0.024998323191910983,0.18095260630675802,0.2,0.2,0.0,0.37233318189535003,0.4742409811620496,0,0,120,False
0,121,0.7915339964996727,1.2409872656175986,1.685844770078988,1.4324442935300676,1.1780970931905441,0.0,0.23508276664174174,0.224998323191911,-0.18095260630675802,1.0,1.0,1.0,-1.0,-1.0,1.0,0.7915339964996727,1.2409872656175986,1.685844770078988,1.4324442935300676,1.1780970931905441,0.0,0.23468518041687708,0.22459582768739775,-0.18093601552685848,-0.034685180416877084,-0.024595827687397726,0.18093601552685848,0.2,0.2,0.0,0.37183095814714645,-0.21089324159153744,0,0,121,False
0,122,0.7915339964996727,1.2409872656175986,1.685844770078988,1.4324442935300676,1.1780970931905441,0.0,0.23468518041687708,0.22459582768739775,-0.18093601552685848,1.0,1.0,1.0,-1.0,-1.0,1.0,0.7915339964996727,1.2409872656175986,1.685844770078988,1.4324442935300676,1.1780970931905441,0.0,0.23515601725818433,0.22507247829369975,-0.18095537347725066,-0.035156017258184326,-0.025072478293699733,0.18095537347725066,0.2,0.2,0.0,0.3724255900556388,-0.2221591141127429,0,0,122,False
0,123,0.7915339964996727,1.2409872656175986,1.685844770078988,1.4324442935300676,1.1780970931905441,0.0,0.23515601725818433,0.22507247829369975,-0.18095537347725066,1.0,1.0,1.0,-1.0,-1.0,1.0,0.7915339964996727,1.2409872656175986,1.685844770078988,1.4324442935300676,1.1780970931905441,0.0,0.23515601725818433,0.22507247829369975,-0.18095537347725066,-0.035156017258184326,-0.025072478293699733,0.18095537347725066,0.2,0.2,0.0,0.3724255900556388,-0.2162127950278194,0,0,123,False
0,124,0.7915339964996727,1.2409872656175986,1.685844770078988,1.4324442935300676,1.1780970931905441,0.0,0.23515601725818433,0.22507247829369975,-0.18095537347725066,1.0,1.0,1.0,-1.0,-1.0,1.0,0.7915339964996727,1.2409872656175986,1.685844770078988,1.4324442935300676,1.1780970931905441,0.0,0.237068345916348,0.2270084198558929,-0.1809957239047572,-0.037068345916348,-0.027008419855892897,0.1809957239047572,0.2,0.2,0.0,0.37482485962485157,-0.24140512550455348,0,0,124,False
0,125,0.7915339964996727,1.2409872656175986,1.685844770078988,1.4324442935300676,1.1780970931905441,0.0,0.237068345916348,0.2270084198558929,-0.1809957239047572,1.0,1.0,1.0,-1.0,-1.0,1.0,0.7915339964996727,1.2409872656175986,1.685844770078988,1.4324442935300676,1.1780970931905441,0.0,0.237068345916348,0.2270084198558929,-0.1809957239047572,-0.037068345916348,-0.027008419855892897,0.1809957239047572,0.2,0.2,0.0,0.37482485962485157,-0.21741242981242578,0,0,125,False
0,126,0.7915339964996727,1.2409872656175986,1.685844770078988,1.4324442935300676,1.1780970931905441,0.0,0.237068345916348,0.2270084198558929,-0.1809957239047572,1.0,1.0,1.0,-1.0,-1.0,1.0,0.7915340643878154,1.240990318842807,1.685844778705678,1.8067748700440913,1.1780972440073363,0.0,0.237068345916348,0.2270084198558929,-0.1809957239047572,-0.037068345916348,-0.027008419855892897,0.1809957239047572,0.2,0.2,0.0,0.37482485962485157,-0.21741242981242578,0,0,126,False
0,127,0.7915340643878154,1.240990318842807,1.685844778705678,1.8067748700440913,1.1780972440073363,0.0,0.237068345916348,0.2270084198558929,-0.1809957239047572,1.0,1.0,1.0,-1.0,-1.0,1.0,0.7915340643878154,1.240990318842807,1.685844778705678,1.8067748700440913,1.1780972440073363,0.0,0.237068345916348,0.2270084198558929,-0.1809957239047572,-0.037068345916348,-0.027008419855892897,0.1809957239047572,0.2,0.2,0.0,0.37482485962485157,-0.21741242981242578,0,0,127,False
0,128,0.7915340643878154,1.240990318842807,1.685844778705678,1.8067748700440913,1.1780972440073363,0.0,0.237068345916348,0.2270084198558929,-0.1809957239047572,1.0,1.0,1.0,-1.0,-1.0,1.0,0.7915340643878154,1.240990318842807,1.685844778705678,1.8067748700440913,1.1780972440073363,0.0,0.2410149195411858,0.23100372467766295,-0.18088488232737585,-0.04101491954118579,-0.031003724677662936,0.18088488232737585,0.2,0.2,0.0,0.37969758086006605,-0.26857600278217786,0,0,128,False
0,129,0.7915340643878154,1.240990318842807,1.685844778705678,1.8067748700440913,1.1780972440073363,0.0,0.2410149195411858,0.23100372467766295,-0.18088488232737585,1.0,1.0,1.0,-1.0,-1.0,1.0,0.7915340643878154,1.240990318842807,1.685844778705678,1.8067748700440913,1.1780972440073363,0.0,0.2410149195411858,0.23100372467766295,-0.18088488232737585,-0.04101491954118579,-0.031003724677662936,0.18088488232737585,0.2,0.2,0.0,0.37969758086006605,-0.21984879043003303,0,0,129,False
0,130,0.7915340643878154,1.240990318842807,1.685844778705678,1.8067748700440913,1.1780972440073363,0.0,0.2410149195411858,0.23100372467766295,-0.18088488232737585,1.0,1.0,1.0,-1.0,-1.0,1.0,0.7915340643878154,1.240990318842807,1.685844778705678,1.8067748700440913,1.1780972440073363,0.0,0.252737810734317,0.24287136689939343,-0.17899771567879977,-0.052737810734316964,-0.0428713668993934,0.17899771567879977,0.2,0.2,0.0,0.3935772910783645,-0.36558574772216645,0,0,130,False
0,131,0.7915340643878154,1.240990318842807,1.685844778705678,1.8067748700440913,1.1780972440073363,0.0,0.252737810734317,0.24287136689939343,-0.17899771567879977,1.0,1.0,1.0,-1.0,-1.0,1.0,0.7915340643878154,1.240990318842807,1.685844778705678,1.8067748700440913,1.1780972440073363,0.0,0.27578627118763077,0.26620442341778605,-0.16789974794572313,-0.07578627118763079,-0.06620442341778603,0.16789974794572313,0.2,0.2,0.0,0.41846527667539,-0.48811249430795045,0,0,131,False
0,132,0.7915340643878154,1.240990318842807,1.685844778705678,1.8067748700440913,1.1780972440073363,0.0,0.27578627118763077,0.26620442341778605,-0.16789974794572313,1.0,1.0,1.0,-1.0,-1.0,1.0,0.7915340655254511,1.2409903700045986,1.6858447788460826,1.2934142544964933,1.178097246578391,0.0,0.2793682721987592,0.269830653996215,-0.16515289647779405,-0.0793682721987592,-0.06983065399621496,0.16515289647779405,0.2,0.2,0.0,0.4220553193153121,-0.2769280860568768,0,0,132,False
0,133,0.7915340655254511,1.2409903700045986,1.6858447788460826,1.2934142544964933,1.178097246578391,0.0,0.2793682721987592,0.269830653996215,-0.16515289647779405,1.0,1.0,1.0,-1.0,-1.0,1.0,0.7915340655897567,1.2409903728967229,1.6858447788500506,1.2340736959785523,1.17809724671967,0.0,0.28056587601620664,0.27104304549608993,-0.16416249988811812,-0.08056587601620663,-0.07104304549608989,0.16416249988811812,0.2,0.2,0.0,0.4232385493620038,-0.2534515751479187,0,0,133,False
0,134,0.7915340655897567,1.2409903728967229,1.6858447788500506,1.2340736959785523,1.17809724671967,0.0,0.28056587601620664,0.27104304549608993,-0.16416249988811812,1.0,1.0,1.0,-1.0,-1.0,1.0,0.7915340656102201,1.2409903738704142,1.6858447788522757,1.2148736959793547,1.1780972467648247,0.0,0.28228981904887207,0.27278827530432,-0.16267017992705982,-0.08228981904887203,-0.07278827530431997,0.16267017992705982,0.2,0.2,0.0,0.42492654955845305,-0.2593432767437192,0,0,134,False
0,135,0.7915340656102201,1.2409903738704142,1.6858447788522757,1.2148736959793547,1.1780972467648247,0.0,0.28228981904887207,0.27278827530432,-0.16267017992705982,1.0,1.0,1.0,-1.0,-1.0,1.0,0.7915340656195325,1.2409903742885624,1.685844778852079,1.2033904511450972,1.1780972467848805,0.0,0.28228981904887207,0.27278827530432,-0.16267017992705982,-0.08228981904887203,-0.07278827530431997,0.16267017992705982,0.2,0.2,0.0,0.42492654955845305,-0.24246327477922652,0,0,135,False
0,136,0.7915340656195325,1.2409903742885624,1.685844778852079,1.2033904511450972,1.1780972467848805,0.0,0.28228981904887207,0.27278827530432,-0.16267017992705982,1.0,1.0,1.0,-1.0,-1.0,1.0,0.7915340656354238,1.2409903750022968,1.6858447788509905,1.1802407729164106,1.1780972468188438,0.0,0.28379562498270644,0.2743126745164261,-0.16129988130144216,-0.08379562498270643,-0.0743126745164261,0.16129988130144216,0.2,0.2,0.0,0.426386036201397,-0.2577878845301378,0,0,136,False
0,137,0.7915340656354238,1.2409903750022968,1.6858447788509905,1.1802407729164106,1.1780972468188438,0.0,0.28379562498270644,0.2743126745164261,-0.16129988130144216,1.0,1.0,1.0,-1.0,-1.0,1.0,0.7915340656443038,1.2409903754012588,1.6858447788498128,1.164636693416806,1.1780972468376316,0.0,0.28505816218597224,0.27559080118189716,-0.16010098647316395,-0.08505816218597226,-0.07559080118189718,0.16010098647316395,0.2,0.2,0.0,0.4275988440052244,-0.2559275000408865,0,0,137,False
0,138,0.7915340656443038,1.2409903754012588,1.6858447788498128,1.164636693416806,1.1780972468376316,0.0,0.28505816218597224,0.27559080118189716,-0.16010098647316395,1.0,1.0,1.0,-1.0,-1.0,1.0,0.791534065660668,1.2409903761357879,1.6858447788499207,1.143911273857199,1.1780972468729125,0.0,0.28650918419313354,0.2770597400102657,-0.15866451739971987,-0.08650918419313354,-0.07705974001026566,0.15866451739971987,0.2,0.2,0.0,0.4289802340938996,-0.25830401793370195,0,0,138,False
0,139,0.791534065660668,1.2409903761357879,1.6858447788499207,1.143911273857199,1.1780972468729125,0.0,0.28650918419313354,0.2770597400102657,-0.15866451739971987,1.0,1.0,1.0,-1.0,-1.0,1.0,0.7915340656712622,1.2409903766114847,1.685844778849303,1.1280810883062908,1.17809724689543,0.0,0.2879303598115874,0.27849846391531063,-0.1571942845541647,-0.08793035981158735,-0.07849846391531062,0.1571942845541647,0.2,0.2,0.0,0.4303200316054477,-0.2585579909182044,0,0,139,False
0,140,0.7915340656712622,1.2409903766114847,1.685844778849303,1.1280810883062908,1.17809724689543,0.0,0.2879303598115874,0.27849846391531063,-0.1571942845541647,1.0,1.0,1.0,-1.0,-1.0,1.0,0.7915340656712622,1.2409903766114847,1.685844778849303,1.1280810883062908,1.17809724689543,0.0,0.29959516992927476,0.29030730791629983,-0.14229276879690253,-0.09959516992927477,-0.09030730791629983,0.14229276879690253,0.2,0.2,0.0,0.44077526124596544,-0.35493992702816035,0,0,140,False
0,141,0.7915340656712622,1.2409903766114847,1.685844778849303,1.1280810883062908,1.17809724689543,0.0,0.29959516992927476,0.29030730791629983,-0.14229276879690253,1.0,1.0,1.0,1.0,-1.0,1.0,0.7915340656712622,1.2409903766114847,1.685844778849303,1.1280810883062908,1.17809724689543,0.0,0.3044712134840241,0.2952435595243711,-0.13409012730894787,-0.10447121348402412,-0.09524355952437105,0.13409012730894787,0.2,0.2,0.0,0.4448051725449974,-0.2927016992628183,0,0,141,False
0,142,0.7915340656712622,1.2409903766114847,1.685844778849303,1.1280810883062908,1.17809724689543,0.0,0.3044712134840241,0.2952435595243711,-0.13409012730894787,1.0,1.0,1.0,1.0,-1.0,1.0,0.7915340656712622,1.2409903766114847,1.685844778849303,1.1280810883062908,1.17809724689543,0.0,0.29486229554922494,0.2855159933338792,-0.14901808433810199,-0.09486229554922493,-0.08551599333387921,0.14901808433810199,0.2,0.2,0.0,0.4366572400015691,-0.16684929456650127,0,0,142,False
0,143,0.7915340656712622,1.2409903766114847,1.685844778849303,1.1280810883062908,1.17809724689543,0.0,0.29486229554922494,0.2855159933338792,-0.14901808433810199,1.0,1.0,1.0,-1.0,-1.0,1.0,0.7915340659972685,1.2409903912517561,1.6858447788774225,1.0666400227280037,1.1780972475632334,0.0,0.29335052109400295,0.28398555190581865,-0.15095583132849855,-0.09335052109400292,-0.08398555190581862,0.15095583132849855,0.2,0.2,0.0,0.4353044738220061,-0.23412457511537324,0,0,143,False
0,144,0.7915340659972685,1.2409903912517561,1.6858447788774225,1.0666400227280037,1.1780972475632334,0.0,0.29335052109400295,0.28398555190581865,-0.15095583132849855,1.0,1.0,1.0,-1.0,-1.0,1.0,0.7915340660008433,1.2409903914124951,1.6858447788747493,1.0501197074662,1.1780972475701408,0.0,0.292545751141299,0.28317084487610616,-0.1519500416246549,-0.09254575114129897,-0.08317084487610614,0.1519500416246549,0.2,0.2,0.0,0.4345774488493495,-0.24001847469810889,0,0,144,False
0,145,0.7915340660008433,1.2409903914124951,1.6858447788747493,1.0501197074662,1.1780972475701408,0.0,0.292545751141299,0.28317084487610616,-0.1519500416246549,1.0,1.0,1.0,-1.0,-1.0,1.0,0.7915340660008433,1.2409903914124951,1.6858447788747493,1.0501197074662,1.1780972475701408,0.0,0.3128321034128322,0.3037076874610034,-0.11533879177351478,-0.11283210341283219,-0.10370768746100342,0.11533879177351478,0.2,0.2,0.0,0.45100479070225147,-0.4197758138801453,0,0,145,False
0,146,0.7915340660008433,1.2409903914124951,1.6858447788747493,1.0501197074662,1.1780972475701408,0.0,0.3128321034128322,0.3037076874610034,-0.11533879177351478,1.0,1.0,1.0,1.0,-1.0,1.0,0.7915340661134919,1.24099039645186,1.6858447788805664,0.650617269914125,1.178097247827871,0.0,0.3137376040296427,0.3046243689511705,-0.11274604427685427,-0.11373760402964268,-0.10462436895117047,0.11274604427685427,0.2,0.2,0.0,0.4515960150856494,-0.2617102513768039,0,0,146,False
0,147,0.7915340661134919,1.24099039645186,1.6858447788805664,0.650617269914125,1.178097247827871,0.0,0.3137376040296427,0.3046243689511705,-0.11274604427685427,1.0,1.0,1.0,1.0,-1.0,1.0,0.791534066115028,1.2409903965210654,1.685844778875624,0.6699450221913961,1.1780972478251766,0.0,0.3132364656139763,0.30411704261653366,-0.11420021110174154,-0.11323646561397627,-0.10411704261653365,0.11420021110174154,0.2,0.2,0.0,0.4512714783983635,-0.25239037232632294,0,0,147,False
0,148,0.791534066115028,1.2409903965210654,1.685844778875624,0.6699450221913961,1.1780972478251766,0.0,0.3132364656139763,0.30411704261653366,-0.11420021110174154,1.0,1.0,1.0,1.0,-1.0,1.0,0.7915340661167026,1.2409903965962663,1.685844778872582,0.68673953265018,1.178097247824336,0.0,0.3124017415138917,0.30327201157336553,-0.11651875721957411,-0.11240174151389172,-0.10327201157336553,0.11651875721957411,0.2,0.2,0.0,0.4507165205410847,-0.24980868169775408,0,0,148,False
0,149,0.7915340661167026,1.2409903965962663,1.685844778872582,0.68673953265018,1.178097247824336,0.0,0.3124017415138917,0.30327201157336553,-0.11651875721957411,1.0,1.0,1.0,1.0,-1.0,1.0,0.79153406611916,1.2409903967064637,1.6858447788696778,0.7082179838005725,1.1780972478245253,0.0,0.31153679638785087,0.3023963863434088,-0.11879886671182302,-0.11153679638785086,-0.1023963863434088,0.11879886671182302,0.2,0.2,0.0,0.45012433916549205,-0.24914035582681965,0,0,149,False
0,150,0.79153406611916,1.2409903967064637,1.6858447788696778,0.7082179838005725,1.1780972478245253,0.0,0.31153679638785087,0.3023963863434088,-0.11879886671182302,1.0,1.0,1.0,1.0,-1.0,1.0,0.79153406611916,1.2409903967064637,1.6858447788696778,0.7082179838005725,1.1780972478245253,0.0,0.30959738125020686,0.30043302384243664,-0.12352626401537924,-0.10959738125020686,-0.10043302384243663,0.12352626401537924,0.2,0.2,0.0,0.4487418837078763,-0.24054638727778088,0,0,150,False
0,151,0.79153406611916,1.2409903967064637,1.6858447788696778,0.7082179838005725,1.1780972478245253,0.0,0.30959738125020686,0.30043302384243664,-0.12352626401537924,1.0,1.0,1.0,1.0,-1.0,1.0,0.79153406611916,1.2409903967064637,1.6858447788696778,0.7082179838005725,1.1780972478245253,0.0,0.2942662554164406,0.28491259349068104,-0.1497932638492005,-0.0942662554164406,-0.08491259349068103,0.1497932638492005,0.2,0.2,0.0,0.43612594155931167,-0.12190354929400932,0,0,151,False
0,152,0.79153406611916,1.2409903967064637,1.6858447788696778,0.7082179838005725,1.1780972478245253,0.0,0.2942662554164406,0.28491259349068104,-0.1497932638492005,1.0,1.0,1.0,-1.0,-1.0,1.0,0.79153406611916,1.2409903967064637,1.6858447788696778,0.7082179838005725,1.1780972478245253,0.0,0.2927415796219197,0.2833690914191882,-0.15171043394593445,-0.09274157962191969,-0.08336909141918822,0.15171043394593445,0.2,0.2,0.0,0.434754793164304,-0.23366591263207517,0,0,152,False
0,153,0.79153406611916,1.2409903967064637,1.6858447788696778,0.7082179838005725,1.1780972478245253,0.0,0.2927415796219197,0.2833690914191882,-0.15171043394593445,1.0,1.0,1.0,-1.0,-1.0,1.0,0.79153406611916,1.2409903967064637,1.6858447788696778,0.7082179838005725,1.1780972478245253,0.0,0.29227699359818965,0.2828987688154566,-0.15227649143657224,-0.09227699359818965,-0.08289876881545657,0.15227649143657224,0.2,0.2,0.0,0.43433360936995175,-0.24295496674145345,0,0,153,False
0,154,0.79153406611916,1.2409903967064637,1.6858447788696778,0.7082179838005725,1.1780972478245253,0.0,0.29227699359818965,0.2828987688154566,-0.15227649143657224,1.0,1.0,1.0,-1.0,-1.0,1.0,0.79153406611916,1.2409903967064637,1.6858447788696778,0.7082179838005725,1.1780972478245253,0.0,0.2965450388030352,0.28721951466923024,-0.14674715772975466,-0.09654503880303515,-0.08721951466923022,0.14674715772975466,0.2,0.2,0.0,0.43814237177803667,-0.28715880996986753,0,0,154,False
0,155,0.79153406611916,1.2409903967064637,1.6858447788696778,0.7082179838005725,1.1780972478245253,0.0,0.2965450388030352,0.28721951466923024,-0.14674715772975466,1.0,1.0,1.0,1.0,-1.0,1.0,0.79153406611916,1.2409903967064637,1.6858447788696778,0.7082179838005725,1.1780972478245253,0.0,0.29591089240082685,0.2865775380023503,-0.14761761866122072,-0.09591089240082683,-0.08657753800235028,0.14761761866122072,0.2,0.2,0.0,0.4375853092462678,-0.24322202930544543,0,0,155,False
0,156,0.79153406611916,1.2409903967064637,1.6858447788696778,0.7082179838005725,1.1780972478245253,0.0,0.29591089240082685,0.2865775380023503,-0.14761761866122072,1.0,1.0,1.0,1.0,-1.0,1.0,0.7915340661725927,1.2409903990999505,1.6858447788803774,1.0319899072567453,1.178097247908701,0.0,0.29461699712341327,0.28526766606213877,-0.14933890402910552,-0.09461699712341325,-0.08526766606213876,0.14933890402910552,0.2,0.2,0.0,0.4364389127371339,-0.236755491277228,0,0,156,False
0,157,0.7915340661725927,1.2409903990999505,1.6858447788803774,1.0319899072567453,1.178097247908701,0.0,0.29461699712341327,0.28526766606213877,-0.14933890402910552,1.0,1.0,1.0,-1.0,-1.0,1.0,0.7915340661731349,1.240990399124686,1.6858447788788273,1.0430411786175664,1.1780972479075553,0.0,0.29461699712341327,0.28526766606213877,-0.14933890402910552,-0.09461699712341325,-0.08526766606213876,0.14933890402910552,0.2,0.2,0.0,0.4364389127371339,-0.24821945636856696,0,0,157,False
0,158,0.7915340661731349,1.240990399124686,1.6858447788788273,1.0430411786175664,1.1780972479075553,0.0,0.29461699712341327,0.28526766606213877,-0.14933890402910552,1.0,1.0,1.0,-1.0,-1.0,1.0,0.7915340661731349,1.240990399124686,1.6858447788788273,1.0430411786175664,1.1780972479075553,0.0,0.30633626668062663,0.2971316419383906,-0.1305190439528192,-0.10633626668062665,-0.09713164193839058,0.1305190439528192,0.2,0.2,0.0,0.4462783232011005,-0.3515332662402161,0,0,158,False
0,159,0.7915340661731349,1.240990399124686,1.6858447788788273,1.0430411786175664,1.1780972479075553,0.0,0.30633626668062663,0.2971316419383906,-0.1305190439528192,1.0,1.0,1.0,1.0,-1.0,1.0,0.7915340661731349,1.240990399124686,1.6858447788788273,1.0430411786175664,1.1780972479075553,0.0,0.30633626668062663,0.2971316419383906,-0.1305190439528192,-0.10633626668062665,-0.09713164193839058,0.1305190439528192,0.2,0.2,0.0,0.4462783232011005,-0.2531391616005503,0,0,159,False
0,160,0.7915340661731349,1.240990399124686,1.6858447788788273,1.0430411786175664,1.1780972479075553,0.0,0.30633626668062663,0.2971316419383906,-0.1305190439528192,1.0,1.0,1.0,1.0,-1.0,1.0,0.7915340661731349,1.240990399124686,1.6858447788788273,1.0430411786175664,1.1780972479075553,0.0,0.29789809644416826,0.2885892794976127,-0.14482769182586963,-0.09789809644416826,-0.08858927949761272,0.14482769182586963,0.2,0.2,0.0,0.4393200523827922,-0.18007731800831311,0,0,160,False
0,161,0.7915340661731349,1.240990399124686,1.6858447788788273,1.0430411786175664,1.1780972479075553,0.0,0.29789809644416826,0.2885892794976127,-0.14482769182586963,1.0,1.0,1.0,1.0,-1.0,1.0,0.7915340661731349,1.240990399124686,1.6858447788788273,1.0430411786175664,1.1780972479075553,0.0,0.2824352809544853,0.27293553341542265,-0.16254057211577172,-0.08243528095448528,-0.07293553341542264,0.16254057211577172,0.2,0.2,0.0,0.42506814855070324,-0.10001503595446198,0,0,161,False
0,162,0.7915340661731349,1.240990399124686,1.6858447788788273,1.0430411786175664,1.1780972479075553,0.0,0.2824352809544853,0.27293553341542265,-0.16254057211577172,1.0,1.0,1.0,-1.0,-1.0,1.0,0.7915340661731349,1.240990399124686,1.6858447788788273,1.0430411786175664,1.1780972479075553,0.0,0.26241388118923764,0.2526669149121888,-0.17561242380384243,-0.06241388118923763,-0.05266691491218878,0.17561242380384243,0.2,0.2,0.0,0.404402445994461,-0.025544197434808236,0,0,162,False
0,163,0.7915340661731349,1.240990399124686,1.6858447788788273,1.0430411786175664,1.1780972479075553,0.0,0.26241388118923764,0.2526669149121888,-0.17561242380384243,1.0,1.0,1.0,-1.0,-1.0,1.0,0.7915340661731349,1.240990399124686,1.6858447788788273,1.0430411786175664,1.1780972479075553,0.0,0.26241388118923764,0.2526669149121888,-0.17561242380384243,-0.06241388118923763,-0.05266691491218878,0.17561242380384243,0.2,0.2,0.0,0.404402445994461,-0.2322012229972305,0,0,163,False
0,164,0.7915340661731349,1.240990399124686,1.6858447788788273,1.0430411786175664,1.1780972479075553,0.0,0.26241388118923764,0.2526669149121888,-0.17561242380384243,1.0,1.0,1.0,-1.0,-1.0,1.0,0.7915340661731349,1.240990399124686,1.6858447788788273,1.0430411786175664,1.1780972479075553,0.0,0.26429768307032475,0.2545739774608841,-0.17474915051638037,-0.06429768307032474,-0.05457397746088412,0.17474915051638037,0.2,0.2,0.0,0.4064461106749493,-0.25365970214235745,0,0,164,False
0,165,0.7915340661731349,1.240990399124686,1.6858447788788273,1.0430411786175664,1.1780972479075553,0.0,0.26429768307032475,0.2545739774608841,-0.17474915051638037,1.0,1.0,1.0,-1.0,-1.0,1.0,0.7915340661731349,1.240990399124686,1.6858447788788273,1.0430411786175664,1.1780972479075553,0.0,0.26429768307032475,0.2545739774608841,-0.17474915051638037,-0.06429768307032474,-0.05457397746088412,0.17474915051638037,0.2,0.2,0.0,0.4064461106749493,-0.23322305533747464,0,0,165,False
0,166,0.7915340661731349,1.240990399124686,1.6858447788788273,1.0430411786175664,1.1780972479075553,0.0,0.26429768307032475,0.2545739774608841,-0.17474915051638037,1.0,1.0,1.0,-1.0,-1.0,1.0,0.7915340661731349,1.240990399124686,1.6858447788788273,1.0430411786175664,1.1780972479075553,0.0,0.26429768307032475,0.2545739774608841,-0.17474915051638037,-0.06429768307032474,-0.05457397746088412,0.17474915051638037,0.2,0.2,0.0,0.4064461106749493,-0.23322305533747464,0,0,166,False
0,167,0.7915340661731349,1.240990399124686,1.6858447788788273,1.0430411786175664,1.1780972479075553,0.0,0.26429768307032475,0.2545739774608841,-0.17474915051638037,1.0,1.0,1.0,-1.0,-1.0,1.0,0.7915340661731349,1.240990399124686,1.6858447788788273,1.0430411786175664,1.1780972479075553,0.0,0.26429768307032475,0.2545739774608841,-0.17474915051638037,-0.06429768307032474,-0.05457397746088412,0.17474915051638037,0.2,0.2,0.0,0.4064461106749493,-0.23322305533747464,0,0,167,False
0,168,0.7915340661731349,1.240990399124686,1.6858447788788273,1.0430411786175664,1.1780972479075553,0.0,0.26429768307032475,0.2545739774608841,-0.17474915051638037,1.0,1.0,1.0,-1.0,-1.0,1.0,0.7915340661731349,1.240990399124686,1.6858447788788273,1.0430411786175664,1.1780972479075553,0.0,0.2660484790626644,0.2563463918006749,-0.1738842116364037,-0.0660484790626644,-0.05634639180067491,0.1738842116364037,0.2,0.2,0.0,0.4083270562394754,-0.2529729837649989,0,0,168,False
0,169,0.7915340661731349,1.240990399124686,1.6858447788788273,1.0430411786175664,1.1780972479075553,0.0,0.2660484790626644,0.2563463918006749,-0.1738842116364037,1.0,1.0,1.0,-1.0,-1.0,1.0,0.7915340661731349,1.240990399124686,1.6858447788788273,1.0430411786175664,1.1780972479075553,0.0,0.2660484790626644,0.2563463918006749,-0.1738842116364037,-0.0660484790626644,-0.05634639180067491,0.1738842116364037,0.2,0.2,0.0,0.4083270562394754,-0.2341635281197377,0,0,169,False
0,170,0.7915340661731349,1.240990399124686,1.6858447788788273,1.0430411786175664,1.1780972479075553,0.0,0.2660484790626644,0.2563463918006749,-0.1738842116364037,1.0,1.0,1.0,-1.0,-1.0,1.0,0.7915340661731349,1.240990399124686,1.6858447788788273,1.0430411786175664,1.1780972479075553,0.0,0.28358138978576775,0.2740957940839548,-0.1614987416747639,-0.08358138978576773,-0.07409579408395478,0.1614987416747639,0.2,0.2,0.0,0.4261792492952624,-0.4216115552055012,0,0,170,False
0,171,0.7915340661731349,1.240990399124686,1.6858447788788273,1.0430411786175664,1.1780972479075553,0.0,0.28358138978576775,0.2740957940839548,-0.1614987416747639,1.0,1.0,1.0,1.0,-1.0,1.0,0.7915340661982544,1.2409904002548247,1.685844778913612,1.1536075035135782,1.1780972480142458,0.0,0.2865026891182604,0.27705316481727915,-0.15867109225839887,-0.08650268911826037,-0.07705316481727913,0.15867109225839887,0.2,0.2,0.0,0.428974081414878,-0.27243536190359463,0,0,171,False
0,172,0.7915340661982544,1.2409904002548247,1.685844778913612,1.1536075035135782,1.1780972480142458,0.0,0.2865026891182604,0.27705316481727915,-0.15867109225839887,1.0,1.0,1.0,1.0,-1.0,1.0,0.7915340661982887,1.2409904002571572,1.6858447789106263,1.1668667554271241,1.1780972480103105,0.0,0.2865026891182604,0.27705316481727915,-0.15867109225839887,-0.08650268911826037,-0.07705316481727913,0.15867109225839887,0.2,0.2,0.0,0.428974081414878,-0.24448704070743899,0,0,172,False
0,173,0.7915340661982887,1.2409904002571572,1.6858447789106263,1.1668667554271241,1.1780972480103105,0.0,0.2865026891182604,0.27705316481727915,-0.15867109225839887,1.0,1.0,1.0,1.0,-1.0,1.0,0.7915340661982887,1.2409904002571572,1.6858447789106263,1.1668667554271241,1.1780972480103105,0.0,0.2819778619285016,0.27247246630574484,-0.16294618099923788,-0.08197786192850162,-0.07247246630574483,0.16294618099923788,0.2,0.2,0.0,0.4246224410164173,-0.19879481652360165,0,0,173,False
0,174,0.7915340661982887,1.2409904002571572,1.6858447789106263,1.1668667554271241,1.1780972480103105,0.0,0.2819778619285016,0.27247246630574484,-0.16294618099923788,1.0,1.0,1.0,1.0,-1.0,1.0,0.7915340661985432,1.2409904002687306,1.6858447789100954,1.2375008431756553,1.1780972480012815,0.0,0.2806515482735914,0.2711297756945692,-0.16409021668394413,-0.08065154827359136,-0.07112977569456916,0.16409021668394413,0.2,0.2,0.0,0.4233228626331622,-0.22866564748403048,0,0,174,False
0,175,0.7915340661985432,1.2409904002687306,1.6858447789100954,1.2375008431756553,1.1780972480012815,0.0,0.2806515482735914,0.2711297756945692,-0.16409021668394413,1.0,1.0,1.0,-1.0,-1.0,1.0,0.7915340661985834,1.2409904002714869,1.6858447789071815,1.242112537982557,1.1780972479988303,0.0,0.2799729989801057,0.2704428478610162,-0.16465745576831192,-0.0799729989801057,-0.07044284786101618,0.16465745576831192,0.2,0.2,0.0,0.4226538676709165,-0.2346369842130012,0,0,175,False
0,176,0.7915340661985834,1.2409904002714869,1.6858447789071815,1.242112537982557,1.1780972479988303,0.0,0.2799729989801057,0.2704428478610162,-0.16465745576831192,1.0,1.0,1.0,-1.0,-1.0,1.0,0.7915340661986345,1.2409904002741654,1.6858447789058484,1.2209238128737856,1.1780972480004162,0.0,0.2815262878816339,0.27201531634675635,-0.16334100466833784,-0.0815262878816339,-0.07201531634675637,0.16334100466833784,0.2,0.2,0.0,0.42418117226216034,-0.25736363204351853,0,0,176,False
0,177,0.7915340661986345,1.2409904002741654,1.6858447789058484,1.2209238128737856,1.1780972480004162,0.0,0.2815262878816339,0.27201531634675635,-0.16334100466833784,1.0,1.0,1.0,-1.0,-1.0,1.0,0.7915340661986345,1.2409904002741654,1.6858447789058484,1.2209238128737856,1.1780972480004162,0.0,0.3041766662384079,0.29494537534683657,-0.13462974212258952,-0.10417666623840786,-0.09494537534683656,0.13462974212258952,0.2,0.2,0.0,0.4445687642945611,-0.45616030247128814,0,0,177,False
0,178,0.7915340661986345,1.2409904002741654,1.6858447789058484,1.2209238128737856,1.1780972480004162,0.0,0.3041766662384079,0.29494537534683657,-0.13462974212258952,1.0,1.0,1.0,1.0,-1.0,1.0,0.7915340661986345,1.2409904002741654,1.6858447789058484,1.2209238128737856,1.1780972480004162,0.0,0.31400750156115764,0.30489759912085,-0.11194181183741213,-0.11400750156115762,-0.10489759912085,0.11194181183741213,0.2,0.2,0.0,0.45176788976617355,-0.3278751995992112,0,0,178,False
0,179,0.7915340661986345,1.2409904002741654,1.6858447789058484,1.2209238128737856,1.1780972480004162,0.0,0.31400750156115764,0.30489759912085,-0.11194181183741213,1.0,1.0,1.0,1.0,-1.0,1.0,0.7915340661999106,1.2409904003210914,1.6858447788816375,0.6707490558855528,1.178097248001747,0.0,0.31311548619314955,0.303994569392388,-0.11454400743329295,-0.11311548619314957,-0.10399456939238798,0.11454400743329295,0.2,0.2,0.0,0.4511921270954471,-0.249838436840459,0,0,179,False
0,180,0.7915340661999106,1.2409904003210914,1.6858447788816375,0.6707490558855528,1.178097248001747,0.0,0.31311548619314955,0.303994569392388,-0.11454400743329295,1.0,1.0,1.0,1.0,-1.0,1.0,0.7915340661999106,1.2409904003210914,1.6858447788816375,0.6707490558855528,1.178097248001747,0.0,0.30933302694112147,0.30016540537371017,-0.124134263148693,-0.10933302694112147,-0.10016540537371016,0.124134263148693,0.2,0.2,0.0,0.4485482219641377,-0.22783505966897474,0,0,180,False
0,181,0.7915340661999106,1.2409904003210914,1.6858447788816375,0.6707490558855528,1.178097248001747,0.0,0.30933302694112147,0.30016540537371017,-0.124134263148693,1.0,1.0,1.0,1.0,-1.0,1.0,0.7915340661999439,1.2409904003225818,1.685844778876369,0.7355231300203633,1.178097247989666,0.0,0.30933302694112147,0.30016540537371017,-0.124134263148693,-0.10933302694112147,-0.10016540537371016,0.124134263148693,0.2,0.2,0.0,0.4485482219641377,-0.25427411098206887,0,0,181,False
0,182,0.7915340661999439,1.2409904003225818,1.685844778876369,0.7355231300203633,1.178097247989666,0.0,0.30933302694112147,0.30016540537371017,-0.124134263148693,1.0,1.0,1.0,1.0,-1.0,1.0,0.7915340661999439,1.2409904003225818,1.685844778876369,0.7355231300203633,1.178097247989666,0.0,0.2982330367858979,0.2889283555925315,-0.1443389520827409,-0.09823303678589791,-0.08892835559253148,0.1443389520827409,0.2,0.2,0.0,0.43960922645491285,-0.16041465813520808,0,0,182,False
0,183,0.7915340661999439,1.2409904003225818,1.685844778876369,0.7355231300203633,1.178097247989666,0.0,0.2982330367858979,0.2889283555925315,-0.1443389520827409,1.0,1.0,1.0,1.0,-1.0,1.0,0.7915340662000668,1.2409904003279792,1.6858447788795643,1.0048317824789017,1.178097247962243,0.0,0.2965083016525488,0.28718232390405085,-0.14679808132293382,-0.0965083016525488,-0.08718232390405084,0.14679808132293382,0.2,0.2,0.0,0.43811018795721324,-0.2340647090016105,0,0,183,False
0,184,0.7915340662000668,1.2409904003279792,1.6858447788795643,1.0048317824789017,1.178097247962243,0.0,0.2965083016525488,0.28718232390405085,-0.14679808132293382,1.0,1.0,1.0,1.0,-1.0,1.0,0.7915340662000704,1.2409904003287628,1.6858447788774151,1.0231590924398815,1.1780972479588045,0.0,0.29548770887677445,0.28614912912934487,-0.14818854509161977,-0.09548770887677444,-0.08614912912934489,0.14818854509161977,0.2,0.2,0.0,0.4372117966101772,-0.23962198483472794,0,0,184,False
0,185,0.7915340662000704,1.2409904003287628,1.6858447788774151,1.0231590924398815,1.1780972479588045,0.0,0.29548770887677445,0.28614912912934487,-0.14818854509161977,1.0,1.0,1.0,1.0,-1.0,1.0,0.7915340662000742,1.240990400329518,1.685844778875657,1.0426544586360778,1.178097247955616,0.0,0.2944631661619471,0.28511193564282433,-0.14953880958447863,-0.09446316616194711,-0.08511193564282435,0.14953880958447863,0.2,0.2,0.0,0.4363017621372385,-0.23905053633923232,0,0,185,False
0,186,0.7915340662000742,1.240990400329518,1.685844778875657,1.0426544586360778,1.178097247955616,0.0,0.2944631661619471,0.28511193564282433,-0.14953880958447863,1.0,1.0,1.0,1.0,-1.0,1.0,0.7915340662000778,1.2409904003300807,1.6858447788747715,1.057233242547777,1.1780972479536571,0.0,0.29323305453441356,0.28386663493519215,-0.1511025294634854,-0.09323305453441354,-0.08386663493519214,0.1511025294634854,0.2,0.2,0.0,0.4351986501717066,-0.23656820543053464,0,0,186,False
0,187,0.7915340662000778,1.2409904003300807,1.6858447788747715,1.057233242547777,1.1780972479536571,0.0,0.29323305453441356,0.28386663493519215,-0.1511025294634854,1.0,1.0,1.0,1.0,-1.0,1.0,0.7915340662000815,1.240990400330842,1.6858447788732192,1.0765248453274099,1.1780972479507423,0.0,0.2920877521405332,0.282707190662309,-0.15250470964345358,-0.09208775214053315,-0.082707190662309,0.15250470964345358,0.2,0.2,0.0,0.4341616024778317,-0.2367103243001667,0,0,187,False
0,188,0.7915340662000815,1.240990400330842,1.6858447788732192,1.0765248453274099,1.1780972479507423,0.0,0.2920877521405332,0.282707190662309,-0.15250470964345358,1.0,1.0,1.0,1.0,-1.0,1.0,0.7915340662000815,1.240990400330842,1.6858447788732192,1.0765248453274099,1.1780972479507423,0.0,0.2920877521405332,0.282707190662309,-0.15250470964345358,-0.09208775214053315,-0.082707190662309,0.15250470964345358,0.2,0.2,0.0,0.4341616024778317,-0.24708080123891585,0,0,188,False
0,189,0.7915340662000815,1.240990400330842,1.6858447788732192,1.0765248453274099,1.1780972479507423,0.0,0.2920877521405332,0.282707190662309,-0.15250470964345358,1.0,1.0,1.0,1.0,-1.0,1.0,0.7915340662000815,1.240990400330842,1.6858447788732192,1.0765248453274099,1.1780972479507423,0.0,0.2920877521405332,0.282707190662309,-0.15250470964345358,-0.09208775214053315,-0.082707190662309,0.15250470964345358,0.2,0.2,0.0,0.4341616024778317,-0.24708080123891585,0,0,189,False
0,190,0.7915340662000815,1.240990400330842,1.6858447788732192,1.0765248453274099,1.1780972479507423,0.0,0.2920877521405332,0.282707190662309,-0.15250470964345358,1.0,1.0,1.0,1.0,-1.0,1.0,0.7915340662000815,1.240990400330842,1.6858447788732192,1.0765248453274099,1.1780972479507423,0.0,0.2847502897440574,0.27527912729792553,-0.16039764032120482,-0.08475028974405739,-0.07527912729792553,0.16039764032120482,0.2,0.2,0.0,0.42730402344916285,-0.17507622143789295,0,0,190,False
0,191,0.7915340662000815,1.240990400330842,1.6858447788732192,1.0765248453274099,1.1780972479507423,0.0,0.2847502897440574,0.27527912729792553,-0.16039764032120482,1.0,1.0,1.0,1.0,-1.0,1.0,0.7915340662000815,1.240990400330842,1.6858447788732192,1.0765248453274099,1.1780972479507423,0.0,0.2847502897440574,0.27527912729792553,-0.16039764032120482,-0.08475028974405739,-0.07527912729792553,0.16039764032120482,0.2,0.2,0.0,0.42730402344916285,-0.24365201172458142,0,0,191,False
0,192,0.7915340662000815,1.240990400330842,1.6858447788732192,1.0765248453274099,1.1780972479507423,0.0,0.2847502897440574,0.27527912729792553,-0.16039764032120482,1.0,1.0,1.0,1.0,-1.0,1.0,0.7915340662000815,1.240990400330842,1.6858447788732192,1.0765248453274099,1.1780972479507423,0.0,0.2847502897440574,0.27527912729792553,-0.16039764032120482,-0.08475028974405739,-0.07527912729792553,0.16039764032120482,0.2,0.2,0.0,0.42730402344916285,-0.24365201172458142,0,0,192,False
0,193,0.7915340662000815,1.240990400330842,1.6858447788732192,1.0765248453274099,1.1780972479507423,0.0,0.2847502897440574,0.27527912729792553,-0.16039764032120482,1.0,1.0,1.0,1.0,-1.0,1.0,0.7915340662000815,1.240990400330842,1.6858447788732192,1.0765248453274099,1.1780972479507423,0.0,0.2847502897440574,0.27527912729792553,-0.16039764032120482,-0.08475028974405739,-0.07527912729792553,0.16039764032120482,0.2,0.2,0.0,0.42730402344916285,-0.24365201172458142,0,0,193,False
0,194,0.7915340662000815,1.240990400330842,1.6858447788732192,1.0765248453274099,1.1780972479507423,0.0,0.2847502897440574,0.27527912729792553,-0.16039764032120482,1.0,1.0,1.0,1.0,-1.0,1.0,0.7915340662000815,1.240990400330842,1.6858447788732192,1.0765248453274099,1.1780972479507423,0.0,0.2847502897440574,0.27527912729792553,-0.16039764032120482,-0.08475028974405739,-0.07527912729792553,0.16039764032120482,0.2,0.2,0.0,0.42730402344916285,-0.24365201172458142,0,0,194,False
0,195,0.7915340662000815,1.240990400330842,1.6858447788732192,1.0765248453274099,1.1780972479507423,0.0,0.2847502897440574,0.27527912729792553,-0.16039764032120482,1.0,1.0,1.0,1.0,-1.0,1.0,0.7915340662000815,1.240990400330842,1.6858447788732192,1.0765248453274099,1.1780972479507423,0.0,0.2835374396124276,0.274051301226398,-0.16153937553998265,-0.0835374396124276,-0.07405130122639797,0.16153937553998265,0.2,0.2,0.0,0.42613679167105545,-0.2313960780544537,0,0,195,False
0,196,0.7915340662000815,1.240990400330842,1.6858447788732192,1.0765248453274099,1.1780972479507423,0.0,0.2835374396124276,0.274051301226398,-0.16153937553998265,1.0,1.0,1.0,1.0,-1.0,1.0,0.7915340662000815,1.240990400330842,1.6858447788732192,1.0765248453274099,1.1780972479507423,0.0,0.2835374396124276,0.274051301226398,-0.16153937553998265,-0.0835374396124276,-0.07405130122639797,0.16153937553998265,0.2,0.2,0.0,0.42613679167105545,-0.24306839583552772,0,0,196,False
0,197,0.7915340662000815,1.240990400330842,1.6858447788732192,1.0765248453274099,1.1780972479507423,0.0,0.2835374396124276,0.274051301226398,-0.16153937553998265,1.0,1.0,1.0,1.0,-1.0,1.0,0.7915340662000815,1.240990400330842,1.6858447788732192,1.0765248453274099,1.1780972479507423,0.0,0.2835374396124276,0.274051301226398,-0.16153937553998265,-0.0835374396124276,-0.07405130122639797,0.16153937553998265,0.2,0.2,0.0,0.42613679167105545,-0.24306839583552772,0,0,197,False
0,198,0.7915340662000815,1.240990400330842,1.6858447788732192,1.0765248453274099,1.1780972479507423,0.0,0.2835374396124276,0.274051301226398,-0.16153937553998265,1.0,1.0,1.0,1.0,-1.0,1.0,0.7915340662000815,1.240990400330842,1.6858447788732192,1.0765248453274099,1.1780972479507423,0.0,0.2835374396124276,0.274051301226398,-0.16153937553998265,-0.0835374396124276,-0.07405130122639797,0.16153937553998265,0.2,0.2,0.0,0.42613679167105545,-0.24306839583552772,0,0,198,False
0,199,0.7915340662000815,1.240990400330842,1.6858447788732192,1.0765248453274099,1.1780972479507423,0.0,0.2835374396124276,0.274051301226398,-0.16153937553998265,1.0,1.0,1.0,1.0,-1.0,1.0,0.7915340662000815,1.240990400330842,1.6858447788732192,1.0765248453274099,1.1780972479507423,0.0,0.2835374396124276,0.274051301226398,-0.16153937553998265,-0.0835374396124276,-0.07405130122639797,0.16153937553998265,0.2,0.2,0.0,0.42613679167105545,-0.24306839583552772,0,0,199,False
0,200,0.7915340662000815,1.240990400330842,1.6858447788732192,1.0765248453274099,1.1780972479507423,0.0,0.2835374396124276,0.274051301226398,-0.16153937553998265,1.0,1.0,1.0,1.0,-1.0,1.0,0.7915340662000815,1.240990400330842,1.6858447788732192,1.0765248453274099,1.1780972479507423,0.0,0.22880731276782576,0.21864538182565382,-0.18037972843776506,-0.028807312767825752,-0.018645381825653815,0.18037972843776506,0.2,0.2,0.0,0.36427384726466633,0.40649252043155804,0,0,200,False
0,201,0.7915340662000815,1.240990400330842,1.6858447788732192,1.0765248453274099,1.1780972479507423,0.0,0.22880731276782576,0.21864538182565382,-0.18037972843776506,1.0,1.0,1.0,-1.0,-1.0,1.0,0.7915340662000815,1.240990400330842,1.6858447788732192,1.0765248453274099,1.1780972479507423,0.0,0.22880731276782576,0.21864538182565382,-0.18037972843776506,-0.028807312767825752,-0.018645381825653815,0.18037972843776506,0.2,0.2,0.0,0.36427384726466633,-0.21213692363233316,0,0,201,False
0,202,0.7915340662000815,1.240990400330842,1.6858447788732192,1.0765248453274099,1.1780972479507423,0.0,0.22880731276782576,0.21864538182565382,-0.18037972843776506,1.0,1.0,1.0,-1.0,-1.0,1.0,0.7915340662000815,1.240990400330842,1.6858447788732192,1.0765248453274099,1.1780972479507423,0.0,0.22903853552377326,0.2188794596566046,-0.18041267129976465,-0.02903853552377324,-0.0188794596566046,0.18041267129976465,0.2,0.2,0.0,0.3645759188152159,-0.2153086749131036,0,0,202,False
0,203,0.7915340662000815,1.240990400330842,1.6858447788732192,1.0765248453274099,1.1780972479507423,0.0,0.22903853552377326,0.2188794596566046,-0.18041267129976465,1.0,1.0,1.0,-1.0,-1.0,1.0,0.7915340662000815,1.240990400330842,1.6858447788732192,1.0765248453274099,1.1780972479507423,0.0,0.23095847859854768,0.22082310966048943,-0.18065110670259574,-0.030958478598547664,-0.020823109660489426,0.18065110670259574,0.2,0.2,0.0,0.36706877686553097,-0.2384629689359162,0,0,203,False
0,204,0.7915340662000815,1.240990400330842,1.6858447788732192,1.0765248453274099,1.1780972479507423,0.0,0.23095847859854768,0.22082310966048943,-0.18065110670259574,1.0,1.0,1.0,-1.0,-1.0,1.0,0.7915340662000815,1.240990400330842,1.6858447788732192,1.0765248453274099,1.1780972479507423,0.0,0.23095847859854768,0.22082310966048943,-0.18065110670259574,-0.030958478598547664,-0.020823109660489426,0.18065110670259574,0.2,0.2,0.0,0.36706877686553097,-0.21353438843276548,0,0,204,False
0,205,0.7915340662000815,1.240990400330842,1.6858447788732192,1.0765248453274099,1.1780972479507423,0.0,0.23095847859854768,0.22082310966048943,-0.18065110670259574,1.0,1.0,1.0,-1.0,-1.0,1.0,0.7915340662000815,1.240990400330842,1.6858447788732192,1.0765248453274099,1.1780972479507423,0.0,0.2327638253973991,0.22265074838514998,-0.18081836893570225,-0.032763825397399096,-0.02265074838514996,0.18081836893570225,0.2,0.2,0.0,0.369388192440779,-0.23788825197286956,0,0,205,False
0,206,0.7915340662000815,1.240990400330842,1.6858447788732192,1.0765248453274099,1.1780972479507423,0.0,0.2327638253973991,0.22265074838514998,-0.18081836893570225,1.0,1.0,1.0,-1.0,-1.0,1.0,0.7915340662002553,1.2409904003644452,1.6858447789357807,1.8050316623424987,1.1780972480780583,0.0,0.23467937698715496,0.22458995267916776,-0.18093575676507745,-0.03467937698715495,-0.024589952679167762,0.18093575676507745,0.2,0.2,0.0,0.371823620690861,-0.24026609284625078,0,0,206,False
0,207,0.7915340662002553,1.2409904003644452,1.6858447789357807,1.8050316623424987,1.1780972480780583,0.0,0.23467937698715496,0.22458995267916776,-0.18093575676507745,1.0,1.0,1.0,-1.0,-1.0,1.0,0.7915340662002586,1.2409904003655783,1.6858447789340925,1.7824514009872987,1.1780972480808278,0.0,0.23467937698715496,0.22458995267916776,-0.18093575676507745,-0.03467937698715495,-0.024589952679167762,0.18093575676507745,0.2,0.2,0.0,0.371823620690861,-0.2159118103454305,0,0,207,False
0,208,0.7915340662002586,1.2409904003655783,1.6858447789340925,1.7824514009872987,1.1780972480808278,0.0,0.23467937698715496,0.22458995267916776,-0.18093575676507745,1.0,1.0,1.0,-1.0,-1.0,1.0,0.7915340662002586,1.2409904003655783,1.6858447789340925,1.7824514009872987,1.1780972480808278,0.0,0.23891146235117885,0.2288742946694633,-0.18097652018896385,-0.038911462351178844,-0.028874294669463285,0.18097652018896385,0.2,0.2,0.0,0.3771135511526064,-0.2714560801937574,0,0,208,False
0,209,0.7915340662002586,1.2409904003655783,1.6858447789340925,1.7824514009872987,1.1780972480808278,0.0,0.23891146235117885,0.2288742946694633,-0.18097652018896385,1.0,1.0,1.0,-1.0,-1.0,1.0,0.7915340662002586,1.2409904003655783,1.6858447789340925,1.7824514009872987,1.1780972480808278,0.0,0.2448745732233512,0.2349110363948624,-0.1805228064146107,-0.044874573223351186,-0.03491103639486239,0.1805228064146107,0.2,0.2,0.0,0.3843634156202093,-0.29468035248613367,0,0,209,False
0,210,0.7915340662002586,1.2409904003655783,1.6858447789340925,1.7824514009872987,1.1780972480808278,0.0,0.2448745732233512,0.2349110363948624,-0.1805228064146107,1.0,1.0,1.0,-1.0,-1.0,1.0,0.7915340662002586,1.2409904003655783,1.6858447789340925,1.7824514009872987,1.1780972480808278,0.0,0.25557673235902,0.24574534284851382,-0.17818148614129112,-0.05557673235901997,-0.04574534284851381,0.17818148614129112,0.2,0.2,0.0,0.396810889037293,-0.3528801786894834,0,0,210,False
0,211,0.7915340662002586,1.2409904003655783,1.6858447789340925,1.7824514009872987,1.1780972480808278,0.0,0.25557673235902,0.24574534284851382,-0.17818148614129112,1.0,1.0,1.0,-1.0,-1.0,1.0,0.7915340662002812,1.2409904003650905,1.685844778932262,1.5712499805491447,1.1780972480959981,0.0,0.2575585320423619,0.24775161324936495,-0.17752579936743051,-0.05755853204236189,-0.04775161324936493,0.17752579936743051,0.2,0.2,0.0,0.3990396831601144,-0.2518077828082712,0,0,211,False
0,212,0.7915340662002812,1.2409904003650905,1.685844778932262,1.5712499805491447,1.1780972480959981,0.0,0.2575585320423619,0.24775161324936495,-0.17752579936743051,1.0,1.0,1.0,-1.0,-1.0,1.0,0.7915340662002842,1.2409904003640517,1.6858447789327045,1.5280499805578727,1.1780972480969922,0.0,0.25936950532677416,0.24958494793388847,-0.17686373418146842,-0.05936950532677418,-0.04958494793388846,0.17686373418146842,0.2,0.2,0.0,0.4010560646558414,-0.250691847285191,0,0,212,False
0,213,0.7915340662002842,1.2409904003640517,1.6858447789327045,1.5280499805578727,1.1780972480969922,0.0,0.25936950532677416,0.24958494793388847,-0.17686373418146842,1.0,1.0,1.0,-1.0,-1.0,1.0,0.7915340662002864,1.2409904003646992,1.6858447789306719,1.5031838947609457,1.178097248097422,0.0,0.25936950532677416,0.24958494793388847,-0.17686373418146842,-0.05936950532677418,-0.04958494793388846,0.17686373418146842,0.2,0.2,0.0,0.4010560646558414,-0.2305280323279207,0,0,213,False
0,214,0.7915340662002864,1.2409904003646992,1.6858447789306719,1.5031838947609457,1.178097248097422,0.0,0.25936950532677416,0.24958494793388847,-0.17686373418146842,1.0,1.0,1.0,-1.0,-1.0,1.0,0.7915340662002864,1.2409904003646992,1.6858447789306719,1.5031838947609457,1.178097248097422,0.0,0.26853777728856876,0.2588664271966634,-0.1725477546812407,-0.06853777728856875,-0.058866427196663434,0.1725477546812407,0.2,0.2,0.0,0.4109709145501516,-0.3346339562181777,0,0,214,False
0,215,0.7915340662002864,1.2409904003646992,1.6858447789306719,1.5031838947609457,1.178097248097422,0.0,0.26853777728856876,0.2588664271966634,-0.1725477546812407,1.0,1.0,1.0,-1.0,-1.0,1.0,0.7915340662002864,1.2409904003646992,1.6858447789306719,1.5031838947609457,1.178097248097422,0.0,0.2880313296550978,0.27860068058726006,-0.15708737208974088,-0.08803132965509779,-0.07860068058726005,0.15708737208974088,0.2,0.2,0.0,0.4304147169377795,-0.4396453823451686,0,0,215,False
0,216,0.7915340662002864,1.2409904003646992,1.6858447789306719,1.5031838947609457,1.178097248097422,0.0,0.2880313296550978,0.27860068058726006,-0.15708737208974088,1.0,1.0,1.0,1.0,-1.0,1.0,0.7915340662002864,1.2409904003646992,1.6858447789306719,1.5031838947609457,1.178097248097422,0.0,0.2896480412801872,0.28023735492291585,-0.1553294993137468,-0.08964804128018715,-0.08023735492291584,0.1553294993137468,0.2,0.2,0.0,0.43192153948223116,-0.2610289951856323,0,0,216,False
0,217,0.7915340662002864,1.2409904003646992,1.6858447789306719,1.5031838947609457,1.178097248097422,0.0,0.2896480412801872,0.28023735492291585,-0.1553294993137468,1.0,1.0,1.0,1.0,-1.0,1.0,0.7915340662002982,1.2409904003545293,1.6858447789226891,1.0852408966846803,1.1780972480819552,0.0,0.2913163750165798,0.28192628878551074,-0.15342111138906658,-0.09131637501657977,-0.08192628878551073,0.15342111138906658,0.2,0.2,0.0,0.43345784118069447,-0.2620919375749803,0,0,217,False
0,218,0.7915340662002982,1.2409904003545293,1.6858447789226891,1.0852408966846803,1.1780972480819552,0.0,0.2913163750165798,0.28192628878551074,-0.15342111138906658,1.0,1.0,1.0,1.0,-1.0,1.0,0.7915340662002966,1.240990400354934,1.685844778919492,1.101201920083598,1.1780972480762493,0.0,0.29047138995000893,0.2810708700757134,-0.15440001078496263,-0.0904713899500089,-0.0810708700757134,0.15440001078496263,0.2,0.2,0.0,0.4326821301082416,-0.2385839543295919,0,0,218,False
0,219,0.7915340662002966,1.240990400354934,1.685844778919492,1.101201920083598,1.1780972480762493,0.0,0.29047138995000893,0.2810708700757134,-0.15440001078496263,1.0,1.0,1.0,1.0,-1.0,1.0,0.7915340662002949,1.2409904003549477,1.6858447789177644,1.1184997848324219,1.1780972480713308,0.0,0.2890000061741117,0.2795813180575834,-0.15604463712977112,-0.08900000617411169,-0.0795813180575834,0.15604463712977112,0.2,0.2,0.0,0.43131965611645173,-0.2320350881403274,0,0,219,False
0,220,0.7915340662002949,1.2409904003549477,1.6858447789177644,1.1184997848324219,1.1780972480713308,0.0,0.2890000061741117,0.2795813180575834,-0.15604463712977112,1.0,1.0,1.0,1.0,-1.0,1.0,0.7915340662002949,1.2409904003549477,1.6858447789177644,1.1184997848324219,1.1780972480713308,0.0,0.2684681713261096,0.2587959617590778,-0.1725868604624882,-0.06846817132610962,-0.058795961759077794,0.1725868604624882,0.2,0.2,0.0,0.4108974729081329,-0.031226904370877995,0,0,220,False
0,221,0.7915340662002949,1.2409904003549477,1.6858447789177644,1.1184997848324219,1.1780972480713308,0.0,0.2684681713261096,0.2587959617590778,-0.1725868604624882,1.0,1.0,1.0,-1.0,-1.0,1.0,0.7915340662002949,1.2409904003549477,1.6858447789177644,1.1184997848324219,1.1780972480713308,0.0,0.26656724616391153,0.2568715644957216,-0.17361613461976844,-0.06656724616391153,-0.056871564495721595,0.17361613461976844,0.2,0.2,0.0,0.40888098460823613,-0.2142756093051505,0,0,221,False
0,222,0.7915340662002949,1.2409904003549477,1.6858447789177644,1.1184997848324219,1.1780972480713308,0.0,0.26656724616391153,0.2568715644957216,-0.17361613461976844,1.0,1.0,1.0,-1.0,-1.0,1.0,0.7915340662002651,1.2409904003509833,1.685844778917962,1.4209293651961545,1.17809724801852,0.0,0.2666286017936273,0.2569336777278817,-0.17358406837295245,-0.06662860179362728,-0.0569336777278817,0.17358406837295245,0.2,0.2,0.0,0.4089463960448918,-0.2351273123890026,0,0,222,False
0,223,0.7915340662002651,1.2409904003509833,1.685844778917962,1.4209293651961545,1.17809724801852,0.0,0.2666286017936273,0.2569336777278817,-0.17358406837295245,1.0,1.0,1.0,-1.0,-1.0,1.0,0.791534066200267,1.2409904003511,1.6858447789179725,1.4017293651988256,1.178097248021009,0.0,0.2666286017936273,0.2569336777278817,-0.17358406837295245,-0.06662860179362728,-0.0569336777278817,0.17358406837295245,0.2,0.2,0.0,0.4089463960448918,-0.2344731980224459,0,0,223,False
0,224,0.791534066200267,1.2409904003511,1.6858447789179725,1.4017293651988256,1.178097248021009,0.0,0.2666286017936273,0.2569336777278817,-0.17358406837295245,1.0,1.0,1.0,-1.0,-1.0,1.0,0.7915340662002686,1.2409904003519951,1.6858447789158364,1.3869392565777705,1.178097248021579,0.0,0.2683563441026048,0.25868275372376953,-0.17264947540846795,-0.0683563441026048,-0.05868275372376953,0.17264947540846795,0.2,0.2,0.0,0.41077942481707524,-0.25372000013037205,0,0,224,False
0,225,0.7915340662002686,1.2409904003519951,1.6858447789158364,1.3869392565777705,1.178097248021579,0.0,0.2683563441026048,0.25868275372376953,-0.17264947540846795,1.0,1.0,1.0,-1.0,-1.0,1.0,0.7915340662002706,1.2409904003525134,1.6858447789146278,1.3651951800293516,1.1780972480233851,0.0,0.27006819925958214,0.260415746397475,-0.17166219574054342,-0.0700681992595821,-0.06041574639747498,0.17166219574054342,0.2,0.2,0.0,0.4125786018076217,-0.2542810708092752,0,0,225,False
0,226,0.7915340662002706,1.2409904003525134,1.6858447789146278,1.3651951800293516,1.1780972480233851,0.0,0.27006819925958214,0.260415746397475,-0.17166219574054342,1.0,1.0,1.0,-1.0,-1.0,1.0,0.7915340662002721,1.2409904003530436,1.685844778913252,1.3482849916332433,1.1780972480244283,0.0,0.271761156068254,0.2621296073712667,-0.17062421422587618,-0.071761156068254,-0.06212960737126673,0.17062421422587618,0.2,0.2,0.0,0.41434125969829033,-0.2547972087558317,0,0,226,False
0,227,0.7915340662002721,1.2409904003530436,1.685844778913252,1.3482849916332433,1.1780972480244283,0.0,0.271761156068254,0.2621296073712667,-0.17062421422587618,1.0,1.0,1.0,-1.0,-1.0,1.0,0.7915340662002739,1.2409904003534735,1.6858447789120246,1.3266182236142043,1.178097248025913,0.0,0.2734352527142555,0.26382437530228614,-0.16953583933337862,-0.07343525271425548,-0.06382437530228613,0.16953583933337862,0.2,0.2,0.0,0.41606795027858545,-0.2553008809422439,0,0,227,False
0,228,0.7915340662002739,1.2409904003534735,1.6858447789120246,1.3266182236142043,1.178097248025913,0.0,0.2734352527142555,0.26382437530228614,-0.16953583933337862,1.0,1.0,1.0,-1.0,-1.0,1.0,0.7915340662002753,1.2409904003537067,1.6858447789112323,1.3097947891304904,1.1780972480270169,0.0,0.27508905417242685,0.26549859744607746,-0.16839833781873542,-0.07508905417242684,-0.06549859744607743,0.16839833781873542,0.2,0.2,0.0,0.4177576966992082,-0.2557763125558316,0,0,228,False
0,229,0.7915340662002753,1.2409904003537067,1.6858447789112323,1.3097947891304904,1.1780972480270169,0.0,0.27508905417242685,0.26549859744607746,-0.16839833781873542,1.0,1.0,1.0,-1.0,-1.0,1.0,0.791534066200277,1.2409904003542924,1.6858447789093565,1.2882050015159316,1.1780972480278957,0.0,0.27654079066248966,0.2669682595791022,-0.16734720166083292,-0.07654079066248964,-0.06696825957910221,0.16734720166083292,0.2,0.2,0.0,0.4192277977742426,-0.25431490963746556,0,0,229,False
0,230,0.791534066200277,1.2409904003542924,1.6858447789093565,1.2882050015159316,1.1780972480278957,0.0,0.27654079066248966,0.2669682595791022,-0.16734720166083292,1.0,1.0,1.0,-1.0,-1.0,1.0,0.791534066200277,1.2409904003542924,1.6858447789093565,1.2882050015159316,1.1780972480278957,0.0,0.29158182981826736,0.28219502135018104,-0.15310823689789307,-0.09158182981826733,-0.082195021350181,0.15310823689789307,0.2,0.2,0.0,0.4337005023757518,-0.39157729720296774,0,0,230,False
0,231,0.791534066200277,1.2409904003542924,1.6858447789093565,1.2882050015159316,1.1780972480278957,0.0,0.29158182981826736,0.28219502135018104,-0.15310823689789307,1.0,1.0,1.0,1.0,-1.0,1.0,0.791534066200277,1.2409904003542924,1.6858447789093565,1.2882050015159316,1.1780972480278957,0.0,0.29158182981826736,0.28219502135018104,-0.15310823689789307,-0.09158182981826733,-0.082195021350181,0.15310823689789307,0.2,0.2,0.0,0.4337005023757518,-0.2468502511878759,0,0,231,False
0,232,0.791534066200277,1.2409904003542924,1.6858447789093565,1.2882050015159316,1.1780972480278957,0.0,0.29158182981826736,0.28219502135018104,-0.15310823689789307,1.0,1.0,1.0,1.0,-1.0,1.0,0.791534066200277,1.2409904003542924,1.6858447789093565,1.2882050015159316,1.1780972480278957,0.0,0.29158182981826736,0.28219502135018104,-0.15310823689789307,-0.09158182981826733,-0.082195021350181,0.15310823689789307,0.2,0.2,0.0,0.4337005023757518,-0.2468502511878759,0,0,232,False
0,233,0.791534066200277,1.2409904003542924,1.6858447789093565,1.2882050015159316,1.1780972480278957,0.0,0.29158182981826736,0.28219502135018104,-0.15310823689789307,1.0,1.0,1.0,1.0,-1.0,1.0,0.791534066200277,1.2409904003542924,1.6858447789093565,1.2882050015159316,1.1780972480278957,0.0,0.29158182981826736,0.28219502135018104,-0.15310823689789307,-0.09158182981826733,-0.082195021350181,0.15310823689789307,0.2,0.2,0.0,0.4337005023757518,-0.2468502511878759,0,0,233,False
0,234,0.791534066200277,1.2409904003542924,1.6858447789093565,1.2882050015159316,1.1780972480278957,0.0,0.29158182981826736,0.28219502135018104,-0.15310823689789307,1.0,1.0,1.0,1.0,-1.0,1.0,0.791534066200277,1.2409904003542924,1.6858447789093565,1.2882050015159316,1.1780972480278957,0.0,0.292296602471519,0.2829186198196011,-0.1522527664654641,-0.09229660247151902,-0.08291861981960111,0.1522527664654641,0.2,0.2,0.0,0.43435141780982867,-0.25368486324568296,0,0,234,False
0,235,0.791534066200277,1.2409904003542924,1.6858447789093565,1.2882050015159316,1.1780972480278957,0.0,0.292296602471519,0.2829186198196011,-0.1522527664654641,1.0,1.0,1.0,1.0,-1.0,1.0,0.791534066200277,1.2409904003542924,1.6858447789093565,1.2882050015159316,1.1780972480278957,0.0,0.292296602471519,0.2829186198196011,-0.1522527664654641,-0.09229660247151902,-0.08291861981960111,0.1522527664654641,0.2,0.2,0.0,0.43435141780982867,-0.24717570890491433,0,0,235,False
0,236,0.791534066200277,1.2409904003542924,1.6858447789093565,1.2882050015159316,1.1780972480278957,0.0,0.292296602471519,0.2829186198196011,-0.1522527664654641,1.0,1.0,1.0,1.0,-1.0,1.0,0.791534066200277,1.2409904003542924,1.6858447789093565,1.2882050015159316,1.1780972480278957,0.0,0.292296602471519,0.2829186198196011,-0.1522527664654641,-0.09229660247151902,-0.08291861981960111,0.1522527664654641,0.2,0.2,0.0,0.43435141780982867,-0.24717570890491433,0,0,236,False
0,237,0.791534066200277,1.2409904003542924,1.6858447789093565,1.2882050015159316,1.1780972480278957,0.0,0.292296602471519,0.2829186198196011,-0.1522527664654641,1.0,1.0,1.0,1.0,-1.0,1.0,0.791534066200277,1.2409904003542924,1.6858447789093565,1.2882050015159316,1.1780972480278957,0.0,0.292296602471519,0.2829186198196011,-0.1522527664654641,-0.09229660247151902,-0.08291861981960111,0.1522527664654641,0.2,0.2,0.0,0.43435141780982867,-0.24717570890491433,0,0,237,False
0,238,0.791534066200277,1.2409904003542924,1.6858447789093565,1.2882050015159316,1.1780972480278957,0.0,0.292296602471519,0.2829186198196011,-0.1522527664654641,1.0,1.0,1.0,1.0,-1.0,1.0,0.791534066200277,1.2409904003542924,1.6858447789093565,1.2882050015159316,1.1780972480278957,0.0,0.292296602471519,0.2829186198196011,-0.1522527664654641,-0.09229660247151902,-0.08291861981960111,0.1522527664654641,0.2,0.2,0.0,0.43435141780982867,-0.24717570890491433,0,0,238,False
0,239,0.791534066200277,1.2409904003542924,1.6858447789093565,1.2882050015159316,1.1780972480278957,0.0,0.292296602471519,0.2829186198196011,-0.1522527664654641,1.0,1.0,1.0,1.0,-1.0,1.0,0.791534066200277,1.2409904003542924,1.6858447789093565,1.2882050015159316,1.1780972480278957,0.0,0.291766739113719,0.28238221385477646,-0.15288875994262063,-0.09176673911371898,-0.08238221385477645,0.15288875994262063,0.2,0.2,0.0,0.43386924029178414,-0.24211284496544683,0,0,239,False
0,240,0.791534066200277,1.2409904003542924,1.6858447789093565,1.2882050015159316,1.1780972480278957,0.0,0.291766739113719,0.28238221385477646,-0.15288875994262063,1.0,1.0,1.0,1.0,-1.0,1.0,0.791534066200277,1.2409904003542924,1.6858447789093565,1.2882050015159316,1.1780972480278957,0.0,0.2910279239080784,0.2816342759621546,-0.15375817010254383,-0.09102792390807841,-0.08163427596215458,0.15375817010254383,0.2,0.2,0.0,0.4331935973260179,-0.23984036900534675,0,0,240,False
0,241,0.791534066200277,1.2409904003542924,1.6858447789093565,1.2882050015159316,1.1780972480278957,0.0,0.2910279239080784,0.2816342759621546,-0.15375817010254383,1.0,1.0,1.0,1.0,-1.0,1.0,0.791534066200277,1.2409904003542924,1.6858447789093565,1.2882050015159316,1.1780972480278957,0.0,0.2894373145712162,0.280024026218615,-0.15556361568179836,-0.08943731457121619,-0.08002402621861499,0.15556361568179836,0.2,0.2,0.0,0.4317261317662796,-0.23118841028575668,0,0,241,False
0,242,0.791534066200277,1.2409904003542924,1.6858447789093565,1.2882050015159316,1.1780972480278957,0.0,0.2894373145712162,0.280024026218615,-0.15556361568179836,1.0,1.0,1.0,1.0,-1.0,1.0,0.791534066200277,1.2409904003542924,1.6858447789093565,1.2882050015159316,1.1780972480278957,0.0,0.2894373145712162,0.280024026218615,-0.15556361568179836,-0.08943731457121619,-0.08002402621861499,0.15556361568179836,0.2,0.2,0.0,0.4317261317662796,-0.2458630658831398,0,0,242,False
0,243,0.791534066200277,1.2409904003542924,1.6858447789093565,1.2882050015159316,1.1780972480278957,0.0,0.2894373145712162,0.280024026218615,-0.15556361568179836,1.0,1.0,1.0,1.0,-1.0,1.0,0.791534066200277,1.2409904003542924,1.6858447789093565,1.2882050015159316,1.1780972480278957,0.0,0.2885071260676908,0.2790823520032518,-0.1565790791027824,-0.0885071260676908,-0.07908235200325178,0.1565790791027824,0.2,0.2,0.0,0.43085998770387207,-0.23676855322786067,0,0,243,False
0,244,0.791534066200277,1.2409904003542924,1.6858447789093565,1.2882050015159316,1.1780972480278957,0.0,0.2885071260676908,0.2790823520032518,-0.1565790791027824,1.0,1.0,1.0,1.0,-1.0,1.0,0.791534066200277,1.2409904003542924,1.6858447789093565,1.2882050015159316,1.1780972480278957,0.0,0.2885071260676908,0.2790823520032518,-0.1565790791027824,-0.0885071260676908,-0.07908235200325178,0.1565790791027824,0.2,0.2,0.0,0.43085998770387207,-0.24542999385193603,0,0,244,False
0,245,0.791534066200277,1.2409904003542924,1.6858447789093565,1.2882050015159316,1.1780972480278957,0.0,0.2885071260676908,0.2790823520032518,-0.1565790791027824,1.0,1.0,1.0,1.0,-1.0,1.0,0.791534066200277,1.2409904003542924,1.6858447789093565,1.2882050015159316,1.1780972480278957,0.0,0.2885071260676908,0.2790823520032518,-0.1565790791027824,-0.0885071260676908,-0.07908235200325178,0.1565790791027824,0.2,0.2,0.0,0.43085998770387207,-0.24542999385193603,0,0,245,False
0,246,0.791534066200277,1.2409904003542924,1.6858447789093565,1.2882050015159316,1.1780972480278957,0.0,0.2885071260676908,0.2790823520032518,-0.1565790791027824,1.0,1.0,1.0,1.0,-1.0,1.0,0.791534066200277,1.2409904003542924,1.6858447789093565,1.2882050015159316,1.1780972480278957,0.0,0.2875799539395757,0.2781437314086727,-0.1575627610816097,-0.08757995393957567,-0.0781437314086727,0.1575627610816097,0.2,0.2,0.0,0.42999091724068866,-0.23630475398851025,0,0,246,False
0,247,0.791534066200277,1.2409904003542924,1.6858447789093565,1.2882050015159316,1.1780972480278957,0.0,0.2875799539395757,0.2781437314086727,-0.1575627610816097,1.0,1.0,1.0,1.0,-1.0,1.0,0.791534066200277,1.2409904003542924,1.6858447789093565,1.2882050015159316,1.1780972480278957,0.0,0.2630771737392806,0.25333839761659493,-0.17531633189932158,-0.06307717373928058,-0.053338397616594896,0.17531633189932158,0.2,0.2,0.0,0.40512437507538923,0.01610323411529971,0,0,247,False
0,248,0.791534066200277,1.2409904003542924,1.6858447789093565,1.2882050015159316,1.1780972480278957,0.0,0.2630771737392806,0.25333839761659493,-0.17531633189932158,1.0,1.0,1.0,1.0,-1.0,1.0,0.791534066200277,1.2409904003542924,1.6858447789093565,1.2882050015159316,1.1780972480278957,0.0,0.25581099315373157,0.24598249623131827,-0.17810769018459383,-0.05581099315373156,-0.045982496231318254,0.17810769018459383,0.2,0.2,0.0,0.39707556204503475,-0.14804965071897253,0,0,248,False
0,249,0.791534066200277,1.2409904003542924,1.6858447789093565,1.2882050015159316,1.1780972480278957,0.0,0.25581099315373157,0.24598249623131827,-0.17810769018459383,1.0,1.0,1.0,1.0,-1.0,1.0,0.7915340662002495,1.2409904003511045,1.6858447789134132,1.5720487059034505,1.1780972479911096,0.0,0.2544215488735392,0.24457589547523886,-0.17853096364719567,-0.054421548873539186,-0.04457589547523886,0.17853096364719567,0.2,0.2,0.0,0.3955009458389726,-0.2120043108588649,0,0,249,False
0,250,0.7915340662002495,1.2409904003511045,1.6858447789134132,1.5720487059034505,1.1780972479911096,0.0,0.2544215488735392,0.24457589547523886,-0.17853096364719567,1.0,1.0,1.0,1.0,-1.0,1.0,0.7915340662002495,1.2409904003511045,1.6858447789134132,1.5720487059034505,1.1780972479911096,0.0,0.2274536744927587,0.21727502919737385,-0.1801685636242905,-0.02745367449275868,-0.017275029197373826,0.1801685636242905,0.2,0.2,0.0,0.3624973429853211,0.11878735704385449,0,0,250,False
0,251,0.7915340662002495,1.2409904003511045,1.6858447789134132,1.5720487059034505,1.1780972479911096,0.0,0.2274536744927587,0.21727502919737385,-0.1801685636242905,1.0,1.0,1.0,-1.0,-1.0,1.0,0.7915340662002495,1.2409904003511045,1.6858447789134132,1.5720487059034505,1.1780972479911096,0.0,0.2274536744927587,0.21727502919737385,-0.1801685636242905,-0.02745367449275868,-0.017275029197373826,0.1801685636242905,0.2,0.2,0.0,0.3624973429853211,-0.21124867149266055,0,0,251,False
0,252,0.7915340662002495,1.2409904003511045,1.6858447789134132,1.5720487059034505,1.1780972479911096,0.0,0.2274536744927587,0.21727502919737385,-0.1801685636242905,1.0,1.0,1.0,-1.0,-1.0,1.0,0.7915340662002495,1.2409904003511045,1.6858447789134132,1.5720487059034505,1.1780972479911096,0.0,0.2274536744927587,0.21727502919737385,-0.1801685636242905,-0.02745367449275868,-0.017275029197373826,0.1801685636242905,0.2,0.2,0.0,0.3624973429853211,-0.21124867149266055,0,0,252,False
0,253,0.7915340662002495,1.2409904003511045,1.6858447789134132,1.5720487059034505,1.1780972479911096,0.0,0.2274536744927587,0.21727502919737385,-0.1801685636242905,1.0,1.0,1.0,-1.0,-1.0,1.0,0.7915340662002495,1.2409904003511045,1.6858447789134132,1.5720487059034505,1.1780972479911096,0.0,0.22814918778122686,0.21797913049266418,-0.18028097309537805,-0.028149187781226853,-0.01797913049266417,0.18028097309537805,0.2,0.2,0.0,0.363411863421914,-0.22085113607688603,0,0,253,False
0,254,0.7915340662002495,1.2409904003511045,1.6858447789134132,1.5720487059034505,1.1780972479911096,0.0,0.22814918778122686,0.21797913049266418,-0.18028097309537805,1.0,1.0,1.0,-1.0,-1.0,1.0,0.7915340662002495,1.2409904003511045,1.6858447789134132,1.5720487059034505,1.1780972479911096,0.0,0.22814918778122686,0.21797913049266418,-0.18028097309537805,-0.028149187781226853,-0.01797913049266417,0.18028097309537805,0.2,0.2,0.0,0.363411863421914,-0.211705931710957,0,0,254,False
0,255,0.7915340662002495,1.2409904003511045,1.6858447789134132,1.5720487059034505,1.1780972479911096,0.0,0.22814918778122686,0.21797913049266418,-0.18028097309537805,1.0,1.0,1.0,-1.0,-1.0,1.0,0.7915340662002495,1.2409904003511045,1.6858447789134132,1.5720487059034505,1.1780972479911096,0.0,0.22814918778122686,0.21797913049266418,-0.18028097309537805,-0.028149187781226853,-0.01797913049266417,0.18028097309537805,0.2,0.2,0.0,0.363411863421914,-0.211705931710957,0,0,255,False
0,256,0.7915340662002495,1.2409904003511045,1.6858447789134132,1.5720487059034505,1.1780972479911096,0.0,0.22814918778122686,0.21797913049266418,-0.18028097309537805,1.0,1.0,1.0,-1.0,-1.0,1.0,0.7915340662002495,1.2409904003511045,1.6858447789134132,1.5720487059034505,1.1780972479911096,0.0,0.22985921441730228,0.2197102720673915,-0.18052224937414213,-0.02985921441730226,-0.019710272067391486,0.18052224937414213,0.2,0.2,0.0,0.3656448339899888,-0.2351521226757425,0,0,256,False
0,257,0.7915340662002495,1.2409904003511045,1.6858447789134132,1.5720487059034505,1.1780972479911096,0.0,0.22985921441730228,0.2197102720673915,-0.18052224937414213,1.0,1.0,1.0,-1.0,-1.0,1.0,0.7915340662002495,1.2409904003511045,1.6858447789134132,1.5720487059034505,1.1780972479911096,0.0,0.22985921441730228,0.2197102720673915,-0.18052224937414213,-0.02985921441730226,-0.019710272067391486,0.18052224937414213,0.2,0.2,0.0,0.3656448339899888,-0.2128224169949944,0,0,257,False
0,258,0.7915340662002495,1.2409904003511045,1.6858447789134132,1.5720487059034505,1.1780972479911096,0.0,0.22985921441730228,0.2197102720673915,-0.18052224937414213,1.0,1.0,1.0,-1.0,-1.0,1.0,0.7915340662002495,1.2409904003511045,1.6858447789134132,1.5720487059034505,1.1780972479911096,0.0,0.22985921441730228,0.2197102720673915,-0.18052224937414213,-0.02985921441730226,-0.019710272067391486,0.18052224937414213,0.2,0.2,0.0,0.3656448339899888,-0.2128224169949944,0,0,258,False
0,259,0.7915340662002495,1.2409904003511045,1.6858447789134132,1.5720487059034505,1.1780972479911096,0.0,0.22985921441730228,0.2197102720673915,-0.18052224937414213,1.0,1.0,1.0,-1.0,-1.0,1.0,0.7915340662002495,1.2409904003511045,1.6858447789134132,1.5720487059034505,1.1780972479911096,0.0,0.22985921441730228,0.2197102720673915,-0.18052224937414213,-0.02985921441730226,-0.019710272067391486,0.18052224937414213,0.2,0.2,0.0,0.3656448339899888,-0.2128224169949944,0,0,259,False
0,260,0.7915340662002495,1.2409904003511045,1.6858447789134132,1.5720487059034505,1.1780972479911096,0.0,0.22985921441730228,0.2197102720673915,-0.18052224937414213,1.0,1.0,1.0,-1.0,-1.0,1.0,0.7915340662002495,1.2409904003511045,1.6858447789134132,1.5720487059034505,1.1780972479911096,0.0,0.23551067466086328,0.22543151498791555,-0.1809674981822328,-0.03551067466086326,-0.025431514987915536,0.1809674981822328,0.2,0.2,0.0,0.3728724731423576,-0.28871262809486675,0,0,260,False
0,261,0.7915340662002495,1.2409904003511045,1.6858447789134132,1.5720487059034505,1.1780972479911096,0.0,0.23551067466086328,0.22543151498791555,-0.1809674981822328,1.0,1.0,1.0,1.0,-1.0,1.0,0.7915340662002495,1.2409904003511045,1.6858447789134132,1.5720487059034505,1.1780972479911096,0.0,0.23551067466086328,0.22543151498791555,-0.1809674981822328,-0.03551067466086326,-0.025431514987915536,0.1809674981822328,0.2,0.2,0.0,0.3728724731423576,-0.2164362365711788,0,0,261,False
0,262,0.7915340662002495,1.2409904003511045,1.6858447789134132,1.5720487059034505,1.1780972479911096,0.0,0.23551067466086328,0.22543151498791555,-0.1809674981822328,1.0,1.0,1.0,1.0,-1.0,1.0,0.7915340662002495,1.2409904003511045,1.6858447789134132,1.5720487059034505,1.1780972479911096,0.0,0.23551067466086328,0.22543151498791555,-0.1809674981822328,-0.03551067466086326,-0.025431514987915536,0.1809674981822328,0.2,0.2,0.0,0.3728724731423576,-0.2164362365711788,0,0,262,False
0,263,0.7915340662002495,1.2409904003511045,1.6858447789134132,1.5720487059034505,1.1780972479911096,0.0,0.23551067466086328,0.22543151498791555,-0.1809674981822328,1.0,1.0,1.0,1.0,-1.0,1.0,0.7915340662002495,1.2409904003511045,1.6858447789134132,1.5720487059034505,1.1780972479911096,0.0,0.2371146970087315,0.22705534336263816,-0.18099594281825834,-0.037114697008731504,-0.027055343362638144,0.18099594281825834,0.2,0.2,0.0,0.3748827013930335,-0.23754363320327546,0,0,263,False
0,264,0.7915340662002495,1.2409904003511045,1.6858447789134132,1.5720487059034505,1.1780972479911096,0.0,0.2371146970087315,0.22705534336263816,-0.18099594281825834,1.0,1.0,1.0,1.0,-1.0,1.0,0.7915340662002495,1.2409904003511045,1.6858447789134132,1.5720487059034505,1.1780972479911096,0.0,0.23644354817604277,0.22637590736872903,-0.18098929668173797,-0.036443548176042756,-0.02637590736872901,0.18098929668173797,0.2,0.2,0.0,0.37404375201898804,-0.20863238226903963,0,0,264,False
0,265,0.7915340662002495,1.2409904003511045,1.6858447789134132,1.5720487059034505,1.1780972479911096,0.0,0.23644354817604277,0.22637590736872903,-0.18098929668173797,1.0,1.0,1.0,1.0,-1.0,1.0,0.7915340662002495,1.2409904003511045,1.6858447789134132,1.5720487059034505,1.1780972479911096,0.0,0.23605268401865276,0.22598021692821088,-0.18098194194642564,-0.036052684018652734,-0.025980216928210863,0.18098194194642564,0.2,0.2,0.0,0.37355373293012417,-0.2118766755764234,0,0,265,False
0,266,0.7915340662002495,1.2409904003511045,1.6858447789134132,1.5720487059034505,1.1780972479911096,0.0,0.23605268401865276,0.22598021692821088,-0.18098194194642564,1.0,1.0,1.0,1.0,-1.0,1.0,0.7915340662002665,1.2409904003695682,1.6858447789327777,1.7892493632580568,1.1780972480927592,0.0,0.23605268401865276,0.22598021692821088,-0.18098194194642564,-0.036052684018652734,-0.025980216928210863,0.18098194194642564,0.2,0.2,0.0,0.37355373293012417,-0.21677686646506208,0,0,266,False
0,267,0.7915340662002665,1.2409904003695682,1.6858447789327777,1.7892493632580568,1.1780972480927592,0.0,0.23605268401865276,0.22598021692821088,-0.18098194194642564,1.0,1.0,1.0,1.0,-1.0,1.0,0.7915340662002657,1.240990400370715,1.685844778930812,1.79402336997227,1.1780972480914977,0.0,0.23583935507764459,0.2257642538601044,-0.18097684577694542,-0.035839355077644575,-0.02576425386010439,0.18097684577694542,0.2,0.2,0.0,0.3732858401169555,-0.21396399192679083,0,0,267,False
0,268,0.7915340662002657,1.240990400370715,1.685844778930812,1.79402336997227,1.1780972480914977,0.0,0.23583935507764459,0.2257642538601044,-0.18097684577694542,1.0,1.0,1.0,1.0,-1.0,1.0,0.7915340662002657,1.240990400370715,1.685844778930812,1.79402336997227,1.1780972480914977,0.0,0.23259522362979357,0.22248006476926369,-0.18080507769976564,-0.03259522362979356,-0.02248006476926366,0.18080507769976564,0.2,0.2,0.0,0.36917257942207427,-0.17345368276222498,0,0,268,False
0,269,0.7915340662002657,1.240990400370715,1.685844778930812,1.79402336997227,1.1780972480914977,0.0,0.23259522362979357,0.22248006476926369,-0.18080507769976564,1.0,1.0,1.0,1.0,-1.0,1.0,0.7915340662002657,1.240990400370715,1.685844778930812,1.79402336997227,1.1780972480914977,0.0,0.22866632625231012,0.21850265444738332,-0.18035919458200245,-0.028666326252310113,-0.01850265444738329,0.18035919458200245,0.2,0.2,0.0,0.36408946405045717,-0.1612135783090576,0,0,269,False
0,270,0.7915340662002657,1.240990400370715,1.685844778930812,1.79402336997227,1.1780972480914977,0.0,0.22866632625231012,0.21850265444738332,-0.18035919458200245,1.0,1.0,1.0,1.0,-1.0,1.0,0.7915340662002657,1.240990400370715,1.685844778930812,1.79402336997227,1.1780972480914977,0.0,0.2273081874183199,0.21712774568853843,-0.18014400240939907,-0.02730818741831989,-0.017127745688538424,0.18014400240939907,0.2,0.2,0.0,0.3623055776816943,-0.1933139251532185,0,0,270,False
0,271,0.7915340662002657,1.240990400370715,1.685844778930812,1.79402336997227,1.1780972480914977,0.0,0.2273081874183199,0.21712774568853843,-0.18014400240939907,1.0,1.0,1.0,1.0,-1.0,1.0,0.7915340662002657,1.240990400370715,1.685844778930812,1.79402336997227,1.1780972480914977,0.0,0.22726403172126602,0.21708304476907925,-0.1801364762430589,-0.02726403172126602,-0.017083044769079236,0.1801364762430589,0.2,0.2,0.0,0.36224734438458595,-0.2105413392212094,0,0,271,False
0,272,0.7915340662002657,1.240990400370715,1.685844778930812,1.79402336997227,1.1780972480914977,0.0,0.22726403172126602,0.21708304476907925,-0.1801364762430589,1.0,1.0,1.0,1.0,-1.0,1.0,0.7915340662002552,1.2409904003656702,1.6858447789408828,1.8929403390953146,1.1780972480878726,0.0,0.22719917459642994,0.2170173868062994,-0.18012536097498819,-0.027199174596429915,-0.01701738680629939,0.18012536097498819,0.2,0.2,0.0,0.3621617826053763,-0.21022527351059161,0,0,272,False
0,273,0.7915340662002552,1.2409904003656702,1.6858447789408828,1.8929403390953146,1.1780972480878726,0.0,0.22719917459642994,0.2170173868062994,-0.18012536097498819,1.0,1.0,1.0,1.0,-1.0,1.0,0.7915340662002552,1.2409904003656702,1.6858447789408828,1.8929403390953146,1.1780972480878726,0.0,0.22708057723228572,0.21689732503451445,-0.18010484904238125,-0.027080577232285723,-0.01689732503451443,0.18010484904238125,0.2,0.2,0.0,0.3620052414148928,-0.20943720880261169,0,0,273,False
0,274,0.7915340662002552,1.2409904003656702,1.6858447789408828,1.8929403390953146,1.1780972480878726,0.0,0.22708057723228572,0.21689732503451445,-0.18010484904238125,1.0,1.0,1.0,1.0,-1.0,1.0,0.7915340662002552,1.2409904003656702,1.6858447789408828,1.8929403390953146,1.1780972480878726,0.0,0.2270490682759504,0.2168654270142502,-0.1800993588500006,-0.027049068275950387,-0.01686542701425021,0.1800993588500006,0.2,0.2,0.0,0.3619636333904714,-0.21056573645102133,0,0,274,False
0,275,0.7915340662002552,1.2409904003656702,1.6858447789408828,1.8929403390953146,1.1780972480878726,0.0,0.2270490682759504,0.2168654270142502,-0.1800993588500006,1.0,1.0,1.0,1.0,-1.0,1.0,0.7915340662002558,1.2409904003650054,1.6858447789422668,1.8953087847928083,1.17809724808946,0.0,0.22703400172633448,0.2168501744270218,-0.180096727597551,-0.027034001726334463,-0.01685017442702179,0.180096727597551,0.2,0.2,0.0,0.3619437351029156,-0.21077288467590005,0,0,275,False
0,276,0.7915340662002558,1.2409904003650054,1.6858447789422668,1.8953087847928083,1.17809724808946,0.0,0.22703400172633448,0.2168501744270218,-0.180096727597551,1.0,1.0,1.0,1.0,-1.0,1.0,0.7915340662002558,1.2409904003650054,1.6858447789422668,1.8953087847928083,1.17809724808946,0.0,0.22700942748175482,0.21682529674642784,-0.1800924275418325,-0.027009427481754802,-0.016825296746427822,0.1800924275418325,0.2,0.2,0.0,0.3619112763270589,-0.2106310504049622,0,0,276,False
0,277,0.7915340662002558,1.2409904003650054,1.6858447789422668,1.8953087847928083,1.17809724808946,0.0,0.22700942748175482,0.21682529674642784,-0.1800924275418325,1.0,1.0,1.0,1.0,-1.0,1.0,0.7915340662002558,1.2409904003650054,1.6858447789422668,1.8953087847928083,1.17809724808946,0.0,0.22700571530661653,0.2168215387343717,-0.18009177707591145,-0.027005715306616527,-0.016821538734371685,0.18009177707591145,0.2,0.2,0.0,0.3619063727145035,-0.21090415023169778,0,0,277,False
0,278,0.7915340662002558,1.2409904003650054,1.6858447789422668,1.8953087847928083,1.17809724808946,0.0,0.22700571530661653,0.2168215387343717,-0.18009177707591145,1.0,1.0,1.0,1.0,-1.0,1.0,0.7915340662002558,1.2409904003650054,1.6858447789422668,1.8953087847928083,1.17809724808946,0.0,0.22700471494270572,0.21682052601824184,-0.18009160174648678,-0.02700471494270571,-0.016820526018241834,0.18009160174648678,0.2,0.2,0.0,0.36190505126160005,-0.21093931110176567,0,0,278,False
0,279,0.7915340662002558,1.2409904003650054,1.6858447789422668,1.8953087847928083,1.17809724808946,0.0,0.22700471494270572,0.21682052601824184,-0.18009160174648678,1.0,1.0,1.0,1.0,-1.0,1.0,0.7915340662002558,1.2409904003650054,1.6858447789422668,1.8953087847928083,1.17809724808946,0.0,0.2270041270454639,0.2168199308618066,-0.18009149870040003,-0.02700412704546391,-0.01681993086180657,0.18009149870040003,0.2,0.2,0.0,0.3619042746621652,-0.21094437133673388,0,0,279,False
0,280,0.7915340662002558,1.2409904003650054,1.6858447789422668,1.8953087847928083,1.17809724808946,0.0,0.2270041270454639,0.2168199308618066,-0.18009149870040003,1.0,1.0,1.0,1.0,-1.0,1.0,0.7915340662002558,1.2409904003650054,1.6858447789422668,1.8953087847928083,1.17809724808946,0.0,0.2270024956507936,0.21681827932312248,-0.18009121271959774,-0.0270024956507936,-0.016818279323122465,0.18009121271959774,0.2,0.2,0.0,0.36190211961128876,-0.2109295092968802,0,0,280,False
0,281,0.7915340662002558,1.2409904003650054,1.6858447789422668,1.8953087847928083,1.17809724808946,0.0,0.2270024956507936,0.21681827932312248,-0.18009121271959774,1.0,1.0,1.0,1.0,-1.0,1.0,0.7915340662002558,1.2409904003650054,1.6858447789422668,1.8953087847928083,1.17809724808946,0.0,0.2270024956507936,0.21681827932312248,-0.18009121271959774,-0.0270024956507936,-0.016818279323122465,0.18009121271959774,0.2,0.2,0.0,0.36190211961128876,-0.21095105980564438,0,0,281,False
0,282,0.7915340662002558,1.2409904003650054,1.6858447789422668,1.8953087847928083,1.17809724808946,0.0,0.2270024956507936,0.21681827932312248,-0.18009121271959774,1.0,1.0,1.0,1.0,-1.0,1.0,0.7915340662002558,1.2409904003650054,1.6858447789422668,1.8953087847928083,1.17809724808946,0.0,0.2270024956507936,0.21681827932312248,-0.18009121271959774,-0.0270024956507936,-0.016818279323122465,0.18009121271959774,0.2,0.2,0.0,0.36190211961128876,-0.21095105980564438,0,0,282,False
0,283,0.7915340662002558,1.2409904003650054,1.6858447789422668,1.8953087847928083,1.17809724808946,0.0,0.2270024956507936,0.21681827932312248,-0.18009121271959774,1.0,1.0,1.0,1.0,-1.0,1.0,0.7915340662002558,1.2409904003650054,1.6858447789422668,1.8953087847928083,1.17809724808946,0.0,0.22700144026172123,0.2168172109023953,-0.18009102768725602,-0.027001440261721226,-0.01681721090239529,0.18009102768725602,0.2,0.2,0.0,0.3619007254453099,-0.2109364210628661,0,0,283,False
0,284,0.7915340662002558,1.2409904003650054,1.6858447789422668,1.8953087847928083,1.17809724808946,0.0,0.22700144026172123,0.2168172109023953,-0.18009102768725602,1.0,1.0,1.0,1.0,-1.0,1.0,0.7915340662002562,1.2409904003687846,1.6858447789370068,1.8959046314600716,1.1780972480911363,0.0,0.22700021986788763,0.2168159754394745,-0.18009081370260335,-0.02700021986788761,-0.016815975439474502,0.18009081370260335,0.2,0.2,0.0,0.3618991132980377,-0.21093343517629706,0,0,284,False
0,285,0.7915340662002562,1.2409904003687846,1.6858447789370068,1.8959046314600716,1.1780972480911363,0.0,0.22700021986788763,0.2168159754394745,-0.18009081370260335,1.0,1.0,1.0,1.0,-1.0,1.0,0.7915340662002562,1.2409904003687846,1.6858447789370068,1.8959046314600716,1.1780972480911363,0.0,0.22699810438745302,0.21681383383766933,-0.18009044271216662,-0.026998104387453013,-0.016813833837669337,0.18009044271216662,0.2,0.2,0.0,0.36189631870903255,-0.21092021346446477,0,0,285,False
0,286,0.7915340662002562,1.2409904003687846,1.6858447789370068,1.8959046314600716,1.1780972480911363,0.0,0.22699810438745302,0.21681383383766933,-0.18009044271216662,1.0,1.0,1.0,1.0,-1.0,1.0,0.7915340662002562,1.2409904003687846,1.6858447789370068,1.8959046314600716,1.1780972480911363,0.0,0.22699604456927205,0.21681174858542007,-0.1800900814093782,-0.02699604456927205,-0.016811748585420064,0.1800900814093782,0.2,0.2,0.0,0.3618935976178617,-0.21091958789722254,0,0,286,False
0,287,0.7915340662002562,1.2409904003687846,1.6858447789370068,1.8959046314600716,1.1780972480911363,0.0,0.22699604456927205,0.21681174858542007,-0.1800900814093782,1.0,1.0,1.0,1.0,-1.0,1.0,0.7915340662002562,1.2409904003687846,1.6858447789370068,1.8959046314600716,1.1780972480911363,0.0,0.22699532693548763,0.2168110220904911,-0.18008995551559964,-0.02699532693548761,-0.016811022090491096,0.18008995551559964,0.2,0.2,0.0,0.36189264959112255,-0.2109368445281696,0,0,287,False
0,288,0.7915340662002562,1.2409904003687846,1.6858447789370068,1.8959046314600716,1.1780972480911363,0.0,0.22699532693548763,0.2168110220904911,-0.18008995551559964,1.0,1.0,1.0,1.0,-1.0,1.0,0.7915340662002562,1.240990400367041,1.685844778939512,1.8959682686923172,1.1780972480908223,0.0,0.22699454776869332,0.216810233302759,-0.18008981881692984,-0.0269945477686933,-0.016810233302759,0.18008981881692984,0.2,0.2,0.0,0.3618916202719054,-0.21093551694378132,0,0,288,False
0,289,0.7915340662002562,1.240990400367041,1.685844778939512,1.8959682686923172,1.1780972480908223,0.0,0.22699454776869332,0.216810233302759,-0.18008981881692984,1.0,1.0,1.0,1.0,-1.0,1.0,0.7915340662002562,1.240990400367041,1.685844778939512,1.8959682686923172,1.1780972480908223,0.0,0.22699349763606702,0.2168091702033849,-0.1800896345635445,-0.026993497636067,-0.01680917020338487,0.1800896345635445,0.2,0.2,0.0,0.36189023298586886,-0.21093124363256896,0,0,289,False
0,290,0.7915340662002562,1.240990400367041,1.685844778939512,1.8959682686923172,1.1780972480908223,0.0,0.22699349763606702,0.2168091702033849,-0.1800896345635445,1.0,1.0,1.0,1.0,-1.0,1.0,0.7915340662002562,1.240990400367041,1.685844778939512,1.8959682686923172,1.1780972480908223,0.0,0.22699308226369963,0.21680874970211325,-0.18008956167791612,-0.02699308226369962,-0.01680874970211324,0.18008956167791612,0.2,0.2,0.0,0.3618896842524145,-0.21093935479166384,0,0,290,False
0,291,0.7915340662002562,1.240990400367041,1.685844778939512,1.8959682686923172,1.1780972480908223,0.0,0.22699308226369963,0.21680874970211325,-0.18008956167791612,1.0,1.0,1.0,1.0,-1.0,1.0,0.7915340662002562,1.240990400367041,1.685844778939512,1.8959682686923172,1.1780972480908223,0.0,0.2269930644883815,0.21680873170731044,-0.18008955855883305,-0.02699306448838149,-0.016808731707310433,0.18008955855883305,0.2,0.2,0.0,0.36188966077006735,-0.2109445955615619,0,0,291,False
0,292,0.7915340662002562,1.240990400367041,1.685844778939512,1.8959682686923172,1.1780972480908223,0.0,0.2269930644883815,0.21680873170731044,-0.18008955855883305,1.0,1.0,1.0,1.0,-1.0,1.0,0.7915340662002562,1.240990400367041,1.685844778939512,1.8959682686923172,1.1780972480908223,0.0,0.2269929672051196,0.2168086332228215,-0.1800895414880405,-0.026992967205119584,-0.016808633222821494,0.1800895414880405,0.2,0.2,0.0,0.3618895322524611,-0.21094348095016832,0,0,292,False
0,293,0.7915340662002562,1.240990400367041,1.685844778939512,1.8959682686923172,1.1780972480908223,0.0,0.2269929672051196,0.2168086332228215,-0.1800895414880405,1.0,1.0,1.0,1.0,-1.0,1.0,0.7915340662002562,1.240990400367041,1.685844778939512,1.8959682686923172,1.1780972480908223,0.0,0.22699290656083326,0.21680857182971605,-0.18008953084636445,-0.026992906560833245,-0.01680857182971605,0.18008953084636445,0.2,0.2,0.0,0.36188945213730667,-0.21094392491710878,0,0,293,False
0,294,0.7915340662002562,1.240990400367041,1.685844778939512,1.8959682686923172,1.1780972480908223,0.0,0.22699290656083326,0.21680857182971605,-0.18008953084636445,1.0,1.0,1.0,1.0,-1.0,1.0,0.7915340662002562,1.240990400367041,1.685844778939512,1.8959682686923172,1.1780972480908223,0.0,0.22699282188591788,0.21680848610925876,-0.18008951598804057,-0.026992821885917877,-0.016808486109258745,0.18008951598804057,0.2,0.2,0.0,0.3618893402761781,-0.21094355152680322,0,0,294,False
0,295,0.7915340662002562,1.240990400367041,1.685844778939512,1.8959682686923172,1.1780972480908223,0.0,0.22699282188591788,0.21680848610925876,-0.18008951598804057,1.0,1.0,1.0,1.0,-1.0,1.0,0.7915340662002562,1.2409904003659495,1.6858447789410553,1.8959990501633157,1.1780972480906218,0.0,0.2269928182675348,0.21680848244619655,-0.1800895153529723,-0.02699281826753481,-0.016808482446196524,0.1800895153529723,0.2,0.2,0.0,0.36188933549599006,-0.2109446199461148,0,0,295,False
0,296,0.7915340662002562,1.2409904003659495,1.6858447789410553,1.8959990501633157,1.1780972480906218,0.0,0.2269928182675348,0.21680848244619655,-0.1800895153529723,1.0,1.0,1.0,1.0,-1.0,1.0,0.7915340662002562,1.240990400368611,1.685844778937264,1.895999125315368,1.1780972480913048,0.0,0.2269928161345669,0.21680848028689062,-0.18008951497843317,-0.026992816134566902,-0.0168084802868906,0.18008951497843317,0.2,0.2,0.0,0.3618893326780711,-0.21094463815984602,0,0,296,False
0,297,0.7915340662002562,1.240990400368611,1.685844778937264,1.895999125315368,1.1780972480913048,0.0,0.2269928161345669,0.21680848028689062,-0.18008951497843317,1.0,1.0,1.0,1.0,-1.0,1.0,0.7915340662002562,1.2409904003694776,1.685844778936029,1.8959991589024332,1.178097248091527,0.0,0.22699281328363957,0.21680847740076034,-0.18008951447799562,-0.026992813283639557,-0.01680847740076032,0.18008951447799562,0.2,0.2,0.0,0.3618893289117233,-0.21094462679238377,0,0,297,False
0,298,0.7915340662002562,1.2409904003694776,1.685844778936029,1.8959991589024332,1.178097248091527,0.0,0.22699281328363957,0.21680847740076034,-0.18008951447799562,1.0,1.0,1.0,1.0,-1.0,1.0,0.7915340662002562,1.2409904003696521,1.6858447789357802,1.8959991851492122,1.178097248091572,0.0,0.22699281052799666,0.21680847461109104,-0.18008951399428172,-0.026992810527996642,-0.016808474611091022,0.18008951399428172,0.2,0.2,0.0,0.3618893252712543,-0.21094462623093677,0,0,298,False
0,299,0.7915340662002562,1.2409904003696521,1.6858447789357802,1.8959991851492122,1.178097248091572,0.0,0.22699281052799666,0.21680847461109104,-0.18008951399428172,1.0,1.0,1.0,1.0,-1.0,1.0,0.7915340662002562,1.2409904003706071,1.6858447789344195,1.8959992149194684,1.178097248091817,0.0,0.22699280802308522,0.21680847207524911,-0.18008951355454597,-0.026992808023085204,-0.01680847207524911,0.18008951355454597,0.2,0.2,0.0,0.36188932196200857,-0.21094462788854718,0,0,299,False
0,300,0.7915340662002562,1.2409904003706071,1.6858447789344195,1.8959992149194684,1.178097248091817,0.0,0.22699280802308522,0.21680847207524911,-0.18008951355454597,1.0,1.0,1.0,1.0,-1.0,1.0,0.7915340662002562,1.2409904003706071,1.6858447789344195,1.8959992149194684,1.178097248091817,0.0,0.22699274406956715,0.2168084073320527,-0.18008950233277699,-0.02699274406956713,-0.016808407332052695,0.18008950233277699,0.2,0.2,0.0,0.36188923747544716,-0.21094377387210944,0,0,300,False
0,301,0.7915340662002562,1.2409904003706071,1.6858447789344195,1.8959992149194684,1.178097248091817,0.0,0.22699274406956715,0.2168084073320527,-0.18008950233277699,1.0,1.0,1.0,1.0,-1.0,1.0,0.7915340662002562,1.2409904003706071,1.6858447789344195,1.8959992149194684,1.178097248091817,0.0,0.22699274172752845,0.21680840496109527,-0.18008950192183534,-0.026992741727528444,-0.016808404961095272,0.18008950192183534,0.2,0.2,0.0,0.361889234381474,-0.21094458625100568,0,0,301,False
0,302,0.7915340662002562,1.2409904003706071,1.6858447789344195,1.8959992149194684,1.178097248091817,0.0,0.22699274172752845,0.21680840496109527,-0.18008950192183534,1.0,1.0,1.0,1.0,-1.0,1.0,0.7915340662002562,1.2409904003676357,1.6858447789386533,1.8960000069597873,1.1780972480910585,0.0,0.22699274172752845,0.21680840496109527,-0.18008950192183534,-0.026992741727528444,-0.016808404961095272,0.18008950192183534,0.2,0.2,0.0,0.361889234381474,-0.210944617190737,0,0,302,False
0,303,0.7915340662002562,1.2409904003676357,1.6858447789386533,1.8960000069597873,1.1780972480910585,0.0,0.22699274172752845,0.21680840496109527,-0.18008950192183534,1.0,1.0,1.0,1.0,-1.0,1.0,0.7915340662002562,1.2409904003680927,1.6858447789380022,1.896000016640514,1.1780972480911756,0.0,0.22699274129222255,0.21680840452041356,-0.1800895018451781,-0.026992741292222528,-0.01680840452041354,0.1800895018451781,0.2,0.2,0.0,0.3618892338062706,-0.21094461115110089,0,0,303,False
0,304,0.7915340662002562,1.2409904003680927,1.6858447789380022,1.896000016640514,1.1780972480911756,0.0,0.22699274129222255,0.21680840452041356,-0.1800895018451781,1.0,1.0,1.0,1.0,-1.0,1.0,0.7915340662002562,1.2409904003689012,1.6858447789368505,1.8960000220242592,1.1780972480913832,0.0,0.22699274052409973,0.21680840374280586,-0.18008950171028246,-0.02699274052409972,-0.016808403742805855,0.18008950171028246,0.2,0.2,0.0,0.36188923279147533,-0.2109446062477852,0,0,304,False
0,305,0.7915340662002562,1.2409904003689012,1.6858447789368505,1.8960000220242592,1.1780972480913832,0.0,0.22699274052409973,0.21680840374280586,-0.18008950171028246,1.0,1.0,1.0,1.0,-1.0,1.0,0.7915340662002562,1.2409904003700858,1.6858447789351632,1.89600002778138,1.1780972480916596,0.0,0.22699273986702928,0.21680840307762173,-0.18008950159483778,-0.026992739867029266,-0.01680840307762172,0.18008950159483778,0.2,0.2,0.0,0.36188923192336964,-0.21094460728062783,0,0,305,False
0,306,0.7915340662002562,1.2409904003700858,1.6858447789351632,1.89600002778138,1.1780972480916596,0.0,0.22699273986702928,0.21680840307762173,-0.18008950159483778,1.0,1.0,1.0,1.0,-1.0,1.0,0.7915340662002562,1.240990400371125,1.6858447789336828,1.8960000338540164,1.178097248091927,0.0,0.2269927393489328,0.2168084025531274,-0.1800895015037267,-0.026992739348932798,-0.01680840255312737,0.1800895015037267,0.2,0.2,0.0,0.3618892312388312,-0.21094460877403134,0,0,306,False
0,307,0.7915340662002562,1.240990400371125,1.6858447789336828,1.8960000338540164,1.178097248091927,0.0,0.2269927393489328,0.2168084025531274,-0.1800895015037267,1.0,1.0,1.0,1.0,-1.0,1.0,0.7915340662002562,1.2409904003717644,1.6858447789327717,1.89600003933819,1.1780972480920917,0.0,0.22699273876668932,0.21680840196369408,-0.1800895014014054,-0.026992738766689322,-0.016808401963694077,0.1800895014014054,0.2,0.2,0.0,0.3618892304695734,-0.21094460754220845,0,0,307,False
0,308,0.7915340662002562,1.2409904003717644,1.6858447789327717,1.89600003933819,1.1780972480920917,0.0,0.22699273876668932,0.21680840196369408,-0.1800895014014054,1.0,1.0,1.0,1.0,-1.0,1.0,0.7915340662002562,1.2409904003725405,1.6858447789316664,1.896000046006085,1.1780972480922915,0.0,0.22699273820236343,0.2168084013923996,-0.18008950130223222,-0.026992738202363406,-0.0168084013923996,0.18008950130223222,0.2,0.2,0.0,0.3618892297239879,-0.21094460740613913,0,0,308,False
0,309,0.7915340662002562,1.2409904003725405,1.6858447789316664,1.896000046006085,1.1780972480922915,0.0,0.22699273820236343,0.2168084013923996,-0.18008950130223222,1.0,1.0,1.0,1.0,-1.0,1.0,0.7915340662002562,1.2409904003733734,1.6858447789304798,1.8960000503265853,1.1780972480925058,0.0,0.22699273780190282,0.21680840098699358,-0.1800895012317315,-0.026992737801902818,-0.016808400986993568,0.1800895012317315,0.2,0.2,0.0,0.3618892291948383,-0.21094460930592301,0,0,309,False
0,310,0.7915340662002562,1.2409904003733734,1.6858447789304798,1.8960000503265853,1.1780972480925058,0.0,0.22699273780190282,0.21680840098699358,-0.1800895012317315,1.0,1.0,1.0,1.0,-1.0,1.0,0.7915340662002562,1.2409904003733734,1.6858447789304798,1.8960000503265853,1.1780972480925058,0.0,0.2269927373372599,0.21680840051661285,-0.18008950115001626,-0.02699273733725988,-0.016808400516612827,0.18008950115001626,0.2,0.2,0.0,0.3618892285809236,-0.21094460815131483,0,0,310,False
0,311,0.7915340662002562,1.2409904003733734,1.6858447789304798,1.8960000503265853,1.1780972480925058,0.0,0.2269927373372599,0.21680840051661285,-0.18008950115001626,1.0,1.0,1.0,1.0,-1.0,1.0,0.7915340662002562,1.2409904003733734,1.6858447789304798,1.8960000503265853,1.1780972480925058,0.0,0.2269927365709281,0.21680839974081867,-0.18008950101556423,-0.0269927365709281,-0.01680839974081866,0.18008950101556423,0.2,0.2,0.0,0.361889227568559,-0.2109446036606337,0,0,311,False
0,312,0.7915340662002562,1.2409904003733734,1.6858447789304798,1.8960000503265853,1.1780972480925058,0.0,0.2269927365709281,0.21680839974081867,-0.18008950101556423,1.0,1.0,1.0,1.0,-1.0,1.0,0.7915340662002562,1.2409904003733734,1.6858447789304798,1.8960000503265853,1.1780972480925058,0.0,0.2269927365709281,0.21680839974081867,-0.18008950101556423,-0.0269927365709281,-0.01680839974081866,0.18008950101556423,0.2,0.2,0.0,0.361889227568559,-0.2109446137842795,0,0,312,False
0,313,0.7915340662002562,1.2409904003733734,1.6858447789304798,1.8960000503265853,1.1780972480925058,0.0,0.2269927365709281,0.21680839974081867,-0.18008950101556423,1.0,1.0,1.0,1.0,-1.0,1.0,0.7915340662002562,1.2409904003733734,1.6858447789304798,1.8960000503265853,1.1780972480925058,0.0,0.2269927365709281,0.21680839974081867,-0.18008950101556423,-0.0269927365709281,-0.01680839974081866,0.18008950101556423,0.2,0.2,0.0,0.361889227568559,-0.2109446137842795,0,0,313,False
0,314,0.7915340662002562,1.2409904003733734,1.6858447789304798,1.8960000503265853,1.1780972480925058,0.0,0.2269927365709281,0.21680839974081867,-0.18008950101556423,1.0,1.0,1.0,1.0,-1.0,1.0,0.7915340662002562,1.2409904003733734,1.6858447789304798,1.8960000503265853,1.1780972480925058,0.0,0.22699273574512233,0.216808398904815,-0.1800895008702849,-0.026992735745122308,-0.01680839890481497,0.1800895008702849,0.2,0.2,0.0,0.36188922647743005,-0.21094460232742537,0,0,314,False
0,315,0.7915340662002562,1.2409904003733734,1.6858447789304798,1.8960000503265853,1.1780972480925058,0.0,0.22699273574512233,0.216808398904815,-0.1800895008702849,1.0,1.0,1.0,1.0,-1.0,1.0,0.7915340662002562,1.2409904003733734,1.6858447789304798,1.8960000503265853,1.1780972480925058,0.0,0.22699272522743758,0.2168083882572647,-0.18008949902601135,-0.02699272522743757,-0.016808388257264686,0.18008949902601135,0.2,0.2,0.0,0.3618892125835358,-0.21094446735282532,0,0,315,False
0,316,0.7915340662002562,1.2409904003733734,1.6858447789304798,1.8960000503265853,1.1780972480925058,0.0,0.22699272522743758,0.2168083882572647,-0.18008949902601135,1.0,1.0,1.0,1.0,-1.0,1.0,0.7915340662002562,1.2409904003733734,1.6858447789304798,1.8960000503265853,1.1780972480925058,0.0,0.22699272148529073,0.21680838446891185,-0.18008949836968188,-0.026992721485290732,-0.016808384468911836,0.18008949836968188,0.2,0.2,0.0,0.3618892076400758,-0.21094455438543816,0,0,316,False
0,317,0.7915340662002562,1.2409904003733734,1.6858447789304798,1.8960000503265853,1.1780972480925058,0.0,0.22699272148529073,0.21680838446891185,-0.18008949836968188,1.0,1.0,1.0,1.0,-1.0,1.0,0.7915340662002562,1.2409904003733734,1.6858447789304798,1.8960000503265853,1.1780972480925058,0.0,0.22699272062061174,0.21680838359355653,-0.1800894982181348,-0.026992720620611716,-0.016808383593556533,0.1800894982181348,0.2,0.2,0.0,0.3618892064978692,-0.21094459182686853,0,0,317,False
0,318,0.7915340662002562,1.2409904003733734,1.6858447789304798,1.8960000503265853,1.1780972480925058,0.0,0.22699272062061174,0.21680838359355653,-0.1800894982181348,1.0,1.0,1.0,1.0,-1.0,1.0,0.7915340662002562,1.2409904003733734,1.6858447789304798,1.8960000503265853,1.1780972480925058,0.0,0.22699272004187573,0.2168083830076739,-0.18008949811637995,-0.026992720041875713,-0.016808383007673885,0.18008949811637995,0.2,0.2,0.0,0.36188920573322053,-0.2109445952201235,0,0,318,False
0,319,0.7915340662002562,1.2409904003733734,1.6858447789304798,1.8960000503265853,1.1780972480925058,0.0,0.22699272004187573,0.2168083830076739,-0.18008949811637995,1.0,1.0,1.0,1.0,-1.0,1.0,0.7915340662002562,1.2409904003733734,1.6858447789304798,1.8960000503265853,1.1780972480925058,0.0,0.22699272004187573,0.2168083830076739,-0.18008949811637995,-0.026992720041875713,-0.016808383007673885,0.18008949811637995,0.2,0.2,0.0,0.36188920573322053,-0.21094460286661026,0,0,319,False
0,320,0.7915340662002562,1.2409904003733734,1.6858447789304798,1.8960000503265853,1.1780972480925058,0.0,0.22699272004187573,0.2168083830076739,-0.18008949811637995,1.0,1.0,1.0,1.0,-1.0,1.0,0.7915340662002562,1.2409904003733734,1.6858447789304798,1.8960000503265853,1.1780972480925058,0.0,0.2269927195859764,0.21680838254614643,-0.18008949803678545,-0.02699271958597638,-0.016808382546146403,0.18008949803678545,0.2,0.2,0.0,0.3618892051311495,-0.21094459654486472,0,0,320,False
0,321,0.7915340662002562,1.2409904003733734,1.6858447789304798,1.8960000503265853,1.1780972480925058,0.0,0.2269927195859764,0.21680838254614643,-0.18008949803678545,1.0,1.0,1.0,1.0,-1.0,1.0,0.7915340662002562,1.2409904003733734,1.6858447789304798,1.8960000503265853,1.1780972480925058,0.0,0.2269927195859764,0.21680838254614643,-0.18008949803678545,-0.02699271958597638,-0.016808382546146403,0.18008949803678545,0.2,0.2,0.0,0.3618892051311495,-0.21094460256557476,0,0,321,False
0,322,0.7915340662002562,1.2409904003733734,1.6858447789304798,1.8960000503265853,1.1780972480925058,0.0,0.2269927195859764,0.21680838254614643,-0.18008949803678545,1.0,1.0,1.0,1.0,-1.0,1.0,0.7915340662002562,1.2409904003733734,1.6858447789304798,1.8960000503265853,1.1780972480925058,0.0,0.2269927195843194,0.2168083825444685,-0.18008949803633184,-0.026992719584319397,-0.016808382544468488,0.18008949803633184,0.2,0.2,0.0,0.36188920512887923,-0.21094460254173666,0,0,322,False
0,323,0.7915340662002562,1.2409904003733734,1.6858447789304798,1.8960000503265853,1.1780972480925058,0.0,0.2269927195843194,0.2168083825444685,-0.18008949803633184,1.0,1.0,1.0,1.0,-1.0,1.0,0.7915340662002562,1.2409904003649432,1.685844778942489,1.8960002660366622,1.1780972480903715,0.0,0.22699271957963835,0.21680838253972992,-0.18008949803560992,-0.026992719579638322,-0.016808382539729903,0.18008949803560992,0.2,0.2,0.0,0.3618892051227449,-0.2109446025000293,0,0,323,False
0,324,0.7915340662002562,1.2409904003649432,1.685844778942489,1.8960002660366622,1.1780972480903715,0.0,0.22699271957963835,0.21680838253972992,-0.18008949803560992,1.0,1.0,1.0,1.0,-1.0,1.0,0.7915340662002562,1.2409904003649186,1.6858447789425242,1.896000266039213,1.1780972480903649,0.0,0.2269927195792281,0.2168083825393139,-0.18008949803528976,-0.026992719579228077,-0.016808382539313875,0.18008949803528976,0.2,0.2,0.0,0.36188920512207906,-0.21094460255438097,0,0,324,False
0,325,0.7915340662002562,1.2409904003649186,1.6858447789425242,1.896000266039213,1.1780972480903649,0.0,0.2269927195792281,0.2168083825393139,-0.18008949803528976,1.0,1.0,1.0,1.0,-1.0,1.0,0.7915340662002562,1.2409904003681353,1.6858447789379416,1.896000266041675,1.1780972480911898,0.0,0.22699271957919911,0.2168083825392837,-0.18008949803499355,-0.026992719579199093,-0.01680838253928369,0.18008949803499355,0.2,0.2,0.0,0.3618892051218954,-0.21094460255911082,0,0,325,False
0,326,0.7915340662002562,1.2409904003681353,1.6858447789379416,1.896000266041675,1.1780972480911898,0.0,0.22699271957919911,0.2168083825392837,-0.18008949803499355,1.0,1.0,1.0,1.0,-1.0,1.0,0.7915340662002562,1.2409904003690528,1.6858447789366344,1.8960002660425344,1.178097248091425,0.0,0.2269927195791443,0.21680838253922757,-0.1800894980347603,-0.026992719579144283,-0.01680838253922756,0.1800894980347603,0.2,0.2,0.0,0.3618892051217113,-0.2109446025590149,0,0,326,False
0,327,0.7915340662002562,1.2409904003690528,1.6858447789366344,1.8960002660425344,1.178097248091425,0.0,0.2269927195791443,0.21680838253922757,-0.1800894980347603,1.0,1.0,1.0,1.0,-1.0,1.0,0.7915340662002562,1.240990400369908,1.6858447789354163,1.8960002660437445,1.178097248091644,0.0,0.22699271957906594,0.2168083825391478,-0.18008949803458726,-0.026992719579065936,-0.01680838253914778,0.18008949803458726,0.2,0.2,0.0,0.3618892051215282,-0.21094460255893335,0,0,327,False
0,328,0.7915340662002562,1.240990400369908,1.6858447789354163,1.8960002660437445,1.178097248091644,0.0,0.22699271957906594,0.2168083825391478,-0.18008949803458726,1.0,1.0,1.0,1.0,-1.0,1.0,0.7915340662002562,1.2409904003707926,1.685844778934156,1.8960002660445623,1.178097248091871,0.0,0.22699271957906594,0.2168083825391478,-0.18008949803458726,-0.026992719579065936,-0.01680838253914778,0.18008949803458726,0.2,0.2,0.0,0.3618892051215282,-0.2109446025607641,0,0,328,False
0,329,0.7915340662002562,1.2409904003707926,1.685844778934156,1.8960002660445623,1.178097248091871,0.0,0.22699271957906594,0.2168083825391478,-0.18008949803458726,1.0,1.0,1.0,1.0,-1.0,1.0,0.7915340662002562,1.2409904003718144,1.6858447789327005,1.896000266045592,1.1780972480921328,0.0,0.22699271957900627,0.2168083825390868,-0.18008949803438212,-0.026992719579006254,-0.0168083825390868,0.18008949803438212,0.2,0.2,0.0,0.36188920512135214,-0.21094460255891526,0,0,329,False
0,330,0.7915340662002562,1.2409904003718144,1.6858447789327005,1.896000266045592,1.1780972480921328,0.0,0.22699271957900627,0.2168083825390868,-0.18008949803438212,1.0,1.0,1.0,1.0,-1.0,1.0,0.7915340662002562,1.2409904003718144,1.6858447789327005,1.896000266045592,1.1780972480921328,0.0,0.22699271957819628,0.2168083825382669,-0.18008949803426402,-0.026992719578196277,-0.016808382538266886,0.18008949803426402,0.2,0.2,0.0,0.3618892051202941,-0.21094460254956662,0,0,330,False
0,331,0.7915340662002562,1.2409904003718144,1.6858447789327005,1.896000266045592,1.1780972480921328,0.0,0.22699271957819628,0.2168083825382669,-0.18008949803426402,1.0,1.0,1.0,1.0,-1.0,1.0,0.7915340662002562,1.2409904003718144,1.6858447789327005,1.896000266045592,1.1780972480921328,0.0,0.22699271957758474,0.2168083825376487,-0.180089498034462,-0.02699271957758474,-0.01680838253764868,0.180089498034462,0.2,0.2,0.0,0.36188920511963873,-0.21094460255326572,0,0,331,False
0,332,0.7915340662002562,1.2409904003718144,1.6858447789327005,1.896000266045592,1.1780972480921328,0.0,0.22699271957758474,0.2168083825376487,-0.180089498034462,1.0,1.0,1.0,1.0,-1.0,1.0,0.7915340662002562,1.2409904003718144,1.6858447789327005,1.896000266045592,1.1780972480921328,0.0,0.2269927195768788,0.21680838253693474,-0.18008949803458343,-0.026992719576878803,-0.016808382536934743,0.18008949803458343,0.2,0.2,0.0,0.3618892051188286,-0.210944602551313,0,0,332,False
0,333,0.7915340662002562,1.2409904003718144,1.6858447789327005,1.896000266045592,1.1780972480921328,0.0,0.2269927195768788,0.21680838253693474,-0.18008949803458343,1.0,1.0,1.0,1.0,-1.0,1.0,0.7915340662002562,1.2409904003680974,1.685844778937994,1.8960002660696824,1.1780972480911798,0.0,0.22699271957682815,0.21680838253688356,-0.18008949803460522,-0.026992719576828143,-0.01680838253688354,0.18008949803460522,0.2,0.2,0.0,0.36188920511877704,-0.21094460255887282,0,0,333,False
0,334,0.7915340662002562,1.2409904003680974,1.685844778937994,1.8960002660696824,1.1780972480911798,0.0,0.22699271957682815,0.21680838253688356,-0.18008949803460522,1.0,1.0,1.0,1.0,-1.0,1.0,0.7915340662002562,1.2409904003700654,1.6858447789351905,1.8960002660701814,1.1780972480916845,0.0,0.2269927195768408,0.21680838253689555,-0.18008949803432295,-0.026992719576840806,-0.01680838253689554,0.18008949803432295,0.2,0.2,0.0,0.36188920511865164,-0.21094460255807182,0,0,334,False
0,335,0.7915340662002562,1.2409904003700654,1.6858447789351905,1.8960002660701814,1.1780972480916845,0.0,0.2269927195768408,0.21680838253689555,-0.18008949803432295,1.0,1.0,1.0,1.0,-1.0,1.0,0.7915340662002562,1.2409904003709458,1.6858447789339366,1.8960002660704798,1.1780972480919103,0.0,0.22699271957683764,0.21680838253689175,-0.18008949803412613,-0.026992719576837618,-0.016808382536891743,0.18008949803412613,0.2,0.2,0.0,0.3618892051185495,-0.21094460255825334,0,0,335,False
0,336,0.7915340662002562,1.2409904003709458,1.6858447789339366,1.8960002660704798,1.1780972480919103,0.0,0.22699271957683764,0.21680838253689175,-0.18008949803412613,1.0,1.0,1.0,1.0,-1.0,1.0,0.7915340662002562,1.24099040037136,1.6858447789333464,1.8960002660708095,1.1780972480920164,0.0,0.22699271957682673,0.21680838253688028,-0.18008949803397492,-0.026992719576826713,-0.016808382536880273,0.18008949803397492,0.2,0.2,0.0,0.3618892051184605,-0.2109446025583404,0,0,336,False
0,337,0.7915340662002562,1.24099040037136,1.6858447789333464,1.8960002660708095,1.1780972480920164,0.0,0.22699271957682673,0.21680838253688028,-0.18008949803397492,1.0,1.0,1.0,1.0,-1.0,1.0,0.7915340662002562,1.2409904003715728,1.6858447789330433,1.896000266071229,1.1780972480920708,0.0,0.2269927195768087,0.21680838253686172,-0.18008949803386753,-0.026992719576808672,-0.016808382536861708,0.18008949803386753,0.2,0.2,0.0,0.3618892051183846,-0.21094460255843347,0,0,337,False
0,338,0.7915340662002562,1.2409904003715728,1.6858447789330433,1.896000266071229,1.1780972480920708,0.0,0.2269927195768087,0.21680838253686172,-0.18008949803386753,1.0,1.0,1.0,1.0,-1.0,1.0,0.7915340662002562,1.240990400372767,1.6858447789313422,1.8960002660714839,1.178097248092377,0.0,0.22699271957681036,0.2168083825368628,-0.18008949803365865,-0.026992719576810348,-0.016808382536862797,0.18008949803365865,0.2,0.2,0.0,0.3618892051182823,-0.2109446025581181,0,0,338,False
0,339,0.7915340662002562,1.240990400372767,1.6858447789313422,1.8960002660714839,1.178097248092377,0.0,0.22699271957681036,0.2168083825368628,-0.18008949803365865,1.0,1.0,1.0,1.0,-1.0,1.0,0.7915340662002562,1.240990400372767,1.6858447789313422,1.8960002660714839,1.178097248092377,0.0,0.22699271957657668,0.21680838253662713,-0.18008949803391985,-0.026992719576576677,-0.016808382536627114,0.18008949803391985,0.2,0.2,0.0,0.36188920511812456,-0.21094460255748465,0,0,339,False
0,340,0.7915340662002562,1.240990400372767,1.6858447789313422,1.8960002660714839,1.178097248092377,0.0,0.22699271957657668,0.21680838253662713,-0.18008949803391985,1.0,1.0,1.0,1.0,-1.0,1.0,0.7915340662002562,1.240990400372767,1.6858447789313422,1.8960002660714839,1.178097248092377,0.0,0.22699271957644743,0.21680838253649645,-0.18008949803395977,-0.026992719576447406,-0.016808382536496434,0.18008949803395977,0.2,0.2,0.0,0.36188920511798506,-0.21094460255759753,0,0,340,False
0,341,0.7915340662002562,1.240990400372767,1.6858447789313422,1.8960002660714839,1.178097248092377,0.0,0.22699271957644743,0.21680838253649645,-0.18008949803395977,1.0,1.0,1.0,1.0,-1.0,1.0,0.7915340662002562,1.240990400372767,1.6858447789313422,1.8960002660714839,1.178097248092377,0.0,0.22699271957644743,0.21680838253649645,-0.18008949803395977,-0.026992719576447406,-0.016808382536496434,0.18008949803395977,0.2,0.2,0.0,0.36188920511798506,-0.21094460255899253,0,0,341,False
0,342,0.7915340662002562,1.240990400372767,1.6858447789313422,1.8960002660714839,1.178097248092377,0.0,0.22699271957644743,0.21680838253649645,-0.18008949803395977,1.0,1.0,1.0,1.0,-1.0,1.0,0.7915340662002562,1.240990400372767,1.6858447789313422,1.8960002660714839,1.178097248092377,0.0,0.22699271957642714,0.21680838253647589,-0.18008949803395063,-0.026992719576427123,-0.01680838253647588,0.18008949803395063,0.2,0.2,0.0,0.36188920511795547,-0.21094460255868186,0,0,342,False
0,343,0.7915340662002562,1.240990400372767,1.6858447789313422,1.8960002660714839,1.178097248092377,0.0,0.22699271957642714,0.21680838253647589,-0.18008949803395063,1.0,1.0,1.0,1.0,-1.0,1.0,0.7915340662002562,1.240990400372767,1.6858447789313422,1.8960002660714839,1.178097248092377,0.0,0.22699271957642714,0.21680838253647589,-0.18008949803395063,-0.026992719576427123,-0.01680838253647588,0.18008949803395063,0.2,0.2,0.0,0.36188920511795547,-0.21094460255897773,0,0,343,False
0,344,0.7915340662002562,1.240990400372767,1.6858447789313422,1.8960002660714839,1.178097248092377,0.0,0.22699271957642714,0.21680838253647589,-0.18008949803395063,1.0,1.0,1.0,1.0,-1.0,1.0,0.7915340662002562,1.2409904003708727,1.6858447789340414,1.8960002660751072,1.1780972480918914,0.0,0.22699271957642714,0.21680838253647589,-0.18008949803395063,-0.026992719576427123,-0.01680838253647588,0.18008949803395063,0.2,0.2,0.0,0.36188920511795547,-0.21094460255897773,0,0,344,False
0,345,0.7915340662002562,1.2409904003708727,1.6858447789340414,1.8960002660751072,1.1780972480918914,0.0,0.22699271957642714,0.21680838253647589,-0.18008949803395063,1.0,1.0,1.0,1.0,-1.0,1.0,0.7915340662002562,1.2409904003708727,1.6858447789340414,1.8960002660751072,1.1780972480918914,0.0,0.22699271957642714,0.21680838253647589,-0.18008949803395063,-0.026992719576427123,-0.01680838253647588,0.18008949803395063,0.2,0.2,0.0,0.36188920511795547,-0.21094460255897773,0,0,345,False
0,346,0.7915340662002562,1.2409904003708727,1.6858447789340414,1.8960002660751072,1.1780972480918914,0.0,0.22699271957642714,0.21680838253647589,-0.18008949803395063,1.0,1.0,1.0,1.0,-1.0,1.0,0.7915340662002562,1.2409904003708727,1.6858447789340414,1.8960002660751072,1.1780972480918914,0.0,0.22699271957644082,0.21680838253648907,-0.1800894980337201,-0.026992719576440807,-0.016808382536489058,0.1800894980337201,0.2,0.2,0.0,0.36188920511785727,-0.21094460255794664,0,0,346,False
0,347,0.7915340662002562,1.2409904003708727,1.6858447789340414,1.8960002660751072,1.1780972480918914,0.0,0.22699271957644082,0.21680838253648907,-0.1800894980337201,1.0,1.0,1.0,1.0,-1.0,1.0,0.7915340662002562,1.2409904003708727,1.6858447789340414,1.8960002660751072,1.1780972480918914,0.0,0.22699271957646616,0.21680838253651383,-0.1800894980334124,-0.026992719576466158,-0.016808382536513823,0.1800894980334124,0.2,0.2,0.0,0.36188920511773487,-0.2109446025576434,0,0,347,False
0,348,0.7915340662002562,1.2409904003708727,1.6858447789340414,1.8960002660751072,1.1780972480918914,0.0,0.22699271957646616,0.21680838253651383,-0.1800894980334124,1.0,1.0,1.0,1.0,-1.0,1.0,0.7915340662002562,1.2409904003708727,1.6858447789340414,1.8960002660751072,1.1780972480918914,0.0,0.2269927195763793,0.21680838253642626,-0.18008949803352783,-0.02699271957637928,-0.016808382536426247,0.18008949803352783,0.2,0.2,0.0,0.36188920511768535,-0.21094460255834752,0,0,348,False
0,349,0.7915340662002562,1.2409904003708727,1.6858447789340414,1.8960002660751072,1.1780972480918914,0.0,0.2269927195763793,0.21680838253642626,-0.18008949803352783,1.0,1.0,1.0,1.0,-1.0,1.0,0.7915340662002562,1.2409904003736296,1.6858447789301136,1.896000266077346,1.1780972480925982,0.0,0.22699271957620476,0.21680838253625062,-0.18008949803385835,-0.02699271957620475,-0.01680838253625061,0.18008949803385835,0.2,0.2,0.0,0.3618892051176351,-0.21094460255831518,0,0,349,False
0,350,0.7915340662002562,1.2409904003736296,1.6858447789301136,1.896000266077346,1.1780972480925982,0.0,0.22699271957620476,0.21680838253625062,-0.18008949803385835,1.0,1.0,1.0,1.0,-1.0,1.0,0.7915340662002562,1.2409904003736296,1.6858447789301136,1.896000266077346,1.1780972480925982,0.0,0.22699271957601072,0.21680838253605594,-0.1800894980344353,-0.02699271957601071,-0.016808382536055946,0.1800894980344353,0.2,0.2,0.0,0.36188920511768385,-0.21094460255932931,0,0,350,False
0,351,0.7915340662002562,1.2409904003736296,1.6858447789301136,1.896000266077346,1.1780972480925982,0.0,0.22699271957601072,0.21680838253605594,-0.1800894980344353,1.0,1.0,1.0,1.0,-1.0,1.0,0.7915340662002562,1.2409904003736296,1.6858447789301136,1.896000266077346,1.1780972480925982,0.0,0.22699271957601072,0.21680838253605594,-0.1800894980344353,-0.02699271957601071,-0.016808382536055946,0.1800894980344353,0.2,0.2,0.0,0.36188920511768385,-0.21094460255884193,0,0,351,False
0,352,0.7915340662002562,1.2409904003736296,1.6858447789301136,1.896000266077346,1.1780972480925982,0.0,0.22699271957601072,0.21680838253605594,-0.1800894980344353,1.0,1.0,1.0,1.0,-1.0,1.0,0.7915340662002562,1.2409904003685004,1.6858447789374214,1.8960002660795008,1.178097248091283,0.0,0.22699271957601147,0.21680838253605658,-0.18008949803438626,-0.026992719576011463,-0.01680838253605656,0.18008949803438626,0.2,0.2,0.0,0.3618892051176603,-0.2109446025585948,0,0,352,False
0,353,0.7915340662002562,1.2409904003685004,1.6858447789374214,1.8960002660795008,1.178097248091283,0.0,0.22699271957601147,0.21680838253605658,-0.18008949803438626,1.0,1.0,1.0,1.0,-1.0,1.0,0.7915340662002562,1.2409904003685004,1.6858447789374214,1.8960002660795008,1.178097248091283,0.0,0.22699271957601622,0.21680838253606102,-0.18008949803426735,-0.0269927195760162,-0.016808382536061012,0.18008949803426735,0.2,0.2,0.0,0.3618892051176068,-0.21094460255826827,0,0,353,False
0,354,0.7915340662002562,1.2409904003685004,1.6858447789374214,1.8960002660795008,1.178097248091283,0.0,0.22699271957601622,0.21680838253606102,-0.18008949803426735,1.0,1.0,1.0,1.0,-1.0,1.0,0.7915340662002562,1.240990400368626,1.6858447789372424,1.896000266079632,1.1780972480913152,0.0,0.22699271957601672,0.2168083825360614,-0.1800894980342252,-0.0269927195760167,-0.0168083825360614,0.1800894980342252,0.2,0.2,0.0,0.3618892051175864,-0.2109446025585889,0,0,354,False
0,355,0.7915340662002562,1.240990400368626,1.6858447789372424,1.896000266079632,1.1780972480913152,0.0,0.22699271957601672,0.2168083825360614,-0.1800894980342252,1.0,1.0,1.0,1.0,-1.0,1.0,0.7915340662002562,1.240990400368626,1.6858447789372424,1.896000266079632,1.1780972480913152,0.0,0.22699271957593906,0.2168083825359837,-0.1800894980345211,-0.02699271957593904,-0.016808382535983674,0.1800894980345211,0.2,0.2,0.0,0.36188920511763834,-0.21094460255933875,0,0,355,False
0,356,0.7915340662002562,1.240990400368626,1.6858447789372424,1.896000266079632,1.1780972480913152,0.0,0.22699271957593906,0.2168083825359837,-0.1800894980345211,1.0,1.0,1.0,1.0,-1.0,1.0,0.7915340662002562,1.240990400368626,1.6858447789372424,1.896000266079632,1.1780972480913152,0.0,0.22699271957591047,0.21680838253595502,-0.18008949803461471,-0.026992719575910453,-0.016808382535955013,0.18008949803461471,0.2,0.2,0.0,0.3618892051176498,-0.21094460255893982,0,0,356,False
0,357,0.7915340662002562,1.240990400368626,1.6858447789372424,1.896000266079632,1.1780972480913152,0.0,0.22699271957591047,0.21680838253595502,-0.18008949803461471,1.0,1.0,1.0,1.0,-1.0,1.0,0.7915340662002562,1.240990400368626,1.6858447789372424,1.896000266079632,1.1780972480913152,0.0,0.22699271957591047,0.21680838253595502,-0.18008949803461471,-0.026992719575910453,-0.016808382535955013,0.18008949803461471,0.2,0.2,0.0,0.3618892051176498,-0.2109446025588249,0,0,357,False
0,358,0.7915340662002562,1.240990400368626,1.6858447789372424,1.896000266079632,1.1780972480913152,0.0,0.22699271957591047,0.21680838253595502,-0.18008949803461471,1.0,1.0,1.0,1.0,-1.0,1.0,0.7915340662002562,1.240990400368626,1.6858447789372424,1.896000266079632,1.1780972480913152,0.0,0.22699271957593126,0.21680838253597548,-0.18008949803440774,-0.026992719575931252,-0.01680838253597547,0.18008949803440774,0.2,0.2,0.0,0.3618892051175721,-0.2109446025580089,0,0,358,False
0,359,0.7915340662002562,1.240990400368626,1.6858447789372424,1.896000266079632,1.1780972480913152,0.0,0.22699271957593126,0.21680838253597548,-0.18008949803440774,1.0,1.0,1.0,1.0,-1.0,1.0,0.7915340662002562,1.240990400368626,1.6858447789372424,1.896000266079632,1.1780972480913152,0.0,0.22699271957593126,0.21680838253597548,-0.18008949803440774,-0.026992719575931252,-0.01680838253597547,0.18008949803440774,0.2,0.2,0.0,0.3618892051175721,-0.21094460255878605,0,0,359,False
0,360,0.7915340662002562,1.240990400368626,1.6858447789372424,1.896000266079632,1.1780972480913152,0.0,0.22699271957593126,0.21680838253597548,-0.18008949803440774,1.0,1.0,1.0,1.0,-1.0,1.0,0.7915340662002562,1.240990400368626,1.6858447789372424,1.896000266079632,1.1780972480913152,0.0,0.22699271957597453,0.21680838253601803,-0.1800894980339783,-0.026992719575974527,-0.01680838253601801,0.1800894980339783,0.2,0.2,0.0,0.3618892051174111,-0.21094460255709516,0,0,360,False
0,361,0.7915340662002562,1.240990400368626,1.6858447789372424,1.896000266079632,1.1780972480913152,0.0,0.22699271957597453,0.21680838253601803,-0.1800894980339783,1.0,1.0,1.0,1.0,-1.0,1.0,0.7915340662002562,1.240990400368626,1.6858447789372424,1.896000266079632,1.1780972480913152,0.0,0.22699271957597453,0.21680838253601803,-0.1800894980339783,-0.026992719575974527,-0.01680838253601801,0.1800894980339783,0.2,0.2,0.0,0.3618892051174111,-0.21094460255870554,0,0,361,False
0,362,0.7915340662002562,1.240990400368626,1.6858447789372424,1.896000266079632,1.1780972480913152,0.0,0.22699271957597453,0.21680838253601803,-0.1800894980339783,1.0,1.0,1.0,1.0,-1.0,1.0,0.7915340662002562,1.240990400368626,1.6858447789372424,1.896000266079632,1.1780972480913152,0.0,0.22699271957597675,0.21680838253602017,-0.1800894980339481,-0.026992719575976726,-0.01680838253602015,0.1800894980339481,0.2,0.2,0.0,0.3618892051173987,-0.21094460255857556,0,0,362,False
0,363,0.7915340662002562,1.240990400368626,1.6858447789372424,1.896000266079632,1.1780972480913152,0.0,0.22699271957597675,0.21680838253602017,-0.1800894980339481,1.0,1.0,1.0,1.0,-1.0,1.0,0.7915340662002562,1.240990400368626,1.6858447789372424,1.896000266079632,1.1780972480913152,0.0,0.22699271957597675,0.21680838253602017,-0.1800894980339481,-0.026992719575976726,-0.01680838253602015,0.1800894980339481,0.2,0.2,0.0,0.3618892051173987,-0.21094460255869935,0,0,363,False
0,364,0.7915340662002562,1.240990400368626,1.6858447789372424,1.896000266079632,1.1780972480913152,0.0,0.22699271957597675,0.21680838253602017,-0.1800894980339481,1.0,1.0,1.0,1.0,-1.0,1.0,0.7915340662002562,1.240990400368626,1.6858447789372424,1.896000266079632,1.1780972480913152,0.0,0.22699271957597675,0.21680838253602017,-0.1800894980339481,-0.026992719575976726,-0.01680838253602015,0.1800894980339481,0.2,0.2,0.0,0.3618892051173987,-0.21094460255869935,0,0,364,False
0,365,0.7915340662002562,1.240990400368626,1.6858447789372424,1.896000266079632,1.1780972480913152,0.0,0.22699271957597675,0.21680838253602017,-0.1800894980339481,1.0,1.0,1.0,1.0,-1.0,1.0,0.7915340662002562,1.240990400368626,1.6858447789372424,1.896000266079632,1.1780972480913152,0.0,0.2269927195760227,0.21680838253606538,-0.180089498033495,-0.02699271957602271,-0.01680838253606537,0.180089498033495,0.2,0.2,0.0,0.36188920511722916,-0.21094460255691927,0,0,365,False
0,366,0.7915340662002562,1.240990400368626,1.6858447789372424,1.896000266079632,1.1780972480913152,0.0,0.2269927195760227,0.21680838253606538,-0.180089498033495,1.0,1.0,1.0,1.0,-1.0,1.0,0.7915340662002562,1.240990400368626,1.6858447789372424,1.896000266079632,1.1780972480913152,0.0,0.2269927195760227,0.21680838253606538,-0.180089498033495,-0.02699271957602271,-0.01680838253606537,0.180089498033495,0.2,0.2,0.0,0.36188920511722916,-0.21094460255861458,0,0,366,False
0,367,0.7915340662002562,1.240990400368626,1.6858447789372424,1.896000266079632,1.1780972480913152,0.0,0.2269927195760227,0.21680838253606538,-0.180089498033495,1.0,1.0,1.0,1.0,-1.0,1.0,0.7915340662002562,1.240990400368626,1.6858447789372424,1.896000266079632,1.1780972480913152,0.0,0.22699271957602019,0.2168083825360628,-0.18008949803349725,-0.02699271957602016,-0.01680838253606279,0.18008949803349725,0.2,0.2,0.0,0.36188920511722716,-0.2109446025585936,0,0,367,False
0,368,0.7915340662002562,1.240990400368626,1.6858447789372424,1.896000266079632,1.1780972480913152,0.0,0.22699271957602019,0.2168083825360628,-0.18008949803349725,1.0,1.0,1.0,1.0,-1.0,1.0,0.7915340662002562,1.240990400373322,1.6858447789305533,1.8960002660809478,1.1780972480925174,0.0,0.22699271957599823,0.21680838253604118,-0.180089498033676,-0.026992719575998216,-0.016808382536041153,0.180089498033676,0.2,0.2,0.0,0.36188920511728934,-0.2109446025592664,0,0,368,False
0,369,0.7915340662002562,1.240990400373322,1.6858447789305533,1.8960002660809478,1.1780972480925174,0.0,0.22699271957599823,0.21680838253604118,-0.180089498033676,1.0,1.0,1.0,1.0,-1.0,1.0,0.7915340662002562,1.240990400373322,1.6858447789305533,1.8960002660809478,1.1780972480925174,0.0,0.22699271957590203,0.21680838253594625,-0.18008949803453156,-0.02699271957590201,-0.01680838253594625,0.18008949803453156,0.2,0.2,0.0,0.3618892051175979,-0.21094460256188483,0,0,369,False
0,370,0.7915340662002562,1.240990400373322,1.6858447789305533,1.8960002660809478,1.1780972480925174,0.0,0.22699271957590203,0.21680838253594625,-0.18008949803453156,1.0,1.0,1.0,1.0,-1.0,1.0,0.7915340662002562,1.240990400373322,1.6858447789305533,1.8960002660809478,1.1780972480925174,0.0,0.22699271957585876,0.21680838253590357,-0.18008949803491328,-0.026992719575858744,-0.016808382535903568,0.18008949803491328,0.2,0.2,0.0,0.36188920511773515,-0.2109446025602398,0,0,370,False
0,371,0.7915340662002562,1.240990400373322,1.6858447789305533,1.8960002660809478,1.1780972480925174,0.0,0.22699271957585876,0.21680838253590357,-0.18008949803491328,1.0,1.0,1.0,1.0,-1.0,1.0,0.7915340662002562,1.240990400373322,1.6858447789305533,1.8960002660809478,1.1780972480925174,0.0,0.22699271957587144,0.21680838253591606,-0.18008949803478935,-0.026992719575871436,-0.016808382535916044,0.18008949803478935,0.2,0.2,0.0,0.36188920511768896,-0.21094460255838263,0,0,371,False
0,372,0.7915340662002562,1.240990400373322,1.6858447789305533,1.8960002660809478,1.1780972480925174,0.0,0.22699271957587144,0.21680838253591606,-0.18008949803478935,1.0,1.0,1.0,1.0,-1.0,1.0,0.7915340662002562,1.240990400373322,1.6858447789305533,1.8960002660809478,1.1780972480925174,0.0,0.22699271957587144,0.21680838253591606,-0.18008949803478935,-0.026992719575871436,-0.016808382535916044,0.18008949803478935,0.2,0.2,0.0,0.36188920511768896,-0.21094460255884448,0,0,372,False
0,373,0.7915340662002562,1.240990400373322,1.6858447789305533,1.8960002660809478,1.1780972480925174,0.0,0.22699271957587144,0.21680838253591606,-0.18008949803478935,1.0,1.0,1.0,1.0,-1.0,1.0,0.7915340662002562,1.240990400373322,1.6858447789305533,1.8960002660809478,1.1780972480925174,0.0,0.22699271957587144,0.21680838253591606,-0.18008949803478935,-0.026992719575871436,-0.016808382535916044,0.18008949803478935,0.2,0.2,0.0,0.36188920511768896,-0.21094460255884448,0,0,373,False
0,374,0.7915340662002562,1.240990400373322,1.6858447789305533,1.8960002660809478,1.1780972480925174,0.0,0.22699271957587144,0.21680838253591606,-0.18008949803478935,1.0,1.0,1.0,1.0,-1.0,1.0,0.7915340662002562,1.240990400373322,1.6858447789305533,1.8960002660809478,1.1780972480925174,0.0,0.22699271957589096,0.2168083825359353,-0.18008949803459776,-0.026992719575890955,-0.01680838253593528,0.18008949803459776,0.2,0.2,0.0,0.3618892051176173,-0.210944602558092,0,0,374,False
0,375,0.7915340662002562,1.240990400373322,1.6858447789305533,1.8960002660809478,1.1780972480925174,0.0,0.22699271957589096,0.2168083825359353,-0.18008949803459776,1.0,1.0,1.0,1.0,-1.0,1.0,0.7915340662002562,1.240990400373322,1.6858447789305533,1.8960002660809478,1.1780972480925174,0.0,0.22699271957588887,0.21680838253593324,-0.18008949803461866,-0.026992719575888863,-0.016808382535933225,0.18008949803461866,0.2,0.2,0.0,0.3618892051176252,-0.21094460255889141,0,0,375,False
0,376,0.7915340662002562,1.240990400373322,1.6858447789305533,1.8960002660809478,1.1780972480925174,0.0,0.22699271957588887,0.21680838253593324,-0.18008949803461866,1.0,1.0,1.0,1.0,-1.0,1.0,0.7915340662002562,1.240990400366746,1.6858447789399216,1.896000266080472,1.1780972480908145,0.0,0.22699271957591413,0.21680838253595808,-0.18008949803437269,-0.02699271957591411,-0.016808382535958052,0.18008949803437269,0.2,0.2,0.0,0.36188920511753353,-0.21094460255785027,0,0,376,False
0,377,0.7915340662002562,1.240990400366746,1.6858447789399216,1.896000266080472,1.1780972480908145,0.0,0.22699271957591413,0.21680838253595808,-0.18008949803437269,1.0,1.0,1.0,1.0,-1.0,1.0,0.7915340662002562,1.240990400366746,1.6858447789399216,1.896000266080472,1.1780972480908145,0.0,0.226992719575892,0.2168083825359363,-0.18008949803458618,-0.026992719575892003,-0.01680838253593628,0.18008949803458618,0.2,0.2,0.0,0.36188920511761286,-0.21094460255959968,0,0,377,False
0,378,0.7915340662002562,1.240990400366746,1.6858447789399216,1.896000266080472,1.1780972480908145,0.0,0.226992719575892,0.2168083825359363,-0.18008949803458618,1.0,1.0,1.0,1.0,-1.0,1.0,0.7915340662002562,1.240990400366746,1.6858447789399216,1.896000266080472,1.1780972480908145,0.0,0.22699271957588482,0.2168083825359292,-0.18008949803465485,-0.02699271957588482,-0.016808382535929207,0.18008949803465485,0.2,0.2,0.0,0.3618892051176382,-0.2109446025590728,0,0,378,False
0,379,0.7915340662002562,1.240990400366746,1.6858447789399216,1.896000266080472,1.1780972480908145,0.0,0.22699271957588482,0.2168083825359292,-0.18008949803465485,1.0,1.0,1.0,1.0,-1.0,1.0,0.7915340662002562,1.240990400366746,1.6858447789399216,1.896000266080472,1.1780972480908145,0.0,0.22699271957587347,0.21680838253591803,-0.18008949803476465,-0.026992719575873448,-0.016808382535918015,0.18008949803476465,0.2,0.2,0.0,0.361889205117679,-0.21094460255924752,0,0,379,False
0,380,0.7915340662002562,1.240990400366746,1.6858447789399216,1.896000266080472,1.1780972480908145,0.0,0.22699271957587347,0.21680838253591803,-0.18008949803476465,1.0,1.0,1.0,1.0,-1.0,1.0,0.7915340662002562,1.240990400366746,1.6858447789399216,1.896000266080472,1.1780972480908145,0.0,0.22699271957588107,0.21680838253592552,-0.1800894980346896,-0.026992719575881077,-0.016808382535925512,0.1800894980346896,0.2,0.2,0.0,0.361889205117651,-0.21094460255854516,0,0,380,False
0,381,0.7915340662002562,1.240990400366746,1.6858447789399216,1.896000266080472,1.1780972480908145,0.0,0.22699271957588107,0.21680838253592552,-0.1800894980346896,1.0,1.0,1.0,1.0,-1.0,1.0,0.7915340662002562,1.240990400366746,1.6858447789399216,1.896000266080472,1.1780972480908145,0.0,0.22699271957588107,0.21680838253592552,-0.1800894980346896,-0.026992719575881077,-0.016808382535925512,0.1800894980346896,0.2,0.2,0.0,0.361889205117651,-0.2109446025588255,0,0,381,False
0,382,0.7915340662002562,1.240990400366746,1.6858447789399216,1.896000266080472,1.1780972480908145,0.0,0.22699271957588107,0.21680838253592552,-0.1800894980346896,1.0,1.0,1.0,1.0,-1.0,1.0,0.7915340662002562,1.240990400366746,1.6858447789399216,1.896000266080472,1.1780972480908145,0.0,0.2269927195758873,0.21680838253593163,-0.18008949803463,-0.026992719575887267,-0.01680838253593161,0.18008949803463,0.2,0.2,0.0,0.3618892051176289,-0.2109446025585935,0,0,382,False
0,383,0.7915340662002562,1.240990400366746,1.6858447789399216,1.896000266080472,1.1780972480908145,0.0,0.2269927195758873,0.21680838253593163,-0.18008949803463,1.0,1.0,1.0,1.0,-1.0,1.0,0.7915340662002562,1.240990400366746,1.6858447789399216,1.896000266080472,1.1780972480908145,0.0,0.2269927195758873,0.21680838253593163,-0.18008949803463,-0.026992719575887267,-0.01680838253593161,0.18008949803463,0.2,0.2,0.0,0.3618892051176289,-0.21094460255881445,0,0,383,False
0,384,0.7915340662002562,1.240990400366746,1.6858447789399216,1.896000266080472,1.1780972480908145,0.0,0.2269927195758873,0.21680838253593163,-0.18008949803463,1.0,1.0,1.0,1.0,-1.0,1.0,0.7915340662002562,1.240990400366746,1.6858447789399216,1.896000266080472,1.1780972480908145,0.0,0.2269927195758873,0.21680838253593163,-0.18008949803463,-0.026992719575887267,-0.01680838253593161,0.18008949803463,0.2,0.2,0.0,0.3618892051176289,-0.21094460255881445,0,0,384,False
0,385,0.7915340662002562,1.240990400366746,1.6858447789399216,1.896000266080472,1.1780972480908145,0.0,0.2269927195758873,0.21680838253593163,-0.18008949803463,1.0,1.0,1.0,1.0,-1.0,1.0,0.7915340662002562,1.240990400366746,1.6858447789399216,1.896000266080472,1.1780972480908145,0.0,0.22699271957592868,0.21680838253597234,-0.18008949803422783,-0.026992719575928668,-0.016808382535972333,0.18008949803422783,0.2,0.2,0.0,0.3618892051174791,-0.2109446025572413,0,0,385,False
0,386,0.7915340662002562,1.240990400366746,1.6858447789399216,1.896000266080472,1.1780972480908145,0.0,0.22699271957592868,0.21680838253597234,-0.18008949803422783,1.0,1.0,1.0,1.0,-1.0,1.0,0.7915340662002562,1.240990400366746,1.6858447789399216,1.896000266080472,1.1780972480908145,0.0,0.22699271957592868,0.21680838253597234,-0.18008949803422783,-0.026992719575928668,-0.016808382535972333,0.18008949803422783,0.2,0.2,0.0,0.3618892051174791,-0.21094460255873954,0,0,386,False
0,387,0.7915340662002562,1.240990400366746,1.6858447789399216,1.896000266080472,1.1780972480908145,0.0,0.22699271957592868,0.21680838253597234,-0.18008949803422783,1.0,1.0,1.0,1.0,-1.0,1.0,0.7915340662002562,1.240990400366746,1.6858447789399216,1.896000266080472,1.1780972480908145,0.0,0.22699271957592868,0.21680838253597234,-0.18008949803422783,-0.026992719575928668,-0.016808382535972333,0.18008949803422783,0.2,0.2,0.0,0.3618892051174791,-0.21094460255873954,0,0,387,False
0,388,0.7915340662002562,1.240990400366746,1.6858447789399216,1.896000266080472,1.1780972480908145,0.0,0.22699271957592868,0.21680838253597234,-0.18008949803422783,1.0,1.0,1.0,1.0,-1.0,1.0,0.7915340662002562,1.240990400366746,1.6858447789399216,1.896000266080472,1.1780972480908145,0.0,0.22699271957595107,0.21680838253599438,-0.1800894980340105,-0.026992719575951073,-0.01680838253599437,0.1800894980340105,0.2,0.2,0.0,0.3618892051173982,-0.2109446025578903,0,0,388,False
0,389,0.7915340662002562,1.240990400366746,1.6858447789399216,1.896000266080472,1.1780972480908145,0.0,0.22699271957595107,0.21680838253599438,-0.1800894980340105,1.0,1.0,1.0,1.0,-1.0,1.0,0.7915340662002562,1.240990400366746,1.6858447789399216,1.896000266080472,1.1780972480908145,0.0,0.22699271957595107,0.21680838253599438,-0.1800894980340105,-0.026992719575951073,-0.01680838253599437,0.1800894980340105,0.2,0.2,0.0,0.3618892051173982,-0.2109446025586991,0,0,389,False
0,390,0.7915340662002562,1.240990400366746,1.6858447789399216,1.896000266080472,1.1780972480908145,0.0,0.22699271957595107,0.21680838253599438,-0.1800894980340105,1.0,1.0,1.0,1.0,-1.0,1.0,0.7915340662002562,1.240990400366746,1.6858447789399216,1.896000266080472,1.1780972480908145,0.0,0.22699271957597822,0.21680838253602108,-0.18008949803374621,-0.02699271957597821,-0.016808382536021065,0.18008949803374621,0.2,0.2,0.0,0.3618892051172997,-0.2109446025576651,0,0,390,False
0,391,0.7915340662002562,1.240990400366746,1.6858447789399216,1.896000266080472,1.1780972480908145,0.0,0.22699271957597822,0.21680838253602108,-0.18008949803374621,1.0,1.0,1.0,1.0,-1.0,1.0,0.7915340662002562,1.2409904003664742,1.685844778940309,1.8960002660804491,1.1780972480907632,0.0,0.22699271957591177,0.21680838253595572,-0.18008949803439225,-0.026992719575911765,-0.0168083825359557,0.18008949803439225,0.2,0.2,0.0,0.36188920511754036,-0.2109446025611766,0,0,391,False
0,392,0.7915340662002562,1.2409904003664742,1.685844778940309,1.8960002660804491,1.1780972480907632,0.0,0.22699271957591177,0.21680838253595572,-0.18008949803439225,1.0,1.0,1.0,1.0,-1.0,1.0,0.7915340662002562,1.2409904003664742,1.685844778940309,1.8960002660804491,1.1780972480907632,0.0,0.22699271957589529,0.21680838253593948,-0.1800894980345519,-0.02699271957589527,-0.016808382535939477,0.1800894980345519,0.2,0.2,0.0,0.36188920511759975,-0.21094460255939385,0,0,392,False
0,393,0.7915340662002562,1.2409904003664742,1.685844778940309,1.8960002660804491,1.1780972480907632,0.0,0.22699271957589529,0.21680838253593948,-0.1800894980345519,1.0,1.0,1.0,1.0,-1.0,1.0,0.7915340662002562,1.2409904003664742,1.685844778940309,1.8960002660804491,1.1780972480907632,0.0,0.22699271957590794,0.21680838253595194,-0.18008949803442978,-0.026992719575907924,-0.016808382535951925,0.18008949803442978,0.2,0.2,0.0,0.3618892051175544,-0.21094460255832367,0,0,393,False
0,394,0.7915340662002562,1.2409904003664742,1.685844778940309,1.8960002660804491,1.1780972480907632,0.0,0.22699271957590794,0.21680838253595194,-0.18008949803442978,1.0,1.0,1.0,1.0,-1.0,1.0,0.7915340662002562,1.2409904003664742,1.685844778940309,1.8960002660804491,1.1780972480907632,0.0,0.22699271957588169,0.2168083825359261,-0.1800894980346845,-0.026992719575881678,-0.016808382535926106,0.1800894980346845,0.2,0.2,0.0,0.36188920511764916,-0.21094460255977215,0,0,394,False
0,395,0.7915340662002562,1.2409904003664742,1.685844778940309,1.8960002660804491,1.1780972480907632,0.0,0.22699271957588169,0.2168083825359261,-0.1800894980346845,1.0,1.0,1.0,1.0,-1.0,1.0,0.7915340662002562,1.2409904003664742,1.685844778940309,1.8960002660804491,1.1780972480907632,0.0,0.22699271957587328,0.21680838253591783,-0.18008949803476695,-0.02699271957587326,-0.016808382535917824,0.18008949803476695,0.2,0.2,0.0,0.36188920511767997,-0.21094460255914807,0,0,395,False
0,396,0.7915340662002562,1.2409904003664742,1.685844778940309,1.8960002660804491,1.1780972480907632,0.0,0.22699271957587328,0.21680838253591783,-0.18008949803476695,1.0,1.0,1.0,1.0,-1.0,1.0,0.7915340662002562,1.2409904003664742,1.685844778940309,1.8960002660804491,1.1780972480907632,0.0,0.22699271957589084,0.21680838253593512,-0.18008949803459626,-0.026992719575890837,-0.016808382535935116,0.18008949803459626,0.2,0.2,0.0,0.3618892051176164,-0.2109446025581726,0,0,396,False
0,397,0.7915340662002562,1.2409904003664742,1.685844778940309,1.8960002660804491,1.1780972480907632,0.0,0.22699271957589084,0.21680838253593512,-0.18008949803459626,1.0,1.0,1.0,1.0,-1.0,1.0,0.7915340662002562,1.2409904003664742,1.685844778940309,1.8960002660804491,1.1780972480907632,0.0,0.22699271957589084,0.21680838253593512,-0.18008949803459626,-0.026992719575890837,-0.016808382535935116,0.18008949803459626,0.2,0.2,0.0,0.3618892051176164,-0.2109446025588082,0,0,397,False
0,398,0.7915340662002562,1.2409904003664742,1.685844778940309,1.8960002660804491,1.1780972480907632,0.0,0.22699271957589084,0.21680838253593512,-0.18008949803459626,1.0,1.0,1.0,1.0,-1.0,1.0,0.7915340662002562,1.2409904003664742,1.685844778940309,1.8960002660804491,1.1780972480907632,0.0,0.22699271957589084,0.21680838253593512,-0.18008949803459626,-0.026992719575890837,-0.016808382535935116,0.18008949803459626,0.2,0.2,0.0,0.3618892051176164,-0.2109446025588082,0,0,398,False
0,399,0.7915340662002562,1.2409904003664742,1.685844778940309,1.8960002660804491,1.1780972480907632,0.0,0.22699271957589084,0.21680838253593512,-0.18008949803459626,1.0,1.0,1.0,1.0,-1.0,1.0,0.7915340662002562,1.2409904003664742,1.685844778940309,1.8960002660804491,1.1780972480907632,0.0,0.22699271957590633,0.21680838253595036,-0.18008949803444657,-0.02699271957590632,-0.01680838253595035,0.18008949803444657,0.2,0.2,0.0,0.3618892051175608,-0.21094460255822417,0,0,399,False
0,400,0.7915340662002562,1.2409904003664742,1.685844778940309,1.8960002660804491,1.1780972480907632,0.0,0.22699271957590633,0.21680838253595036,-0.18008949803444657,1.0,1.0,1.0,1.0,-1.0,1.0,0.7915340662002562,1.2409904003664742,1.685844778940309,1.8960002660804491,1.1780972480907632,0.0,0.22699271957585324,0.21680838253589813,-0.18008949803496146,-0.02699271957585323,-0.016808382535898125,0.18008949803496146,0.2,0.2,0.0,0.3618892051177524,-0.21094460256079245,0,0,400,False
0,401,0.7915340662002562,1.2409904003664742,1.685844778940309,1.8960002660804491,1.1780972480907632,0.0,0.22699271957585324,0.21680838253589813,-0.18008949803496146,1.0,1.0,1.0,1.0,-1.0,1.0,0.7915340662002562,1.2409904003664742,1.685844778940309,1.8960002660804491,1.1780972480907632,0.0,0.22699271957586764,0.2168083825359123,-0.18008949803482074,-0.026992719575867637,-0.01680838253591229,0.18008949803482074,0.2,0.2,0.0,0.3618892051176999,-0.2109446025583248,0,0,401,False
0,402,0.7915340662002562,1.2409904003664742,1.685844778940309,1.8960002660804491,1.1780972480907632,0.0,0.22699271957586764,0.2168083825359123,-0.18008949803482074,1.0,1.0,1.0,1.0,-1.0,1.0,0.7915340662002562,1.2409904003664742,1.685844778940309,1.8960002660804491,1.1780972480907632,0.0,0.22699271957586659,0.21680838253591125,-0.1800894980348307,-0.026992719575866565,-0.016808382535911236,0.1800894980348307,0.2,0.2,0.0,0.36188920511770356,-0.21094460255888842,0,0,402,False
0,403,0.7915340662002562,1.2409904003664742,1.685844778940309,1.8960002660804491,1.1780972480907632,0.0,0.22699271957586659,0.21680838253591125,-0.1800894980348307,1.0,1.0,1.0,1.0,-1.0,1.0,0.7915340662002562,1.2409904003664742,1.685844778940309,1.8960002660804491,1.1780972480907632,0.0,0.22699271957586659,0.21680838253591125,-0.1800894980348307,-0.026992719575866565,-0.016808382535911236,0.1800894980348307,0.2,0.2,0.0,0.36188920511770356,-0.21094460255885178,0,0,403,False
0,404,0.7915340662002562,1.2409904003664742,1.685844778940309,1.8960002660804491,1.1780972480907632,0.0,0.22699271957586659,0.21680838253591125,-0.1800894980348307,1.0,1.0,1.0,1.0,-1.0,1.0,0.7915340662002562,1.2409904003664742,1.685844778940309,1.8960002660804491,1.1780972480907632,0.0,0.22699271957587908,0.21680838253592355,-0.18008949803470983,-0.02699271957587906,-0.01680838253592353,0.18008949803470983,0.2,0.2,0.0,0.3618892051176586,-0.21094460255837966,0,0,404,False
0,405,0.7915340662002562,1.2409904003664742,1.685844778940309,1.8960002660804491,1.1780972480907632,0.0,0.22699271957587908,0.21680838253592355,-0.18008949803470983,1.0,1.0,1.0,1.0,-1.0,1.0,0.7915340662002562,1.2409904003664742,1.685844778940309,1.8960002660804491,1.1780972480907632,0.0,0.22699271957587908,0.21680838253592355,-0.18008949803470983,-0.02699271957587906,-0.01680838253592353,0.18008949803470983,0.2,0.2,0.0,0.3618892051176586,-0.2109446025588293,0,0,405,False
0,406,0.7915340662002562,1.2409904003664742,1.685844778940309,1.8960002660804491,1.1780972480907632,0.0,0.22699271957587908,0.21680838253592355,-0.18008949803470983,1.0,1.0,1.0,1.0,-1.0,1.0,0.7915340662002562,1.2409904003678704,1.6858447789383195,1.8960002660805915,1.178097248091121,0.0,0.2269927195759022,0.21680838253594628,-0.18008949803448515,-0.026992719575902175,-0.01680838253594627,0.18008949803448515,0.2,0.2,0.0,0.36188920511757494,-0.21094460255795092,0,0,406,False
0,407,0.7915340662002562,1.2409904003678704,1.6858447789383195,1.8960002660805915,1.178097248091121,0.0,0.2269927195759022,0.21680838253594628,-0.18008949803448515,1.0,1.0,1.0,1.0,-1.0,1.0,0.7915340662002562,1.2409904003692824,1.6858447789363078,1.8960002660807354,1.1780972480914829,0.0,0.226992719575931,0.21680838253597462,-0.18008949803420574,-0.026992719575930992,-0.016808382535974616,0.18008949803420574,0.2,0.2,0.0,0.36188920511747097,-0.21094460255769576,0,0,407,False
0,408,0.7915340662002562,1.2409904003692824,1.6858447789363078,1.8960002660807354,1.1780972480914829,0.0,0.226992719575931,0.21680838253597462,-0.18008949803420574,1.0,1.0,1.0,1.0,-1.0,1.0,0.7915340662002562,1.240990400370178,1.6858447789350317,1.8960002660808266,1.1780972480917127,0.0,0.226992719575931,0.21680838253597462,-0.18008949803420574,-0.026992719575930992,-0.016808382535974616,0.18008949803420574,0.2,0.2,0.0,0.36188920511747097,-0.21094460255873548,0,0,408,False
0,409,0.7915340662002562,1.240990400370178,1.6858447789350317,1.8960002660808266,1.1780972480917127,0.0,0.226992719575931,0.21680838253597462,-0.18008949803420574,1.0,1.0,1.0,1.0,-1.0,1.0,0.7915340662002562,1.2409904003710568,1.6858447789337798,1.8960002660809163,1.1780972480919094,0.0,0.2269927195759532,0.21680838253599646,-0.18008949803399063,-0.02699271957595319,-0.016808382535996452,0.18008949803399063,0.2,0.2,0.0,0.3618892051173909,-0.210944602557895,0,0,409,False
0,410,0.7915340662002562,1.2409904003710568,1.6858447789337798,1.8960002660809163,1.1780972480919094,0.0,0.2269927195759532,0.21680838253599646,-0.18008949803399063,1.0,1.0,1.0,1.0,-1.0,1.0,0.7915340662002562,1.2409904003710568,1.6858447789337798,1.8960002660809163,1.1780972480919094,0.0,0.22699271957596193,0.2168083825360051,-0.18008949803390611,-0.026992719575961912,-0.016808382536005084,0.18008949803390611,0.2,0.2,0.0,0.3618892051173595,-0.21094460255836556,0,0,410,False
0,411,0.7915340662002562,1.2409904003710568,1.6858447789337798,1.8960002660809163,1.1780972480919094,0.0,0.22699271957596193,0.2168083825360051,-0.18008949803390611,1.0,1.0,1.0,1.0,-1.0,1.0,0.7915340662002562,1.240990400370826,1.6858447789341078,1.8960002660808928,1.1780972480918561,0.0,0.22699271957595624,0.2168083825359995,-0.18008949803396104,-0.02699271957595623,-0.01680838253599949,0.18008949803396104,0.2,0.2,0.0,0.3618892051173799,-0.21094460255889366,0,0,411,False
0,412,0.7915340662002562,1.240990400370826,1.6858447789341078,1.8960002660808928,1.1780972480918561,0.0,0.22699271957595624,0.2168083825359995,-0.18008949803396104,1.0,1.0,1.0,1.0,-1.0,1.0,0.7915340662002562,1.2409904003713281,1.6858447789333917,1.8960002660809436,1.1780972480919871,0.0,0.22699271957595624,0.2168083825359995,-0.18008949803396104,-0.02699271957595623,-0.01680838253599949,0.18008949803396104,0.2,0.2,0.0,0.3618892051173799,-0.21094460255868994,0,0,412,False
0,413,0.7915340662002562,1.2409904003713281,1.6858447789333917,1.8960002660809436,1.1780972480919871,0.0,0.22699271957595624,0.2168083825359995,-0.18008949803396104,1.0,1.0,1.0,1.0,-1.0,1.0,0.7915340662002562,1.2409904003713181,1.6858447789334052,1.8960002660809425,1.1780972480919858,0.0,0.22699271957597794,0.21680838253602086,-0.1800894980337515,-0.026992719575977927,-0.016808382536020836,0.1800894980337515,0.2,0.2,0.0,0.36188920511730205,-0.21094460255787276,0,0,413,False
0,414,0.7915340662002562,1.2409904003713181,1.6858447789334052,1.8960002660809425,1.1780972480919858,0.0,0.22699271957597794,0.21680838253602086,-0.1800894980337515,1.0,1.0,1.0,1.0,-1.0,1.0,0.7915340662002562,1.2409904003725127,1.685844778931704,1.896000266081064,1.1780972480922924,0.0,0.22699271957598208,0.2168083825360249,-0.1800894980337107,-0.026992719575982062,-0.0168083825360249,0.1800894980337107,0.2,0.2,0.0,0.3618892051172867,-0.21094460255849015,0,0,414,False
0,415,0.7915340662002562,1.2409904003725127,1.685844778931704,1.896000266081064,1.1780972480922924,0.0,0.22699271957598208,0.2168083825360249,-0.1800894980337107,1.0,1.0,1.0,1.0,-1.0,1.0,0.7915340662002562,1.2409904003732652,1.6858447789306317,1.8960002660811408,1.1780972480924858,0.0,0.22699271957600078,0.21680838253604331,-0.1800894980335298,-0.026992719576000766,-0.016808382536043297,0.1800894980335298,0.2,0.2,0.0,0.3618892051172195,-0.2109446025579375,0,0,415,False
0,416,0.7915340662002562,1.2409904003732652,1.6858447789306317,1.8960002660811408,1.1780972480924858,0.0,0.22699271957600078,0.21680838253604331,-0.1800894980335298,1.0,1.0,1.0,1.0,-1.0,1.0,0.7915340662002562,1.2409904003740841,1.6858447789294653,1.8960002660812243,1.1780972480926961,0.0,0.2269927195760148,0.2168083825360571,-0.18008949803339372,-0.02699271957601478,-0.016808382536057084,0.18008949803339372,0.2,0.2,0.0,0.3618892051171688,-0.2109446025580776,0,0,416,False
0,417,0.7915340662002562,1.2409904003740841,1.6858447789294653,1.8960002660812243,1.1780972480926961,0.0,0.2269927195760148,0.2168083825360571,-0.18008949803339372,1.0,1.0,1.0,1.0,-1.0,1.0,0.7915340662002562,1.2409904003747911,1.685844778928458,1.8960002660812965,1.1780972480928782,0.0,0.22699271957602815,0.21680838253607024,-0.18008949803326407,-0.026992719576028144,-0.016808382536070227,0.18008949803326407,0.2,0.2,0.0,0.3618892051171205,-0.21094460255807732,0,0,417,False
0,418,0.7915340662002562,1.2409904003747911,1.685844778928458,1.8960002660812965,1.1780972480928782,0.0,0.22699271957602815,0.21680838253607024,-0.18008949803326407,1.0,1.0,1.0,1.0,-1.0,1.0,0.7915340662002562,1.240990400375712,1.6858447789271465,1.8960002660813904,1.178097248093115,0.0,0.22699271957605027,0.216808382536092,-0.1800894980330489,-0.02699271957605027,-0.01680838253609199,0.1800894980330489,0.2,0.2,0.0,0.36188920511704037,-0.2109446025577186,0,0,418,False
0,419,0.7915340662002562,1.240990400375712,1.6858447789271465,1.8960002660813904,1.178097248093115,0.0,0.22699271957605027,0.216808382536092,-0.1800894980330489,1.0,1.0,1.0,1.0,-1.0,1.0,0.7915340662002562,1.2409904003762433,1.6858447789263897,1.8960002660814446,1.1780972480932512,0.0,0.22699271957606282,0.21680838253610435,-0.1800894980329272,-0.026992719576062803,-0.016808382536104324,0.1800894980329272,0.2,0.2,0.0,0.36188920511699507,-0.21094460255804456,0,0,419,False
0,420,0.7915340662002562,1.2409904003762433,1.6858447789263897,1.8960002660814446,1.1780972480932512,0.0,0.22699271957606282,0.21680838253610435,-0.1800894980329272,1.0,1.0,1.0,1.0,-1.0,1.0,0.7915340662002562,1.2409904003762433,1.6858447789263897,1.8960002660814446,1.1780972480932512,0.0,0.22699271957607509,0.2168083825361164,-0.1800894980328089,-0.026992719576075064,-0.016808382536116384,0.1800894980328089,0.2,0.2,0.0,0.3618892051169511,-0.2109446025580359,0,0,420,False
0,421,0.7915340662002562,1.2409904003762433,1.6858447789263897,1.8960002660814446,1.1780972480932512,0.0,0.22699271957607509,0.2168083825361164,-0.1800894980328089,1.0,1.0,1.0,1.0,-1.0,1.0,0.7915340662002562,1.2409904003762804,1.6858447789263369,1.8960002660814483,1.1780972480932626,0.0,0.2269927195760774,0.21680838253611867,-0.18008949803278582,-0.026992719576077386,-0.016808382536118667,0.18008949803278582,0.2,0.2,0.0,0.36188920511694245,-0.21094460255838463,0,0,421,False
0,422,0.7915340662002562,1.2409904003762804,1.6858447789263369,1.8960002660814483,1.1780972480932626,0.0,0.2269927195760774,0.21680838253611867,-0.18008949803278582,1.0,1.0,1.0,1.0,-1.0,1.0,0.7915340662002562,1.2409904003762804,1.6858447789263369,1.8960002660814483,1.1780972480932626,0.0,0.22699271957600917,0.21680838253605153,-0.18008949803344712,-0.026992719576009145,-0.01680838253605152,0.18008949803344712,0.2,0.2,0.0,0.36188920511718853,-0.21094460256105507,0,0,422,False
0,423,0.7915340662002562,1.2409904003762804,1.6858447789263369,1.8960002660814483,1.1780972480932626,0.0,0.22699271957600917,0.21680838253605153,-0.18008949803344712,1.0,1.0,1.0,1.0,-1.0,1.0,0.7915340662002562,1.2409904003762804,1.6858447789263369,1.8960002660814483,1.1780972480932626,0.0,0.22699271957600917,0.21680838253605153,-0.18008949803344712,-0.026992719576009145,-0.01680838253605152,0.18008949803344712,0.2,0.2,0.0,0.36188920511718853,-0.21094460255859426,0,0,423,False
0,424,0.7915340662002562,1.2409904003762804,1.6858447789263369,1.8960002660814483,1.1780972480932626,0.0,0.22699271957600917,0.21680838253605153,-0.18008949803344712,1.0,1.0,1.0,1.0,-1.0,1.0,0.7915340662002562,1.2409904003762804,1.6858447789263369,1.8960002660814483,1.1780972480932626,0.0,0.22699271957593603,0.2168083825359796,-0.1800894980341565,-0.026992719575936026,-0.016808382535979577,0.1800894980341565,0.2,0.2,0.0,0.36188920511745254,-0.21094460256136638,0,0,424,False
0,425,0.7915340662002562,1.2409904003762804,1.6858447789263369,1.8960002660814483,1.1780972480932626,0.0,0.22699271957593603,0.2168083825359796,-0.1800894980341565,1.0,1.0,1.0,1.0,-1.0,1.0,0.7915340662002562,1.2409904003762804,1.6858447789263369,1.8960002660814483,1.1780972480932626,0.0,0.22699271957588518,0.21680838253592954,-0.1800894980346507,-0.02699271957588516,-0.01680838253592954,0.1800894980346507,0.2,0.2,0.0,0.3618892051176366,-0.21094460256065906,0,0,425,False
0,426,0.7915340662002562,1.2409904003762804,1.6858447789263369,1.8960002660814483,1.1780972480932626,0.0,0.22699271957588518,0.21680838253592954,-0.1800894980346507,1.0,1.0,1.0,1.0,-1.0,1.0,0.7915340662002562,1.2409904003762804,1.6858447789263369,1.8960002660814483,1.1780972480932626,0.0,0.2269927195758724,0.21680838253591697,-0.1800894980347747,-0.026992719575872386,-0.016808382535916967,0.1800894980347747,0.2,0.2,0.0,0.36188920511768274,-0.21094460255930267,0,0,426,False
0,427,0.7915340662002562,1.2409904003762804,1.6858447789263369,1.8960002660814483,1.1780972480932626,0.0,0.2269927195758724,0.21680838253591697,-0.1800894980347747,1.0,1.0,1.0,1.0,-1.0,1.0,0.7915340662002562,1.2409904003676384,1.685844778938649,1.8960002660805677,1.1780972480910603,0.0,0.22699271957589792,0.2168083825359421,-0.1800894980345271,-0.02699271957589792,-0.01680838253594209,0.1800894980345271,0.2,0.2,0.0,0.3618892051175906,-0.2109446025578738,0,0,427,False
0,428,0.7915340662002562,1.2409904003676384,1.685844778938649,1.8960002660805677,1.1780972480910603,0.0,0.22699271957589792,0.2168083825359421,-0.1800894980345271,1.0,1.0,1.0,1.0,-1.0,1.0,0.7915340662002562,1.2409904003687733,1.6858447789370323,1.8960002660806832,1.1780972480913514,0.0,0.22699271957592682,0.2168083825359705,-0.1800894980342476,-0.026992719575926798,-0.0168083825359705,0.1800894980342476,0.2,0.2,0.0,0.3618892051174867,-0.21094460255770417,0,0,428,False
0,429,0.7915340662002562,1.2409904003687733,1.6858447789370323,1.8960002660806832,1.1780972480913514,0.0,0.22699271957592682,0.2168083825359705,-0.1800894980342476,1.0,1.0,1.0,1.0,-1.0,1.0,0.7915340662002562,1.2409904003696792,1.685844778935742,1.8960002660807755,1.1780972480915837,0.0,0.22699271957592682,0.2168083825359705,-0.1800894980342476,-0.026992719575926798,-0.0168083825359705,0.1800894980342476,0.2,0.2,0.0,0.3618892051174867,-0.21094460255874334,0,0,429,False
0,430,0.7915340662002562,1.2409904003696792,1.685844778935742,1.8960002660807755,1.1780972480915837,0.0,0.22699271957592682,0.2168083825359705,-0.1800894980342476,1.0,1.0,1.0,1.0,-1.0,1.0,0.7915340662002562,1.2409904003696792,1.685844778935742,1.8960002660807755,1.1780972480915837,0.0,0.22699271957592806,0.21680838253597173,-0.1800894980342341,-0.026992719575928064,-0.016808382535971736,0.1800894980342341,0.2,0.2,0.0,0.36188920511748146,-0.21094460255868855,0,0,430,False
0,431,0.7915340662002562,1.2409904003696792,1.685844778935742,1.8960002660807755,1.1780972480915837,0.0,0.22699271957592806,0.21680838253597173,-0.1800894980342341,1.0,1.0,1.0,1.0,-1.0,1.0,0.7915340662002562,1.2409904003685945,1.685844778937288,1.896000266080665,1.1780972480913068,0.0,0.22699271957592418,0.21680838253596793,-0.18008949803427282,-0.026992719575924175,-0.016808382535967913,0.18008949803427282,0.2,0.2,0.0,0.36188920511749606,-0.21094460255889402,0,0,431,False
0,432,0.7915340662002562,1.2409904003685945,1.685844778937288,1.896000266080665,1.1780972480913068,0.0,0.22699271957592418,0.21680838253596793,-0.18008949803427282,1.0,1.0,1.0,1.0,-1.0,1.0,0.7915340662002562,1.2409904003699357,1.6858447789353772,1.8960002660808017,1.1780972480916507,0.0,0.2269927195759486,0.21680838253599194,-0.1800894980340351,-0.026992719575948596,-0.016808382535991935,0.1800894980340351,0.2,0.2,0.0,0.3618892051174074,-0.2109446025578172,0,0,432,False
0,433,0.7915340662002562,1.2409904003699357,1.6858447789353772,1.8960002660808017,1.1780972480916507,0.0,0.2269927195759486,0.21680838253599194,-0.1800894980340351,1.0,1.0,1.0,1.0,-1.0,1.0,0.7915340662002562,1.2409904003707635,1.6858447789341982,1.8960002660808861,1.178097248091863,0.0,0.22699271957596415,0.21680838253600723,-0.18008949803388363,-0.026992719575964132,-0.016808382536007214,0.18008949803388363,0.2,0.2,0.0,0.36188920511735095,-0.21094460255811093,0,0,433,False
0,434,0.7915340662002562,1.2409904003707635,1.6858447789341982,1.8960002660808861,1.178097248091863,0.0,0.22699271957596415,0.21680838253600723,-0.18008949803388363,1.0,1.0,1.0,1.0,-1.0,1.0,0.7915340662002562,1.2409904003715193,1.6858447789331212,1.8960002660809632,1.1780972480920568,0.0,0.22699271957596415,0.21680838253600723,-0.18008949803388363,-0.026992719575964132,-0.016808382536007214,0.18008949803388363,0.2,0.2,0.0,0.36188920511735095,-0.21094460255867548,0,0,434,False
0,435,0.7915340662002562,1.2409904003715193,1.6858447789331212,1.8960002660809632,1.1780972480920568,0.0,0.22699271957596415,0.21680838253600723,-0.18008949803388363,1.0,1.0,1.0,1.0,-1.0,1.0,0.7915340662002562,1.2409904003715193,1.6858447789331212,1.8960002660809632,1.1780972480920568,0.0,0.2269927195759579,0.2168083825360011,-0.18008949803394456,-0.026992719575957887,-0.016808382536001077,0.18008949803394456,0.2,0.2,0.0,0.36188920511737366,-0.21094460255891387,0,0,435,False
0,436,0.7915340662002562,1.2409904003715193,1.6858447789331212,1.8960002660809632,1.1780972480920568,0.0,0.2269927195759579,0.2168083825360011,-0.18008949803394456,1.0,1.0,1.0,1.0,-1.0,1.0,0.7915340662002562,1.2409904003704304,1.6858447789346729,1.896000266080852,1.1780972480917773,0.0,0.22699271957596776,0.21680838253601076,-0.18008949803384913,-0.026992719575967734,-0.01680838253601076,0.18008949803384913,0.2,0.2,0.0,0.3618892051173382,-0.21094460255831438,0,0,436,False
0,437,0.7915340662002562,1.2409904003704304,1.6858447789346729,1.896000266080852,1.1780972480917773,0.0,0.22699271957596776,0.21680838253601076,-0.18008949803384913,1.0,1.0,1.0,1.0,-1.0,1.0,0.7915340662002562,1.2409904003704304,1.6858447789346729,1.896000266080852,1.1780972480917773,0.0,0.22699271957596776,0.21680838253601076,-0.18008949803384913,-0.026992719575967734,-0.01680838253601076,0.18008949803384913,0.2,0.2,0.0,0.3618892051173382,-0.2109446025586691,0,0,437,False
0,438,0.7915340662002562,1.2409904003704304,1.6858447789346729,1.896000266080852,1.1780972480917773,0.0,0.22699271957596776,0.21680838253601076,-0.18008949803384913,1.0,1.0,1.0,1.0,-1.0,1.0,0.7915340662002562,1.2409904003704304,1.6858447789346729,1.896000266080852,1.1780972480917773,0.0,0.22699271957596184,0.21680838253600498,-0.18008949803390675,-0.026992719575961843,-0.016808382536004966,0.18008949803390675,0.2,0.2,0.0,0.36188920511735967,-0.21094460255889466,0,0,438,False
0,439,0.7915340662002562,1.2409904003704304,1.6858447789346729,1.896000266080852,1.1780972480917773,0.0,0.22699271957596184,0.21680838253600498,-0.18008949803390675,1.0,1.0,1.0,1.0,-1.0,1.0,0.7915340662002562,1.2409904003704304,1.6858447789346729,1.896000266080852,1.1780972480917773,0.0,0.22699271957596184,0.21680838253600498,-0.18008949803390675,-0.026992719575961843,-0.016808382536004966,0.18008949803390675,0.2,0.2,0.0,0.36188920511735967,-0.21094460255867983,0,0,439,False
0,440,0.7915340662002562,1.2409904003704304,1.6858447789346729,1.896000266080852,1.1780972480917773,0.0,0.22699271957596184,0.21680838253600498,-0.18008949803390675,1.0,1.0,1.0,1.0,-1.0,1.0,0.7915340662002562,1.2409904003704304,1.6858447789346729,1.896000266080852,1.1780972480917773,0.0,0.22699271957585215,0.21680838253589704,-0.1800894980349708,-0.02699271957585213,-0.016808382535897042,0.1800894980349708,0.2,0.2,0.0,0.36188920511775574,-0.2109446025628386,0,0,440,False
0,441,0.7915340662002562,1.2409904003704304,1.6858447789346729,1.896000266080852,1.1780972480917773,0.0,0.22699271957585215,0.21680838253589704,-0.1800894980349708,1.0,1.0,1.0,1.0,-1.0,1.0,0.7915340662002562,1.2409904003704304,1.6858447789346729,1.896000266080852,1.1780972480917773,0.0,0.2269927195758518,0.2168083825358967,-0.18008949803497348,-0.02699271957585179,-0.0168083825358967,0.18008949803497348,0.2,0.2,0.0,0.36188920511775663,-0.2109446025588872,0,0,441,False
0,442,0.7915340662002562,1.2409904003704304,1.6858447789346729,1.896000266080852,1.1780972480917773,0.0,0.2269927195758518,0.2168083825358967,-0.18008949803497348,1.0,1.0,1.0,1.0,-1.0,1.0,0.7915340662002562,1.2409904003704304,1.6858447789346729,1.896000266080852,1.1780972480917773,0.0,0.2269927195758518,0.2168083825358967,-0.18008949803497348,-0.02699271957585179,-0.0168083825358967,0.18008949803497348,0.2,0.2,0.0,0.36188920511775663,-0.2109446025588783,0,0,442,False
0,443,0.7915340662002562,1.2409904003704304,1.6858447789346729,1.896000266080852,1.1780972480917773,0.0,0.2269927195758518,0.2168083825358967,-0.18008949803497348,1.0,1.0,1.0,1.0,-1.0,1.0,0.7915340662002562,1.2409904003704304,1.6858447789346729,1.896000266080852,1.1780972480917773,0.0,0.2269927195758518,0.2168083825358967,-0.18008949803497348,-0.02699271957585179,-0.0168083825358967,0.18008949803497348,0.2,0.2,0.0,0.36188920511775663,-0.2109446025588783,0,0,443,False
0,444,0.7915340662002562,1.2409904003704304,1.6858447789346729,1.896000266080852,1.1780972480917773,0.0,0.2269927195758518,0.2168083825358967,-0.18008949803497348,1.0,1.0,1.0,1.0,-1.0,1.0,0.7915340662002562,1.2409904003704304,1.6858447789346729,1.896000266080852,1.1780972480917773,0.0,0.2269927195758799,0.21680838253592435,-0.18008949803470134,-0.026992719575879894,-0.016808382535924347,0.18008949803470134,0.2,0.2,0.0,0.3618892051176554,-0.21094460255781516,0,0,444,False
0,445,0.7915340662002562,1.2409904003704304,1.6858447789346729,1.896000266080852,1.1780972480917773,0.0,0.2269927195758799,0.21680838253592435,-0.18008949803470134,1.0,1.0,1.0,1.0,-1.0,1.0,0.7915340662002562,1.2409904003704304,1.6858447789346729,1.896000266080852,1.1780972480917773,0.0,0.22699271957589712,0.2168083825359413,-0.18008949803453417,-0.02699271957589712,-0.016808382535941295,0.18008949803453417,0.2,0.2,0.0,0.36188920511759315,-0.2109446025581743,0,0,445,False
0,446,0.7915340662002562,1.2409904003704304,1.6858447789346729,1.896000266080852,1.1780972480917773,0.0,0.22699271957589712,0.2168083825359413,-0.18008949803453417,1.0,1.0,1.0,1.0,-1.0,1.0,0.7915340662002562,1.2409904003704304,1.6858447789346729,1.896000266080852,1.1780972480917773,0.0,0.22699271957589712,0.2168083825359413,-0.18008949803453417,-0.02699271957589712,-0.016808382535941295,0.18008949803453417,0.2,0.2,0.0,0.36188920511759315,-0.21094460255879657,0,0,446,False
0,447,0.7915340662002562,1.2409904003704304,1.6858447789346729,1.896000266080852,1.1780972480917773,0.0,0.22699271957589712,0.2168083825359413,-0.18008949803453417,1.0,1.0,1.0,1.0,-1.0,1.0,0.7915340662002562,1.2409904003704304,1.6858447789346729,1.896000266080852,1.1780972480917773,0.0,0.22699271957589712,0.2168083825359413,-0.18008949803453417,-0.02699271957589712,-0.016808382535941295,0.18008949803453417,0.2,0.2,0.0,0.36188920511759315,-0.21094460255879657,0,0,447,False
0,448,0.7915340662002562,1.2409904003704304,1.6858447789346729,1.896000266080852,1.1780972480917773,0.0,0.22699271957589712,0.2168083825359413,-0.18008949803453417,1.0,1.0,1.0,1.0,-1.0,1.0,0.7915340662002562,1.2409904003704304,1.6858447789346729,1.896000266080852,1.1780972480917773,0.0,0.22699271957589712,0.2168083825359413,-0.18008949803453417,-0.02699271957589712,-0.016808382535941295,0.18008949803453417,0.2,0.2,0.0,0.36188920511759315,-0.21094460255879657,0,0,448,False
0,449,0.7915340662002562,1.2409904003704304,1.6858447789346729,1.896000266080852,1.1780972480917773,0.0,0.22699271957589712,0.2168083825359413,-0.18008949803453417,1.0,1.0,1.0,1.0,-1.0,1.0,0.7915340662002562,1.2409904003704304,1.6858447789346729,1.896000266080852,1.1780972480917773,0.0,0.22699271957589712,0.2168083825359413,-0.18008949803453417,-0.02699271957589712,-0.016808382535941295,0.18008949803453417,0.2,0.2,0.0,0.36188920511759315,-0.21094460255879657,0,0,449,False
0,450,0.7915340662002562,1.2409904003704304,1.6858447789346729,1.896000266080852,1.1780972480917773,0.0,0.22699271957589712,0.2168083825359413,-0.18008949803453417,1.0,1.0,1.0,1.0,-1.0,1.0,0.7915340662002562,1.2409904003704304,1.6858447789346729,1.896000266080852,1.1780972480917773,0.0,0.22699271957584888,0.21680838253589385,-0.18008949803500382,-0.02699271957584887,-0.01680838253589384,0.18008949803500382,0.2,0.2,0.0,0.3618892051177682,-0.21094460256063435,0,0,450,False
0,451,0.7915340662002562,1.2409904003704304,1.6858447789346729,1.896000266080852,1.1780972480917773,0.0,0.22699271957584888,0.21680838253589385,-0.18008949803500382,1.0,1.0,1.0,1.0,-1.0,1.0,0.7915340662002562,1.24099040036464,1.685844778942921,1.896000266080261,1.1780972480902931,0.0,0.22699271957584888,0.21680838253589385,-0.18008949803500382,-0.02699271957584887,-0.01680838253589384,0.18008949803500382,0.2,0.2,0.0,0.3618892051177682,-0.2109446025588841,0,0,451,False
0,452,0.7915340662002562,1.24099040036464,1.685844778942921,1.896000266080261,1.1780972480902931,0.0,0.22699271957584888,0.21680838253589385,-0.18008949803500382,1.0,1.0,1.0,1.0,-1.0,1.0,0.7915340662002562,1.24099040036464,1.685844778942921,1.896000266080261,1.1780972480902931,0.0,0.22699271957586395,0.21680838253590864,-0.18008949803485655,-0.026992719575863928,-0.016808382535908644,0.18008949803485655,0.2,0.2,0.0,0.3618892051177132,-0.21094460255830705,0,0,452,False
0,453,0.7915340662002562,1.24099040036464,1.685844778942921,1.896000266080261,1.1780972480902931,0.0,0.22699271957586395,0.21680838253590864,-0.18008949803485655,1.0,1.0,1.0,1.0,-1.0,1.0,0.7915340662002562,1.2409904003661028,1.6858447789408377,1.896000266080411,1.1780972480906684,0.0,0.2269927195758708,0.2168083825359154,-0.18008949803479,-0.026992719575870783,-0.01680838253591539,0.18008949803479,0.2,0.2,0.0,0.36188920511768846,-0.21094460255859665,0,0,453,False
0,454,0.7915340662002562,1.2409904003661028,1.6858447789408377,1.896000266080411,1.1780972480906684,0.0,0.2269927195758708,0.2168083825359154,-0.18008949803479,1.0,1.0,1.0,1.0,-1.0,1.0,0.7915340662002562,1.2409904003673664,1.6858447789390376,1.8960002660805397,1.1780972480909924,0.0,0.22699271957590014,0.21680838253594428,-0.18008949803450516,-0.026992719575900142,-0.016808382535944265,0.18008949803450516,0.2,0.2,0.0,0.3618892051175824,-0.21094460255773037,0,0,454,False
0,455,0.7915340662002562,1.2409904003673664,1.6858447789390376,1.8960002660805397,1.1780972480909924,0.0,0.22699271957590014,0.21680838253594428,-0.18008949803450516,1.0,1.0,1.0,1.0,-1.0,1.0,0.7915340662002562,1.2409904003685803,1.685844778937308,1.8960002660806634,1.1780972480913037,0.0,0.22699271957592307,0.21680838253596682,-0.180089498034283,-0.026992719575923054,-0.01680838253596681,0.180089498034283,0.2,0.2,0.0,0.3618892051174997,-0.2109446025579233,0,0,455,False
0,456,0.7915340662002562,1.2409904003685803,1.685844778937308,1.8960002660806634,1.1780972480913037,0.0,0.22699271957592307,0.21680838253596682,-0.180089498034283,1.0,1.0,1.0,1.0,-1.0,1.0,0.7915340662002562,1.240990400369169,1.6858447789364697,1.8960002660807236,1.1780972480914544,0.0,0.22699271957592307,0.21680838253596682,-0.180089498034283,-0.026992719575923054,-0.01680838253596681,0.180089498034283,0.2,0.2,0.0,0.3618892051174997,-0.21094460255874986,0,0,456,False
0,457,0.7915340662002562,1.240990400369169,1.6858447789364697,1.8960002660807236,1.1780972480914544,0.0,0.22699271957592307,0.21680838253596682,-0.180089498034283,1.0,1.0,1.0,1.0,-1.0,1.0,0.7915340662002562,1.240990400369169,1.6858447789364697,1.8960002660807236,1.1780972480914544,0.0,0.22699271957594078,0.21680838253598422,-0.18008949803411056,-0.026992719575940755,-0.01680838253598422,0.18008949803411056,0.2,0.2,0.0,0.36188920511743544,-0.2109446025580749,0,0,457,False
0,458,0.7915340662002562,1.240990400369169,1.6858447789364697,1.8960002660807236,1.1780972480914544,0.0,0.22699271957594078,0.21680838253598422,-0.18008949803411056,1.0,1.0,1.0,1.0,-1.0,1.0,0.7915340662002562,1.240990400369169,1.6858447789364697,1.8960002660807236,1.1780972480914544,0.0,0.22699271957592426,0.216808382535968,-0.18008949803427032,-0.026992719575924255,-0.016808382535967985,0.18008949803427032,0.2,0.2,0.0,0.3618892051174949,-0.21094460255934197,0,0,458,False
0,459,0.7915340662002562,1.240990400369169,1.6858447789364697,1.8960002660807236,1.1780972480914544,0.0,0.22699271957592426,0.216808382535968,-0.18008949803427032,1.0,1.0,1.0,1.0,-1.0,1.0,0.7915340662002562,1.2409904003693244,1.6858447789362483,1.8960002660807398,1.178097248091494,0.0,0.2269927195759404,0.21680838253598386,-0.18008949803411434,-0.026992719575940377,-0.01680838253598385,0.18008949803411434,0.2,0.2,0.0,0.3618892051174369,-0.21094460255813835,0,0,459,False
0,460,0.7915340662002562,1.2409904003693244,1.6858447789362483,1.8960002660807398,1.178097248091494,0.0,0.2269927195759404,0.21680838253598386,-0.18008949803411434,1.0,1.0,1.0,1.0,-1.0,1.0,0.7915340662002562,1.2409904003693244,1.6858447789362483,1.8960002660807398,1.178097248091494,0.0,0.22699271957588896,0.21680838253593326,-0.18008949803461372,-0.02699271957588895,-0.016808382535933253,0.18008949803461372,0.2,0.2,0.0,0.36188920511762285,-0.21094460256067105,0,0,460,False
0,461,0.7915340662002562,1.2409904003693244,1.6858447789362483,1.8960002660807398,1.178097248091494,0.0,0.22699271957588896,0.21680838253593326,-0.18008949803461372,1.0,1.0,1.0,-1.0,-1.0,1.0,0.7915340662002562,1.2409904003693244,1.6858447789362483,1.8960002660807398,1.178097248091494,0.0,0.22699271957588685,0.21680838253593118,-0.1800894980346339,-0.026992719575886833,-0.01680838253593117,0.1800894980346339,0.2,0.2,0.0,0.3618892051176303,-0.21094460255888953,0,0,461,False
0,462,0.7915340662002562,1.2409904003693244,1.6858447789362483,1.8960002660807398,1.178097248091494,0.0,0.22699271957588685,0.21680838253593118,-0.1800894980346339,1.0,1.0,1.0,-1.0,-1.0,1.0,0.7915340662002562,1.2409904003693244,1.6858447789362483,1.8960002660807398,1.178097248091494,0.0,0.24179715884575703,0.23179562295076614,-0.18083182195736716,-0.04179715884575701,-0.031795622950766135,0.18083182195736716,0.2,0.2,0.0,0.3806510536927948,-0.40794401259804236,0,0,462,False
0,463,0.7915340662002562,1.2409904003693244,1.6858447789362483,1.8960002660807398,1.178097248091494,0.0,0.24179715884575703,0.23179562295076614,-0.18083182195736716,1.0,1.0,1.0,-1.0,-1.0,1.0,0.7915340662002773,1.2409904003667238,1.6858447789385513,1.721046327792836,1.1780972481060845,0.0,0.2597037036094815,0.2499232728050639,-0.1767349079621118,-0.05970370360948146,-0.049923272805063895,0.1767349079621118,0.2,0.2,0.0,0.4014260624952644,-0.4384631192723285,0,0,463,False
0,464,0.7915340662002773,1.2409904003667238,1.6858447789385513,1.721046327792836,1.1780972481060845,0.0,0.2597037036094815,0.2499232728050639,-0.1767349079621118,1.0,1.0,1.0,1.0,-1.0,1.0,0.7915340662002773,1.2409904003667238,1.6858447789385513,1.721046327792836,1.1780972481060845,0.0,0.2597037036094815,0.2499232728050639,-0.1767349079621118,-0.05970370360948146,-0.049923272805063895,0.1767349079621118,0.2,0.2,0.0,0.4014260624952644,-0.2307130312476322,0,0,464,False
0,465,0.7915340662002773,1.2409904003667238,1.6858447789385513,1.721046327792836,1.1780972481060845,0.0,0.2597037036094815,0.2499232728050639,-0.1767349079621118,1.0,1.0,1.0,1.0,-1.0,1.0,0.7915340662002773,1.2409904003667238,1.6858447789385513,1.721046327792836,1.1780972481060845,0.0,0.26120017315520055,0.2514382203452178,-0.1761323394569933,-0.06120017315520054,-0.051438220345217764,0.1761323394569933,0.2,0.2,0.0,0.4030748194929455,-0.24802497972328352,0,0,465,False
0,466,0.7915340662002773,1.2409904003667238,1.6858447789385513,1.721046327792836,1.1780972481060845,0.0,0.26120017315520055,0.2514382203452178,-0.1761323394569933,1.0,1.0,1.0,1.0,-1.0,1.0,0.7915340662002773,1.2409904003667238,1.6858447789385513,1.721046327792836,1.1780972481060845,0.0,0.26120017315520055,0.2514382203452178,-0.1761323394569933,-0.06120017315520054,-0.051438220345217764,0.1761323394569933,0.2,0.2,0.0,0.4030748194929455,-0.23153740974647274,0,0,466,False
0,467,0.7915340662002773,1.2409904003667238,1.6858447789385513,1.721046327792836,1.1780972481060845,0.0,0.26120017315520055,0.2514382203452178,-0.1761323394569933,1.0,1.0,1.0,1.0,-1.0,1.0,0.7915340662002773,1.2409904003667238,1.6858447789385513,1.721046327792836,1.1780972481060845,0.0,0.26120017315520055,0.2514382203452178,-0.1761323394569933,-0.06120017315520054,-0.051438220345217764,0.1761323394569933,0.2,0.2,0.0,0.4030748194929455,-0.23153740974647274,0,0,467,False
0,468,0.7915340662002773,1.2409904003667238,1.6858447789385513,1.721046327792836,1.1780972481060845,0.0,0.26120017315520055,0.2514382203452178,-0.1761323394569933,1.0,1.0,1.0,1.0,-1.0,1.0,0.7915340662002773,1.2409904003667238,1.6858447789385513,1.721046327792836,1.1780972481060845,0.0,0.2604102276442891,0.2506385208043741,-0.17645567578389007,-0.06041022764428908,-0.050638520804374074,0.17645567578389007,0.2,0.2,0.0,0.4022061166729125,-0.2224160301361264,0,0,468,False
0,469,0.7915340662002773,1.2409904003667238,1.6858447789385513,1.721046327792836,1.1780972481060845,0.0,0.2604102276442891,0.2506385208043741,-0.17645567578389007,1.0,1.0,1.0,1.0,-1.0,1.0,0.7915340662002773,1.2409904003667238,1.6858447789385513,1.721046327792836,1.1780972481060845,0.0,0.2604102276442891,0.2506385208043741,-0.17645567578389007,-0.06041022764428908,-0.050638520804374074,0.17645567578389007,0.2,0.2,0.0,0.4022061166729125,-0.23110305833645625,0,0,469,False
0,470,0.7915340662002773,1.2409904003667238,1.6858447789385513,1.721046327792836,1.1780972481060845,0.0,0.2604102276442891,0.2506385208043741,-0.17645567578389007,1.0,1.0,1.0,1.0,-1.0,1.0,0.7915340662002773,1.2409904003667238,1.6858447789385513,1.721046327792836,1.1780972481060845,0.0,0.25418097724396277,0.24433235333314318,-0.17860073882977287,-0.05418097724396277,-0.044332353333143164,0.17860073882977287,0.2,0.2,0.0,0.3952271397418813,-0.15782380056062842,0,0,470,False
0,471,0.7915340662002773,1.2409904003667238,1.6858447789385513,1.721046327792836,1.1780972481060845,0.0,0.25418097724396277,0.24433235333314318,-0.17860073882977287,1.0,1.0,1.0,-1.0,-1.0,1.0,0.7915340662002808,1.2409904003627692,1.685844778932434,1.5671318217157282,1.1780972480858158,0.0,0.2586779162591031,0.24888481931461837,-0.1771237245554075,-0.0586779162591031,-0.04888481931461837,0.1771237245554075,0.2,0.2,0.0,0.400288310403641,-0.2807558618194176,0,0,471,False
0,472,0.7915340662002808,1.2409904003627692,1.685844778932434,1.5671318217157282,1.1780972480858158,0.0,0.2586779162591031,0.24888481931461837,-0.1771237245554075,1.0,1.0,1.0,-1.0,-1.0,1.0,0.7915340662002879,1.2409904003599836,1.6858447789324769,1.4376322704267304,1.1780972480867085,0.0,0.2664452809095966,0.2567480932478457,-0.17367965053215906,-0.06644528090959664,-0.05674809324784569,0.17367965053215906,0.2,0.2,0.0,0.40875089249366936,-0.3190012671471184,0,0,472,False
0,473,0.7915340662002879,1.2409904003599836,1.6858447789324769,1.4376322704267304,1.1780972480867085,0.0,0.2664452809095966,0.2567480932478457,-0.17367965053215906,1.0,1.0,1.0,1.0,-1.0,1.0,0.7915340662002898,1.2409904003602539,1.6858447789302182,1.4024240155680807,1.1780972480863956,0.0,0.26817716969832134,0.25850136692307735,-0.17274925738294353,-0.06817716969832134,-0.058501366923077336,0.17274925738294353,0.2,0.2,0.0,0.4105901325834076,-0.2536874671890862,0,0,473,False
0,474,0.7915340662002898,1.2409904003602539,1.6858447789302182,1.4024240155680807,1.1780972480863956,0.0,0.26817716969832134,0.25850136692307735,-0.17274925738294353,1.0,1.0,1.0,1.0,-1.0,1.0,0.7915340662002891,1.2409904003604557,1.6858447789294144,1.4073775325981883,1.1780972480847935,0.0,0.2674760191598279,0.2577915587705528,-0.17313333743668355,-0.06747601915982786,-0.05779155877055284,0.17313333743668355,0.2,0.2,0.0,0.40984760720407354,-0.2274985498086962,0,0,474,False
0,475,0.7915340662002891,1.2409904003604557,1.6858447789294144,1.4073775325981883,1.1780972480847935,0.0,0.2674760191598279,0.2577915587705528,-0.17313333743668355,1.0,1.0,1.0,1.0,-1.0,1.0,0.7915340662002891,1.2409904003604557,1.6858447789294144,1.4073775325981883,1.1780972480847935,0.0,0.242130487660669,0.23213306761835173,-0.18080607791535286,-0.04213048766066899,-0.03213306761835173,0.18080607791535286,0.2,0.2,0.0,0.38105612703095626,0.06738673821569466,0,0,475,False
0,476,0.7915340662002891,1.2409904003604557,1.6858447789294144,1.4073775325981883,1.1780972480847935,0.0,0.242130487660669,0.23213306761835173,-0.18080607791535286,1.0,1.0,1.0,-1.0,-1.0,1.0,0.7915340662002891,1.2409904003604557,1.6858447789294144,1.4073775325981883,1.1780972480847935,0.0,0.2329264735622899,0.2228154048848947,-0.1808307366785403,-0.03292647356228988,-0.022815404884894697,0.1808307366785403,0.2,0.2,0.0,0.3695959984468004,-0.10019671338184172,0,0,476,False
0,477,0.7915340662002891,1.2409904003604557,1.6858447789294144,1.4073775325981883,1.1780972480847935,0.0,0.2329264735622899,0.2228154048848947,-0.1808307366785403,1.0,1.0,1.0,-1.0,-1.0,1.0,0.7915340662002486,1.240990400359447,1.6858447789384046,1.8228436757042663,1.1780972480548555,0.0,0.24304036252289796,0.23305417736510886,-0.1807262635459325,-0.04304036252289796,-0.03305417736510885,0.1807262635459325,0.2,0.2,0.0,0.382158147548712,-0.3467005647934721,0,0,477,False
0,478,0.7915340662002486,1.240990400359447,1.6858447789384046,1.8228436757042663,1.1780972480548555,0.0,0.24304036252289796,0.23305417736510886,-0.1807262635459325,1.0,1.0,1.0,-1.0,-1.0,1.0,0.7915340662002486,1.240990400359447,1.6858447789384046,1.8228436757042663,1.1780972480548555,0.0,0.25312600658789164,0.24326435618952102,-0.17889456374788087,-0.0531260065878916,-0.043264356189521,0.17889456374788087,0.2,0.2,0.0,0.3940223180759944,-0.3456528643108211,0,0,478,False
0,479,0.7915340662002486,1.240990400359447,1.6858447789384046,1.8228436757042663,1.1780972480548555,0.0,0.25312600658789164,0.24326435618952102,-0.17889456374788087,1.0,1.0,1.0,-1.0,-1.0,1.0,0.7915340662002486,1.240990400359447,1.6858447789384046,1.8228436757042663,1.1780972480548555,0.0,0.25312600658789164,0.24326435618952102,-0.17889456374788087,-0.0531260065878916,-0.043264356189521,0.17889456374788087,0.2,0.2,0.0,0.3940223180759944,-0.2270111590379972,0,0,479,False
0,480,0.7915340662002486,1.240990400359447,1.6858447789384046,1.8228436757042663,1.1780972480548555,0.0,0.25312600658789164,0.24326435618952102,-0.17889456374788087,1.0,1.0,1.0,-1.0,-1.0,1.0,0.7915340662002486,1.240990400359447,1.6858447789384046,1.8228436757042663,1.1780972480548555,0.0,0.2566402093986853,0.24682195141023944,-0.1778385018411008,-0.056640209398685304,-0.04682195141023941,0.1778385018411008,0.2,0.2,0.0,0.39800980580288076,-0.2688797801703038,0,0,480,False
0,481,0.7915340662002486,1.240990400359447,1.6858447789384046,1.8228436757042663,1.1780972480548555,0.0,0.2566402093986853,0.24682195141023944,-0.1778385018411008,1.0,1.0,1.0,1.0,-1.0,1.0,0.7915340662002831,1.2409904003612886,1.6858447789338236,1.5159877559285142,1.178097248086389,0.0,0.25861591855831645,0.2488220560832667,-0.17714659818768333,-0.05861591855831641,-0.048822056083266695,0.17714659818768333,0.2,0.2,0.0,0.400219347576719,-0.25220509152674203,0,0,481,False
0,482,0.7915340662002831,1.2409904003612886,1.6858447789338236,1.5159877559285142,1.178097248086389,0.0,0.25861591855831645,0.2488220560832667,-0.17714659818768333,1.0,1.0,1.0,1.0,-1.0,1.0,0.7915340662002819,1.2409904003620926,1.6858447789317177,1.5242561228890286,1.1780972480835785,0.0,0.25857004892880303,0.24877562006818588,-0.17716347570797036,-0.05857004892880302,-0.04877562006818585,0.17716347570797036,0.2,0.2,0.0,0.40016831017495946,-0.22957378106988427,0,0,482,False
0,483,0.7915340662002819,1.2409904003620926,1.6858447789317177,1.5242561228890286,1.1780972480835785,0.0,0.25857004892880303,0.24877562006818588,-0.17716347570797036,1.0,1.0,1.0,1.0,-1.0,1.0,0.7915340662002806,1.2409904003624372,1.6858447789305888,1.5330364019958804,1.1780972480811125,0.0,0.2576610162833061,0.2478553629375658,-0.17748994594334916,-0.057661016283306096,-0.04785536293756579,0.17748994594334916,0.2,0.2,0.0,0.39915430745518904,-0.21943712652989028,0,0,483,False
0,484,0.7915340662002806,1.2409904003624372,1.6858447789305888,1.5330364019958804,1.1780972480811125,0.0,0.2576610162833061,0.2478553629375658,-0.17748994594334916,1.0,1.0,1.0,1.0,-1.0,1.0,0.7915340662002792,1.2409904003624035,1.6858447789302757,1.541640820735748,1.1780972480790626,0.0,0.2576610162833061,0.2478553629375658,-0.17748994594334916,-0.057661016283306096,-0.04785536293756579,0.17748994594334916,0.2,0.2,0.0,0.39915430745518904,-0.22957715372759452,0,0,484,False
0,485,0.7915340662002792,1.2409904003624035,1.6858447789302757,1.541640820735748,1.1780972480790626,0.0,0.2576610162833061,0.2478553629375658,-0.17748994594334916,1.0,1.0,1.0,1.0,-1.0,1.0,0.7915340662002787,1.2409904003622985,1.6858447789303406,1.545184415187062,1.178097248078307,0.0,0.25654139690714667,0.24672191880924316,-0.17787123348521744,-0.05654139690714667,-0.04672191880924316,0.17787123348521744,0.2,0.2,0.0,0.3978986921938016,-0.21639319348302624,0,0,485,False
0,486,0.7915340662002787,1.2409904003622985,1.6858447789303406,1.545184415187062,1.178097248078307,0.0,0.25654139690714667,0.24672191880924316,-0.17787123348521744,1.0,1.0,1.0,1.0,-1.0,1.0,0.7915340662002787,1.2409904003622985,1.6858447789303406,1.545184415187062,1.178097248078307,0.0,0.25654139690714667,0.24672191880924316,-0.17787123348521744,-0.05654139690714667,-0.04672191880924316,0.17787123348521744,0.2,0.2,0.0,0.3978986921938016,-0.2289493460969008,0,0,486,False
0,487,0.7915340662002787,1.2409904003622985,1.6858447789303406,1.545184415187062,1.178097248078307,0.0,0.25654139690714667,0.24672191880924316,-0.17787123348521744,1.0,1.0,1.0,1.0,-1.0,1.0,0.7915340662002787,1.2409904003622985,1.6858447789303406,1.545184415187062,1.178097248078307,0.0,0.25654139690714667,0.24672191880924316,-0.17787123348521744,-0.05654139690714667,-0.04672191880924316,0.17787123348521744,0.2,0.2,0.0,0.3978986921938016,-0.2289493460969008,0,0,487,False
0,488,0.7915340662002787,1.2409904003622985,1.6858447789303406,1.545184415187062,1.178097248078307,0.0,0.25654139690714667,0.24672191880924316,-0.17787123348521744,1.0,1.0,1.0,1.0,-1.0,1.0,0.7915340662002787,1.2409904003622985,1.6858447789303406,1.545184415187062,1.178097248078307,0.0,0.25614313971448927,0.24631874404629273,-0.17800136027840216,-0.056143139714489254,-0.046318744046292715,0.17800136027840216,0.2,0.2,0.0,0.3974502685271466,-0.22424089759702345,0,0,488,False
0,489,0.7915340662002787,1.2409904003622985,1.6858447789303406,1.545184415187062,1.178097248078307,0.0,0.25614313971448927,0.24631874404629273,-0.17800136027840216,1.0,1.0,1.0,-1.0,-1.0,1.0,0.7915340662002787,1.2409904003622985,1.6858447789303406,1.545184415187062,1.178097248078307,0.0,0.25614313971448927,0.24631874404629273,-0.17800136027840216,-0.056143139714489254,-0.046318744046292715,0.17800136027840216,0.2,0.2,0.0,0.3974502685271466,-0.2287251342635733,0,0,489,False
0,490,0.7915340662002787,1.2409904003622985,1.6858447789303406,1.545184415187062,1.178097248078307,0.0,0.25614313971448927,0.24631874404629273,-0.17800136027840216,1.0,1.0,1.0,-0.9997690916061401,-1.0,1.0,0.7915340662002787,1.2409904003622985,1.6858447789303406,1.545184415187062,1.178097248078307,0.0,0.2562900823424932,0.2464675010814616,-0.1779536828512433,-0.05629008234249315,-0.046467501081461575,0.1779536828512433,0.2,0.2,0.0,0.3976158304655174,-0.23046353461646676,0,0,490,False
0,491,0.7915340662002787,1.2409904003622985,1.6858447789303406,1.545184415187062,1.178097248078307,0.0,0.2562900823424932,0.2464675010814616,-0.1779536828512433,1.0,1.0,1.0,-1.0,-1.0,1.0,0.7915340662002787,1.2409904003622985,1.6858447789303406,1.545184415187062,1.178097248078307,0.0,0.2562900823424932,0.2464675010814616,-0.1779536828512433,-0.05629008234249315,-0.046467501081461575,0.1779536828512433,0.2,0.2,0.0,0.3976158304655174,-0.2288079152327587,0,0,491,False
0,492,0.7915340662002787,1.2409904003622985,1.6858447789303406,1.545184415187062,1.178097248078307,0.0,0.2562900823424932,0.2464675010814616,-0.1779536828512433,1.0,1.0,1.0,-1.0,-1.0,1.0,0.7915340662002787,1.2409904003622985,1.6858447789303406,1.545184415187062,1.178097248078307,0.0,0.25826783480346044,0.24846967428594713,-0.17727370217931665,-0.05826783480346043,-0.04846967428594712,0.17727370217931665,0.2,0.2,0.0,0.39983173838277675,-0.2520749483639818,0,0,492,False
0,493,0.7915340662002787,1.2409904003622985,1.6858447789303406,1.545184415187062,1.178097248078307,0.0,0.25826783480346044,0.24846967428594713,-0.17727370217931665,1.0,1.0,1.0,1.0,-1.0,1.0,0.7915340662002787,1.2409904003622985,1.6858447789303406,1.545184415187062,1.178097248078307,0.0,0.25826783480346044,0.24846967428594713,-0.17727370217931665,-0.05826783480346043,-0.04846967428594712,0.17727370217931665,0.2,0.2,0.0,0.39983173838277675,-0.22991586919138837,0,0,493,False
0,494,0.7915340662002787,1.2409904003622985,1.6858447789303406,1.545184415187062,1.178097248078307,0.0,0.25826783480346044,0.24846967428594713,-0.17727370217931665,1.0,1.0,1.0,1.0,-1.0,1.0,0.7915340662002787,1.2409904003622985,1.6858447789303406,1.545184415187062,1.178097248078307,0.0,0.25826783480346044,0.24846967428594713,-0.17727370217931665,-0.05826783480346043,-0.04846967428594712,0.17727370217931665,0.2,0.2,0.0,0.39983173838277675,-0.22991586919138837,0,0,494,False
0,495,0.7915340662002787,1.2409904003622985,1.6858447789303406,1.545184415187062,1.178097248078307,0.0,0.25826783480346044,0.24846967428594713,-0.17727370217931665,1.0,1.0,1.0,1.0,-1.0,1.0,0.7915340662002787,1.2409904003622985,1.6858447789303406,1.545184415187062,1.178097248078307,0.0,0.25826783480346044,0.24846967428594713,-0.17727370217931665,-0.05826783480346043,-0.04846967428594712,0.17727370217931665,0.2,0.2,0.0,0.39983173838277675,-0.22991586919138837,0,0,495,False
0,496,0.7915340662002787,1.2409904003622985,1.6858447789303406,1.545184415187062,1.178097248078307,0.0,0.25826783480346044,0.24846967428594713,-0.17727370217931665,1.0,1.0,1.0,1.0,-1.0,1.0,0.7915340662002789,1.240990400364787,1.6858447789247786,1.538626506991991,1.1780972480756773,0.0,0.25899983441053825,0.24921071242288,-0.1770038102407228,-0.05899983441053824,-0.04921071242288,0.1770038102407228,0.2,0.2,0.0,0.40064603111816727,-0.23846594291298884,0,0,496,False
0,497,0.7915340662002789,1.240990400364787,1.6858447789247786,1.538626506991991,1.1780972480756773,0.0,0.25899983441053825,0.24921071242288,-0.1770038102407228,1.0,1.0,1.0,1.0,-1.0,1.0,0.7915340662002789,1.240990400364787,1.6858447789247786,1.538626506991991,1.1780972480756773,0.0,0.25899983441053825,0.24921071242288,-0.1770038102407228,-0.05899983441053824,-0.04921071242288,0.1770038102407228,0.2,0.2,0.0,0.40064603111816727,-0.23032301555908363,0,0,497,False
0,498,0.7915340662002789,1.240990400364787,1.6858447789247786,1.538626506991991,1.1780972480756773,0.0,0.25899983441053825,0.24921071242288,-0.1770038102407228,1.0,1.0,1.0,1.0,-1.0,1.0,0.7915340662002789,1.240990400364787,1.6858447789247786,1.538626506991991,1.1780972480756773,0.0,0.25820053890878125,0.24840154744007317,-0.17729801756386498,-0.058200538908781255,-0.04840154744007317,0.17729801756386498,0.2,0.2,0.0,0.3997567186370788,-0.22098523450765462,0,0,498,False
0,499,0.7915340662002789,1.240990400364787,1.6858447789247786,1.538626506991991,1.1780972480756773,0.0,0.25820053890878125,0.24840154744007317,-0.17729801756386498,1.0,1.0,1.0,1.0,-1.0,1.0,0.7915340662002789,1.240990400364787,1.6858447789247786,1.538626506991991,1.1780972480756773,0.0,0.2571818819848659,0.2473703124205901,-0.1776559160877436,-0.0571818819848659,-0.04737031242059008,0.1776559160877436,0.2,0.2,0.0,0.3986178827013575,-0.21792058199346592,0,0,499,False
0,500,0.7915340662002789,1.240990400364787,1.6858447789247786,1.538626506991991,1.1780972480756773,0.0,0.2571818819848659,0.2473703124205901,-0.1776559160877436,1.0,1.0,1.0,-1.0,-1.0,1.0,0.7915340662002789,1.240990400364787,1.6858447789247786,1.538626506991991,1.1780972480756773,0.0,0.3221417977210277,0.31313233533294327,-0.05881064448810931,-0.1221417977210277,-0.11313233533294323,0.05881064448810931,0.2,0.2,0.0,0.4530848586910681,-0.8012121892426403,0,0,500,True
