episode,timestep,s1,s2,s3,s4,s5,g_s,rb_x,rb_y,rb_z,a1,a2,a3,a4,a5,g_a,ns1,ns2,ns3,ns4,ns5,ng_s,nrb_x,nrb_y,nrb_z,jp_x,jp_y,jp_z,bp_x,bp_y,bp_z,distance,reward,done
0,0,4.340803467335991e-15,-1.5700000000286947,1.570000000076212,1.5700000000400096,1.2722673209982378e-13,0.0,0.16227085568554797,0.2015999999999998,-0.018460129446198376,-0.30962979793548584,-0.6478989124298096,0.6076550483703613,0.4036453366279602,0.6246654987335205,0.8633874654769897,4.340803467335991e-15,-1.5700000000286947,1.570000000076212,1.5700000000400096,1.2722673209982378e-13,0.0,0.16376339742534485,0.20190540319925726,-0.017071955588279997,0.03623660257465516,-0.0019054031992572417,0.017071955588279997,0.2,0.2,0.0,0.26052964101029713,0.0,False
0,1,4.340803467335991e-15,-1.5700000000286947,1.570000000076212,1.5700000000400096,1.2722673209982378e-13,0.0,0.16376339742534485,0.20190540319925726,-0.017071955588279997,-0.11654362082481384,-0.26219093799591064,-0.88999342918396,0.2723771929740906,-0.5271406769752502,-0.710738480091095,4.340803467335991e-15,-1.5700000000286947,1.570000000076212,1.5700000000400096,1.2722673209982378e-13,0.0,0.1638263301260856,0.2019179384263217,-0.01701303757386688,0.03617366987391442,-0.0019179384263216762,0.01701303757386688,0.2,0.2,0.0,0.2605750635582899,-0.2614835145181455,False
0,2,4.340803467335991e-15,-1.5700000000286947,1.570000000076212,1.5700000000400096,1.2722673209982378e-13,0.0,0.1638263301260856,0.2019179384263217,-0.01701303757386688,-0.5373169183731079,0.6272095441818237,0.498428076505661,-0.8332453370094299,-0.6074267029762268,0.583972692489624,-0.006600509648438585,-1.5838115351575879,1.5829536394717623,1.5786046784714356,0.013316259002365922,0.0,0.16384719898521316,0.20192349388048664,-0.016987413314351055,0.03615280101478685,-0.001923493880486637,0.016987413314351055,0.2,0.2,0.0,0.26059081758058084,-0.26090589802639935,False
0,3,-0.006600509648438585,-1.5838115351575879,1.5829536394717623,1.5786046784714356,0.013316259002365922,0.0,0.16384719898521316,0.20192349388048664,-0.016987413314351055,0.265251100063324,0.432493656873703,-0.6690248250961304,0.4082822799682617,-0.38956281542778015,0.48131731152534485,-0.007421838179856651,-1.582064337695015,1.583465208191759,1.5766405970780846,0.011626355683718516,0.0,0.16380241607605017,0.2019394369416607,-0.016921867167352833,0.036197583923949825,-0.0019394369416606768,0.016921867167352833,0.2,0.2,0.0,0.26057075295031856,-0.2601694603450731,False
0,4,-0.007421838179856651,-1.582064337695015,1.583465208191759,1.5766405970780846,0.011626355683718516,0.0,0.16380241607605017,0.2019394369416607,-0.016921867167352833,0.142086923122406,-0.220648854970932,0.05972784012556076,-0.365689754486084,0.033726777881383896,0.23116345703601837,-0.007249112682028942,-1.581945565592359,1.5831608643589687,1.5767624444439083,0.011488323848372749,0.0,0.1637678431588604,0.20194815456169884,-0.016896794601511944,0.036232156841139604,-0.0019481545616988436,0.016896794601511944,0.2,0.2,0.0,0.26055415032500745,-0.2602220978187852,False
0,5,-0.007249112682028942,-1.581945565592359,1.5831608643589687,1.5767624444439083,0.011488323848372749,0.0,0.1637678431588604,0.20194815456169884,-0.016896794601511944,-0.41671091318130493,-0.31877684593200684,-0.8335228562355042,0.2541272044181824,0.851477861404419,-0.0936446413397789,-0.007284999345420425,-1.5821277007701788,1.5829944130161735,1.5766503052634238,0.011710282279528745,0.0,0.16372733066249945,0.20194136014639683,-0.016911780477520788,0.03627266933750055,-0.001941360146396818,0.016911780477520788,0.2,0.2,0.0,0.2605243943713602,-0.2599292752984155,False
0,6,-0.007284999345420425,-1.5821277007701788,1.5829944130161735,1.5766503052634238,0.011710282279528745,0.0,0.16372733066249945,0.20194136014639683,-0.016911780477520788,-0.11435167491436005,0.024372421205043793,0.2350628823041916,-0.7740181684494019,0.35833925008773804,0.9068920612335205,-0.007448590203510476,-1.5821850686271663,1.5829434834446656,1.5762501797682835,0.012117316693370047,0.0,0.16367270874763623,0.20195215594754223,-0.01697542287876363,0.03632729125236378,-0.0019521559475422134,0.01697542287876363,0.2,0.2,0.0,0.26050257937794363,-0.26006627950961203,False
0,7,-0.007448590203510476,-1.5821850686271663,1.5829434834446656,1.5762501797682835,0.012117316693370047,0.0,0.16367270874763623,0.20195215594754223,-0.01697542287876363,0.11988377571105957,-0.33060961961746216,0.8282424807548523,0.4720611572265625,0.39934322237968445,-0.09096157550811768,-0.0074768124095243756,-1.5822683967135636,1.5833302015771769,1.5759438740641818,0.012439401106558789,0.0,0.16362728791127534,0.20195704068112352,-0.016920478832387623,0.03637271208872468,-0.0019570406811235124,0.016920478832387623,0.2,0.2,0.0,0.26047425637439425,-0.25990779630340666,False
0,8,-0.0074768124095243756,-1.5822683967135636,1.5833302015771769,1.5759438740641818,0.012439401106558789,0.0,0.16362728791127534,0.20195704068112352,-0.016920478832387623,0.8050012588500977,0.1787184625864029,-0.885720431804657,0.28562745451927185,-0.568060040473938,0.613071084022522,-0.007180208660094501,-1.5823682229249327,1.583393557845361,1.5762718702615608,0.012417151869202073,0.0,0.16370079069138882,0.20194815958020465,-0.016870070098520287,0.036299209308611205,-0.0019481595802046483,0.016870070098520287,0.2,0.2,0.0,0.2605102825148111,-0.26123080532314846,False
0,9,-0.007180208660094501,-1.5823682229249327,1.583393557845361,1.5762718702615608,0.012417151869202073,0.0,0.16370079069138882,0.20194815958020465,-0.016870070098520287,0.7073485851287842,0.9081048369407654,0.889708399772644,-0.31775641441345215,0.5834866166114807,-0.4488809108734131,-0.006637455325706651,-1.5820650031648655,1.5831914772136508,1.5763235552504846,0.012291728136696333,0.0,0.16369452185987848,0.20191556637198882,-0.01691265371918894,0.03630547814012153,-0.0019155663719887962,0.01691265371918894,0.2,0.2,0.0,0.2604838388193795,-0.2599549649107466,False
0,10,-0.006637455325706651,-1.5820650031648655,1.5831914772136508,1.5763235552504846,0.012291728136696333,0.0,0.16369452185987848,0.20191556637198882,-0.01691265371918894,0.5083892941474915,0.16544704139232635,0.2529093027114868,-0.12721289694309235,-0.002860474865883589,0.8183740377426147,-0.006637455325706651,-1.5820650031648655,1.5831914772136508,1.5763235552504846,0.012291728136696333,0.0,0.163770118658885,0.20189244100944656,-0.016809351027575022,0.03622988134111502,-0.001892441009446549,0.016809351027575022,0.2,0.2,0.0,0.26050674422031067,-0.26096485223893456,False
0,11,-0.006637455325706651,-1.5820650031648655,1.5831914772136508,1.5763235552504846,0.012291728136696333,0.0,0.163770118658885,0.20189244100944656,-0.016809351027575022,-0.5801056027412415,0.3929843008518219,0.613202691078186,0.5018967986106873,-0.8137545585632324,0.11517442017793655,-0.0054028278804337275,-1.581194336570214,1.5843193597485363,1.5760583016601821,0.012296779773399645,0.0,0.16380417104878503,0.20186060105451228,-0.0167480941086251,0.03619582895121498,-0.0018606010545122692,0.0167480941086251,0.2,0.2,0.0,0.26049953429390227,-0.2603553357657342,False
0,12,-0.0054028278804337275,-1.581194336570214,1.5843193597485363,1.5760583016601821,0.012296779773399645,0.0,0.16380417104878503,0.20186060105451228,-0.0167480941086251,-0.06915333867073059,-0.8749182224273682,0.35705241560935974,-0.43041712045669556,-0.3355719745159149,0.6953012943267822,-0.005531722690339053,-1.5813917395335997,1.5845252209200964,1.5760189429476859,0.012055723256351632,0.0,0.16389559168205775,0.2018610427361148,-0.01666989471778532,0.036104408317942274,-0.0018610427361147785,0.01666989471778532,0.2,0.2,0.0,0.26055235738182336,-0.26160881914024525,False
0,13,-0.005531722690339053,-1.5813917395335997,1.5845252209200964,1.5760189429476859,0.012055723256351632,0.0,0.16389559168205775,0.2018610427361148,-0.01666989471778532,-0.01652582734823227,0.4435345232486725,0.7650148868560791,-0.693061113357544,-0.705880343914032,-0.2149997055530548,-0.005578956859470829,-1.5819533430039097,1.5848642333295402,1.5756316053022994,0.011740084021490368,0.0,0.16383753609586632,0.20186343590876593,-0.016659168614407055,0.036162463904133677,-0.0018634359087659324,0.016659168614407055,0.2,0.2,0.0,0.26051701074935585,-0.25981007810000556,False
0,14,-0.005578956859470829,-1.5819533430039097,1.5848642333295402,1.5756316053022994,0.011740084021490368,0.0,0.16383753609586632,0.20186343590876593,-0.016659168614407055,0.7849816083908081,0.7173498868942261,0.8633559942245483,-0.6535911560058594,0.14055703580379486,0.14850714802742004,-0.005578956859470829,-1.5819533430039097,1.5848642333295402,1.5756316053022994,0.011740084021490368,0.0,0.1641517800944972,0.2018677977095698,-0.01560505884224797,0.03584821990550281,-0.0018677977095697968,0.01560505884224797,0.2,0.2,0.0,0.2606528966303156,-0.26337061424951064,False
0,15,-0.005578956859470829,-1.5819533430039097,1.5848642333295402,1.5756316053022994,0.011740084021490368,0.0,0.1641517800944972,0.2018677977095698,-0.01560505884224797,-0.02970270812511444,0.6827003955841064,0.3424651324748993,-0.40727877616882324,0.6287274360656738,0.7994184494018555,-0.005509975947887404,-1.5782533621676922,1.5906378567708161,1.5704277947900658,0.006859735116498829,0.0,0.16418869702560873,0.2018592959146447,-0.015527693834932979,0.03581130297439128,-0.0018592959146446853,0.015527693834932979,0.2,0.2,0.0,0.26066494366131143,-0.2609058842812281,False
0,16,-0.005509975947887404,-1.5782533621676922,1.5906378567708161,1.5704277947900658,0.006859735116498829,0.0,0.16418869702560873,0.2018592959146447,-0.015527693834932979,0.594097912311554,0.5675530433654785,-0.5178727507591248,0.2100335955619812,-0.8803143501281738,0.14088618755340576,-0.005501000340539607,-1.57775643999379,1.59073079969484,1.5702469676895399,0.007461914298294347,0.0,0.16418869702560873,0.2018592959146447,-0.015527693834932979,0.03581130297439128,-0.0018592959146446853,0.015527693834932979,0.2,0.2,0.0,0.26066494366131143,-0.26066494366131143,False
0,17,-0.005501000340539607,-1.57775643999379,1.59073079969484,1.5702469676895399,0.007461914298294347,0.0,0.16418869702560873,0.2018592959146447,-0.015527693834932979,-0.5940874814987183,-0.5003555417060852,-0.016998181119561195,-0.3655754327774048,-0.6990638971328735,-0.30107492208480835,-0.005468737827046506,-1.5777160072196872,1.590663761266174,1.570163430404142,0.007147580448496856,0.0,0.16422048180593807,0.2018553485481492,-0.015496163934932361,0.03577951819406196,-0.0018553485481491991,0.015496163934932361,0.2,0.2,0.0,0.2606800327581066,-0.2609818146940096,False
0,18,-0.005468737827046506,-1.5777160072196872,1.590663761266174,1.570163430404142,0.007147580448496856,0.0,0.16422048180593807,0.2018553485481492,-0.015496163934932361,0.47508156299591064,0.7301546335220337,0.8665841817855835,-0.09330236166715622,-0.7319846749305725,-0.2416771948337555,-0.005838115842332004,-1.577968269463769,1.5908079631505874,1.5698698132421214,0.006491349899564656,0.0,0.16416307077474795,0.20187087549718727,-0.015510004751849552,0.03583692922525207,-0.0018708754971872704,0.015510004751849552,0.2,0.2,0.0,0.26065671759538095,-0.26019041434086826,False
0,19,-0.005838115842332004,-1.577968269463769,1.5908079631505874,1.5698698132421214,0.006491349899564656,0.0,0.16416307077474795,0.20187087549718727,-0.015510004751849552,0.4841178059577942,-0.8451178073883057,-0.3547057807445526,0.047593239694833755,0.5363317728042603,0.49374300241470337,-0.005838115842332004,-1.577968269463769,1.5908079631505874,1.5698698132421214,0.006491349899564656,0.0,0.16413788871754198,0.20184702239968866,-0.015497953261132999,0.03586211128245802,-0.0018470223996886429,0.015497953261132999,0.2,0.2,0.0,0.2606216674023034,-0.2599206635407527,False
0,20,-0.005838115842332004,-1.577968269463769,1.5908079631505874,1.5698698132421214,0.006491349899564656,0.0,0.16413788871754198,0.20184702239968866,-0.015497953261132999,-0.8768846988677979,0.03639955818653107,0.3797591030597687,0.6329152584075928,0.6163257360458374,0.37480875849723816,-0.005838115842332004,-1.577968269463769,1.5908079631505874,1.5698698132421214,0.006491349899564656,0.0,0.16390938095384333,0.2019043772541994,-0.01607770908279213,0.03609061904615668,-0.0019043772541993908,0.01607770908279213,0.2,0.2,0.0,0.2605573937704112,-0.25927192113256703,False
0,21,-0.005838115842332004,-1.577968269463769,1.5908079631505874,1.5698698132421214,0.006491349899564656,0.0,0.16390938095384333,0.2019043772541994,-0.01607770908279213,-0.20146998763084412,-0.3885703384876251,0.7003554105758667,0.8128408789634705,0.47878536581993103,-0.3329881429672241,-0.005838115842332004,-1.577968269463769,1.5908079631505874,1.5698698132421214,0.006491349899564656,0.0,0.16591071825228654,0.20237413449820077,-0.014859720162065215,0.03408928174771346,-0.0023741344982007636,0.014859720162065215,0.2,0.2,0.0,0.2621115564567506,-0.2931948101835386,False
0,22,-0.005838115842332004,-1.577968269463769,1.5908079631505874,1.5698698132421214,0.006491349899564656,0.0,0.16591071825228654,0.20237413449820077,-0.014859720162065215,0.8340436220169067,-0.19372014701366425,-0.24311688542366028,0.8972944617271423,-0.11772900074720383,-0.03791416808962822,-0.005838115842332004,-1.577968269463769,1.5908079631505874,1.5698698132421214,0.006491349899564656,0.0,0.1663791842528594,0.2023180383745433,-0.014524320973424237,0.033620815747140584,-0.002318038374543287,0.014524320973424237,0.2,0.2,0.0,0.262346293101521,-0.26704102599692936,False
0,23,-0.005838115842332004,-1.577968269463769,1.5908079631505874,1.5698698132421214,0.006491349899564656,0.0,0.1663791842528594,0.2023180383745433,-0.014524320973424237,0.55092453956604,-0.44323986768722534,0.43659964203834534,-0.38053837418556213,0.30529528856277466,-0.16049322485923767,-0.005838115842332004,-1.577968269463769,1.5908079631505874,1.5698698132421214,0.006491349899564656,0.0,0.16624979093895303,0.20180234089058388,-0.015327299090083377,0.03375020906104699,-0.0018023408905838566,0.015327299090083377,0.2,0.2,0.0,0.26191239732697247,-0.2532344818360014,False
0,24,-0.005838115842332004,-1.577968269463769,1.5908079631505874,1.5698698132421214,0.006491349899564656,0.0,0.16624979093895303,0.20180234089058388,-0.015327299090083377,0.06737150996923447,0.06682997196912766,0.7118021249771118,0.5285152196884155,0.09529704600572586,-0.6785454750061035,-0.005838115842332004,-1.577968269463769,1.5908079631505874,1.5698698132421214,0.006491349899564656,0.0,0.16546808260461307,0.20160121316026594,-0.015007229724218068,0.03453191739538694,-0.0016012131602659361,0.015007229724218068,0.2,0.2,0.0,0.26124309072688123,-0.24785695872505653,False
0,25,-0.005838115842332004,-1.577968269463769,1.5908079631505874,1.5698698132421214,0.006491349899564656,0.0,0.16546808260461307,0.20160121316026594,-0.015007229724218068,0.05080555006861687,-0.15800364315509796,0.702020525932312,-0.3591656982898712,0.14074847102165222,-0.8777889609336853,-0.005838115842332004,-1.577968269463769,1.5908079631505874,1.5698698132421214,0.006491349899564656,0.0,0.1675497986040314,0.2017020177214167,-0.013211752918501404,0.03245020139596862,-0.001702017721416687,0.013211752918501404,0.2,0.2,0.0,0.2625474992840756,-0.28863567042796323,False
0,26,-0.005838115842332004,-1.577968269463769,1.5908079631505874,1.5698698132421214,0.006491349899564656,0.0,0.1675497986040314,0.2017020177214167,-0.013211752918501404,-0.41774970293045044,-0.7043242454528809,0.440568208694458,0.29528239369392395,0.26050519943237305,-0.5427587032318115,-0.005838115842332004,-1.577968269463769,1.5908079631505874,1.5698698132421214,0.006491349899564656,0.0,0.1676384806090095,0.20170727850243061,-0.013118845177276437,0.03236151939099054,-0.0017072785024306065,0.013118845177276437,0.2,0.2,0.0,0.2626034852787367,-0.26372320517195896,False
0,27,-0.005838115842332004,-1.577968269463769,1.5908079631505874,1.5698698132421214,0.006491349899564656,0.0,0.1676384806090095,0.20170727850243061,-0.013118845177276437,0.03531011566519737,-0.0032556557562202215,-0.20969204604625702,0.3037678897380829,0.8373314142227173,-0.37315940856933594,-0.0026550601196748736,-1.5797887904355241,1.6063680593677523,1.583639134206402,0.011295970337185424,0.0,0.1676384806090095,0.20170727850243061,-0.013118845177276437,0.03236151939099054,-0.0017072785024306065,0.013118845177276437,0.2,0.2,0.0,0.2626034852787367,-0.2626034852787367,False
0,28,-0.0026550601196748736,-1.5797887904355241,1.6063680593677523,1.583639134206402,0.011295970337185424,0.0,0.1676384806090095,0.20170727850243061,-0.013118845177276437,0.022508377209305763,-0.8676474094390869,0.40309271216392517,-0.46692728996276855,-0.8501642942428589,-0.09830770641565323,-0.0026583614350754237,-1.5802389969878254,1.6064149168461548,1.583353211507471,0.010997624570376828,0.0,0.1675902372455293,0.20171616692285566,-0.013153209904055746,0.0324097627544707,-0.001716166922855645,0.013153209904055746,0.2,0.2,0.0,0.26258123799853317,-0.262136292394462,False
0,29,-0.0026583614350754237,-1.5802389969878254,1.6064149168461548,1.583353211507471,0.010997624570376828,0.0,0.1675902372455293,0.20171616692285566,-0.013153209904055746,-0.22461868822574615,0.3450731039047241,0.6890882253646851,-0.5010005831718445,-0.8037741184234619,0.2638565003871918,-0.002712175563850835,-1.5806373284693251,1.6068569573391547,1.5829345168741373,0.0102633224065677,0.0,0.16751197493525483,0.2017158882170049,-0.013142453609807845,0.03248802506474517,-0.0017158882170048738,0.013142453609807845,0.2,0.2,0.0,0.26253054182850916,-0.2615166184280289,False
0,30,-0.002712175563850835,-1.5806373284693251,1.6068569573391547,1.5829345168741373,0.0102633224065677,0.0,0.16751197493525483,0.2017158882170049,-0.013142453609807845,0.16915088891983032,-0.3152022957801819,0.5986545085906982,-0.3515534996986389,-0.19198830425739288,0.23217809200286865,-0.002712175563850835,-1.5806373284693251,1.6068569573391547,1.5829345168741373,0.0102633224065677,0.0,0.16760330508587246,0.20159419153746994,-0.01167579068389829,0.03239669491412757,-0.0015941915374699297,0.01167579068389829,0.2,0.2,0.0,0.2624260086680594,-0.2603353454590637,False
0,31,-0.002712175563850835,-1.5806373284693251,1.6068569573391547,1.5829345168741373,0.0102633224065677,0.0,0.16760330508587246,0.20159419153746994,-0.01167579068389829,-0.6910218000411987,0.20494620501995087,-0.4909321069717407,-0.43248048424720764,0.80816650390625,-0.22591473162174225,-0.002712175563850835,-1.5806373284693251,1.6068569573391547,1.5829345168741373,0.0102633224065677,0.0,0.16741796719384916,0.20164331427841442,-0.01168461519816066,0.03258203280615084,-0.0016433142784143978,0.01168461519816066,0.2,0.2,0.0,0.26234582551440233,-0.26074216244126147,False
0,32,-0.002712175563850835,-1.5806373284693251,1.6068569573391547,1.5829345168741373,0.0102633224065677,0.0,0.16741796719384916,0.20164331427841442,-0.01168461519816066,-0.2858668863773346,0.28889212012290955,0.46239399909973145,-0.6587686538696289,0.45221027731895447,-0.7238031625747681,-0.002712175563850835,-1.5806373284693251,1.6068569573391547,1.5829345168741373,0.0102633224065677,0.0,0.1664735512659659,0.20201338831529464,-0.012833986012683044,0.0335264487340341,-0.0020133883152946355,0.012833986012683044,0.2,0.2,0.0,0.2620831233152985,-0.2568290793332215,False
0,33,-0.002712175563850835,-1.5806373284693251,1.6068569573391547,1.5829345168741373,0.0102633224065677,0.0,0.1664735512659659,0.20201338831529464,-0.012833986012683044,-0.05528423562645912,0.5101609230041504,0.35243159532546997,0.4382919669151306,-0.6939036846160889,0.26958775520324707,-0.002712175563850835,-1.5806373284693251,1.6068569573391547,1.5829345168741373,0.0102633224065677,0.0,0.16676509067136724,0.20201756957005734,-0.012455327046580991,0.03323490932863278,-0.002017569570057327,0.012455327046580991,0.2,0.2,0.0,0.2622533680497919,-0.2656582627396598,False
0,34,-0.002712175563850835,-1.5806373284693251,1.6068569573391547,1.5829345168741373,0.0102633224065677,0.0,0.16676509067136724,0.20201756957005734,-0.012455327046580991,0.13764142990112305,-0.5403889417648315,0.5592994689941406,0.4569486975669861,0.6121936440467834,0.07232660055160522,-0.002712175563850835,-1.5806373284693251,1.6068569573391547,1.5829345168741373,0.0102633224065677,0.0,0.16970245530988043,0.20186604324614055,-0.011507695312472688,0.030297544690119593,-0.0018660432461405484,0.011507695312472688,0.2,0.2,0.0,0.2639720625472691,-0.29834595249681406,False
0,35,-0.002712175563850835,-1.5806373284693251,1.6068569573391547,1.5829345168741373,0.0102633224065677,0.0,0.16970245530988043,0.20186604324614055,-0.011507695312472688,-0.13522803783416748,0.33698195219039917,-0.48988738656044006,-0.44504937529563904,0.24482759833335876,-0.06911007314920425,-0.005750543742496204,-1.5727491159786195,1.615360845419653,1.587622288119318,0.002483275690831,0.0,0.1698035682236803,0.20185055620233452,-0.011469966186920977,0.030196431776319702,-0.0018505562023345059,0.011469966186920977,0.2,0.2,0.0,0.26402359543233056,-0.26505425313355924,False
0,36,-0.005750543742496204,-1.5727491159786195,1.615360845419653,1.587622288119318,0.002483275690831,0.0,0.1698035682236803,0.20185055620233452,-0.011469966186920977,-0.12624366581439972,-0.39284172654151917,-0.8988083600997925,0.8588312268257141,-0.22814567387104034,-0.07011867314577103,-0.005750543742496204,-1.5727491159786195,1.615360845419653,1.587622288119318,0.002483275690831,0.0,0.16854537023982213,0.20185735797473595,-0.012410147485654804,0.03145462976017789,-0.0018573579747359387,0.012410147485654804,0.2,0.2,0.0,0.2632640244287759,-0.24807260435768247,False
0,37,-0.005750543742496204,-1.5727491159786195,1.615360845419653,1.587622288119318,0.002483275690831,0.0,0.16854537023982213,0.20185735797473595,-0.012410147485654804,0.5026422142982483,-0.6636890172958374,0.11368899047374725,-0.4605754315853119,-0.8248332738876343,0.5160417556762695,-0.005750543742496204,-1.5727491159786195,1.615360845419653,1.587622288119318,0.002483275690831,0.0,0.16853716130295393,0.20191201536287018,-0.01383119744454464,0.03146283869704608,-0.0019120153628701562,0.01383119744454464,0.2,0.2,0.0,0.2633714842398543,-0.26552068046142235,False
0,38,-0.005750543742496204,-1.5727491159786195,1.615360845419653,1.587622288119318,0.002483275690831,0.0,0.16853716130295393,0.20191201536287018,-0.01383119744454464,-0.11524870246648788,-0.7397277355194092,0.026917412877082825,0.21229511499404907,-0.060509469360113144,-0.5474522113800049,-0.006925006556409175,-1.577559755569034,1.6017852580847762,1.5942557698903526,0.0014920795724881724,0.0,0.16850641484247697,0.20190280567855698,-0.01384121929028367,0.03149358515752303,-0.0019028056785569568,0.01384121929028367,0.2,0.2,0.0,0.2633452755136872,-0.2628211009903452,False
0,39,-0.006925006556409175,-1.577559755569034,1.6017852580847762,1.5942557698903526,0.0014920795724881724,0.0,0.16850641484247697,0.20190280567855698,-0.01384121929028367,0.3553200960159302,-0.7455902099609375,0.5409436821937561,-0.3832316994667053,-0.5361788272857666,-0.6563922166824341,-0.006855765115549922,-1.5778821957381208,1.6020287424543376,1.5941425231146946,0.0013303117630209308,0.0,0.16848707510248362,0.2018950240287672,-0.013801690156866914,0.031512924897516406,-0.001895024028767179,0.013801690156866914,0.2,0.2,0.0,0.2633248599265793,-0.262916548184421,False
0,40,-0.006855765115549922,-1.5778821957381208,1.6020287424543376,1.5941425231146946,0.0013303117630209308,0.0,0.16848707510248362,0.2018950240287672,-0.013801690156866914,-0.6164934039115906,0.4660210907459259,0.4092358648777008,0.900293231010437,-0.6081933975219727,0.22308559715747833,-0.006855765115549922,-1.5778821957381208,1.6020287424543376,1.5941425231146946,0.0013303117630209308,0.0,0.17225187023734456,0.20231991969102817,-0.012348544346319115,0.02774812976265544,-0.002319919691028166,0.012348544346319115,0.2,0.2,0.0,0.2660010211475138,-0.31952424556620385,False
0,41,-0.006855765115549922,-1.5778821957381208,1.6020287424543376,1.5941425231146946,0.0013303117630209308,0.0,0.17225187023734456,0.20231991969102817,-0.012348544346319115,0.22450529038906097,-0.25001585483551025,-0.3285837769508362,-0.7396101355552673,-0.9311124086380005,0.2509104609489441,-0.01859918366219094,-1.5691799594357243,1.6098885125452285,1.611031284932156,-0.011296863809029677,0.0,0.17242640373194,0.2023383805905451,-0.012287771731200658,0.02757359626806002,-0.002338380590545087,0.012287771731200658,0.2,0.2,0.0,0.2661252981173574,-0.26861083751423,False
0,42,-0.01859918366219094,-1.5691799594357243,1.6098885125452285,1.611031284932156,-0.011296863809029677,0.0,0.17242640373194,0.2023383805905451,-0.012287771731200658,0.9008433222770691,0.22145286202430725,0.11062547564506531,-0.0498172864317894,0.009754694998264313,0.15587373077869415,-0.016832300456924767,-1.5707292290987769,1.6081944227057168,1.6072948169881993,-0.012760410567535631,0.0,0.17166925047265866,0.20228667024887972,-0.01255495783996188,0.028330749527341343,-0.0022866702488797113,0.01255495783996188,0.2,0.2,0.0,0.2656084627503172,-0.2552717554095127,False
0,43,-0.016832300456924767,-1.5707292290987769,1.6081944227057168,1.6072948169881993,-0.012760410567535631,0.0,0.17166925047265866,0.20228667024887972,-0.01255495783996188,-0.8358746767044067,-0.8600744009017944,-0.2479631006717682,0.19134226441383362,-0.4500196576118469,-0.17542123794555664,-0.01865602821482438,-1.5732708968490716,1.6072650076574337,1.6071921205959923,-0.014214312351184958,0.0,0.17105347356092276,0.20236872642226195,-0.012920461329431001,0.028946526439077244,-0.002368726422261927,0.012920461329431001,0.2,0.2,0.0,0.26529102995011145,-0.2589423739459966,False
0,44,-0.01865602821482438,-1.5732708968490716,1.6072650076574337,1.6071921205959923,-0.014214312351184958,0.0,0.17105347356092276,0.20236872642226195,-0.012920461329431001,0.6069070100784302,0.9352814555168152,-0.7246955633163452,0.13933828473091125,0.6686011552810669,-0.4031926989555359,-0.03437815287849728,-1.5878106471937008,1.5996255694066943,1.6121991786740513,-0.021077685234138988,0.0,0.17053465255908062,0.20262042691555168,-0.013428027563360697,0.029465347440919384,-0.0026204269155516813,0.013428027563360697,0.2,0.2,0.0,0.26517431446339057,-0.26284000472897306,False
0,45,-0.03437815287849728,-1.5878106471937008,1.5996255694066943,1.6121991786740513,-0.021077685234138988,0.0,0.17053465255908062,0.20262042691555168,-0.013428027563360697,0.5402190685272217,-0.07044490426778793,-0.6427770853042603,0.04662404954433441,-0.7072052955627441,-0.018215347081422806,-0.03437815287849728,-1.5878106471937008,1.5996255694066943,1.6121991786740513,-0.021077685234138988,0.0,0.1697020769207241,0.20304426946346923,-0.01426373578248356,0.030297923079275927,-0.0030442694634692145,0.01426373578248356,0.2,0.2,0.0,0.2650079705058581,-0.261681091355209,False
0,46,-0.03437815287849728,-1.5878106471937008,1.5996255694066943,1.6121991786740513,-0.021077685234138988,0.0,0.1697020769207241,0.20304426946346923,-0.01426373578248356,-0.5378440618515015,0.7015356421470642,-0.2558933198451996,0.20842838287353516,0.0879000872373581,0.8073340654373169,-0.03437815287849728,-1.5878106471937008,1.5996255694066943,1.6121991786740513,-0.021077685234138988,0.0,0.1695636063072164,0.2030342563958277,-0.01469392889649121,0.030436393692783618,-0.003034256395827677,0.01469392889649121,0.2,0.2,0.0,0.2649351569734196,-0.2634788863246499,False
0,47,-0.03437815287849728,-1.5878106471937008,1.5996255694066943,1.6121991786740513,-0.021077685234138988,0.0,0.1695636063072164,0.2030342563958277,-0.01469392889649121,0.015460443682968616,0.22301481664180756,-0.18266671895980835,0.59517902135849,-0.7815314531326294,-0.10712622851133347,-0.03437815287849728,-1.5878106471937008,1.5996255694066943,1.6121991786740513,-0.021077685234138988,0.0,0.17004514765442244,0.202409350485415,-0.015201718482447887,0.02995485234557756,-0.0024093504854150022,0.015201718482447887,0.2,0.2,0.0,0.2647942402122099,-0.2619759049880148,False
0,48,-0.03437815287849728,-1.5878106471937008,1.5996255694066943,1.6121991786740513,-0.021077685234138988,0.0,0.17004514765442244,0.202409350485415,-0.015201718482447887,0.5848114490509033,0.3796543478965759,0.50749671459198,0.12760624289512634,-0.15511325001716614,0.14789320528507233,-0.021140228659942646,-1.569891627564403,1.591682889912157,1.6129727288802702,-0.013274820927380188,0.0,0.1701338488439996,0.20246955093330724,-0.015187803432393659,0.029866151156000418,-0.0024695509333072115,0.015187803432393659,0.2,0.2,0.0,0.26489642306137134,-0.26694008004460074,False
0,49,-0.021140228659942646,-1.569891627564403,1.591682889912157,1.6129727288802702,-0.013274820927380188,0.0,0.1701338488439996,0.20246955093330724,-0.015187803432393659,-0.5277029275894165,0.9349021911621094,-0.9756168127059937,-0.1634945124387741,-0.2940817177295685,0.2645242512226105,-0.021341517959732683,-1.5695222128455382,1.5914877003792298,1.6129303855851298,-0.0135598811187114,0.0,0.17013500907662846,0.20247780686693234,-0.015202354256841938,0.029864990923371557,-0.002477806866932342,0.015202354256841938,0.2,0.2,0.0,0.2649043132191277,-0.2650621163742552,False
0,50,-0.021341517959732683,-1.5695222128455382,1.5914877003792298,1.6129303855851298,-0.0135598811187114,0.0,0.17013500907662846,0.20247780686693234,-0.015202354256841938,0.41501176357269287,-0.3562152087688446,0.1311405450105667,-0.3694431185722351,-0.12150945514440536,-0.16210271418094635,-0.021341517959732683,-1.5695222128455382,1.5914877003792298,1.6129303855851298,-0.0135598811187114,0.0,0.1695644515180432,0.20233825831021093,-0.015171131182285219,0.030435548481956825,-0.00233825831021093,0.015171131182285219,0.2,0.2,0.0,0.2644296451156235,-0.25493628304553917,False
0,51,-0.021341517959732683,-1.5695222128455382,1.5914877003792298,1.6129303855851298,-0.0135598811187114,0.0,0.1695644515180432,0.20233825831021093,-0.015171131182285219,-0.41425952315330505,-0.34569382667541504,0.601963996887207,-0.5090928673744202,0.8566287755966187,0.37860172986984253,-0.021341517959732683,-1.5695222128455382,1.5914877003792298,1.6129303855851298,-0.0135598811187114,0.0,0.16900170370789733,0.20217480244333627,-0.015062733633542116,0.030998296292102694,-0.002174802443336272,0.015062733633542116,0.2,0.2,0.0,0.2639377058013671,-0.2540989195162392,False
0,52,-0.021341517959732683,-1.5695222128455382,1.5914877003792298,1.6129303855851298,-0.0135598811187114,0.0,0.16900170370789733,0.20217480244333627,-0.015062733633542116,-0.07738438993692398,0.3737357258796692,-0.9419800639152527,-0.6504016518592834,0.4105800986289978,-0.26091712713241577,-0.021341517959732683,-1.5695222128455382,1.5914877003792298,1.6129303855851298,-0.0135598811187114,0.0,0.16930190446017915,0.20254132617519838,-0.014072207201972484,0.030698095539820874,-0.002541326175198375,0.014072207201972484,0.2,0.2,0.0,0.26435610580840946,-0.2727241059492565,False
0,53,-0.021341517959732683,-1.5695222128455382,1.5914877003792298,1.6129303855851298,-0.0135598811187114,0.0,0.16930190446017915,0.20254132617519838,-0.014072207201972484,-0.7713862657546997,-0.29684188961982727,-0.1838105022907257,-0.0711924135684967,-0.6863530278205872,-0.20666898787021637,-0.02245585516404346,-1.577206075667184,1.5995995971974961,1.601982481551765,-0.0035355428311219343,0.0,0.16912655157034448,0.2025474841516442,-0.014284891415589737,0.030873448429655535,-0.0025474841516441903,0.014284891415589737,0.2,0.2,0.0,0.26425997030385084,-0.26233726021267856,False
0,54,-0.02245585516404346,-1.577206075667184,1.5995995971974961,1.601982481551765,-0.0035355428311219343,0.0,0.16912655157034448,0.2025474841516442,-0.014284891415589737,0.07167821377515793,-0.5668065547943115,0.408640056848526,0.5441069006919861,0.9048265218734741,0.7257031202316284,-0.022637875126500014,-1.5762606078492585,1.597522768883464,1.6016711576629974,-0.003367603051862956,0.0,0.1689728410528102,0.20255476915324225,-0.014474104279134929,0.031027158947189788,-0.0025547691532422333,0.014474104279134929,0.2,0.2,0.0,0.2641775070191722,-0.26252824132559927,False
0,55,-0.022637875126500014,-1.5762606078492585,1.597522768883464,1.6016711576629974,-0.003367603051862956,0.0,0.1689728410528102,0.20255476915324225,-0.014474104279134929,-0.8088217377662659,0.3823561370372772,0.30857664346694946,0.8738855719566345,0.6790958642959595,-0.1697671264410019,-0.022727721863798223,-1.5765898627696215,1.597933019805786,1.6022701645846045,-0.002571815266093646,0.0,0.16902213407959593,0.20255512352315547,-0.01445150765677133,0.03097786592040407,-0.002555123523155443,0.01445150765677133,0.2,0.2,0.0,0.2642080732071891,-0.2648193969675269,False
0,56,-0.022727721863798223,-1.5765898627696215,1.597933019805786,1.6022701645846045,-0.002571815266093646,0.0,0.16902213407959593,0.20255512352315547,-0.01445150765677133,-0.773360550403595,-0.5254538059234619,-0.51120525598526,0.4870976209640503,-0.1098068580031395,0.6340477466583252,-0.02342397455914582,-1.5766788276859933,1.5978089508655167,1.6028484118202104,-0.0023600917298043727,0.0,0.16915979861587427,0.20257136144020677,-0.014400788941787895,0.03084020138412574,-0.002571361440206762,0.014400788941787895,0.2,0.2,0.0,0.26430583925756906,-0.2662611602651686,False
0,57,-0.02342397455914582,-1.5766788276859933,1.5978089508655167,1.6028484118202104,-0.0023600917298043727,0.0,0.16915979861587427,0.20257136144020677,-0.014400788941787895,-0.41123074293136597,-0.38435426354408264,0.03371868655085564,0.2753305733203888,-0.29338422417640686,-0.6853105425834656,-0.023894425941942347,-1.5770245112645196,1.5975464771545558,1.6031450270425895,-0.0024748801446726016,0.0,0.16911008160491978,0.20260467219809952,-0.014506991849256912,0.030889918395080245,-0.0026046721980995165,0.014506991849256912,0.2,0.2,0.0,0.26430536451127207,-0.26429586958533213,False
0,58,-0.023894425941942347,-1.5770245112645196,1.5975464771545558,1.6031450270425895,-0.0024748801446726016,0.0,0.16911008160491978,0.20260467219809952,-0.014506991849256912,0.8115100264549255,0.644651472568512,0.6906701922416687,-0.4378988742828369,0.19180019199848175,-0.34167471528053284,-0.023764289978179334,-1.5769451690513077,1.5978116596157133,1.6030959085839225,-0.002524207862510498,0.0,0.1691195090169452,0.202612133425322,-0.014504549124804037,0.030880490983054825,-0.0026121334253219825,0.014504549124804037,0.2,0.2,0.0,0.2643169818354601,-0.2645493283192207,False
0,59,-0.023764289978179334,-1.5769451690513077,1.5978116596157133,1.6030959085839225,-0.002524207862510498,0.0,0.1691195090169452,0.202612133425322,-0.014504549124804037,-0.024925384670495987,0.8480265140533447,0.0361391119658947,0.4950776696205139,0.8660040497779846,0.8003827929496765,-0.023341158573476812,-1.5764529003713892,1.5981791728322843,1.60295359033696,-0.0022662790800567854,0.0,0.16919726704883592,0.2025819113713556,-0.014388813256448765,0.03080273295116408,-0.002581911371355577,0.014388813256448765,0.2,0.2,0.0,0.2643372541633052,-0.2647427007202078,False
0,60,-0.023341158573476812,-1.5764529003713892,1.5981791728322843,1.60295359033696,-0.0022662790800567854,0.0,0.16919726704883592,0.2025819113713556,-0.014388813256448765,0.09717375040054321,0.6020849943161011,0.7926017045974731,0.41923344135284424,0.3810833990573883,0.8798983097076416,-0.023341158573476812,-1.5764529003713892,1.5981791728322843,1.60295359033696,-0.0022662790800567854,0.0,0.17161104465039323,0.2024815260996971,-0.012696965468613836,0.02838895534960677,-0.0024815260996970947,0.012696965468613836,0.2,0.2,0.0,0.26572604687868434,-0.2935019011862667,False
0,61,-0.023341158573476812,-1.5764529003713892,1.5981791728322843,1.60295359033696,-0.0022662790800567854,0.0,0.17161104465039323,0.2024815260996971,-0.012696965468613836,0.7542500495910645,-0.8944432139396667,-0.6142623424530029,0.6144548058509827,0.7135382890701294,0.3114725947380066,-0.02220738840586658,-1.568964309834108,1.6075794108940464,1.6081349447538598,0.0026153908257145206,0.0,0.17180592052689045,0.20244545391756433,-0.01262782687993036,0.02819407947310956,-0.002445453917564313,0.01262782687993036,0.2,0.2,0.0,0.2658211770188567,-0.26772377982230416,False
0,62,-0.02220738840586658,-1.568964309834108,1.6075794108940464,1.6081349447538598,0.0026153908257145206,0.0,0.17180592052689045,0.20244545391756433,-0.01262782687993036,-0.40954846143722534,0.49563589692115784,0.24954703450202942,0.2537791430950165,-0.5784273147583008,0.04384249076247215,-0.01963101750213968,-1.5720518022948389,1.6055201278654836,1.6102051943958529,0.0049924881470493525,0.0,0.17156024640941084,0.202410379460246,-0.012910928657033829,0.028439753590589176,-0.0024103794602460117,0.012910928657033829,0.2,0.2,0.0,0.2656493401837948,-0.26221260348255704,False
0,63,-0.01963101750213968,-1.5720518022948389,1.6055201278654836,1.6102051943958529,0.0049924881470493525,0.0,0.17156024640941084,0.202410379460246,-0.012910928657033829,0.20525701344013214,-0.6629506349563599,-0.11168590933084488,0.13212071359157562,0.7278499603271484,0.6124539375305176,-0.01963101750213968,-1.5720518022948389,1.6055201278654836,1.6102051943958529,0.0049924881470493525,0.0,0.17143013178980787,0.2023924654934438,-0.01311506627245718,0.028569868210192136,-0.0023924654934437874,0.01311506627245718,0.2,0.2,0.0,0.26556167859334806,-0.2638084467844128,False
0,64,-0.01963101750213968,-1.5720518022948389,1.6055201278654836,1.6102051943958529,0.0049924881470493525,0.0,0.17143013178980787,0.2023924654934438,-0.01311506627245718,0.4796384572982788,0.8349782824516296,0.14579114317893982,0.424153596162796,0.20606395602226257,-0.43199339509010315,-0.020713531085528494,-1.5707339720884639,1.6061209029937584,1.610808074713699,0.0034316644465288617,0.0,0.17159339196139553,0.20241764006087537,-0.013011441706053811,0.02840660803860447,-0.002417640060875372,0.013011441706053811,0.2,0.2,0.0,0.26568118260031376,-0.2680712627396277,False
0,65,-0.020713531085528494,-1.5707339720884639,1.6061209029937584,1.610808074713699,0.0034316644465288617,0.0,0.17159339196139553,0.20241764006087537,-0.013011441706053811,-0.4326950013637543,0.5316656231880188,0.7845416069030762,0.24967750906944275,0.29768168926239014,0.49156615138053894,-0.020713531085528494,-1.5707339720884639,1.6061209029937584,1.610808074713699,0.0034316644465288617,0.0,0.1717021159299946,0.20240863454240074,-0.012963882877124216,0.028297884070005424,-0.002408634542400736,0.012963882877124216,0.2,0.2,0.0,0.2657422326454872,-0.26696323354895574,False
0,66,-0.020713531085528494,-1.5707339720884639,1.6061209029937584,1.610808074713699,0.0034316644465288617,0.0,0.1717021159299946,0.20240863454240074,-0.012963882877124216,-0.9221129417419434,-0.029826601967215538,-0.8430550694465637,-0.6163685917854309,0.42348700761795044,-0.6277305483818054,-0.019921927347193478,-1.569192516619196,1.6061645742768884,1.6114519155465956,0.004040939866619201,0.0,0.17144291081731744,0.202474674174521,-0.013198693354674051,0.028557089182682568,-0.0024746741745209867,0.013198693354674051,0.2,0.2,0.0,0.26563672723827897,-0.2635266190941146,False
0,67,-0.019921927347193478,-1.569192516619196,1.6061645742768884,1.6114519155465956,0.004040939866619201,0.0,0.17144291081731744,0.202474674174521,-0.013198693354674051,0.39986133575439453,-0.04460027068853378,-0.438374787569046,0.5012112855911255,0.7726975679397583,-0.7967953085899353,-0.021693247146492362,-1.5693453570231712,1.604587981778259,1.6102606795644312,0.004793116631460736,0.0,0.17129267106651316,0.20250567460368796,-0.01331405587208245,0.02870732893348685,-0.0025056746036879593,0.01331405587208245,0.2,0.2,0.0,0.26556918400213597,-0.264218319279276,False
0,68,-0.021693247146492362,-1.5693453570231712,1.604587981778259,1.6102606795644312,0.004793116631460736,0.0,0.17129267106651316,0.20250567460368796,-0.01331405587208245,0.0904364362359047,-0.4834080934524536,-0.2988151013851166,0.7393802404403687,-0.7504317760467529,-0.022199975326657295,-0.02248577886766439,-1.5694131766762967,1.6038823237326778,1.6097277348445886,0.00513001975828009,0.0,0.1713189008967048,0.20247957831121483,-0.013392205716870182,0.028681099103295218,-0.0024795783112148166,0.013392205716870182,0.2,0.2,0.0,0.2655701350142845,-0.2655891552572551,False
0,69,-0.02248577886766439,-1.5694131766762967,1.6038823237326778,1.6097277348445886,0.00513001975828009,0.0,0.1713189008967048,0.20247957831121483,-0.013392205716870182,-0.5033182501792908,0.520822286605835,-0.6047863960266113,-0.4938308894634247,-0.47022032737731934,-0.8577741384506226,-0.022300990658551994,-1.5694673235918277,1.6033413366507663,1.6100583220867406,0.005888672805840918,0.0,0.1713189008967048,0.20247957831121483,-0.013392205716870182,0.028681099103295218,-0.0024795783112148166,0.013392205716870182,0.2,0.2,0.0,0.2655701350142845,-0.2655701350142845,False
0,70,-0.022300990658551994,-1.5694673235918277,1.6033413366507663,1.6100583220867406,0.005888672805840918,0.0,0.1713189008967048,0.20247957831121483,-0.013392205716870182,-0.4191708266735077,0.7820281982421875,-0.563869833946228,0.24624602496623993,-0.599800705909729,-0.47812849283218384,-0.022300990658551994,-1.5694673235918277,1.6033413366507663,1.6100583220867406,0.005888672805840918,0.0,0.1713917194766216,0.20260207795293197,-0.013831154153095077,0.0286082805233784,-0.0026020779529319703,0.013831154153095077,0.2,0.2,0.0,0.2657329944158338,-0.26899018244682,False
0,71,-0.022300990658551994,-1.5694673235918277,1.6033413366507663,1.6100583220867406,0.005888672805840918,0.0,0.1713917194766216,0.20260207795293197,-0.013831154153095077,0.16967688500881195,-0.897619366645813,0.9564890265464783,-0.16915316879749298,0.308346688747406,0.6757007241249084,-0.025507423758503095,-1.5636333702845313,1.5985051300221753,1.6119589511037797,0.0010719215807513374,0.0,0.1713917194766216,0.20260207795293197,-0.013831154153095077,0.0286082805233784,-0.0026020779529319703,0.013831154153095077,0.2,0.2,0.0,0.2657329944158338,-0.2657329944158338,False
0,72,-0.025507423758503095,-1.5636333702845313,1.5985051300221753,1.6119589511037797,0.0010719215807513374,0.0,0.1713917194766216,0.20260207795293197,-0.013831154153095077,0.7284824848175049,0.8727030754089355,-0.7497279047966003,0.6394619941711426,-0.4872542917728424,-0.3489396572113037,-0.025507423758503095,-1.5636333702845313,1.5985051300221753,1.6119589511037797,0.0010719215807513374,0.0,0.17149561131205457,0.20257387748427633,-0.01342518460657316,0.028504388687945453,-0.0025738774842763044,0.01342518460657316,0.2,0.2,0.0,0.2657577019016203,-0.2662518516173499,False
0,73,-0.025507423758503095,-1.5636333702845313,1.5985051300221753,1.6119589511037797,0.0010719215807513374,0.0,0.17149561131205457,0.20257387748427633,-0.01342518460657316,0.4357847571372986,-0.09811943769454956,0.20528902113437653,0.24542547762393951,-0.12807483971118927,-0.7988249063491821,-0.021912473307444582,-1.5638638693250395,1.5992822653590693,1.6136126927762735,0.0007301131825307695,0.0,0.17168016914853526,0.20246913275446293,-0.013788825078314863,0.02831983085146476,-0.0024691327544629194,0.013788825078314863,0.2,0.2,0.0,0.26581565396765927,-0.26697469528843887,False
0,74,-0.021912473307444582,-1.5638638693250395,1.5992822653590693,1.6136126927762735,0.0007301131825307695,0.0,0.17168016914853526,0.20246913275446293,-0.013788825078314863,-0.4426853358745575,0.02004878595471382,-0.3563914895057678,0.9084569811820984,0.15393106639385223,0.5867024064064026,-0.02185920215513113,-1.5638999869822212,1.5992955077774564,1.6138552313018597,0.0007091394646889608,0.0,0.1717123942169244,0.20246478013236638,-0.013787593890538227,0.028287605783075587,-0.00246478013236637,0.013787593890538227,0.2,0.2,0.0,0.26583308911240966,-0.26618179200741743,False
0,75,-0.02185920215513113,-1.5638999869822212,1.5992955077774564,1.6138552313018597,0.0007091394646889608,0.0,0.1717123942169244,0.20246478013236638,-0.013787593890538227,-0.5622620582580566,0.3944716453552246,-0.4083618223667145,0.8676021695137024,-0.7565662860870361,-0.33274874091148376,-0.02227367030404577,-1.5638141145072968,1.5989705779944687,1.6146449894588049,0.0006825226118666281,0.0,0.17177458986595864,0.2024798043071871,-0.01384121054960755,0.028225410134041378,-0.0024798043071870696,0.01384121054960755,0.2,0.2,0.0,0.26588749497743147,-0.2669756122778677,False
0,76,-0.02227367030404577,-1.5638141145072968,1.5989705779944687,1.6146449894588049,0.0006825226118666281,0.0,0.17177458986595864,0.2024798043071871,-0.01384121054960755,-0.06392815709114075,0.5020291209220886,0.6521241664886475,-0.5880450010299683,-0.808574914932251,0.7907419204711914,-0.02252313649208459,-1.5634448943554184,1.5990814979847732,1.614740757586351,3.6605273864987355e-05,0.0,0.1718305499860835,0.2024884057345594,-0.013810564275858684,0.028169450013916516,-0.002488405734559394,0.013810564275858684,0.2,0.2,0.0,0.2659286070565953,-0.26675084863987236,False
0,77,-0.02252313649208459,-1.5634448943554184,1.5990814979847732,1.614740757586351,3.6605273864987355e-05,0.0,0.1718305499860835,0.2024884057345594,-0.013810564275858684,0.2839875817298889,-0.18083225190639496,-0.5973687171936035,-0.09054509550333023,-0.3048883080482483,0.3636308014392853,-0.022552733546482923,-1.5631822120196794,1.599429732346898,1.6144230153799122,-0.0003854994274363649,0.0,0.1718305499860835,0.2024884057345594,-0.013810564275858684,0.028169450013916516,-0.002488405734559394,0.013810564275858684,0.2,0.2,0.0,0.2659286070565953,-0.2659286070565953,False
0,78,-0.022552733546482923,-1.5631822120196794,1.599429732346898,1.6144230153799122,-0.0003854994274363649,0.0,0.1718305499860835,0.2024884057345594,-0.013810564275858684,0.6133132576942444,-0.5327065587043762,0.9279147982597351,0.6144982576370239,0.4231209456920624,-0.5934774279594421,-0.022552733546482923,-1.5631822120196794,1.599429732346898,1.6144230153799122,-0.0003854994274363649,0.0,0.17155729737734635,0.20245942088516225,-0.013956137040026087,0.028442702622653655,-0.0024594208851622524,0.013956137040026087,0.2,0.2,0.0,0.2657376472193101,-0.26191845047360546,False
0,79,-0.022552733546482923,-1.5631822120196794,1.599429732346898,1.6144230153799122,-0.0003854994274363649,0.0,0.17155729737734635,0.20245942088516225,-0.013956137040026087,0.386128693819046,0.01483292505145073,-0.7884581089019775,0.6300221681594849,0.3876136839389801,0.5592209100723267,-0.01611092524976123,-1.5682491742252465,1.6054493142138628,1.6190405919039526,0.0015862245045916575,0.0,0.17293777364733295,0.2021906690426911,-0.012912939668369487,0.02706222635266706,-0.002190669042691071,0.012912939668369487,0.2,0.2,0.0,0.2663743309947604,-0.2791080065037661,False
0,80,-0.01611092524976123,-1.5682491742252465,1.6054493142138628,1.6190405919039526,0.0015862245045916575,0.0,0.17293777364733295,0.2021906690426911,-0.012912939668369487,-0.23504802584648132,0.5363708734512329,0.8552676439285278,-0.15632839500904083,-0.9159796237945557,-0.6327478885650635,-0.01611092524976123,-1.5682491742252465,1.6054493142138628,1.6190405919039526,0.0015862245045916575,0.0,0.17397284787066644,0.20223293252188684,-0.011771049430701567,0.02602715212933358,-0.002232932521886819,0.011771049430701567,0.2,0.2,0.0,0.26702671850833976,-0.2800744687799273,False
0,81,-0.01611092524976123,-1.5682491742252465,1.6054493142138628,1.6190405919039526,0.0015862245045916575,0.0,0.17397284787066644,0.20223293252188684,-0.011771049430701567,0.8045732378959656,-0.194155752658844,0.5873377323150635,0.2759891748428345,-0.5207480192184448,-0.871364951133728,-0.01611092524976123,-1.5682491742252465,1.6054493142138628,1.6190405919039526,0.0015862245045916575,0.0,0.17471179495790862,0.2022792715800957,-0.01093613268263248,0.025288205042091397,-0.0022792715800956896,0.01093613268263248,0.2,0.2,0.0,0.2675083438071429,-0.2771408497832056,False
0,82,-0.01611092524976123,-1.5682491742252465,1.6054493142138628,1.6190405919039526,0.0015862245045916575,0.0,0.17471179495790862,0.2022792715800957,-0.01093613268263248,-0.18788039684295654,0.3722422122955322,-0.20537786185741425,-0.4224623739719391,0.13028006255626678,-0.2957425117492676,-0.01611092524976123,-1.5682491742252465,1.6054493142138628,1.6190405919039526,0.0015862245045916575,0.0,0.17497396469039764,0.201903517144694,-0.010859182915353798,0.025026035309602363,-0.0019035171446939955,0.010859182915353798,0.2,0.2,0.0,0.26739267082039364,-0.26507921108540866,False
0,83,-0.01611092524976123,-1.5682491742252465,1.6054493142138628,1.6190405919039526,0.0015862245045916575,0.0,0.17497396469039764,0.201903517144694,-0.010859182915353798,-0.47326695919036865,0.5753417611122131,0.534894585609436,-0.43701598048210144,-0.6413506865501404,-0.46499791741371155,-0.01611092524976123,-1.5682491742252465,1.6054493142138628,1.6190405919039526,0.0015862245045916575,0.0,0.17369043743955767,0.20197832776141522,-0.011814294784606962,0.02630956256044233,-0.0019783277614152145,0.011814294784606962,0.2,0.2,0.0,0.2666518151157051,-0.25183470102193484,False
0,84,-0.01611092524976123,-1.5682491742252465,1.6054493142138628,1.6190405919039526,0.0015862245045916575,0.0,0.17369043743955767,0.20197832776141522,-0.011814294784606962,-0.7188231348991394,0.568510890007019,-0.44982200860977173,0.9467946290969849,-0.028230592608451843,0.21268633008003235,-0.009591921852016369,-1.5647615405485271,1.6132180908735285,1.6173152227747603,-0.005989903163302362,0.0,0.17369043743955767,0.20197832776141522,-0.011814294784606962,0.02630956256044233,-0.0019783277614152145,0.011814294784606962,0.2,0.2,0.0,0.2666518151157051,-0.2666518151157051,False
0,85,-0.009591921852016369,-1.5647615405485271,1.6132180908735285,1.6173152227747603,-0.005989903163302362,0.0,0.17369043743955767,0.20197832776141522,-0.011814294784606962,-0.00800331961363554,-0.13299411535263062,0.4506056010723114,0.8575320243835449,0.22258353233337402,0.12371043860912323,-0.009591921852016369,-1.5647615405485271,1.6132180908735285,1.6173152227747603,-0.005989903163302362,0.0,0.17411514712806353,0.20220501770211088,-0.012485177487268545,0.02588485287193649,-0.0022050177021108626,0.012485177487268545,0.2,0.2,0.0,0.2671307419602371,-0.2767092788508769,False
0,86,-0.009591921852016369,-1.5647615405485271,1.6132180908735285,1.6173152227747603,-0.005989903163302362,0.0,0.17411514712806353,0.20220501770211088,-0.012485177487268545,0.7759968042373657,0.13846074044704437,0.5750951766967773,-0.3754761517047882,0.237972229719162,-0.26567986607551575,-0.009591921852016369,-1.5647615405485271,1.6132180908735285,1.6173152227747603,-0.005989903163302362,0.0,0.17551935147756334,0.20212123471577362,-0.011776812129367653,0.024480648522436668,-0.0021212347157736127,0.011776812129367653,0.2,0.2,0.0,0.26795284952779225,-0.28439500087889485,False
0,87,-0.009591921852016369,-1.5647615405485271,1.6132180908735285,1.6173152227747603,-0.005989903163302362,0.0,0.17551935147756334,0.20212123471577362,-0.011776812129367653,0.4365803599357605,0.8091702461242676,0.19836947321891785,0.7941690683364868,0.43126893043518066,-0.14793846011161804,-0.009591921852016369,-1.5647615405485271,1.6132180908735285,1.6173152227747603,-0.005989903163302362,0.0,0.17585187742383718,0.2019820985028112,-0.011379788443508412,0.02414812257616283,-0.0019820985028111996,0.011379788443508412,0.2,0.2,0.0,0.26804878379523867,-0.269967469144167,False
0,88,-0.009591921852016369,-1.5647615405485271,1.6132180908735285,1.6173152227747603,-0.005989903163302362,0.0,0.17585187742383718,0.2019820985028112,-0.011379788443508412,0.3886054754257202,0.17054687440395355,0.9827048778533936,-0.16982720792293549,0.31161677837371826,0.0254103671759367,-0.009591921852016369,-1.5647615405485271,1.6132180908735285,1.6173152227747603,-0.005989903163302362,0.0,0.1761999963977262,0.20193040139834356,-0.011278432601429966,0.02380000360227381,-0.001930401398343546,0.011278432601429966,0.2,0.2,0.0,0.26823409324953434,-0.2719402823354479,False
0,89,-0.009591921852016369,-1.5647615405485271,1.6132180908735285,1.6173152227747603,-0.005989903163302362,0.0,0.1761999963977262,0.20193040139834356,-0.011278432601429966,-0.37188300490379333,0.11054683476686478,-0.17948511242866516,0.4258003234863281,-0.09770821779966354,-0.2505551278591156,-0.006529425649758463,-1.5591853971842418,1.622124829350569,1.6270362537718768,0.0005375101521923354,0.0,0.1765859322695818,0.20182637354570296,-0.010347278345584212,0.02341406773041822,-0.0018263735457029501,0.010347278345584212,0.2,0.2,0.0,0.2683720229518866,-0.271130616998932,False
0,90,-0.006529425649758463,-1.5591853971842418,1.622124829350569,1.6270362537718768,0.0005375101521923354,0.0,0.1765859322695818,0.20182637354570296,-0.010347278345584212,-0.8474119305610657,0.36682072281837463,-0.7002661228179932,0.12935976684093475,-0.09525016695261002,0.1890127956867218,-0.006529425649758463,-1.5591853971842418,1.622124829350569,1.6270362537718768,0.0005375101521923354,0.0,0.1763811027013773,0.20196798945710057,-0.010789132464928287,0.0236188972986227,-0.001967989457100563,0.010789132464928287,0.2,0.2,0.0,0.26836126310412806,-0.2681460661489569,False
0,91,-0.006529425649758463,-1.5591853971842418,1.622124829350569,1.6270362537718768,0.0005375101521923354,0.0,0.1763811027013773,0.20196798945710057,-0.010789132464928287,0.05538565665483475,-0.18312254548072815,-0.6388218402862549,0.3897732198238373,-0.11959418654441833,-0.9279024004936218,-0.012517985131418349,-1.5566789639386756,1.6169573746355268,1.62807456040039,-0.0002082232376602782,0.0,0.17628022475133628,0.2020406613351874,-0.011011637144058856,0.023719775248663717,-0.0020406613351873883,0.011011637144058856,0.2,0.2,0.0,0.26835872004414896,-0.268307858844567,False
0,92,-0.012517985131418349,-1.5566789639386756,1.6169573746355268,1.62807456040039,-0.0002082232376602782,0.0,0.17628022475133628,0.2020406613351874,-0.011011637144058856,-0.21387708187103271,-0.5101315379142761,-0.28238531947135925,0.8771039247512817,0.3254231810569763,0.06116200238466263,-0.01245050765619973,-1.5568804736708426,1.6167160802883702,1.6283775701390315,-0.00018861523253352504,0.0,0.17625212204728297,0.20203496585477967,-0.01107513835881829,0.023747877952717055,-0.002034965854779668,0.01107513835881829,0.2,0.2,0.0,0.26833858582727027,-0.26793590148969654,False
0,93,-0.01245050765619973,-1.5568804736708426,1.6167160802883702,1.6283775701390315,-0.00018861523253352504,0.0,0.17625212204728297,0.20203496585477967,-0.01107513835881829,-0.42588886618614197,0.21980781853199005,0.7493188381195068,-0.4886770248413086,0.531703531742096,-0.6430454254150391,-0.012705499120630506,-1.5574009213325506,1.6164705176102618,1.6292673978715957,0.00018779585936762197,0.0,0.17628282618454072,0.20204356805399076,-0.011158407090037695,0.023717173815459288,-0.0020435680539907615,0.011158407090037695,0.2,0.2,0.0,0.2683686797083139,-0.2689705573291866,False
0,94,-0.012705499120630506,-1.5574009213325506,1.6164705176102618,1.6292673978715957,0.00018779585936762197,0.0,0.17628282618454072,0.20204356805399076,-0.011158407090037695,-0.6881974339485168,-0.31860846281051636,0.498407244682312,0.4541599750518799,-0.16534151136875153,0.37666642665863037,-0.012961006382816234,-1.5573403008788507,1.616842883110463,1.6291063836401567,0.0003815921871821524,0.0,0.17632121323096892,0.20205287186304416,-0.011091280301726191,0.023678786769031093,-0.0020528718630441374,0.011091280301726191,0.2,0.2,0.0,0.26839811803005625,-0.2689868844649032,False
0,95,-0.012961006382816234,-1.5573403008788507,1.616842883110463,1.6291063836401567,0.0003815921871821524,0.0,0.17632121323096892,0.20205287186304416,-0.011091280301726191,-0.2813558280467987,-0.663792610168457,0.3109625577926636,-0.06637248396873474,-0.434569776058197,-0.6239153146743774,-0.013426814151917042,-1.557726999761995,1.6172187473917299,1.6293569146738114,0.00014992409690042736,0.0,0.17636703737021442,0.20206853942028405,-0.011052852662665785,0.023632962629785582,-0.002068539420284051,0.011052852662665785,0.2,0.2,0.0,0.26843843250580957,-0.2692447220208758,False
0,96,-0.013426814151917042,-1.557726999761995,1.6172187473917299,1.6293569146738114,0.00014992409690042736,0.0,0.17636703737021442,0.20206853942028405,-0.011052852662665785,-0.47942158579826355,0.12990911304950714,0.6957588195800781,0.5489223599433899,0.19042330980300903,-0.4922194480895996,-0.013715229823181971,-1.5582003703389236,1.617570981288484,1.6293979197365036,-0.0001416576549041068,0.0,0.17637673721715666,0.20207847528805684,-0.0110179437543102,0.02362326278284334,-0.0020784752880568212,0.0110179437543102,0.2,0.2,0.0,0.26845084967399313,-0.26869919303766443,False
0,97,-0.013715229823181971,-1.5582003703389236,1.617570981288484,1.6293979197365036,-0.0001416576549041068,0.0,0.17637673721715666,0.20207847528805684,-0.0110179437543102,0.3852449357509613,0.5185325741767883,0.18647509813308716,-0.10285449028015137,0.03522828593850136,-0.3737678825855255,-0.013843624725564592,-1.5580069804271186,1.6179369405785788,1.6296308687347345,-3.8619595868311857e-05,0.0,0.17637673721715666,0.20207847528805684,-0.0110179437543102,0.02362326278284334,-0.0020784752880568212,0.0110179437543102,0.2,0.2,0.0,0.26845084967399313,-0.26845084967399313,False
0,98,-0.013843624725564592,-1.5580069804271186,1.6179369405785788,1.6296308687347345,-3.8619595868311857e-05,0.0,0.17637673721715666,0.20207847528805684,-0.0110179437543102,0.5452251434326172,0.15430425107479095,-0.2610631585121155,0.8850221633911133,-0.573648989200592,0.1671280711889267,-0.013773446406099718,-1.5579154372991666,1.6179675014764052,1.6296105504736103,-3.311604304759648e-05,0.0,0.17647847261447333,0.20207910583377733,-0.01095259448848733,0.023521527385526677,-0.002079105833777329,0.01095259448848733,0.2,0.2,0.0,0.26851550353181775,-0.26980858068831004,False
0,99,-0.013773446406099718,-1.5579154372991666,1.6179675014764052,1.6296105504736103,-3.311604304759648e-05,0.0,0.17647847261447333,0.20207910583377733,-0.01095259448848733,-0.15501487255096436,-0.29150721430778503,-0.5766123533248901,-0.025540189817547798,-0.6064071655273438,-0.6855688691139221,-0.013075487782732358,-1.5576386006404763,1.6176548933633519,1.6305638947124246,-0.0007366754044541828,0.0,0.17653809067867293,0.20206423816291716,-0.010964252957846903,0.02346190932132709,-0.0020642381629171515,0.010964252957846903,0.2,0.2,0.0,0.2685439789825032,-0.26911348799621243,False
0,100,-0.013075487782732358,-1.5576386006404763,1.6176548933633519,1.6305638947124246,-0.0007366754044541828,0.0,0.17653809067867293,0.20206423816291716,-0.010964252957846903,-0.8299843072891235,-0.03254341334104538,0.62825608253479,0.636150598526001,-0.2120017260313034,0.04242447018623352,-0.013075487782732358,-1.5576386006404763,1.6176548933633519,1.6305638947124246,-0.0007366754044541828,0.0,0.17836084835649205,0.2023470592225718,-0.010080692245952063,0.021639151643507968,-0.0023470592225717708,0.010080692245952063,0.2,0.2,0.0,0.26992322048802714,-0.29750805059850577,False
0,101,-0.013075487782732358,-1.5576386006404763,1.6176548933633519,1.6305638947124246,-0.0007366754044541828,0.0,0.17836084835649205,0.2023470592225718,-0.010080692245952063,0.5369102358818054,0.4990457594394684,0.8664712905883789,0.3912983238697052,-0.23105290532112122,-0.26147913932800293,-0.013075487782732358,-1.5576386006404763,1.6176548933633519,1.6305638947124246,-0.0007366754044541828,0.0,0.17863914490727337,0.20238845583699006,-0.009937995899140965,0.021360855092726654,-0.0023884558369900405,0.009937995899140965,0.2,0.2,0.0,0.27013292082190654,-0.2743269274994946,False
0,102,-0.013075487782732358,-1.5576386006404763,1.6176548933633519,1.6305638947124246,-0.0007366754044541828,0.0,0.17863914490727337,0.20238845583699006,-0.009937995899140965,0.12158484756946564,0.08991994708776474,-0.5451185703277588,0.5201446413993835,-0.3279319107532501,0.7832942008972168,-0.024593035269630276,-1.5580793815311758,1.6264132735389338,1.6394535354621869,-0.003804622233658765,0.0,0.17875046382610138,0.20240168383548388,-0.009879129694217434,0.021249536173898628,-0.0024016838354838674,0.009879129694217434,0.2,0.2,0.0,0.2702142985502446,-0.2718418531170056,False
0,103,-0.024593035269630276,-1.5580793815311758,1.6264132735389338,1.6394535354621869,-0.003804622233658765,0.0,0.17875046382610138,0.20240168383548388,-0.009879129694217434,0.023827802389860153,-0.17253807187080383,0.8361763954162598,-0.021853171288967133,-0.5293830037117004,0.5866275429725647,-0.024556926604833662,-1.558124980909407,1.62661363454364,1.6394600116404663,-0.00397550959143083,0.0,0.17878052330361194,0.20239798078142535,-0.009845827026958905,0.021219476696388084,-0.0023979807814253377,0.009845827026958905,0.2,0.2,0.0,0.27023019529089704,-0.2705481301039459,False
0,104,-0.024556926604833662,-1.558124980909407,1.62661363454364,1.6394600116404663,-0.00397550959143083,0.0,0.17878052330361194,0.20239798078142535,-0.009845827026958905,0.1193452849984169,0.03344564139842987,0.9400951862335205,-0.4533616900444031,0.0683588907122612,-0.2252146303653717,-0.024525035639587182,-1.5583664841795821,1.6277850500585629,1.6394288230852117,-0.004714974048814308,0.0,0.17890736963001258,0.2023938267446433,-0.009683043387270301,0.02109263036998744,-0.0023938267446432845,0.009683043387270301,0.2,0.2,0.0,0.27030514116736737,-0.27180405869677404,False
0,105,-0.024525035639587182,-1.5583664841795821,1.6277850500585629,1.6394288230852117,-0.004714974048814308,0.0,0.17890736963001258,0.2023938267446433,-0.009683043387270301,0.24027156829833984,0.08347976207733154,0.8042641878128052,-0.36367231607437134,-0.1336480975151062,-0.5037227869033813,-0.024446722230807016,-1.5583387908791775,1.6280754842860423,1.639294090029276,-0.004748240138760534,0.0,0.17890736963001258,0.2023938267446433,-0.009683043387270301,0.02109263036998744,-0.0023938267446432845,0.009683043387270301,0.2,0.2,0.0,0.27030514116736737,-0.27030514116736737,False
0,106,-0.024446722230807016,-1.5583387908791775,1.6280754842860423,1.639294090029276,-0.004748240138760534,0.0,0.17890736963001258,0.2023938267446433,-0.009683043387270301,-0.3501683175563812,-0.43743428587913513,0.5321475267410278,-0.5103170275688171,0.7579899430274963,0.46779364347457886,-0.024446722230807016,-1.5583387908791775,1.6280754842860423,1.639294090029276,-0.004748240138760534,0.0,0.17924349986342994,0.2023479516787111,-0.009067421559053653,0.020756500136570082,-0.002347951678711096,0.009067421559053653,0.2,0.2,0.0,0.2704720760551651,-0.27381077381111973,False
0,107,-0.024446722230807016,-1.5583387908791775,1.6280754842860423,1.639294090029276,-0.004748240138760534,0.0,0.17924349986342994,0.2023479516787111,-0.009067421559053653,0.04124533385038376,0.6360594034194946,0.7604293823242188,0.7015650272369385,0.7679784297943115,-0.06065642461180687,-0.023114451468248445,-1.5578388683692073,1.6325653232632633,1.6373272448667215,-0.0054435215558861424,0.0,0.17924349986342994,0.2023479516787111,-0.009067421559053653,0.020756500136570082,-0.002347951678711096,0.009067421559053653,0.2,0.2,0.0,0.2704720760551651,-0.2704720760551651,False
0,108,-0.023114451468248445,-1.5578388683692073,1.6325653232632633,1.6373272448667215,-0.0054435215558861424,0.0,0.17924349986342994,0.2023479516787111,-0.009067421559053653,-0.4190840721130371,-0.0990760326385498,-0.2125050276517868,0.7767056226730347,0.500523030757904,0.4697532057762146,-0.023165803191082517,-1.557764169765887,1.6326200373056536,1.637530537210363,-0.005271489196444734,0.0,0.17924349986342994,0.2023479516787111,-0.009067421559053653,0.020756500136570082,-0.002347951678711096,0.009067421559053653,0.2,0.2,0.0,0.2704720760551651,-0.2704720760551651,False
0,109,-0.023165803191082517,-1.557764169765887,1.6326200373056536,1.637530537210363,-0.005271489196444734,0.0,0.17924349986342994,0.2023479516787111,-0.009067421559053653,0.6431633234024048,0.8542537093162537,0.0421295240521431,-0.8068332076072693,-0.5935577154159546,0.7161158323287964,-0.02316150781351554,-1.5576808269860496,1.6325868963424774,1.637566678242492,-0.005257705590548612,0.0,0.17924349986342994,0.2023479516787111,-0.009067421559053653,0.020756500136570082,-0.002347951678711096,0.009067421559053653,0.2,0.2,0.0,0.2704720760551651,-0.2704720760551651,False
0,110,-0.02316150781351554,-1.5576808269860496,1.6325868963424774,1.637566678242492,-0.005257705590548612,0.0,0.17924349986342994,0.2023479516787111,-0.009067421559053653,-0.36798277497291565,-0.6831923723220825,-0.45213037729263306,0.418081670999527,-0.17392925918102264,0.04907643795013428,-0.02316150781351554,-1.5576808269860496,1.6325868963424774,1.637566678242492,-0.005257705590548612,0.0,0.17924349986342994,0.2023479516787111,-0.009067421559053653,0.020756500136570082,-0.002347951678711096,0.009067421559053653,0.2,0.2,0.0,0.2704720760551651,-0.2704720760551651,False
0,111,-0.02316150781351554,-1.5576808269860496,1.6325868963424774,1.637566678242492,-0.005257705590548612,0.0,0.17924349986342994,0.2023479516787111,-0.009067421559053653,-0.5213803052902222,0.26053673028945923,0.5069519281387329,0.5283975005149841,0.45789772272109985,0.12260931730270386,-0.02347727446685542,-1.5583036594021018,1.6321200597672658,1.6379170442280562,-0.005502044706318717,0.0,0.17924349986342994,0.2023479516787111,-0.009067421559053653,0.020756500136570082,-0.002347951678711096,0.009067421559053653,0.2,0.2,0.0,0.2704720760551651,-0.2704720760551651,False
0,112,-0.02347727446685542,-1.5583036594021018,1.6321200597672658,1.6379170442280562,-0.005502044706318717,0.0,0.17924349986342994,0.2023479516787111,-0.009067421559053653,-0.43893134593963623,-0.4871372878551483,-0.8310617804527283,0.2928849160671234,-0.36248308420181274,0.15176618099212646,-0.023621846527381914,-1.5584416683801794,1.631958251450098,1.6380410066874815,-0.005555782652932709,0.0,0.17924349986342994,0.2023479516787111,-0.009067421559053653,0.020756500136570082,-0.002347951678711096,0.009067421559053653,0.2,0.2,0.0,0.2704720760551651,-0.2704720760551651,False
0,113,-0.023621846527381914,-1.5584416683801794,1.631958251450098,1.6380410066874815,-0.005555782652932709,0.0,0.17924349986342994,0.2023479516787111,-0.009067421559053653,-0.13107343018054962,0.4168417751789093,-0.5970697999000549,0.14043061435222626,-0.03801162913441658,-0.7348580360412598,-0.02367953240239548,-1.5584728263579328,1.6318262859857509,1.6380824092762036,-0.005600282607815283,0.0,0.17924349986342994,0.2023479516787111,-0.009067421559053653,0.020756500136570082,-0.002347951678711096,0.009067421559053653,0.2,0.2,0.0,0.2704720760551651,-0.2704720760551651,False
0,114,-0.02367953240239548,-1.5584728263579328,1.6318262859857509,1.6380824092762036,-0.005600282607815283,0.0,0.17924349986342994,0.2023479516787111,-0.009067421559053653,0.7230044603347778,0.45448699593544006,0.7443872690200806,-0.08111785352230072,0.06040186807513237,0.6347445249557495,-0.023607931508660772,-1.5583692159861446,1.631846554361487,1.6380887398234683,-0.005597015935346184,0.0,0.17924349986342994,0.2023479516787111,-0.009067421559053653,0.020756500136570082,-0.002347951678711096,0.009067421559053653,0.2,0.2,0.0,0.2704720760551651,-0.2704720760551651,False
0,115,-0.023607931508660772,-1.5583692159861446,1.631846554361487,1.6380887398234683,-0.005597015935346184,0.0,0.17924349986342994,0.2023479516787111,-0.009067421559053653,0.6436080932617188,-0.3958435356616974,-0.11436479538679123,-0.6257636547088623,0.7309659719467163,-0.9015587568283081,-0.02344731096539796,-1.5583645022744907,1.6319197739444078,1.6380044570793093,-0.005502708233840921,0.0,0.17924349986342994,0.2023479516787111,-0.009067421559053653,0.020756500136570082,-0.002347951678711096,0.009067421559053653,0.2,0.2,0.0,0.2704720760551651,-0.2704720760551651,False
0,116,-0.02344731096539796,-1.5583645022744907,1.6319197739444078,1.6380044570793093,-0.005502708233840921,0.0,0.17924349986342994,0.2023479516787111,-0.009067421559053653,-0.26359787583351135,-0.7922572493553162,-0.7761519551277161,-0.06156254559755325,-0.2692186236381531,0.5636429190635681,-0.02344731096539796,-1.5583645022744907,1.6319197739444078,1.6380044570793093,-0.005502708233840921,0.0,0.17924349986342994,0.2023479516787111,-0.009067421559053653,0.020756500136570082,-0.002347951678711096,0.009067421559053653,0.2,0.2,0.0,0.2704720760551651,-0.2704720760551651,False
0,117,-0.02344731096539796,-1.5583645022744907,1.6319197739444078,1.6380044570793093,-0.005502708233840921,0.0,0.17924349986342994,0.2023479516787111,-0.009067421559053653,0.4002520442008972,-0.3240326941013336,0.1273861676454544,-0.12068226933479309,0.10739529132843018,0.44347846508026123,-0.02324526999042882,-1.558549427510651,1.6318310282355442,1.637786742110059,-0.005268716053674225,0.0,0.17924349986342994,0.2023479516787111,-0.009067421559053653,0.020756500136570082,-0.002347951678711096,0.009067421559053653,0.2,0.2,0.0,0.2704720760551651,-0.2704720760551651,False
0,118,-0.02324526999042882,-1.558549427510651,1.6318310282355442,1.637786742110059,-0.005268716053674225,0.0,0.17924349986342994,0.2023479516787111,-0.009067421559053653,-0.27013909816741943,0.13694292306900024,0.7392590045928955,0.17516058683395386,0.1498345583677292,0.22756798565387726,-0.02324526999042882,-1.558549427510651,1.6318310282355442,1.637786742110059,-0.005268716053674225,0.0,0.17924349986342994,0.2023479516787111,-0.009067421559053653,0.020756500136570082,-0.002347951678711096,0.009067421559053653,0.2,0.2,0.0,0.2704720760551651,-0.2704720760551651,False
0,119,-0.02324526999042882,-1.558549427510651,1.6318310282355442,1.637786742110059,-0.005268716053674225,0.0,0.17924349986342994,0.2023479516787111,-0.009067421559053653,-0.2768580913543701,-0.5086501240730286,-0.816124677658081,0.589236855506897,-0.37676817178726196,0.3589994013309479,-0.023455579172520166,-1.5585347322289707,1.63264804772851,1.6380351056276283,-0.005109938855024138,0.0,0.17924349986342994,0.2023479516787111,-0.009067421559053653,0.020756500136570082,-0.002347951678711096,0.009067421559053653,0.2,0.2,0.0,0.2704720760551651,-0.2704720760551651,False
0,120,-0.023455579172520166,-1.5585347322289707,1.63264804772851,1.6380351056276283,-0.005109938855024138,0.0,0.17924349986342994,0.2023479516787111,-0.009067421559053653,0.10595396161079407,0.5099313259124756,-0.5678499937057495,0.17680564522743225,-0.606413722038269,-0.8224916458129883,-0.023455579172520166,-1.5585347322289707,1.63264804772851,1.6380351056276283,-0.005109938855024138,0.0,0.17924349986342994,0.2023479516787111,-0.009067421559053653,0.020756500136570082,-0.002347951678711096,0.009067421559053653,0.2,0.2,0.0,0.2704720760551651,-0.2704720760551651,False
0,121,-0.023455579172520166,-1.5585347322289707,1.63264804772851,1.6380351056276283,-0.005109938855024138,0.0,0.17924349986342994,0.2023479516787111,-0.009067421559053653,0.32504308223724365,-0.13013675808906555,0.3235541582107544,-0.6013082265853882,-0.0585084930062294,0.7752623558044434,-0.023385885464479034,-1.5581593096340256,1.6321573492199608,1.6382040839631178,-0.005607150596991924,0.0,0.17924349986342994,0.2023479516787111,-0.009067421559053653,0.020756500136570082,-0.002347951678711096,0.009067421559053653,0.2,0.2,0.0,0.2704720760551651,-0.2704720760551651,False
0,122,-0.023385885464479034,-1.5581593096340256,1.6321573492199608,1.6382040839631178,-0.005607150596991924,0.0,0.17924349986342994,0.2023479516787111,-0.009067421559053653,0.027792729437351227,0.9037067294120789,-0.009886253625154495,0.3912559151649475,-0.26537758111953735,-0.5192800760269165,-0.023340059105074924,-1.557901837395472,1.6320615837952404,1.6382732718105506,-0.005779450344643723,0.0,0.17924349986342994,0.2023479516787111,-0.009067421559053653,0.020756500136570082,-0.002347951678711096,0.009067421559053653,0.2,0.2,0.0,0.2704720760551651,-0.2704720760551651,False
0,123,-0.023340059105074924,-1.557901837395472,1.6320615837952404,1.6382732718105506,-0.005779450344643723,0.0,0.17924349986342994,0.2023479516787111,-0.009067421559053653,0.7247551679611206,-0.004673908930271864,-0.7492268681526184,0.707005500793457,-0.4674933850765228,-0.3420281410217285,-0.022960029868436392,-1.5577546071107573,1.6316712307332366,1.6387058898178666,-0.006065336152933248,0.0,0.17924349986342994,0.2023479516787111,-0.009067421559053653,0.020756500136570082,-0.002347951678711096,0.009067421559053653,0.2,0.2,0.0,0.2704720760551651,-0.2704720760551651,False
0,124,-0.022960029868436392,-1.5577546071107573,1.6316712307332366,1.6387058898178666,-0.006065336152933248,0.0,0.17924349986342994,0.2023479516787111,-0.009067421559053653,0.13985048234462738,0.7677445411682129,0.6088067293167114,-0.1046103909611702,0.15398330986499786,0.6401108503341675,-0.022544448320873038,-1.557764204971925,1.6312415009837749,1.639108432879561,-0.00633151784930555,0.0,0.17924349986342994,0.2023479516787111,-0.009067421559053653,0.020756500136570082,-0.002347951678711096,0.009067421559053653,0.2,0.2,0.0,0.2704720760551651,-0.2704720760551651,False
0,125,-0.022544448320873038,-1.557764204971925,1.6312415009837749,1.639108432879561,-0.00633151784930555,0.0,0.17924349986342994,0.2023479516787111,-0.009067421559053653,0.3254031240940094,0.42972689867019653,-0.5949157476425171,-0.3115280568599701,0.5813252329826355,-0.41881319880485535,-0.022484194335220295,-1.5575772661788343,1.631281362571184,1.6390495783974417,-0.006232812198151894,0.0,0.17924349986342994,0.2023479516787111,-0.009067421559053653,0.020756500136570082,-0.002347951678711096,0.009067421559053653,0.2,0.2,0.0,0.2704720760551651,-0.2704720760551651,False
0,126,-0.022484194335220295,-1.5575772661788343,1.631281362571184,1.6390495783974417,-0.006232812198151894,0.0,0.17924349986342994,0.2023479516787111,-0.009067421559053653,-0.1546400785446167,0.6442882418632507,-0.4936296343803406,-0.38902831077575684,0.45798468589782715,-0.3004033863544464,-0.02240917927882793,-1.5574801432801417,1.6311415035594554,1.6389777831098034,-0.006098637884571975,0.0,0.17924349986342994,0.2023479516787111,-0.009067421559053653,0.020756500136570082,-0.002347951678711096,0.009067421559053653,0.2,0.2,0.0,0.2704720760551651,-0.2704720760551651,False
0,127,-0.02240917927882793,-1.5574801432801417,1.6311415035594554,1.6389777831098034,-0.006098637884571975,0.0,0.17924349986342994,0.2023479516787111,-0.009067421559053653,0.021386288106441498,0.8795813918113708,-0.2830841839313507,0.31355658173561096,0.6524413824081421,-0.8012349009513855,-0.02239651531004074,-1.5572627695663321,1.631029027900349,1.6389939231074824,-0.005924025309494029,0.0,0.17924349986342994,0.2023479516787111,-0.009067421559053653,0.020756500136570082,-0.002347951678711096,0.009067421559053653,0.2,0.2,0.0,0.2704720760551651,-0.2704720760551651,False
0,128,-0.02239651531004074,-1.5572627695663321,1.631029027900349,1.6389939231074824,-0.005924025309494029,0.0,0.17924349986342994,0.2023479516787111,-0.009067421559053653,-0.3601018786430359,0.3524581789970398,0.011931360699236393,-0.6240803003311157,0.6022341847419739,0.43363338708877563,-0.022436970423055615,-1.55712162420467,1.6309989866134045,1.638955513656675,-0.0057786625642625,0.0,0.17924349986342994,0.2023479516787111,-0.009067421559053653,0.020756500136570082,-0.002347951678711096,0.009067421559053653,0.2,0.2,0.0,0.2704720760551651,-0.2704720760551651,False
0,129,-0.022436970423055615,-1.55712162420467,1.6309989866134045,1.638955513656675,-0.0057786625642625,0.0,0.17924349986342994,0.2023479516787111,-0.009067421559053653,-0.32261142134666443,-0.3220283091068268,-0.5166760087013245,0.5454648733139038,-0.06373894959688187,-0.23365406692028046,-0.022539538056619818,-1.5570634867833983,1.6309719747645963,1.6388427872580935,-0.005646374714163168,0.0,0.17924349986342994,0.2023479516787111,-0.009067421559053653,0.020756500136570082,-0.002347951678711096,0.009067421559053653,0.2,0.2,0.0,0.2704720760551651,-0.2704720760551651,False
0,130,-0.022539538056619818,-1.5570634867833983,1.6309719747645963,1.6388427872580935,-0.005646374714163168,0.0,0.17924349986342994,0.2023479516787111,-0.009067421559053653,-0.5739469528198242,-0.6152464151382446,-0.7251976132392883,0.08833853155374527,-0.5156481862068176,-0.3930260241031647,-0.022539538056619818,-1.5570634867833983,1.6309719747645963,1.6388427872580935,-0.005646374714163168,0.0,0.17924349986342994,0.2023479516787111,-0.009067421559053653,0.020756500136570082,-0.002347951678711096,0.009067421559053653,0.2,0.2,0.0,0.2704720760551651,-0.2704720760551651,False
0,131,-0.022539538056619818,-1.5570634867833983,1.6309719747645963,1.6388427872580935,-0.005646374714163168,0.0,0.17924349986342994,0.2023479516787111,-0.009067421559053653,-0.0181276872754097,0.3318355083465576,0.7947125434875488,-0.26663127541542053,-0.2528569996356964,0.08580325543880463,-0.023413855859398598,-1.5579952489017532,1.6298172737298182,1.6391949413616396,-0.006340739111438442,0.0,0.17924349986342994,0.2023479516787111,-0.009067421559053653,0.020756500136570082,-0.002347951678711096,0.009067421559053653,0.2,0.2,0.0,0.2704720760551651,-0.2704720760551651,False
0,132,-0.023413855859398598,-1.5579952489017532,1.6298172737298182,1.6391949413616396,-0.006340739111438442,0.0,0.17924349986342994,0.2023479516787111,-0.009067421559053653,0.2919805347919464,-0.3452097475528717,-0.3346770107746124,0.3437469005584717,0.5100746750831604,0.4245268702507019,-0.02318063868032415,-1.55818491917402,1.629741446806368,1.6394031589712594,-0.00598979056547921,0.0,0.17924349986342994,0.2023479516787111,-0.009067421559053653,0.020756500136570082,-0.002347951678711096,0.009067421559053653,0.2,0.2,0.0,0.2704720760551651,-0.2704720760551651,False
0,133,-0.02318063868032415,-1.55818491917402,1.629741446806368,1.6394031589712594,-0.00598979056547921,0.0,0.17924349986342994,0.2023479516787111,-0.009067421559053653,0.2690355181694031,-0.6884951591491699,0.12984777987003326,-0.5138385891914368,0.023330112919211388,-0.05392271652817726,-0.02318063868032415,-1.55818491917402,1.629741446806368,1.6394031589712594,-0.00598979056547921,0.0,0.17924349986342994,0.2023479516787111,-0.009067421559053653,0.020756500136570082,-0.002347951678711096,0.009067421559053653,0.2,0.2,0.0,0.2704720760551651,-0.2704720760551651,False
0,134,-0.02318063868032415,-1.55818491917402,1.629741446806368,1.6394031589712594,-0.00598979056547921,0.0,0.17924349986342994,0.2023479516787111,-0.009067421559053653,0.36181220412254333,0.3356119990348816,0.5554172396659851,0.07656197994947433,-0.39488089084625244,-0.4645840525627136,-0.022902032542820857,-1.5586687785115259,1.6295929833525755,1.6393952942135548,-0.005682860170543513,0.0,0.17924349986342994,0.2023479516787111,-0.009067421559053653,0.020756500136570082,-0.002347951678711096,0.009067421559053653,0.2,0.2,0.0,0.2704720760551651,-0.2704720760551651,False
0,135,-0.022902032542820857,-1.5586687785115259,1.6295929833525755,1.6393952942135548,-0.005682860170543513,0.0,0.17924349986342994,0.2023479516787111,-0.009067421559053653,-0.8315290808677673,-0.03608303144574165,0.5298256874084473,-0.32783567905426025,-0.19069284200668335,0.8665533065795898,-0.02281914943343228,-1.5585844127502748,1.6297252161085924,1.6394143922661863,-0.005778650373683286,0.0,0.17924349986342994,0.2023479516787111,-0.009067421559053653,0.020756500136570082,-0.002347951678711096,0.009067421559053653,0.2,0.2,0.0,0.2704720760551651,-0.2704720760551651,False
0,136,-0.02281914943343228,-1.5585844127502748,1.6297252161085924,1.6394143922661863,-0.005778650373683286,0.0,0.17924349986342994,0.2023479516787111,-0.009067421559053653,-0.43279242515563965,-0.5969126224517822,-0.01930263079702854,0.37021198868751526,-0.8423901796340942,0.6510735750198364,-0.023018608340738846,-1.5586630405450201,1.6298149129122648,1.6394004896249899,-0.005911781542769531,0.0,0.17924349986342994,0.2023479516787111,-0.009067421559053653,0.020756500136570082,-0.002347951678711096,0.009067421559053653,0.2,0.2,0.0,0.2704720760551651,-0.2704720760551651,False
0,137,-0.023018608340738846,-1.5586630405450201,1.6298149129122648,1.6394004896249899,-0.005911781542769531,0.0,0.17924349986342994,0.2023479516787111,-0.009067421559053653,-0.5465506315231323,-0.4673071801662445,0.8237862586975098,-0.01778346672654152,-0.30944427847862244,-0.10183947533369064,-0.023164428597313325,-1.558814863905833,1.629958672396787,1.6394403960183066,-0.006063463288322066,0.0,0.17924349986342994,0.2023479516787111,-0.009067421559053653,0.020756500136570082,-0.002347951678711096,0.009067421559053653,0.2,0.2,0.0,0.2704720760551651,-0.2704720760551651,False
0,138,-0.023164428597313325,-1.558814863905833,1.629958672396787,1.6394403960183066,-0.006063463288322066,0.0,0.17924349986342994,0.2023479516787111,-0.009067421559053653,-0.2830469310283661,0.7021164894104004,-0.1453315168619156,0.035477589815855026,0.11749010533094406,-0.027097394689917564,-0.023260228367597648,-1.558783730014153,1.6300356581404831,1.639442095938261,-0.006083737297174085,0.0,0.17924349986342994,0.2023479516787111,-0.009067421559053653,0.020756500136570082,-0.002347951678711096,0.009067421559053653,0.2,0.2,0.0,0.2704720760551651,-0.2704720760551651,False
0,139,-0.023260228367597648,-1.558783730014153,1.6300356581404831,1.639442095938261,-0.006083737297174085,0.0,0.17924349986342994,0.2023479516787111,-0.009067421559053653,-0.06890375167131424,0.2925337553024292,-0.9257810115814209,-0.33578601479530334,0.023415852338075638,0.665573239326477,-0.02331635365288196,-1.558626382515637,1.6298983240879261,1.6394081866476296,-0.006060011408348377,0.0,0.17924349986342994,0.2023479516787111,-0.009067421559053653,0.020756500136570082,-0.002347951678711096,0.009067421559053653,0.2,0.2,0.0,0.2704720760551651,-0.2704720760551651,False
0,140,-0.02331635365288196,-1.558626382515637,1.6298983240879261,1.6394081866476296,-0.006060011408348377,0.0,0.17924349986342994,0.2023479516787111,-0.009067421559053653,0.38098013401031494,-0.18833774328231812,0.7155728340148926,0.6610895395278931,0.5855414867401123,0.12077071517705917,-0.02331635365288196,-1.558626382515637,1.6298983240879261,1.6394081866476296,-0.006060011408348377,0.0,0.17924349986342994,0.2023479516787111,-0.009067421559053653,0.020756500136570082,-0.002347951678711096,0.009067421559053653,0.2,0.2,0.0,0.2704720760551651,-0.2704720760551651,False
0,141,-0.02331635365288196,-1.558626382515637,1.6298983240879261,1.6394081866476296,-0.006060011408348377,0.0,0.17924349986342994,0.2023479516787111,-0.009067421559053653,-0.7485936880111694,0.9812784790992737,-0.8369245529174805,0.3406791687011719,0.3919374942779541,0.1385946124792099,-0.02331635365288196,-1.558626382515637,1.6298983240879261,1.6394081866476296,-0.006060011408348377,0.0,0.17924349986342994,0.2023479516787111,-0.009067421559053653,0.020756500136570082,-0.002347951678711096,0.009067421559053653,0.2,0.2,0.0,0.2704720760551651,-0.2704720760551651,False
0,142,-0.02331635365288196,-1.558626382515637,1.6298983240879261,1.6394081866476296,-0.006060011408348377,0.0,0.17924349986342994,0.2023479516787111,-0.009067421559053653,0.20010586082935333,0.7598081827163696,0.011195223778486252,-0.26147350668907166,0.8762983083724976,0.3656359314918518,-0.023112883822116657,-1.5585461096538096,1.630126586810532,1.6396280120148852,-0.005632405831214034,0.0,0.17924349986342994,0.2023479516787111,-0.009067421559053653,0.020756500136570082,-0.002347951678711096,0.009067421559053653,0.2,0.2,0.0,0.2704720760551651,-0.2704720760551651,False
0,143,-0.023112883822116657,-1.5585461096538096,1.630126586810532,1.6396280120148852,-0.005632405831214034,0.0,0.17924349986342994,0.2023479516787111,-0.009067421559053653,-0.8016237616539001,-0.028909239917993546,-0.779953122138977,-0.5079275369644165,-0.6931697726249695,-0.6052975654602051,-0.0231866625253208,-1.5584622061682034,1.6300332497237084,1.6395358395466626,-0.00561640056648545,0.0,0.17924349986342994,0.2023479516787111,-0.009067421559053653,0.020756500136570082,-0.002347951678711096,0.009067421559053653,0.2,0.2,0.0,0.2704720760551651,-0.2704720760551651,False
0,144,-0.0231866625253208,-1.5584622061682034,1.6300332497237084,1.6395358395466626,-0.00561640056648545,0.0,0.17924349986342994,0.2023479516787111,-0.009067421559053653,0.02015323005616665,0.8429734110832214,0.40524524450302124,-0.6213241219520569,0.9030174612998962,0.08066543191671371,-0.023323357673541045,-1.5583680825388204,1.629946671147139,1.6393743083855437,-0.005630255191617997,0.0,0.17924349986342994,0.2023479516787111,-0.009067421559053653,0.020756500136570082,-0.002347951678711096,0.009067421559053653,0.2,0.2,0.0,0.2704720760551651,-0.2704720760551651,False
0,145,-0.023323357673541045,-1.5583680825388204,1.629946671147139,1.6393743083855437,-0.005630255191617997,0.0,0.17924349986342994,0.2023479516787111,-0.009067421559053653,0.40804731845855713,0.2914310097694397,-0.17874975502490997,0.18159380555152893,-0.23843346536159515,-0.8263086080551147,-0.023291717647915624,-1.5581559215133904,1.630031907759152,1.6392433763915006,-0.005433953596065646,0.0,0.17924349986342994,0.2023479516787111,-0.009067421559053653,0.020756500136570082,-0.002347951678711096,0.009067421559053653,0.2,0.2,0.0,0.2704720760551651,-0.2704720760551651,False
0,146,-0.023291717647915624,-1.5581559215133904,1.630031907759152,1.6392433763915006,-0.005433953596065646,0.0,0.17924349986342994,0.2023479516787111,-0.009067421559053653,0.20128627121448517,-0.027023708447813988,0.585044801235199,-0.42066943645477295,0.09697931259870529,0.20094424486160278,-0.023220079939353527,-1.5581266196641281,1.6300801396968798,1.639215458930715,-0.0054518572294689075,0.0,0.17924349986342994,0.2023479516787111,-0.009067421559053653,0.020756500136570082,-0.002347951678711096,0.009067421559053653,0.2,0.2,0.0,0.2704720760551651,-0.2704720760551651,False
0,147,-0.023220079939353527,-1.5581266196641281,1.6300801396968798,1.639215458930715,-0.0054518572294689075,0.0,0.17924349986342994,0.2023479516787111,-0.009067421559053653,-0.5507956743240356,-0.3726188540458679,-0.08018834888935089,-0.6908204555511475,0.31922006607055664,0.21282312273979187,-0.023251843860600415,-1.5581763544930267,1.6301721828617552,1.6390597899732058,-0.005396445767347374,0.0,0.17924349986342994,0.2023479516787111,-0.009067421559053653,0.020756500136570082,-0.002347951678711096,0.009067421559053653,0.2,0.2,0.0,0.2704720760551651,-0.2704720760551651,False
0,148,-0.023251843860600415,-1.5581763544930267,1.6301721828617552,1.6390597899732058,-0.005396445767347374,0.0,0.17924349986342994,0.2023479516787111,-0.009067421559053653,0.481614887714386,0.1729765385389328,0.29681965708732605,0.5343318581581116,0.4827759563922882,-0.0380626805126667,-0.02331916377843514,-1.5582306842657034,1.6301746724669028,1.6389727443138757,-0.005312217731095087,0.0,0.17924349986342994,0.2023479516787111,-0.009067421559053653,0.020756500136570082,-0.002347951678711096,0.009067421559053653,0.2,0.2,0.0,0.2704720760551651,-0.2704720760551651,False
0,149,-0.02331916377843514,-1.5582306842657034,1.6301746724669028,1.6389727443138757,-0.005312217731095087,0.0,0.17924349986342994,0.2023479516787111,-0.009067421559053653,-0.47970113158226013,-0.39947521686553955,-0.9390349984169006,0.32563716173171997,0.8596805334091187,0.20818400382995605,-0.02315332267805682,-1.5581971782528277,1.630198500427237,1.6392596029325937,-0.0049912935390236,0.0,0.17924349986342994,0.2023479516787111,-0.009067421559053653,0.020756500136570082,-0.002347951678711096,0.009067421559053653,0.2,0.2,0.0,0.2704720760551651,-0.2704720760551651,False
0,150,-0.02315332267805682,-1.5581971782528277,1.630198500427237,1.6392596029325937,-0.0049912935390236,0.0,0.17924349986342994,0.2023479516787111,-0.009067421559053653,-0.5645771026611328,-0.3978106677532196,0.0015960251912474632,-0.4236401617527008,-0.7722172737121582,-0.7548210620880127,-0.02315332267805682,-1.5581971782528277,1.630198500427237,1.6392596029325937,-0.0049912935390236,0.0,0.17924349986342994,0.2023479516787111,-0.009067421559053653,0.020756500136570082,-0.002347951678711096,0.009067421559053653,0.2,0.2,0.0,0.2704720760551651,-0.2704720760551651,False
0,151,-0.02315332267805682,-1.5581971782528277,1.630198500427237,1.6392596029325937,-0.0049912935390236,0.0,0.17924349986342994,0.2023479516787111,-0.009067421559053653,-0.2575738728046417,0.42841121554374695,-0.8073375821113586,-0.01641085185110569,0.7898611426353455,-0.4514286518096924,-0.02352655820214773,-1.5583970211715095,1.6299441917377622,1.639114986257414,-0.005110436043554623,0.0,0.17924349986342994,0.2023479516787111,-0.009067421559053653,0.020756500136570082,-0.002347951678711096,0.009067421559053653,0.2,0.2,0.0,0.2704720760551651,-0.2704720760551651,False
0,152,-0.02352655820214773,-1.5583970211715095,1.6299441917377622,1.639114986257414,-0.005110436043554623,0.0,0.17924349986342994,0.2023479516787111,-0.009067421559053653,-0.2954564392566681,-0.2953340411186218,0.17503191530704498,-0.4487748146057129,0.2390938401222229,-0.13356240093708038,-0.023610077810125654,-1.5584420043400762,1.629940260390597,1.6390084087590884,-0.005008555281212452,0.0,0.17924349986342994,0.2023479516787111,-0.009067421559053653,0.020756500136570082,-0.002347951678711096,0.009067421559053653,0.2,0.2,0.0,0.2704720760551651,-0.2704720760551651,False
0,153,-0.023610077810125654,-1.5584420043400762,1.629940260390597,1.6390084087590884,-0.005008555281212452,0.0,0.17924349986342994,0.2023479516787111,-0.009067421559053653,0.29608795046806335,0.19442901015281677,0.5026215314865112,0.667892575263977,0.6110060214996338,-0.4460940957069397,-0.023607940345016325,-1.558452748261029,1.6300210008184894,1.6390373047233777,-0.0049093963766490304,0.0,0.17924349986342994,0.2023479516787111,-0.009067421559053653,0.020756500136570082,-0.002347951678711096,0.009067421559053653,0.2,0.2,0.0,0.2704720760551651,-0.2704720760551651,False
0,154,-0.023607940345016325,-1.558452748261029,1.6300210008184894,1.6390373047233777,-0.0049093963766490304,0.0,0.17924349986342994,0.2023479516787111,-0.009067421559053653,-0.14509984850883484,0.23999907076358795,0.10266786813735962,-0.08655178546905518,0.895461916923523,-0.022111764177680016,-0.023573448382136406,-1.5583898542896737,1.6301198747206818,1.6391434348102922,-0.004697202861376491,0.0,0.17924349986342994,0.2023479516787111,-0.009067421559053653,0.020756500136570082,-0.002347951678711096,0.009067421559053653,0.2,0.2,0.0,0.2704720760551651,-0.2704720760551651,False
0,155,-0.023573448382136406,-1.5583898542896737,1.6301198747206818,1.6391434348102922,-0.004697202861376491,0.0,0.17924349986342994,0.2023479516787111,-0.009067421559053653,0.552087664604187,-0.7413060665130615,0.07038848847150803,-0.7207746505737305,0.25756826996803284,-0.025184843689203262,-0.023492206512649168,-1.5584946798479988,1.6301434424879124,1.6390039948169015,-0.004549317856278922,0.0,0.17924349986342994,0.2023479516787111,-0.009067421559053653,0.020756500136570082,-0.002347951678711096,0.009067421559053653,0.2,0.2,0.0,0.2704720760551651,-0.2704720760551651,False
0,156,-0.023492206512649168,-1.5584946798479988,1.6301434424879124,1.6390039948169015,-0.004549317856278922,0.0,0.17924349986342994,0.2023479516787111,-0.009067421559053653,0.23344668745994568,0.7473279237747192,0.17934703826904297,0.001192323281429708,-0.9183416962623596,-0.1504974216222763,-0.023400933593002705,-1.5584906268092829,1.6301727862015867,1.6389217541711798,-0.004630667314552878,0.0,0.17924349986342994,0.2023479516787111,-0.009067421559053653,0.020756500136570082,-0.002347951678711096,0.009067421559053653,0.2,0.2,0.0,0.2704720760551651,-0.2704720760551651,False
0,157,-0.023400933593002705,-1.5584906268092829,1.6301727862015867,1.6389217541711798,-0.004630667314552878,0.0,0.17924349986342994,0.2023479516787111,-0.009067421559053653,0.7862874269485474,0.6336996555328369,-0.040012042969465256,-0.1370723843574524,-0.018165184184908867,-0.6982073783874512,-0.02326776023135543,-1.5582841534997456,1.630198905825039,1.6389070320063657,-0.004792246473454956,0.0,0.17924349986342994,0.2023479516787111,-0.009067421559053653,0.020756500136570082,-0.002347951678711096,0.009067421559053653,0.2,0.2,0.0,0.2704720760551651,-0.2704720760551651,False
0,158,-0.02326776023135543,-1.5582841534997456,1.630198905825039,1.6389070320063657,-0.004792246473454956,0.0,0.17924349986342994,0.2023479516787111,-0.009067421559053653,0.03074467182159424,0.9057546854019165,-0.390713095664978,0.23363006114959717,0.49405843019485474,-0.7533524036407471,-0.023174808074080434,-1.558157281322436,1.6301705281493453,1.6389050900532143,-0.004763268668488401,0.0,0.17924349986342994,0.2023479516787111,-0.009067421559053653,0.020756500136570082,-0.002347951678711096,0.009067421559053653,0.2,0.2,0.0,0.2704720760551651,-0.2704720760551651,False
0,159,-0.023174808074080434,-1.558157281322436,1.6301705281493453,1.6389050900532143,-0.004763268668488401,0.0,0.17924349986342994,0.2023479516787111,-0.009067421559053653,-0.6813724040985107,-0.633400022983551,-0.15813125669956207,-0.6944586038589478,0.18656305968761444,0.5271291732788086,-0.023167296329656195,-1.5578449615981438,1.6300348851927136,1.6389868579530922,-0.00459150684750964,0.0,0.17924349986342994,0.2023479516787111,-0.009067421559053653,0.020756500136570082,-0.002347951678711096,0.009067421559053653,0.2,0.2,0.0,0.2704720760551651,-0.2704720760551651,False
0,160,-0.023167296329656195,-1.5578449615981438,1.6300348851927136,1.6389868579530922,-0.00459150684750964,0.0,0.17924349986342994,0.2023479516787111,-0.009067421559053653,-0.7504149079322815,0.8350695371627808,-0.5872571468353271,0.1420915275812149,-0.4176117181777954,-0.8135738372802734,-0.023167296329656195,-1.5578449615981438,1.6300348851927136,1.6389868579530922,-0.00459150684750964,0.0,0.17924349986342994,0.2023479516787111,-0.009067421559053653,0.020756500136570082,-0.002347951678711096,0.009067421559053653,0.2,0.2,0.0,0.2704720760551651,-0.2704720760551651,False
0,161,-0.023167296329656195,-1.5578449615981438,1.6300348851927136,1.6389868579530922,-0.00459150684750964,0.0,0.17924349986342994,0.2023479516787111,-0.009067421559053653,-0.7611184120178223,-0.6121153831481934,0.533245325088501,-0.08373461663722992,0.5070832967758179,0.39146578311920166,-0.023167296329656195,-1.5578449615981438,1.6300348851927136,1.6389868579530922,-0.00459150684750964,0.0,0.17924349986342994,0.2023479516787111,-0.009067421559053653,0.020756500136570082,-0.002347951678711096,0.009067421559053653,0.2,0.2,0.0,0.2704720760551651,-0.2704720760551651,False
0,162,-0.023167296329656195,-1.5578449615981438,1.6300348851927136,1.6389868579530922,-0.00459150684750964,0.0,0.17924349986342994,0.2023479516787111,-0.009067421559053653,0.8120321035385132,0.29084882140159607,-0.07508870214223862,-0.4506343603134155,-0.3177953064441681,-0.07474835962057114,-0.023305365319723978,-1.5577524965432699,1.630092062531084,1.6385359448800925,-0.004617370260351568,0.0,0.17924349986342994,0.2023479516787111,-0.009067421559053653,0.020756500136570082,-0.002347951678711096,0.009067421559053653,0.2,0.2,0.0,0.2704720760551651,-0.2704720760551651,False
0,163,-0.023305365319723978,-1.5577524965432699,1.630092062531084,1.6385359448800925,-0.004617370260351568,0.0,0.17924349986342994,0.2023479516787111,-0.009067421559053653,-0.3498627245426178,0.582618772983551,-0.816321849822998,-0.5443914532661438,0.7079597115516663,0.05072229728102684,-0.023305365319723978,-1.5577524965432699,1.630092062531084,1.6385359448800925,-0.004617370260351568,0.0,0.17924349986342994,0.2023479516787111,-0.009067421559053653,0.020756500136570082,-0.002347951678711096,0.009067421559053653,0.2,0.2,0.0,0.2704720760551651,-0.2704720760551651,False
0,164,-0.023305365319723978,-1.5577524965432699,1.630092062531084,1.6385359448800925,-0.004617370260351568,0.0,0.17924349986342994,0.2023479516787111,-0.009067421559053653,0.9008424282073975,-0.18814335763454437,0.19077244400978088,-0.7811499834060669,-0.2874354422092438,-0.6703322529792786,-0.023305365319723978,-1.5577524965432699,1.630092062531084,1.6385359448800925,-0.004617370260351568,0.0,0.17924349986342994,0.2023479516787111,-0.009067421559053653,0.020756500136570082,-0.002347951678711096,0.009067421559053653,0.2,0.2,0.0,0.2704720760551651,-0.2704720760551651,False
0,165,-0.023305365319723978,-1.5577524965432699,1.630092062531084,1.6385359448800925,-0.004617370260351568,0.0,0.17924349986342994,0.2023479516787111,-0.009067421559053653,-0.15884944796562195,-0.46270695328712463,0.006883248221129179,0.7482659220695496,0.1188826933503151,0.257209450006485,-0.022617402897429372,-1.5575070302205356,1.6298793604807602,1.6378969943566049,-0.004697647357402965,0.0,0.17924349986342994,0.2023479516787111,-0.009067421559053653,0.020756500136570082,-0.002347951678711096,0.009067421559053653,0.2,0.2,0.0,0.2704720760551651,-0.2704720760551651,False
0,166,-0.022617402897429372,-1.5575070302205356,1.6298793604807602,1.6378969943566049,-0.004697647357402965,0.0,0.17924349986342994,0.2023479516787111,-0.009067421559053653,0.836353600025177,-0.006713080685585737,0.6609863042831421,0.3298732340335846,-0.3381607234477997,0.29676270484924316,-0.022611268578235012,-1.5576170689503994,1.6299219053299647,1.6380979039820318,-0.004689009673013511,0.0,0.17924349986342994,0.2023479516787111,-0.009067421559053653,0.020756500136570082,-0.002347951678711096,0.009067421559053653,0.2,0.2,0.0,0.2704720760551651,-0.2704720760551651,False
0,167,-0.022611268578235012,-1.5576170689503994,1.6299219053299647,1.6380979039820318,-0.004689009673013511,0.0,0.17924349986342994,0.2023479516787111,-0.009067421559053653,-0.6771529912948608,0.7561472058296204,-0.8459551930427551,-0.24645231664180756,0.1983977109193802,0.5250719785690308,-0.022634495439970183,-1.557482253610468,1.629846940984892,1.638090439605837,-0.0046926598109691365,0.0,0.17924349986342994,0.2023479516787111,-0.009067421559053653,0.020756500136570082,-0.002347951678711096,0.009067421559053653,0.2,0.2,0.0,0.2704720760551651,-0.2704720760551651,False
0,168,-0.022634495439970183,-1.557482253610468,1.629846940984892,1.638090439605837,-0.0046926598109691365,0.0,0.17924349986342994,0.2023479516787111,-0.009067421559053653,0.7698190212249756,-0.5322363972663879,0.8326938152313232,-0.003537081414833665,-0.2683974802494049,0.7480666637420654,-0.022621228042876154,-1.557459243940243,1.629848033597125,1.6380610878211608,-0.0047012279058131915,0.0,0.17924349986342994,0.2023479516787111,-0.009067421559053653,0.020756500136570082,-0.002347951678711096,0.009067421559053653,0.2,0.2,0.0,0.2704720760551651,-0.2704720760551651,False
0,169,-0.022621228042876154,-1.557459243940243,1.629848033597125,1.6380610878211608,-0.0047012279058131915,0.0,0.17924349986342994,0.2023479516787111,-0.009067421559053653,0.9198706150054932,-0.956858217716217,0.5285835862159729,-0.42551741003990173,-0.09888728708028793,0.6075226068496704,-0.022376807854649856,-1.557667105550185,1.630056957943673,1.6380101739099973,-0.004759890230069954,0.0,0.17924349986342994,0.2023479516787111,-0.009067421559053653,0.020756500136570082,-0.002347951678711096,0.009067421559053653,0.2,0.2,0.0,0.2704720760551651,-0.2704720760551651,False
0,170,-0.022376807854649856,-1.557667105550185,1.630056957943673,1.6380101739099973,-0.004759890230069954,0.0,0.17924349986342994,0.2023479516787111,-0.009067421559053653,-0.16207967698574066,-0.0996336042881012,0.07519516348838806,-0.14640776813030243,0.3578954339027405,0.09573378413915634,-0.022376807854649856,-1.557667105550185,1.630056957943673,1.6380101739099973,-0.004759890230069954,0.0,0.17924349986342994,0.2023479516787111,-0.009067421559053653,0.020756500136570082,-0.002347951678711096,0.009067421559053653,0.2,0.2,0.0,0.2704720760551651,-0.2704720760551651,False
0,171,-0.022376807854649856,-1.557667105550185,1.630056957943673,1.6380101739099973,-0.004759890230069954,0.0,0.17924349986342994,0.2023479516787111,-0.009067421559053653,-0.12664686143398285,0.750444233417511,-0.541131317615509,0.5447092056274414,-0.5546090006828308,0.5470400452613831,-0.022543216098326345,-1.5578390992488989,1.630177549861504,1.6378022439968554,-0.004304061214995318,0.0,0.17924349986342994,0.2023479516787111,-0.009067421559053653,0.020756500136570082,-0.002347951678711096,0.009067421559053653,0.2,0.2,0.0,0.2704720760551651,-0.2704720760551651,False
0,172,-0.022543216098326345,-1.5578390992488989,1.630177549861504,1.6378022439968554,-0.004304061214995318,0.0,0.17924349986342994,0.2023479516787111,-0.009067421559053653,0.8518517017364502,-0.2267700433731079,0.15391115844249725,0.4272858202457428,0.3766348958015442,-0.053454600274562836,-0.022517865120110905,-1.5578582833157966,1.6301922643524085,1.6378281065265592,-0.004147300886175122,0.0,0.17924349986342994,0.2023479516787111,-0.009067421559053653,0.020756500136570082,-0.002347951678711096,0.009067421559053653,0.2,0.2,0.0,0.2704720760551651,-0.2704720760551651,False
0,173,-0.022517865120110905,-1.5578582833157966,1.6301922643524085,1.6378281065265592,-0.004147300886175122,0.0,0.17924349986342994,0.2023479516787111,-0.009067421559053653,-0.16984327137470245,0.4457329213619232,0.323373943567276,-0.7960150241851807,-0.5342673063278198,0.566408634185791,-0.02239012809729487,-1.5578451877734756,1.6302581430476704,1.6378059853045865,-0.004146112531487036,0.0,0.17924349986342994,0.2023479516787111,-0.009067421559053653,0.020756500136570082,-0.002347951678711096,0.009067421559053653,0.2,0.2,0.0,0.2704720760551651,-0.2704720760551651,False
0,174,-0.02239012809729487,-1.5578451877734756,1.6302581430476704,1.6378059853045865,-0.004146112531487036,0.0,0.17924349986342994,0.2023479516787111,-0.009067421559053653,0.734792947769165,0.2309018075466156,0.27897411584854126,-0.16076451539993286,-0.10186079889535904,0.7423803210258484,-0.022279780810145453,-1.5577528645082668,1.630344193840569,1.6376859268182762,-0.00422584158599255,0.0,0.17924349986342994,0.2023479516787111,-0.009067421559053653,0.020756500136570082,-0.002347951678711096,0.009067421559053653,0.2,0.2,0.0,0.2704720760551651,-0.2704720760551651,False
0,175,-0.022279780810145453,-1.5577528645082668,1.630344193840569,1.6376859268182762,-0.00422584158599255,0.0,0.17924349986342994,0.2023479516787111,-0.009067421559053653,0.23690468072891235,-0.9081364870071411,-0.7002241611480713,0.7626365423202515,-0.05242207273840904,0.49218663573265076,-0.02211040628681879,-1.5577019117020567,1.6304067592563911,1.6376526490223373,-0.0042467822745174974,0.0,0.17924349986342994,0.2023479516787111,-0.009067421559053653,0.020756500136570082,-0.002347951678711096,0.009067421559053653,0.2,0.2,0.0,0.2704720760551651,-0.2704720760551651,False
0,176,-0.02211040628681879,-1.5577019117020567,1.6304067592563911,1.6376526490223373,-0.0042467822745174974,0.0,0.17924349986342994,0.2023479516787111,-0.009067421559053653,-0.17221148312091827,0.7187628149986267,0.23327767848968506,-0.7683616876602173,-0.9394680261611938,0.035401422530412674,-0.02211040628681879,-1.5577019117020567,1.6304067592563911,1.6376526490223373,-0.0042467822745174974,0.0,0.17924349986342994,0.2023479516787111,-0.009067421559053653,0.020756500136570082,-0.002347951678711096,0.009067421559053653,0.2,0.2,0.0,0.2704720760551651,-0.2704720760551651,False
0,177,-0.02211040628681879,-1.5577019117020567,1.6304067592563911,1.6376526490223373,-0.0042467822745174974,0.0,0.17924349986342994,0.2023479516787111,-0.009067421559053653,0.5654152631759644,-0.06676648557186127,-0.7907866835594177,0.32728111743927,0.3417262136936188,-0.8587594628334045,-0.022049948584338237,-1.5579406954132515,1.6301648323057472,1.6378235611247949,-0.004486341194821588,0.0,0.17924349986342994,0.2023479516787111,-0.009067421559053653,0.020756500136570082,-0.002347951678711096,0.009067421559053653,0.2,0.2,0.0,0.2704720760551651,-0.2704720760551651,False
0,178,-0.022049948584338237,-1.5579406954132515,1.6301648323057472,1.6378235611247949,-0.004486341194821588,0.0,0.17924349986342994,0.2023479516787111,-0.009067421559053653,0.3675307333469391,0.41693928837776184,-0.08554424345493317,0.2999214828014374,-0.7983077764511108,0.6586490869522095,-0.02195076644447719,-1.5578702501742223,1.6301039036004936,1.6378960916589738,-0.004607820822250856,0.0,0.17924349986342994,0.2023479516787111,-0.009067421559053653,0.020756500136570082,-0.002347951678711096,0.009067421559053653,0.2,0.2,0.0,0.2704720760551651,-0.2704720760551651,False
0,179,-0.02195076644447719,-1.5578702501742223,1.6301039036004936,1.6378960916589738,-0.004607820822250856,0.0,0.17924349986342994,0.2023479516787111,-0.009067421559053653,0.47112879157066345,0.7500869035720825,0.883053183555603,-0.12946580350399017,-0.4556421637535095,-0.26792141795158386,-0.021831743099634534,-1.557709239064041,1.6301960293493578,1.637931453405511,-0.004798863622352116,0.0,0.17924349986342994,0.2023479516787111,-0.009067421559053653,0.020756500136570082,-0.002347951678711096,0.009067421559053653,0.2,0.2,0.0,0.2704720760551651,-0.2704720760551651,False
0,180,-0.021831743099634534,-1.557709239064041,1.6301960293493578,1.637931453405511,-0.004798863622352116,0.0,0.17924349986342994,0.2023479516787111,-0.009067421559053653,0.7647314071655273,-0.8807799220085144,0.6774967908859253,0.10035104304552078,0.09260547161102295,-0.2166161686182022,-0.021831743099634534,-1.557709239064041,1.6301960293493578,1.637931453405511,-0.004798863622352116,0.0,0.17924349986342994,0.2023479516787111,-0.009067421559053653,0.020756500136570082,-0.002347951678711096,0.009067421559053653,0.2,0.2,0.0,0.2704720760551651,-0.2704720760551651,False
0,181,-0.021831743099634534,-1.557709239064041,1.6301960293493578,1.637931453405511,-0.004798863622352116,0.0,0.17924349986342994,0.2023479516787111,-0.009067421559053653,0.8276975154876709,0.44173333048820496,-0.5979520082473755,-0.7506636381149292,0.2205525040626526,0.17992281913757324,-0.0213415705976412,-1.5581324053565069,1.6306822586133336,1.6379743035994554,-0.004792170775501667,0.0,0.17924349986342994,0.2023479516787111,-0.009067421559053653,0.020756500136570082,-0.002347951678711096,0.009067421559053653,0.2,0.2,0.0,0.2704720760551651,-0.2704720760551651,False
0,182,-0.0213415705976412,-1.5581324053565069,1.6306822586133336,1.6379743035994554,-0.004792170775501667,0.0,0.17924349986342994,0.2023479516787111,-0.009067421559053653,0.376535028219223,-0.5547264814376831,0.4129090905189514,0.9019452333450317,-0.6338874101638794,-0.8213196992874146,-0.019710387204296787,-1.5577226822092596,1.6299257052017242,1.6367724998790478,-0.004389651068234778,0.0,0.17924349986342994,0.2023479516787111,-0.009067421559053653,0.020756500136570082,-0.002347951678711096,0.009067421559053653,0.2,0.2,0.0,0.2704720760551651,-0.2704720760551651,False
0,183,-0.019710387204296787,-1.5577226822092596,1.6299257052017242,1.6367724998790478,-0.004389651068234778,0.0,0.17924349986342994,0.2023479516787111,-0.009067421559053653,0.3138989210128784,0.009586676023900509,0.5548588037490845,0.06773382425308228,0.4376009702682495,-0.7683912515640259,-0.01963544916489765,-1.5577883772301635,1.630043657282378,1.6368913415348583,-0.004413452402571379,0.0,0.17924349986342994,0.2023479516787111,-0.009067421559053653,0.020756500136570082,-0.002347951678711096,0.009067421559053653,0.2,0.2,0.0,0.2704720760551651,-0.2704720760551651,False
0,184,-0.01963544916489765,-1.5577883772301635,1.630043657282378,1.6368913415348583,-0.004413452402571379,0.0,0.17924349986342994,0.2023479516787111,-0.009067421559053653,0.1852351278066635,-0.36547085642814636,0.8508650064468384,0.38818180561065674,0.20264646410942078,-0.392193466424942,-0.019574136800445015,-1.5578735996902486,1.6302756688049762,1.6369633080656567,-0.0043516324156616425,0.0,0.17924349986342994,0.2023479516787111,-0.009067421559053653,0.020756500136570082,-0.002347951678711096,0.009067421559053653,0.2,0.2,0.0,0.2704720760551651,-0.2704720760551651,False
0,185,-0.019574136800445015,-1.5578735996902486,1.6302756688049762,1.6369633080656567,-0.0043516324156616425,0.0,0.17924349986342994,0.2023479516787111,-0.009067421559053653,0.5419377684593201,0.5596740245819092,0.27523478865623474,-0.09257270395755768,-0.38170522451400757,-0.24166476726531982,-0.019373965623085004,-1.557696930113699,1.6304181890086353,1.6369741489649954,-0.00446349431336786,0.0,0.17924349986342994,0.2023479516787111,-0.009067421559053653,0.020756500136570082,-0.002347951678711096,0.009067421559053653,0.2,0.2,0.0,0.2704720760551651,-0.2704720760551651,False
0,186,-0.019373965623085004,-1.557696930113699,1.6304181890086353,1.6369741489649954,-0.00446349431336786,0.0,0.17924349986342994,0.2023479516787111,-0.009067421559053653,-0.18918417394161224,-0.13521341979503632,0.8308147192001343,0.8616657257080078,-0.7728563547134399,0.017037568613886833,-0.01916666605276053,-1.5574808045444495,1.6305206948292175,1.6369369058226733,-0.004610853880291021,0.0,0.17924349986342994,0.2023479516787111,-0.009067421559053653,0.020756500136570082,-0.002347951678711096,0.009067421559053653,0.2,0.2,0.0,0.2704720760551651,-0.2704720760551651,False
0,187,-0.01916666605276053,-1.5574808045444495,1.6305206948292175,1.6369369058226733,-0.004610853880291021,0.0,0.17924349986342994,0.2023479516787111,-0.009067421559053653,-0.1099955216050148,0.7954671382904053,0.8032304644584656,-0.004261862952262163,-0.8247609734535217,-0.19272038340568542,-0.019106385404658283,-1.5574105515440437,1.6306608714151056,1.6370249005433544,-0.004762040794030377,0.0,0.17924349986342994,0.2023479516787111,-0.009067421559053653,0.020756500136570082,-0.002347951678711096,0.009067421559053653,0.2,0.2,0.0,0.2704720760551651,-0.2704720760551651,False
0,188,-0.019106385404658283,-1.5574105515440437,1.6306608714151056,1.6370249005433544,-0.004762040794030377,0.0,0.17924349986342994,0.2023479516787111,-0.009067421559053653,-0.47597038745880127,-0.6900702714920044,0.039267029613256454,0.1832825392484665,0.9249167442321777,0.7010362148284912,-0.019820339548079813,-1.5582164580133127,1.631020174705916,1.637416267887564,-0.0037770105549014177,0.0,0.17924349986342994,0.2023479516787111,-0.009067421559053653,0.020756500136570082,-0.002347951678711096,0.009067421559053653,0.2,0.2,0.0,0.2704720760551651,-0.2704720760551651,False
0,189,-0.019820339548079813,-1.5582164580133127,1.631020174705916,1.637416267887564,-0.0037770105549014177,0.0,0.17924349986342994,0.2023479516787111,-0.009067421559053653,0.5177624821662903,-0.5495676398277283,-0.6914516687393188,0.4473133385181427,-0.45729395747184753,-0.6877018213272095,-0.019820339548079813,-1.5582164580133127,1.631020174705916,1.637416267887564,-0.0037770105549014177,0.0,0.17924349986342994,0.2023479516787111,-0.009067421559053653,0.020756500136570082,-0.002347951678711096,0.009067421559053653,0.2,0.2,0.0,0.2704720760551651,-0.2704720760551651,False
0,190,-0.019820339548079813,-1.5582164580133127,1.631020174705916,1.637416267887564,-0.0037770105549014177,0.0,0.17924349986342994,0.2023479516787111,-0.009067421559053653,0.429749459028244,-0.7911149263381958,-0.8872599601745605,0.17185534536838531,0.38541874289512634,0.7677332162857056,-0.019820339548079813,-1.5582164580133127,1.631020174705916,1.637416267887564,-0.0037770105549014177,0.0,0.17924349986342994,0.2023479516787111,-0.009067421559053653,0.020756500136570082,-0.002347951678711096,0.009067421559053653,0.2,0.2,0.0,0.2704720760551651,-0.2704720760551651,False
0,191,-0.019820339548079813,-1.5582164580133127,1.631020174705916,1.637416267887564,-0.0037770105549014177,0.0,0.17924349986342994,0.2023479516787111,-0.009067421559053653,-0.107365682721138,-0.19483239948749542,-0.8837714791297913,0.10800395905971527,0.7050206065177917,-0.9050043821334839,-0.01898735803236936,-1.5603326686482322,1.6290598552265285,1.6384398832299791,-0.0033974303779743618,0.0,0.17924349986342994,0.2023479516787111,-0.009067421559053653,0.020756500136570082,-0.002347951678711096,0.009067421559053653,0.2,0.2,0.0,0.2704720760551651,-0.2704720760551651,False
0,192,-0.01898735803236936,-1.5603326686482322,1.6290598552265285,1.6384398832299791,-0.0033974303779743618,0.0,0.17924349986342994,0.2023479516787111,-0.009067421559053653,-0.19550025463104248,0.3204253017902374,-0.05696127191185951,0.7448263168334961,0.7324272394180298,0.34214484691619873,-0.01903812089202421,-1.5602893183792068,1.6289559315014863,1.6385809281781627,-0.0031882845784716595,0.0,0.17924349986342994,0.2023479516787111,-0.009067421559053653,0.020756500136570082,-0.002347951678711096,0.009067421559053653,0.2,0.2,0.0,0.2704720760551651,-0.2704720760551651,False
0,193,-0.01903812089202421,-1.5602893183792068,1.6289559315014863,1.6385809281781627,-0.0031882845784716595,0.0,0.17924349986342994,0.2023479516787111,-0.009067421559053653,0.48106974363327026,-0.5981206893920898,0.28628626465797424,0.11652528494596481,-0.22821220755577087,0.2517986297607422,-0.018654773264291335,-1.5607573663087766,1.629191274890678,1.6387576867839022,-0.003303583113604526,0.0,0.17924349986342994,0.2023479516787111,-0.009067421559053653,0.020756500136570082,-0.002347951678711096,0.009067421559053653,0.2,0.2,0.0,0.2704720760551651,-0.2704720760551651,False
0,194,-0.018654773264291335,-1.5607573663087766,1.629191274890678,1.6387576867839022,-0.003303583113604526,0.0,0.17924349986342994,0.2023479516787111,-0.009067421559053653,-0.3478167653083801,-0.2173818051815033,0.2799222469329834,0.1584249883890152,0.8133608102798462,-0.30073311924934387,-0.01795991483553499,-1.5617003036385824,1.6296617293529372,1.6389410667788884,-0.0035668287646566147,0.0,0.17924349986342994,0.2023479516787111,-0.009067421559053653,0.020756500136570082,-0.002347951678711096,0.009067421559053653,0.2,0.2,0.0,0.2704720760551651,-0.2704720760551651,False
0,195,-0.01795991483553499,-1.5617003036385824,1.6296617293529372,1.6389410667788884,-0.0035668287646566147,0.0,0.17924349986342994,0.2023479516787111,-0.009067421559053653,0.7163615226745605,0.14687058329582214,0.8458740711212158,0.5651597380638123,-0.8665059208869934,0.4107138216495514,-0.018003444390747955,-1.5617338983332765,1.6297733870282156,1.6390101481112636,-0.003428044713770953,0.0,0.17924349986342994,0.2023479516787111,-0.009067421559053653,0.020756500136570082,-0.002347951678711096,0.009067421559053653,0.2,0.2,0.0,0.2704720760551651,-0.2704720760551651,False
0,196,-0.018003444390747955,-1.5617338983332765,1.6297733870282156,1.6390101481112636,-0.003428044713770953,0.0,0.17924349986342994,0.2023479516787111,-0.009067421559053653,0.0446542426943779,0.0009536572615616024,-0.7113022804260254,-0.2678432762622833,-0.371706485748291,-0.2399611473083496,-0.017871891772143718,-1.5617076198235358,1.629835604840543,1.6390765462930212,-0.00362610250038683,0.0,0.17924349986342994,0.2023479516787111,-0.009067421559053653,0.020756500136570082,-0.002347951678711096,0.009067421559053653,0.2,0.2,0.0,0.2704720760551651,-0.2704720760551651,False
0,197,-0.017871891772143718,-1.5617076198235358,1.629835604840543,1.6390765462930212,-0.00362610250038683,0.0,0.17924349986342994,0.2023479516787111,-0.009067421559053653,0.3654855191707611,0.5947047472000122,-0.014578613452613354,-0.319778174161911,-0.8639868497848511,-0.3715771436691284,-0.017802711544657436,-1.5616017650005294,1.629749925685358,1.638987889894934,-0.0038214173733600977,0.0,0.17924349986342994,0.2023479516787111,-0.009067421559053653,0.020756500136570082,-0.002347951678711096,0.009067421559053653,0.2,0.2,0.0,0.2704720760551651,-0.2704720760551651,False
0,198,-0.017802711544657436,-1.5616017650005294,1.629749925685358,1.638987889894934,-0.0038214173733600977,0.0,0.17924349986342994,0.2023479516787111,-0.009067421559053653,0.8917830586433411,-0.8298026323318481,0.8732072114944458,-0.7878649830818176,-0.19154492020606995,-0.13084955513477325,-0.017760384425004876,-1.5615328647874607,1.629749213348061,1.6389512147022656,-0.0039210273944241675,0.0,0.17924349986342994,0.2023479516787111,-0.009067421559053653,0.020756500136570082,-0.002347951678711096,0.009067421559053653,0.2,0.2,0.0,0.2704720760551651,-0.2704720760551651,False
0,199,-0.017760384425004876,-1.5615328647874607,1.629749213348061,1.6389512147022656,-0.0039210273944241675,0.0,0.17924349986342994,0.2023479516787111,-0.009067421559053653,0.1887635588645935,-0.4401884377002716,-0.5293046236038208,0.30780717730522156,-0.4742240309715271,-0.7179635763168335,-0.017257269340945253,-1.5619815292985362,1.6301362143913074,1.6385656609607653,-0.004119409445818379,0.0,0.17924349986342994,0.2023479516787111,-0.009067421559053653,0.020756500136570082,-0.002347951678711096,0.009067421559053653,0.2,0.2,0.0,0.2704720760551651,-0.2704720760551651,False
0,200,-0.017257269340945253,-1.5619815292985362,1.6301362143913074,1.6385656609607653,-0.004119409445818379,0.0,0.17924349986342994,0.2023479516787111,-0.009067421559053653,-0.6435882449150085,-0.2560008764266968,-0.20632687211036682,-0.734621524810791,0.0901801735162735,0.08523204922676086,-0.017257269340945253,-1.5619815292985362,1.6301362143913074,1.6385656609607653,-0.004119409445818379,0.0,0.17924349986342994,0.2023479516787111,-0.009067421559053653,0.020756500136570082,-0.002347951678711096,0.009067421559053653,0.2,0.2,0.0,0.2704720760551651,-0.2704720760551651,False
0,201,-0.017257269340945253,-1.5619815292985362,1.6301362143913074,1.6385656609607653,-0.004119409445818379,0.0,0.17924349986342994,0.2023479516787111,-0.009067421559053653,0.2477092742919922,-0.06952414661645889,-0.2993481159210205,0.14712324738502502,-0.48398399353027344,0.049460269510746,-0.017257269340945253,-1.5619815292985362,1.6301362143913074,1.6385656609607653,-0.004119409445818379,0.0,0.17924349986342994,0.2023479516787111,-0.009067421559053653,0.020756500136570082,-0.002347951678711096,0.009067421559053653,0.2,0.2,0.0,0.2704720760551651,-0.2704720760551651,False
0,202,-0.017257269340945253,-1.5619815292985362,1.6301362143913074,1.6385656609607653,-0.004119409445818379,0.0,0.17924349986342994,0.2023479516787111,-0.009067421559053653,0.037589557468891144,-0.7279473543167114,0.7156427502632141,-0.1301361471414566,0.40622055530548096,-0.1172083392739296,-0.017617416098463862,-1.5625350341427617,1.6296534702844194,1.638103708090174,-0.004516432392400071,0.0,0.17924349986342994,0.2023479516787111,-0.009067421559053653,0.020756500136570082,-0.002347951678711096,0.009067421559053653,0.2,0.2,0.0,0.2704720760551651,-0.2704720760551651,False
0,203,-0.017617416098463862,-1.5625350341427617,1.6296534702844194,1.638103708090174,-0.004516432392400071,0.0,0.17924349986342994,0.2023479516787111,-0.009067421559053653,0.4736882746219635,0.7765828967094421,-0.7299372553825378,0.545289933681488,-0.3493821918964386,-0.3114895224571228,-0.01700324635039822,-1.5616084934565877,1.6287213618780956,1.6388253376537856,-0.004962923487114627,0.0,0.17924349986342994,0.2023479516787111,-0.009067421559053653,0.020756500136570082,-0.002347951678711096,0.009067421559053653,0.2,0.2,0.0,0.2704720760551651,-0.2704720760551651,False
0,204,-0.01700324635039822,-1.5616084934565877,1.6287213618780956,1.6388253376537856,-0.004962923487114627,0.0,0.17924349986342994,0.2023479516787111,-0.009067421559053653,0.1732051968574524,0.2457113265991211,-0.27487093210220337,-0.33176758885383606,0.30903661251068115,-0.7506941556930542,-0.016769820989486133,-1.5612212748460068,1.6283641271414802,1.639092236619314,-0.005135594647261923,0.0,0.17924349986342994,0.2023479516787111,-0.009067421559053653,0.020756500136570082,-0.002347951678711096,0.009067421559053653,0.2,0.2,0.0,0.2704720760551651,-0.2704720760551651,False
0,205,-0.016769820989486133,-1.5612212748460068,1.6283641271414802,1.639092236619314,-0.005135594647261923,0.0,0.17924349986342994,0.2023479516787111,-0.009067421559053653,0.8064263463020325,0.43326786160469055,0.8886371850967407,0.09773414582014084,-0.9330565333366394,0.46557387709617615,-0.016676458701219383,-1.5610902728869898,1.628215624513875,1.6388950308179264,-0.004953854584554782,0.0,0.17924349986342994,0.2023479516787111,-0.009067421559053653,0.020756500136570082,-0.002347951678711096,0.009067421559053653,0.2,0.2,0.0,0.2704720760551651,-0.2704720760551651,False
0,206,-0.016676458701219383,-1.5610902728869898,1.628215624513875,1.6388950308179264,-0.004953854584554782,0.0,0.17924349986342994,0.2023479516787111,-0.009067421559053653,-0.42738157510757446,-0.07201414555311203,-0.536247193813324,0.8564985990524292,0.4797675907611847,0.7681822776794434,-0.016191110516607255,-1.5608149089315193,1.628730534272601,1.6389950785246974,-0.0054978566895698185,0.0,0.17924349986342994,0.2023479516787111,-0.009067421559053653,0.020756500136570082,-0.002347951678711096,0.009067421559053653,0.2,0.2,0.0,0.2704720760551651,-0.2704720760551651,False
0,207,-0.016191110516607255,-1.5608149089315193,1.628730534272601,1.6389950785246974,-0.0054978566895698185,0.0,0.17924349986342994,0.2023479516787111,-0.009067421559053653,0.6782650351524353,-0.367937833070755,0.9224337935447693,-0.3976631164550781,-0.7436027526855469,-0.46626490354537964,-0.016322190311401877,-1.5608394939493082,1.6285672121107344,1.6392437217998517,-0.005350629695569003,0.0,0.17924349986342994,0.2023479516787111,-0.009067421559053653,0.020756500136570082,-0.002347951678711096,0.009067421559053653,0.2,0.2,0.0,0.2704720760551651,-0.2704720760551651,False
0,208,-0.016322190311401877,-1.5608394939493082,1.6285672121107344,1.6392437217998517,-0.005350629695569003,0.0,0.17924349986342994,0.2023479516787111,-0.009067421559053653,-0.023054195567965508,-0.8799695372581482,-0.541654109954834,0.2805091142654419,0.20893311500549316,-0.6721829771995544,-0.016269239758672397,-1.5609925323069203,1.628581067057872,1.63927642689704,-0.005386099163738539,0.0,0.17924349986342994,0.2023479516787111,-0.009067421559053653,0.020756500136570082,-0.002347951678711096,0.009067421559053653,0.2,0.2,0.0,0.2704720760551651,-0.2704720760551651,False
0,209,-0.016269239758672397,-1.5609925323069203,1.628581067057872,1.63927642689704,-0.005386099163738539,0.0,0.17924349986342994,0.2023479516787111,-0.009067421559053653,0.6992396116256714,0.7002037167549133,0.9396925568580627,0.5904229879379272,0.9384230375289917,-0.37531954050064087,-0.016189263450496247,-1.561010157600324,1.62862947226317,1.6393797427499857,-0.005248965834527045,0.0,0.17924349986342994,0.2023479516787111,-0.009067421559053653,0.020756500136570082,-0.002347951678711096,0.009067421559053653,0.2,0.2,0.0,0.2704720760551651,-0.2704720760551651,False
0,210,-0.016189263450496247,-1.561010157600324,1.62862947226317,1.6393797427499857,-0.005248965834527045,0.0,0.17924349986342994,0.2023479516787111,-0.009067421559053653,-0.26055607199668884,-0.24889115989208221,-0.33158594369888306,-0.31602048873901367,0.5990800261497498,-0.6244455575942993,-0.016189263450496247,-1.561010157600324,1.62862947226317,1.6393797427499857,-0.005248965834527045,0.0,0.17924349986342994,0.2023479516787111,-0.009067421559053653,0.020756500136570082,-0.002347951678711096,0.009067421559053653,0.2,0.2,0.0,0.2704720760551651,-0.2704720760551651,False
0,211,-0.016189263450496247,-1.561010157600324,1.62862947226317,1.6393797427499857,-0.005248965834527045,0.0,0.17924349986342994,0.2023479516787111,-0.009067421559053653,-0.04895886778831482,-0.47535479068756104,0.3118758797645569,-0.4566101133823395,0.6995798349380493,-0.37590837478637695,-0.016370901219074797,-1.5613075613729048,1.6285111748634244,1.6390294018729077,-0.004529955561923875,0.0,0.17924349986342994,0.2023479516787111,-0.009067421559053653,0.020756500136570082,-0.002347951678711096,0.009067421559053653,0.2,0.2,0.0,0.2704720760551651,-0.2704720760551651,False
0,212,-0.016370901219074797,-1.5613075613729048,1.6285111748634244,1.6390294018729077,-0.004529955561923875,0.0,0.17924349986342994,0.2023479516787111,-0.009067421559053653,0.3535556197166443,0.6224161982536316,-0.7656491994857788,-0.843588650226593,0.4068615138530731,0.2967993915081024,-0.01638473618398564,-1.561463910021998,1.6286184810988327,1.6388801253284526,-0.004303524491376333,0.0,0.17924349986342994,0.2023479516787111,-0.009067421559053653,0.020756500136570082,-0.002347951678711096,0.009067421559053653,0.2,0.2,0.0,0.2704720760551651,-0.2704720760551651,False
0,213,-0.01638473618398564,-1.561463910021998,1.6286184810988327,1.6388801253284526,-0.004303524491376333,0.0,0.17924349986342994,0.2023479516787111,-0.009067421559053653,0.17362700402736664,0.06976420432329178,0.9245395064353943,0.8882638216018677,-0.41970595717430115,0.5903754234313965,-0.01628956782966059,-1.561405549172794,1.6286151436671428,1.6386966951762831,-0.004119231211459724,0.0,0.17924349986342994,0.2023479516787111,-0.009067421559053653,0.020756500136570082,-0.002347951678711096,0.009067421559053653,0.2,0.2,0.0,0.2704720760551651,-0.2704720760551651,False
0,214,-0.01628956782966059,-1.561405549172794,1.6286151436671428,1.6386966951762831,-0.004119231211459724,0.0,0.17924349986342994,0.2023479516787111,-0.009067421559053653,-0.6501837968826294,0.12187191098928452,-0.8946148157119751,0.3222203254699707,-0.7876368761062622,0.43449661135673523,-0.01633806345140142,-1.5613800702062983,1.6286700175407924,1.638891678706974,-0.004287787137102937,0.0,0.17924349986342994,0.2023479516787111,-0.009067421559053653,0.020756500136570082,-0.002347951678711096,0.009067421559053653,0.2,0.2,0.0,0.2704720760551651,-0.2704720760551651,False
0,215,-0.01633806345140142,-1.5613800702062983,1.6286700175407924,1.638891678706974,-0.004287787137102937,0.0,0.17924349986342994,0.2023479516787111,-0.009067421559053653,0.6512892246246338,-0.004445419181138277,0.5088262557983398,0.8099880814552307,-0.47799888253211975,-0.7974861860275269,-0.01622093966275408,-1.561374284992652,1.6287390676174256,1.6391006910510848,-0.004444961649267354,0.0,0.17924349986342994,0.2023479516787111,-0.009067421559053653,0.020756500136570082,-0.002347951678711096,0.009067421559053653,0.2,0.2,0.0,0.2704720760551651,-0.2704720760551651,False
0,216,-0.01622093966275408,-1.561374284992652,1.6287390676174256,1.6391006910510848,-0.004444961649267354,0.0,0.17924349986342994,0.2023479516787111,-0.009067421559053653,-0.3570076525211334,-0.6585314273834229,0.1088302806019783,0.3769557476043701,-0.34187376499176025,-0.4863453507423401,-0.016071574445726242,-1.5613755639579918,1.6288566454802005,1.6392839557020296,-0.0045517787198322045,0.0,0.17924349986342994,0.2023479516787111,-0.009067421559053653,0.020756500136570082,-0.002347951678711096,0.009067421559053653,0.2,0.2,0.0,0.2704720760551651,-0.2704720760551651,False
0,217,-0.016071574445726242,-1.5613755639579918,1.6288566454802005,1.6392839557020296,-0.0045517787198322045,0.0,0.17924349986342994,0.2023479516787111,-0.009067421559053653,0.04850493744015694,0.037303369492292404,0.6102075576782227,0.34150394797325134,0.13926735520362854,-0.62276691198349,-0.016072938253920623,-1.5614491022948773,1.6289698671775221,1.6394121036918528,-0.004600074683540129,0.0,0.17924349986342994,0.2023479516787111,-0.009067421559053653,0.020756500136570082,-0.002347951678711096,0.009067421559053653,0.2,0.2,0.0,0.2704720760551651,-0.2704720760551651,False
0,218,-0.016072938253920623,-1.5614491022948773,1.6289698671775221,1.6394121036918528,-0.004600074683540129,0.0,0.17924349986342994,0.2023479516787111,-0.009067421559053653,-0.22994990646839142,0.14082878828048706,-0.6407092809677124,0.2682676315307617,-0.38085126876831055,0.14789624512195587,-0.016094419479939347,-1.5614270666814491,1.6289636773518377,1.6394829511658757,-0.0046288895579791435,0.0,0.17924349986342994,0.2023479516787111,-0.009067421559053653,0.020756500136570082,-0.002347951678711096,0.009067421559053653,0.2,0.2,0.0,0.2704720760551651,-0.2704720760551651,False
0,219,-0.016094419479939347,-1.5614270666814491,1.6289636773518377,1.6394829511658757,-0.0046288895579791435,0.0,0.17924349986342994,0.2023479516787111,-0.009067421559053653,-0.18273426592350006,-0.5609952211380005,-0.01486384216696024,0.8397971987724304,-0.7119410037994385,-0.4333448112010956,-0.016303951209678834,-1.561932995990097,1.6288447709926603,1.6403171333711093,-0.005361724609985689,0.0,0.17924349986342994,0.2023479516787111,-0.009067421559053653,0.020756500136570082,-0.002347951678711096,0.009067421559053653,0.2,0.2,0.0,0.2704720760551651,-0.2704720760551651,False
0,220,-0.016303951209678834,-1.561932995990097,1.6288447709926603,1.6403171333711093,-0.005361724609985689,0.0,0.17924349986342994,0.2023479516787111,-0.009067421559053653,-0.45333582162857056,0.5435752868652344,-0.2009565234184265,0.18633133172988892,-0.7026366591453552,-0.05630369856953621,-0.016303951209678834,-1.561932995990097,1.6288447709926603,1.6403171333711093,-0.005361724609985689,0.0,0.17924349986342994,0.2023479516787111,-0.009067421559053653,0.020756500136570082,-0.002347951678711096,0.009067421559053653,0.2,0.2,0.0,0.2704720760551651,-0.2704720760551651,False
0,221,-0.016303951209678834,-1.561932995990097,1.6288447709926603,1.6403171333711093,-0.005361724609985689,0.0,0.17924349986342994,0.2023479516787111,-0.009067421559053653,-0.7799497842788696,0.5026297569274902,-0.8726499676704407,0.872157633304596,0.41889119148254395,-0.2046392858028412,-0.016303951209678834,-1.561932995990097,1.6288447709926603,1.6403171333711093,-0.005361724609985689,0.0,0.17924349986342994,0.2023479516787111,-0.009067421559053653,0.020756500136570082,-0.002347951678711096,0.009067421559053653,0.2,0.2,0.0,0.2704720760551651,-0.2704720760551651,False
0,222,-0.016303951209678834,-1.561932995990097,1.6288447709926603,1.6403171333711093,-0.005361724609985689,0.0,0.17924349986342994,0.2023479516787111,-0.009067421559053653,0.07950834184885025,-0.5058181881904602,0.37207308411598206,0.19583453238010406,-0.07816103845834732,-0.9523552060127258,-0.018392765855075384,-1.5616391333628465,1.6277804829910831,1.6431481754782769,-0.006117016505950587,0.0,0.17924349986342994,0.2023479516787111,-0.009067421559053653,0.020756500136570082,-0.002347951678711096,0.009067421559053653,0.2,0.2,0.0,0.2704720760551651,-0.2704720760551651,False
0,223,-0.018392765855075384,-1.5616391333628465,1.6277804829910831,1.6431481754782769,-0.006117016505950587,0.0,0.17924349986342994,0.2023479516787111,-0.009067421559053653,-0.649288535118103,-0.08542899787425995,0.2018861174583435,0.4465223550796509,-0.3035832643508911,-0.7469220161437988,-0.018392765855075384,-1.5616391333628465,1.6277804829910831,1.6431481754782769,-0.006117016505950587,0.0,0.17924349986342994,0.2023479516787111,-0.009067421559053653,0.020756500136570082,-0.002347951678711096,0.009067421559053653,0.2,0.2,0.0,0.2704720760551651,-0.2704720760551651,False
0,224,-0.018392765855075384,-1.5616391333628465,1.6277804829910831,1.6431481754782769,-0.006117016505950587,0.0,0.17924349986342994,0.2023479516787111,-0.009067421559053653,-0.3334319591522217,-0.5075870156288147,-0.27001115679740906,-0.740674614906311,0.17076966166496277,0.7814418077468872,-0.018392765855075384,-1.5616391333628465,1.6277804829910831,1.6431481754782769,-0.006117016505950587,0.0,0.17924349986342994,0.2023479516787111,-0.009067421559053653,0.020756500136570082,-0.002347951678711096,0.009067421559053653,0.2,0.2,0.0,0.2704720760551651,-0.2704720760551651,False
0,225,-0.018392765855075384,-1.5616391333628465,1.6277804829910831,1.6431481754782769,-0.006117016505950587,0.0,0.17924349986342994,0.2023479516787111,-0.009067421559053653,0.1742199808359146,-0.9173362851142883,-0.7119007110595703,0.3608269691467285,0.10305678099393845,0.5698498487472534,-0.018392765855075384,-1.5616391333628465,1.6277804829910831,1.6431481754782769,-0.006117016505950587,0.0,0.17924349986342994,0.2023479516787111,-0.009067421559053653,0.020756500136570082,-0.002347951678711096,0.009067421559053653,0.2,0.2,0.0,0.2704720760551651,-0.2704720760551651,False
0,226,-0.018392765855075384,-1.5616391333628465,1.6277804829910831,1.6431481754782769,-0.006117016505950587,0.0,0.17924349986342994,0.2023479516787111,-0.009067421559053653,-0.012365954928100109,0.6271742582321167,-0.8415170907974243,0.7887783646583557,-0.37133803963661194,-0.36017003655433655,-0.018392765855075384,-1.5616391333628465,1.6277804829910831,1.6431481754782769,-0.006117016505950587,0.0,0.17924349986342994,0.2023479516787111,-0.009067421559053653,0.020756500136570082,-0.002347951678711096,0.009067421559053653,0.2,0.2,0.0,0.2704720760551651,-0.2704720760551651,False
0,227,-0.018392765855075384,-1.5616391333628465,1.6277804829910831,1.6431481754782769,-0.006117016505950587,0.0,0.17924349986342994,0.2023479516787111,-0.009067421559053653,-0.6205978989601135,-0.8910914063453674,-0.06282676011323929,-0.358388215303421,-0.7419904470443726,-0.41498175263404846,-0.018392765855075384,-1.5616391333628465,1.6277804829910831,1.6431481754782769,-0.006117016505950587,0.0,0.17924349986342994,0.2023479516787111,-0.009067421559053653,0.020756500136570082,-0.002347951678711096,0.009067421559053653,0.2,0.2,0.0,0.2704720760551651,-0.2704720760551651,False
0,228,-0.018392765855075384,-1.5616391333628465,1.6277804829910831,1.6431481754782769,-0.006117016505950587,0.0,0.17924349986342994,0.2023479516787111,-0.009067421559053653,0.5237274169921875,0.2776177227497101,0.7486404180526733,0.7285342216491699,0.5839487314224243,0.42406290769577026,-0.018392765855075384,-1.5616391333628465,1.6277804829910831,1.6431481754782769,-0.006117016505950587,0.0,0.17924349986342994,0.2023479516787111,-0.009067421559053653,0.020756500136570082,-0.002347951678711096,0.009067421559053653,0.2,0.2,0.0,0.2704720760551651,-0.2704720760551651,False
0,229,-0.018392765855075384,-1.5616391333628465,1.6277804829910831,1.6431481754782769,-0.006117016505950587,0.0,0.17924349986342994,0.2023479516787111,-0.009067421559053653,0.664188802242279,0.7831984758377075,0.754830002784729,0.15571200847625732,-0.11847846210002899,0.01649225689470768,-0.018392765855075384,-1.5616391333628465,1.6277804829910831,1.6431481754782769,-0.006117016505950587,0.0,0.17924349986342994,0.2023479516787111,-0.009067421559053653,0.020756500136570082,-0.002347951678711096,0.009067421559053653,0.2,0.2,0.0,0.2704720760551651,-0.2704720760551651,False
0,230,-0.018392765855075384,-1.5616391333628465,1.6277804829910831,1.6431481754782769,-0.006117016505950587,0.0,0.17924349986342994,0.2023479516787111,-0.009067421559053653,0.11383742839097977,-0.2978532612323761,-0.8901828527450562,-0.7144185304641724,-0.19343961775302887,-0.031099822372198105,-0.018392765855075384,-1.5616391333628465,1.6277804829910831,1.6431481754782769,-0.006117016505950587,0.0,0.17924349986342994,0.2023479516787111,-0.009067421559053653,0.020756500136570082,-0.002347951678711096,0.009067421559053653,0.2,0.2,0.0,0.2704720760551651,-0.2704720760551651,False
0,231,-0.018392765855075384,-1.5616391333628465,1.6277804829910831,1.6431481754782769,-0.006117016505950587,0.0,0.17924349986342994,0.2023479516787111,-0.009067421559053653,-0.8308454751968384,-0.8876421451568604,0.9358506202697754,0.301662415266037,-0.8585612773895264,0.8550840020179749,-0.018392765855075384,-1.5616391333628465,1.6277804829910831,1.6431481754782769,-0.006117016505950587,0.0,0.17924349986342994,0.2023479516787111,-0.009067421559053653,0.020756500136570082,-0.002347951678711096,0.009067421559053653,0.2,0.2,0.0,0.2704720760551651,-0.2704720760551651,False
0,232,-0.018392765855075384,-1.5616391333628465,1.6277804829910831,1.6431481754782769,-0.006117016505950587,0.0,0.17924349986342994,0.2023479516787111,-0.009067421559053653,0.28244099020957947,-0.23030544817447662,-0.8649774789810181,0.5001751780509949,-0.934341311454773,0.8426674008369446,-0.018392765855075384,-1.5616391333628465,1.6277804829910831,1.6431481754782769,-0.006117016505950587,0.0,0.17924349986342994,0.2023479516787111,-0.009067421559053653,0.020756500136570082,-0.002347951678711096,0.009067421559053653,0.2,0.2,0.0,0.2704720760551651,-0.2704720760551651,False
0,233,-0.018392765855075384,-1.5616391333628465,1.6277804829910831,1.6431481754782769,-0.006117016505950587,0.0,0.17924349986342994,0.2023479516787111,-0.009067421559053653,-0.430904358625412,-0.5236952900886536,0.2552570700645447,0.08001259714365005,-0.3486536145210266,-0.17046286165714264,-0.018392765855075384,-1.5616391333628465,1.6277804829910831,1.6431481754782769,-0.006117016505950587,0.0,0.17924349986342994,0.2023479516787111,-0.009067421559053653,0.020756500136570082,-0.002347951678711096,0.009067421559053653,0.2,0.2,0.0,0.2704720760551651,-0.2704720760551651,False
0,234,-0.018392765855075384,-1.5616391333628465,1.6277804829910831,1.6431481754782769,-0.006117016505950587,0.0,0.17924349986342994,0.2023479516787111,-0.009067421559053653,0.5903814435005188,-0.5166262984275818,-0.7205159664154053,0.948585033416748,0.5828933715820312,-0.017191579565405846,-0.018392765855075384,-1.5616391333628465,1.6277804829910831,1.6431481754782769,-0.006117016505950587,0.0,0.17924349986342994,0.2023479516787111,-0.009067421559053653,0.020756500136570082,-0.002347951678711096,0.009067421559053653,0.2,0.2,0.0,0.2704720760551651,-0.2704720760551651,False
0,235,-0.018392765855075384,-1.5616391333628465,1.6277804829910831,1.6431481754782769,-0.006117016505950587,0.0,0.17924349986342994,0.2023479516787111,-0.009067421559053653,-0.25778231024742126,0.8177439570426941,-0.6870971918106079,0.11892016977071762,0.12645269930362701,-0.8483560085296631,-0.018392765855075384,-1.5616391333628465,1.6277804829910831,1.6431481754782769,-0.006117016505950587,0.0,0.17924349986342994,0.2023479516787111,-0.009067421559053653,0.020756500136570082,-0.002347951678711096,0.009067421559053653,0.2,0.2,0.0,0.2704720760551651,-0.2704720760551651,False
0,236,-0.018392765855075384,-1.5616391333628465,1.6277804829910831,1.6431481754782769,-0.006117016505950587,0.0,0.17924349986342994,0.2023479516787111,-0.009067421559053653,0.3762063980102539,-0.8738710880279541,0.3926582932472229,0.7619537711143494,-0.3670903742313385,-0.6670932769775391,-0.018392765855075384,-1.5616391333628465,1.6277804829910831,1.6431481754782769,-0.006117016505950587,0.0,0.17924349986342994,0.2023479516787111,-0.009067421559053653,0.020756500136570082,-0.002347951678711096,0.009067421559053653,0.2,0.2,0.0,0.2704720760551651,-0.2704720760551651,False
0,237,-0.018392765855075384,-1.5616391333628465,1.6277804829910831,1.6431481754782769,-0.006117016505950587,0.0,0.17924349986342994,0.2023479516787111,-0.009067421559053653,0.7049374580383301,0.9223486185073853,0.556269645690918,-0.5094103813171387,-0.07598380744457245,-0.03868081793189049,-0.018392765855075384,-1.5616391333628465,1.6277804829910831,1.6431481754782769,-0.006117016505950587,0.0,0.17924349986342994,0.2023479516787111,-0.009067421559053653,0.020756500136570082,-0.002347951678711096,0.009067421559053653,0.2,0.2,0.0,0.2704720760551651,-0.2704720760551651,False
0,238,-0.018392765855075384,-1.5616391333628465,1.6277804829910831,1.6431481754782769,-0.006117016505950587,0.0,0.17924349986342994,0.2023479516787111,-0.009067421559053653,-0.7385318279266357,-0.8865121006965637,0.6945927143096924,-0.2957068681716919,0.4524523615837097,-0.6572959423065186,-0.017736707164232004,-1.5608792774787668,1.62767925956495,1.6434445456820308,-0.006492509906672172,0.0,0.17924349986342994,0.2023479516787111,-0.009067421559053653,0.020756500136570082,-0.002347951678711096,0.009067421559053653,0.2,0.2,0.0,0.2704720760551651,-0.2704720760551651,False
0,239,-0.017736707164232004,-1.5608792774787668,1.62767925956495,1.6434445456820308,-0.006492509906672172,0.0,0.17924349986342994,0.2023479516787111,-0.009067421559053653,0.6077920198440552,0.9052861332893372,-0.29205814003944397,0.5127356648445129,-0.10636622458696365,0.5110223293304443,-0.018048177586054325,-1.5612424684692603,1.6279773913566642,1.6433379923168279,-0.006287252171439029,0.0,0.17924349986342994,0.2023479516787111,-0.009067421559053653,0.020756500136570082,-0.002347951678711096,0.009067421559053653,0.2,0.2,0.0,0.2704720760551651,-0.2704720760551651,False
0,240,-0.018048177586054325,-1.5612424684692603,1.6279773913566642,1.6433379923168279,-0.006287252171439029,0.0,0.17924349986342994,0.2023479516787111,-0.009067421559053653,0.4607827663421631,0.5087823271751404,-0.2908640503883362,0.7972400784492493,0.6798944473266602,-0.23312008380889893,-0.018048177586054325,-1.5612424684692603,1.6279773913566642,1.6433379923168279,-0.006287252171439029,0.0,0.17924349986342994,0.2023479516787111,-0.009067421559053653,0.020756500136570082,-0.002347951678711096,0.009067421559053653,0.2,0.2,0.0,0.2704720760551651,-0.2704720760551651,False
0,241,-0.018048177586054325,-1.5612424684692603,1.6279773913566642,1.6433379923168279,-0.006287252171439029,0.0,0.17924349986342994,0.2023479516787111,-0.009067421559053653,0.2703835964202881,0.8524469137191772,0.38868436217308044,0.5086509585380554,0.042154937982559204,0.572222113609314,-0.0178049158580386,-1.5609332059068255,1.627838808077399,1.64366200378289,-0.006107470087962952,0.0,0.17924349986342994,0.2023479516787111,-0.009067421559053653,0.020756500136570082,-0.002347951678711096,0.009067421559053653,0.2,0.2,0.0,0.2704720760551651,-0.2704720760551651,False
0,242,-0.0178049158580386,-1.5609332059068255,1.627838808077399,1.64366200378289,-0.006107470087962952,0.0,0.17924349986342994,0.2023479516787111,-0.009067421559053653,0.18378670513629913,-0.9177291393280029,-0.2207818627357483,-0.62662273645401,0.5799353122711182,-0.5711413025856018,-0.017742098599826985,-1.56096534016361,1.6278194437739808,1.643660925902265,-0.005998368851906095,0.0,0.17924349986342994,0.2023479516787111,-0.009067421559053653,0.020756500136570082,-0.002347951678711096,0.009067421559053653,0.2,0.2,0.0,0.2704720760551651,-0.2704720760551651,False
0,243,-0.017742098599826985,-1.56096534016361,1.6278194437739808,1.643660925902265,-0.005998368851906095,0.0,0.17924349986342994,0.2023479516787111,-0.009067421559053653,0.293570876121521,0.4914988875389099,0.4146645665168762,0.077595055103302,-0.04082713648676872,-0.7643452286720276,-0.017693131186373667,-1.5610970166960314,1.627805347171988,1.6435555299751798,-0.005901175433801007,0.0,0.17924349986342994,0.2023479516787111,-0.009067421559053653,0.020756500136570082,-0.002347951678711096,0.009067421559053653,0.2,0.2,0.0,0.2704720760551651,-0.2704720760551651,False
0,244,-0.017693131186373667,-1.5610970166960314,1.627805347171988,1.6435555299751798,-0.005901175433801007,0.0,0.17924349986342994,0.2023479516787111,-0.009067421559053653,0.35599005222320557,-0.3710552453994751,-0.38488492369651794,0.2759895622730255,-0.012554933317005634,0.7016961574554443,-0.01759973705263092,-1.5610532204983245,1.627832402491622,1.6436035408778762,-0.0059111640450335515,0.0,0.17924349986342994,0.2023479516787111,-0.009067421559053653,0.020756500136570082,-0.002347951678711096,0.009067421559053653,0.2,0.2,0.0,0.2704720760551651,-0.2704720760551651,False
0,245,-0.01759973705263092,-1.5610532204983245,1.627832402491622,1.6436035408778762,-0.0059111640450335515,0.0,0.17924349986342994,0.2023479516787111,-0.009067421559053653,-0.1700085550546646,-0.05163136497139931,-0.24325992166996002,0.38960352540016174,-0.9020237922668457,0.6449226140975952,-0.01758957071249909,-1.561105863061555,1.6277441562971913,1.6437045592246375,-0.0060732770623808325,0.0,0.17924349986342994,0.2023479516787111,-0.009067421559053653,0.020756500136570082,-0.002347951678711096,0.009067421559053653,0.2,0.2,0.0,0.2704720760551651,-0.2704720760551651,False
0,246,-0.01758957071249909,-1.561105863061555,1.6277441562971913,1.6437045592246375,-0.0060732770623808325,0.0,0.17924349986342994,0.2023479516787111,-0.009067421559053653,-0.4995373487472534,-0.2966199517250061,0.22881090641021729,0.4287138283252716,-0.0575576089322567,-0.11281546950340271,-0.01836447462185053,-1.561560469716782,1.6280677812930016,1.6443929017604515,-0.006249279609943939,0.0,0.17924349986342994,0.2023479516787111,-0.009067421559053653,0.020756500136570082,-0.002347951678711096,0.009067421559053653,0.2,0.2,0.0,0.2704720760551651,-0.2704720760551651,False
0,247,-0.01836447462185053,-1.561560469716782,1.6280677812930016,1.6443929017604515,-0.006249279609943939,0.0,0.17924349986342994,0.2023479516787111,-0.009067421559053653,-0.05999027565121651,-0.12016686052083969,-0.617477536201477,0.25083085894584656,-0.36853915452957153,-0.11741320043802261,-0.0186008864168902,-1.5617062246933242,1.6281390919911762,1.6446064759005559,-0.006293452459819596,0.0,0.17924349986342994,0.2023479516787111,-0.009067421559053653,0.020756500136570082,-0.002347951678711096,0.009067421559053653,0.2,0.2,0.0,0.2704720760551651,-0.2704720760551651,False
0,248,-0.0186008864168902,-1.5617062246933242,1.6281390919911762,1.6446064759005559,-0.006293452459819596,0.0,0.17924349986342994,0.2023479516787111,-0.009067421559053653,-0.6880477666854858,0.7192320227622986,0.5290176868438721,0.8446902632713318,0.41463032364845276,0.26364633440971375,-0.018702898345388224,-1.56166604065456,1.6279526718490205,1.6448043432366732,-0.006391344970105704,0.0,0.17924349986342994,0.2023479516787111,-0.009067421559053653,0.020756500136570082,-0.002347951678711096,0.009067421559053653,0.2,0.2,0.0,0.2704720760551651,-0.2704720760551651,False
0,249,-0.018702898345388224,-1.56166604065456,1.6279526718490205,1.6448043432366732,-0.006391344970105704,0.0,0.17924349986342994,0.2023479516787111,-0.009067421559053653,0.7963871359825134,-0.4151627719402313,-0.5015125870704651,0.7094131708145142,-0.733702540397644,0.036831408739089966,-0.018553421884740826,-1.5617234319533224,1.627864720874737,1.6450194953460264,-0.00654095374575291,0.0,0.17924349986342994,0.2023479516787111,-0.009067421559053653,0.020756500136570082,-0.002347951678711096,0.009067421559053653,0.2,0.2,0.0,0.2704720760551651,-0.2704720760551651,False
0,250,-0.018553421884740826,-1.5617234319533224,1.627864720874737,1.6450194953460264,-0.00654095374575291,0.0,0.17924349986342994,0.2023479516787111,-0.009067421559053653,-0.16040253639221191,-0.537651538848877,-0.2774452865123749,-0.7099869251251221,-0.13242743909358978,-0.34970635175704956,-0.018553421884740826,-1.5617234319533224,1.627864720874737,1.6450194953460264,-0.00654095374575291,0.0,0.17924349986342994,0.2023479516787111,-0.009067421559053653,0.020756500136570082,-0.002347951678711096,0.009067421559053653,0.2,0.2,0.0,0.2704720760551651,-0.2704720760551651,False
0,251,-0.018553421884740826,-1.5617234319533224,1.627864720874737,1.6450194953460264,-0.00654095374575291,0.0,0.17924349986342994,0.2023479516787111,-0.009067421559053653,0.10365158319473267,-0.7714400887489319,0.5580348968505859,-0.8809635043144226,0.7961542010307312,0.21957217156887054,-0.01864658725031624,-1.5623540026347715,1.6275097951547206,1.644315458402896,-0.006761050316996272,0.0,0.17924349986342994,0.2023479516787111,-0.009067421559053653,0.020756500136570082,-0.002347951678711096,0.009067421559053653,0.2,0.2,0.0,0.2704720760551651,-0.2704720760551651,False
0,252,-0.01864658725031624,-1.5623540026347715,1.6275097951547206,1.644315458402896,-0.006761050316996272,0.0,0.17924349986342994,0.2023479516787111,-0.009067421559053653,0.0641358271241188,0.5371409058570862,-0.027720853686332703,0.16595828533172607,-0.30074915289878845,-0.47884601354599,-0.018623603806316332,-1.5624542585580354,1.6276095326762026,1.6441741558293737,-0.0066368096099956005,0.0,0.17924349986342994,0.2023479516787111,-0.009067421559053653,0.020756500136570082,-0.002347951678711096,0.009067421559053653,0.2,0.2,0.0,0.2704720760551651,-0.2704720760551651,False
0,253,-0.018623603806316332,-1.5624542585580354,1.6276095326762026,1.6441741558293737,-0.0066368096099956005,0.0,0.17924349986342994,0.2023479516787111,-0.009067421559053653,-0.6710952520370483,0.46008190512657166,-0.3171689212322235,0.5151147246360779,-0.9184210300445557,-0.07012836635112762,-0.01860894016309214,-1.5623261263360622,1.627601200407321,1.6442157505868773,-0.006711288221233838,0.0,0.17924349986342994,0.2023479516787111,-0.009067421559053653,0.020756500136570082,-0.002347951678711096,0.009067421559053653,0.2,0.2,0.0,0.2704720760551651,-0.2704720760551651,False
0,254,-0.01860894016309214,-1.5623261263360622,1.627601200407321,1.6442157505868773,-0.006711288221233838,0.0,0.17924349986342994,0.2023479516787111,-0.009067421559053653,0.6793527603149414,-0.4587688446044922,-0.16465863585472107,0.13927452266216278,-0.3400542140007019,0.6656731963157654,-0.018603568141502894,-1.5622966294413783,1.6275421703933362,1.64430288946421,-0.006877679542710227,0.0,0.17924349986342994,0.2023479516787111,-0.009067421559053653,0.020756500136570082,-0.002347951678711096,0.009067421559053653,0.2,0.2,0.0,0.2704720760551651,-0.2704720760551651,False
0,255,-0.018603568141502894,-1.5622966294413783,1.6275421703933362,1.64430288946421,-0.006877679542710227,0.0,0.17924349986342994,0.2023479516787111,-0.009067421559053653,-0.837249755859375,0.8542234897613525,0.6508164405822754,0.8665809631347656,0.11010462045669556,0.08012206852436066,-0.018624070131291134,-1.5622484236584755,1.627601281583896,1.6444217200765028,-0.006902220200861382,0.0,0.17924349986342994,0.2023479516787111,-0.009067421559053653,0.020756500136570082,-0.002347951678711096,0.009067421559053653,0.2,0.2,0.0,0.2704720760551651,-0.2704720760551651,False
0,256,-0.018624070131291134,-1.5622484236584755,1.627601281583896,1.6444217200765028,-0.006902220200861382,0.0,0.17924349986342994,0.2023479516787111,-0.009067421559053653,-0.6147237420082092,-0.7743657827377319,-0.4851329028606415,0.0464051328599453,-0.08296500891447067,-0.24628615379333496,-0.018624070131291134,-1.5622484236584755,1.627601281583896,1.6444217200765028,-0.006902220200861382,0.0,0.17924349986342994,0.2023479516787111,-0.009067421559053653,0.020756500136570082,-0.002347951678711096,0.009067421559053653,0.2,0.2,0.0,0.2704720760551651,-0.2704720760551651,False
0,257,-0.018624070131291134,-1.5622484236584755,1.627601281583896,1.6444217200765028,-0.006902220200861382,0.0,0.17924349986342994,0.2023479516787111,-0.009067421559053653,-0.26924315094947815,0.02214762382209301,-0.45194628834724426,0.529155433177948,0.11757683753967285,0.036714326590299606,-0.01949494378547012,-1.5620889521754282,1.6277757075779495,1.645010601245259,-0.006869195849533807,0.0,0.17924349986342994,0.2023479516787111,-0.009067421559053653,0.020756500136570082,-0.002347951678711096,0.009067421559053653,0.2,0.2,0.0,0.2704720760551651,-0.2704720760551651,False
0,258,-0.01949494378547012,-1.5620889521754282,1.6277757075779495,1.645010601245259,-0.006869195849533807,0.0,0.17924349986342994,0.2023479516787111,-0.009067421559053653,0.42910486459732056,-0.23957039415836334,-0.25642120838165283,-0.34206533432006836,0.8384621739387512,0.04130683094263077,-0.019466656939376683,-1.5621848483947232,1.6276083844469162,1.6450199812651358,-0.00665514519635512,0.0,0.17924349986342994,0.2023479516787111,-0.009067421559053653,0.020756500136570082,-0.002347951678711096,0.009067421559053653,0.2,0.2,0.0,0.2704720760551651,-0.2704720760551651,False
0,259,-0.019466656939376683,-1.5621848483947232,1.6276083844469162,1.6450199812651358,-0.00665514519635512,0.0,0.17924349986342994,0.2023479516787111,-0.009067421559053653,0.06481476128101349,-0.03193432092666626,0.8314797878265381,-0.16343283653259277,0.6841514110565186,0.4908338487148285,-0.01943027452349566,-1.5622038739067994,1.6277426198159166,1.6449713322314443,-0.0064864167662500825,0.0,0.17924349986342994,0.2023479516787111,-0.009067421559053653,0.020756500136570082,-0.002347951678711096,0.009067421559053653,0.2,0.2,0.0,0.2704720760551651,-0.2704720760551651,False
0,260,-0.01943027452349566,-1.5622038739067994,1.6277426198159166,1.6449713322314443,-0.0064864167662500825,0.0,0.17924349986342994,0.2023479516787111,-0.009067421559053653,0.3051626980304718,-0.28168314695358276,0.6699181795120239,0.5494951605796814,0.3835079073905945,0.17465172708034515,-0.01943027452349566,-1.5622038739067994,1.6277426198159166,1.6449713322314443,-0.0064864167662500825,0.0,0.17924349986342994,0.2023479516787111,-0.009067421559053653,0.020756500136570082,-0.002347951678711096,0.009067421559053653,0.2,0.2,0.0,0.2704720760551651,-0.2704720760551651,False
0,261,-0.01943027452349566,-1.5622038739067994,1.6277426198159166,1.6449713322314443,-0.0064864167662500825,0.0,0.17924349986342994,0.2023479516787111,-0.009067421559053653,-0.21817752718925476,-0.11645503342151642,0.5553313493728638,-0.12847931683063507,0.6102256774902344,-0.6588780879974365,-0.019284578400970295,-1.562328563150426,1.6282934077261548,1.6451419960185862,-0.006104915299121006,0.0,0.17924349986342994,0.2023479516787111,-0.009067421559053653,0.020756500136570082,-0.002347951678711096,0.009067421559053653,0.2,0.2,0.0,0.2704720760551651,-0.2704720760551651,False
0,262,-0.019284578400970295,-1.562328563150426,1.6282934077261548,1.6451419960185862,-0.006104915299121006,0.0,0.17924349986342994,0.2023479516787111,-0.009067421559053653,-0.10381188243627548,-0.513328492641449,-0.29403257369995117,-0.11670080572366714,0.03733900934457779,0.7723998427391052,-0.019306689967791578,-1.5624184535284147,1.6283573772007625,1.6451424000594699,-0.0060097150070929075,0.0,0.17924349986342994,0.2023479516787111,-0.009067421559053653,0.020756500136570082,-0.002347951678711096,0.009067421559053653,0.2,0.2,0.0,0.2704720760551651,-0.2704720760551651,False
0,263,-0.019306689967791578,-1.5624184535284147,1.6283573772007625,1.6451424000594699,-0.0060097150070929075,0.0,0.17924349986342994,0.2023479516787111,-0.009067421559053653,0.22600042819976807,-0.40463563799858093,0.31074845790863037,0.8331334590911865,-0.045137230306863785,-0.758752167224884,-0.019251783832027334,-1.5625955439455657,1.6284144992169682,1.6453742058155074,-0.006019628099730671,0.0,0.17924349986342994,0.2023479516787111,-0.009067421559053653,0.020756500136570082,-0.002347951678711096,0.009067421559053653,0.2,0.2,0.0,0.2704720760551651,-0.2704720760551651,False
0,264,-0.019251783832027334,-1.5625955439455657,1.6284144992169682,1.6453742058155074,-0.006019628099730671,0.0,0.17924349986342994,0.2023479516787111,-0.009067421559053653,0.5713459849357605,-0.596139669418335,0.6156997680664062,0.22660695016384125,-0.6456155180931091,0.6387920379638672,-0.019116109518638843,-1.5628336271013021,1.628602176715915,1.6458725562937717,-0.006046789786107648,0.0,0.17924349986342994,0.2023479516787111,-0.009067421559053653,0.020756500136570082,-0.002347951678711096,0.009067421559053653,0.2,0.2,0.0,0.2704720760551651,-0.2704720760551651,False
0,265,-0.019116109518638843,-1.5628336271013021,1.628602176715915,1.6458725562937717,-0.006046789786107648,0.0,0.17924349986342994,0.2023479516787111,-0.009067421559053653,0.47166648507118225,-0.22545070946216583,0.28631046414375305,-0.008394759148359299,-0.13625368475914001,-0.5124436616897583,-0.018959989863292264,-1.5629639151444343,1.6287435841527533,1.645907617087389,-0.0061768336003238675,0.0,0.17924349986342994,0.2023479516787111,-0.009067421559053653,0.020756500136570082,-0.002347951678711096,0.009067421559053653,0.2,0.2,0.0,0.2704720760551651,-0.2704720760551651,False
0,266,-0.018959989863292264,-1.5629639151444343,1.6287435841527533,1.645907617087389,-0.0061768336003238675,0.0,0.17924349986342994,0.2023479516787111,-0.009067421559053653,0.32884296774864197,-0.5420828461647034,-0.6327842473983765,-0.22902332246303558,0.6589603424072266,0.1073228120803833,-0.018886299231604637,-1.5630217269459379,1.628737948410686,1.6458925717440722,-0.00615211256540801,0.0,0.17924349986342994,0.2023479516787111,-0.009067421559053653,0.020756500136570082,-0.002347951678711096,0.009067421559053653,0.2,0.2,0.0,0.2704720760551651,-0.2704720760551651,False
0,267,-0.018886299231604637,-1.5630217269459379,1.628737948410686,1.6458925717440722,-0.00615211256540801,0.0,0.17924349986342994,0.2023479516787111,-0.009067421559053653,0.6832606196403503,-0.2606756091117859,-0.5376325845718384,0.02304445393383503,0.9149183630943298,-0.15839926898479462,-0.018867087330842237,-1.5630537760648524,1.628700168473544,1.6458789755249874,-0.006112882078476182,0.0,0.17924349986342994,0.2023479516787111,-0.009067421559053653,0.020756500136570082,-0.002347951678711096,0.009067421559053653,0.2,0.2,0.0,0.2704720760551651,-0.2704720760551651,False
0,268,-0.018867087330842237,-1.5630537760648524,1.628700168473544,1.6458789755249874,-0.006112882078476182,0.0,0.17924349986342994,0.2023479516787111,-0.009067421559053653,0.11836684495210648,0.4968850612640381,0.17524310946464539,0.9330253005027771,0.07172690331935883,0.760405421257019,-0.018595843437613824,-1.5632984144634698,1.628357326419116,1.6458067859921428,-0.00567255764260472,0.0,0.17924349986342994,0.2023479516787111,-0.009067421559053653,0.020756500136570082,-0.002347951678711096,0.009067421559053653,0.2,0.2,0.0,0.2704720760551651,-0.2704720760551651,False
0,269,-0.018595843437613824,-1.5632984144634698,1.628357326419116,1.6458067859921428,-0.00567255764260472,0.0,0.17924349986342994,0.2023479516787111,-0.009067421559053653,-0.15997490286827087,0.6118556261062622,0.8660616874694824,0.3056751489639282,-0.37159571051597595,-0.7125180959701538,-0.018570062280676695,-1.563209835524866,1.6284419076048007,1.645899874497982,-0.005662350892073146,0.0,0.17924349986342994,0.2023479516787111,-0.009067421559053653,0.020756500136570082,-0.002347951678711096,0.009067421559053653,0.2,0.2,0.0,0.2704720760551651,-0.2704720760551651,False
0,270,-0.018570062280676695,-1.563209835524866,1.6284419076048007,1.645899874497982,-0.005662350892073146,0.0,0.17924349986342994,0.2023479516787111,-0.009067421559053653,0.7961753010749817,-0.6558130979537964,0.46639901399612427,-0.11390655487775803,-0.7995487451553345,-0.13032929599285126,-0.018570062280676695,-1.563209835524866,1.6284419076048007,1.645899874497982,-0.005662350892073146,0.0,0.17924349986342994,0.2023479516787111,-0.009067421559053653,0.020756500136570082,-0.002347951678711096,0.009067421559053653,0.2,0.2,0.0,0.2704720760551651,-0.2704720760551651,False
0,271,-0.018570062280676695,-1.563209835524866,1.6284419076048007,1.645899874497982,-0.005662350892073146,0.0,0.17924349986342994,0.2023479516787111,-0.009067421559053653,-0.20043231546878815,-0.22032786905765533,-0.40922293066978455,-0.2894476056098938,-0.3563828766345978,0.22147555649280548,-0.018263756652502454,-1.5634089730487248,1.6287291460935014,1.6458867075036834,-0.006030221004954942,0.0,0.17924349986342994,0.2023479516787111,-0.009067421559053653,0.020756500136570082,-0.002347951678711096,0.009067421559053653,0.2,0.2,0.0,0.2704720760551651,-0.2704720760551651,False
0,272,-0.018263756652502454,-1.5634089730487248,1.6287291460935014,1.6458867075036834,-0.006030221004954942,0.0,0.17924349986342994,0.2023479516787111,-0.009067421559053653,-0.3746529519557953,-0.606000542640686,0.744373083114624,-0.5506641268730164,0.411579430103302,0.7033782005310059,-0.01828976574831573,-1.5635427357040967,1.6287935300897132,1.6457804530479618,-0.006065096135756011,0.0,0.17924349986342994,0.2023479516787111,-0.009067421559053653,0.020756500136570082,-0.002347951678711096,0.009067421559053653,0.2,0.2,0.0,0.2704720760551651,-0.2704720760551651,False
0,273,-0.01828976574831573,-1.5635427357040967,1.6287935300897132,1.6457804530479618,-0.006065096135756011,0.0,0.17924349986342994,0.2023479516787111,-0.009067421559053653,-0.6833233833312988,0.8743005990982056,0.23178790509700775,0.7728885412216187,0.3802303075790405,-0.28849688172340393,-0.018416979144306293,-1.5636292869722697,1.628980203653211,1.6457005747885156,-0.005946023226027064,0.0,0.17924349986342994,0.2023479516787111,-0.009067421559053653,0.020756500136570082,-0.002347951678711096,0.009067421559053653,0.2,0.2,0.0,0.2704720760551651,-0.2704720760551651,False
0,274,-0.018416979144306293,-1.5636292869722697,1.628980203653211,1.6457005747885156,-0.005946023226027064,0.0,0.17924349986342994,0.2023479516787111,-0.009067421559053653,-0.045067932456731796,0.4068998098373413,0.3176948130130768,0.5288109183311462,-0.8512843251228333,-0.35685816407203674,-0.018501503050041692,-1.5634775068394247,1.629043868610421,1.6458549672660254,-0.0060040027860048355,0.0,0.17924349986342994,0.2023479516787111,-0.009067421559053653,0.020756500136570082,-0.002347951678711096,0.009067421559053653,0.2,0.2,0.0,0.2704720760551651,-0.2704720760551651,False
0,275,-0.018501503050041692,-1.5634775068394247,1.629043868610421,1.6458549672660254,-0.0060040027860048355,0.0,0.17924349986342994,0.2023479516787111,-0.009067421559053653,0.3480125665664673,0.36008724570274353,0.7310278415679932,-0.5902258157730103,0.3632083535194397,-0.8347176909446716,-0.01846633345721578,-1.5633662683497342,1.6291853882810314,1.6458739290983349,-0.0061079169428722374,0.0,0.17924349986342994,0.2023479516787111,-0.009067421559053653,0.020756500136570082,-0.002347951678711096,0.009067421559053653,0.2,0.2,0.0,0.2704720760551651,-0.2704720760551651,False
0,276,-0.01846633345721578,-1.5633662683497342,1.6291853882810314,1.6458739290983349,-0.0061079169428722374,0.0,0.17924349986342994,0.2023479516787111,-0.009067421559053653,-0.058023545891046524,-0.7433280944824219,0.3728262782096863,-0.10237189382314682,0.29569366574287415,-0.5975704193115234,-0.018412902448294324,-1.5633941690207371,1.6293552461639171,1.6457576566488243,-0.006006609593362506,0.0,0.17924349986342994,0.2023479516787111,-0.009067421559053653,0.020756500136570082,-0.002347951678711096,0.009067421559053653,0.2,0.2,0.0,0.2704720760551651,-0.2704720760551651,False
0,277,-0.018412902448294324,-1.5633941690207371,1.6293552461639171,1.6457576566488243,-0.006006609593362506,0.0,0.17924349986342994,0.2023479516787111,-0.009067421559053653,0.20917075872421265,-0.0964660495519638,-0.3434242904186249,-0.31491798162460327,0.41134801506996155,0.3904348313808441,-0.01838283803875635,-1.563497348021061,1.6293357760556042,1.645690702697509,-0.005899908410267478,0.0,0.17924349986342994,0.2023479516787111,-0.009067421559053653,0.020756500136570082,-0.002347951678711096,0.009067421559053653,0.2,0.2,0.0,0.2704720760551651,-0.2704720760551651,False
0,278,-0.01838283803875635,-1.563497348021061,1.6293357760556042,1.645690702697509,-0.005899908410267478,0.0,0.17924349986342994,0.2023479516787111,-0.009067421559053653,0.5277277827262878,0.6388002634048462,0.9014555811882019,0.1140824481844902,0.015856556594371796,-0.7805679440498352,-0.0182957987503405,-1.5634311194374004,1.629403611629741,1.6456683997319081,-0.005851692080825126,0.0,0.17924349986342994,0.2023479516787111,-0.009067421559053653,0.020756500136570082,-0.002347951678711096,0.009067421559053653,0.2,0.2,0.0,0.2704720760551651,-0.2704720760551651,False
0,279,-0.0182957987503405,-1.5634311194374004,1.629403611629741,1.6456683997319081,-0.005851692080825126,0.0,0.17924349986342994,0.2023479516787111,-0.009067421559053653,-0.6615655422210693,0.008157441392540932,0.917738676071167,0.7879926562309265,0.3868498206138611,-0.5709803700447083,-0.018353312359200385,-1.563356122075921,1.6296712378429672,1.6458223545214266,-0.005781835938194625,0.0,0.17924349986342994,0.2023479516787111,-0.009067421559053653,0.020756500136570082,-0.002347951678711096,0.009067421559053653,0.2,0.2,0.0,0.2704720760551651,-0.2704720760551651,False
0,280,-0.018353312359200385,-1.563356122075921,1.6296712378429672,1.6458223545214266,-0.005781835938194625,0.0,0.17924349986342994,0.2023479516787111,-0.009067421559053653,0.1674792617559433,-0.4985406994819641,0.8747851252555847,-0.24114467203617096,-0.3613624572753906,-0.45848220586776733,-0.018353312359200385,-1.563356122075921,1.6296712378429672,1.6458223545214266,-0.005781835938194625,0.0,0.17924349986342994,0.2023479516787111,-0.009067421559053653,0.020756500136570082,-0.002347951678711096,0.009067421559053653,0.2,0.2,0.0,0.2704720760551651,-0.2704720760551651,False
0,281,-0.018353312359200385,-1.563356122075921,1.6296712378429672,1.6458223545214266,-0.005781835938194625,0.0,0.17924349986342994,0.2023479516787111,-0.009067421559053653,0.5847543478012085,-0.5149540305137634,0.6488737463951111,0.48243248462677,0.5667423009872437,-0.281490683555603,-0.01835925863661695,-1.5635592539458614,1.6301286374966393,1.6458114926638956,-0.005886143185279959,0.0,0.17924349986342994,0.2023479516787111,-0.009067421559053653,0.020756500136570082,-0.002347951678711096,0.009067421559053653,0.2,0.2,0.0,0.2704720760551651,-0.2704720760551651,False
0,282,-0.01835925863661695,-1.5635592539458614,1.6301286374966393,1.6458114926638956,-0.005886143185279959,0.0,0.17924349986342994,0.2023479516787111,-0.009067421559053653,-0.04890914633870125,0.5768836736679077,-0.17317219078540802,0.6043521165847778,0.3167482018470764,0.2013215869665146,-0.018221273808402227,-1.5636785127943778,1.6302769030260236,1.6459260824346715,-0.005750678290294997,0.0,0.17924349986342994,0.2023479516787111,-0.009067421559053653,0.020756500136570082,-0.002347951678711096,0.009067421559053653,0.2,0.2,0.0,0.2704720760551651,-0.2704720760551651,False
0,283,-0.018221273808402227,-1.5636785127943778,1.6302769030260236,1.6459260824346715,-0.005750678290294997,0.0,0.17924349986342994,0.2023479516787111,-0.009067421559053653,-0.2755044996738434,-0.15959711372852325,0.2977956235408783,0.5917904376983643,0.6163426637649536,0.6049354076385498,-0.018264416448030507,-1.5635943205781297,1.6302801523702992,1.646102108282423,-0.0056227442805809,0.0,0.17924349986342994,0.2023479516787111,-0.009067421559053653,0.020756500136570082,-0.002347951678711096,0.009067421559053653,0.2,0.2,0.0,0.2704720760551651,-0.2704720760551651,False
0,284,-0.018264416448030507,-1.5635943205781297,1.6302801523702992,1.646102108282423,-0.0056227442805809,0.0,0.17924349986342994,0.2023479516787111,-0.009067421559053653,0.5741218328475952,0.5549340844154358,0.9420909881591797,-0.8250962495803833,-0.14921219646930695,0.022704647853970528,-0.01832807076561725,-1.5636331696532597,1.6303497416257335,1.6462373317517152,-0.005480908773957387,0.0,0.17924349986342994,0.2023479516787111,-0.009067421559053653,0.020756500136570082,-0.002347951678711096,0.009067421559053653,0.2,0.2,0.0,0.2704720760551651,-0.2704720760551651,False
0,285,-0.01832807076561725,-1.5636331696532597,1.6303497416257335,1.6462373317517152,-0.005480908773957387,0.0,0.17924349986342994,0.2023479516787111,-0.009067421559053653,0.5946522951126099,-0.7190730571746826,-0.8369494080543518,-0.8233057260513306,0.20027180016040802,-0.788794219493866,-0.018035538430001625,-1.5633508689581075,1.630826274074408,1.6458160429198296,-0.0055594502118260485,0.0,0.17961280323615728,0.20217089128366117,-0.009509926206848734,0.020387196763842746,-0.002170891283661172,0.009509926206848734,0.2,0.2,0.0,0.27059982828013807,-0.2731548727795974,False
0,286,-0.018035538430001625,-1.5633508689581075,1.630826274074408,1.6458160429198296,-0.0055594502118260485,0.0,0.17961280323615728,0.20217089128366117,-0.009509926206848734,0.6246521472930908,0.08161015808582306,0.27229201793670654,-0.6568636894226074,-0.6707111597061157,-0.19741079211235046,-0.017481654716215662,-1.5640436662582307,1.630014550168669,1.6450497702955529,-0.005366501503033531,0.0,0.17935381077220972,0.2021578764507891,-0.009636402242513553,0.020646189227790285,-0.0021578764507890653,0.009636402242513553,0.2,0.2,0.0,0.27042273702073505,-0.2668809118326747,False
0,287,-0.017481654716215662,-1.5640436662582307,1.630014550168669,1.6450497702955529,-0.005366501503033531,0.0,0.17935381077220972,0.2021578764507891,-0.009636402242513553,-0.4267275929450989,-0.7150077223777771,0.8513956665992737,-0.48894405364990234,-0.059848275035619736,-0.3525272011756897,-0.017481654716215662,-1.5640436662582307,1.630014550168669,1.6450497702955529,-0.005366501503033531,0.0,0.17927601284744932,0.20210785224870154,-0.009483868649183092,0.020723987152550704,-0.002107852248701518,0.009483868649183092,0.2,0.2,0.0,0.2703283493968339,-0.2684405969188114,False
0,288,-0.017481654716215662,-1.5640436662582307,1.630014550168669,1.6450497702955529,-0.005366501503033531,0.0,0.17927601284744932,0.20210785224870154,-0.009483868649183092,0.7396320104598999,-0.33070844411849976,0.357753187417984,-0.017177904024720192,-0.3645595908164978,-0.81646329164505,-0.017481654716215662,-1.5640436662582307,1.630014550168669,1.6450497702955529,-0.005366501503033531,0.0,0.17925201112949762,0.2020924525540685,-0.009437205059511521,0.020747988870502377,-0.0020924525540684715,0.009437205059511521,0.2,0.2,0.0,0.27029928544600934,-0.2697180064295177,False
0,289,-0.017481654716215662,-1.5640436662582307,1.630014550168669,1.6450497702955529,-0.005366501503033531,0.0,0.17925201112949762,0.2020924525540685,-0.009437205059511521,-0.2679376006126404,0.08383174985647202,0.2907484769821167,0.0431814007461071,0.5087682604789734,-0.2824162542819977,-0.014442968372729991,-1.5635171874603444,1.631517356070761,1.641885495651035,-0.008762538299563381,0.0,0.17920619024574272,0.20206294537626757,-0.00934800925375645,0.020793809754257295,-0.002062945376267565,0.00934800925375645,0.2,0.2,0.0,0.2702437377508203,-0.26913278384703904,False
0,290,-0.014442968372729991,-1.5635171874603444,1.631517356070761,1.641885495651035,-0.008762538299563381,0.0,0.17920619024574272,0.20206294537626757,-0.00934800925375645,-0.104467011988163,0.651250958442688,0.7847557067871094,-0.36450040340423584,0.1222715899348259,0.5516955852508545,-0.014442968372729991,-1.5635171874603444,1.631517356070761,1.641885495651035,-0.008762538299563381,0.0,0.17982507490325395,0.20207339839897168,-0.008636871812607038,0.020174925096746076,-0.0020733983989716523,0.008636871812607038,0.2,0.2,0.0,0.2706387102008466,-0.2785381592013735,False
0,291,-0.014442968372729991,-1.5635171874603444,1.631517356070761,1.641885495651035,-0.008762538299563381,0.0,0.17982507490325395,0.20207339839897168,-0.008636871812607038,-0.22160129249095917,0.15412943065166473,-0.21139194071292877,-0.7811470031738281,0.3148043155670166,0.5964502096176147,-0.014955656872730413,-1.5613087391844274,1.63483036403062,1.6407770466956089,-0.007607349197587151,0.0,0.17982507490325395,0.20207339839897168,-0.008636871812607038,0.020174925096746076,-0.0020733983989716523,0.008636871812607038,0.2,0.2,0.0,0.2706387102008466,-0.2706387102008466,False
0,292,-0.014955656872730413,-1.5613087391844274,1.63483036403062,1.6407770466956089,-0.007607349197587151,0.0,0.17982507490325395,0.20207339839897168,-0.008636871812607038,-0.38033559918403625,0.0348212905228138,0.14047054946422577,-0.38405361771583557,-0.20122270286083221,0.5305386185646057,-0.014955656872730413,-1.5613087391844274,1.63483036403062,1.6407770466956089,-0.007607349197587151,0.0,0.17991655403164605,0.20208028605166656,-0.00845871175652399,0.02008344596835396,-0.0020802860516665363,0.00845871175652399,0.2,0.2,0.0,0.27069901778529887,-0.2719051694743438,False
0,293,-0.014955656872730413,-1.5613087391844274,1.63483036403062,1.6407770466956089,-0.007607349197587151,0.0,0.17991655403164605,0.20208028605166656,-0.00845871175652399,-0.1313636302947998,0.15688997507095337,-0.8544174432754517,0.5128032565116882,0.28229808807373047,-0.2317459136247635,-0.015698153208184722,-1.5596196816787131,1.6361279607098491,1.6384654648239514,-0.006992727947456063,0.0,0.1797613442914109,0.20209050046457688,-0.008506732376031015,0.02023865570858911,-0.002090500464576884,0.008506732376031015,0.2,0.2,0.0,0.27060501801554926,-0.2687250226205571,False
0,294,-0.015698153208184722,-1.5596196816787131,1.6361279607098491,1.6384654648239514,-0.006992727947456063,0.0,0.1797613442914109,0.20209050046457688,-0.008506732376031015,-0.5121970176696777,0.5822486877441406,-0.5890995264053345,-0.6316192150115967,-0.6049530506134033,0.7003439664840698,-0.015879902216605485,-1.5595143811445555,1.6359925823748935,1.6383149668150272,-0.0071381939533124925,0.0,0.17974464616501457,0.20209762769403639,-0.008503503896190572,0.020255353834985435,-0.002097627694036387,0.008503503896190572,0.2,0.2,0.0,0.27059914730659473,-0.27048173312750423,False
0,295,-0.015879902216605485,-1.5595143811445555,1.6359925823748935,1.6383149668150272,-0.0071381939533124925,0.0,0.17974464616501457,0.20209762769403639,-0.008503503896190572,0.3313567340373993,-0.9399871230125427,0.7674044966697693,0.5052469372749329,0.567778468132019,0.021305764093995094,-0.016175360152110487,-1.5592772031048092,1.6357206182205142,1.637965988286672,-0.007457257589477227,0.0,0.1796551552813877,0.20211333347207966,-0.008552554805609767,0.0203448447186123,-0.0021133334720796577,0.008552554805609767,0.2,0.2,0.0,0.270552990336604,-0.26962985093678965,False
0,296,-0.016175360152110487,-1.5592772031048092,1.6357206182205142,1.637965988286672,-0.007457257589477227,0.0,0.1796551552813877,0.20211333347207966,-0.008552554805609767,-0.14391489326953888,0.04681848734617233,0.773790717124939,0.6690506935119629,0.39932170510292053,-0.5429524183273315,-0.016059263699066354,-1.5596604861889585,1.6361806266230712,1.6383005631903311,-0.007145844250315687,0.0,0.17971494178001218,0.2021060625086694,-0.008502450458748052,0.02028505821998784,-0.002106062508669387,0.008502450458748052,0.2,0.2,0.0,0.27058568414747075,-0.27123956036480545,False
0,297,-0.016059263699066354,-1.5596604861889585,1.6361806266230712,1.6383005631903311,-0.007145844250315687,0.0,0.17971494178001218,0.2021060625086694,-0.008502450458748052,0.5029386281967163,-0.8945603966712952,-0.9459513425827026,-0.3716927170753479,-0.24941085278987885,0.7016739845275879,-0.016073633876675354,-1.5597776742310516,1.636544238744906,1.638696703157625,-0.0069173508370305335,0.0,0.17985288163747437,0.20210678686241798,-0.008429437124350708,0.02014711836252565,-0.002106786862417967,0.008429437124350708,0.2,0.2,0.0,0.27067557654762203,-0.27247342455064766,False
0,298,-0.016073633876675354,-1.5597776742310516,1.636544238744906,1.638696703157625,-0.0069173508370305335,0.0,0.17985288163747437,0.20210678686241798,-0.008429437124350708,-0.5804167985916138,-0.41394996643066406,-0.07676459848880768,0.12277981638908386,-0.13400031626224518,0.858200192451477,-0.01597342341937824,-1.5602130945238508,1.6361407374910109,1.638561531359577,-0.007046275167594131,0.0,0.17971371352424673,0.20210394972167292,-0.00851828957752315,0.020286286475753274,-0.002103949721672912,0.00851828957752315,0.2,0.2,0.0,0.2705837884632079,-0.26874802677492543,False
0,299,-0.01597342341937824,-1.5602130945238508,1.6361407374910109,1.638561531359577,-0.007046275167594131,0.0,0.17971371352424673,0.20210394972167292,-0.00851828957752315,-0.01842551678419113,0.39742669463157654,0.7648390531539917,0.4192982316017151,-0.5154507756233215,0.5616898536682129,-0.016559832586973394,-1.5605880533432854,1.6361245330397325,1.6387146903262786,-0.007206742777821891,0.0,0.17971371352424673,0.20210394972167292,-0.00851828957752315,0.020286286475753274,-0.002103949721672912,0.00851828957752315,0.2,0.2,0.0,0.2705837884632079,-0.2705837884632079,False
0,300,-0.016559832586973394,-1.5605880533432854,1.6361245330397325,1.6387146903262786,-0.007206742777821891,0.0,0.17971371352424673,0.20210394972167292,-0.00851828957752315,-0.3686728775501251,-0.02157018706202507,-0.5833335518836975,0.7133294343948364,-0.8275830149650574,0.24232244491577148,-0.016559832586973394,-1.5605880533432854,1.6361245330397325,1.6387146903262786,-0.007206742777821891,0.0,0.17989795263902428,0.20220435681700905,-0.009151128203492995,0.020102047360975744,-0.0022043568170090223,0.009151128203492995,0.2,0.2,0.0,0.2708018065428842,-0.27516216813641037,False
0,301,-0.016559832586973394,-1.5605880533432854,1.6361245330397325,1.6387146903262786,-0.007206742777821891,0.0,0.17989795263902428,0.20220435681700905,-0.009151128203492995,-0.23631414771080017,0.6598361134529114,-0.40312299132347107,0.9194519519805908,-0.6375272274017334,-0.14830367267131805,-0.016559832586973394,-1.5605880533432854,1.6361245330397325,1.6387146903262786,-0.007206742777821891,0.0,0.17989739421896378,0.20221719630111326,-0.00926355901896703,0.02010260578103624,-0.002217196301113258,0.00926355901896703,0.2,0.2,0.0,0.27081484533229366,-0.2710756211204826,False
0,302,-0.016559832586973394,-1.5605880533432854,1.6361245330397325,1.6387146903262786,-0.007206742777821891,0.0,0.17989739421896378,0.20221719630111326,-0.00926355901896703,0.4431607723236084,-0.6106530427932739,-0.5651865005493164,0.13406972587108612,0.9402689337730408,-0.7000436782836914,-0.01959846132862799,-1.560435165701223,1.6319289558090375,1.644931464073005,-0.014443088397729996,0.0,0.17998694332455867,0.20222125142823566,-0.009308653389802305,0.020013056675441353,-0.002221251428235656,0.009308653389802305,0.2,0.2,0.0,0.2708789126610838,-0.2721602592368871,False
0,303,-0.01959846132862799,-1.560435165701223,1.6319289558090375,1.644931464073005,-0.014443088397729996,0.0,0.17998694332455867,0.20222125142823566,-0.009308653389802305,-0.5556688904762268,0.23996078968048096,0.28254950046539307,-0.4544751048088074,-0.7494146227836609,0.5346851944923401,-0.0206845014134022,-1.558936577714143,1.6315392696428146,1.6459511107106257,-0.016406554830834464,0.0,0.18009278984330282,0.2022866984848891,-0.009119674316148161,0.01990721015669718,-0.0022866984848890696,0.009119674316148161,0.2,0.2,0.0,0.27099167846465894,-0.27324699453616114,False
0,304,-0.0206845014134022,-1.558936577714143,1.6315392696428146,1.6459511107106257,-0.016406554830834464,0.0,0.18009278984330282,0.2022866984848891,-0.009119674316148161,0.6384493112564087,0.08746755868196487,0.16915059089660645,-0.3972509801387787,-0.7238612771034241,-0.44684088230133057,-0.02084034168118229,-1.5588795753582094,1.6316279313508606,1.6458045717115042,-0.016611744546488755,0.0,0.18009278984330282,0.2022866984848891,-0.009119674316148161,0.01990721015669718,-0.0022866984848890696,0.009119674316148161,0.2,0.2,0.0,0.27099167846465894,-0.27099167846465894,False
0,305,-0.02084034168118229,-1.5588795753582094,1.6316279313508606,1.6458045717115042,-0.016611744546488755,0.0,0.18009278984330282,0.2022866984848891,-0.009119674316148161,-0.014775191433727741,-0.8826403617858887,0.9035104513168335,0.653183102607727,0.8187558650970459,-0.46409547328948975,-0.022269155430602185,-1.5584444503057941,1.6325798578096864,1.6444818282300924,-0.018485361561909972,0.0,0.18011890184107363,0.2022933901340131,-0.009066558383424003,0.019881098158926386,-0.0022933901340130725,0.009066558383424003,0.2,0.2,0.0,0.2710122450614849,-0.27142357699800446,False
0,306,-0.022269155430602185,-1.5584444503057941,1.6325798578096864,1.6444818282300924,-0.018485361561909972,0.0,0.18011890184107363,0.2022933901340131,-0.009066558383424003,0.2003318965435028,-0.3910525143146515,0.24302895367145538,-0.12900856137275696,-0.570540189743042,-0.3461270332336426,-0.022216371937111564,-1.5589882446564598,1.633083574889124,1.6448270010217132,-0.018122091832046484,0.0,0.18011890184107363,0.2022933901340131,-0.009066558383424003,0.019881098158926386,-0.0022933901340130725,0.009066558383424003,0.2,0.2,0.0,0.2710122450614849,-0.2710122450614849,False
0,307,-0.022216371937111564,-1.5589882446564598,1.633083574889124,1.6448270010217132,-0.018122091832046484,0.0,0.18011890184107363,0.2022933901340131,-0.009066558383424003,0.8510940074920654,0.7537063360214233,0.844886839389801,-0.04049509018659592,-0.8250012397766113,-0.6033927202224731,-0.021880574740136848,-1.558914930852488,1.63342772490505,1.6447562475118633,-0.01860905157845665,0.0,0.18016034277210466,0.20228983448648566,-0.009023246812572303,0.019839657227895355,-0.002289834486485635,0.009023246812572303,0.2,0.2,0.0,0.27103568995129146,-0.27150458774742237,False
0,308,-0.021880574740136848,-1.558914930852488,1.63342772490505,1.6447562475118633,-0.01860905157845665,0.0,0.18016034277210466,0.20228983448648566,-0.009023246812572303,-0.31698647141456604,0.7832858562469482,0.34206220507621765,0.7393698692321777,0.41650620102882385,-0.6564387679100037,-0.021592851441203733,-1.558465422829094,1.6338309823696113,1.6448734283902704,-0.018865602594702935,0.0,0.1802760924274144,0.20226708967652274,-0.008914350597975601,0.01972390757258561,-0.0022670896765227266,0.008914350597975601,0.2,0.2,0.0,0.2710920705474282,-0.27221968247016254,False
0,309,-0.021592851441203733,-1.558465422829094,1.6338309823696113,1.6448734283902704,-0.018865602594702935,0.0,0.1802760924274144,0.20226708967652274,-0.008914350597975601,0.03455284237861633,0.6488022804260254,-0.3879472315311432,0.610706627368927,0.5963771343231201,-0.14084652066230774,-0.021818357346973696,-1.5575036721420203,1.6338465821949988,1.6457886011242795,-0.018191371647365697,0.0,0.18046627415782412,0.20227270845311335,-0.008860101333823974,0.01953372584217588,-0.0022727084531133403,0.008860101333823974,0.2,0.2,0.0,0.2712209912396361,-0.2737994050837948,False
0,310,-0.021818357346973696,-1.5575036721420203,1.6338465821949988,1.6457886011242795,-0.018191371647365697,0.0,0.18046627415782412,0.20227270845311335,-0.008860101333823974,-0.27929314970970154,0.470802903175354,0.33907032012939453,0.38864293694496155,0.3454432487487793,0.21872477233409882,-0.021818357346973696,-1.5575036721420203,1.6338465821949988,1.6457886011242795,-0.018191371647365697,0.0,0.18312891489885627,0.20236100121015052,-0.007921530337502786,0.01687108510114374,-0.0023610012101505087,0.007921530337502786,0.2,0.2,0.0,0.2730364900992083,-0.3093464672906515,False
0,311,-0.021818357346973696,-1.5575036721420203,1.6338465821949988,1.6457886011242795,-0.018191371647365697,0.0,0.18312891489885627,0.20236100121015052,-0.007921530337502786,0.23553702235221863,-0.5940909385681152,-0.9477400779724121,-0.0009168235119432211,-0.8993173241615295,-0.3940342366695404,-0.02836095089781581,-1.5460095830672447,1.6415612056203095,1.6553249495408668,-0.009675663239898553,0.0,0.183731016158263,0.20238174946756915,-0.007649968319853252,0.016268983841737004,-0.0023817494675691447,0.007649968319853252,0.2,0.2,0.0,0.2734483147349725,-0.281684807450257,False
0,312,-0.02836095089781581,-1.5460095830672447,1.6415612056203095,1.6553249495408668,-0.009675663239898553,0.0,0.183731016158263,0.20238174946756915,-0.007649968319853252,-0.8636440634727478,0.9119011759757996,0.39148956537246704,0.03127892315387726,-0.4714559018611908,-0.6242831945419312,-0.02836095089781581,-1.5460095830672447,1.6415612056203095,1.6553249495408668,-0.009675663239898553,0.0,0.18230049270063242,0.20235764935415573,-0.008597206023710433,0.017699507299367593,-0.002357649354155729,0.008597206023710433,0.2,0.2,0.0,0.27249954099492885,-0.2535240661940558,False
0,313,-0.02836095089781581,-1.5460095830672447,1.6415612056203095,1.6553249495408668,-0.009675663239898553,0.0,0.18230049270063242,0.20235764935415573,-0.008597206023710433,0.4423140585422516,-0.00025213509798049927,0.820970892906189,0.18693287670612335,0.052288781851530075,-0.6907645463943481,-0.026984217879025302,-1.5490444420122536,1.637778435063757,1.6544007505120932,-0.013419684900285575,0.0,0.18230049270063242,0.20235764935415573,-0.008597206023710433,0.017699507299367593,-0.002357649354155729,0.008597206023710433,0.2,0.2,0.0,0.27249954099492885,-0.27249954099492885,False
0,314,-0.026984217879025302,-1.5490444420122536,1.637778435063757,1.6544007505120932,-0.013419684900285575,0.0,0.18230049270063242,0.20235764935415573,-0.008597206023710433,0.4484374523162842,-0.7407733201980591,-0.336779922246933,-0.2397656887769699,-0.72635817527771,0.023953206837177277,-0.02630862868792817,-1.5506632684711041,1.6357563830127926,1.65380076151126,-0.01579319667575007,0.0,0.18235222346756944,0.20236226556754938,-0.008560670260420192,0.01764777653243058,-0.002362265567549363,0.008560670260420192,0.2,0.2,0.0,0.27253642876596407,-0.2732741841866685,False
0,315,-0.02630862868792817,-1.5506632684711041,1.6357563830127926,1.65380076151126,-0.01579319667575007,0.0,0.18235222346756944,0.20236226556754938,-0.008560670260420192,-0.5321770310401917,-0.6841222047805786,0.15296311676502228,0.5476392507553101,-0.8976031541824341,-0.527464747428894,-0.02624305979654764,-1.5512280829861966,1.6356601208052812,1.6538481381442893,-0.016400747824719307,0.0,0.18227537718778752,0.20235902161204855,-0.00859701940083418,0.0177246228122125,-0.0023590216120485535,0.00859701940083418,0.2,0.2,0.0,0.2724837527253947,-0.2714302319140076,False
0,316,-0.02624305979654764,-1.5512280829861966,1.6356601208052812,1.6538481381442893,-0.016400747824719307,0.0,0.18227537718778752,0.20235902161204855,-0.00859701940083418,-0.6553875207901001,0.46708884835243225,-0.673649787902832,0.28080853819847107,0.0558948777616024,0.7045966982841492,-0.026604076684901567,-1.5512152008267894,1.6354556489899574,1.6540755247713201,-0.016584191737016432,0.0,0.18228039273950208,0.20237123782211625,-0.00863092059574894,0.017719607260497938,-0.002371237822116241,0.00863092059574894,0.2,0.2,0.0,0.27249725184899165,-0.2727672343209304,False
0,317,-0.026604076684901567,-1.5512152008267894,1.6354556489899574,1.6540755247713201,-0.016584191737016432,0.0,0.18228039273950208,0.20237123782211625,-0.00863092059574894,-0.3790838420391083,-0.14829517900943756,0.4671028256416321,0.8640313148498535,-0.016136109828948975,-0.21468476951122284,-0.026604076684901567,-1.5512152008267894,1.6354556489899574,1.6540755247713201,-0.016584191737016432,0.0,0.1822875994264331,0.20263890673498697,-0.009752465641234997,0.01771240057356691,-0.0026389067349869696,0.009752465641234997,0.2,0.2,0.0,0.2727387138150467,-0.27756795313614807,False
0,318,-0.026604076684901567,-1.5512152008267894,1.6354556489899574,1.6540755247713201,-0.016584191737016432,0.0,0.1822875994264331,0.20263890673498697,-0.009752465641234997,0.7974542379379272,-0.11896893382072449,-0.7551140785217285,0.2082197219133377,0.45393106341362,0.38160616159439087,-0.026604076684901567,-1.5512152008267894,1.6354556489899574,1.6540755247713201,-0.016584191737016432,0.0,0.18344490307496966,0.20257596032430883,-0.009174388868503039,0.016555096925030346,-0.0025759603243088233,0.009174388868503039,0.2,0.2,0.0,0.27344692643474977,-0.2876111788288108,False
0,319,-0.026604076684901567,-1.5512152008267894,1.6354556489899574,1.6540755247713201,-0.016584191737016432,0.0,0.18344490307496966,0.20257596032430883,-0.009174388868503039,-0.2996409237384796,0.5464903116226196,-0.8722864389419556,-0.17884880304336548,-0.1271783858537674,0.3906135857105255,-0.026604076684901567,-1.5512152008267894,1.6354556489899574,1.6540755247713201,-0.016584191737016432,0.0,0.18233049155243577,0.20233673658336127,-0.010027626833607282,0.017669508447564243,-0.002336736583361262,0.010027626833607282,0.2,0.2,0.0,0.272552960763356,-0.2546736473354806,False
0,320,-0.026604076684901567,-1.5512152008267894,1.6354556489899574,1.6540755247713201,-0.016584191737016432,0.0,0.18233049155243577,0.20233673658336127,-0.010027626833607282,0.2731083929538727,0.5100709199905396,0.724135160446167,-0.7260029911994934,0.2782337963581085,-0.6341128945350647,-0.026604076684901567,-1.5512152008267894,1.6354556489899574,1.6540755247713201,-0.016584191737016432,0.0,0.1817724523692159,0.2024000603885658,-0.009022886836153463,0.018227547630784102,-0.0024000603885657905,0.009022886836153463,0.2,0.2,0.0,0.27219188336993444,-0.26497033550150323,False
0,321,-0.026604076684901567,-1.5512152008267894,1.6354556489899574,1.6540755247713201,-0.016584191737016432,0.0,0.1817724523692159,0.2024000603885658,-0.009022886836153463,-0.018620215356349945,0.847963809967041,0.9149160385131836,-0.41636326909065247,-0.5748975276947021,0.3531991243362427,-0.026604076684901567,-1.5512152008267894,1.6354556489899574,1.6540755247713201,-0.016584191737016432,0.0,0.18198048334947717,0.20237000188839868,-0.008607606101117406,0.018019516650522836,-0.0023700018883986637,0.008607606101117406,0.2,0.2,0.0,0.2722950694875172,-0.2743587918391723,False
0,322,-0.026604076684901567,-1.5512152008267894,1.6354556489899574,1.6540755247713201,-0.016584191737016432,0.0,0.18198048334947717,0.20237000188839868,-0.008607606101117406,0.7522367835044861,0.44257134199142456,0.466007798910141,-0.2851526737213135,-0.2589889168739319,0.657764196395874,-0.026604076684901567,-1.5512152008267894,1.6354556489899574,1.6540755247713201,-0.016584191737016432,0.0,0.18248668809792998,0.20235300202492948,-0.008040742362695651,0.017513311902070033,-0.002353002024929466,0.008040742362695651,0.2,0.2,0.0,0.27260370925428645,-0.2787765045896716,False
0,323,-0.026604076684901567,-1.5512152008267894,1.6354556489899574,1.6540755247713201,-0.016584191737016432,0.0,0.18248668809792998,0.20235300202492948,-0.008040742362695651,0.3719711899757385,0.7165073156356812,0.5158025622367859,0.7767647504806519,0.5668834447860718,-0.8474349975585938,-0.026119628606406674,-1.538522717753174,1.6345993679645257,1.6457816510105687,-0.01450678962093491,0.0,0.18336084339197795,0.20229041311688045,-0.007718693504249904,0.016639156608022065,-0.0022904131168804288,0.007718693504249904,0.2,0.2,0.0,0.2731340117192075,-0.28374006101762805,False
0,324,-0.026119628606406674,-1.538522717753174,1.6345993679645257,1.6457816510105687,-0.01450678962093491,0.0,0.18336084339197795,0.20229041311688045,-0.007718693504249904,-0.2969253659248352,-0.2829410433769226,0.8341020345687866,-0.6194697618484497,0.0048535531386733055,0.525766909122467,-0.024927377876730966,-1.536903540818822,1.6380320528866308,1.6485429934008382,-0.01435623094179174,0.0,0.18336084339197795,0.20229041311688045,-0.007718693504249904,0.016639156608022065,-0.0022904131168804288,0.007718693504249904,0.2,0.2,0.0,0.2731340117192075,-0.2731340117192075,False
0,325,-0.024927377876730966,-1.536903540818822,1.6380320528866308,1.6485429934008382,-0.01435623094179174,0.0,0.18336084339197795,0.20229041311688045,-0.007718693504249904,-0.30364862084388733,0.550919771194458,-0.6006450057029724,-0.2039220929145813,-0.07443850487470627,0.32881560921669006,-0.024927377876730966,-1.536903540818822,1.6380320528866308,1.6485429934008382,-0.01435623094179174,0.0,0.18340668406575872,0.2023175481105679,-0.007403047948152719,0.0165933159342413,-0.0023175481105678778,0.007403047948152719,0.2,0.2,0.0,0.27317614674856155,-0.274018847335643,False
0,326,-0.024927377876730966,-1.536903540818822,1.6380320528866308,1.6485429934008382,-0.01435623094179174,0.0,0.18340668406575872,0.2023175481105679,-0.007403047948152719,0.047692954540252686,-0.5032017827033997,-0.30558034777641296,0.34870079159736633,0.27780282497406006,-0.6722490191459656,-0.024927377876730966,-1.536903540818822,1.6380320528866308,1.6485429934008382,-0.01435623094179174,0.0,0.18280269117781564,0.20241128133064784,-0.008152539896999877,0.01719730882218437,-0.0024112813306478307,0.008152539896999877,0.2,0.2,0.0,0.2728618966043787,-0.26657689372072174,False
0,327,-0.024927377876730966,-1.536903540818822,1.6380320528866308,1.6485429934008382,-0.01435623094179174,0.0,0.18280269117781564,0.20241128133064784,-0.008152539896999877,0.3309841454029083,-0.022638415917754173,-0.856489896774292,-0.05545547604560852,0.323405385017395,0.44078218936920166,-0.024927377876730966,-1.536903540818822,1.6380320528866308,1.6485429934008382,-0.01435623094179174,0.0,0.18280269117781564,0.20241128133064784,-0.008152539896999877,0.01719730882218437,-0.0024112813306478307,0.008152539896999877,0.2,0.2,0.0,0.2728618966043787,-0.2728618966043787,False
0,328,-0.024927377876730966,-1.536903540818822,1.6380320528866308,1.6485429934008382,-0.01435623094179174,0.0,0.18280269117781564,0.20241128133064784,-0.008152539896999877,0.4763489067554474,-0.7037259340286255,-0.6636310815811157,0.3211415410041809,0.5738282203674316,0.04831881821155548,-0.024927377876730966,-1.536903540818822,1.6380320528866308,1.6485429934008382,-0.01435623094179174,0.0,0.18275116023586804,0.20241838309284982,-0.00821800562095926,0.01724883976413198,-0.002418383092849815,0.00821800562095926,0.2,0.2,0.0,0.2728346092376584,-0.27228886190325224,False
0,329,-0.024927377876730966,-1.536903540818822,1.6380320528866308,1.6485429934008382,-0.01435623094179174,0.0,0.18275116023586804,0.20241838309284982,-0.00821800562095926,0.12386330962181091,0.6684616208076477,-0.4311136305332184,0.5468240976333618,-0.14401011168956757,0.24422329664230347,-0.024927377876730966,-1.536903540818822,1.6380320528866308,1.6485429934008382,-0.01435623094179174,0.0,0.18275116023586804,0.20241838309284982,-0.00821800562095926,0.01724883976413198,-0.002418383092849815,0.00821800562095926,0.2,0.2,0.0,0.2728346092376584,-0.2728346092376584,False
0,330,-0.024927377876730966,-1.536903540818822,1.6380320528866308,1.6485429934008382,-0.01435623094179174,0.0,0.18275116023586804,0.20241838309284982,-0.00821800562095926,-0.8474619388580322,-0.7693637013435364,0.5827192068099976,-0.251810222864151,-0.17230254411697388,0.7249018549919128,-0.024927377876730966,-1.536903540818822,1.6380320528866308,1.6485429934008382,-0.01435623094179174,0.0,0.18275178563972033,0.20245657600150244,-0.008078474669029088,0.017248214360279682,-0.0024565760015024347,0.008078474669029088,0.2,0.2,0.0,0.2728591982575199,-0.27335097865475033,False
0,331,-0.024927377876730966,-1.536903540818822,1.6380320528866308,1.6485429934008382,-0.01435623094179174,0.0,0.18275178563972033,0.20245657600150244,-0.008078474669029088,0.5606051683425903,-0.6565767526626587,0.9008029103279114,-0.667326807975769,-0.2645913064479828,-0.29726406931877136,-0.024927377876730966,-1.536903540818822,1.6380320528866308,1.6485429934008382,-0.01435623094179174,0.0,0.18274923892141454,0.20248510860006377,-0.007966566248670065,0.01725076107858548,-0.0024851086000637675,0.007966566248670065,0.2,0.2,0.0,0.27287537395105904,-0.2731988878218415,False
0,332,-0.024927377876730966,-1.536903540818822,1.6380320528866308,1.6485429934008382,-0.01435623094179174,0.0,0.18274923892141454,0.20248510860006377,-0.007966566248670065,0.2895861268043518,0.10378218442201614,0.716841459274292,0.6017985939979553,-0.03314197435975075,-0.6924697160720825,-0.024927377876730966,-1.536903540818822,1.6380320528866308,1.6485429934008382,-0.01435623094179174,0.0,0.18296396807502063,0.2024834501381992,-0.00777470995432249,0.017036031924979392,-0.0024834501381991985,0.00777470995432249,0.2,0.2,0.0,0.27301246731330714,-0.2757543345582691,False
0,333,-0.024927377876730966,-1.536903540818822,1.6380320528866308,1.6485429934008382,-0.01435623094179174,0.0,0.18296396807502063,0.2024834501381992,-0.00777470995432249,-0.5769214630126953,0.8214607238769531,-0.14203527569770813,-0.5829838514328003,0.2435232251882553,-0.7644452452659607,-0.024927377876730966,-1.536903540818822,1.6380320528866308,1.6485429934008382,-0.01435623094179174,0.0,0.18462309287055717,0.20231321687151452,-0.0069716321159707904,0.015376907129442844,-0.0023132168715144976,0.0069716321159707904,0.2,0.2,0.0,0.2739797945038124,-0.2933263383139172,False
0,334,-0.024927377876730966,-1.536903540818822,1.6380320528866308,1.6485429934008382,-0.01435623094179174,0.0,0.18462309287055717,0.20231321687151452,-0.0069716321159707904,0.5026795864105225,-0.13674843311309814,-0.4317072927951813,-0.7208565473556519,-0.8904735445976257,0.9358053207397461,-0.024927377876730966,-1.536903540818822,1.6380320528866308,1.6485429934008382,-0.01435623094179174,0.0,0.18381650448984813,0.20238727464674724,-0.007160281663719237,0.016183495510151896,-0.0023872746467472265,0.007160281663719237,0.2,0.2,0.0,0.2734965921091304,-0.263832544215491,False
0,335,-0.024927377876730966,-1.536903540818822,1.6380320528866308,1.6485429934008382,-0.01435623094179174,0.0,0.18381650448984813,0.20238727464674724,-0.007160281663719237,0.2394702136516571,0.2968751788139343,0.639863133430481,-0.07231248915195465,0.14916138350963593,-0.5680153369903564,-0.025090770233508974,-1.5320306115150484,1.6374403207404034,1.641848258194849,-0.020419857911725136,0.0,0.1824730984699212,0.20228802398900866,-0.007669893634302764,0.017526901530078787,-0.002288023989008645,0.007669893634302764,0.2,0.2,0.0,0.2725356923101135,-0.253317696329775,False
0,336,-0.025090770233508974,-1.5320306115150484,1.6374403207404034,1.641848258194849,-0.020419857911725136,0.0,0.1824730984699212,0.20228802398900866,-0.007669893634302764,-0.40798822045326233,0.3290589153766632,0.3013724684715271,-0.5484077334403992,0.26389071345329285,-0.7024345397949219,-0.025090770233508974,-1.5320306115150484,1.6374403207404034,1.641848258194849,-0.020419857911725136,0.0,0.18280429219590782,0.2022653442102201,-0.007423336124068286,0.017195707804092176,-0.002265344210220092,0.007423336124068286,0.2,0.2,0.0,0.27273390810996817,-0.27669822410706185,False
0,337,-0.025090770233508974,-1.5320306115150484,1.6374403207404034,1.641848258194849,-0.020419857911725136,0.0,0.18280429219590782,0.2022653442102201,-0.007423336124068286,0.2576911151409149,-0.35132932662963867,0.43266811966896057,0.9624526500701904,0.2919960021972656,0.06144413352012634,-0.023774783585233276,-1.5317882200793054,1.6395175963596378,1.6409705329370181,-0.0200366906429411,0.0,0.1829472642518166,0.20227154760279892,-0.007253628868264837,0.017052735748183414,-0.002271547602798896,0.007253628868264837,0.2,0.2,0.0,0.27282979235892457,-0.2747474773380526,False
0,338,-0.023774783585233276,-1.5317882200793054,1.6395175963596378,1.6409705329370181,-0.0200366906429411,0.0,0.1829472642518166,0.20227154760279892,-0.007253628868264837,-0.5231993794441223,0.8916394114494324,-0.6155604124069214,-0.293531209230423,-0.5629842281341553,-0.941859245300293,-0.023774783585233276,-1.5317882200793054,1.6395175963596378,1.6409705329370181,-0.0200366906429411,0.0,0.1834161246532998,0.20225110638930058,-0.007200184586136957,0.01658387534670022,-0.0022511063893005706,0.007200184586136957,0.2,0.2,0.0,0.27312785920994115,-0.2790891962302727,False
0,339,-0.023774783585233276,-1.5317882200793054,1.6395175963596378,1.6409705329370181,-0.0200366906429411,0.0,0.1834161246532998,0.20225110638930058,-0.007200184586136957,0.4168841540813446,0.525092601776123,-0.8437154293060303,-0.3042990267276764,-0.24737530946731567,0.7552253007888794,-0.02631286899233188,-1.5274492050118618,1.636831426503756,1.641887072323404,-0.02263616675356317,0.0,0.18306941472318974,0.20236001461970976,-0.007568623362412902,0.01693058527681026,-0.0023600146197097533,0.007568623362412902,0.2,0.2,0.0,0.2729858424599753,-0.27014550746065863,False
0,340,-0.02631286899233188,-1.5274492050118618,1.636831426503756,1.641887072323404,-0.02263616675356317,0.0,0.18306941472318974,0.20236001461970976,-0.007568623362412902,0.8391398191452026,0.7732108235359192,-0.39298906922340393,0.6254693269729614,-0.22743338346481323,-0.16686514019966125,-0.02631286899233188,-1.5274492050118618,1.636831426503756,1.641887072323404,-0.02263616675356317,0.0,0.18327500356109994,0.2022629860814283,-0.0078011559978404775,0.016724996438900082,-0.0022629860814282763,0.0078011559978404775,0.2,0.2,0.0,0.2730584195804991,-0.2745099619909746,False
0,341,-0.02631286899233188,-1.5274492050118618,1.636831426503756,1.641887072323404,-0.02263616675356317,0.0,0.18327500356109994,0.2022629860814283,-0.0078011559978404775,-0.3375844359397888,-0.16650795936584473,-0.9438681602478027,0.00276384549215436,-0.8175991773605347,-0.7220040559768677,-0.02631286899233188,-1.5274492050118618,1.636831426503756,1.641887072323404,-0.02263616675356317,0.0,0.18378583480340963,0.2020827384537431,-0.00833272785390739,0.01621416519659038,-0.0020827384537431075,0.00833272785390739,0.2,0.2,0.0,0.27328391941136493,-0.2777939160286817,False
0,342,-0.02631286899233188,-1.5274492050118618,1.636831426503756,1.641887072323404,-0.02263616675356317,0.0,0.18378583480340963,0.2020827384537431,-0.00833272785390739,0.8530504107475281,-0.8329913020133972,0.6544435024261475,0.2638261020183563,-0.2158355861902237,-0.3786517083644867,-0.02631286899233188,-1.5274492050118618,1.636831426503756,1.641887072323404,-0.02263616675356317,0.0,0.18223948439817236,0.20223365524423903,-0.0090950734567109,0.01776051560182765,-0.0022336552442390185,0.0090950734567109,0.2,0.2,0.0,0.27238282131650743,-0.25436085941935743,False
0,343,-0.02631286899233188,-1.5274492050118618,1.636831426503756,1.641887072323404,-0.02263616675356317,0.0,0.18223948439817236,0.20223365524423903,-0.0090950734567109,0.20186452567577362,-0.5440958738327026,-0.6197925806045532,0.40829506516456604,-0.6339598894119263,-0.2163345068693161,-0.02631286899233188,-1.5274492050118618,1.636831426503756,1.641887072323404,-0.02263616675356317,0.0,0.18299893796936847,0.2019993624363246,-0.007872925309819395,0.017001062030631536,-0.0019993624363245995,0.007872925309819395,0.2,0.2,0.0,0.2726799161572638,-0.2786218129723908,False
0,344,-0.02631286899233188,-1.5274492050118618,1.636831426503756,1.641887072323404,-0.02263616675356317,0.0,0.18299893796936847,0.2019993624363246,-0.007872925309819395,-0.2448572963476181,0.08676965534687042,-0.08399980515241623,0.66518235206604,0.6876193881034851,-0.6742550134658813,-0.014630199745332119,-1.5369497107550634,1.6354334409108062,1.6483103075449963,-0.033022068741570154,0.0,0.18287990995801023,0.20200951110744592,-0.008017486637390998,0.017120090041989774,-0.002009511107445909,0.008017486637390998,0.2,0.2,0.0,0.2726117828269717,-0.27124911622112974,False
0,345,-0.014630199745332119,-1.5369497107550634,1.6354334409108062,1.6483103075449963,-0.033022068741570154,0.0,0.18287990995801023,0.20200951110744592,-0.008017486637390998,0.05541779473423958,-0.6891562938690186,0.9307003617286682,0.4631209075450897,-0.9285933375358582,-0.5281403660774231,-0.014731531149407154,-1.5370011214312642,1.6355961902865392,1.6484722711974447,-0.03300481972269829,0.0,0.18282742967653032,0.2020183813145421,-0.00810111538031641,0.017172570323469707,-0.002018381314542095,0.00810111538031641,0.2,0.2,0.0,0.27258562599939046,-0.27206248944776595,False
0,346,-0.014731531149407154,-1.5370011214312642,1.6355961902865392,1.6484722711974447,-0.03300481972269829,0.0,0.18282742967653032,0.2020183813145421,-0.00810111538031641,0.2250182032585144,0.4021076560020447,0.37112146615982056,-0.9156718254089355,0.19659997522830963,-0.9063813090324402,-0.013471976547181576,-1.5350167527481273,1.63795057298695,1.6435815110392593,-0.03223383678710272,0.0,0.18289481551251077,0.20201594048837368,-0.008036247352673071,0.017105184487489232,-0.0020159404883736704,0.008036247352673071,0.2,0.2,0.0,0.2726270988443204,-0.2734565557429193,False
0,347,-0.013471976547181576,-1.5350167527481273,1.63795057298695,1.6435815110392593,-0.03223383678710272,0.0,0.18289481551251077,0.20201594048837368,-0.008036247352673071,-0.10827040672302246,-0.8046860098838806,0.3026721179485321,0.7489107251167297,0.7672487497329712,-0.41493356227874756,-0.013471976547181576,-1.5350167527481273,1.63795057298695,1.6435815110392593,-0.03223383678710272,0.0,0.18271652475877817,0.2019716445941687,-0.007439937335916885,0.017283475241221834,-0.00197164459416868,0.007439937335916885,0.2,0.2,0.0,0.27245775141764783,-0.2690708028841964,False
0,348,-0.013471976547181576,-1.5350167527481273,1.63795057298695,1.6435815110392593,-0.03223383678710272,0.0,0.18271652475877817,0.2019716445941687,-0.007439937335916885,-0.04173335060477257,-0.8412513732910156,0.10143095999956131,-0.06427673995494843,0.8217528462409973,0.39160457253456116,-0.01280767620325936,-1.533833768952313,1.6390412351466628,1.6408680766646848,-0.03156146961067059,0.0,0.18269006756134548,0.2019649031886958,-0.007349911732169784,0.017309932438654536,-0.001964903188695803,0.007349911732169784,0.2,0.2,0.0,0.2724325680018065,-0.2719288996849796,False
0,349,-0.01280767620325936,-1.533833768952313,1.6390412351466628,1.6408680766646848,-0.03156146961067059,0.0,0.18269006756134548,0.2019649031886958,-0.007349911732169784,0.876750648021698,0.5143823027610779,-0.7338143587112427,-0.14786501228809357,-0.7447359561920166,0.05259188637137413,-0.012661558721295988,-1.533896367091666,1.6389208737989422,1.6408454570536877,-0.03155447052504913,0.0,0.18266884119808174,0.20196123307529065,-0.00736851537484964,0.017331158801918264,-0.001961233075290645,0.00736851537484964,0.2,0.2,0.0,0.27241611594905923,-0.2720870748941142,False
0,350,-0.012661558721295988,-1.533896367091666,1.6389208737989422,1.6408454570536877,-0.03155447052504913,0.0,0.18266884119808174,0.20196123307529065,-0.00736851537484964,0.29595303535461426,0.5895757675170898,-0.6059143543243408,-0.09009348601102829,-0.788865327835083,-0.055544186383485794,-0.012661558721295988,-1.533896367091666,1.6389208737989422,1.6408454570536877,-0.03155447052504913,0.0,0.18214146876449056,0.2018543429098247,-0.008184788233784778,0.017858531235509442,-0.001854342909824684,0.008184788233784778,0.2,0.2,0.0,0.2720067667424377,-0.26381978261000655,False
0,351,-0.012661558721295988,-1.533896367091666,1.6389208737989422,1.6408454570536877,-0.03155447052504913,0.0,0.18214146876449056,0.2018543429098247,-0.008184788233784778,0.5894396901130676,-0.1468360871076584,0.6094819903373718,0.8534465432167053,0.7626343965530396,-0.3708622455596924,-0.012661558721295988,-1.533896367091666,1.6389208737989422,1.6408454570536877,-0.03155447052504913,0.0,0.18207133955919752,0.2018409139927606,-0.008295480811566846,0.017928660440802477,-0.0018409139927605827,0.008295480811566846,0.2,0.2,0.0,0.27195319864309125,-0.2708818366561628,False
0,352,-0.012661558721295988,-1.533896367091666,1.6389208737989422,1.6408454570536877,-0.03155447052504913,0.0,0.18207133955919752,0.2018409139927606,-0.008295480811566846,-0.5745236277580261,0.9470548629760742,-0.9435849189758301,0.8520920276641846,0.45699647068977356,-0.6157557964324951,-0.012661558721295988,-1.533896367091666,1.6389208737989422,1.6408454570536877,-0.03155447052504913,0.0,0.18207133955919752,0.2018409139927606,-0.008295480811566846,0.017928660440802477,-0.0018409139927605827,0.008295480811566846,0.2,0.2,0.0,0.27195319864309125,-0.27195319864309125,False
0,353,-0.012661558721295988,-1.533896367091666,1.6389208737989422,1.6408454570536877,-0.03155447052504913,0.0,0.18207133955919752,0.2018409139927606,-0.008295480811566846,-0.3484790027141571,-0.9548730850219727,0.18865849077701569,0.7359825968742371,0.42617174983024597,-0.33915501832962036,-0.012661558721295988,-1.533896367091666,1.6389208737989422,1.6408454570536877,-0.03155447052504913,0.0,0.18207133955919752,0.2018409139927606,-0.008295480811566846,0.017928660440802477,-0.0018409139927605827,0.008295480811566846,0.2,0.2,0.0,0.27195319864309125,-0.27195319864309125,False
0,354,-0.012661558721295988,-1.533896367091666,1.6389208737989422,1.6408454570536877,-0.03155447052504913,0.0,0.18207133955919752,0.2018409139927606,-0.008295480811566846,0.411600798368454,0.38869670033454895,-0.04656229168176651,0.4451172947883606,-0.2285740226507187,-0.2696012556552887,-0.012661558721295988,-1.533896367091666,1.6389208737989422,1.6408454570536877,-0.03155447052504913,0.0,0.18225227931182933,0.20182731887333183,-0.008206321292535304,0.01774772068817069,-0.0018273188733318301,0.008206321292535304,0.2,0.2,0.0,0.2720615806524525,-0.27422922083967755,False
0,355,-0.012661558721295988,-1.533896367091666,1.6389208737989422,1.6408454570536877,-0.03155447052504913,0.0,0.18225227931182933,0.20182731887333183,-0.008206321292535304,0.6971807479858398,0.7218914031982422,-0.7254186868667603,0.46576938033103943,5.012378096580505e-06,-0.23037657141685486,-0.012661558721295988,-1.533896367091666,1.6389208737989422,1.6408454570536877,-0.03155447052504913,0.0,0.18225227931182933,0.20182731887333183,-0.008206321292535304,0.01774772068817069,-0.0018273188733318301,0.008206321292535304,0.2,0.2,0.0,0.2720615806524525,-0.2720615806524525,False
0,356,-0.012661558721295988,-1.533896367091666,1.6389208737989422,1.6408454570536877,-0.03155447052504913,0.0,0.18225227931182933,0.20182731887333183,-0.008206321292535304,0.18943296372890472,-0.2085450142621994,-0.7540528774261475,-0.019218068569898605,0.8160326480865479,-0.6428524255752563,-0.012661558721295988,-1.533896367091666,1.6389208737989422,1.6408454570536877,-0.03155447052504913,0.0,0.18228896520663374,0.2018203079635011,-0.008218714165531386,0.01771103479336627,-0.001820307963501091,0.008218714165531386,0.2,0.2,0.0,0.27208133123226674,-0.2724763428285515,False
0,357,-0.012661558721295988,-1.533896367091666,1.6389208737989422,1.6408454570536877,-0.03155447052504913,0.0,0.18228896520663374,0.2018203079635011,-0.008218714165531386,-0.11164584010839462,-0.8869717121124268,0.1594628095626831,-0.675491213798523,-0.2450743317604065,0.7568265795707703,-0.012661558721295988,-1.533896367091666,1.6389208737989422,1.6408454570536877,-0.03155447052504913,0.0,0.18207144532308428,0.20181826577783055,-0.00839855637973828,0.01792855467691572,-0.001818265777830524,0.00839855637973828,0.2,0.2,0.0,0.27193962446262143,-0.2691054890697152,False
0,358,-0.012661558721295988,-1.533896367091666,1.6389208737989422,1.6408454570536877,-0.03155447052504913,0.0,0.18207144532308428,0.20181826577783055,-0.00839855637973828,0.8672415018081665,-0.12312135845422745,0.768441915512085,0.8094537258148193,-0.6546047925949097,0.43963131308555603,-0.012661558721295988,-1.533896367091666,1.6389208737989422,1.6408454570536877,-0.03155447052504913,0.0,0.1820502154189365,0.20180772111183726,-0.00840422609776251,0.01794978458106351,-0.0018077211118372575,0.00840422609776251,0.2,0.2,0.0,0.27191776008700974,-0.2714804725747759,False
0,359,-0.012661558721295988,-1.533896367091666,1.6389208737989422,1.6408454570536877,-0.03155447052504913,0.0,0.1820502154189365,0.20180772111183726,-0.00840422609776251,0.5960066318511963,0.29480811953544617,-0.9019407033920288,0.3082451820373535,0.3106851875782013,0.3489844799041748,-0.012661558721295988,-1.533896367091666,1.6389208737989422,1.6408454570536877,-0.03155447052504913,0.0,0.1820502154189365,0.20180772111183726,-0.00840422609776251,0.01794978458106351,-0.0018077211118372575,0.00840422609776251,0.2,0.2,0.0,0.27191776008700974,-0.27191776008700974,False
0,360,-0.012661558721295988,-1.533896367091666,1.6389208737989422,1.6408454570536877,-0.03155447052504913,0.0,0.1820502154189365,0.20180772111183726,-0.00840422609776251,0.6070445775985718,-0.630871593952179,-0.7061132192611694,0.672883152961731,0.5552011132240295,-0.7142554521560669,-0.012661558721295988,-1.533896367091666,1.6389208737989422,1.6408454570536877,-0.03155447052504913,0.0,0.18142308418436945,0.20161198883200374,-0.009786051564093356,0.018576915815630562,-0.0016119888320037215,0.009786051564093356,0.2,0.2,0.0,0.2713991457631728,-0.2610268592864342,False
0,361,-0.012661558721295988,-1.533896367091666,1.6389208737989422,1.6408454570536877,-0.03155447052504913,0.0,0.18142308418436945,0.20161198883200374,-0.009786051564093356,0.4939422607421875,0.8205955624580383,-0.7716308236122131,-0.8818387985229492,-0.4236629605293274,0.3512876033782959,-0.00036144848402080705,-1.5405445984992656,1.6245916060603929,1.6515594478586084,-0.026648464982195207,0.0,0.18138106696994424,0.2016032903337071,-0.00986168030708294,0.01861893303005577,-0.001603290333707088,0.00986168030708294,0.2,0.2,0.0,0.27136733566700966,-0.2707311337437466,False
0,362,-0.00036144848402080705,-1.5405445984992656,1.6245916060603929,1.6515594478586084,-0.026648464982195207,0.0,0.18138106696994424,0.2016032903337071,-0.00986168030708294,-0.6029722690582275,0.8758524656295776,0.6387584805488586,0.8284916877746582,0.13926857709884644,-0.6895756125450134,0.00019009133678863453,-1.536585973695304,1.6231269710827325,1.6466806362868682,-0.02871584748802989,0.0,0.18079253006867704,0.2015888669673114,-0.009761925718764344,0.019207469931322975,-0.0015888669673113792,0.009761925718764344,0.2,0.2,0.0,0.2709599701201942,-0.2628126591838847,False
0,363,0.00019009133678863453,-1.536585973695304,1.6231269710827325,1.6466806362868682,-0.02871584748802989,0.0,0.18079253006867704,0.2015888669673114,-0.009761925718764344,0.24890628457069397,-0.9008142948150635,0.16262194514274597,-0.7884563207626343,0.6536937355995178,-0.4797631800174713,0.00026284825216145945,-1.5341681502368465,1.6226290819143274,1.6440435629736394,-0.029971571780892905,0.0,0.18079253006867704,0.2015888669673114,-0.009761925718764344,0.019207469931322975,-0.0015888669673113792,0.009761925718764344,0.2,0.2,0.0,0.2709599701201942,-0.2709599701201942,False
0,364,0.00026284825216145945,-1.5341681502368465,1.6226290819143274,1.6440435629736394,-0.029971571780892905,0.0,0.18079253006867704,0.2015888669673114,-0.009761925718764344,0.5282725691795349,-0.09505526721477509,-0.9227765202522278,0.7670724987983704,0.7227259278297424,0.2582172751426697,0.00026284825216145945,-1.5341681502368465,1.6226290819143274,1.6440435629736394,-0.029971571780892905,0.0,0.1799085750554254,0.201521868442711,-0.009910560785812345,0.020091424944574613,-0.0015218684427109872,0.009910560785812345,0.2,0.2,0.0,0.2703264287009397,-0.2576556003158501,False
0,365,0.00026284825216145945,-1.5341681502368465,1.6226290819143274,1.6440435629736394,-0.029971571780892905,0.0,0.1799085750554254,0.201521868442711,-0.009910560785812345,0.23189754784107208,-0.25885844230651855,0.4725574851036072,0.3023301661014557,0.8626989126205444,0.7428957223892212,0.00026284825216145945,-1.5341681502368465,1.6226290819143274,1.6440435629736394,-0.029971571780892905,0.0,0.1798352399639344,0.2013948757528499,-0.011187122168990631,0.020164760036065602,-0.0013948757528498877,0.011187122168990631,0.2,0.2,0.0,0.27023279078382706,-0.2683600324415742,False
0,366,0.00026284825216145945,-1.5341681502368465,1.6226290819143274,1.6440435629736394,-0.029971571780892905,0.0,0.1798352399639344,0.2013948757528499,-0.011187122168990631,-0.6054801344871521,0.3285242021083832,-0.3521268367767334,-0.19526609778404236,0.06511383503675461,0.2704099416732788,0.00026284825216145945,-1.5341681502368465,1.6226290819143274,1.6440435629736394,-0.029971571780892905,0.0,0.18008008589374425,0.20138138064309494,-0.011087267208344478,0.019919914106255758,-0.0013813806430949362,0.011087267208344478,0.2,0.2,0.0,0.27038162899754603,-0.27335839327192546,False
0,367,0.00026284825216145945,-1.5341681502368465,1.6226290819143274,1.6440435629736394,-0.029971571780892905,0.0,0.18008008589374425,0.20138138064309494,-0.011087267208344478,0.021866582334041595,0.6740023493766785,-0.30513429641723633,-0.07693894952535629,0.30941054224967957,-0.842104434967041,0.006951244396371927,-1.5392575103679271,1.615710266251593,1.6499959092848644,-0.017802703034163384,0.0,0.18017040975231693,0.2013837398008826,-0.010998029981326735,0.01982959024768308,-0.0013837398008825703,0.010998029981326735,0.2,0.2,0.0,0.2704399080571829,-0.2716054892499198,False
0,368,0.006951244396371927,-1.5392575103679271,1.615710266251593,1.6499959092848644,-0.017802703034163384,0.0,0.18017040975231693,0.2013837398008826,-0.010998029981326735,0.43419069051742554,-0.3849325478076935,0.4361144006252289,-0.21099761128425598,-0.615486741065979,0.4822501242160797,0.006870877748784925,-1.5388320263597743,1.6156968909109477,1.6498370062466092,-0.017890580635830707,0.0,0.18017040975231693,0.2013837398008826,-0.010998029981326735,0.01982959024768308,-0.0013837398008825703,0.010998029981326735,0.2,0.2,0.0,0.2704399080571829,-0.2704399080571829,False
0,369,0.006870877748784925,-1.5388320263597743,1.6156968909109477,1.6498370062466092,-0.017890580635830707,0.0,0.18017040975231693,0.2013837398008826,-0.010998029981326735,-0.8471940159797668,-0.9613943099975586,-0.4969189763069153,-0.5399952530860901,-0.6018319725990295,-0.4833323657512665,0.006847765161693914,-1.5391237613410196,1.615736235230087,1.649680304077407,-0.01817837871589609,0.0,0.1801860717918004,0.20138470790173646,-0.010977307212796966,0.01981392820819959,-0.0013847079017364414,0.010977307212796966,0.2,0.2,0.0,0.2704502215160337,-0.2706564906930503,False
0,370,0.006847765161693914,-1.5391237613410196,1.615736235230087,1.649680304077407,-0.01817837871589609,0.0,0.1801860717918004,0.20138470790173646,-0.010977307212796966,0.11815657466650009,-0.05906698480248451,-0.40257754921913147,-0.7504831552505493,0.05231136083602905,-0.366943359375,0.006847765161693914,-1.5391237613410196,1.615736235230087,1.649680304077407,-0.01817837871589609,0.0,0.17916489893119059,0.20136550327098265,-0.011298696865397199,0.020835101068809436,-0.001365503270982644,0.011298696865397199,0.2,0.2,0.0,0.2697698787252869,-0.25616302291035087,False
0,371,0.006847765161693914,-1.5391237613410196,1.615736235230087,1.649680304077407,-0.01817837871589609,0.0,0.17916489893119059,0.20136550327098265,-0.011298696865397199,-0.2809067666530609,-0.34567970037460327,0.13304664194583893,-0.3243100643157959,-0.21864868700504303,-0.6132005453109741,0.006847765161693914,-1.5391237613410196,1.615736235230087,1.649680304077407,-0.01817837871589609,0.0,0.17892778546978763,0.20136050603838662,-0.01136238841778553,0.02107221453021237,-0.0013605060383866004,0.01136238841778553,0.2,0.2,0.0,0.2696114049436969,-0.26644192931189675,False
0,372,0.006847765161693914,-1.5391237613410196,1.615736235230087,1.649680304077407,-0.01817837871589609,0.0,0.17892778546978763,0.20136050603838662,-0.01136238841778553,-0.6256678700447083,-0.29815560579299927,0.9186666011810303,-0.5834754705429077,0.0626288652420044,0.8270893692970276,0.006847765161693914,-1.5391237613410196,1.615736235230087,1.649680304077407,-0.01817837871589609,0.0,0.17888479309763983,0.20140032163337943,-0.01125240047385093,0.02111520690236018,-0.0014003216333794246,0.01125240047385093,0.2,0.2,0.0,0.26960800298217785,-0.26953996375179695,False
0,373,0.006847765161693914,-1.5391237613410196,1.615736235230087,1.649680304077407,-0.01817837871589609,0.0,0.17888479309763983,0.20140032163337943,-0.01125240047385093,-0.3462648391723633,0.032022036612033844,-0.37434470653533936,0.6312089562416077,-0.603827714920044,-0.5332179069519043,0.006847765161693914,-1.5391237613410196,1.615736235230087,1.649680304077407,-0.01817837871589609,0.0,0.17907578847319983,0.20144779084721745,-0.01131190478908689,0.020924211526800175,-0.001447790847217452,0.01131190478908689,0.2,0.2,0.0,0.2697726999614302,-0.27306663954647753,False
0,374,0.006847765161693914,-1.5391237613410196,1.615736235230087,1.649680304077407,-0.01817837871589609,0.0,0.17907578847319983,0.20144779084721745,-0.01131190478908689,-0.19878113269805908,-0.23538729548454285,0.12098345160484314,0.15064875781536102,0.019917156547307968,-0.09775888919830322,0.002268552890582656,-1.5405472363912858,1.6107752356595586,1.6520276705973769,-0.02532993908232648,0.0,0.17964785853422352,0.20152772615410633,-0.011782576387170854,0.020352141465776494,-0.001527726154106324,0.011782576387170854,0.2,0.2,0.0,0.27023250469012117,-0.27942859926394015,False
0,375,0.002268552890582656,-1.5405472363912858,1.6107752356595586,1.6520276705973769,-0.02532993908232648,0.0,0.17964785853422352,0.20152772615410633,-0.011782576387170854,0.30730879306793213,-0.88662189245224,0.08675138652324677,-0.5272998213768005,-0.10248031467199326,0.27385231852531433,0.002333933790389763,-1.5407913075754203,1.6108460888099345,1.6519140479641954,-0.025308871541110278,0.0,0.1796242919279776,0.2015256795098418,-0.01177595014937921,0.02037570807202241,-0.0015256795098417784,0.01177595014937921,0.2,0.2,0.0,0.27021502318422536,-0.26986539306630913,False
0,376,0.002333933790389763,-1.5407913075754203,1.6108460888099345,1.6519140479641954,-0.025308871541110278,0.0,0.1796242919279776,0.2015256795098418,-0.01177595014937921,-0.4137011170387268,0.6243401765823364,0.06324125081300735,0.13742083311080933,-0.95435631275177,-0.9339883327484131,0.0024495643915241733,-1.5412595635213246,1.610920291285354,1.6515786432754338,-0.025610190219296895,0.0,0.17955318449208063,0.20152183657604458,-0.011773986819584154,0.020446815507919384,-0.0015218365760445596,0.011773986819584154,0.2,0.2,0.0,0.27016480793000575,-0.26916050284561355,False
0,377,0.0024495643915241733,-1.5412595635213246,1.610920291285354,1.6515786432754338,-0.025610190219296895,0.0,0.17955318449208063,0.20152183657604458,-0.011773986819584154,0.11957796663045883,0.050918251276016235,0.14799873530864716,0.8201854825019836,-0.43754127621650696,-0.725217342376709,0.0022988920513664127,-1.5409859211279082,1.6109716699589391,1.6517877559756255,-0.026076582180479962,0.0,0.17955318449208063,0.20152183657604458,-0.011773986819584154,0.020446815507919384,-0.0015218365760445596,0.011773986819584154,0.2,0.2,0.0,0.27016480793000575,-0.27016480793000575,False
0,378,0.0022988920513664127,-1.5409859211279082,1.6109716699589391,1.6517877559756255,-0.026076582180479962,0.0,0.17955318449208063,0.20152183657604458,-0.011773986819584154,-0.7937122583389282,0.7000511884689331,0.03380222246050835,0.12614382803440094,0.7563616633415222,-0.13608841598033905,0.0022988920513664127,-1.5409859211279082,1.6109716699589391,1.6517877559756255,-0.026076582180479962,0.0,0.18019242666350269,0.20152517033672734,-0.01171383180246455,0.01980757333649733,-0.0015251703367273426,0.01171383180246455,0.2,0.2,0.0,0.2705899457881338,-0.27909270295069444,False
0,379,0.0022988920513664127,-1.5409859211279082,1.6109716699589391,1.6517877559756255,-0.026076582180479962,0.0,0.18019242666350269,0.20152517033672734,-0.01171383180246455,-0.6142050623893738,0.7703490257263184,-0.8649085760116577,-0.9144271612167358,0.6094578504562378,0.02292722277343273,-0.00011166979511299796,-1.538247113318686,1.6116867831564197,1.6555364689046637,-0.02500377700717091,0.0,0.18037164924276325,0.20159626432453337,-0.011649527602316984,0.019628350757236762,-0.0015962643245333633,0.011649527602316984,0.2,0.2,0.0,0.2707594820749934,-0.27415020781218574,False
0,380,-0.00011166979511299796,-1.538247113318686,1.6116867831564197,1.6555364689046637,-0.02500377700717091,0.0,0.18037164924276325,0.20159626432453337,-0.011649527602316984,0.2994927167892456,0.510383129119873,-0.7266401052474976,-0.26555994153022766,-0.46556004881858826,0.8464128375053406,-0.00011166979511299796,-1.538247113318686,1.6116867831564197,1.6555364689046637,-0.02500377700717091,0.0,0.1784504477201165,0.20140242726599833,-0.013486411178476015,0.021549552279883515,-0.0014024272659983294,0.013486411178476015,0.2,0.2,0.0,0.26942416982635525,-0.2427179248535924,False
0,381,-0.00011166979511299796,-1.538247113318686,1.6116867831564197,1.6555364689046637,-0.02500377700717091,0.0,0.1784504477201165,0.20140242726599833,-0.013486411178476015,-0.5132768154144287,0.8884816765785217,-0.9113738536834717,-0.5268233418464661,0.0014842048985883594,0.6983442902565002,-0.00011166979511299796,-1.538247113318686,1.6116867831564197,1.6555364689046637,-0.02500377700717091,0.0,0.17821276295505217,0.2014903940647899,-0.013685349696052652,0.021787237044947828,-0.0014903940647899145,0.013685349696052652,0.2,0.2,0.0,0.2693426378736965,-0.26771199882052144,False
0,382,-0.00011166979511299796,-1.538247113318686,1.6116867831564197,1.6555364689046637,-0.02500377700717091,0.0,0.17821276295505217,0.2014903940647899,-0.013685349696052652,0.3816215395927429,-0.027545398101210594,0.09225369244813919,0.32761600613594055,0.351774126291275,0.21415989100933075,-0.00011166979511299796,-1.538247113318686,1.6116867831564197,1.6555364689046637,-0.02500377700717091,0.0,0.1775667207515808,0.20189238695422207,-0.014154347535028616,0.022433279248419213,-0.0018923869542220584,0.014154347535028616,0.2,0.2,0.0,0.2692411962955996,-0.26721236473366194,False
0,383,-0.00011166979511299796,-1.538247113318686,1.6116867831564197,1.6555364689046637,-0.02500377700717091,0.0,0.1775667207515808,0.20189238695422207,-0.014154347535028616,0.147990420460701,-0.6697218418121338,0.6475131511688232,-0.09016954153776169,0.54164719581604,0.9300272464752197,-0.00011166979511299796,-1.538247113318686,1.6116867831564197,1.6555364689046637,-0.02500377700717091,0.0,0.17776723690964608,0.20186425397586708,-0.01402915041893157,0.02223276309035394,-0.0018642539758670646,0.01402915041893157,0.2,0.2,0.0,0.2693458457322121,-0.2714388344644617,False
0,384,-0.00011166979511299796,-1.538247113318686,1.6116867831564197,1.6555364689046637,-0.02500377700717091,0.0,0.17776723690964608,0.20186425397586708,-0.01402915041893157,0.15761157870292664,-0.6610480546951294,0.6284788846969604,0.018349019810557365,-0.3664906919002533,-0.9172223806381226,-0.00011166979511299796,-1.538247113318686,1.6116867831564197,1.6555364689046637,-0.02500377700717091,0.0,0.17796853598114323,0.20183128473236595,-0.013902504662091166,0.022031464018856767,-0.0018312847323659297,0.013902504662091166,0.2,0.2,0.0,0.26944748455286854,-0.2714802609659975,False
0,385,-0.00011166979511299796,-1.538247113318686,1.6116867831564197,1.6555364689046637,-0.02500377700717091,0.0,0.17796853598114323,0.20183128473236595,-0.013902504662091166,0.10648283362388611,0.9660390019416809,-0.30883362889289856,0.14802736043930054,-0.46625617146492004,0.4355626404285431,-0.00011166979511299796,-1.538247113318686,1.6116867831564197,1.6555364689046637,-0.02500377700717091,0.0,0.17796853598114323,0.20183128473236595,-0.013902504662091166,0.022031464018856767,-0.0018312847323659297,0.013902504662091166,0.2,0.2,0.0,0.26944748455286854,-0.26944748455286854,False
0,386,-0.00011166979511299796,-1.538247113318686,1.6116867831564197,1.6555364689046637,-0.02500377700717091,0.0,0.17796853598114323,0.20183128473236595,-0.013902504662091166,0.06492819637060165,0.5937672853469849,0.41255396604537964,0.6671774387359619,-0.5832918286323547,0.6395213603973389,-0.00011166979511299796,-1.538247113318686,1.6116867831564197,1.6555364689046637,-0.02500377700717091,0.0,0.17803126633346253,0.201823391069417,-0.013817076912040944,0.02196873366653748,-0.0018233910694169931,0.013817076912040944,0.2,0.2,0.0,0.2694786162007078,-0.2701012491574927,False
0,387,-0.00011166979511299796,-1.538247113318686,1.6116867831564197,1.6555364689046637,-0.02500377700717091,0.0,0.17803126633346253,0.201823391069417,-0.013817076912040944,-0.21486684679985046,-0.5332961678504944,-0.18766628205776215,-0.6715219616889954,0.6382601261138916,0.36486873030662537,-0.00011166979511299796,-1.538247113318686,1.6116867831564197,1.6555364689046637,-0.02500377700717091,0.0,0.1781564264663707,0.20181661266374445,-0.013753898254094898,0.021843573533629316,-0.001816612663744439,0.013753898254094898,0.2,0.2,0.0,0.2695530136272255,-0.2710409621575798,False
0,388,-0.00011166979511299796,-1.538247113318686,1.6116867831564197,1.6555364689046637,-0.02500377700717091,0.0,0.1781564264663707,0.20181661266374445,-0.013753898254094898,-0.10040038079023361,0.045179739594459534,-0.21985849738121033,0.41950199007987976,0.06243279576301575,-0.5498837828636169,-0.006740925727359314,-1.519036618770296,1.590873301218565,1.6449045198545758,-0.02677948781871351,0.0,0.17823694218400218,0.20181179024668572,-0.01366991173526802,0.02176305781599783,-0.0018117902466856998,0.01366991173526802,0.2,0.2,0.0,0.26959835446182834,-0.27050517115388506,False
0,389,-0.006740925727359314,-1.519036618770296,1.590873301218565,1.6449045198545758,-0.02677948781871351,0.0,0.17823694218400218,0.20181179024668572,-0.01366991173526802,0.009176733903586864,0.6468212604522705,0.5965917110443115,0.5300929546356201,0.2681606113910675,-0.852403998374939,-0.006740925727359314,-1.519036618770296,1.590873301218565,1.6449045198545758,-0.02677948781871351,0.0,0.17883641257048377,0.2017860099641594,-0.013486743143684796,0.02116358742951625,-0.0017860099641593958,0.013486743143684796,0.2,0.2,0.0,0.2699665692617511,-0.27733086526020656,False
0,390,-0.006740925727359314,-1.519036618770296,1.590873301218565,1.6449045198545758,-0.02677948781871351,0.0,0.17883641257048377,0.2017860099641594,-0.013486743143684796,-0.4671183228492737,0.030785106122493744,0.35837647318840027,0.06652766466140747,-0.6607533693313599,0.5766086578369141,-0.006740925727359314,-1.519036618770296,1.590873301218565,1.6449045198545758,-0.02677948781871351,0.0,0.17909671333150468,0.20188728676569878,-0.013203255046937618,0.020903286668495332,-0.0018872867656987695,0.013203255046937618,0.2,0.2,0.0,0.2702007313602188,-0.27488397332957315,False
0,391,-0.006740925727359314,-1.519036618770296,1.590873301218565,1.6449045198545758,-0.02677948781871351,0.0,0.17909671333150468,0.20188728676569878,-0.013203255046937618,0.08475659787654877,-0.7995761632919312,0.46003103256225586,0.7396257519721985,0.11441008746623993,-0.28526681661605835,-0.006740925727359314,-1.519036618770296,1.590873301218565,1.6449045198545758,-0.02677948781871351,0.0,0.17926675313510765,0.20190234742409305,-0.013114243064334907,0.020733246864892352,-0.001902347424093042,0.013114243064334907,0.2,0.2,0.0,0.2703203840743669,-0.2727134383573289,False
0,392,-0.006740925727359314,-1.519036618770296,1.590873301218565,1.6449045198545758,-0.02677948781871351,0.0,0.17926675313510765,0.20190234742409305,-0.013114243064334907,0.8446125388145447,0.13743892312049866,-0.1878686100244522,0.05044160410761833,-0.7950968742370605,0.2764127254486084,-0.006740925727359314,-1.519036618770296,1.590873301218565,1.6449045198545758,-0.02677948781871351,0.0,0.1793254163771292,0.20189354970244178,-0.013109486415524563,0.020674583622870817,-0.001893549702441771,0.013109486415524563,0.2,0.2,0.0,0.27035249028696207,-0.27099461453886486,False
0,393,-0.006740925727359314,-1.519036618770296,1.590873301218565,1.6449045198545758,-0.02677948781871351,0.0,0.1793254163771292,0.20189354970244178,-0.013109486415524563,0.6889582872390747,-0.06214823201298714,0.17781111598014832,-0.10844830423593521,-0.5908286571502686,-0.05865471437573433,-0.008958080632367261,-1.5252364259471933,1.5981230245795566,1.652405575057767,-0.030640563712446132,0.0,0.17935257914856334,0.20188506046469068,-0.013112331507619618,0.020647420851436674,-0.0018850604646906775,0.013112331507619618,0.2,0.2,0.0,0.2703643070444751,-0.2706006421947361,False
0,394,-0.008958080632367261,-1.5252364259471933,1.5981230245795566,1.652405575057767,-0.030640563712446132,0.0,0.17935257914856334,0.20188506046469068,-0.013112331507619618,-0.020255297422409058,0.7452548146247864,0.4182770252227783,0.06822175532579422,-0.6072602272033691,0.7147741317749023,-0.008146737769471349,-1.5250828878020661,1.5980554128434517,1.652024141466659,-0.031131957818582266,0.0,0.17930891592509665,0.20185949916775509,-0.01310992587823338,0.02069108407490337,-0.0018594991677550608,0.01310992587823338,0.2,0.2,0.0,0.2703161387912736,-0.269352773727243,False
0,395,-0.008146737769471349,-1.5250828878020661,1.5980554128434517,1.652024141466659,-0.031131957818582266,0.0,0.17930891592509665,0.20185949916775509,-0.01310992587823338,0.6690877676010132,-0.9885687828063965,-0.8602437973022461,0.8632035851478577,-0.5403303503990173,-0.3213987946510315,-0.008251664694563685,-1.5234935553313682,1.5989590739781179,1.6521995671957812,-0.03239927672822431,0.0,0.17943624283702272,0.20186005608501167,-0.013027077585200834,0.02056375716297729,-0.001860056085011668,0.013027077585200834,0.2,0.2,0.0,0.2703970270482312,-0.27201479218738367,False
0,396,-0.008251664694563685,-1.5234935553313682,1.5989590739781179,1.6521995671957812,-0.03239927672822431,0.0,0.17943624283702272,0.20186005608501167,-0.013027077585200834,0.11957860738039017,0.013166769407689571,0.4428257644176483,0.26286765933036804,0.13970887660980225,-0.11684492975473404,-0.007971725814026104,-1.5236610893306324,1.5994263026425706,1.6527204013559023,-0.032287279317336604,0.0,0.1795742467564205,0.20185931463254472,-0.01294391067103931,0.020425753243579512,-0.001859314632544704,0.01294391067103931,0.2,0.2,0.0,0.27048408053990225,-0.27222515037332307,False
0,397,-0.007971725814026104,-1.5236610893306324,1.5994263026425706,1.6527204013559023,-0.032287279317336604,0.0,0.1795742467564205,0.20185931463254472,-0.01294391067103931,-0.14583441615104675,-0.6677151918411255,-0.10112502425909042,-0.28747624158859253,-0.3010931611061096,0.2877565920352936,-0.007971725814026104,-1.5236610893306324,1.5994263026425706,1.6527204013559023,-0.032287279317336604,0.0,0.1795187976106004,0.20186078461627513,-0.012837361782782164,0.020481202389399603,-0.0018607846162751285,0.012837361782782164,0.2,0.2,0.0,0.2704432896542193,-0.26962747194056075,False
0,398,-0.007971725814026104,-1.5236610893306324,1.5994263026425706,1.6527204013559023,-0.032287279317336604,0.0,0.1795187976106004,0.20186078461627513,-0.012837361782782164,0.6004279255867004,0.7424644231796265,0.9123262166976929,0.6506922245025635,0.651337742805481,0.7305324077606201,-0.007971725814026104,-1.5236610893306324,1.5994263026425706,1.6527204013559023,-0.032287279317336604,0.0,0.17898082473816357,0.20188925708948777,-0.013012081698724573,0.021019175261836453,-0.0018892570894877671,0.013012081698724573,0.2,0.2,0.0,0.27011612691994674,-0.26357287223449516,False
0,399,-0.007971725814026104,-1.5236610893306324,1.5994263026425706,1.6527204013559023,-0.032287279317336604,0.0,0.17898082473816357,0.20188925708948777,-0.013012081698724573,-0.33953535556793213,0.6406146287918091,0.8974578976631165,-0.3865616023540497,-0.824855625629425,-0.4254262149333954,-0.0056214570799586645,-1.5245197087067377,1.60438459930177,1.6545788692831385,-0.030740878142772394,0.0,0.18041817545214206,0.20177746140118105,-0.012274978553218407,0.019581824547857944,-0.0017774614011810495,0.012274978553218407,0.2,0.2,0.0,0.27095301633579755,-0.28769080465281366,False
0,400,-0.0056214570799586645,-1.5245197087067377,1.60438459930177,1.6545788692831385,-0.030740878142772394,0.0,0.18041817545214206,0.20177746140118105,-0.012274978553218407,-0.01587577909231186,0.4960213601589203,0.2425539791584015,-0.5788770914077759,-0.206319659948349,-0.9270193576812744,-0.0056214570799586645,-1.5245197087067377,1.60438459930177,1.6545788692831385,-0.030740878142772394,0.0,0.1807644919699091,0.2017949356214518,-0.011485674625275513,0.019235508030090907,-0.0017949356214517884,0.011485674625275513,0.2,0.2,0.0,0.27116216240693114,-0.275345083829603,False
0,401,-0.0056214570799586645,-1.5245197087067377,1.60438459930177,1.6545788692831385,-0.030740878142772394,0.0,0.1807644919699091,0.2017949356214518,-0.011485674625275513,0.26093804836273193,0.5931271314620972,0.12392193078994751,-0.5777908563613892,-0.8191964626312256,0.02227230742573738,-0.006401209877417874,-1.51857061452919,1.6080748145503685,1.6484672893143988,-0.03409278086668121,0.0,0.1807545668010575,0.20179403375155852,-0.01138253850146527,0.0192454331989425,-0.0017940337515585105,0.01138253850146527,0.2,0.2,0.0,0.27115052583371557,-0.2709177943694042,False
0,402,-0.006401209877417874,-1.51857061452919,1.6080748145503685,1.6484672893143988,-0.03409278086668121,0.0,0.1807545668010575,0.20179403375155852,-0.01138253850146527,-0.5604780912399292,-0.20987792313098907,0.4613938331604004,0.24803023040294647,-0.6988524198532104,-0.10096117854118347,-0.006405511388473383,-1.5181464540852907,1.6082625409648241,1.6480533426429425,-0.03455017771511193,0.0,0.18076905127941778,0.20179432666315913,-0.011364521876288003,0.01923094872058223,-0.0017943266631591148,0.011364521876288003,0.2,0.2,0.0,0.2711596439947788,-0.2713420072160438,False
0,403,-0.006405511388473383,-1.5181464540852907,1.6082625409648241,1.6480533426429425,-0.03455017771511193,0.0,0.18076905127941778,0.20179432666315913,-0.011364521876288003,0.15514393150806427,-0.724459171295166,0.8494333028793335,0.1677718460559845,-0.36560139060020447,0.0588192492723465,-0.007096168088121136,-1.5184229436152443,1.6088232119088228,1.6483763809202514,-0.03539131177972036,0.0,0.18085844657752803,0.201814705520301,-0.011299999177507836,0.019141553422471994,-0.0018147055203009965,0.011299999177507836,0.2,0.2,0.0,0.27123171467233337,-0.2726731282234243,False
0,404,-0.007096168088121136,-1.5184229436152443,1.6088232119088228,1.6483763809202514,-0.03539131177972036,0.0,0.18085844657752803,0.201814705520301,-0.011299999177507836,0.22897501289844513,0.8208508491516113,0.5608717203140259,-0.3298224210739136,-0.690316915512085,0.4387182295322418,-0.007328399777099389,-1.5182549752699848,1.6092789312465885,1.6484052051060571,-0.03602142012751043,0.0,0.18093667483759188,0.20182115715781831,-0.011230971027953562,0.019063325162408145,-0.0018211571578183098,0.011230971027953562,0.2,0.2,0.0,0.2712858169680752,-0.2723678628829116,False
0,405,-0.007328399777099389,-1.5182549752699848,1.6092789312465885,1.6484052051060571,-0.03602142012751043,0.0,0.18093667483759188,0.20182115715781831,-0.011230971027953562,0.6967167854309082,0.3600781559944153,0.495159775018692,-0.08039533346891403,-0.4183272123336792,-0.8049708008766174,-0.006925737501578339,-1.517478507911371,1.6098742623009326,1.6481096980403953,-0.03669508559908718,0.0,0.18104639533802835,0.2018081468271196,-0.011117319379588167,0.018953604661971653,-0.0018081468271195892,0.011117319379588167,0.2,0.2,0.0,0.2713446520218847,-0.2725213530980745,False
0,406,-0.006925737501578339,-1.517478507911371,1.6098742623009326,1.6481096980403953,-0.03669508559908718,0.0,0.18104639533802835,0.2018081468271196,-0.011117319379588167,0.4071645438671112,0.6279126405715942,0.3984222114086151,-0.4414762556552887,-0.8654634356498718,0.7383384704589844,-0.006507540499956793,-1.517172122944833,1.6101923098143676,1.6479712471573995,-0.03708748081551188,0.0,0.18104639533802835,0.2018081468271196,-0.011117319379588167,0.018953604661971653,-0.0018081468271195892,0.011117319379588167,0.2,0.2,0.0,0.2713446520218847,-0.2713446520218847,False
0,407,-0.006507540499956793,-1.517172122944833,1.6101923098143676,1.6479712471573995,-0.03708748081551188,0.0,0.18104639533802835,0.2018081468271196,-0.011117319379588167,0.3999660313129425,-0.33595386147499084,0.831713080406189,-0.09446768462657928,0.8615581393241882,0.40377873182296753,-0.006136374346888415,-1.5168183204911683,1.6106630621538462,1.6476415002451252,-0.03748075805478909,0.0,0.18110673966180216,0.20179298215659813,-0.011045633441717398,0.018893260338197854,-0.0017929821565981349,0.011045633441717398,0.2,0.2,0.0,0.27137071473670427,-0.271891969033096,False
0,408,-0.006136374346888415,-1.5168183204911683,1.6106630621538462,1.6476415002451252,-0.03748075805478909,0.0,0.18110673966180216,0.20179298215659813,-0.011045633441717398,0.7264925837516785,-0.0014932591002434492,0.6349416971206665,-0.21769317984580994,0.4780603051185608,-0.5471914410591125,-0.006136374346888415,-1.5168183204911683,1.6106630621538462,1.6476415002451252,-0.03748075805478909,0.0,0.18135932391653004,0.20174801808476073,-0.010661506960850636,0.018640676083469965,-0.0017480180847607156,0.010661506960850636,0.2,0.2,0.0,0.2714905797689232,-0.27388788041330214,False
0,409,-0.006136374346888415,-1.5168183204911683,1.6106630621538462,1.6476415002451252,-0.03748075805478909,0.0,0.18135932391653004,0.20174801808476073,-0.010661506960850636,0.5349012613296509,-0.5973383188247681,-0.47548046708106995,-0.11986418068408966,-0.4560290575027466,0.1451563537120819,-0.004502848963181224,-1.5182538063525888,1.6139536417684972,1.6472863072282538,-0.03396057129235338,0.0,0.18143685041507213,0.2017341924367864,-0.010544210761498515,0.018563149584927878,-0.0017341924367863795,0.010544210761498515,0.2,0.2,0.0,0.2715275224857446,-0.27226637682217186,False
0,410,-0.004502848963181224,-1.5182538063525888,1.6139536417684972,1.6472863072282538,-0.03396057129235338,0.0,0.18143685041507213,0.2017341924367864,-0.010544210761498515,-0.2928643524646759,0.5299481153488159,0.6067465543746948,-0.6023402214050293,0.015852561220526695,0.13251221179962158,-0.004502848963181224,-1.5182538063525888,1.6139536417684972,1.6472863072282538,-0.03396057129235338,0.0,0.18182320892987305,0.20179425970943443,-0.009686667453898786,0.018176791070126957,-0.0017942597094344102,0.009686667453898786,0.2,0.2,0.0,0.2717985174418679,-0.2772184165643342,False
0,411,-0.004502848963181224,-1.5182538063525888,1.6139536417684972,1.6472863072282538,-0.03396057129235338,0.0,0.18182320892987305,0.20179425970943443,-0.009686667453898786,0.06343871355056763,0.14186988770961761,0.46978873014450073,-0.6890808939933777,0.0229729525744915,0.46450477838516235,-0.004502848963181224,-1.5182538063525888,1.6139536417684972,1.6472863072282538,-0.03396057129235338,0.0,0.1818733251696931,0.20180112167700506,-0.009580631970786915,0.01812667483030691,-0.0018011216770050464,0.009580631970786915,0.2,0.2,0.0,0.27183338210627844,-0.27253067539448944,False
0,412,-0.004502848963181224,-1.5182538063525888,1.6139536417684972,1.6472863072282538,-0.03396057129235338,0.0,0.1818733251696931,0.20180112167700506,-0.009580631970786915,0.16211092472076416,-0.5762144327163696,-0.19178876280784607,0.26907798647880554,-0.3563310205936432,0.5702950954437256,-0.004502848963181224,-1.5182538063525888,1.6139536417684972,1.6472863072282538,-0.03396057129235338,0.0,0.1818733251696931,0.20180112167700506,-0.009580631970786915,0.01812667483030691,-0.0018011216770050464,0.009580631970786915,0.2,0.2,0.0,0.27183338210627844,-0.27183338210627844,False
0,413,-0.004502848963181224,-1.5182538063525888,1.6139536417684972,1.6472863072282538,-0.03396057129235338,0.0,0.1818733251696931,0.20180112167700506,-0.009580631970786915,-0.22770892083644867,0.6523736715316772,-0.33123457431793213,-0.1634013056755066,-0.34920310974121094,-0.4614774286746979,-0.004502848963181224,-1.5182538063525888,1.6139536417684972,1.6472863072282538,-0.03396057129235338,0.0,0.1817570709492333,0.2017993517021295,-0.009681445072618061,0.018242929050766712,-0.0017993517021294893,0.009681445072618061,0.2,0.2,0.0,0.2717578730527204,-0.27024769198156,False
0,414,-0.004502848963181224,-1.5182538063525888,1.6139536417684972,1.6472863072282538,-0.03396057129235338,0.0,0.1817570709492333,0.2017993517021295,-0.009681445072618061,0.1468290239572525,0.512994647026062,-0.08752500265836716,0.4061218798160553,-0.1779361069202423,0.2690863609313965,-0.006914841789340075,-1.512458078178063,1.6175761901896468,1.641617332987739,-0.03541379235519278,0.0,0.18173960070135284,0.20180431769744064,-0.009745371991195708,0.018260399298647163,-0.001804317697440623,0.009745371991195708,0.2,0.2,0.0,0.2717521616835154,-0.271637934299415,False
0,415,-0.006914841789340075,-1.512458078178063,1.6175761901896468,1.641617332987739,-0.03541379235519278,0.0,0.18173960070135284,0.20180431769744064,-0.009745371991195708,0.8432260155677795,-0.3659970164299011,0.050163980573415756,-0.3330293595790863,-0.3058888614177704,-0.23621557652950287,-0.006609928242439191,-1.5121224923631214,1.6173464321332593,1.6422631493286446,-0.03557685702867156,0.0,0.1818307268377882,0.2017949439870036,-0.009787347573357322,0.01816927316221181,-0.0017949439870035774,0.009787347573357322,0.2,0.2,0.0,0.27180766143285584,-0.2729176564196646,False
0,416,-0.006609928242439191,-1.5121224923631214,1.6173464321332593,1.6422631493286446,-0.03557685702867156,0.0,0.1818307268377882,0.2017949439870036,-0.009787347573357322,0.415151447057724,-0.7640136480331421,0.41364070773124695,-0.06146973371505737,0.24436160922050476,-0.6905084848403931,-0.006097069703558344,-1.5126643010219387,1.617588727223786,1.6421050549767746,-0.03555055986707471,0.0,0.1817962821535442,0.20178142066387578,-0.009774371147527675,0.018203717846455806,-0.0017814206638757663,0.009774371147527675,0.2,0.2,0.0,0.27177411256650746,-0.27110313523953994,False
0,417,-0.006097069703558344,-1.5126643010219387,1.617588727223786,1.6421050549767746,-0.03555055986707471,0.0,0.1817962821535442,0.20178142066387578,-0.009774371147527675,0.4193679392337799,0.18813300132751465,-0.5787900686264038,-0.07542669028043747,0.8742730021476746,0.5414245128631592,-0.004718005615163108,-1.5151321405044984,1.6188733219262232,1.6419084799928694,-0.03463262320156395,0.0,0.18174785038209268,0.20174912414614807,-0.009674514865331413,0.018252149617907346,-0.0017491241461480443,0.009674514865331413,0.2,0.2,0.0,0.27171416313863533,-0.27051517458119273,False
0,418,-0.004718005615163108,-1.5151321405044984,1.6188733219262232,1.6419084799928694,-0.03463262320156395,0.0,0.18174785038209268,0.20174912414614807,-0.009674514865331413,0.8290891647338867,-0.1237514317035675,0.14018815755844116,0.026447637006640434,0.7474048137664795,-0.02453041449189186,-0.004718005615163108,-1.5151321405044984,1.6188733219262232,1.6419084799928694,-0.03463262320156395,0.0,0.18157215388319234,0.20170793354060992,-0.009829866030931528,0.01842784611680768,-0.001707933540609914,0.009829866030931528,0.2,0.2,0.0,0.2715716549737672,-0.26872149167640397,False
0,419,-0.004718005615163108,-1.5151321405044984,1.6188733219262232,1.6419084799928694,-0.03463262320156395,0.0,0.18157215388319234,0.20170793354060992,-0.009829866030931528,-0.43290722370147705,0.022426048293709755,0.8588669300079346,-0.6659560203552246,-0.43212419748306274,-0.687639594078064,-0.004278941805283207,-1.5148115162265763,1.6181396304181836,1.6418274492161595,-0.03363888302322443,0.0,0.18157215388319234,0.20170793354060992,-0.009829866030931528,0.01842784611680768,-0.001707933540609914,0.009829866030931528,0.2,0.2,0.0,0.2715716549737672,-0.2715716549737672,False
0,420,-0.004278941805283207,-1.5148115162265763,1.6181396304181836,1.6418274492161595,-0.03363888302322443,0.0,0.18157215388319234,0.20170793354060992,-0.009829866030931528,0.847089946269989,0.5548290014266968,0.23397566378116608,-0.28507691621780396,0.6082636713981628,-0.7378743290901184,-0.004278941805283207,-1.5148115162265763,1.6181396304181836,1.6418274492161595,-0.03363888302322443,0.0,0.18172169847007014,0.20161890827702494,-0.009650195878110779,0.01827830152992987,-0.0016189082770249469,0.009650195878110779,0.2,0.2,0.0,0.2715991276682464,-0.2721485815578309,False
0,421,-0.004278941805283207,-1.5148115162265763,1.6181396304181836,1.6418274492161595,-0.03363888302322443,0.0,0.18172169847007014,0.20161890827702494,-0.009650195878110779,-0.3876703381538391,-0.28350046277046204,0.44908425211906433,-0.5634355545043945,-0.44434499740600586,-0.6844754219055176,-0.0011078090895437136,-1.5134789028734612,1.6182285724361818,1.6411652069813212,-0.030601613905268762,0.0,0.18172169847007014,0.20161890827702494,-0.009650195878110779,0.01827830152992987,-0.0016189082770249469,0.009650195878110779,0.2,0.2,0.0,0.2715991276682464,-0.2715991276682464,False
0,422,-0.0011078090895437136,-1.5134789028734612,1.6182285724361818,1.6411652069813212,-0.030601613905268762,0.0,0.18172169847007014,0.20161890827702494,-0.009650195878110779,0.09907720237970352,0.06601779162883759,0.8494693636894226,0.559516966342926,-0.20214076340198517,0.7691985368728638,0.0003812083159154954,-1.5124536196411729,1.6189237877708378,1.6407372217253644,-0.029660154969049113,0.0,0.18178599466772669,0.20158742193125606,-0.00957410688028899,0.018214005332273322,-0.001587421931256053,0.00957410688028899,0.2,0.2,0.0,0.271616089473323,-0.27195532557485497,False
0,423,0.0003812083159154954,-1.5124536196411729,1.6189237877708378,1.6407372217253644,-0.029660154969049113,0.0,0.18178599466772669,0.20158742193125606,-0.00957410688028899,-0.7622160315513611,-0.0019967977423220873,-0.1626078188419342,-0.44786015152931213,-0.7812240123748779,-0.40316247940063477,0.0003132783392031567,-1.512438698812513,1.6192952701332473,1.6409543512989224,-0.029863955004875542,0.0,0.18191508855968747,0.20158741312414682,-0.009495608720417867,0.01808491144031256,-0.0015874131241468152,0.009495608720417867,0.2,0.2,0.0,0.2716997444988413,-0.27337284500920783,False
0,424,0.0003132783392031567,-1.512438698812513,1.6192952701332473,1.6409543512989224,-0.029863955004875542,0.0,0.18191508855968747,0.20158741312414682,-0.009495608720417867,-0.010556037537753582,0.055751923471689224,-0.5783066749572754,-0.5117372870445251,-0.4136044979095459,0.7514557242393494,-0.0004007990724261987,-1.5124244312616357,1.618957807077476,1.6403750063672533,-0.03070878284431813,0.0,0.18183087000406553,0.2016112258935683,-0.00951162054014618,0.01816912999593447,-0.0016112258935682881,0.00951162054014618,0.2,0.2,0.0,0.2716615957732019,-0.270898621260414,False
0,425,-0.0004007990724261987,-1.5124244312616357,1.618957807077476,1.6403750063672533,-0.03070878284431813,0.0,0.18183087000406553,0.2016112258935683,-0.00951162054014618,-0.4132814407348633,0.6234728097915649,0.5933496356010437,0.06363943964242935,-0.11391283571720123,-0.0733804926276207,-0.0005172054076216219,-1.5122121936789923,1.618869381291992,1.6401639691504333,-0.03092193478751112,0.0,0.18174694823297458,0.2016123135602926,-0.009551607632500292,0.018253051767025425,-0.0016123135602926035,0.009551607632500292,0.2,0.2,0.0,0.2716076423436913,-0.2705285737534784,False
0,426,-0.0005172054076216219,-1.5122121936789923,1.618869381291992,1.6401639691504333,-0.03092193478751112,0.0,0.18174694823297458,0.2016123135602926,-0.009551607632500292,-0.6160836219787598,-0.20901185274124146,0.8454569578170776,-0.15813055634498596,-0.5728256106376648,-0.44151178002357483,-0.0008326719154486016,-1.5120094325704867,1.6193171945828173,1.6401557837556822,-0.031102135990249104,0.0,0.18185114552801956,0.20162370634861965,-0.009464577179639805,0.01814885447198045,-0.001623706348619625,0.009464577179639805,0.2,0.2,0.0,0.2716827861915376,-0.27318566314846343,False
0,427,-0.0008326719154486016,-1.5120094325704867,1.6193171945828173,1.6401557837556822,-0.031102135990249104,0.0,0.18185114552801956,0.20162370634861965,-0.009464577179639805,0.6225451231002808,0.32664933800697327,0.1503317803144455,-0.5683242678642273,0.40155696868896484,0.6477659344673157,-0.0010715394195775095,-1.512064265901815,1.6199447881748956,1.6398749663498988,-0.03138011919281974,0.0,0.18189836723926178,0.20163066465681245,-0.00937236841760615,0.018101632760738232,-0.0016306646568124443,0.00937236841760615,0.2,0.2,0.0,0.27171636355584594,-0.2723879108420133,False
0,428,-0.0010715394195775095,-1.512064265901815,1.6199447881748956,1.6398749663498988,-0.03138011919281974,0.0,0.18189836723926178,0.20163066465681245,-0.00937236841760615,0.6624026298522949,0.11489234864711761,0.6951707005500793,0.4979344308376312,0.26660624146461487,-0.17552363872528076,-0.0006878580122267958,-1.5119467564438396,1.6202229739690186,1.6399232809144377,-0.03118902858170977,0.0,0.18189836723926178,0.20163066465681245,-0.00937236841760615,0.018101632760738232,-0.0016306646568124443,0.00937236841760615,0.2,0.2,0.0,0.27171636355584594,-0.27171636355584594,False
0,429,-0.0006878580122267958,-1.5119467564438396,1.6202229739690186,1.6399232809144377,-0.03118902858170977,0.0,0.18189836723926178,0.20163066465681245,-0.00937236841760615,-0.326568603515625,-0.2623101472854614,0.7824304103851318,-0.4374498128890991,-0.1442103385925293,0.6175756454467773,-0.0006878580122267958,-1.5119467564438396,1.6202229739690186,1.6399232809144377,-0.03118902858170977,0.0,0.1831510311072083,0.20150365954816044,-0.008533015902334434,0.01684896889279171,-0.001503659548160413,0.008533015902334434,0.2,0.2,0.0,0.27243501494360817,-0.2868080426988527,False
0,430,-0.0006878580122267958,-1.5119467564438396,1.6202229739690186,1.6399232809144377,-0.03118902858170977,0.0,0.1831510311072083,0.20150365954816044,-0.008533015902334434,0.3377337157726288,-0.6790746450424194,0.47210416197776794,-0.6217165589332581,-0.24778184294700623,-0.30883437395095825,-0.0006878580122267958,-1.5119467564438396,1.6202229739690186,1.6399232809144377,-0.03118902858170977,0.0,0.18297335716712554,0.20150535039110418,-0.00840751759913716,0.01702664283287448,-0.0015053503911041785,0.00840751759913716,0.2,0.2,0.0,0.2723129486848357,-0.2698716235093861,False
0,431,-0.0006878580122267958,-1.5119467564438396,1.6202229739690186,1.6399232809144377,-0.03118902858170977,0.0,0.18297335716712554,0.20150535039110418,-0.00840751759913716,-0.17476604878902435,-0.8207524418830872,0.043723925948143005,-0.5682288408279419,-0.16305039823055267,-0.05418195575475693,-0.0006878580122267958,-1.5119467564438396,1.6202229739690186,1.6399232809144377,-0.03118902858170977,0.0,0.18228031434013459,0.20151869724339197,-0.008460777407003947,0.017719685659865436,-0.0015186972433919451,0.008460777407003947,0.2,0.2,0.0,0.27185930752678494,-0.26278648436577007,False
0,432,-0.0006878580122267958,-1.5119467564438396,1.6202229739690186,1.6399232809144377,-0.03118902858170977,0.0,0.18228031434013459,0.20151869724339197,-0.008460777407003947,-0.45856979489326477,-0.8511977791786194,-0.6978051662445068,0.58884197473526,-0.680097222328186,-0.7460088729858398,0.0025209065069088407,-1.5169989386977611,1.6269425982155816,1.637693184939488,-0.03145060947477859,0.0,0.18228031434013459,0.20151869724339197,-0.008460777407003947,0.017719685659865436,-0.0015186972433919451,0.008460777407003947,0.2,0.2,0.0,0.27185930752678494,-0.27185930752678494,False
0,433,0.0025209065069088407,-1.5169989386977611,1.6269425982155816,1.637693184939488,-0.03145060947477859,0.0,0.18228031434013459,0.20151869724339197,-0.008460777407003947,-0.3744223117828369,-0.5575031042098999,-0.42564085125923157,0.3687272369861603,-0.38883596658706665,-0.6907291412353516,0.0022991052528190787,-1.5172908600849515,1.6266242808088616,1.6379411644412827,-0.03170068487727702,0.0,0.18212562048468203,0.20152968881658026,-0.008530386428990122,0.017874379515317985,-0.0015296888165802372,0.008530386428990122,0.2,0.2,0.0,0.27176593716664715,-0.26989852996389135,False
0,434,0.0022991052528190787,-1.5172908600849515,1.6266242808088616,1.6379411644412827,-0.03170068487727702,0.0,0.18212562048468203,0.20152968881658026,-0.008530386428990122,0.7664873600006104,-0.8401615619659424,-0.1446022391319275,-0.14665533602237701,0.16786038875579834,0.6359399557113647,0.002350581822269532,-1.5175700203415274,1.626501121873983,1.6379993170518454,-0.03175974010352059,0.0,0.18207577214961246,0.20153062100495833,-0.00857641225548245,0.01792422785038756,-0.0015306210049583283,0.00857641225548245,0.2,0.2,0.0,0.27173467363164705,-0.271109402931645,False
0,435,0.002350581822269532,-1.5175700203415274,1.626501121873983,1.6379993170518454,-0.03175974010352059,0.0,0.18207577214961246,0.20153062100495833,-0.00857641225548245,0.3280882239341736,0.7031668424606323,0.18685223162174225,-0.4589102566242218,-0.19747380912303925,-0.7285814881324768,0.002578583860955692,-1.5178155053255706,1.6264603655906384,1.6379543392011156,-0.03170840822131611,0.0,0.18195099112328827,0.20150521445136013,-0.008621985299801928,0.01804900887671174,-0.0015052144513601246,0.008621985299801928,0.2,0.2,0.0,0.27163367473924427,-0.26961369689118864,False
0,436,0.002578583860955692,-1.5178155053255706,1.6264603655906384,1.6379543392011156,-0.03170840822131611,0.0,0.18195099112328827,0.20150521445136013,-0.008621985299801928,0.5593439340591431,0.8757690191268921,0.6035693883895874,0.6860456466674805,0.4969462752342224,0.37699437141418457,0.0035728616500549947,-1.5184420451560023,1.6264482469229191,1.637833814453593,-0.031468399398451065,0.0,0.18196998467527103,0.20149460417550313,-0.008605900898611091,0.01803001532472897,-0.0014946041755031364,0.008605900898611091,0.2,0.2,0.0,0.27163801715672603,-0.27172486550636127,False
0,437,0.0035728616500549947,-1.5184420451560023,1.6264482469229191,1.637833814453593,-0.031468399398451065,0.0,0.18196998467527103,0.20149460417550313,-0.008605900898611091,0.2982173264026642,-0.6764504909515381,-0.8328552842140198,0.8473975658416748,0.43796730041503906,-0.46565666794776917,0.004014368648364089,-1.5179734983118078,1.626673765337115,1.6385226146572744,-0.03101931713681314,0.0,0.18212424601656796,0.20148232104757577,-0.008575264519889728,0.01787575398343206,-0.0014823210475757662,0.008575264519889728,0.2,0.2,0.0,0.27173130449657035,-0.2735970512934567,False
0,438,0.004014368648364089,-1.5179734983118078,1.626673765337115,1.6385226146572744,-0.03101931713681314,0.0,0.18212424601656796,0.20148232104757577,-0.008575264519889728,0.20229946076869965,-0.7254617214202881,-0.2013525515794754,-0.28773191571235657,-0.5848678350448608,-0.3438263535499573,0.00416626163295535,-1.5183896043938463,1.6262912419422193,1.6388086173085148,-0.030951249809862535,0.0,0.18212424601656796,0.20148232104757577,-0.008575264519889728,0.01787575398343206,-0.0014823210475757662,0.008575264519889728,0.2,0.2,0.0,0.27173130449657035,-0.27173130449657035,False
0,439,0.00416626163295535,-1.5183896043938463,1.6262912419422193,1.6388086173085148,-0.030951249809862535,0.0,0.18212424601656796,0.20148232104757577,-0.008575264519889728,0.038524381816387177,-0.8879193067550659,-0.493497759103775,-0.9331440329551697,-0.2429628074169159,-0.25909146666526794,0.0042013571694831916,-1.5185165262550013,1.6262582190707955,1.6387545527207252,-0.03105690605643288,0.0,0.18204656473717573,0.20147654776727675,-0.008654141945979618,0.01795343526282428,-0.0014765477672767234,0.008654141945979618,0.2,0.2,0.0,0.2716774653990419,-0.2706006834484733,False
0,440,0.0042013571694831916,-1.5185165262550013,1.6262582190707955,1.6387545527207252,-0.03105690605643288,0.0,0.18204656473717573,0.20147654776727675,-0.008654141945979618,-0.7105661630630493,-0.6563743352890015,0.10362856835126877,0.5387798547744751,0.10634735226631165,0.040173452347517014,0.0042013571694831916,-1.5185165262550013,1.6262582190707955,1.6387545527207252,-0.03105690605643288,0.0,0.18196342008797442,0.2016094559050091,-0.00882958795503144,0.01803657991202559,-0.0016094559050090888,0.00882958795503144,0.2,0.2,0.0,0.2717260027746371,-0.2726967502865407,False
0,441,0.0042013571694831916,-1.5185165262550013,1.6262582190707955,1.6387545527207252,-0.03105690605643288,0.0,0.18196342008797442,0.2016094559050091,-0.00882958795503144,-0.07118691504001617,0.507385790348053,0.433406800031662,-0.5825373530387878,-0.2494831532239914,0.513608455657959,-0.001849338944831846,-1.5214057807271022,1.6294738148735022,1.6390923400499988,-0.03213085260951853,0.0,0.18227527820542522,0.20165276103485413,-0.008294874202930489,0.017724721794574783,-0.0016527610348541265,0.008294874202930489,0.2,0.2,0.0,0.2719502123843399,-0.2764344045783963,False
0,442,-0.001849338944831846,-1.5214057807271022,1.6294738148735022,1.6390923400499988,-0.03213085260951853,0.0,0.18227527820542522,0.20165276103485413,-0.008294874202930489,-0.0753549262881279,0.21148386597633362,0.5470424294471741,0.3786655366420746,-0.5336462259292603,-0.5957983732223511,-0.001849338944831846,-1.5214057807271022,1.6294738148735022,1.6390923400499988,-0.03213085260951853,0.0,0.18292819311389635,0.20161668109550748,-0.007286126102081486,0.017071806886103644,-0.0016166810955074763,0.007286126102081486,0.2,0.2,0.0,0.2723326964678644,-0.279982378138354,False
0,443,-0.001849338944831846,-1.5214057807271022,1.6294738148735022,1.6390923400499988,-0.03213085260951853,0.0,0.18292819311389635,0.20161668109550748,-0.007286126102081486,-0.16230443120002747,-0.0010306421900168061,0.5719566345214844,-0.6883600950241089,-0.3418607711791992,-0.22127129137516022,-0.001849338944831846,-1.5214057807271022,1.6294738148735022,1.6390923400499988,-0.03213085260951853,0.0,0.1830239041483085,0.20162834863147963,-0.007154676623289769,0.01697609585169153,-0.0016283486314796287,0.007154676623289769,0.2,0.2,0.0,0.272402147310058,-0.2737911641539304,False
0,444,-0.001849338944831846,-1.5214057807271022,1.6294738148735022,1.6390923400499988,-0.03213085260951853,0.0,0.1830239041483085,0.20162834863147963,-0.007154676623289769,-0.2171931266784668,0.8891158699989319,0.1744585484266281,-0.2218770980834961,0.3475562036037445,-0.7214177846908569,-0.001849338944831846,-1.5214057807271022,1.6294738148735022,1.6390923400499988,-0.03213085260951853,0.0,0.18286926283339971,0.20165778414095492,-0.006845056063730093,0.0171307371666003,-0.0016577841409549166,0.006845056063730093,0.2,0.2,0.0,0.27231210767497394,-0.2705113149732923,False
0,445,-0.001849338944831846,-1.5214057807271022,1.6294738148735022,1.6390923400499988,-0.03213085260951853,0.0,0.18286926283339971,0.20165778414095492,-0.006845056063730093,-0.04848143830895424,0.6315016746520996,-0.9904757738113403,0.23111781477928162,-0.8456130027770996,0.17745760083198547,-0.001849338944831846,-1.5214057807271022,1.6294738148735022,1.6390923400499988,-0.03213085260951853,0.0,0.1826922704711776,0.20169911671660742,-0.006990307683233721,0.01730772952882242,-0.0016991167166074187,0.006990307683233721,0.2,0.2,0.0,0.2722275955440223,-0.2705373529249899,False
0,446,-0.001849338944831846,-1.5214057807271022,1.6294738148735022,1.6390923400499988,-0.03213085260951853,0.0,0.1826922704711776,0.20169911671660742,-0.006990307683233721,-0.461702436208725,0.22892916202545166,0.12363091856241226,0.26230889558792114,0.3380369544029236,-0.7200732231140137,-0.001849338944831846,-1.5214057807271022,1.6294738148735022,1.6390923400499988,-0.03213085260951853,0.0,0.18149228911135706,0.20169884218507336,-0.009992914021123542,0.018507710888642937,-0.0016988421850733604,0.009992914021123542,0.2,0.2,0.0,0.27151746219407896,-0.2573147951952119,False
0,447,-0.001849338944831846,-1.5214057807271022,1.6294738148735022,1.6390923400499988,-0.03213085260951853,0.0,0.18149228911135706,0.20169884218507336,-0.009992914021123542,0.3340795934200287,0.46506720781326294,-0.7242927551269531,-0.6634057760238647,-0.4535340964794159,0.4379754066467285,-0.001849338944831846,-1.5214057807271022,1.6294738148735022,1.6390923400499988,-0.03213085260951853,0.0,0.18200287283516764,0.20177184407510695,-0.009736058735021935,0.017997127164832365,-0.0017718440751069544,0.009736058735021935,0.2,0.2,0.0,0.27190386834580943,-0.2796319913804188,False
0,448,-0.001849338944831846,-1.5214057807271022,1.6294738148735022,1.6390923400499988,-0.03213085260951853,0.0,0.18200287283516764,0.20177184407510695,-0.009736058735021935,-0.27488893270492554,-0.6585114002227783,-0.39685797691345215,0.15819883346557617,-0.839528501033783,-0.8646062612533569,-0.001849338944831846,-1.5214057807271022,1.6294738148735022,1.6390923400499988,-0.03213085260951853,0.0,0.18161048780160266,0.20175334202554582,-0.009835796382326734,0.018389512198397337,-0.0017533420255458048,0.009835796382326734,0.2,0.2,0.0,0.2716312264605959,-0.26617838875632527,False
0,449,-0.001849338944831846,-1.5214057807271022,1.6294738148735022,1.6390923400499988,-0.03213085260951853,0.0,0.18161048780160266,0.20175334202554582,-0.009835796382326734,0.08433455228805542,-0.7634894847869873,0.874701201915741,-0.2522582709789276,-0.9286584258079529,0.22465482354164124,-0.0056738264777828964,-1.5135821378601275,1.6167694882168822,1.6405900622368106,-0.046986288449551446,0.0,0.1814059260642505,0.20176822231024646,-0.009913306302116929,0.01859407393574952,-0.001768222310246455,0.009913306302116929,0.2,0.2,0.0,0.2715083777479158,-0.269051403494314,False
0,450,-0.0056738264777828964,-1.5135821378601275,1.6167694882168822,1.6405900622368106,-0.046986288449551446,0.0,0.1814059260642505,0.20176822231024646,-0.009913306302116929,-0.11357298493385315,-0.7130159139633179,0.12219338119029999,-0.17702804505825043,0.14535227417945862,-0.7761774063110352,-0.0056738264777828964,-1.5135821378601275,1.6167694882168822,1.6405900622368106,-0.046986288449551446,0.0,0.18016281114578248,0.20183987833231734,-0.009866747161630062,0.01983718885421754,-0.0018398783323173343,0.009866747161630062,0.2,0.2,0.0,0.2707310985178967,-0.255185513917514,False
0,451,-0.0056738264777828964,-1.5135821378601275,1.6167694882168822,1.6405900622368106,-0.046986288449551446,0.0,0.18016281114578248,0.20183987833231734,-0.009866747161630062,0.7311270236968994,-0.765491247177124,-0.8365299105644226,-0.9178919196128845,0.19910567998886108,-0.3797682821750641,-0.0056738264777828964,-1.5135821378601275,1.6167694882168822,1.6405900622368106,-0.046986288449551446,0.0,0.18003353519182752,0.20184326775811162,-0.009887265705353188,0.019966464808172484,-0.0018432677581115974,0.009887265705353188,0.2,0.2,0.0,0.27064836329833586,-0.26899365890711957,False
0,452,-0.0056738264777828964,-1.5135821378601275,1.6167694882168822,1.6405900622368106,-0.046986288449551446,0.0,0.18003353519182752,0.20184326775811162,-0.009887265705353188,-0.08971711993217468,-0.7947578430175781,-0.5497261881828308,0.17776402831077576,-0.40745192766189575,-0.6304214000701904,-0.0056738264777828964,-1.5135821378601275,1.6167694882168822,1.6405900622368106,-0.046986288449551446,0.0,0.17847303769318396,0.20169792439531314,-0.010785919741804265,0.021526962306816066,-0.0016979243953131353,0.010785919741804265,0.2,0.2,0.0,0.269538520351891,-0.24734166142299424,False
0,453,-0.0056738264777828964,-1.5135821378601275,1.6167694882168822,1.6405900622368106,-0.046986288449551446,0.0,0.17847303769318396,0.20169792439531314,-0.010785919741804265,0.4009586274623871,-0.9019395112991333,0.2740975022315979,-0.06590665876865387,-0.1627134531736374,0.6738747358322144,-0.003346831557960094,-1.530651095060167,1.6122022929472035,1.6332825736284242,-0.0450149716433983,0.0,0.17854575359301678,0.20168377663155537,-0.010931794123179649,0.02145424640698323,-0.0016837766315553658,0.010931794123179649,0.2,0.2,0.0,0.2695819652818359,-0.27045086388073397,False
0,454,-0.003346831557960094,-1.530651095060167,1.6122022929472035,1.6332825736284242,-0.0450149716433983,0.0,0.17854575359301678,0.20168377663155537,-0.010931794123179649,0.8559675216674805,-0.44006380438804626,0.4536604881286621,-0.9099730253219604,-0.3351184129714966,0.6319652795791626,-0.003346831557960094,-1.530651095060167,1.6122022929472035,1.6332825736284242,-0.0450149716433983,0.0,0.17863721422416318,0.2016181635933177,-0.010673317719461953,0.021362785775836845,-0.0016181635933176768,0.010673317719461953,0.2,0.2,0.0,0.2695831187364149,-0.2696061878279941,False
0,455,-0.003346831557960094,-1.530651095060167,1.6122022929472035,1.6332825736284242,-0.0450149716433983,0.0,0.17863721422416318,0.2016181635933177,-0.010673317719461953,-0.0945601686835289,-0.03379733860492706,0.830592155456543,-0.07992666214704514,-0.17150430381298065,0.5642037391662598,-0.003346831557960094,-1.530651095060167,1.6122022929472035,1.6332825736284242,-0.0450149716433983,0.0,0.1772818961664133,0.20124374727042404,-0.009791352252806616,0.02271810383358672,-0.0012437472704240299,0.009791352252806616,0.2,0.2,0.0,0.26837247828855293,-0.24415966933131383,False
0,456,-0.003346831557960094,-1.530651095060167,1.6122022929472035,1.6332825736284242,-0.0450149716433983,0.0,0.1772818961664133,0.20124374727042404,-0.009791352252806616,0.501339316368103,-0.3104524314403534,0.34430843591690063,0.545810341835022,-0.6373302936553955,0.25863492488861084,0.009822594963046284,-1.538433833084371,1.6210302851354699,1.6212894329901808,-0.051468884343778235,0.0,0.17744834106445181,0.2012662168022848,-0.009698608809826776,0.0225516589355482,-0.0012662168022847793,0.009698608809826776,0.2,0.2,0.0,0.2684959343924529,-0.2709650564704522,False
0,457,0.009822594963046284,-1.538433833084371,1.6210302851354699,1.6212894329901808,-0.051468884343778235,0.0,0.17744834106445181,0.2012662168022848,-0.009698608809826776,0.8048030138015747,0.9481154680252075,-0.5413981080055237,0.050353702157735825,0.4302835166454315,0.6089457869529724,0.009993544641151276,-1.5382851093451664,1.6209527763148275,1.6216864883827296,-0.05156527142174353,0.0,0.1775116715831638,0.20126077636745443,-0.009712452798829402,0.02248832841683621,-0.001260776367454426,0.009712452798829402,0.2,0.2,0.0,0.2685342164262294,-0.269299857101759,False
0,458,0.009993544641151276,-1.5382851093451664,1.6209527763148275,1.6216864883827296,-0.05156527142174353,0.0,0.1775116715831638,0.20126077636745443,-0.009712452798829402,-0.3567255139350891,0.9209670424461365,0.6703289747238159,-0.6191068887710571,-0.5994691848754883,-0.7567404508590698,0.010492487095856486,-1.5374552945130742,1.6206933329110116,1.6216002742346334,-0.05136680623779202,0.0,0.17753939291693818,0.20124425649619515,-0.009720873278837774,0.02246060708306184,-0.0012442564961951468,0.009720873278837774,0.2,0.2,0.0,0.268540466573149,-0.2686654695115416,False
0,459,0.010492487095856486,-1.5374552945130742,1.6206933329110116,1.6216002742346334,-0.05136680623779202,0.0,0.17753939291693818,0.20124425649619515,-0.009720873278837774,0.19738462567329407,0.4984405040740967,0.44034966826438904,0.007049518171697855,-0.7664341330528259,-0.13928084075450897,0.010409407601081187,-1.5369142593889897,1.6211286950478025,1.6213513560637676,-0.05188886376190349,0.0,0.17753939291693818,0.20124425649619515,-0.009720873278837774,0.02246060708306184,-0.0012442564961951468,0.009720873278837774,0.2,0.2,0.0,0.268540466573149,-0.268540466573149,False
0,460,0.010409407601081187,-1.5369142593889897,1.6211286950478025,1.6213513560637676,-0.05188886376190349,0.0,0.17753939291693818,0.20124425649619515,-0.009720873278837774,-0.518492579460144,0.5978604555130005,-0.2618219554424286,-0.02295454405248165,-0.21542063355445862,0.5232075452804565,0.010409407601081187,-1.5369142593889897,1.6211286950478025,1.6213513560637676,-0.05188886376190349,0.0,0.17766354710528337,0.2012782601813136,-0.009649986741436956,0.022336452894716644,-0.0012782601813135668,0.009649986741436956,0.2,0.2,0.0,0.26864548430181684,-0.2707458388751735,False
0,461,0.010409407601081187,-1.5369142593889897,1.6211286950478025,1.6213513560637676,-0.05188886376190349,0.0,0.17766354710528337,0.2012782601813136,-0.009649986741436956,0.8882347941398621,-0.014798015356063843,0.47053420543670654,0.7769067287445068,-0.1508101522922516,-0.7539722323417664,0.010409407601081187,-1.5369142593889897,1.6211286950478025,1.6213513560637676,-0.05188886376190349,0.0,0.17777665777983986,0.2012891028832443,-0.009646160474313378,0.022223342220160137,-0.0012891028832442888,0.009646160474313378,0.2,0.2,0.0,0.26872828545355587,-0.2703843084883365,False
0,462,0.010409407601081187,-1.5369142593889897,1.6211286950478025,1.6213513560637676,-0.05188886376190349,0.0,0.17777665777983986,0.2012891028832443,-0.009646160474313378,-0.7693979144096375,0.5268030166625977,0.8282871842384338,-0.5394517779350281,-0.00033968687057495117,0.49679499864578247,0.010409407601081187,-1.5369142593889897,1.6211286950478025,1.6213513560637676,-0.05188886376190349,0.0,0.18032269774918652,0.20081823085897552,-0.008715115589215644,0.01967730225081349,-0.0008182308589754967,0.008715115589215644,0.2,0.2,0.0,0.2700373870570641,-0.29621941912722854,False
0,463,0.010409407601081187,-1.5369142593889897,1.6211286950478025,1.6213513560637676,-0.05188886376190349,0.0,0.18032269774918652,0.20081823085897552,-0.008715115589215644,0.3099680244922638,-0.22339287400245667,0.2237584888935089,-0.3776775896549225,0.32692182064056396,0.9276713728904724,0.010409407601081187,-1.5369142593889897,1.6211286950478025,1.6213513560637676,-0.05188886376190349,0.0,0.18065935080237935,0.20079947577986332,-0.008488457996147527,0.019340649197620647,-0.0007994757798633162,0.008488457996147527,0.2,0.2,0.0,0.2702411597535754,-0.27431661368380106,False
0,464,0.010409407601081187,-1.5369142593889897,1.6211286950478025,1.6213513560637676,-0.05188886376190349,0.0,0.18065935080237935,0.20079947577986332,-0.008488457996147527,0.7158682942390442,0.38753700256347656,-0.8286356925964355,-0.11906839907169342,-0.27951285243034363,0.3246779143810272,0.010409407601081187,-1.5369142593889897,1.6211286950478025,1.6213513560637676,-0.05188886376190349,0.0,0.17956865182742263,0.20082537806441755,-0.008744787499253746,0.02043134817257739,-0.000825378064417545,0.008744787499253746,0.2,0.2,0.0,0.26954072883748287,-0.2555321105156327,False
0,465,0.010409407601081187,-1.5369142593889897,1.6211286950478025,1.6213513560637676,-0.05188886376190349,0.0,0.17956865182742263,0.20082537806441755,-0.008744787499253746,-0.1196943074464798,-0.3283853828907013,-0.23438015580177307,-0.5810726881027222,0.7671477794647217,-0.5221909880638123,0.010409407601081187,-1.5369142593889897,1.6211286950478025,1.6213513560637676,-0.05188886376190349,0.0,0.17890862164498697,0.20077528532126218,-0.00930617011883757,0.021091378355013037,-0.000775285321262179,0.00930617011883757,0.2,0.2,0.0,0.26908291453941124,-0.25992662857797877,False
0,466,0.010409407601081187,-1.5369142593889897,1.6211286950478025,1.6213513560637676,-0.05188886376190349,0.0,0.17890862164498697,0.20077528532126218,-0.00930617011883757,-0.8135530352592468,-0.26920610666275024,-0.8472321629524231,-0.006157871801406145,0.8848748803138733,-0.0036455143708735704,0.020188758400255344,-1.5359900484273912,1.619482567123522,1.6258834570846692,-0.050021411743463466,0.0,0.17766768758881538,0.20100904113843007,-0.010201731130442648,0.02233231241118463,-0.0010090411384300608,0.010201731130442648,0.2,0.2,0.0,0.26846697590319335,-0.25614820317883547,False
0,467,0.020188758400255344,-1.5359900484273912,1.619482567123522,1.6258834570846692,-0.050021411743463466,0.0,0.17766768758881538,0.20100904113843007,-0.010201731130442648,-0.512357771396637,-0.8007512092590332,0.8323372602462769,-0.6520634889602661,-0.05270581692457199,0.11297161877155304,0.010293747749570273,-1.5385951832968288,1.612602175165034,1.624518183791987,-0.04287821463724609,0.0,0.176763594733959,0.2012351364992918,-0.010960473509995409,0.023236405266041,-0.001235136499291804,0.010960473509995409,0.2,0.2,0.0,0.2680691712314626,-0.26011307779684806,False
0,468,0.010293747749570273,-1.5385951832968288,1.612602175165034,1.624518183791987,-0.04287821463724609,0.0,0.176763594733959,0.2012351364992918,-0.010960473509995409,-0.22258360683918,0.2874405086040497,-0.15495982766151428,-0.7719537615776062,0.789483904838562,-0.513164758682251,0.010293747749570273,-1.5385951832968288,1.612602175165034,1.624518183791987,-0.04287821463724609,0.0,0.1766740165953661,0.20131584168515304,-0.009767686167146641,0.0233259834046339,-0.001315841685153032,0.009767686167146641,0.2,0.2,0.0,0.26802459578628446,-0.2671330868827212,False
0,469,0.010293747749570273,-1.5385951832968288,1.612602175165034,1.624518183791987,-0.04287821463724609,0.0,0.1766740165953661,0.20131584168515304,-0.009767686167146641,-0.6662743091583252,-0.9471704959869385,0.5412282943725586,0.7410389184951782,0.04494258016347885,-0.38163459300994873,0.007774877134628683,-1.5443769393076343,1.6211874909045927,1.61793810270898,-0.04342237709086851,0.0,0.17655028387889005,0.20132266630070814,-0.009829577342060414,0.023449716121109954,-0.0013226663007081174,0.009829577342060414,0.2,0.2,0.0,0.26795044186354033,-0.26646736340865784,False
0,470,0.007774877134628683,-1.5443769393076343,1.6211874909045927,1.61793810270898,-0.04342237709086851,0.0,0.17655028387889005,0.20132266630070814,-0.009829577342060414,-0.8065356016159058,-0.13701553642749786,0.8061217069625854,0.7588986158370972,-0.5837892293930054,-0.15272526443004608,0.007774877134628683,-1.5443769393076343,1.6211874909045927,1.61793810270898,-0.04342237709086851,0.0,0.1780153902213342,0.20155178840607502,-0.00907240969616141,0.021984609778665818,-0.0015517884060750095,0.00907240969616141,0.2,0.2,0.0,0.26906302455565334,-0.2913146783979135,False
0,471,0.007774877134628683,-1.5443769393076343,1.6211874909045927,1.61793810270898,-0.04342237709086851,0.0,0.1780153902213342,0.20155178840607502,-0.00907240969616141,0.22104690968990326,-0.49743688106536865,-0.4980824887752533,-0.6425812244415283,0.7515228986740112,-0.6564846038818359,0.007774877134628683,-1.5443769393076343,1.6211874909045927,1.61793810270898,-0.04342237709086851,0.0,0.17821671818541604,0.20160635298018484,-0.008929431257927112,0.021783281814583975,-0.001606352980184823,0.008929431257927112,0.2,0.2,0.0,0.2692323437949849,-0.272618728581616,False
0,472,0.007774877134628683,-1.5443769393076343,1.6211874909045927,1.61793810270898,-0.04342237709086851,0.0,0.17821671818541604,0.20160635298018484,-0.008929431257927112,0.24360734224319458,0.27790698409080505,0.4607853293418884,0.35127368569374084,0.7528310418128967,0.6203611493110657,0.007774877134628683,-1.5443769393076343,1.6211874909045927,1.61793810270898,-0.04342237709086851,0.0,0.1747650530170782,0.20135165179898767,-0.010537933288678667,0.025234946982921818,-0.001351651798987653,0.010537933288678667,0.2,0.2,0.0,0.2668264594755167,-0.21870877308615272,False
0,473,0.007774877134628683,-1.5443769393076343,1.6211874909045927,1.61793810270898,-0.04342237709086851,0.0,0.1747650530170782,0.20135165179898767,-0.010537933288678667,0.809906005859375,-0.24992002546787262,-0.4209428131580353,-0.07499149441719055,0.008789223618805408,0.47530126571655273,0.011020784426756391,-1.552911172081772,1.6159792399292694,1.6122863465915611,-0.03556698040989357,0.0,0.174582419587769,0.20133675198032377,-0.010626371911191021,0.02541758041223102,-0.0013367519803237566,0.010626371911191021,0.2,0.2,0.0,0.26669913518251454,-0.2641526493224713,False
0,474,0.011020784426756391,-1.552911172081772,1.6159792399292694,1.6122863465915611,-0.03556698040989357,0.0,0.174582419587769,0.20133675198032377,-0.010626371911191021,0.93196040391922,0.43538323044776917,0.5110993385314941,0.5882781147956848,0.6688939332962036,-0.6599876284599304,0.011020784426756391,-1.552911172081772,1.6159792399292694,1.6122863465915611,-0.03556698040989357,0.0,0.1744937909875825,0.20103566371862214,-0.010977146321747667,0.02550620901241751,-0.001035663718622129,0.010977146321747667,0.2,0.2,0.0,0.26642807457431006,-0.26100686241022053,False
0,475,0.011020784426756391,-1.552911172081772,1.6159792399292694,1.6122863465915611,-0.03556698040989357,0.0,0.1744937909875825,0.20103566371862214,-0.010977146321747667,-0.537977933883667,-0.13469551503658295,0.7889470458030701,0.12255487591028214,-0.5529133081436157,0.2710230052471161,0.011020784426756391,-1.552911172081772,1.6159792399292694,1.6122863465915611,-0.03556698040989357,0.0,0.17623084378242776,0.20078862523049873,-0.01010120286565511,0.023769156217572255,-0.0007886252304987284,0.01010120286565511,0.2,0.2,0.0,0.2673488668791271,-0.2857647129754684,False
0,476,0.011020784426756391,-1.552911172081772,1.6159792399292694,1.6122863465915611,-0.03556698040989357,0.0,0.17623084378242776,0.20078862523049873,-0.01010120286565511,-0.8817795515060425,-0.47442010045051575,0.3182857632637024,-0.21152690052986145,0.17368467152118683,-0.5309128165245056,0.011020784426756391,-1.552911172081772,1.6159792399292694,1.6122863465915611,-0.03556698040989357,0.0,0.1764667259910798,0.20095658736496613,-0.009675072166660113,0.023533274008920215,-0.0009565873649661288,0.009675072166660113,0.2,0.2,0.0,0.26761476493051384,-0.27293272595824813,False
0,477,0.011020784426756391,-1.552911172081772,1.6159792399292694,1.6122863465915611,-0.03556698040989357,0.0,0.1764667259910798,0.20095658736496613,-0.009675072166660113,-0.2095952183008194,-0.4132106602191925,-0.12998376786708832,0.21976791322231293,0.641128420829773,-0.3172069489955902,0.011020784426756391,-1.552911172081772,1.6159792399292694,1.6122863465915611,-0.03556698040989357,0.0,0.17603450493107273,0.20118289503093748,-0.009630210751544976,0.023965495068927273,-0.0011828950309374685,0.009630210751544976,0.2,0.2,0.0,0.26749849558170646,-0.265173108605559,False
0,478,0.011020784426756391,-1.552911172081772,1.6159792399292694,1.6122863465915611,-0.03556698040989357,0.0,0.17603450493107273,0.20118289503093748,-0.009630210751544976,0.7628510594367981,-0.1638633757829666,0.7504338622093201,0.3117824196815491,-0.5319790840148926,0.14327013492584229,0.012939617344143008,-1.5524046583633986,1.624377018238114,1.6164944843008273,-0.03352667811513537,0.0,0.17619360544479123,0.2011249891028465,-0.009423848217310665,0.02380639455520878,-0.0011249891028464938,0.009423848217310665,0.2,0.2,0.0,0.26755234395623934,-0.2686293114468968,False
0,479,0.012939617344143008,-1.5524046583633986,1.624377018238114,1.6164944843008273,-0.03352667811513537,0.0,0.17619360544479123,0.2011249891028465,-0.009423848217310665,-0.6078028678894043,-0.745692253112793,0.4287528097629547,0.4170991778373718,-0.6417906284332275,0.5844178795814514,0.012939617344143008,-1.5524046583633986,1.624377018238114,1.6164944843008273,-0.03352667811513537,0.0,0.17668719981684008,0.20099903205292183,-0.00900954246546562,0.023312800183159937,-0.0009990320529218123,0.00900954246546562,0.2,0.2,0.0,0.2677688356040794,-0.2720986685608803,False
0,480,0.012939617344143008,-1.5524046583633986,1.624377018238114,1.6164944843008273,-0.03352667811513537,0.0,0.17668719981684008,0.20099903205292183,-0.00900954246546562,-0.07372881472110748,-0.277248352766037,-0.5623126029968262,0.7393887042999268,-0.7524396777153015,-0.45685797929763794,0.012939617344143008,-1.5524046583633986,1.624377018238114,1.6164944843008273,-0.03352667811513537,0.0,0.1765464290507858,0.20123180683098463,-0.010110191544495595,0.02345357094921421,-0.0012318068309846043,0.010110191544495595,0.2,0.2,0.0,0.267890085042566,-0.2703150738122985,False
0,481,0.012939617344143008,-1.5524046583633986,1.624377018238114,1.6164944843008273,-0.03352667811513537,0.0,0.1765464290507858,0.20123180683098463,-0.010110191544495595,0.2931458055973053,-0.8299642205238342,-0.626932680606842,-0.3825823962688446,0.4164237976074219,-0.03992340341210365,0.012939617344143008,-1.5524046583633986,1.624377018238114,1.6164944843008273,-0.03352667811513537,0.0,0.17610516158319653,0.2012106662991178,-0.01096500335903941,0.023894838416803493,-0.0012106662991177933,0.01096500335903941,0.2,0.2,0.0,0.2676172480753855,-0.2621605087317755,False
0,482,0.012939617344143008,-1.5524046583633986,1.624377018238114,1.6164944843008273,-0.03352667811513537,0.0,0.17610516158319653,0.2012106662991178,-0.01096500335903941,0.09037031978368759,0.4747418165206909,-0.0706980749964714,0.009072978980839252,-0.7196940183639526,-0.22546780109405518,0.012939617344143008,-1.5524046583633986,1.624377018238114,1.6164944843008273,-0.03352667811513537,0.0,0.17434742433235523,0.2010747400818206,-0.011619395278918518,0.025652575667644773,-0.0010747400818205883,0.011619395278918518,0.2,0.2,0.0,0.26638897465350514,-0.24182350621589782,False
0,483,0.012939617344143008,-1.5524046583633986,1.624377018238114,1.6164944843008273,-0.03352667811513537,0.0,0.17434742433235523,0.2010747400818206,-0.011619395278918518,0.3314700424671173,-0.07655409723520279,-0.37966373562812805,-0.5536417961120605,0.5724497437477112,0.002161231357604265,0.012939617344143008,-1.5524046583633986,1.624377018238114,1.6164944843008273,-0.03352667811513537,0.0,0.17416516860792824,0.20105354841097384,-0.011652820934167429,0.025834831392071763,-0.0010535484109738306,0.011652820934167429,0.2,0.2,0.0,0.26625518496471695,-0.2635793911889532,False
0,484,0.012939617344143008,-1.5524046583633986,1.624377018238114,1.6164944843008273,-0.03352667811513537,0.0,0.17416516860792824,0.20105354841097384,-0.011652820934167429,0.6966702938079834,0.43527907133102417,0.18985438346862793,-0.7762167453765869,0.9423433542251587,0.6540517807006836,0.012939617344143008,-1.5524046583633986,1.624377018238114,1.6164944843008273,-0.03352667811513537,0.0,0.1733436501877214,0.20087062401488365,-0.01134239947680048,0.02665634981227859,-0.0008706240148836245,0.01134239947680048,0.2,0.2,0.0,0.265566712293584,-0.2517972588709244,False
0,485,0.012939617344143008,-1.5524046583633986,1.624377018238114,1.6164944843008273,-0.03352667811513537,0.0,0.1733436501877214,0.20087062401488365,-0.01134239947680048,-0.6988723278045654,-0.19927841424942017,0.6730636358261108,-0.3821301758289337,-0.16264648735523224,0.17208583652973175,0.012939617344143008,-1.5524046583633986,1.624377018238114,1.6164944843008273,-0.03352667811513537,0.0,0.17369963774513777,0.20094235168836433,-0.010833571920314675,0.026300362254862233,-0.0009423516883643275,0.010833571920314675,0.2,0.2,0.0,0.2658322010881959,-0.27114197698043413,False
0,486,0.012939617344143008,-1.5524046583633986,1.624377018238114,1.6164944843008273,-0.03352667811513537,0.0,0.17369963774513777,0.20094235168836433,-0.010833571920314675,0.5420956611633301,0.49217331409454346,-0.6206298470497131,-0.11408096551895142,-0.09409551322460175,-0.526844322681427,0.012939617344143008,-1.5524046583633986,1.624377018238114,1.6164944843008273,-0.03352667811513537,0.0,0.17440303248403582,0.20116346117982845,-0.009906790420250822,0.02559696751596419,-0.0011634611798284219,0.009906790420250822,0.2,0.2,0.0,0.2664231603106359,-0.27824234475943616,False
0,487,0.012939617344143008,-1.5524046583633986,1.624377018238114,1.6164944843008273,-0.03352667811513537,0.0,0.17440303248403582,0.20116346117982845,-0.009906790420250822,0.38176465034484863,-0.223774254322052,-0.6822649240493774,-0.28644630312919617,0.3780461847782135,-0.38925355672836304,0.012939617344143008,-1.5524046583633986,1.624377018238114,1.6164944843008273,-0.03352667811513537,0.0,0.17445770007045486,0.20114154371886017,-0.009953910263335721,0.025542299929545157,-0.0011415437188601481,0.009953910263335721,0.2,0.2,0.0,0.2664441593524044,-0.2668641401877744,False
0,488,0.012939617344143008,-1.5524046583633986,1.624377018238114,1.6164944843008273,-0.03352667811513537,0.0,0.17445770007045486,0.20114154371886017,-0.009953910263335721,-0.6881043910980225,0.4683481454849243,-0.5506061315536499,-0.8578311800956726,0.49641644954681396,-0.07610151916742325,0.012939617344143008,-1.5524046583633986,1.624377018238114,1.6164944843008273,-0.03352667811513537,0.0,0.17396736245228656,0.20108028797944363,-0.010510192127420756,0.026032637547713466,-0.001080287979443626,0.010510192127420756,0.2,0.2,0.0,0.26609845837782775,-0.25918443888629483,False
0,489,0.012939617344143008,-1.5524046583633986,1.624377018238114,1.6164944843008273,-0.03352667811513537,0.0,0.17396736245228656,0.20108028797944363,-0.010510192127420756,-0.48562169075012207,0.7742944955825806,-0.6938307881355286,-0.30271705985069275,-0.8749677538871765,0.6328481435775757,0.010165466120736244,-1.5530906978086567,1.6166897461971763,1.6046251893232464,-0.027053580039432187,0.0,0.17371334462052587,0.2011903866039502,-0.010613523478106526,0.026286655379474128,-0.0011903866039501922,0.010613523478106526,0.2,0.2,0.0,0.2660198200166988,-0.26444705279412034,False
0,490,0.010165466120736244,-1.5530906978086567,1.6166897461971763,1.6046251893232464,-0.027053580039432187,0.0,0.17371334462052587,0.2011903866039502,-0.010613523478106526,-0.5860094428062439,0.8262112140655518,0.4142399728298187,0.7236186265945435,0.17967276275157928,-0.6483317613601685,0.010165466120736244,-1.5530906978086567,1.6166897461971763,1.6046251893232464,-0.027053580039432187,0.0,0.17861761857164496,0.20171152527655947,-0.008814264367491578,0.021382381428355062,-0.0017115252765594507,0.008814264367491578,0.2,0.2,0.0,0.26957278117410477,-0.3406320043222236,False
0,491,0.010165466120736244,-1.5530906978086567,1.6166897461971763,1.6046251893232464,-0.027053580039432187,0.0,0.17861761857164496,0.20171152527655947,-0.008814264367491578,0.4814382493495941,0.38101664185523987,0.039162829518318176,0.2774830162525177,-0.3423992991447449,0.49138835072517395,0.002097861048651484,-1.5350677381917024,1.6246482862168,1.6199656699884248,-0.025984449213062037,0.0,0.1783863176126798,0.20160878083676545,-0.008932271254595992,0.021613682387320195,-0.0016087808367654414,0.008932271254595992,0.2,0.2,0.0,0.2693465505471798,-0.2648219380086808,False
0,492,0.002097861048651484,-1.5350677381917024,1.6246482862168,1.6199656699884248,-0.025984449213062037,0.0,0.1783863176126798,0.20160878083676545,-0.008932271254595992,-0.30006295442581177,-0.19261620938777924,0.11697737127542496,-0.33505135774612427,-0.7278690934181213,-0.5322415828704834,0.002097861048651484,-1.5350677381917024,1.6246482862168,1.6199656699884248,-0.025984449213062037,0.0,0.1773474181245276,0.2012756010302656,-0.009406768517223663,0.02265258187547242,-0.0012756010302655799,0.009406768517223663,0.2,0.2,0.0,0.2684258958809066,-0.2500128025554421,False
0,493,0.002097861048651484,-1.5350677381917024,1.6246482862168,1.6199656699884248,-0.025984449213062037,0.0,0.1773474181245276,0.2012756010302656,-0.009406768517223663,0.3371776044368744,0.9487597346305847,-0.017955414950847626,0.09004208445549011,0.19967924058437347,0.22026175260543823,0.002097861048651484,-1.5350677381917024,1.6246482862168,1.6199656699884248,-0.025984449213062037,0.0,0.17697211730959247,0.20152739274703108,-0.009016976395629983,0.02302788269040754,-0.001527392747031064,0.009016976395629983,0.2,0.2,0.0,0.26835373333675766,-0.26691048245377896,False
0,494,0.002097861048651484,-1.5350677381917024,1.6246482862168,1.6199656699884248,-0.025984449213062037,0.0,0.17697211730959247,0.20152739274703108,-0.009016976395629983,0.685209333896637,0.8953654170036316,-0.8664839863777161,-0.09209346771240234,-0.6696299910545349,-0.3270140290260315,0.004348092082466835,-1.5320739596176336,1.6248682571778115,1.615283342868759,-0.03549182008784385,0.0,0.17776917870526984,0.20130519964233243,-0.00945103088145638,0.022230821294730172,-0.0013051996423324198,0.00945103088145638,0.2,0.2,0.0,0.2687284619933432,-0.2762230351250543,False
0,495,0.004348092082466835,-1.5320739596176336,1.6248682571778115,1.615283342868759,-0.03549182008784385,0.0,0.17776917870526984,0.20130519964233243,-0.00945103088145638,0.12749113142490387,-0.5628092288970947,-0.3245668113231659,0.23492713272571564,-0.2604389488697052,-0.537794828414917,0.004348092082466835,-1.5320739596176336,1.6248682571778115,1.615283342868759,-0.03549182008784385,0.0,0.17707708184777587,0.20101655504428842,-0.010881541939394338,0.02292291815222414,-0.001016555044288415,0.010881541939394338,0.2,0.2,0.0,0.26810885153716235,-0.2557166424135451,False
0,496,0.004348092082466835,-1.5320739596176336,1.6248682571778115,1.615283342868759,-0.03549182008784385,0.0,0.17707708184777587,0.20101655504428842,-0.010881541939394338,0.6644638776779175,-0.19854915142059326,0.6018025875091553,0.5541502237319946,-0.15179328620433807,-0.1317305862903595,0.004348092082466835,-1.5320739596176336,1.6248682571778115,1.615283342868759,-0.03549182008784385,0.0,0.1767811247812564,0.20101633589164733,-0.011115756131412857,0.023218875218743617,-0.0010163358916473254,0.011115756131412857,0.2,0.2,0.0,0.2679229243805068,-0.26420438124739576,False
0,497,0.004348092082466835,-1.5320739596176336,1.6248682571778115,1.615283342868759,-0.03549182008784385,0.0,0.1767811247812564,0.20101633589164733,-0.011115756131412857,-0.11605506390333176,0.6523718237876892,0.6861130595207214,0.38428089022636414,0.08987631648778915,-0.5732713937759399,0.004348092082466835,-1.5320739596176336,1.6248682571778115,1.615283342868759,-0.03549182008784385,0.0,0.17796622786884045,0.20100181316677265,-0.010059596854517152,0.022033772131159566,-0.0010018131667726366,0.010059596854517152,0.2,0.2,0.0,0.2686538714537158,-0.2832728129178953,False
0,498,0.004348092082466835,-1.5320739596176336,1.6248682571778115,1.615283342868759,-0.03549182008784385,0.0,0.17796622786884045,0.20100181316677265,-0.010059596854517152,0.002511589089408517,0.41195955872535706,-0.8893852233886719,-0.3786836564540863,-0.6506800651550293,-0.11773654073476791,0.016148503183398145,-1.521899041899893,1.6181444613858684,1.6215595357716976,-0.04139698390459039,0.0,0.1775982336936575,0.20116649309397105,-0.010060249631316309,0.022401766306342528,-0.0011664930939710482,0.010060249631316309,0.2,0.2,0.0,0.26853360902776785,-0.26612836050880934,False
0,499,0.016148503183398145,-1.521899041899893,1.6181444613858684,1.6215595357716976,-0.04139698390459039,0.0,0.1775982336936575,0.20116649309397105,-0.010060249631316309,-0.2999430000782013,-0.49306002259254456,-0.17079806327819824,-0.04616663604974747,-0.21405938267707825,-0.22117140889167786,0.013009227198692411,-1.521116246899429,1.6144134776347994,1.617691504677059,-0.04424553143752425,0.0,0.17741996717499056,0.20117811324462656,-0.010159626166371671,0.022580032825009446,-0.0011781132446265397,0.010159626166371671,0.2,0.2,0.0,0.2684281952494613,-0.26631991968333074,False
0,500,0.013009227198692411,-1.521116246899429,1.6144134776347994,1.617691504677059,-0.04424553143752425,0.0,0.17741996717499056,0.20117811324462656,-0.010159626166371671,-0.30380427837371826,-0.00771850673481822,0.24014028906822205,-0.20804277062416077,0.15201672911643982,-0.15945681929588318,0.013009227198692411,-1.521116246899429,1.6144134776347994,1.617691504677059,-0.04424553143752425,0.0,0.1775223762043254,0.20127604458610532,-0.009785340586329235,0.022477623795674608,-0.0012760445861053136,0.009785340586329235,0.2,0.2,0.0,0.26855538175178756,-0.2710991117983123,False
0,501,0.013009227198692411,-1.521116246899429,1.6144134776347994,1.617691504677059,-0.04424553143752425,0.0,0.1775223762043254,0.20127604458610532,-0.009785340586329235,-0.20333115756511688,0.5673514604568481,0.8585646152496338,-0.29959461092948914,0.40749263763427734,0.43704697489738464,0.008530225247193922,-1.5214678243730426,1.6168748092398695,1.6144238377203368,-0.04276132705460302,0.0,0.17760540945578407,0.20131924339226992,-0.009584645191555094,0.022394590544215952,-0.0013192433922699215,0.009584645191555094,0.2,0.2,0.0,0.26863541213220704,-0.2702360197405967,False
0,502,0.008530225247193922,-1.5214678243730426,1.6168748092398695,1.6144238377203368,-0.04276132705460302,0.0,0.17760540945578407,0.20131924339226992,-0.009584645191555094,0.21012790501117706,-0.5575880408287048,-0.6476572751998901,0.007048460189253092,0.3188539743423462,-0.737267255783081,0.008099780365325519,-1.521588862394437,1.6172116853360048,1.6141171054158008,-0.04236592371856044,0.0,0.17761968951610227,0.2013266346629402,-0.009550216257743837,0.022380310483897752,-0.0013266346629402098,0.009550216257743837,0.2,0.2,0.0,0.26864916631002456,-0.26892424986637486,False
0,503,0.008099780365325519,-1.521588862394437,1.6172116853360048,1.6141171054158008,-0.04236592371856044,0.0,0.17761968951610227,0.2013266346629402,-0.009550216257743837,0.40890341997146606,-0.08182832598686218,0.44588062167167664,0.17682293057441711,-0.09942006319761276,0.8278216123580933,0.008099780365325519,-1.521588862394437,1.6172116853360048,1.6141171054158008,-0.04236592371856044,0.0,0.17715223820587409,0.20129769404488185,-0.009942380638203893,0.022847761794125915,-0.0012976940448818257,0.009942380638203893,0.2,0.2,0.0,0.268332868023827,-0.26200690229987583,False
0,504,0.008099780365325519,-1.521588862394437,1.6172116853360048,1.6141171054158008,-0.04236592371856044,0.0,0.17715223820587409,0.20129769404488185,-0.009942380638203893,0.6277037858963013,0.6707347631454468,0.48105838894844055,-0.1438702493906021,0.40375298261642456,0.5168565511703491,0.008643428627041603,-1.522928907612553,1.6156164133475406,1.614159072085581,-0.04162610805258856,0.0,0.17697568020584933,0.20128607522981126,-0.01009315067538838,0.023024319794150674,-0.0012860752298112527,0.01009315067538838,0.2,0.2,0.0,0.26821324940483526,-0.26582087702500057,False
0,505,0.008643428627041603,-1.522928907612553,1.6156164133475406,1.614159072085581,-0.04162610805258856,0.0,0.17697568020584933,0.20128607522981126,-0.01009315067538838,0.34501728415489197,0.6752395629882812,-0.7967208027839661,0.26436346769332886,-0.1895730346441269,-0.5743526816368103,0.009281200891670532,-1.5239334176749397,1.6142111816190685,1.6142652333026832,-0.04101859490977357,0.0,0.17699880039905233,0.20128082163325947,-0.010088464630864939,0.023001199600947684,-0.0012808216332594695,0.010088464630864939,0.2,0.2,0.0,0.2682243866964221,-0.2684471325281593,False
0,506,0.009281200891670532,-1.5239334176749397,1.6142111816190685,1.6142652333026832,-0.04101859490977357,0.0,0.17699880039905233,0.20128082163325947,-0.010088464630864939,-0.8198047280311584,0.6405336856842041,-0.3470481336116791,0.2581016719341278,-0.5811054706573486,-0.19848045706748962,0.009217787505638486,-1.5234890794870524,1.6138197291238037,1.6144342638931362,-0.041244066388784806,0.0,0.17699880039905233,0.20128082163325947,-0.010088464630864939,0.023001199600947684,-0.0012808216332594695,0.010088464630864939,0.2,0.2,0.0,0.2682243866964221,-0.2682243866964221,False
0,507,0.009217787505638486,-1.5234890794870524,1.6138197291238037,1.6144342638931362,-0.041244066388784806,0.0,0.17699880039905233,0.20128082163325947,-0.010088464630864939,0.2762378752231598,-0.5835124254226685,0.07167621701955795,-0.0599173866212368,0.40155717730522156,-0.1132282167673111,0.009217787505638486,-1.5234890794870524,1.6138197291238037,1.6144342638931362,-0.041244066388784806,0.0,0.17717770376913775,0.20140422974023825,-0.010266296523136847,0.022822296230862276,-0.0014042297402382358,0.010266296523136847,0.2,0.2,0.0,0.2684417987468866,-0.2727900397561765,False
0,508,0.009217787505638486,-1.5234890794870524,1.6138197291238037,1.6144342638931362,-0.041244066388784806,0.0,0.17717770376913775,0.20140422974023825,-0.010266296523136847,-0.12340223789215088,0.13649755716323853,0.4897381365299225,-0.3682340085506439,0.263213187456131,0.8134428858757019,0.009217787505638486,-1.5234890794870524,1.6138197291238037,1.6144342638931362,-0.041244066388784806,0.0,0.1771658205610282,0.2014186235876944,-0.010300516132124266,0.022834179438971817,-0.0014186235876944013,0.010300516132124266,0.2,0.2,0.0,0.2684460663440832,-0.26853141828801463,False
0,509,0.009217787505638486,-1.5234890794870524,1.6138197291238037,1.6144342638931362,-0.041244066388784806,0.0,0.1771658205610282,0.2014186235876944,-0.010300516132124266,0.35680344700813293,0.6861531734466553,0.855411946773529,0.4474180042743683,-0.42985183000564575,0.5618500709533691,0.00760079456874377,-1.5179658616763851,1.6166664365018446,1.6174855144171574,-0.04534821095894784,0.0,0.17811875978532285,0.2013548714618287,-0.009658885690686084,0.02188124021467715,-0.001354871461828705,0.009658885690686084,0.2,0.2,0.0,0.26900440688148,-0.28017121762941566,False
0,510,0.00760079456874377,-1.5179658616763851,1.6166664365018446,1.6174855144171574,-0.04534821095894784,0.0,0.17811875978532285,0.2013548714618287,-0.009658885690686084,0.6609153747558594,-0.02627759799361229,0.00482650101184845,-0.5344542264938354,0.38805466890335083,0.0028101345524191856,0.00760079456874377,-1.5179658616763851,1.6166664365018446,1.6174855144171574,-0.04534821095894784,0.0,0.17803863027994885,0.20108442508692675,-0.009183175299965925,0.02196136972005117,-0.0010844250869267349,0.009183175299965925,0.2,0.2,0.0,0.2687322656345718,-0.2632894406964085,False
0,511,0.00760079456874377,-1.5179658616763851,1.6166664365018446,1.6174855144171574,-0.04534821095894784,0.0,0.17803863027994885,0.20108442508692675,-0.009183175299965925,0.5511379241943359,0.6719280481338501,0.33663493394851685,0.2995900809764862,0.6917774677276611,0.17369480431079865,0.00760079456874377,-1.5179658616763851,1.6166664365018446,1.6174855144171574,-0.04534821095894784,0.0,0.1775124997094377,0.2009570189964061,-0.009224171758079543,0.022487500290562314,-0.0009570189964061106,0.009224171758079543,0.2,0.2,0.0,0.26828994834253034,-0.2594436025017009,False
0,512,0.00760079456874377,-1.5179658616763851,1.6166664365018446,1.6174855144171574,-0.04534821095894784,0.0,0.1775124997094377,0.2009570189964061,-0.009224171758079543,0.08643882721662521,0.03711660951375961,-0.06377755850553513,-0.5873057842254639,0.09962746500968933,-0.30188703536987305,0.00760079456874377,-1.5179658616763851,1.6166664365018446,1.6174855144171574,-0.04534821095894784,0.0,0.1797479953929299,0.20092271392771033,-0.008512874869836092,0.020252004607070117,-0.0009227139277103042,0.008512874869836092,0.2,0.2,0.0,0.26972531927574533,-0.29843273794004527,False
0,513,0.00760079456874377,-1.5179658616763851,1.6166664365018446,1.6174855144171574,-0.04534821095894784,0.0,0.1797479953929299,0.20092271392771033,-0.008512874869836092,-0.8493812680244446,-0.2781834304332733,-0.030919669196009636,0.7077142000198364,-0.8896867632865906,-0.785222589969635,0.021172143100773737,-1.508714709193041,1.6218547355457065,1.6166410338549413,-0.032907758532980246,0.0,0.179602425622203,0.20099615480262017,-0.008640850766301621,0.020397574377797014,-0.0009961548026201556,0.008640850766301621,0.2,0.2,0.0,0.2696871332429178,-0.26892341258636754,False
0,514,0.021172143100773737,-1.508714709193041,1.6218547355457065,1.6166410338549413,-0.032907758532980246,0.0,0.179602425622203,0.20099615480262017,-0.008640850766301621,-0.26596537232398987,-0.22895056009292603,-0.473274290561676,0.605111837387085,0.9003325700759888,-0.6541198492050171,0.021172143100773737,-1.508714709193041,1.6218547355457065,1.6166410338549413,-0.032907758532980246,0.0,0.17962806524320069,0.20110805409512145,-0.008805906562278362,0.020371934756799315,-0.001108054095121428,0.008805906562278362,0.2,0.2,0.0,0.2697929488243261,-0.27190926045249136,False
0,515,0.021172143100773737,-1.508714709193041,1.6218547355457065,1.6166410338549413,-0.032907758532980246,0.0,0.17962806524320069,0.20110805409512145,-0.008805906562278362,0.07998465746641159,-0.5232311487197876,0.5437682867050171,-0.6726922988891602,-0.8799185752868652,-0.013353455811738968,0.021172143100773737,-1.508714709193041,1.6218547355457065,1.6166410338549413,-0.032907758532980246,0.0,0.17944431554592755,0.20112087070216686,-0.009248013040146105,0.020555684454072454,-0.0011208707021668509,0.009248013040146105,0.2,0.2,0.0,0.26969499950672954,-0.2677360131547986,False
0,516,0.021172143100773737,-1.508714709193041,1.6218547355457065,1.6166410338549413,-0.032907758532980246,0.0,0.17944431554592755,0.20112087070216686,-0.009248013040146105,0.5717251300811768,0.5019105076789856,0.4275154769420624,0.43227553367614746,0.1440291404724121,0.8322546482086182,0.01565109437640251,-1.5137086849760089,1.61956779693975,1.6211404992378904,-0.03306032378647081,0.0,0.17981145399508694,0.20105356393214938,-0.008904157846526203,0.020188546004913068,-0.0010535639321493616,0.008904157846526203,0.2,0.2,0.0,0.2698777104256704,-0.27353192880448723,False
0,517,0.01565109437640251,-1.5137086849760089,1.61956779693975,1.6211404992378904,-0.03306032378647081,0.0,0.17981145399508694,0.20105356393214938,-0.008904157846526203,0.7284543514251709,0.3040989637374878,0.13929146528244019,0.24257051944732666,0.7769736647605896,0.4144713282585144,0.01565109437640251,-1.5137086849760089,1.61956779693975,1.6211404992378904,-0.03306032378647081,0.0,0.17996090828858155,0.20103068965109883,-0.008828362447983198,0.02003909171141847,-0.0010306896510988027,0.008828362447983198,0.2,0.2,0.0,0.2699577868429815,-0.2715593151892038,False
0,518,0.01565109437640251,-1.5137086849760089,1.61956779693975,1.6211404992378904,-0.03306032378647081,0.0,0.17996090828858155,0.20103068965109883,-0.008828362447983198,0.34882694482803345,0.6728130578994751,0.8987499475479126,0.7043671011924744,-0.4624820351600647,0.18611903488636017,0.01565109437640251,-1.5137086849760089,1.61956779693975,1.6211404992378904,-0.03306032378647081,0.0,0.18046882340244996,0.2009528959993467,-0.008628138317147201,0.01953117659755004,-0.0009528959993467038,0.008628138317147201,0.2,0.2,0.0,0.27023232116386214,-0.2757230075814751,False
0,519,0.01565109437640251,-1.5137086849760089,1.61956779693975,1.6211404992378904,-0.03306032378647081,0.0,0.18046882340244996,0.2009528959993467,-0.008628138317147201,0.7899792194366455,-0.6172317266464233,0.11722886562347412,0.15779338777065277,-0.3810456395149231,0.394763320684433,0.02120906409970554,-1.509339183505048,1.6233843839512712,1.6243947952216091,-0.030618704337893356,0.0,0.1808096228958589,0.20095240040027326,-0.008454970110380211,0.019190377104141117,-0.0009524004002732494,0.008454970110380211,0.2,0.2,0.0,0.27045419848458974,-0.2748917448991416,False
0,520,0.02120906409970554,-1.509339183505048,1.6233843839512712,1.6243947952216091,-0.030618704337893356,0.0,0.1808096228958589,0.20095240040027326,-0.008454970110380211,-0.7040232419967651,-0.8836376667022705,0.46946096420288086,0.5284106731414795,-0.14787298440933228,0.4600793719291687,0.02120906409970554,-1.509339183505048,1.6233843839512712,1.6243947952216091,-0.030618704337893356,0.0,0.18177742573161443,0.20134582909655213,-0.007888116475823354,0.01822257426838559,-0.0013458290965521237,0.007888116475823354,0.2,0.2,0.0,0.2713768556486104,-0.289829998929024,False
0,521,0.02120906409970554,-1.509339183505048,1.6233843839512712,1.6243947952216091,-0.030618704337893356,0.0,0.18177742573161443,0.20134582909655213,-0.007888116475823354,0.8225052952766418,0.08442778885364532,-0.35433363914489746,-0.20935261249542236,-0.4202505648136139,-0.6986438632011414,0.02120906409970554,-1.509339183505048,1.6233843839512712,1.6243947952216091,-0.030618704337893356,0.0,0.18205868831906577,0.2015142674182671,-0.007706215711425598,0.017941311680934248,-0.0015142674182670878,0.007706215711425598,0.2,0.2,0.0,0.2716850230067359,-0.2778483701692459,False
0,522,0.02120906409970554,-1.509339183505048,1.6233843839512712,1.6243947952216091,-0.030618704337893356,0.0,0.18205868831906577,0.2015142674182671,-0.007706215711425598,-0.29132258892059326,-0.7740797996520996,-0.6865464448928833,-0.03493739292025566,0.4492393434047699,0.04382937774062157,0.02120906409970554,-1.509339183505048,1.6233843839512712,1.6243947952216091,-0.030618704337893356,0.0,0.18213370017088074,0.20156033304152082,-0.007656871103348024,0.017866299829119286,-0.0015603330415208186,0.007656871103348024,0.2,0.2,0.0,0.27176806337176257,-0.27342887067229565,False
0,523,0.02120906409970554,-1.509339183505048,1.6233843839512712,1.6243947952216091,-0.030618704337893356,0.0,0.18213370017088074,0.20156033304152082,-0.007656871103348024,0.3051528036594391,-0.6534398198127747,0.6948649883270264,0.4992953836917877,-0.09796541184186935,-0.33575257658958435,0.02120906409970554,-1.509339183505048,1.6233843839512712,1.6243947952216091,-0.030618704337893356,0.0,0.17890748671322299,0.20102014003051535,-0.009866604455124713,0.021092513286777023,-0.0010201400305153458,0.009866604455124713,0.2,0.2,0.0,0.26928485917965,-0.2196207753373987,False
0,524,0.02120906409970554,-1.509339183505048,1.6233843839512712,1.6243947952216091,-0.030618704337893356,0.0,0.17890748671322299,0.20102014003051535,-0.009866604455124713,0.6598886251449585,-0.2967822253704071,0.5357872843742371,-0.24667878448963165,0.46037036180496216,-0.1594122350215912,0.02120906409970554,-1.509339183505048,1.6233843839512712,1.6243947952216091,-0.030618704337893356,0.0,0.1801707124631337,0.20091031211235338,-0.0088874961486873,0.01982928753686629,-0.000910312112353362,0.0088874961486873,0.2,0.2,0.0,0.2700100493136309,-0.28451385199324825,False
0,525,0.02120906409970554,-1.509339183505048,1.6233843839512712,1.6243947952216091,-0.030618704337893356,0.0,0.1801707124631337,0.20091031211235338,-0.0088874961486873,-0.4945617616176605,-0.3942507207393646,0.4462268054485321,-0.28982511162757874,0.3103628158569336,0.5526148080825806,0.02120906409970554,-1.509339183505048,1.6233843839512712,1.6243947952216091,-0.030618704337893356,0.0,0.1803673212807366,0.20080896820279323,-0.008424120385908646,0.01963267871926342,-0.0008089682027932068,0.008424120385908646,0.2,0.2,0.0,0.2700510657281973,-0.27087139401952615,False
0,526,0.02120906409970554,-1.509339183505048,1.6233843839512712,1.6243947952216091,-0.030618704337893356,0.0,0.1803673212807366,0.20080896820279323,-0.008424120385908646,0.6864290833473206,0.7935187816619873,0.7299977540969849,-0.14284105598926544,0.4041830897331238,0.08971314877271652,0.02120906409970554,-1.509339183505048,1.6233843839512712,1.6243947952216091,-0.030618704337893356,0.0,0.18040255169510624,0.20079244291219303,-0.008339220385744323,0.019597448304893756,-0.0007924429121930124,0.008339220385744323,0.2,0.2,0.0,0.27005967560040095,-0.27023187304447366,False
0,527,0.02120906409970554,-1.509339183505048,1.6233843839512712,1.6243947952216091,-0.030618704337893356,0.0,0.18040255169510624,0.20079244291219303,-0.008339220385744323,0.33108875155448914,0.30739670991897583,0.8927834033966064,-0.1966959685087204,-0.5572569370269775,0.501446545124054,0.026172830045934677,-1.5260520091498726,1.628580439792869,1.6280639330519324,-0.026355132238659592,0.0,0.18049069068246945,0.20078856295057929,-0.00826631925545258,0.01950930931753056,-0.0007885629505792811,0.00826631925545258,0.2,0.2,0.0,0.2701134362982091,-0.2711886502543723,False
0,528,0.026172830045934677,-1.5260520091498726,1.628580439792869,1.6280639330519324,-0.026355132238659592,0.0,0.18049069068246945,0.20078856295057929,-0.00826631925545258,0.8085082769393921,-0.4724709987640381,0.029271693900227547,0.43995681405067444,0.8867326974868774,-0.6979730129241943,0.026580503908090605,-1.524833098378114,1.6292053573184433,1.6277677495349498,-0.026250807798860704,0.0,0.18049069068246945,0.20078856295057929,-0.00826631925545258,0.01950930931753056,-0.0007885629505792811,0.00826631925545258,0.2,0.2,0.0,0.2701134362982091,-0.2701134362982091,False
0,529,0.026580503908090605,-1.524833098378114,1.6292053573184433,1.6277677495349498,-0.026250807798860704,0.0,0.18049069068246945,0.20078856295057929,-0.00826631925545258,-0.7019997239112854,0.03230637311935425,-0.4058653712272644,0.3509749472141266,0.4359755516052246,-0.8195205926895142,0.026675502342909024,-1.5248950606290441,1.629205873814992,1.6278217843074383,-0.02614463391486188,0.0,0.18056176496987827,0.20078120412424194,-0.008210311052220615,0.019438235030121744,-0.0007812041242419212,0.008210311052220615,0.2,0.2,0.0,0.27015375641695655,-0.2709601587919053,False
0,530,0.026675502342909024,-1.5248950606290441,1.629205873814992,1.6278217843074383,-0.02614463391486188,0.0,0.18056176496987827,0.20078120412424194,-0.008210311052220615,0.0909276008605957,-0.3381147086620331,0.32900378108024597,0.3403451442718506,0.47437191009521484,0.2159368097782135,0.026675502342909024,-1.5248950606290441,1.629205873814992,1.6278217843074383,-0.02614463391486188,0.0,0.18117787422553433,0.20076944895269574,-0.007961001897755143,0.018822125774465685,-0.0007694489526957338,0.007961001897755143,0.2,0.2,0.0,0.2705497575176675,-0.278469779531887,False
0,531,0.026675502342909024,-1.5248950606290441,1.629205873814992,1.6278217843074383,-0.02614463391486188,0.0,0.18117787422553433,0.20076944895269574,-0.007961001897755143,-0.1942281574010849,0.11995622515678406,-0.31533002853393555,0.10415324568748474,0.9313669800758362,-0.6749531030654907,0.02770882153609692,-1.5293065152615504,1.6328002919180082,1.632562559576388,-0.01939885777446872,0.0,0.18127835237768505,0.20076714559379755,-0.007900207469364224,0.01872164762231496,-0.0007671455937975358,0.007900207469364224,0.2,0.2,0.0,0.2706135640885509,-0.27188969550621883,False
0,532,0.02770882153609692,-1.5293065152615504,1.6328002919180082,1.632562559576388,-0.01939885777446872,0.0,0.18127835237768505,0.20076714559379755,-0.007900207469364224,-0.603884220123291,-0.09721183031797409,0.6950706243515015,0.2184404879808426,-0.1506011188030243,0.2963722348213196,0.025644860887700432,-1.5298328603760596,1.6354199893875323,1.6335530843616706,-0.019460768397469217,0.0,0.1821675846253245,0.20093531277878354,-0.007181464586383541,0.017832415374675503,-0.0009353127787835229,0.007181464586383541,0.2,0.2,0.0,0.27131458170053785,-0.2853349339402765,False
0,533,0.025644860887700432,-1.5298328603760596,1.6354199893875323,1.6335530843616706,-0.019460768397469217,0.0,0.1821675846253245,0.20093531277878354,-0.007181464586383541,-0.202994704246521,-0.24356502294540405,-0.16145992279052734,0.6518466472625732,0.2335679680109024,-0.34138432145118713,0.025644860887700432,-1.5298328603760596,1.6354199893875323,1.6335530843616706,-0.019460768397469217,0.0,0.18362757082287195,0.2011879981785902,-0.006011476361408117,0.016372429177128046,-0.0011879981785901804,0.006011476361408117,0.2,0.2,0.0,0.27245519489534614,-0.295267458791512,False
0,534,0.025644860887700432,-1.5298328603760596,1.6354199893875323,1.6335530843616706,-0.019460768397469217,0.0,0.18362757082287195,0.2011879981785902,-0.006011476361408117,0.7410296201705933,0.6315518021583557,-0.5052124857902527,0.1364423632621765,-0.79740309715271,0.2819102704524994,0.025644860887700432,-1.5298328603760596,1.6354199893875323,1.6335530843616706,-0.019460768397469217,0.0,0.18395197251091275,0.2012408053001441,-0.005754476104360445,0.016048027489087267,-0.0012408053001440832,0.005754476104360445,0.2,0.2,0.0,0.2727073594601762,-0.27775065075677763,False
0,535,0.025644860887700432,-1.5298328603760596,1.6354199893875323,1.6335530843616706,-0.019460768397469217,0.0,0.18395197251091275,0.2012408053001441,-0.005754476104360445,0.28590503334999084,0.7967547178268433,-0.3249506950378418,-0.7037514448165894,0.8024052977561951,-0.5481703281402588,0.0147159394044449,-1.531021352791522,1.6475141934857365,1.6393502710277448,-0.023588336149537446,0.0,0.1831281419312067,0.201047424180903,-0.0065141371942843175,0.016871858068793332,-0.0010474241809029824,0.0065141371942843175,0.2,0.2,0.0,0.2720265007684694,-0.2584093269343332,False
0,536,0.0147159394044449,-1.531021352791522,1.6475141934857365,1.6393502710277448,-0.023588336149537446,0.0,0.1831281419312067,0.201047424180903,-0.0065141371942843175,0.3242862820625305,-0.11026877164840698,-0.020978977903723717,0.3812689185142517,0.006164994090795517,-0.1107100397348404,0.0147159394044449,-1.531021352791522,1.6475141934857365,1.6393502710277448,-0.023588336149537446,0.0,0.18298010279818408,0.20101856178836386,-0.006588598540265306,0.017019897201815928,-0.001018561788363846,0.006588598540265306,0.2,0.2,0.0,0.2719073184638859,-0.2695236723722155,False
0,537,0.0147159394044449,-1.531021352791522,1.6475141934857365,1.6393502710277448,-0.023588336149537446,0.0,0.18298010279818408,0.20101856178836386,-0.006588598540265306,-0.3400953412055969,-0.327124685049057,-0.1382383406162262,-0.23468536138534546,-0.5671530365943909,-0.1513545960187912,0.0147159394044449,-1.531021352791522,1.6475141934857365,1.6393502710277448,-0.023588336149537446,0.0,0.18323951888001885,0.20100888753180976,-0.0065746266481824,0.016760481119981154,-0.0010088875318097395,0.0065746266481824,0.2,0.2,0.0,0.2720744748441491,-0.2754176024494133,False
0,538,0.0147159394044449,-1.531021352791522,1.6475141934857365,1.6393502710277448,-0.023588336149537446,0.0,0.18323951888001885,0.20100888753180976,-0.0065746266481824,0.49556341767311096,-0.15040533244609833,-0.6639777421951294,-0.17977657914161682,-0.8463802933692932,-0.8704254627227783,0.0147159394044449,-1.531021352791522,1.6475141934857365,1.6393502710277448,-0.023588336149537446,0.0,0.18312134416339199,0.20104921345535515,-0.006589818178278337,0.01687865583660803,-0.0010492134553551488,0.006589818178278337,0.2,0.2,0.0,0.2720250698425555,-0.27103696981068315,False
0,539,0.0147159394044449,-1.531021352791522,1.6475141934857365,1.6393502710277448,-0.023588336149537446,0.0,0.18312134416339199,0.20104921345535515,-0.006589818178278337,-0.8011490106582642,0.6949819326400757,0.0208737775683403,0.5269127488136292,0.7701607942581177,-0.6818851232528687,0.01852494744926582,-1.5281944110256094,1.6426209840389911,1.6361253590224045,-0.022045712507866952,0.0,0.18304596946370563,0.20106851151600058,-0.0065979750879983645,0.016954030536294372,-0.0010685115160005711,0.0065979750879983645,0.2,0.2,0.0,0.2719887985477155,-0.27126337265091627,False
0,540,0.01852494744926582,-1.5281944110256094,1.6426209840389911,1.6361253590224045,-0.022045712507866952,0.0,0.18304596946370563,0.20106851151600058,-0.0065979750879983645,0.7485051155090332,0.725265622138977,0.04609229788184166,0.3387916088104248,-0.4495995342731476,0.40405696630477905,0.01852494744926582,-1.5281944110256094,1.6426209840389911,1.6361253590224045,-0.022045712507866952,0.0,0.18428556097983784,0.2008924754650539,-0.006388960562710221,0.01571443902016216,-0.0008924754650538886,0.006388960562710221,0.2,0.2,0.0,0.27268988521982745,-0.28671161866206624,False
0,541,0.01852494744926582,-1.5281944110256094,1.6426209840389911,1.6361253590224045,-0.022045712507866952,0.0,0.18428556097983784,0.2008924754650539,-0.006388960562710221,-0.04709244892001152,0.47626417875289917,0.8162674307823181,0.4214903712272644,-0.32457205653190613,-0.16202327609062195,0.026379972085011447,-1.5203571914063414,1.6431410660745696,1.6397745072467702,-0.02665074214566566,0.0,0.18439071114307687,0.2008758194152046,-0.006371761034669646,0.015609288856923136,-0.0008758194152045906,0.006371761034669646,0.2,0.2,0.0,0.27274828784112,-0.2739163402669706,False
0,542,0.026379972085011447,-1.5203571914063414,1.6431410660745696,1.6397745072467702,-0.02665074214566566,0.0,0.18439071114307687,0.2008758194152046,-0.006371761034669646,-0.6188263297080994,-0.5028948783874512,-0.47812584042549133,-0.7023429274559021,0.18877772986888885,-0.12646177411079407,0.026379972085011447,-1.5203571914063414,1.6431410660745696,1.6397745072467702,-0.02665074214566566,0.0,0.18467740433148805,0.2008852595395888,-0.006209827601152244,0.015322595668511973,-0.0008852595395887975,0.006209827601152244,0.2,0.2,0.0,0.2729454032031679,-0.27688771044412624,False
0,543,0.026379972085011447,-1.5203571914063414,1.6431410660745696,1.6397745072467702,-0.02665074214566566,0.0,0.18467740433148805,0.2008852595395888,-0.006209827601152244,0.864077091217041,-0.624565601348877,0.005733158905059099,0.8050116300582886,0.8493623733520508,0.44379857182502747,0.026379972085011447,-1.5203571914063414,1.6431410660745696,1.6397745072467702,-0.02665074214566566,0.0,0.18442152315247756,0.200902197657983,-0.006287983934931542,0.015578476847522438,-0.0009021976579829917,0.006287983934931542,0.2,0.2,0.0,0.2727866015178404,-0.26961056781129034,False
0,544,0.026379972085011447,-1.5203571914063414,1.6431410660745696,1.6397745072467702,-0.02665074214566566,0.0,0.18442152315247756,0.200902197657983,-0.006287983934931542,0.2000124305486679,-0.24489974975585938,-0.22813796997070312,0.5058403611183167,-0.34217339754104614,0.29849445819854736,0.026379972085011447,-1.5203571914063414,1.6431410660745696,1.6397745072467702,-0.02665074214566566,0.0,0.1849923171836859,0.20055221178672064,-0.006890049940356382,0.015007682816314125,-0.0005522117867206372,0.006890049940356382,0.2,0.2,0.0,0.27293006404153375,-0.27579931451540074,False
0,545,0.026379972085011447,-1.5203571914063414,1.6431410660745696,1.6397745072467702,-0.02665074214566566,0.0,0.1849923171836859,0.20055221178672064,-0.006890049940356382,-0.2803333103656769,0.16058965027332306,0.6691728830337524,-0.2565251290798187,-0.06303167343139648,-0.4628511369228363,0.026379972085011447,-1.5203571914063414,1.6431410660745696,1.6397745072467702,-0.02665074214566566,0.0,0.18493020979301444,0.20061404379272332,-0.006995816881843895,0.01506979020698557,-0.0006140437927233183,0.006995816881843895,0.2,0.2,0.0,0.2729361070192094,-0.2730569665727223,False
0,546,0.026379972085011447,-1.5203571914063414,1.6431410660745696,1.6397745072467702,-0.02665074214566566,0.0,0.18493020979301444,0.20061404379272332,-0.006995816881843895,-0.178591787815094,-0.20583532750606537,0.3004615008831024,0.33010780811309814,0.6013649702072144,0.6954408288002014,0.026379972085011447,-1.5203571914063414,1.6431410660745696,1.6397745072467702,-0.02665074214566566,0.0,0.18568853408280603,0.20086788428135754,-0.005332643865917988,0.01431146591719399,-0.0008678842813575327,0.005332643865917988,0.2,0.2,0.0,0.27359929772587316,-0.2868631118591484,False
0,547,0.026379972085011447,-1.5203571914063414,1.6431410660745696,1.6397745072467702,-0.02665074214566566,0.0,0.18568853408280603,0.20086788428135754,-0.005332643865917988,0.4232265055179596,-0.38044673204421997,0.019455883651971817,-0.6808546781539917,0.009087991900742054,-0.3614102303981781,0.026379972085011447,-1.5203571914063414,1.6431410660745696,1.6397745072467702,-0.02665074214566566,0.0,0.18611072180355073,0.20102313095833568,-0.005013752119332655,0.013889278196449285,-0.00102313095833568,0.005013752119332655,0.2,0.2,0.0,0.27399386427590844,-0.28188519527661404,False
0,548,0.026379972085011447,-1.5203571914063414,1.6431410660745696,1.6397745072467702,-0.02665074214566566,0.0,0.18611072180355073,0.20102313095833568,-0.005013752119332655,0.17761053144931793,-0.0554385706782341,-0.017718397080898285,0.3249472379684448,0.8815312385559082,0.3052310645580292,0.02490582660691629,-1.5256605183282215,1.6518973552307588,1.6418702770039604,-0.016028492850676063,0.0,0.18538097324228764,0.200963309780801,-0.005357479637090018,0.014619026757712383,-0.000963309780800993,0.005357479637090018,0.2,0.2,0.0,0.2734612581452331,-0.2628091355317261,False
0,549,0.02490582660691629,-1.5256605183282215,1.6518973552307588,1.6418702770039604,-0.016028492850676063,0.0,0.18538097324228764,0.200963309780801,-0.005357479637090018,0.1410032957792282,-0.33456674218177795,0.5922989845275879,-0.0867813378572464,-0.05058218538761139,-0.12333211302757263,0.025138488201082866,-1.5257911867967624,1.6519221932666444,1.641685526739293,-0.016019335416900787,0.0,0.18524829464615516,0.20094821052727377,-0.005385369911803939,0.01475170535384485,-0.0009482105272737437,0.005385369911803939,0.2,0.2,0.0,0.27336078027491295,-0.2713512228685102,False
0,550,0.025138488201082866,-1.5257911867967624,1.6519221932666444,1.641685526739293,-0.016019335416900787,0.0,0.18524829464615516,0.20094821052727377,-0.005385369911803939,0.16821996867656708,0.343752384185791,-0.296671062707901,-0.5677914619445801,0.1598982810974121,-0.33205747604370117,0.025138488201082866,-1.5257911867967624,1.6519221932666444,1.641685526739293,-0.016019335416900787,0.0,0.18508948117966806,0.20093031123258684,-0.0053816049911804865,0.014910518820331946,-0.0009303112325868356,0.0053816049911804865,0.2,0.2,0.0,0.2732399452636163,-0.27082324503768285,False
0,551,0.025138488201082866,-1.5257911867967624,1.6519221932666444,1.641685526739293,-0.016019335416900787,0.0,0.18508948117966806,0.20093031123258684,-0.0053816049911804865,0.6505303978919983,-0.09183597564697266,0.13908760249614716,0.35543128848075867,0.5435787439346313,-0.679653525352478,0.025138488201082866,-1.5257911867967624,1.6519221932666444,1.641685526739293,-0.016019335416900787,0.0,0.18497968257039998,0.20091057886158661,-0.005412962244717576,0.015020317429600031,-0.000910578861586592,0.005412962244717576,0.2,0.2,0.0,0.273151686472199,-0.27138651064385355,False
0,552,0.025138488201082866,-1.5257911867967624,1.6519221932666444,1.641685526739293,-0.016019335416900787,0.0,0.18497968257039998,0.20091057886158661,-0.005412962244717576,0.2607728838920593,0.38179534673690796,-0.42169609665870667,-0.7005704641342163,0.5275392532348633,0.0165695883333683,0.025138488201082866,-1.5257911867967624,1.6519221932666444,1.641685526739293,-0.016019335416900787,0.0,0.18504152483490044,0.20089263174260302,-0.005405194163747379,0.014958475165099565,-0.0008926317426030105,0.005405194163747379,0.2,0.2,0.0,0.2731802180349851,-0.273750849290707,False
0,553,0.025138488201082866,-1.5257911867967624,1.6519221932666444,1.641685526739293,-0.016019335416900787,0.0,0.18504152483490044,0.20089263174260302,-0.005405194163747379,-0.912423849105835,0.028638122603297234,-0.17554429173469543,0.15173083543777466,0.20725685358047485,0.614831805229187,0.025138488201082866,-1.5257911867967624,1.6519221932666444,1.641685526739293,-0.016019335416900787,0.0,0.18399264851086433,0.2008483067132414,-0.005775163694676427,0.016007351489135686,-0.0008483067132413703,0.005775163694676427,0.2,0.2,0.0,0.2724457552088471,-0.25775649868608747,False
0,554,0.025138488201082866,-1.5257911867967624,1.6519221932666444,1.641685526739293,-0.016019335416900787,0.0,0.18399264851086433,0.2008483067132414,-0.005775163694676427,-0.008961884304881096,-0.7317614555358887,0.02767452783882618,0.3908674418926239,-0.570631742477417,0.15908585488796234,0.025138488201082866,-1.5257911867967624,1.6519221932666444,1.641685526739293,-0.016019335416900787,0.0,0.18437255053266083,0.2011126376674927,-0.005902291912541685,0.015627449467339193,-0.0011126376674927085,0.005902291912541685,0.2,0.2,0.0,0.2728999220764191,-0.28198325942785896,False
0,555,0.025138488201082866,-1.5257911867967624,1.6519221932666444,1.641685526739293,-0.016019335416900787,0.0,0.18437255053266083,0.2011126376674927,-0.005902291912541685,0.2727079689502716,-0.23195576667785645,-0.4787781536579132,-0.9791984558105469,0.8482584953308105,0.05570993572473526,0.025138488201082866,-1.5257911867967624,1.6519221932666444,1.641685526739293,-0.016019335416900787,0.0,0.18423940375649947,0.20106384968662447,-0.005972838492858651,0.015760596243500548,-0.0010638496866244608,0.005972838492858651,0.2,0.2,0.0,0.27277555672570397,-0.2702882497114012,False
0,556,0.025138488201082866,-1.5257911867967624,1.6519221932666444,1.641685526739293,-0.016019335416900787,0.0,0.18423940375649947,0.20106384968662447,-0.005972838492858651,-0.09422808140516281,-0.0012397834798321128,0.6544870138168335,0.5721258521080017,0.5566587448120117,-0.6189045906066895,0.025138488201082866,-1.5257911867967624,1.6519221932666444,1.641685526739293,-0.016019335416900787,0.0,0.18382626898982354,0.2009885836469297,-0.005905674649057054,0.016173731010176457,-0.0009885836469296872,0.005905674649057054,0.2,0.2,0.0,0.2724396904274014,-0.26572236446135006,False
0,557,0.025138488201082866,-1.5257911867967624,1.6519221932666444,1.641685526739293,-0.016019335416900787,0.0,0.18382626898982354,0.2009885836469297,-0.005905674649057054,-0.5961771011352539,0.1830545961856842,-0.8410342931747437,-0.5060123205184937,0.2507828176021576,0.04040210321545601,0.025138488201082866,-1.5257911867967624,1.6519221932666444,1.641685526739293,-0.016019335416900787,0.0,0.18785844989418748,0.20107846462503004,-0.004110352470187331,0.01214155010581254,-0.0010784646250300172,0.004110352470187331,0.2,0.2,0.0,0.2752094495653003,-0.33060463232327825,False
0,558,0.025138488201082866,-1.5257911867967624,1.6519221932666444,1.641685526739293,-0.016019335416900787,0.0,0.18785844989418748,0.20107846462503004,-0.004110352470187331,-0.20635934174060822,-0.261973112821579,0.5980634689331055,-0.30585771799087524,-0.4666181206703186,-0.039935626089572906,0.025138488201082866,-1.5257911867967624,1.6519221932666444,1.641685526739293,-0.016019335416900787,0.0,0.18832536614398807,0.20109024033002074,-0.0041302885984933375,0.011674633856011942,-0.0010902403300207348,0.0041302885984933375,0.2,0.2,0.0,0.275537270751453,-0.2820936944745072,False
0,559,0.025138488201082866,-1.5257911867967624,1.6519221932666444,1.641685526739293,-0.016019335416900787,0.0,0.18832536614398807,0.20109024033002074,-0.0041302885984933375,0.22591809928417206,0.206419438123703,0.8261797428131104,0.19538745284080505,0.10404915362596512,-0.32644182443618774,0.025138488201082866,-1.5257911867967624,1.6519221932666444,1.641685526739293,-0.016019335416900787,0.0,0.1879567959533568,0.20109857693122715,-0.004079154680678904,0.012043204046643226,-0.001098576931227154,0.004079154680678904,0.2,0.2,0.0,0.27529081766692726,-0.27036175597641215,False
0,560,0.025138488201082866,-1.5257911867967624,1.6519221932666444,1.641685526739293,-0.016019335416900787,0.0,0.1879567959533568,0.20109857693122715,-0.004079154680678904,0.31080925464630127,0.075204998254776,0.03016085736453533,-0.2857147455215454,0.6229256391525269,-0.03134975954890251,0.025138488201082866,-1.5257911867967624,1.6519221932666444,1.641685526739293,-0.016019335416900787,0.0,0.18760611671589064,0.20106019298308295,-0.004169771108201218,0.012393883284109366,-0.001060192983082931,0.004169771108201218,0.2,0.2,0.0,0.27502480474078284,-0.2697045462178944,False
0,561,0.025138488201082866,-1.5257911867967624,1.6519221932666444,1.641685526739293,-0.016019335416900787,0.0,0.18760611671589064,0.20106019298308295,-0.004169771108201218,0.9382323026657104,0.5222037434577942,-0.9175723791122437,0.009102554060518742,0.5206131935119629,0.21402932703495026,0.025138488201082866,-1.5257911867967624,1.6519221932666444,1.641685526739293,-0.016019335416900787,0.0,0.1870594194304733,0.2009965815019282,-0.004314637835337563,0.0129405805695267,-0.0009965815019281983,0.004314637835337563,0.2,0.2,0.0,0.27460784452155973,-0.2662686401370976,False
0,562,0.025138488201082866,-1.5257911867967624,1.6519221932666444,1.641685526739293,-0.016019335416900787,0.0,0.1870594194304733,0.2009965815019282,-0.004314637835337563,0.5553793907165527,-0.4273635745048523,0.04672810062766075,0.04296499490737915,-0.10669895261526108,0.31693390011787415,0.024863381356185734,-1.5263114086732201,1.6607704726296888,1.6469377736438555,-0.0035647078012563996,0.0,0.18687955344416296,0.20096522916187695,-0.0044198949041355795,0.013120446555837044,-0.00096522916187694,0.0044198949041355795,0.2,0.2,0.0,0.2744640710521854,-0.2715886016646988,False
0,563,0.024863381356185734,-1.5263114086732201,1.6607704726296888,1.6469377736438555,-0.0035647078012563996,0.0,0.18687955344416296,0.20096522916187695,-0.0044198949041355795,0.7449740171432495,-0.18341463804244995,0.06287156790494919,0.7618350386619568,-0.24727259576320648,0.046094052493572235,0.024863381356185734,-1.5263114086732201,1.6607704726296888,1.6469377736438555,-0.0035647078012563996,0.0,0.1863555042390287,0.20080513278897077,-0.004753022482333922,0.01364449576097131,-0.0008051327889707618,0.004753022482333922,0.2,0.2,0.0,0.27399574182329256,-0.2646291572454358,False
0,564,0.024863381356185734,-1.5263114086732201,1.6607704726296888,1.6469377736438555,-0.0035647078012563996,0.0,0.1863555042390287,0.20080513278897077,-0.004753022482333922,0.06087331473827362,0.38920310139656067,0.630243182182312,0.14817684888839722,-0.6983658671379089,-0.247420072555542,0.03284210873318237,-1.5304266994513958,1.6584881034779098,1.648387333260223,-0.008943094982716008,0.0,0.18676750461165711,0.20077366295045088,-0.004733082530528485,0.013232495388342907,-0.0007736629504508715,0.004733082530528485,0.2,0.2,0.0,0.27425274216249396,-0.2793927489465219,False
0,565,0.03284210873318237,-1.5304266994513958,1.6584881034779098,1.648387333260223,-0.008943094982716008,0.0,0.18676750461165711,0.20077366295045088,-0.004733082530528485,0.14398984611034393,-0.07351452857255936,0.9155690670013428,-0.651997447013855,0.46230852603912354,-0.13771753013134003,0.03380302320670795,-1.5304890591776517,1.6588127891649824,1.6498429787760838,-0.009112381828788025,0.0,0.18684168255663097,0.20077755162647629,-0.004640590186637591,0.013158317443369042,-0.000777551626476263,0.004640590186637591,0.2,0.2,0.0,0.27430452904572233,-0.2753402667102899,False
0,566,0.03380302320670795,-1.5304890591776517,1.6588127891649824,1.6498429787760838,-0.009112381828788025,0.0,0.18684168255663097,0.20077755162647629,-0.004640590186637591,-0.022089263424277306,0.23706024885177612,-0.035363249480724335,0.20737726986408234,0.15208816528320312,-0.49013209342956543,0.03387606204126222,-1.5303208043627636,1.6607314094897647,1.6486709128208068,-0.008532368290354902,0.0,0.18688960836089447,0.200775229847548,-0.004450236560186879,0.013110391639105542,-0.0007752298475479913,0.004450236560186879,0.2,0.2,0.0,0.2743323226290804,-0.27488819429624206,False
0,567,0.03387606204126222,-1.5303208043627636,1.6607314094897647,1.6486709128208068,-0.008532368290354902,0.0,0.18688960836089447,0.200775229847548,-0.004450236560186879,-0.1616099327802658,0.5045478343963623,0.2244291752576828,0.2922624349594116,0.0851263552904129,0.37250202894210815,0.03380430871267555,-1.5299507032989388,1.6607025670353202,1.6489930704080253,-0.008382210446067932,0.0,0.1869296716890714,0.2007772472262794,-0.004465999698192263,0.013070328310928615,-0.0007772472262793953,0.004465999698192263,0.2,0.2,0.0,0.27436134989252914,-0.2749418951615036,False
0,568,0.03380430871267555,-1.5299507032989388,1.6607025670353202,1.6489930704080253,-0.008382210446067932,0.0,0.1869296716890714,0.2007772472262794,-0.004465999698192263,0.3707527816295624,0.5216274857521057,-0.3466564118862152,-0.13013920187950134,0.48392254114151,0.6897197961807251,0.033884965035995855,-1.5295037464501406,1.6606629515977636,1.6490685813798729,-0.00814323448886276,0.0,0.1870143109182771,0.20078256244690604,-0.004440340014921662,0.012985689081722901,-0.0007825624469060232,0.004440340014921662,0.2,0.2,0.0,0.27442249632716315,-0.2756454250198433,False
0,569,0.033884965035995855,-1.5295037464501406,1.6606629515977636,1.6490685813798729,-0.00814323448886276,0.0,0.1870143109182771,0.20078256244690604,-0.004440340014921662,-0.891338586807251,0.8841304779052734,0.7690476179122925,-0.026177983731031418,0.580310583114624,-0.0018229092238470912,0.03383509228416577,-1.5289415601143697,1.6606906802059713,1.6489831396248122,-0.00769134606542003,0.0,0.18702129183902055,0.20077687486275972,-0.00445516385828729,0.012978708160979464,-0.0007768748627597201,0.00445516385828729,0.2,0.2,0.0,0.27442333276490277,-0.2744400615196953,False
0,570,0.03383509228416577,-1.5289415601143697,1.6606906802059713,1.6489831396248122,-0.00769134606542003,0.0,0.18702129183902055,0.20077687486275972,-0.00445516385828729,0.4607100486755371,0.48862260580062866,0.568687915802002,-0.3584713041782379,-0.31914398074150085,-0.5234490633010864,0.03383509228416577,-1.5289415601143697,1.6606906802059713,1.6489831396248122,-0.00769134606542003,0.0,0.1873744343173387,0.2007518335016462,-0.00408101635156248,0.012625565682661315,-0.0007518335016461898,0.00408101635156248,0.2,0.2,0.0,0.2746400043410957,-0.27897343586495427,False
0,571,0.03383509228416577,-1.5289415601143697,1.6606906802059713,1.6489831396248122,-0.00769134606542003,0.0,0.1873744343173387,0.2007518335016462,-0.00408101635156248,-0.01138012483716011,0.6665679216384888,-0.6734076142311096,-0.18172703683376312,0.2998988628387451,0.4372962713241577,0.035670257936264084,-1.5263634831756747,1.6625533938701382,1.6474753269698428,-0.008982219100993094,0.0,0.1873695348238586,0.20072403260690533,-0.004071716082841504,0.012630465176141414,-0.0007240326069053264,0.004071716082841504,0.2,0.2,0.0,0.27461620257724495,-0.27414016730022994,False
0,572,0.035670257936264084,-1.5263634831756747,1.6625533938701382,1.6474753269698428,-0.008982219100993094,0.0,0.1873695348238586,0.20072403260690533,-0.004071716082841504,-0.22603538632392883,0.471895307302475,-0.4434402287006378,0.0206784475594759,-0.35623040795326233,0.19042828679084778,0.035670257936264084,-1.5263634831756747,1.6625533938701382,1.6474753269698428,-0.008982219100993094,0.0,0.18703474374280826,0.20074619776084096,-0.004611230071332517,0.012965256257191752,-0.0007461977608409564,0.004611230071332517,0.2,0.2,0.0,0.2744126358700404,-0.27034130172594917,False
0,573,0.035670257936264084,-1.5263634831756747,1.6625533938701382,1.6474753269698428,-0.008982219100993094,0.0,0.18703474374280826,0.20074619776084096,-0.004611230071332517,0.2940525710582733,0.8561511039733887,-0.8811091184616089,-0.21131160855293274,0.2548096179962158,0.7571151852607727,0.035670257936264084,-1.5263634831756747,1.6625533938701382,1.6474753269698428,-0.008982219100993094,0.0,0.18692755270424255,0.200764065020758,-0.004904759307346827,0.013072447295757475,-0.0007640650207579948,0.004904759307346827,0.2,0.2,0.0,0.27435775262878853,-0.2732600878037514,False
0,574,0.035670257936264084,-1.5263634831756747,1.6625533938701382,1.6474753269698428,-0.008982219100993094,0.0,0.18692755270424255,0.200764065020758,-0.004904759307346827,0.7062849998474121,0.6217090487480164,-0.37200161814689636,-0.8166118860244751,-0.3219577968120575,-0.23709237575531006,0.035670257936264084,-1.5263634831756747,1.6625533938701382,1.6474753269698428,-0.008982219100993094,0.0,0.18617241949347563,0.20060828525981375,-0.005634385209931023,0.013827580506524387,-0.0006082852598137533,0.005634385209931023,0.2,0.2,0.0,0.2737436760760536,-0.26146214502135495,False
0,575,0.035670257936264084,-1.5263634831756747,1.6625533938701382,1.6474753269698428,-0.008982219100993094,0.0,0.18617241949347563,0.20060828525981375,-0.005634385209931023,-0.5905516147613525,0.48590967059135437,0.9445653557777405,-0.121864914894104,-0.6738703846931458,0.5981910824775696,0.035670257936264084,-1.5263634831756747,1.6625533938701382,1.6474753269698428,-0.008982219100993094,0.0,0.18638540118045382,0.2006043887743791,-0.005151472441521417,0.013614598819546176,-0.0006043887743790938,0.005151472441521417,0.2,0.2,0.0,0.27387620604400215,-0.2765268054029731,False
0,576,0.035670257936264084,-1.5263634831756747,1.6625533938701382,1.6474753269698428,-0.008982219100993094,0.0,0.18638540118045382,0.2006043887743791,-0.005151472441521417,0.49383652210235596,0.09948017448186874,0.8387424945831299,0.5274967551231384,0.5159236192703247,-0.570457935333252,0.04051716092986002,-1.5107316294550825,1.649790086824257,1.640982917848567,-0.009890017682167376,0.0,0.18638540118045382,0.2006043887743791,-0.005151472441521417,0.013614598819546176,-0.0006043887743790938,0.005151472441521417,0.2,0.2,0.0,0.27387620604400215,-0.27387620604400215,False
0,577,0.04051716092986002,-1.5107316294550825,1.649790086824257,1.640982917848567,-0.009890017682167376,0.0,0.18638540118045382,0.2006043887743791,-0.005151472441521417,-0.9376829266548157,-0.5601880550384521,-0.0345475897192955,-0.6687679290771484,-0.26062676310539246,0.0983184427022934,0.03867104868974005,-1.511002566964278,1.652529701731706,1.6409336847003537,-0.01127605482935178,0.0,0.18667354800167357,0.2006425341863649,-0.004889067698802735,0.013326451998326425,-0.0006425341863648936,0.004889067698802735,0.2,0.2,0.0,0.27409549983759895,-0.27848137570953513,False
0,578,0.03867104868974005,-1.511002566964278,1.652529701731706,1.6409336847003537,-0.01127605482935178,0.0,0.18667354800167357,0.2006425341863649,-0.004889067698802735,0.2904495596885681,-0.3682544231414795,0.28290700912475586,-0.4749091863632202,-0.6579500436782837,-0.4830855429172516,0.038073834826097094,-1.511510302041506,1.6524998966239934,1.6403120017190866,-0.01159581030745472,0.0,0.18654902835586953,0.20065567850167887,-0.004901587193121795,0.013450971644130477,-0.0006556785016788658,0.004901587193121795,0.2,0.2,0.0,0.2740205591785038,-0.2725217459966011,False
0,579,0.038073834826097094,-1.511510302041506,1.6524998966239934,1.6403120017190866,-0.01159581030745472,0.0,0.18654902835586953,0.20065567850167887,-0.004901587193121795,0.14102400839328766,-0.5008675456047058,0.15280559659004211,0.2593962550163269,-0.15859927237033844,-0.4970221221446991,0.038228187020486,-1.511743593550475,1.65264419921866,1.640173030703784,-0.011889907588425614,0.0,0.1864752519397902,0.20065408299015972,-0.004878370309387869,0.013524748060209809,-0.000654082990159718,0.004878370309387869,0.2,0.2,0.0,0.27396875570675144,-0.2729326862717039,False
0,580,0.038228187020486,-1.511743593550475,1.65264419921866,1.640173030703784,-0.011889907588425614,0.0,0.1864752519397902,0.20065408299015972,-0.004878370309387869,-0.025847001001238823,-0.35784053802490234,-0.6709724068641663,-0.3512267470359802,0.5015993714332581,-0.1619180142879486,0.038228187020486,-1.511743593550475,1.65264419921866,1.640173030703784,-0.011889907588425614,0.0,0.1858639213051751,0.20063042892460883,-0.005213049063608647,0.01413607869482493,-0.0006304289246088182,0.005213049063608647,0.2,0.2,0.0,0.2735418471348551,-0.26500367569692773,False
0,581,0.038228187020486,-1.511743593550475,1.65264419921866,1.640173030703784,-0.011889907588425614,0.0,0.1858639213051751,0.20063042892460883,-0.005213049063608647,-0.008693692274391651,-0.7620418071746826,-0.7726138830184937,-0.728754997253418,0.7910841107368469,-0.5710225105285645,0.03815450083820253,-1.5157226611419867,1.647491159050087,1.6367169460499171,-0.007492248891247653,0.0,0.18564748213309648,0.20062312174548594,-0.005331746481292643,0.014352517866903534,-0.0006231217454859279,0.005331746481292643,0.2,0.2,0.0,0.27339175576780517,-0.270389928426807,False
0,582,0.03815450083820253,-1.5157226611419867,1.647491159050087,1.6367169460499171,-0.007492248891247653,0.0,0.18564748213309648,0.20062312174548594,-0.005331746481292643,0.3430785536766052,0.5159739851951599,-0.7302860617637634,0.00731993792578578,0.11241492629051208,-0.6645072102546692,0.03815450083820253,-1.5157226611419867,1.647491159050087,1.6367169460499171,-0.007492248891247653,0.0,0.18425821000749368,0.20057024506514942,-0.005897233728289448,0.015741789992506344,-0.0005702450651494226,0.005897233728289448,0.2,0.2,0.0,0.27242299559014066,-0.2530477920368505,False
0,583,0.03815450083820253,-1.5157226611419867,1.647491159050087,1.6367169460499171,-0.007492248891247653,0.0,0.18425821000749368,0.20057024506514942,-0.005897233728289448,-0.5596575736999512,0.8405442237854004,0.4646787941455841,-0.09196785092353821,-0.20018966495990753,-0.7083489894866943,0.03815450083820253,-1.5157226611419867,1.647491159050087,1.6367169460499171,-0.007492248891247653,0.0,0.18418761460750693,0.20046791513724282,-0.006784012181832288,0.015812385392493092,-0.00046791513724282166,0.006784012181832288,0.2,0.2,0.0,0.2723205559548517,-0.27027176324907287,False
0,584,0.03815450083820253,-1.5157226611419867,1.647491159050087,1.6367169460499171,-0.007492248891247653,0.0,0.18418761460750693,0.20046791513724282,-0.006784012181832288,0.79630446434021,0.6129651069641113,0.7723231315612793,-0.15084479749202728,0.18502749502658844,-0.7040534019470215,0.03815450083820253,-1.5157226611419867,1.647491159050087,1.6367169460499171,-0.007492248891247653,0.0,0.18575598993880704,0.20070636894574753,-0.00552194976329165,0.01424401006119298,-0.0007063689457475296,0.00552194976329165,0.2,0.2,0.0,0.2735303022751246,-0.2977252286805821,False
0,585,0.03815450083820253,-1.5157226611419867,1.647491159050087,1.6367169460499171,-0.007492248891247653,0.0,0.18575598993880704,0.20070636894574753,-0.00552194976329165,-0.2633463442325592,0.4599313735961914,0.5800259113311768,-0.25870153307914734,0.6361008286476135,-0.2982373535633087,0.03815450083820253,-1.5157226611419867,1.647491159050087,1.6367169460499171,-0.007492248891247653,0.0,0.18575598993880704,0.20070636894574753,-0.00552194976329165,0.01424401006119298,-0.0007063689457475296,0.00552194976329165,0.2,0.2,0.0,0.2735303022751246,-0.2735303022751246,False
0,586,0.03815450083820253,-1.5157226611419867,1.647491159050087,1.6367169460499171,-0.007492248891247653,0.0,0.18575598993880704,0.20070636894574753,-0.00552194976329165,-0.03488203138113022,0.7222037315368652,-0.2641368806362152,0.7778902053833008,0.06587465852499008,-0.6916528344154358,0.034542599582661225,-1.5011790749255636,1.6457385459732874,1.6352153969176924,-0.008211551838087104,0.0,0.18588557840072337,0.2007247928869504,-0.005417177178805157,0.014114421599276637,-0.0007247928869503833,0.005417177178805157,0.2,0.2,0.0,0.27362974353214453,-0.2756185686725433,False
0,587,0.034542599582661225,-1.5011790749255636,1.6457385459732874,1.6352153969176924,-0.008211551838087104,0.0,0.18588557840072337,0.2007247928869504,-0.005417177178805157,-0.6000337600708008,0.25367915630340576,0.14659397304058075,-0.04313839599490166,0.492161363363266,0.14544591307640076,0.03449524810904278,-1.5009662740669032,1.6456196887430217,1.6357910725476246,-0.008060183476326227,0.0,0.1859663660026935,0.2007256508529089,-0.00545532890175604,0.014033633997306512,-0.0007256508529088675,0.00545532890175604,0.2,0.2,0.0,0.2736860186564122,-0.2748115211417651,False
0,588,0.03449524810904278,-1.5009662740669032,1.6456196887430217,1.6357910725476246,-0.008060183476326227,0.0,0.1859663660026935,0.2007256508529089,-0.00545532890175604,-0.6440666913986206,0.5554661750793457,0.3654628098011017,-0.29691949486732483,0.4568610191345215,0.07374080270528793,0.03413339932038643,-1.5007656063652002,1.6457475331259366,1.6357107445316872,-0.0077780171596584825,0.0,0.18599245754224436,0.20073652862619124,-0.005434190563393785,0.01400754245775564,-0.0007365286261912152,0.005434190563393785,0.2,0.2,0.0,0.2737113052370628,-0.2742170368500747,False
0,589,0.03413339932038643,-1.5007656063652002,1.6457475331259366,1.6357107445316872,-0.0077780171596584825,0.0,0.18599245754224436,0.20073652862619124,-0.005434190563393785,0.5278196334838867,0.7908214330673218,0.47938743233680725,-0.839594841003418,-0.32771220803260803,0.7296558022499084,0.03413339932038643,-1.5007656063652002,1.6457475331259366,1.6357107445316872,-0.0077780171596584825,0.0,0.18634619942131583,0.20083011995030114,-0.0050725659124023215,0.013653800578684167,-0.0008301199503011458,0.0050725659124023215,0.2,0.2,0.0,0.27401345595236165,-0.2800564702583392,False
0,590,0.03413339932038643,-1.5007656063652002,1.6457475331259366,1.6357107445316872,-0.0077780171596584825,0.0,0.18634619942131583,0.20083011995030114,-0.0050725659124023215,-0.2578766345977783,-0.17469173669815063,-0.5657910108566284,-0.6475926637649536,0.3485425114631653,0.3122365176677704,0.03413339932038643,-1.5007656063652002,1.6457475331259366,1.6357107445316872,-0.0077780171596584825,0.0,0.18343541155399717,0.20079969427686087,-0.006264615695278388,0.016564588446002844,-0.0007996942768608603,0.006264615695278388,0.2,0.2,0.0,0.2720446890558142,-0.23266935112486503,False
0,591,0.03413339932038643,-1.5007656063652002,1.6457475331259366,1.6357107445316872,-0.0077780171596584825,0.0,0.18343541155399717,0.20079969427686087,-0.006264615695278388,-0.3222794234752655,0.03927681967616081,-0.36716052889823914,0.12255662679672241,0.43965527415275574,0.18141904473304749,0.03413339932038643,-1.5007656063652002,1.6457475331259366,1.6357107445316872,-0.0077780171596584825,0.0,0.1832068853741916,0.2008026035236612,-0.0064011082953439324,0.016793114625808403,-0.0008026035236611796,0.0064011082953439324,0.2,0.2,0.0,0.2718959775682634,-0.26892174781724737,False
0,592,0.03413339932038643,-1.5007656063652002,1.6457475331259366,1.6357107445316872,-0.0077780171596584825,0.0,0.1832068853741916,0.2008026035236612,-0.0064011082953439324,-0.5175179243087769,0.19000126421451569,0.1600574404001236,0.4859172999858856,0.015940269455313683,-0.24621714651584625,0.03413339932038643,-1.5007656063652002,1.6457475331259366,1.6357107445316872,-0.0077780171596584825,0.0,0.18374578760029436,0.200850415333265,-0.006571026670380554,0.016254212399705634,-0.0008504153332649887,0.006571026670380554,0.2,0.2,0.0,0.2722987003125435,-0.2803531551981456,False
0,593,0.03413339932038643,-1.5007656063652002,1.6457475331259366,1.6357107445316872,-0.0077780171596584825,0.0,0.18374578760029436,0.200850415333265,-0.006571026670380554,-0.46552056074142456,0.2057686597108841,0.27513548731803894,-0.12252730876207352,0.5728545188903809,0.12347567081451416,0.027472609554209396,-1.5015641061275746,1.6363026251649588,1.627548662439171,0.0007570383116147569,0.0,0.18374578760029436,0.200850415333265,-0.006571026670380554,0.016254212399705634,-0.0008504153332649887,0.006571026670380554,0.2,0.2,0.0,0.2722987003125435,-0.2722987003125435,False
0,594,0.027472609554209396,-1.5015641061275746,1.6363026251649588,1.627548662439171,0.0007570383116147569,0.0,0.18374578760029436,0.200850415333265,-0.006571026670380554,-0.22785960137844086,0.21623052656650543,0.7478506565093994,0.6785099506378174,0.807415246963501,0.700869083404541,0.027472609554209396,-1.5015641061275746,1.6363026251649588,1.627548662439171,0.0007570383116147569,0.0,0.18374578760029436,0.200850415333265,-0.006571026670380554,0.016254212399705634,-0.0008504153332649887,0.006571026670380554,0.2,0.2,0.0,0.2722987003125435,-0.2722987003125435,False
0,595,0.027472609554209396,-1.5015641061275746,1.6363026251649588,1.627548662439171,0.0007570383116147569,0.0,0.18374578760029436,0.200850415333265,-0.006571026670380554,0.35604313015937805,-0.8564310073852539,0.2992396652698517,-0.09021943062543869,-0.2717469334602356,-0.2915486693382263,0.027472609554209396,-1.5015641061275746,1.6363026251649588,1.627548662439171,0.0007570383116147569,0.0,0.18426192114487963,0.2008812456398216,-0.006347908183357346,0.015738078855120383,-0.0008812456398215917,0.006347908183357346,0.2,0.2,0.0,0.27266467752921814,-0.27998422186271094,False
0,596,0.027472609554209396,-1.5015641061275746,1.6363026251649588,1.627548662439171,0.0007570383116147569,0.0,0.18426192114487963,0.2008812456398216,-0.006347908183357346,0.7258350849151611,-0.27380967140197754,0.3402402997016907,-0.34951838850975037,-0.4027460813522339,-0.7368950843811035,0.027071663158073512,-1.5012650120255302,1.63654319015191,1.6288368080983524,0.0013807980036278438,0.0,0.18426192114487963,0.2008812456398216,-0.006347908183357346,0.015738078855120383,-0.0008812456398215917,0.006347908183357346,0.2,0.2,0.0,0.27266467752921814,-0.27266467752921814,False
0,597,0.027071663158073512,-1.5012650120255302,1.63654319015191,1.6288368080983524,0.0013807980036278438,0.0,0.18426192114487963,0.2008812456398216,-0.006347908183357346,0.34787851572036743,0.6907042860984802,0.6404081583023071,-0.6148494482040405,0.2592233419418335,0.4247344434261322,0.027071663158073512,-1.5012650120255302,1.63654319015191,1.6288368080983524,0.0013807980036278438,0.0,0.18424010373286986,0.20087456433859738,-0.0063326236865957584,0.015759896267130133,-0.0008745643385973745,0.0063326236865957584,0.2,0.2,0.0,0.27264465618177075,-0.27224422923282304,False
0,598,0.027071663158073512,-1.5012650120255302,1.63654319015191,1.6288368080983524,0.0013807980036278438,0.0,0.18424010373286986,0.20087456433859738,-0.0063326236865957584,-0.06878437846899033,-0.19376921653747559,0.13594402372837067,0.6784176826477051,-0.7835339307785034,0.24857419729232788,0.027071663158073512,-1.5012650120255302,1.63654319015191,1.6288368080983524,0.0013807980036278438,0.0,0.18431629227365148,0.20086591270033313,-0.006204702408968477,0.015683707726348514,-0.0008659127003331289,0.006204702408968477,0.2,0.2,0.0,0.2726868328585519,-0.2735303663941746,False
0,599,0.027071663158073512,-1.5012650120255302,1.63654319015191,1.6288368080983524,0.0013807980036278438,0.0,0.18431629227365148,0.20086591270033313,-0.006204702408968477,0.8993871808052063,-0.697076678276062,0.32868850231170654,-0.38592371344566345,0.38199475407600403,0.018038542941212654,0.027071663158073512,-1.5012650120255302,1.63654319015191,1.6288368080983524,0.0013807980036278438,0.0,0.18431629227365148,0.20086591270033313,-0.006204702408968477,0.015683707726348514,-0.0008659127003331289,0.006204702408968477,0.2,0.2,0.0,0.2726868328585519,-0.2726868328585519,False
0,600,0.027071663158073512,-1.5012650120255302,1.63654319015191,1.6288368080983524,0.0013807980036278438,0.0,0.18431629227365148,0.20086591270033313,-0.006204702408968477,-0.06942513585090637,-0.7079503536224365,0.019330358132719994,0.9052674770355225,0.7497336864471436,0.9054772257804871,0.027071663158073512,-1.5012650120255302,1.63654319015191,1.6288368080983524,0.0013807980036278438,0.0,0.18434747989922318,0.20085863674494184,-0.006140079370544407,0.015652520100776845,-0.0008586367449418339,0.006140079370544407,0.2,0.2,0.0,0.2727010925443967,-0.2729862862612924,False
0,601,0.027071663158073512,-1.5012650120255302,1.63654319015191,1.6288368080983524,0.0013807980036278438,0.0,0.18434747989922318,0.20085863674494184,-0.006140079370544407,-0.33059436082839966,-0.19402922689914703,0.7311519980430603,0.23392453789710999,0.2602534294128418,-0.33198603987693787,0.027071663158073512,-1.5012650120255302,1.63654319015191,1.6288368080983524,0.0013807980036278438,0.0,0.18446875430066245,0.20087116076227465,-0.00634325850107002,0.015531245699337566,-0.0008711607622746487,0.00634325850107002,0.2,0.2,0.0,0.27279696015101257,-0.2747143122833305,False
0,602,0.027071663158073512,-1.5012650120255302,1.63654319015191,1.6288368080983524,0.0013807980036278438,0.0,0.18446875430066245,0.20087116076227465,-0.00634325850107002,0.4323478639125824,0.2932192087173462,0.5462790727615356,0.4945865273475647,-0.14557239413261414,0.6190611124038696,0.027071663158073512,-1.5012650120255302,1.63654319015191,1.6288368080983524,0.0013807980036278438,0.0,0.18661553036348882,0.20101552984786414,-0.0047343540510646626,0.013384469636511187,-0.0010155298478641262,0.0047343540510646626,0.2,0.2,0.0,0.2743264725124876,-0.30491671974198814,False
0,603,0.027071663158073512,-1.5012650120255302,1.63654319015191,1.6288368080983524,0.0013807980036278438,0.0,0.18661553036348882,0.20101552984786414,-0.0047343540510646626,-0.10026635229587555,0.31447216868400574,-0.1594620645046234,-0.3941972851753235,-0.8636820316314697,-0.34257400035858154,0.027071663158073512,-1.5012650120255302,1.63654319015191,1.6288368080983524,0.0013807980036278438,0.0,0.18748031032411308,0.2008557178621403,-0.004665220685233534,0.012519689675886927,-0.0008557178621402793,0.004665220685233534,0.2,0.2,0.0,0.2747974716790229,-0.28421745500972917,False
0,604,0.027071663158073512,-1.5012650120255302,1.63654319015191,1.6288368080983524,0.0013807980036278438,0.0,0.18748031032411308,0.2008557178621403,-0.004665220685233534,-0.5823407173156738,0.5214763879776001,-0.27280476689338684,0.7894409894943237,0.309561163187027,-0.03409953415393829,0.027071663158073512,-1.5012650120255302,1.63654319015191,1.6288368080983524,0.0013807980036278438,0.0,0.18724196512679628,0.20085679406592719,-0.004758816605065802,0.012758034873203726,-0.0008567940659271822,0.004758816605065802,0.2,0.2,0.0,0.2746373091232641,-0.2714340580080883,False
0,605,0.027071663158073512,-1.5012650120255302,1.63654319015191,1.6288368080983524,0.0013807980036278438,0.0,0.18724196512679628,0.20085679406592719,-0.004758816605065802,0.11086267977952957,-0.44487589597702026,0.43637508153915405,0.2184622436761856,0.4309453070163727,-0.5964349508285522,0.027071663158073512,-1.5012650120255302,1.63654319015191,1.6288368080983524,0.0013807980036278438,0.0,0.1868059030947277,0.20102197278470188,-0.005875854017009834,0.013194096905272321,-0.0010219727847018654,0.005875854017009834,0.2,0.2,0.0,0.27448279478633886,-0.27139250804783366,False
0,606,0.027071663158073512,-1.5012650120255302,1.63654319015191,1.6288368080983524,0.0013807980036278438,0.0,0.1868059030947277,0.20102197278470188,-0.005875854017009834,0.1918894350528717,-0.6802576780319214,0.6309672594070435,0.12028815597295761,0.5997157096862793,-0.3653034269809723,0.024775217458343515,-1.4984165686725728,1.6437376268196149,1.6407345613452187,0.005687303122015083,0.0,0.1862984135063503,0.2009481735566759,-0.005579066839493496,0.013701586493649706,-0.0009481735566758964,0.005579066839493496,0.2,0.2,0.0,0.2740773491508311,-0.26596843644067586,False
0,607,0.024775217458343515,-1.4984165686725728,1.6437376268196149,1.6407345613452187,0.005687303122015083,0.0,0.1862984135063503,0.2009481735566759,-0.005579066839493496,0.6173945665359497,0.2859289348125458,0.8795255422592163,0.7241179347038269,-0.36763283610343933,-0.3749215304851532,0.024775217458343515,-1.4984165686725728,1.6437376268196149,1.6407345613452187,0.005687303122015083,0.0,0.18603327457143445,0.20090375544404396,-0.0053530959652504685,0.01396672542856555,-0.0009037554440439537,0.0053530959652504685,0.2,0.2,0.0,0.2738600990208397,-0.2695150964210115,False
0,608,0.024775217458343515,-1.4984165686725728,1.6437376268196149,1.6407345613452187,0.005687303122015083,0.0,0.18603327457143445,0.20090375544404396,-0.0053530959652504685,0.22823067009449005,-0.17034362256526947,0.7451654672622681,-0.8821569681167603,-0.713710367679596,-0.2170373648405075,0.024775217458343515,-1.4984165686725728,1.6437376268196149,1.6407345613452187,0.005687303122015083,0.0,0.18603327457143445,0.20090375544404396,-0.0053530959652504685,0.01396672542856555,-0.0009037554440439537,0.0053530959652504685,0.2,0.2,0.0,0.2738600990208397,-0.2738600990208397,False
0,609,0.024775217458343515,-1.4984165686725728,1.6437376268196149,1.6407345613452187,0.005687303122015083,0.0,0.18603327457143445,0.20090375544404396,-0.0053530959652504685,0.7216081619262695,-0.6029317378997803,0.2940705716609955,-0.027027102187275887,0.827336847782135,0.2912173569202423,0.024775217458343515,-1.4984165686725728,1.6437376268196149,1.6407345613452187,0.005687303122015083,0.0,0.18610941877979092,0.20086706933181098,-0.005279997238399756,0.013890581220209086,-0.0008670693318109785,0.005279997238399756,0.2,0.2,0.0,0.27388350383208493,-0.2743516000569898,False
0,610,0.024775217458343515,-1.4984165686725728,1.6437376268196149,1.6407345613452187,0.005687303122015083,0.0,0.18610941877979092,0.20086706933181098,-0.005279997238399756,-0.7861762046813965,0.23584367334842682,-0.5810954570770264,0.13350044190883636,0.561521589756012,-0.5962638854980469,0.024775217458343515,-1.4984165686725728,1.6437376268196149,1.6407345613452187,0.005687303122015083,0.0,0.18599518586903852,0.20094396016852267,-0.0056451134257389825,0.014004814130961506,-0.0009439601685226501,0.0056451134257389825,0.2,0.2,0.0,0.27386958867361755,-0.2735912855042699,False
0,611,0.024775217458343515,-1.4984165686725728,1.6437376268196149,1.6407345613452187,0.005687303122015083,0.0,0.18599518586903852,0.20094396016852267,-0.0056451134257389825,0.02404448203742504,-0.49713605642318726,0.31509819626808167,0.42827123403549194,-0.764558732509613,-0.01686215028166771,0.025249856649728893,-1.505019500502934,1.6450948191091204,1.639223904518774,0.014059250619299671,0.0,0.18592625249807085,0.2010021344050965,-0.005875686386297863,0.014073747501929173,-0.0010021344050965073,0.005875686386297863,0.2,0.2,0.0,0.2738703216741292,-0.27388498168436276,False
0,612,0.025249856649728893,-1.505019500502934,1.6450948191091204,1.639223904518774,0.014059250619299671,0.0,0.18592625249807085,0.2010021344050965,-0.005875686386297863,0.36100226640701294,-0.3801667392253876,0.4392508566379547,0.4489215314388275,-0.11823750287294388,-0.35636356472969055,0.023034534156375013,-1.5038074734161309,1.6434084356919403,1.639855401344625,0.014779864672063915,0.0,0.18591596265025676,0.20101790940497505,-0.005935999991715318,0.014084037349743266,-0.001017909404975039,0.005935999991715318,0.2,0.2,0.0,0.27387621504179593,-0.2739940823951301,False
0,613,0.023034534156375013,-1.5038074734161309,1.6434084356919403,1.639855401344625,0.014779864672063915,0.0,0.18591596265025676,0.20101790940497505,-0.005935999991715318,0.45313096046447754,-0.09347493201494217,0.09076424688100815,-0.7151339054107666,0.6414063572883606,-0.47631800174713135,0.023241876745634847,-1.5039872414382824,1.6436190716334882,1.6399896384326078,0.014759778522900271,0.0,0.18594463669127853,0.2010106719173655,-0.005906728267872335,0.014055363308721473,-0.00101067191736547,0.005906728267872335,0.2,0.2,0.0,0.2738897361672262,-0.2741601586758321,False
0,614,0.023241876745634847,-1.5039872414382824,1.6436190716334882,1.6399896384326078,0.014759778522900271,0.0,0.18594463669127853,0.2010106719173655,-0.005906728267872335,0.31767141819000244,-0.9254729747772217,0.8641716241836548,-0.21021457016468048,-0.6135175824165344,-0.5963369607925415,0.023479434225350097,-1.504032878957526,1.6436624988717938,1.6396033811168298,0.015103749357740049,0.0,0.18584052342220467,0.20099362079324848,-0.005872094350618098,0.014159476577795344,-0.0009936207932484736,0.005872094350618098,0.2,0.2,0.0,0.2738058020522606,-0.2721271197529486,False
0,615,0.023479434225350097,-1.504032878957526,1.6436624988717938,1.6396033811168298,0.015103749357740049,0.0,0.18584052342220467,0.20099362079324848,-0.005872094350618098,0.5104688405990601,0.42793938517570496,-0.3172662556171417,0.18032819032669067,-0.7265815734863281,-0.2189044952392578,0.024009866342031744,-1.5041946741591767,1.6438301191767448,1.6389814807077787,0.015415661132854034,0.0,0.18584052342220467,0.20099362079324848,-0.005872094350618098,0.014159476577795344,-0.0009936207932484736,0.005872094350618098,0.2,0.2,0.0,0.2738058020522606,-0.2738058020522606,False
0,616,0.024009866342031744,-1.5041946741591767,1.6438301191767448,1.6389814807077787,0.015415661132854034,0.0,0.18584052342220467,0.20099362079324848,-0.005872094350618098,-0.6778134107589722,0.16660720109939575,-0.665385365486145,0.8105299472808838,0.4069403111934662,0.0876922681927681,0.027291407097423805,-1.5012626485139346,1.641613048294484,1.640385735903436,0.010471735628253551,0.0,0.18595688092247772,0.20090883334821644,-0.006115228463687051,0.014043119077522277,-0.0009088333482164279,0.006115228463687051,0.2,0.2,0.0,0.2738278964950815,-0.27426978535149876,False
0,617,0.027291407097423805,-1.5012626485139346,1.641613048294484,1.640385735903436,0.010471735628253551,0.0,0.18595688092247772,0.20090883334821644,-0.006115228463687051,-0.0062990919686853886,0.02490907721221447,-0.6127649545669556,0.6039783954620361,-0.24097903072834015,-0.24653005599975586,0.02701250991941761,-1.5012304017448337,1.6411873135677797,1.6408688835066583,0.01058717374295495,0.0,0.1859606154621261,0.20091722525230038,-0.006172913509335225,0.014039384537873914,-0.0009172252523003586,0.006172913509335225,0.2,0.2,0.0,0.2738378840981103,-0.2740376361586859,False
0,618,0.02701250991941761,-1.5012304017448337,1.6411873135677797,1.6408688835066583,0.01058717374295495,0.0,0.1859606154621261,0.20091722525230038,-0.006172913509335225,0.7039213180541992,-0.47620490193367004,-0.20511958003044128,0.4522063434123993,0.8155825138092041,-0.2282734215259552,0.027059136663514134,-1.5012240557100864,1.640298064410694,1.6417572813816443,0.01027742435828154,0.0,0.18594293646063048,0.20091663584402303,-0.006302377362989654,0.014057063539369526,-0.0009166358440230263,0.006302377362989654,0.2,0.2,0.0,0.2738283954211238,-0.27363862188139443,False
0,619,0.027059136663514134,-1.5012240557100864,1.640298064410694,1.6417572813816443,0.01027742435828154,0.0,0.18594293646063048,0.20091663584402303,-0.006302377362989654,-0.3093167841434479,-0.3566243350505829,0.8563406467437744,-0.21059748530387878,-0.7679575681686401,-0.03970806673169136,0.027059136663514134,-1.5012240557100864,1.640298064410694,1.6417572813816443,0.01027742435828154,0.0,0.18590357065877638,0.20087925304612725,-0.0064244739088398645,0.014096429341223637,-0.0008792530461272494,0.0064244739088398645,0.2,0.2,0.0,0.2737770730960831,-0.2727506265952695,False
0,620,0.027059136663514134,-1.5012240557100864,1.640298064410694,1.6417572813816443,0.01027742435828154,0.0,0.18590357065877638,0.20087925304612725,-0.0064244739088398645,0.2854209840297699,0.4325694739818573,-0.5105773210525513,-0.11807189881801605,-0.10423807054758072,-0.2174689769744873,0.027059136663514134,-1.5012240557100864,1.640298064410694,1.6417572813816443,0.01027742435828154,0.0,0.18501881043976867,0.20073139049803515,-0.0073313594995985075,0.01498118956023135,-0.0007313904980351489,0.0073313594995985075,0.2,0.2,0.0,0.27309119388939307,-0.259373609755592,False
0,621,0.027059136663514134,-1.5012240557100864,1.640298064410694,1.6417572813816443,0.01027742435828154,0.0,0.18501881043976867,0.20073139049803515,-0.0073313594995985075,0.2322685867547989,-0.2510932385921478,0.6445709466934204,-0.3556862473487854,0.8798823952674866,-0.8685173988342285,0.027059136663514134,-1.5012240557100864,1.640298064410694,1.6417572813816443,0.01027742435828154,0.0,0.18522974677340073,0.20073307836346693,-0.00687077142305598,0.014770253226599278,-0.0007330783634669344,0.00687077142305598,0.2,0.2,0.0,0.27322341652750004,-0.27586786928963947,False
0,622,0.027059136663514134,-1.5012240557100864,1.640298064410694,1.6417572813816443,0.01027742435828154,0.0,0.18522974677340073,0.20073307836346693,-0.00687077142305598,-0.16243724524974823,-0.44108206033706665,-0.9871284365653992,-0.2874561846256256,0.11147440969944,0.3169267773628235,0.03345011033199427,-1.4968517323279955,1.6385000174767195,1.6366386072556562,0.014767057949477934,0.0,0.1854428708659636,0.20073761849974117,-0.0064199984610803645,0.014557129134036423,-0.0007376184997411483,0.0064199984610803645,0.2,0.2,0.0,0.273360323046704,-0.276098453430783,False
0,623,0.03345011033199427,-1.4968517323279955,1.6385000174767195,1.6366386072556562,0.014767057949477934,0.0,0.1854428708659636,0.20073761849974117,-0.0064199984610803645,-0.8690266609191895,-0.5945999622344971,0.7603704929351807,0.6528111696243286,0.14531788229942322,-0.3754267990589142,0.03302140597895559,-1.497201106878738,1.6386523663296515,1.636891541587521,0.014818044669048784,0.0,0.18544614176123175,0.20073899581618113,-0.006362813836870474,0.014553858238768251,-0.0007389958161811198,0.006362813836870474,0.2,0.2,0.0,0.273362216363817,-0.2734000827060777,False
0,624,0.03302140597895559,-1.497201106878738,1.6386523663296515,1.636891541587521,0.014818044669048784,0.0,0.18544614176123175,0.20073899581618113,-0.006362813836870474,-0.03365300968289375,-0.40988263487815857,-0.5408291816711426,0.27717652916908264,0.5604126453399658,-0.5834596753120422,0.03256066011107873,-1.4976536424175437,1.6388557605477574,1.6373290333560342,0.01509387276267724,0.0,0.18557150611530676,0.20076421420507454,-0.006294074851888879,0.014428493884693243,-0.000764214205074533,0.006294074851888879,0.2,0.2,0.0,0.27346420051905435,-0.2755038836238008,False
0,625,0.03256066011107873,-1.4976536424175437,1.6388557605477574,1.6373290333560342,0.01509387276267724,0.0,0.18557150611530676,0.20076421420507454,-0.006294074851888879,-0.2790490388870239,-0.5555207133293152,0.0626743733882904,0.775023341178894,-0.33856070041656494,-0.6694226264953613,0.032501402773599294,-1.497962024971101,1.6385765943878938,1.6376067529953828,0.015324939085498519,0.0,0.1854977601689954,0.20076209255244643,-0.006376337488033953,0.014502239831004592,-0.0007620925524464103,0.006376337488033953,0.2,0.2,0.0,0.2734145104297,-0.27242070864261303,False
0,626,0.032501402773599294,-1.497962024971101,1.6385765943878938,1.6376067529953828,0.015324939085498519,0.0,0.1854977601689954,0.20076209255244643,-0.006376337488033953,0.6328399181365967,-0.4696413278579712,0.7144544124603271,0.901803195476532,0.20092396438121796,-0.667696475982666,0.03250100018555673,-1.49826986359404,1.6387353218053768,1.638083056253573,0.015217606443091617,0.0,0.18553810523404235,0.20076666678943425,-0.006385857343247495,0.014461894765957661,-0.0007666667894342528,0.006385857343247495,0.2,0.2,0.0,0.27344546469376046,-0.2740645499749698,False
0,627,0.03250100018555673,-1.49826986359404,1.6387353218053768,1.638083056253573,0.015217606443091617,0.0,0.18553810523404235,0.20076666678943425,-0.006385857343247495,-0.23080721497535706,-0.8995388746261597,-0.7685919404029846,0.29005521535873413,-0.11503223329782486,0.6338871717453003,0.033121313480029106,-1.4987831465875538,1.6393993113135779,1.6389866412275929,0.015415981892189252,0.0,0.18572062135922296,0.200754388213508,-0.006315859849252734,0.014279378640777038,-0.0007543882135079708,0.006315859849252734,0.2,0.2,0.0,0.27355870242174923,-0.2758234569815246,False
0,628,0.033121313480029106,-1.4987831465875538,1.6393993113135779,1.6389866412275929,0.015415981892189252,0.0,0.18572062135922296,0.200754388213508,-0.006315859849252734,0.2481459528207779,0.6489766240119934,0.6911548376083374,0.4423133432865143,0.24194848537445068,-0.19513459503650665,0.03298563284849681,-1.4992648885072124,1.6389710112098146,1.6391644132687164,0.015357957410264819,0.0,0.18562745600676125,0.20075519954988247,-0.006398911765829657,0.014372543993238767,-0.0007551995498824627,0.006398911765829657,0.2,0.2,0.0,0.2734979865403804,-0.27228366891300326,False
0,629,0.03298563284849681,-1.4992648885072124,1.6389710112098146,1.6391644132687164,0.015357957410264819,0.0,0.18562745600676125,0.20075519954988247,-0.006398911765829657,-0.3477862775325775,0.21109960973262787,-0.5387657284736633,0.4277207553386688,-0.030989347025752068,-0.08133340626955032,0.03298563284849681,-1.4992648885072124,1.6389710112098146,1.6391644132687164,0.015357957410264819,0.0,0.18697955447444226,0.20076067941989914,-0.005758576297148047,0.013020445525557749,-0.0007606794198991317,0.005758576297148047,0.2,0.2,0.0,0.27440729836061306,-0.2925935347652667,False
0,630,0.03298563284849681,-1.4992648885072124,1.6389710112098146,1.6391644132687164,0.015357957410264819,0.0,0.18697955447444226,0.20076067941989914,-0.005758576297148047,0.4240965247154236,-0.3764577805995941,-0.3971933126449585,0.8003364205360413,0.21489661931991577,0.06486734747886658,0.03298563284849681,-1.4992648885072124,1.6389710112098146,1.6391644132687164,0.015357957410264819,0.0,0.18581246328860174,0.20081541681776185,-0.008258125758715262,0.014187536711398278,-0.0008154168177618361,0.008258125758715262,0.2,0.2,0.0,0.2737175547642426,-0.2599226828368331,False
0,631,0.03298563284849681,-1.4992648885072124,1.6389710112098146,1.6391644132687164,0.015357957410264819,0.0,0.18581246328860174,0.20081541681776185,-0.008258125758715262,-0.4203566610813141,0.9366579055786133,-0.0769759863615036,0.4993383586406708,-0.03397791087627411,0.5651183128356934,0.032409383494091906,-1.499309915376615,1.6275501100809708,1.6542322139086503,0.017353325755916502,0.0,0.1858091869106494,0.20076246604664977,-0.008348961999721578,0.01419081308935061,-0.0007624660466497451,0.008348961999721578,0.2,0.2,0.0,0.2736792408641942,-0.2729129628632266,False
0,632,0.032409383494091906,-1.499309915376615,1.6275501100809708,1.6542322139086503,0.017353325755916502,0.0,0.1858091869106494,0.20076246604664977,-0.008348961999721578,-0.7870615124702454,-0.6270447373390198,0.5615475177764893,0.25205546617507935,0.5166674852371216,0.05795331671833992,0.03328597875429142,-1.500015427235369,1.6275348171157038,1.6548376415602462,0.017648769384723005,0.0,0.1858311360556962,0.2007555598794318,-0.0083535581619745,0.014168863944303809,-0.0007555598794318078,0.0083535581619745,0.2,0.2,0.0,0.27368921769814075,-0.27388875437707166,False
0,633,0.03328597875429142,-1.500015427235369,1.6275348171157038,1.6548376415602462,0.017648769384723005,0.0,0.1858311360556962,0.2007555598794318,-0.0083535581619745,0.5556016564369202,-0.6451324820518494,0.9086942076683044,0.2925580143928528,0.8166435956954956,0.3877372741699219,0.032624007222294915,-1.5000764767352655,1.62818086379743,1.6550249806687019,0.018054079797547258,0.0,0.18589950047798015,0.2007702297124587,-0.008304659280725563,0.01410049952201986,-0.0007702297124586865,0.008304659280725563,0.2,0.2,0.0,0.2737449118842667,-0.27485879560678556,False
0,634,0.032624007222294915,-1.5000764767352655,1.62818086379743,1.6550249806687019,0.018054079797547258,0.0,0.18589950047798015,0.2007702297124587,-0.008304659280725563,0.8024011254310608,-0.8436552286148071,0.5113971829414368,0.8620468378067017,-0.5284398198127747,0.2722410559654236,0.03428152427162647,-1.5019185009549094,1.630722588361313,1.6558451609541864,0.0203550581479563,0.0,0.1860987595981105,0.20075422992494132,-0.008112131503393186,0.013901240401889513,-0.0007542299249413129,0.008112131503393186,0.2,0.2,0.0,0.27386276825125366,-0.276219895590993,False
0,635,0.03428152427162647,-1.5019185009549094,1.630722588361313,1.6558451609541864,0.0203550581479563,0.0,0.1860987595981105,0.20075422992494132,-0.008112131503393186,-0.31818756461143494,-0.46938556432724,0.0737423226237297,0.23120945692062378,-0.5586758852005005,0.24318891763687134,0.03428152427162647,-1.5019185009549094,1.630722588361313,1.6558451609541864,0.0203550581479563,0.0,0.18635691308634447,0.20071703831904852,-0.007956809395327922,0.013643086913655539,-0.0007170383190485152,0.007956809395327922,0.2,0.2,0.0,0.274006458577887,-0.27688026511055425,False
0,636,0.03428152427162647,-1.5019185009549094,1.630722588361313,1.6558451609541864,0.0203550581479563,0.0,0.18635691308634447,0.20071703831904852,-0.007956809395327922,0.6601612567901611,0.08590416610240936,0.2960795760154724,-0.031419213861227036,0.6007624864578247,-0.09422960132360458,0.03612653106976747,-1.503861104301659,1.631924234925351,1.6578048276619277,0.019195365503077703,0.0,0.18643041475107094,0.20070371391611927,-0.00794130308539905,0.01356958524892907,-0.0007037139161192612,0.00794130308539905,0.2,0.2,0.0,0.274046245401527,-0.2748419818743265,False
0,637,0.03612653106976747,-1.503861104301659,1.631924234925351,1.6578048276619277,0.019195365503077703,0.0,0.18643041475107094,0.20070371391611927,-0.00794130308539905,-0.26945728063583374,0.19734957814216614,0.6901348829269409,-0.36420738697052,-0.01238007191568613,0.5188422799110413,0.03744592369477477,-1.5035290690939642,1.6324884628124492,1.6575915143240203,0.020604968915058756,0.0,0.18652253884586392,0.20067536117699397,-0.007839526944388608,0.013477461154136079,-0.0006753611769939505,0.007839526944388608,0.2,0.2,0.0,0.27408523539901886,-0.274865035348856,False
0,638,0.03744592369477477,-1.5035290690939642,1.6324884628124492,1.6575915143240203,0.020604968915058756,0.0,0.18652253884586392,0.20067536117699397,-0.007839526944388608,0.7183436155319214,0.5632742643356323,-0.14086051285266876,-0.524147093296051,-0.2409847229719162,-0.22908282279968262,0.037419931893532224,-1.5032196790896883,1.6329559078165363,1.6571637140689002,0.02048538170765501,0.0,0.1865564572743861,0.20067632269042562,-0.007770238207572569,0.013443542725613902,-0.0006763226904256029,0.007770238207572569,0.2,0.2,0.0,0.27410704996611107,-0.2745433413079554,False
0,639,0.037419931893532224,-1.5032196790896883,1.6329559078165363,1.6571637140689002,0.02048538170765501,0.0,0.1865564572743861,0.20067632269042562,-0.007770238207572569,-0.29125869274139404,0.7486293315887451,0.7015841603279114,0.14049513638019562,-0.15905936062335968,-0.5598000288009644,0.037715781073674605,-1.5027029713701858,1.63308122169971,1.6569375961033437,0.020313461342933013,0.0,0.18659309339860053,0.20067041263641272,-0.00773470887128128,0.013406906601399489,-0.0006704126364127193,0.00773470887128128,0.2,0.2,0.0,0.2741266545468545,-0.27451874616172256,False
0,640,0.037715781073674605,-1.5027029713701858,1.63308122169971,1.6569375961033437,0.020313461342933013,0.0,0.18659309339860053,0.20067041263641272,-0.00773470887128128,-0.09620556980371475,-0.210505411028862,0.6330451369285583,0.09132352471351624,0.21441282331943512,-0.7208551168441772,0.037715781073674605,-1.5027029713701858,1.63308122169971,1.6569375961033437,0.020313461342933013,0.0,0.1868223935461769,0.20068668939694698,-0.007542181381875637,0.013177606453823095,-0.0006866893969469695,0.007542181381875637,0.2,0.2,0.0,0.2742893336085572,-0.2775429148426111,False
0,641,0.037715781073674605,-1.5027029713701858,1.63308122169971,1.6569375961033437,0.020313461342933013,0.0,0.1868223935461769,0.20068668939694698,-0.007542181381875637,0.26511716842651367,0.31220999360084534,0.4045725166797638,-0.3272208869457245,0.6071664690971375,-0.7586827278137207,0.037715781073674605,-1.5027029713701858,1.63308122169971,1.6569375961033437,0.020313461342933013,0.0,0.1870586566280954,0.20069533865481567,-0.007288010143331747,0.012941343371904609,-0.0006953386548156516,0.007288010143331747,0.2,0.2,0.0,0.27444976784309394,-0.27765845253382926,False
0,642,0.037715781073674605,-1.5027029713701858,1.63308122169971,1.6569375961033437,0.020313461342933013,0.0,0.1870586566280954,0.20069533865481567,-0.007288010143331747,0.4062063694000244,0.5068897604942322,-0.4402138888835907,-0.10321670025587082,-0.3112930953502655,-0.34717071056365967,0.037715781073674605,-1.5027029713701858,1.63308122169971,1.6569375961033437,0.020313461342933013,0.0,0.18733436303191459,0.20055977656662924,-0.006717022587943839,0.012665636968085429,-0.0005597765666292285,0.006717022587943839,0.2,0.2,0.0,0.2745241445510328,-0.27601167870981,False
0,643,0.037715781073674605,-1.5027029713701858,1.63308122169971,1.6569375961033437,0.020313461342933013,0.0,0.18733436303191459,0.20055977656662924,-0.006717022587943839,0.5663025379180908,-0.7997917532920837,0.6859645843505859,-0.19643282890319824,-0.8542372584342957,0.1770433485507965,0.037715781073674605,-1.5027029713701858,1.63308122169971,1.6569375961033437,0.020313461342933013,0.0,0.18663992721977604,0.20045682977820278,-0.007660356255514936,0.01336007278022398,-0.00045682977820277974,0.007660356255514936,0.2,0.2,0.0,0.2740001534585192,-0.263520331608247,False
0,644,0.037715781073674605,-1.5027029713701858,1.63308122169971,1.6569375961033437,0.020313461342933013,0.0,0.18663992721977604,0.20045682977820278,-0.007660356255514936,0.2090526819229126,-0.6892457008361816,-0.38427940011024475,-0.02679642103612423,0.49131831526756287,-0.7217034101486206,0.037715781073674605,-1.5027029713701858,1.63308122169971,1.6569375961033437,0.020313461342933013,0.0,0.18603795959542185,0.20039931556949625,-0.007573763384058171,0.013962040404578158,-0.0003993155694962527,0.007573763384058171,0.2,0.2,0.0,0.27354591933155953,-0.26446123679236627,False
0,645,0.037715781073674605,-1.5027029713701858,1.63308122169971,1.6569375961033437,0.020313461342933013,0.0,0.18603795959542185,0.20039931556949625,-0.007573763384058171,-0.5961403846740723,-0.15193124115467072,0.644358217716217,0.12977883219718933,-0.22653593122959137,-0.6284725666046143,0.046437152565433536,-1.5107530995680138,1.6297562191935753,1.653910535370694,0.02352277972887755,0.0,0.18496162856603396,0.20038278082992933,-0.008389094818945026,0.015038371433966056,-0.0003827808299293196,0.008389094818945026,0.2,0.2,0.0,0.2728267578644299,-0.25844352852183716,False
0,646,0.046437152565433536,-1.5107530995680138,1.6297562191935753,1.653910535370694,0.02352277972887755,0.0,0.18496162856603396,0.20038278082992933,-0.008389094818945026,0.21977530419826508,0.6358597278594971,0.14219006896018982,-0.4779296815395355,-0.9068074226379395,0.2919268310070038,0.046437152565433536,-1.5107530995680138,1.6297562191935753,1.653910535370694,0.02352277972887755,0.0,0.18492497533766403,0.2003847469354337,-0.008402340702900028,0.015075024662335984,-0.00038474693543370385,0.008402340702900028,0.2,0.2,0.0,0.27280376213919977,-0.2723438476345973,False
0,647,0.046437152565433536,-1.5107530995680138,1.6297562191935753,1.653910535370694,0.02352277972887755,0.0,0.18492497533766403,0.2003847469354337,-0.008402340702900028,-0.8898390531539917,-0.5970426797866821,0.33729416131973267,0.49530819058418274,-0.6814261674880981,-0.7017130851745605,0.046437152565433536,-1.5107530995680138,1.6297562191935753,1.653910535370694,0.02352277972887755,0.0,0.18507679951353123,0.20035214740956508,-0.00806332028163478,0.014923200486468783,-0.00035214740956507904,0.00806332028163478,0.2,0.2,0.0,0.272872537687031,-0.27424804864365593,False
0,648,0.046437152565433536,-1.5107530995680138,1.6297562191935753,1.653910535370694,0.02352277972887755,0.0,0.18507679951353123,0.20035214740956508,-0.00806332028163478,-0.5156931281089783,-0.9234436750411987,0.17090405523777008,-0.5589807033538818,0.08366793394088745,-0.43654415011405945,0.046437152565433536,-1.5107530995680138,1.6297562191935753,1.653910535370694,0.02352277972887755,0.0,0.18587622794631561,0.200832342291172,-0.007868799546052355,0.014123772053684407,-0.0008323422911719965,0.007868799546052355,0.2,0.2,0.0,0.27376179395964867,-0.2915469194120018,False
0,649,0.046437152565433536,-1.5107530995680138,1.6297562191935753,1.653910535370694,0.02352277972887755,0.0,0.18587622794631561,0.200832342291172,-0.007868799546052355,0.8285946846008301,-0.5314005613327026,0.5161405801773071,0.26645925641059875,0.6906124353408813,-0.08275224268436432,0.046437152565433536,-1.5107530995680138,1.6297562191935753,1.653910535370694,0.02352277972887755,0.0,0.18544001839363455,0.200817393564552,-0.00787345792413682,0.014559981606365447,-0.0008173935645519768,0.00787345792413682,0.2,0.2,0.0,0.2734549639695262,-0.2673183641670763,False
0,650,0.046437152565433536,-1.5107530995680138,1.6297562191935753,1.653910535370694,0.02352277972887755,0.0,0.18544001839363455,0.200817393564552,-0.00787345792413682,-0.4299813210964203,0.24717116355895996,-0.10909855365753174,0.6305134892463684,-0.7758032083511353,-0.8358762264251709,0.046437152565433536,-1.5107530995680138,1.6297562191935753,1.653910535370694,0.02352277972887755,0.0,0.185960015198895,0.2006037630126987,-0.007883530285589316,0.014039984801105035,-0.0006037630126986791,0.007883530285589316,0.2,0.2,0.0,0.27365150655056153,-0.2775823581712686,False
0,651,0.046437152565433536,-1.5107530995680138,1.6297562191935753,1.653910535370694,0.02352277972887755,0.0,0.185960015198895,0.2006037630126987,-0.007883530285589316,0.7768051624298096,0.2870338559150696,0.23563754558563232,0.336490273475647,-0.5194495320320129,-0.39526087045669556,0.037883695521251454,-1.51587793910829,1.6335723409931837,1.6644602899120204,0.012011844804994216,0.0,0.18671748564060733,0.20054527813143788,-0.008115906934018032,0.013282514359392688,-0.0005452781314378755,0.008115906934018032,0.2,0.2,0.0,0.27413080084172925,-0.28371668666508365,False
0,652,0.037883695521251454,-1.51587793910829,1.6335723409931837,1.6644602899120204,0.012011844804994216,0.0,0.18671748564060733,0.20054527813143788,-0.008115906934018032,0.2663687467575073,0.7556049823760986,0.16466517746448517,0.10063223540782928,0.7995256185531616,-0.45702749490737915,0.037883695521251454,-1.51587793910829,1.6335723409931837,1.6644602899120204,0.012011844804994216,0.0,0.18698094863719425,0.20046679400296208,-0.007981128423130087,0.013019051362805768,-0.0004667940029620662,0.007981128423130087,0.2,0.2,0.0,0.27424899099540473,-0.2766127940689143,False
0,653,0.037883695521251454,-1.51587793910829,1.6335723409931837,1.6644602899120204,0.012011844804994216,0.0,0.18698094863719425,0.20046679400296208,-0.007981128423130087,0.08429186791181564,-0.3092480003833771,-0.06551801413297653,0.3644868731498718,-0.666326642036438,-0.36734437942504883,0.037883695521251454,-1.51587793910829,1.6335723409931837,1.6644602899120204,0.012011844804994216,0.0,0.1873266190656536,0.2004857389124949,-0.007852145009918501,0.012673380934346414,-0.0004857389124949074,0.007852145009918501,0.2,0.2,0.0,0.27449489958670337,-0.27941307141267613,False
0,654,0.037883695521251454,-1.51587793910829,1.6335723409931837,1.6644602899120204,0.012011844804994216,0.0,0.1873266190656536,0.2004857389124949,-0.007852145009918501,0.21060562133789062,0.8824073076248169,0.13996288180351257,0.15138331055641174,-0.13440097868442535,0.25118398666381836,0.037883695521251454,-1.51587793910829,1.6335723409931837,1.6644602899120204,0.012011844804994216,0.0,0.18737261293699964,0.20051150862269088,-0.007955099795774172,0.01262738706300038,-0.000511508622690858,0.007955099795774172,0.2,0.2,0.0,0.27454807371705753,-0.27561155632414075,False
0,655,0.037883695521251454,-1.51587793910829,1.6335723409931837,1.6644602899120204,0.012011844804994216,0.0,0.18737261293699964,0.20051150862269088,-0.007955099795774172,0.25906893610954285,0.3986354172229767,0.39107200503349304,-0.3910852074623108,0.2733115553855896,0.7067502737045288,0.037883695521251454,-1.51587793910829,1.6335723409931837,1.6644602899120204,0.012011844804994216,0.0,0.188485567667942,0.20057695072725423,-0.007576127584880327,0.011514432332057997,-0.0005769507272542323,0.007576127584880327,0.2,0.2,0.0,0.27534581909179606,-0.29130072658656675,False
0,656,0.037883695521251454,-1.51587793910829,1.6335723409931837,1.6644602899120204,0.012011844804994216,0.0,0.188485567667942,0.20057695072725423,-0.007576127584880327,0.28983041644096375,0.22830161452293396,-0.5067992210388184,-0.41754233837127686,-0.17411920428276062,-0.6737468838691711,0.04495198154287021,-1.4998281955831212,1.6361275626072798,1.6678322938981036,0.009617259340178085,0.0,0.18853688013915537,0.2005799214377352,-0.007555353453739085,0.011463119860844632,-0.0005799214377352025,0.007555353453739085,0.2,0.2,0.0,0.27538254015529956,-0.2761169614253695,False
0,657,0.04495198154287021,-1.4998281955831212,1.6361275626072798,1.6678322938981036,0.009617259340178085,0.0,0.18853688013915537,0.2005799214377352,-0.007555353453739085,-0.4127556383609772,-0.3715014159679413,0.19371116161346436,0.5116902589797974,-0.48797371983528137,-0.1636362075805664,0.04496876639726845,-1.5000854951285771,1.6356843686326268,1.6674587590311456,0.00950827296895351,0.0,0.18840075026349312,0.20057278108604287,-0.007603815963345223,0.011599249736506875,-0.0005727810860428524,0.007603815963345223,0.2,0.2,0.0,0.27528549040885025,-0.2733444954798641,False
0,658,0.04496876639726845,-1.5000854951285771,1.6356843686326268,1.6674587590311456,0.00950827296895351,0.0,0.18840075026349312,0.20057278108604287,-0.007603815963345223,0.6268631219863892,0.3302488625049591,0.30054178833961487,0.3564322888851166,0.527739405632019,0.34708133339881897,0.04496876639726845,-1.5000854951285771,1.6356843686326268,1.6674587590311456,0.00950827296895351,0.0,0.18861865816321316,0.20061798576796933,-0.007584698356279392,0.011381341836786855,-0.0006179857679693023,0.007584698356279392,0.2,0.2,0.0,0.27546706167896723,-0.27909848708130675,False
0,659,0.04496876639726845,-1.5000854951285771,1.6356843686326268,1.6674587590311456,0.00950827296895351,0.0,0.18861865816321316,0.20061798576796933,-0.007584698356279392,-0.5462374687194824,0.6299728155136108,0.1044636219739914,-0.39717721939086914,0.2744091749191284,0.009021067060530186,0.04496876639726845,-1.5000854951285771,1.6356843686326268,1.6674587590311456,0.00950827296895351,0.0,0.18869246438016193,0.20063319203557287,-0.007578297086678704,0.011307535619838074,-0.0006331920355728504,0.007578297086678704,0.2,0.2,0.0,0.275528500244486,-0.27675727155486135,False
0,660,0.04496876639726845,-1.5000854951285771,1.6356843686326268,1.6674587590311456,0.00950827296895351,0.0,0.18869246438016193,0.20063319203557287,-0.007578297086678704,-0.46717318892478943,0.8800431489944458,-0.19506217539310455,-0.4494224190711975,0.8569122552871704,-0.7214822769165039,0.04496876639726845,-1.5000854951285771,1.6356843686326268,1.6674587590311456,0.00950827296895351,0.0,0.18861264126795774,0.20079053859741564,-0.00738707537596392,0.011387358732042274,-0.0007905385974156245,0.00738707537596392,0.2,0.2,0.0,0.27558326821294094,-0.2766786275820397,False
0,661,0.04496876639726845,-1.5000854951285771,1.6356843686326268,1.6674587590311456,0.00950827296895351,0.0,0.18861264126795774,0.20079053859741564,-0.00738707537596392,-0.0876716822385788,0.26999858021736145,-0.2196889966726303,-0.23190884292125702,0.48441341519355774,0.3311811089515686,0.034933602266586365,-1.484069355061622,1.6329604252912961,1.6597628544888474,0.02397258309391916,0.0,0.1885867185198605,0.20080480213711624,-0.007389747364184435,0.01141328148013952,-0.0008048021371162296,0.007389747364184435,0.2,0.2,0.0,0.27557599193239235,-0.27543046632142065,False
0,662,0.034933602266586365,-1.484069355061622,1.6329604252912961,1.6597628544888474,0.02397258309391916,0.0,0.1885867185198605,0.20080480213711624,-0.007389747364184435,0.589364767074585,-0.3501022160053253,-0.7773769497871399,0.6307640075683594,-0.13466237485408783,0.5171424746513367,0.035173337002793105,-1.4842258886847022,1.6326674682249414,1.6599916151148502,0.023924034693007412,0.0,0.18858586577328276,0.20080777877850797,-0.007391781816811188,0.011414134226717242,-0.000807778778507973,0.007391781816811188,0.2,0.2,0.0,0.2755776319403376,-0.2756104320992421,False
0,663,0.035173337002793105,-1.4842258886847022,1.6326674682249414,1.6599916151148502,0.023924034693007412,0.0,0.18858586577328276,0.20080777877850797,-0.007391781816811188,0.15217939019203186,0.5779472589492798,-0.8070403933525085,0.21915659308433533,-0.49592670798301697,-0.6528446674346924,0.03553303262008377,-1.484200279755988,1.631975751895806,1.6603972478865388,0.023676815425202943,0.0,0.1885257356496979,0.20079383402902695,-0.007505551394835608,0.011474264350302098,-0.0007938340290269315,0.007505551394835608,0.2,0.2,0.0,0.27552939968010076,-0.2745647544753645,False
0,664,0.03553303262008377,-1.484200279755988,1.631975751895806,1.6603972478865388,0.023676815425202943,0.0,0.1885257356496979,0.20079383402902695,-0.007505551394835608,0.6982492208480835,0.5930954813957214,0.7824821472167969,0.4872056245803833,0.438455730676651,-0.39048394560813904,0.03581494873157083,-1.4838540061729082,1.6320739906385,1.660618864399366,0.0237204594855689,0.0,0.18851816528182996,0.20079079661587124,-0.007556077608303527,0.011481834718170048,-0.0007907966158712126,0.007556077608303527,0.2,0.2,0.0,0.2755233873116513,-0.2754031399426626,False
0,665,0.03581494873157083,-1.4838540061729082,1.6320739906385,1.660618864399366,0.0237204594855689,0.0,0.18851816528182996,0.20079079661587124,-0.007556077608303527,0.47987890243530273,0.08997783064842224,-0.6526182889938354,0.697740912437439,-0.40901947021484375,0.21091264486312866,0.03581494873157083,-1.4838540061729082,1.6320739906385,1.660618864399366,0.0237204594855689,0.0,0.18866032718538064,0.20074059734370175,-0.007907631370118823,0.011339672814619364,-0.0007405973437017467,0.007907631370118823,0.2,0.2,0.0,0.27559397146796727,-0.27700565459428617,False
0,666,0.03581494873157083,-1.4838540061729082,1.6320739906385,1.660618864399366,0.0237204594855689,0.0,0.18866032718538064,0.20074059734370175,-0.007907631370118823,-0.32567307353019714,-0.4068959057331085,-0.9746365547180176,0.34887197613716125,0.34947872161865234,-0.6418496966362,0.04208208514571922,-1.4825556280486352,1.6240199879939283,1.6695887100500753,0.01865869441659896,0.0,0.18860666418327432,0.2006476973419217,-0.008811123187218037,0.011393335816725702,-0.0006476973419216944,0.008811123187218037,0.2,0.2,0.0,0.27551698335089647,-0.2739772210094805,False
0,667,0.04208208514571922,-1.4825556280486352,1.6240199879939283,1.6695887100500753,0.01865869441659896,0.0,0.18860666418327432,0.2006476973419217,-0.008811123187218037,-0.2814367413520813,0.6309743523597717,0.050209108740091324,0.19328513741493225,0.04301644116640091,-0.4720132052898407,0.04209841521070499,-1.4825957795966007,1.623821154622419,1.6697131228838333,0.018649511616072836,0.0,0.18862099719614314,0.20065018462455853,-0.008835723197797005,0.011379002803856866,-0.0006501846245585267,0.008835723197797005,0.2,0.2,0.0,0.27552939439842883,-0.27577761534907597,False
0,668,0.04209841521070499,-1.4825957795966007,1.623821154622419,1.6697131228838333,0.018649511616072836,0.0,0.18862099719614314,0.20065018462455853,-0.008835723197797005,-0.5085985064506531,-0.4988987445831299,-0.13126996159553528,-0.5118882656097412,0.3540394902229309,-0.8161545395851135,0.04082733148130328,-1.482893724045184,1.6236297570115317,1.6689262711515163,0.019374244924574617,0.0,0.18783734688236395,0.20070143023979536,-0.00892552719154208,0.01216265311763606,-0.0007014302397953416,0.00892552719154208,0.2,0.2,0.0,0.2750338125026665,-0.2651221745874201,False
0,669,0.04082733148130328,-1.482893724045184,1.6236297570115317,1.6689262711515163,0.019374244924574617,0.0,0.18783734688236395,0.20070143023979536,-0.00892552719154208,0.7159470319747925,-0.9049280881881714,0.9114355444908142,-0.16993100941181183,0.02958247996866703,0.561764657497406,0.04082733148130328,-1.482893724045184,1.6236297570115317,1.6689262711515163,0.019374244924574617,0.0,0.18678415189560316,0.20076361177462027,-0.009062332997271355,0.013215848104396844,-0.0007636117746202547,0.009062332997271355,0.2,0.2,0.0,0.2743655829208606,-0.2610009912847426,False
0,670,0.04082733148130328,-1.482893724045184,1.6236297570115317,1.6689262711515163,0.019374244924574617,0.0,0.18678415189560316,0.20076361177462027,-0.009062332997271355,0.10063029080629349,-0.11194382607936859,-0.8103777766227722,-0.3517680764198303,0.1622651219367981,-0.5166725516319275,0.04082733148130328,-1.482893724045184,1.6236297570115317,1.6689262711515163,0.019374244924574617,0.0,0.18587393789706794,0.2006888818574292,-0.00933957206155522,0.01412606210293207,-0.0006888818574291979,0.00933957206155522,0.2,0.2,0.0,0.27370125264024864,-0.26041464702800926,False
0,671,0.04082733148130328,-1.482893724045184,1.6236297570115317,1.6689262711515163,0.019374244924574617,0.0,0.18587393789706794,0.2006888818574292,-0.00933957206155522,-0.5403128266334534,-0.226106196641922,-0.6407000422477722,-0.2859777510166168,-0.10519234091043472,-0.4972690939903259,0.04082733148130328,-1.482893724045184,1.6236297570115317,1.6689262711515163,0.019374244924574617,0.0,0.18510615535058733,0.200592688817932,-0.010193138576911457,0.014893844649412666,-0.0005926888179319771,0.010193138576911457,0.2,0.2,0.0,0.273140285622483,-0.2619209452671701,False
0,672,0.04082733148130328,-1.482893724045184,1.6236297570115317,1.6689262711515163,0.019374244924574617,0.0,0.18510615535058733,0.200592688817932,-0.010193138576911457,-0.484232097864151,-0.7748908400535583,-0.7579376697540283,-0.046985872089862823,-0.3301512897014618,-0.24970869719982147,0.037340303666371005,-1.4921251652006435,1.611980256895397,1.659608486392811,0.02364804701816625,0.0,0.1850883239961531,0.2005992122942636,-0.010216045586589631,0.014911676003846904,-0.0005992122942635921,0.010216045586589631,0.2,0.2,0.0,0.27313384858016276,-0.2730051077337582,False
0,673,0.037340303666371005,-1.4921251652006435,1.611980256895397,1.659608486392811,0.02364804701816625,0.0,0.1850883239961531,0.2005992122942636,-0.010216045586589631,-0.006856915075331926,0.05583026260137558,0.5776005983352661,0.24710091948509216,-0.5323403477668762,-0.6528564691543579,0.037340303666371005,-1.4921251652006435,1.611980256895397,1.659608486392811,0.02364804701816625,0.0,0.1837554125365642,0.2007725893818973,-0.011751601404207682,0.016244587463435836,-0.000772589381897279,0.011751601404207682,0.2,0.2,0.0,0.2724220703598705,-0.25818650595402487,False
0,674,0.037340303666371005,-1.4921251652006435,1.611980256895397,1.659608486392811,0.02364804701816625,0.0,0.1837554125365642,0.2007725893818973,-0.011751601404207682,-0.8111711740493774,0.05046682059764862,0.3463214039802551,0.673740029335022,0.5479308366775513,-0.8196597099304199,0.037340303666371005,-1.4921251652006435,1.611980256895397,1.659608486392811,0.02364804701816625,0.0,0.1850267641358636,0.20077797142778508,-0.010794364428327916,0.014973235864136396,-0.0007779714277850857,0.010794364428327916,0.2,0.2,0.0,0.27324570547523075,-0.28971840778243607,False
0,675,0.037340303666371005,-1.4921251652006435,1.611980256895397,1.659608486392811,0.02364804701816625,0.0,0.1850267641358636,0.20077797142778508,-0.010794364428327916,0.2284265011548996,0.20430195331573486,-0.8147416114807129,0.3446672558784485,-0.40796923637390137,-0.6841698288917542,0.03212086750955162,-1.4979656298296005,1.61385352192703,1.666295593819099,0.010571569041153651,0.0,0.18562187991699317,0.20076974643521833,-0.010317515605858876,0.014378120083006846,-0.0007697464352183305,0.010317515605858876,0.2,0.2,0.0,0.2736246050995006,-0.2812025975848975,False
0,676,0.03212086750955162,-1.4979656298296005,1.61385352192703,1.666295593819099,0.010571569041153651,0.0,0.18562187991699317,0.20076974643521833,-0.010317515605858876,-0.4160742163658142,0.8431105613708496,0.17094877362251282,-0.6117331981658936,0.3254448175430298,-0.2752319574356079,0.03212086750955162,-1.4979656298296005,1.61385352192703,1.666295593819099,0.010571569041153651,0.0,0.1854443335220469,0.20075734837119302,-0.010588138927549447,0.014555666477953113,-0.0007573483711930196,0.010588138927549447,0.2,0.2,0.0,0.27350543403453215,-0.2711220127351632,False
0,677,0.03212086750955162,-1.4979656298296005,1.61385352192703,1.666295593819099,0.010571569041153651,0.0,0.1854443335220469,0.20075734837119302,-0.010588138927549447,0.4895757734775543,0.14539125561714172,-0.16802744567394257,-0.42577481269836426,-0.3609239161014557,-0.6502798795700073,0.03212086750955162,-1.4979656298296005,1.61385352192703,1.666295593819099,0.010571569041153651,0.0,0.18551856527951585,0.2007917922160363,-0.010401927532373557,0.014481434720484153,-0.000791792216036291,0.010401927532373557,0.2,0.2,0.0,0.27357390588483876,-0.2749433428909711,False
0,678,0.03212086750955162,-1.4979656298296005,1.61385352192703,1.666295593819099,0.010571569041153651,0.0,0.18551856527951585,0.2007917922160363,-0.010401927532373557,0.1560736745595932,-0.2306346446275711,0.43628206849098206,0.1853206306695938,-0.2825973629951477,0.0190037339925766,0.03212086750955162,-1.4979656298296005,1.61385352192703,1.666295593819099,0.010571569041153651,0.0,0.18522481902947888,0.200722340690428,-0.010432919901571542,0.014775180970521141,-0.0007223406904279775,0.010432919901571542,0.2,0.2,0.0,0.2733249667601188,-0.2683461842657196,False
0,679,0.03212086750955162,-1.4979656298296005,1.61385352192703,1.666295593819099,0.010571569041153651,0.0,0.18522481902947888,0.200722340690428,-0.010432919901571542,-0.41592690348625183,-0.9284077882766724,0.5532468557357788,-0.651366114616394,0.7051011323928833,-0.6329119205474854,0.03212086750955162,-1.4979656298296005,1.61385352192703,1.666295593819099,0.010571569041153651,0.0,0.18544771429653287,0.200707824145553,-0.010248101693953293,0.014552285703467144,-0.0007078241455529817,0.010248101693953293,0.2,0.2,0.0,0.27345842279838506,-0.27612754356371016,False
0,680,0.03212086750955162,-1.4979656298296005,1.61385352192703,1.666295593819099,0.010571569041153651,0.0,0.18544771429653287,0.200707824145553,-0.010248101693953293,0.2634420394897461,0.2817135453224182,-0.216166689991951,-0.5587075352668762,-0.7622849345207214,-0.4438727796077728,0.03212086750955162,-1.4979656298296005,1.61385352192703,1.666295593819099,0.010571569041153651,0.0,0.18501865036962295,0.2006903049004294,-0.010154255206609966,0.014981349630377064,-0.0006903049004293909,0.010154255206609966,0.2,0.2,0.0,0.27315125546924557,-0.26700790888645576,False
0,681,0.03212086750955162,-1.4979656298296005,1.61385352192703,1.666295593819099,0.010571569041153651,0.0,0.18501865036962295,0.2006903049004294,-0.010154255206609966,0.12889045476913452,0.7176345586776733,-0.7328622341156006,-0.6018328070640564,-0.9684284329414368,0.22065207362174988,0.03212086750955162,-1.4979656298296005,1.61385352192703,1.666295593819099,0.010571569041153651,0.0,0.18471641885683523,0.20065643838592886,-0.010255078304794746,0.015283581143164787,-0.000656438385928854,0.010255078304794746,0.2,0.2,0.0,0.2729254995269906,-0.26841038068189077,False
0,682,0.03212086750955162,-1.4979656298296005,1.61385352192703,1.666295593819099,0.010571569041153651,0.0,0.18471641885683523,0.20065643838592886,-0.010255078304794746,0.144156813621521,0.019950201734900475,-0.6930166482925415,-0.3620280921459198,0.6207400560379028,-0.4466278553009033,0.03558389029522223,-1.494636363181586,1.613189735971072,1.6584595246435239,0.0032337245459521753,0.0,0.18460012532311187,0.20065182226866546,-0.010352600832485074,0.015399874676888123,-0.0006518222686654482,0.010352600832485074,0.2,0.2,0.0,0.2728470934297111,-0.2712789714841212,False
0,683,0.03558389029522223,-1.494636363181586,1.613189735971072,1.6584595246435239,0.0032337245459521753,0.0,0.18460012532311187,0.20065182226866546,-0.010352600832485074,0.424517422914505,0.9396548867225647,0.11725157499313354,0.22874949872493744,0.7373555898666382,0.6269862055778503,0.03558389029522223,-1.494636363181586,1.613189735971072,1.6584595246435239,0.0032337245459521753,0.0,0.18460012532311187,0.20065182226866546,-0.010352600832485074,0.015399874676888123,-0.0006518222686654482,0.010352600832485074,0.2,0.2,0.0,0.2728470934297111,-0.2728470934297111,False
0,684,0.03558389029522223,-1.494636363181586,1.613189735971072,1.6584595246435239,0.0032337245459521753,0.0,0.18460012532311187,0.20065182226866546,-0.010352600832485074,0.23262189328670502,0.38590946793556213,-0.13266049325466156,-0.5696071982383728,-0.15774065256118774,-0.7486870884895325,0.036252096320630464,-1.4927819730818865,1.6112825879018327,1.6564217529646437,0.002517035653105261,0.0,0.18451314537250607,0.20064817779956465,-0.010424946578386926,0.015486854627493933,-0.000648177799564624,0.010424946578386926,0.2,0.2,0.0,0.27278832742751935,-0.27161300738368466,False
0,685,0.036252096320630464,-1.4927819730818865,1.6112825879018327,1.6564217529646437,0.002517035653105261,0.0,0.18451314537250607,0.20064817779956465,-0.010424946578386926,-0.34613093733787537,-0.06618733704090118,-0.3932285010814667,0.17136092483997345,-0.24789737164974213,-0.1055426299571991,0.03560942555990821,-1.4920570545161436,1.6096324275984444,1.6555526298697454,0.0012070719261379165,0.0,0.1842351082356783,0.2006019202313443,-0.010375746981188792,0.015764891764321727,-0.0006019202313442921,0.010375746981188792,0.2,0.2,0.0,0.2725644173998733,-0.2680862168469524,False
0,686,0.03560942555990821,-1.4920570545161436,1.6096324275984444,1.6555526298697454,0.0012070719261379165,0.0,0.1842351082356783,0.2006019202313443,-0.010375746981188792,-0.5171021223068237,-0.7993334531784058,-0.04445628449320793,0.8958268761634827,-0.7807703018188477,-0.332477331161499,0.03560942555990821,-1.4920570545161436,1.6096324275984444,1.6555526298697454,0.0012070719261379165,0.0,0.18397826949966145,0.20066661969051194,-0.010823862556634492,0.016021730500338564,-0.0006666196905119446,0.010823862556634492,0.2,0.2,0.0,0.27245596324314786,-0.27028688010863894,False
0,687,0.03560942555990821,-1.4920570545161436,1.6096324275984444,1.6555526298697454,0.0012070719261379165,0.0,0.18397826949966145,0.20066661969051194,-0.010823862556634492,-0.1721867322921753,0.6709614992141724,-0.03492291271686554,-0.5887590646743774,0.15635988116264343,-0.6629225015640259,0.03560942555990821,-1.4920570545161436,1.6096324275984444,1.6555526298697454,0.0012070719261379165,0.0,0.1840420028921552,0.20071159231543145,-0.010985881467302366,0.01595799710784481,-0.0007115923154314475,0.010985881467302366,0.2,0.2,0.0,0.27253860590743034,-0.27419145919308,False
0,688,0.03560942555990821,-1.4920570545161436,1.6096324275984444,1.6555526298697454,0.0012070719261379165,0.0,0.1840420028921552,0.20071159231543145,-0.010985881467302366,-0.2498265951871872,-0.18979547917842865,-0.19343651831150055,0.8291400671005249,-0.5861725807189941,0.5940098762512207,0.03560942555990821,-1.4920570545161436,1.6096324275984444,1.6555526298697454,0.0012070719261379165,0.0,0.184069536646615,0.20072749052449804,-0.010993735026514198,0.01593046335338503,-0.0007274905244980331,0.010993735026514198,0.2,0.2,0.0,0.2725692242044123,-0.27318159014405186,False
0,689,0.03560942555990821,-1.4920570545161436,1.6096324275984444,1.6555526298697454,0.0012070719261379165,0.0,0.184069536646615,0.20072749052449804,-0.010993735026514198,0.6306407451629639,0.17325934767723083,0.3441694676876068,-0.4784662425518036,0.38050416111946106,0.4204505681991577,0.03560942555990821,-1.4920570545161436,1.6096324275984444,1.6555526298697454,0.0012070719261379165,0.0,0.18418386702433917,0.2007082934630379,-0.010953755432325792,0.01581613297566084,-0.0007082934630378726,0.010953755432325792,0.2,0.2,0.0,0.27263070387422544,-0.27386029727048794,False
0,690,0.03560942555990821,-1.4920570545161436,1.6096324275984444,1.6555526298697454,0.0012070719261379165,0.0,0.18418386702433917,0.2007082934630379,-0.010953755432325792,-0.17618809640407562,-0.6631714701652527,0.35101407766342163,0.1520596295595169,-0.6638906002044678,-0.058901745826005936,0.03560942555990821,-1.4920570545161436,1.6096324275984444,1.6555526298697454,0.0012070719261379165,0.0,0.18422583110630072,0.20068022802973717,-0.01050059350786051,0.01577416889369928,-0.0006802280297371757,0.01050059350786051,0.2,0.2,0.0,0.27262056641583715,-0.2724178172480713,False
0,691,0.03560942555990821,-1.4920570545161436,1.6096324275984444,1.6555526298697454,0.0012070719261379165,0.0,0.18422583110630072,0.20068022802973717,-0.01050059350786051,0.6828492879867554,0.13283972442150116,-0.3732885420322418,0.09300323575735092,-0.1803164780139923,0.47038698196411133,0.03420861676925618,-1.4975339825366036,1.6116901175736211,1.658240690637704,-0.004647042209894718,0.0,0.18423075863745159,0.20068532743208942,-0.010466242535515563,0.01576924136254844,-0.0006853274320893983,0.010466242535515563,0.2,0.2,0.0,0.27262632907969125,-0.2727415823567733,False
0,692,0.03420861676925618,-1.4975339825366036,1.6116901175736211,1.658240690637704,-0.004647042209894718,0.0,0.18423075863745159,0.20068532743208942,-0.010466242535515563,0.723152756690979,-0.8407483696937561,-0.5245652198791504,0.4131213128566742,-0.5379290580749512,0.27035582065582275,0.03392564051434494,-1.498937802167104,1.612438703817959,1.6584439933119615,-0.006016705415127537,0.0,0.18423075863745159,0.20068532743208942,-0.010466242535515563,0.01576924136254844,-0.0006853274320893983,0.010466242535515563,0.2,0.2,0.0,0.27262632907969125,-0.27262632907969125,False
0,693,0.03392564051434494,-1.498937802167104,1.612438703817959,1.6584439933119615,-0.006016705415127537,0.0,0.18423075863745159,0.20068532743208942,-0.010466242535515563,0.8677874803543091,0.43770158290863037,0.18792378902435303,-0.24394658207893372,-0.07156362384557724,0.0077740466222167015,0.03418604409646933,-1.4992212772955726,1.6122432874233967,1.6585888753236775,-0.006192300428476137,0.0,0.18420652407845725,0.20067955409484722,-0.010488184958957588,0.01579347592154276,-0.000679554094847203,0.010488184958957588,0.2,0.2,0.0,0.2726065460852092,-0.27221088619556766,False
0,694,0.03418604409646933,-1.4992212772955726,1.6122432874233967,1.6585888753236775,-0.006192300428476137,0.0,0.18420652407845725,0.20067955409484722,-0.010488184958957588,-0.027057144790887833,0.03237956389784813,-0.6372746229171753,0.4212060272693634,-0.014239086769521236,0.5280634164810181,0.03448749679466717,-1.4990578833803598,1.6122758972739768,1.658524435396829,-0.006214960251480563,0.0,0.18420002596088886,0.2006676651395855,-0.010496654094183239,0.015799974039111146,-0.0006676651395854889,0.010496654094183239,0.2,0.2,0.0,0.2725937290983377,-0.2723373893609077,False
0,695,0.03448749679466717,-1.4990578833803598,1.6122758972739768,1.658524435396829,-0.006214960251480563,0.0,0.18420002596088886,0.2006676651395855,-0.010496654094183239,0.5181773900985718,-0.24913567304611206,-0.47755077481269836,-0.836162269115448,-0.27665072679519653,0.29760828614234924,0.03449516976833613,-1.499057699089761,1.6118696652141078,1.6587248805304886,-0.006239416401192041,0.0,0.18420002596088886,0.2006676651395855,-0.010496654094183239,0.015799974039111146,-0.0006676651395854889,0.010496654094183239,0.2,0.2,0.0,0.2725937290983377,-0.2725937290983377,False
0,696,0.03449516976833613,-1.499057699089761,1.6118696652141078,1.6587248805304886,-0.006239416401192041,0.0,0.18420002596088886,0.2006676651395855,-0.010496654094183239,-0.4851185381412506,0.3604218661785126,0.34980151057243347,0.2538778483867645,0.7012730836868286,0.07882020622491837,0.03461954824557558,-1.4991099249061508,1.6117547044333513,1.6584894996876753,-0.006279005243552596,0.0,0.18414615340687726,0.2006639186142191,-0.010562918986046443,0.01585384659312275,-0.0006639186142190661,0.010562918986046443,0.2,0.2,0.0,0.27255713035191154,-0.2718251554233887,False
0,697,0.03461954824557558,-1.4991099249061508,1.6117547044333513,1.6584894996876753,-0.006279005243552596,0.0,0.18414615340687726,0.2006639186142191,-0.010562918986046443,-0.37686672806739807,-0.36955612897872925,-0.5332883596420288,0.07357615232467651,0.10755287855863571,-0.33472365140914917,0.034451119579870425,-1.499024397193811,1.6118282523930827,1.6585729111265568,-0.006063976904588644,0.0,0.18414786693628052,0.20066685214012528,-0.010558254324579994,0.015852133063719496,-0.0006668521401252672,0.010558254324579994,0.2,0.2,0.0,0.2725602670592166,-0.27262300120531785,False
0,698,0.034451119579870425,-1.499024397193811,1.6118282523930827,1.6585729111265568,-0.006063976904588644,0.0,0.18414786693628052,0.20066685214012528,-0.010558254324579994,-0.2415703535079956,-0.2966839671134949,-0.825054943561554,-0.7388184070587158,0.5178726315498352,-0.7565571069717407,0.03421255878679895,-1.4992752330070285,1.6113963046543494,1.6584772386524254,-0.005919470356578743,0.0,0.18405627718890635,0.20067017879959795,-0.010621982044494719,0.01594372281109367,-0.000670178799597931,0.010621982044494719,0.2,0.2,0.0,0.27250332169471936,-0.27136441440477455,False
0,699,0.03421255878679895,-1.4992752330070285,1.6113963046543494,1.6584772386524254,-0.005919470356578743,0.0,0.18405627718890635,0.20067017879959795,-0.010621982044494719,0.3504284620285034,-0.4431789219379425,-0.15761876106262207,-0.029128795489668846,-0.7257615327835083,-0.930438220500946,0.03411562676168932,-1.4993949802879103,1.6110589065452787,1.658170291729674,-0.0057056006748398775,0.0,0.18405627718890635,0.20067017879959795,-0.010621982044494719,0.01594372281109367,-0.000670178799597931,0.010621982044494719,0.2,0.2,0.0,0.27250332169471936,-0.27250332169471936,False
0,700,0.03411562676168932,-1.4993949802879103,1.6110589065452787,1.658170291729674,-0.0057056006748398775,0.0,0.18405627718890635,0.20067017879959795,-0.010621982044494719,-0.2746131122112274,-0.07708171010017395,0.21837671101093292,0.6435391306877136,0.12007341533899307,0.4829709529876709,0.03411562676168932,-1.4993949802879103,1.6110589065452787,1.658170291729674,-0.0057056006748398775,0.0,0.18396523297279654,0.20065740475323438,-0.010721784100978432,0.01603476702720347,-0.0006574047532343765,0.010721784100978432,0.2,0.2,0.0,0.27243633692910096,-0.2710966416167331,False
0,701,0.03411562676168932,-1.4993949802879103,1.6110589065452787,1.658170291729674,-0.0057056006748398775,0.0,0.18396523297279654,0.20065740475323438,-0.010721784100978432,0.18533053994178772,0.7678852081298828,-0.11375609785318375,-0.09695421904325485,0.6503872871398926,-0.3084198534488678,0.03359188633699377,-1.5006678313574273,1.6117739843419858,1.661180414918498,-0.006690640328762791,0.0,0.18425036076623535,0.20068968294973413,-0.01068072618082494,0.015749639233764663,-0.0006896829497341238,0.01068072618082494,0.2,0.2,0.0,0.27265109975333396,-0.27694635623799385,False
0,702,0.03359188633699377,-1.5006678313574273,1.6117739843419858,1.661180414918498,-0.006690640328762791,0.0,0.18425036076623535,0.20068968294973413,-0.01068072618082494,0.05907106399536133,0.7370623350143433,0.07612033188343048,-0.8026704788208008,0.2054770290851593,-0.39966869354248047,0.03366284832293854,-1.500297326473763,1.6117466236816533,1.660975203037146,-0.006453871710191063,0.0,0.18431366234423938,0.20069403844502454,-0.010670372108353424,0.01568633765576064,-0.0006940384450245389,0.010670372108353424,0.2,0.2,0.0,0.27269668137887193,-0.27360831388963136,False
0,703,0.03366284832293854,-1.500297326473763,1.6117466236816533,1.660975203037146,-0.006453871710191063,0.0,0.18431366234423938,0.20069403844502454,-0.010670372108353424,-0.6676926612854004,0.693535566329956,0.5547501444816589,-0.5993586778640747,0.345308393239975,-0.21966567635536194,0.033446998201687575,-1.4997545226088642,1.611976572068945,1.6604364421583047,-0.006250490055668112,0.0,0.18430541741246098,0.20069395217584585,-0.010634599054253204,0.015694582587539037,-0.0006939521758458325,0.010634599054253204,0.2,0.2,0.0,0.27268964781338306,-0.2725489765036057,False
0,704,0.033446998201687575,-1.4997545226088642,1.611976572068945,1.6604364421583047,-0.006250490055668112,0.0,0.18430541741246098,0.20069395217584585,-0.010634599054253204,-0.36964428424835205,0.14318260550498962,0.6473667025566101,0.04494713619351387,0.35818931460380554,0.7210158109664917,0.033446998201687575,-1.4997545226088642,1.611976572068945,1.6604364421583047,-0.006250490055668112,0.0,0.18463875598214807,0.20078949582129868,-0.01011439867932679,0.015361244017851928,-0.0007894958212986649,0.01011439867932679,0.2,0.2,0.0,0.2729655525949216,-0.2784836482256926,False
0,705,0.033446998201687575,-1.4997545226088642,1.611976572068945,1.6604364421583047,-0.006250490055668112,0.0,0.18463875598214807,0.20078949582129868,-0.01011439867932679,-0.9044933915138245,-0.6715776920318604,-0.1333095282316208,0.6206396818161011,-0.038698337972164154,-0.4659106135368347,0.033446998201687575,-1.4997545226088642,1.611976572068945,1.6604364421583047,-0.006250490055668112,0.0,0.18515405103577762,0.20084266810339663,-0.009719231226097125,0.01484594896422239,-0.0008426681033966178,0.009719231226097125,0.2,0.2,0.0,0.27333909965732456,-0.2808100409053835,False
0,706,0.033446998201687575,-1.4997545226088642,1.611976572068945,1.6604364421583047,-0.006250490055668112,0.0,0.18515405103577762,0.20084266810339663,-0.009719231226097125,0.28140026330947876,-0.04760317876935005,-0.2460070550441742,-0.6437780857086182,0.8290837407112122,0.10217804461717606,0.028795501235724164,-1.4965548838026057,1.6178992568761048,1.6587313903106347,-0.002846794336144007,0.0,0.18515405103577762,0.20084266810339663,-0.009719231226097125,0.01484594896422239,-0.0008426681033966178,0.009719231226097125,0.2,0.2,0.0,0.27333909965732456,-0.27333909965732456,False
0,707,0.028795501235724164,-1.4965548838026057,1.6178992568761048,1.6587313903106347,-0.002846794336144007,0.0,0.18515405103577762,0.20084266810339663,-0.009719231226097125,-0.5141055583953857,-0.7557178139686584,-0.13152559101581573,0.04491254687309265,-0.4559215307235718,0.8456221222877502,0.028795501235724164,-1.4965548838026057,1.6178992568761048,1.6587313903106347,-0.002846794336144007,0.0,0.1852145306428536,0.20085005519422408,-0.009672844429750818,0.014785469357146423,-0.0008500551942240744,0.009672844429750818,0.2,0.2,0.0,0.2733838527640899,-0.27427891489939643,False
0,708,0.028795501235724164,-1.4965548838026057,1.6178992568761048,1.6587313903106347,-0.002846794336144007,0.0,0.1852145306428536,0.20085005519422408,-0.009672844429750818,0.4345035254955292,0.17965707182884216,0.0052987197414040565,0.39465394616127014,0.09235550463199615,0.6951550245285034,0.028795501235724164,-1.4965548838026057,1.6178992568761048,1.6587313903106347,-0.002846794336144007,0.0,0.18499172518476784,0.20083352010317396,-0.009775813524757232,0.015008274815232165,-0.0008335201031739474,0.009775813524757232,0.2,0.2,0.0,0.27322446397410954,-0.2700366881745027,False
0,709,0.028795501235724164,-1.4965548838026057,1.6178992568761048,1.6587313903106347,-0.002846794336144007,0.0,0.18499172518476784,0.20083352010317396,-0.009775813524757232,-0.4215526878833771,0.6518968343734741,-0.1444542557001114,0.2552264630794525,-0.2686937749385834,-0.6847020983695984,0.02920757656795477,-1.497328287873208,1.6171704507408944,1.6581889172899753,-0.0021992461228864473,0.0,0.18499172518476784,0.20083352010317396,-0.009775813524757232,0.015008274815232165,-0.0008335201031739474,0.009775813524757232,0.2,0.2,0.0,0.27322446397410954,-0.27322446397410954,False
0,710,0.02920757656795477,-1.497328287873208,1.6171704507408944,1.6581889172899753,-0.0021992461228864473,0.0,0.18499172518476784,0.20083352010317396,-0.009775813524757232,-0.3109540045261383,0.5522639155387878,0.3216318190097809,-0.32686343789100647,0.6174691915512085,0.08420956879854202,0.02920757656795477,-1.497328287873208,1.6171704507408944,1.6581889172899753,-0.0021992461228864473,0.0,0.18528276686624737,0.200851287472011,-0.009566880459230872,0.014717233133752648,-0.0008512874720109796,0.009566880459230872,0.2,0.2,0.0,0.2734272637805122,-0.27748325990856504,False
0,711,0.02920757656795477,-1.497328287873208,1.6171704507408944,1.6581889172899753,-0.0021992461228864473,0.0,0.18528276686624737,0.200851287472011,-0.009566880459230872,-0.8276636600494385,-0.01536062266677618,-0.25512704253196716,0.30734962224960327,0.8725602626800537,0.7213380336761475,0.02858414990480787,-1.4947802899518734,1.6184914306538092,1.6575260801037892,0.00035490963470720356,0.0,0.18528276686624737,0.200851287472011,-0.009566880459230872,0.014717233133752648,-0.0008512874720109796,0.009566880459230872,0.2,0.2,0.0,0.2734272637805122,-0.2734272637805122,False
0,712,0.02858414990480787,-1.4947802899518734,1.6184914306538092,1.6575260801037892,0.00035490963470720356,0.0,0.18528276686624737,0.200851287472011,-0.009566880459230872,0.25621548295021057,0.5423659086227417,0.43830937147140503,0.8069108724594116,0.5538876056671143,0.451322466135025,0.028471929690538092,-1.4946434899137353,1.6185510335314313,1.6578457700148526,0.0007037474985752595,0.0,0.1853212479795314,0.2008642644939211,-0.0095268694093333,0.01467875202046861,-0.0008642644939211063,0.0095268694093333,0.2,0.2,0.0,0.2734614761609345,-0.2741457237693813,False
0,713,0.028471929690538092,-1.4946434899137353,1.6185510335314313,1.6578457700148526,0.0007037474985752595,0.0,0.1853212479795314,0.2008642644939211,-0.0095268694093333,-0.10342110693454742,-0.6467363834381104,-0.511891782283783,0.39655959606170654,0.03849831968545914,0.019871825352311134,0.028563394409016216,-1.494584293959706,1.6186029855151725,1.6583377886960105,0.0009693728482524549,0.0,0.18546810887270254,0.20086353187304296,-0.009497480053393549,0.014531891127297455,-0.0008635318730429501,0.009497480053393549,0.2,0.2,0.0,0.2735594633214033,-0.2755192065307787,False
0,714,0.028563394409016216,-1.494584293959706,1.6186029855151725,1.6583377886960105,0.0009693728482524549,0.0,0.18546810887270254,0.20086353187304296,-0.009497480053393549,-0.14956937730312347,-0.38143834471702576,0.28071099519729614,-0.3837185800075531,0.6217614412307739,-0.2902853488922119,0.02848354835587263,-1.494942484075403,1.6184599719512696,1.6583999841496895,0.001129578620250324,0.0,0.18540937136973135,0.20086441633770066,-0.009545084691888653,0.014590628630268668,-0.0008644163377006537,0.009545084691888653,0.2,0.2,0.0,0.27352195046134675,-0.2727716932602159,False
0,715,0.02848354835587263,-1.494942484075403,1.6184599719512696,1.6583999841496895,0.001129578620250324,0.0,0.18540937136973135,0.20086441633770066,-0.009545084691888653,0.1833091825246811,-0.8099443912506104,-0.557121217250824,-0.3981272280216217,0.13107584416866302,0.7129137516021729,0.028448411603436866,-1.4950306803552287,1.6185287727258615,1.6583072697408114,0.0012771993089098386,0.0,0.18540937136973135,0.20086441633770066,-0.009545084691888653,0.014590628630268668,-0.0008644163377006537,0.009545084691888653,0.2,0.2,0.0,0.27352195046134675,-0.27352195046134675,False
0,716,0.028448411603436866,-1.4950306803552287,1.6185287727258615,1.6583072697408114,0.0012771993089098386,0.0,0.18540937136973135,0.20086441633770066,-0.009545084691888653,-0.48668724298477173,-0.3746039569377899,0.5265088677406311,-0.49425825476646423,0.2780475616455078,-0.648038387298584,0.02838165915176302,-1.4956231800221687,1.6185249326220617,1.6578616883231823,0.0017185379918857068,0.0,0.18533191701473728,0.2008641961215065,-0.009533934611084163,0.014668082985262721,-0.0008641961215064841,0.009533934611084163,0.2,0.2,0.0,0.2734689025411572,-0.2724079441373659,False
0,717,0.02838165915176302,-1.4956231800221687,1.6185249326220617,1.6578616883231823,0.0017185379918857068,0.0,0.18533191701473728,0.2008641961215065,-0.009533934611084163,0.47477343678474426,-0.6857240200042725,-0.6909624338150024,-0.03701790049672127,-0.03712928295135498,-0.5444403886795044,0.028209020920229214,-1.495810661719813,1.618702487661837,1.6576610401845118,0.001825411958794192,0.0,0.18528064215210058,0.2008678696088233,-0.009516277007917837,0.014719357847899444,-0.0008678696088233031,0.009516277007917837,0.2,0.2,0.0,0.27343623923242766,-0.27278297305783705,False
0,718,0.028209020920229214,-1.495810661719813,1.618702487661837,1.6576610401845118,0.001825411958794192,0.0,0.18528064215210058,0.2008678696088233,-0.009516277007917837,-0.7912276387214661,0.6477589011192322,-0.1855752170085907,0.05591633543372154,0.28355732560157776,-0.7249614000320435,0.02841047178932814,-1.496091635934624,1.6184109910775153,1.6576502276862628,0.0018075232846911614,0.0,0.18528064215210058,0.2008678696088233,-0.009516277007917837,0.014719357847899444,-0.0008678696088233031,0.009516277007917837,0.2,0.2,0.0,0.27343623923242766,-0.27343623923242766,False
0,719,0.02841047178932814,-1.496091635934624,1.6184109910775153,1.6576502276862628,0.0018075232846911614,0.0,0.18528064215210058,0.2008678696088233,-0.009516277007917837,0.9063241481781006,0.8631895780563354,0.6956118941307068,0.4507240653038025,0.7717010974884033,0.7519246339797974,0.028123599256737672,-1.4958545069473153,1.618350309476431,1.657670440449049,0.0019092709500987237,0.0,0.18522211248685824,0.20086473302202001,-0.009564062643529662,0.014777887513141769,-0.0008647330220199974,0.009564062643529662,0.2,0.2,0.0,0.2733959458740219,-0.2725900787059064,False
0,720,0.028123599256737672,-1.4958545069473153,1.618350309476431,1.657670440449049,0.0019092709500987237,0.0,0.18522211248685824,0.20086473302202001,-0.009564062643529662,0.9180068969726562,-0.5937083959579468,-0.8561967015266418,-0.4536709785461426,0.8144334554672241,0.20050184428691864,0.028123599256737672,-1.4958545069473153,1.618350309476431,1.657670440449049,0.0019092709500987237,0.0,0.18502967317207902,0.20082233958545026,-0.009679931809626004,0.014970326827921002,-0.0008223395854502623,0.009679931809626004,0.2,0.2,0.0,0.27323852786636676,-0.2700901677132644,False
0,721,0.028123599256737672,-1.4958545069473153,1.618350309476431,1.657670440449049,0.0019092709500987237,0.0,0.18502967317207902,0.20082233958545026,-0.009679931809626004,-0.6990300416946411,0.29140526056289673,0.4724920988082886,-0.32318776845932007,-0.23163668811321259,0.9195907115936279,0.028123599256737672,-1.4958545069473153,1.618350309476431,1.657670440449049,0.0019092709500987237,0.0,0.18502967317207902,0.20082233958545026,-0.009679931809626004,0.014970326827921002,-0.0008223395854502623,0.009679931809626004,0.2,0.2,0.0,0.27323852786636676,-0.27323852786636676,False
0,722,0.028123599256737672,-1.4958545069473153,1.618350309476431,1.657670440449049,0.0019092709500987237,0.0,0.18502967317207902,0.20082233958545026,-0.009679931809626004,0.4155096709728241,0.45106571912765503,0.38728684186935425,-0.25425758957862854,-0.7002897262573242,-0.3941459655761719,0.029148877619845883,-1.4959335067035724,1.6180231427303062,1.6575291390840088,0.0027982852457550875,0.0,0.18471197168468928,0.20077913256928437,-0.00985254329088564,0.015288028315310738,-0.0007791325692843476,0.00985254329088564,0.2,0.2,0.0,0.27299788491528376,-0.2681850258936237,False
0,723,0.029148877619845883,-1.4959335067035724,1.6180231427303062,1.6575291390840088,0.0027982852457550875,0.0,0.18471197168468928,0.20077913256928437,-0.00985254329088564,0.473199725151062,-0.017173033207654953,-0.7995471954345703,-0.688529372215271,0.3552411198616028,-0.2027309387922287,0.029676524697894797,-1.4962863785199714,1.6175185039236077,1.657261109409424,0.0032668106353403686,0.0,0.18471197168468928,0.20077913256928437,-0.00985254329088564,0.015288028315310738,-0.0007791325692843476,0.00985254329088564,0.2,0.2,0.0,0.27299788491528376,-0.27299788491528376,False
0,724,0.029676524697894797,-1.4962863785199714,1.6175185039236077,1.657261109409424,0.0032668106353403686,0.0,0.18471197168468928,0.20077913256928437,-0.00985254329088564,0.7179008722305298,-0.33571597933769226,0.7810680866241455,-0.8253101110458374,-0.2369113266468048,-0.6795512437820435,0.029676524697894797,-1.4962863785199714,1.6175185039236077,1.657261109409424,0.0032668106353403686,0.0,0.18470808220479223,0.20077579865647413,-0.009838196747020744,0.01529191779520777,-0.0007757986564741147,0.009838196747020744,0.2,0.2,0.0,0.2729922839077149,-0.2728802637563378,False
0,725,0.029676524697894797,-1.4962863785199714,1.6175185039236077,1.657261109409424,0.0032668106353403686,0.0,0.18470808220479223,0.20077579865647413,-0.009838196747020744,-0.6163672804832458,0.05366182327270508,-0.3973618745803833,-0.6783666014671326,0.6284558773040771,-0.19265909492969513,0.029676524697894797,-1.4962863785199714,1.6175185039236077,1.657261109409424,0.0032668106353403686,0.0,0.18470808220479223,0.20077579865647413,-0.009838196747020744,0.01529191779520777,-0.0007757986564741147,0.009838196747020744,0.2,0.2,0.0,0.2729922839077149,-0.2729922839077149,False
0,726,0.029676524697894797,-1.4962863785199714,1.6175185039236077,1.657261109409424,0.0032668106353403686,0.0,0.18470808220479223,0.20077579865647413,-0.009838196747020744,-0.3468177020549774,0.10919617861509323,0.3753851056098938,0.22124235332012177,-0.3716420829296112,-0.047813914716243744,0.031071393629526073,-1.496966501010992,1.616336067577463,1.656415726191114,0.004201101367814935,0.0,0.18470808220479223,0.20077579865647413,-0.009838196747020744,0.01529191779520777,-0.0007757986564741147,0.009838196747020744,0.2,0.2,0.0,0.2729922839077149,-0.2729922839077149,False
0,727,0.031071393629526073,-1.496966501010992,1.616336067577463,1.656415726191114,0.004201101367814935,0.0,0.18470808220479223,0.20077579865647413,-0.009838196747020744,-0.3093949258327484,0.44774919748306274,-0.43618619441986084,-0.3845399022102356,-0.7200181484222412,0.2830691635608673,0.031237711915993296,-1.49703390697378,1.616422864515928,1.6561135477582718,0.004209927749694717,0.0,0.1846783089895029,0.20077045785073236,-0.009820739671496312,0.015321691010497105,-0.0007704578507323539,0.009820739671496312,0.2,0.2,0.0,0.27296758321183545,-0.2724735692942464,False
0,728,0.031237711915993296,-1.49703390697378,1.616422864515928,1.6561135477582718,0.004209927749694717,0.0,0.1846783089895029,0.20077045785073236,-0.009820739671496312,-0.2502203583717346,0.11822099983692169,0.5964261889457703,-0.30498403310775757,-0.272027850151062,0.21744002401828766,0.031200758076008764,-1.4969802597791435,1.616370802683981,1.6560694310940567,0.004123344848471713,0.0,0.1846783089895029,0.20077045785073236,-0.009820739671496312,0.015321691010497105,-0.0007704578507323539,0.009820739671496312,0.2,0.2,0.0,0.27296758321183545,-0.27296758321183545,False
0,729,0.031200758076008764,-1.4969802597791435,1.616370802683981,1.6560694310940567,0.004123344848471713,0.0,0.1846783089895029,0.20077045785073236,-0.009820739671496312,0.09148181974887848,0.549322783946991,-0.45145800709724426,-0.30137333273887634,-0.25241807103157043,-0.5428823232650757,0.031150891161276124,-1.49691536554919,1.616397272391069,1.655989592074628,0.004008773009478236,0.0,0.1846783089895029,0.20077045785073236,-0.009820739671496312,0.015321691010497105,-0.0007704578507323539,0.009820739671496312,0.2,0.2,0.0,0.27296758321183545,-0.27296758321183545,False
0,730,0.031150891161276124,-1.49691536554919,1.616397272391069,1.655989592074628,0.004008773009478236,0.0,0.1846783089895029,0.20077045785073236,-0.009820739671496312,-0.7704821228981018,0.9048851132392883,-0.6061362028121948,-0.8266003131866455,0.8436850905418396,0.22827795147895813,0.031150891161276124,-1.49691536554919,1.616397272391069,1.655989592074628,0.004008773009478236,0.0,0.1846151255718469,0.20078362617929266,-0.009832001063753381,0.01538487442815313,-0.000783626179292657,0.009832001063753381,0.2,0.2,0.0,0.2729349324958833,-0.2722819181768402,False
0,731,0.031150891161276124,-1.49691536554919,1.616397272391069,1.655989592074628,0.004008773009478236,0.0,0.1846151255718469,0.20078362617929266,-0.009832001063753381,0.7943582534790039,0.6568756699562073,0.7709635496139526,0.07083901762962341,0.0670853853225708,-0.3001594841480255,0.031150891161276124,-1.49691536554919,1.616397272391069,1.655989592074628,0.004008773009478236,0.0,0.1846151255718469,0.20078362617929266,-0.009832001063753381,0.01538487442815313,-0.000783626179292657,0.009832001063753381,0.2,0.2,0.0,0.2729349324958833,-0.2729349324958833,False
0,732,0.031150891161276124,-1.49691536554919,1.616397272391069,1.655989592074628,0.004008773009478236,0.0,0.1846151255718469,0.20078362617929266,-0.009832001063753381,-0.7016395330429077,-0.12416352331638336,-0.7224253416061401,-0.5976166725158691,-0.36432206630706787,0.7278821468353271,0.031150891161276124,-1.49691536554919,1.616397272391069,1.655989592074628,0.004008773009478236,0.0,0.1846151255718469,0.20078362617929266,-0.009832001063753381,0.01538487442815313,-0.000783626179292657,0.009832001063753381,0.2,0.2,0.0,0.2729349324958833,-0.2729349324958833,False
0,733,0.031150891161276124,-1.49691536554919,1.616397272391069,1.655989592074628,0.004008773009478236,0.0,0.1846151255718469,0.20078362617929266,-0.009832001063753381,0.03456055000424385,-0.030956245958805084,0.667717695236206,-0.1097772866487503,0.18443267047405243,0.821420431137085,0.030668604166193804,-1.496332691481562,1.616084033451136,1.655445007060242,0.004463816412542809,0.0,0.18447122746889405,0.2008088782848073,-0.009888067486186734,0.015528772531105975,-0.0008088782848072989,0.009888067486186734,0.2,0.2,0.0,0.27285822919694835,-0.2713241632182495,False
0,734,0.030668604166193804,-1.496332691481562,1.616084033451136,1.655445007060242,0.004463816412542809,0.0,0.18447122746889405,0.2008088782848073,-0.009888067486186734,0.4447394013404846,0.6147754192352295,-0.35142865777015686,0.13571052253246307,0.6638418436050415,-0.5337808728218079,0.029572544807728814,-1.4950087500111955,1.6152167260054426,1.654233442266258,0.005655558817967707,0.0,0.18447122746889405,0.2008088782848073,-0.009888067486186734,0.015528772531105975,-0.0008088782848072989,0.009888067486186734,0.2,0.2,0.0,0.27285822919694835,-0.27285822919694835,False
0,735,0.029572544807728814,-1.4950087500111955,1.6152167260054426,1.654233442266258,0.005655558817967707,0.0,0.18447122746889405,0.2008088782848073,-0.009888067486186734,0.5570915937423706,-0.5533560514450073,0.05476229265332222,-0.28283950686454773,0.5537793040275574,0.30892035365104675,0.029606911687749447,-1.494980033754735,1.6152397032372274,1.65424122172525,0.005700900039087765,0.0,0.18447122746889405,0.2008088782848073,-0.009888067486186734,0.015528772531105975,-0.0008088782848072989,0.009888067486186734,0.2,0.2,0.0,0.27285822919694835,-0.27285822919694835,False
0,736,0.029606911687749447,-1.494980033754735,1.6152397032372274,1.65424122172525,0.005700900039087765,0.0,0.18447122746889405,0.2008088782848073,-0.009888067486186734,0.572066605091095,-0.6793819665908813,-0.10321936756372452,0.10298042744398117,-0.09044137597084045,0.44973549246788025,0.029694244881465104,-1.4949491739571874,1.615206316120887,1.6542440329764942,0.005804025090294081,0.0,0.18448122485392243,0.20080644426245647,-0.009885873621748507,0.01551877514607759,-0.0008064442624564727,0.009885873621748507,0.2,0.2,0.0,0.2728631174750441,-0.2729608830369591,False
0,737,0.029694244881465104,-1.4949491739571874,1.615206316120887,1.6542440329764942,0.005804025090294081,0.0,0.18448122485392243,0.20080644426245647,-0.009885873621748507,-0.7012242078781128,-0.571142315864563,-0.5203972458839417,-0.38808396458625793,-0.515698254108429,0.23739494383335114,0.029719592198717844,-1.495064073871768,1.6151629405991386,1.6542330729661912,0.005761737756936833,0.0,0.18448122485392243,0.20080644426245647,-0.009885873621748507,0.01551877514607759,-0.0008064442624564727,0.009885873621748507,0.2,0.2,0.0,0.2728631174750441,-0.2728631174750441,False
0,738,0.029719592198717844,-1.495064073871768,1.6151629405991386,1.6542330729661912,0.005761737756936833,0.0,0.18448122485392243,0.20080644426245647,-0.009885873621748507,-0.19200973212718964,-0.20605185627937317,0.6234920024871826,-0.8213878870010376,-0.4190085828304291,-0.32188907265663147,0.02966616795969236,-1.4951092253279474,1.6151698679408975,1.6541608460104196,0.005706383411635808,0.0,0.18444776588976858,0.20080532534420956,-0.009893072151315019,0.015552234110231423,-0.0008053253442095429,0.009893072151315019,0.2,0.2,0.0,0.27283993458603495,-0.27237627680585186,False
0,739,0.02966616795969236,-1.4951092253279474,1.6151698679408975,1.6541608460104196,0.005706383411635808,0.0,0.18444776588976858,0.20080532534420956,-0.009893072151315019,0.16968020796775818,0.236139178276062,-0.8372750878334045,-0.7095386981964111,-0.10861940681934357,-0.33284419775009155,0.02963278455554966,-1.4951452925155302,1.6152815845467612,1.65401492633922,0.0056323148245072665,0.0,0.18444776588976858,0.20080532534420956,-0.009893072151315019,0.015552234110231423,-0.0008053253442095429,0.009893072151315019,0.2,0.2,0.0,0.27283993458603495,-0.27283993458603495,False
0,740,0.02963278455554966,-1.4951452925155302,1.6152815845467612,1.65401492633922,0.0056323148245072665,0.0,0.18444776588976858,0.20080532534420956,-0.009893072151315019,0.5861364603042603,0.19111566245555878,-0.7558375000953674,0.14868052303791046,0.7212296724319458,-0.536216139793396,0.02963278455554966,-1.4951452925155302,1.6152815845467612,1.65401492633922,0.0056323148245072665,0.0,0.18430843816626705,0.20078544802979706,-0.010006764400251472,0.015691561833732975,-0.000785448029797039,0.010006764400251472,0.2,0.2,0.0,0.27273527797770714,-0.27064214581115087,False
0,741,0.02963278455554966,-1.4951452925155302,1.6152815845467612,1.65401492633922,0.0056323148245072665,0.0,0.18430843816626705,0.20078544802979706,-0.010006764400251472,0.1945328712463379,-0.2505733072757721,0.8643099069595337,-0.03627384454011917,-0.20333904027938843,-0.7422852516174316,0.02963278455554966,-1.4951452925155302,1.6152815845467612,1.65401492633922,0.0056323148245072665,0.0,0.18430843816626705,0.20078544802979706,-0.010006764400251472,0.015691561833732975,-0.000785448029797039,0.010006764400251472,0.2,0.2,0.0,0.27273527797770714,-0.27273527797770714,False
0,742,0.02963278455554966,-1.4951452925155302,1.6152815845467612,1.65401492633922,0.0056323148245072665,0.0,0.18430843816626705,0.20078544802979706,-0.010006764400251472,0.8128814697265625,-0.526269793510437,-0.3862278461456299,0.2881314158439636,0.2480849325656891,0.6790130138397217,0.03124366552972021,-1.4945532155300862,1.612976104295915,1.6541507129077835,0.007498851912921794,0.0,0.18421376041113535,0.20076011077997039,-0.01015020644681992,0.01578623958886466,-0.0007601107799703691,0.01015020644681992,0.2,0.2,0.0,0.27265795109644286,-0.2711114134711574,False
0,743,0.03124366552972021,-1.4945532155300862,1.612976104295915,1.6541507129077835,0.007498851912921794,0.0,0.18421376041113535,0.20076011077997039,-0.01015020644681992,0.87760990858078,0.1990547776222229,0.3617454767227173,-0.4404362440109253,-0.8480803966522217,-0.060004014521837234,0.03148353498893372,-1.494687150416334,1.6129812210073418,1.6541888701260332,0.0074749375391496365,0.0,0.1841887040075979,0.20074848170581358,-0.010181879887448245,0.015811295992402104,-0.000748481705813558,0.010181879887448245,0.2,0.2,0.0,0.27263364111794847,-0.27214744154806053,False
0,744,0.03148353498893372,-1.494687150416334,1.6129812210073418,1.6541888701260332,0.0074749375391496365,0.0,0.1841887040075979,0.20074848170581358,-0.010181879887448245,-0.680082380771637,0.5406908988952637,-0.5383975505828857,-0.9327683448791504,0.07377896457910538,0.7465933561325073,0.031699406201098956,-1.4945937964666636,1.6130563736858063,1.6540017492485184,0.007228199741729336,0.0,0.1841887040075979,0.20074848170581358,-0.010181879887448245,0.015811295992402104,-0.000748481705813558,0.010181879887448245,0.2,0.2,0.0,0.27263364111794847,-0.27263364111794847,False
0,745,0.031699406201098956,-1.4945937964666636,1.6130563736858063,1.6540017492485184,0.007228199741729336,0.0,0.1841887040075979,0.20074848170581358,-0.010181879887448245,0.5810841917991638,0.24617886543273926,-0.6045422554016113,-0.6130118370056152,0.02594521827995777,0.07485603541135788,0.031529195210014634,-1.4944201658756628,1.6128592632149226,1.6536913259121053,0.007255529004538064,0.0,0.184143897424099,0.20074681871593283,-0.010175645447138337,0.015856102575901004,-0.0007468187159328134,0.010175645447138337,0.2,0.2,0.0,0.27260191478302304,-0.2719673880845144,False
0,746,0.031529195210014634,-1.4944201658756628,1.6128592632149226,1.6536913259121053,0.007255529004538064,0.0,0.184143897424099,0.20074681871593283,-0.010175645447138337,0.8429072499275208,-0.7951801419258118,0.19090057909488678,-0.2377183437347412,-0.3199087083339691,0.7784771919250488,0.031879299045662425,-1.4942781622274433,1.6125046449021712,1.6533345854152692,0.007270265827826036,0.0,0.184143897424099,0.20074681871593283,-0.010175645447138337,0.015856102575901004,-0.0007468187159328134,0.010175645447138337,0.2,0.2,0.0,0.27260191478302304,-0.27260191478302304,False
0,747,0.031879299045662425,-1.4942781622274433,1.6125046449021712,1.6533345854152692,0.007270265827826036,0.0,0.184143897424099,0.20074681871593283,-0.010175645447138337,0.43547922372817993,0.5654441118240356,0.2318028211593628,-0.30605921149253845,0.27596262097358704,-0.5885963439941406,0.03205153666746514,-1.4943874728932551,1.6125566085764595,1.6532779724867193,0.007229683343448701,0.0,0.1840535176431354,0.20073214762476888,-0.01021449058453788,0.015946482356864595,-0.0007321476247688601,0.01021449058453788,0.2,0.2,0.0,0.2725315179291481,-0.2711235808516492,False
0,748,0.03205153666746514,-1.4943874728932551,1.6125566085764595,1.6532779724867193,0.007229683343448701,0.0,0.1840535176431354,0.20073214762476888,-0.01021449058453788,0.16538049280643463,0.5591198801994324,-0.17801116406917572,-0.29184016585350037,-0.4896337389945984,-0.5859810709953308,0.0321877726977725,-1.4941844345257291,1.6126138240429626,1.6531706293892465,0.007282815495181668,0.0,0.18406104032270376,0.20072533233295844,-0.01019387534293036,0.015938959677296253,-0.0007253323329584321,0.01019387534293036,0.2,0.2,0.0,0.2725308068812768,-0.2725165859238507,False
0,749,0.0321877726977725,-1.4941844345257291,1.6126138240429626,1.6531706293892465,0.007282815495181668,0.0,0.18406104032270376,0.20072533233295844,-0.01019387534293036,0.04636726528406143,-0.8808263540267944,0.3344377875328064,-0.04545016959309578,0.5954153537750244,-0.3076023459434509,0.03223744276262936,-1.494074690374292,1.6125802005180703,1.6530830574234787,0.007172510165817928,0.0,0.18406104032270376,0.20072533233295844,-0.01019387534293036,0.015938959677296253,-0.0007253323329584321,0.01019387534293036,0.2,0.2,0.0,0.2725308068812768,-0.2725308068812768,False
0,750,0.03223744276262936,-1.494074690374292,1.6125802005180703,1.6530830574234787,0.007172510165817928,0.0,0.18406104032270376,0.20072533233295844,-0.01019387534293036,0.13146504759788513,-0.03294328227639198,0.7171720266342163,0.49068140983581543,-0.2591977119445801,0.27422377467155457,0.03223744276262936,-1.494074690374292,1.6125802005180703,1.6530830574234787,0.007172510165817928,0.0,0.18418131874155177,0.20072436772980187,-0.010110982356395848,0.01581868125844824,-0.0007243677298018515,0.010110982356395848,0.2,0.2,0.0,0.27260825728161125,-0.2741572652883006,False
0,751,0.03223744276262936,-1.494074690374292,1.6125802005180703,1.6530830574234787,0.007172510165817928,0.0,0.18418131874155177,0.20072436772980187,-0.010110982356395848,0.8410581350326538,0.4516686201095581,-0.4434971809387207,-0.12357209622859955,-0.7251012921333313,0.23382654786109924,0.03225049562223348,-1.4943394143591646,1.6126805832504811,1.6530708799975657,0.0073520280156799764,0.0,0.18418131874155177,0.20072436772980187,-0.010110982356395848,0.01581868125844824,-0.0007243677298018515,0.010110982356395848,0.2,0.2,0.0,0.27260825728161125,-0.27260825728161125,False
0,752,0.03225049562223348,-1.4943394143591646,1.6126805832504811,1.6530708799975657,0.0073520280156799764,0.0,0.18418131874155177,0.20072436772980187,-0.010110982356395848,-0.8896989822387695,-0.22580301761627197,0.6555535197257996,-0.32618680596351624,0.7504786252975464,0.7570878267288208,0.032388553093191746,-1.4943852233939494,1.6137625158289617,1.6537695053151245,0.0070072770888931655,0.0,0.18418131874155177,0.20072436772980187,-0.010110982356395848,0.01581868125844824,-0.0007243677298018515,0.010110982356395848,0.2,0.2,0.0,0.27260825728161125,-0.27260825728161125,False
0,753,0.032388553093191746,-1.4943852233939494,1.6137625158289617,1.6537695053151245,0.0070072770888931655,0.0,0.18418131874155177,0.20072436772980187,-0.010110982356395848,-0.4225292205810547,-0.6379250288009644,-0.8345134854316711,-0.08829507231712341,-0.4065762162208557,-0.6382519006729126,0.032388553093191746,-1.4943852233939494,1.6137625158289617,1.6537695053151245,0.0070072770888931655,0.0,0.18427546646653759,0.20073114482223164,-0.010041508073725683,0.015724533533462426,-0.000731144822231646,0.010041508073725683,0.2,0.2,0.0,0.27267429641881985,-0.27399507916299176,False
0,754,0.032388553093191746,-1.4943852233939494,1.6137625158289617,1.6537695053151245,0.0070072770888931655,0.0,0.18427546646653759,0.20073114482223164,-0.010041508073725683,0.02867159992456436,-0.3366682231426239,0.2832561433315277,-0.2209191769361496,0.83372962474823,-0.5078108906745911,0.03186294655041601,-1.4945167137534545,1.6141220524216078,1.6535616189775806,0.007455977881305104,0.0,0.18427546646653759,0.20073114482223164,-0.010041508073725683,0.015724533533462426,-0.000731144822231646,0.010041508073725683,0.2,0.2,0.0,0.27267429641881985,-0.27267429641881985,False
0,755,0.03186294655041601,-1.4945167137534545,1.6141220524216078,1.6535616189775806,0.007455977881305104,0.0,0.18427546646653759,0.20073114482223164,-0.010041508073725683,-0.759502649307251,-0.644612193107605,-0.672978401184082,-0.7787407636642456,-0.07805989682674408,-0.7329145669937134,0.031843335272858826,-1.4945738634982022,1.6140868899419254,1.6535446027581988,0.0074786376349408636,0.0,0.18427546646653759,0.20073114482223164,-0.010041508073725683,0.015724533533462426,-0.000731144822231646,0.010041508073725683,0.2,0.2,0.0,0.27267429641881985,-0.27267429641881985,False
0,756,0.031843335272858826,-1.4945738634982022,1.6140868899419254,1.6535446027581988,0.0074786376349408636,0.0,0.18427546646653759,0.20073114482223164,-0.010041508073725683,-0.7968067526817322,-0.17288269102573395,-0.7844005823135376,0.6241004467010498,-0.18813779950141907,-0.814908504486084,0.031803486077557085,-1.494651335629206,1.6140791567369455,1.653472658838061,0.0075709546104889384,0.0,0.18427229564763523,0.2007412603363551,-0.01000811867216636,0.01572770435236478,-0.0007412603363550715,0.01000811867216636,0.2,0.2,0.0,0.27267837278382373,-0.27275990008390133,False
0,757,0.031803486077557085,-1.494651335629206,1.6140791567369455,1.653472658838061,0.0075709546104889384,0.0,0.18427229564763523,0.2007412603363551,-0.01000811867216636,-0.3048367500305176,0.03067895397543907,-0.2693454623222351,-0.5220146179199219,0.6622111797332764,-0.4135984182357788,0.03151972676380541,-1.4947108585149218,1.613798880083432,1.6536979777027567,0.007500933500537733,0.0,0.18427229564763523,0.2007412603363551,-0.01000811867216636,0.01572770435236478,-0.0007412603363550715,0.01000811867216636,0.2,0.2,0.0,0.27267837278382373,-0.27267837278382373,False
0,758,0.03151972676380541,-1.4947108585149218,1.613798880083432,1.6536979777027567,0.007500933500537733,0.0,0.18427229564763523,0.2007412603363551,-0.01000811867216636,-0.733657717704773,0.6957427263259888,0.758465051651001,0.19159214198589325,-0.8517440557479858,-0.13375358283519745,0.03151972676380541,-1.4947108585149218,1.613798880083432,1.6536979777027567,0.007500933500537733,0.0,0.18423534193001287,0.20074942064636508,-0.010060047026318322,0.015764658069987152,-0.0007494206463650815,0.010060047026318322,0.2,0.2,0.0,0.27266132041800817,-0.27232027310169693,False
0,759,0.03151972676380541,-1.4947108585149218,1.613798880083432,1.6536979777027567,0.007500933500537733,0.0,0.18423534193001287,0.20074942064636508,-0.010060047026318322,0.3420718014240265,0.35048025846481323,-0.22987349331378937,0.181928813457489,0.1567743718624115,-0.23491619527339935,0.031337873249627154,-1.4945798585381251,1.6138909368699612,1.653637261242444,0.007466006177758911,0.0,0.18423534193001287,0.20074942064636508,-0.010060047026318322,0.015764658069987152,-0.0007494206463650815,0.010060047026318322,0.2,0.2,0.0,0.27266132041800817,-0.27266132041800817,False
0,760,0.031337873249627154,-1.4945798585381251,1.6138909368699612,1.653637261242444,0.007466006177758911,0.0,0.18423534193001287,0.20074942064636508,-0.010060047026318322,-0.35701051354408264,0.28678181767463684,0.17400933802127838,-0.23442977666854858,-0.481374055147171,-0.026202810928225517,0.031337873249627154,-1.4945798585381251,1.6138909368699612,1.653637261242444,0.007466006177758911,0.0,0.18427990746570028,0.20076235473685505,-0.010012324685723831,0.015720092534299724,-0.0007623547368550461,0.010012324685723831,0.2,0.2,0.0,0.2726992006234456,-0.2734568047321943,False
0,761,0.031337873249627154,-1.4945798585381251,1.6138909368699612,1.653637261242444,0.007466006177758911,0.0,0.18427990746570028,0.20076235473685505,-0.010012324685723831,-0.7865796089172363,0.9424875378608704,-0.026544557884335518,-0.5561798214912415,0.03765068203210831,-0.34781214594841003,0.030765158606399546,-1.494015698155777,1.6141589115801,1.6532526992179155,0.006641692798035488,0.0,0.18427990746570028,0.20076235473685505,-0.010012324685723831,0.015720092534299724,-0.0007623547368550461,0.010012324685723831,0.2,0.2,0.0,0.2726992006234456,-0.2726992006234456,False
0,762,0.030765158606399546,-1.494015698155777,1.6141589115801,1.6532526992179155,0.006641692798035488,0.0,0.18427990746570028,0.20076235473685505,-0.010012324685723831,0.5827014446258545,-0.2892167270183563,0.7465999126434326,-0.6925127506256104,-0.012906122021377087,0.8180364370346069,0.030638147299351777,-1.4938622366163443,1.6141522563901536,1.6531627022300894,0.006654564828469831,0.0,0.18427990746570028,0.20076235473685505,-0.010012324685723831,0.015720092534299724,-0.0007623547368550461,0.010012324685723831,0.2,0.2,0.0,0.2726992006234456,-0.2726992006234456,False
0,763,0.030638147299351777,-1.4938622366163443,1.6141522563901536,1.6531627022300894,0.006654564828469831,0.0,0.18427990746570028,0.20076235473685505,-0.010012324685723831,0.508348286151886,-0.684973955154419,-0.3308477997779846,0.06761855632066727,-0.6899718046188354,0.7897124290466309,0.03074107659787557,-1.49391466731213,1.6142818135448969,1.6530439587157173,0.006652141466840423,0.0,0.18429951294063424,0.20077377849102565,-0.009967900169441615,0.01570048705936576,-0.0007737784910256261,0.009967900169441615,0.2,0.2,0.0,0.2727192322398741,-0.273119864568444,False
0,764,0.03074107659787557,-1.49391466731213,1.6142818135448969,1.6530439587157173,0.006652141466840423,0.0,0.18429951294063424,0.20077377849102565,-0.009967900169441615,-0.9119207859039307,0.28913336992263794,0.8842683434486389,-0.7948752641677856,-0.6069372892379761,0.003697488456964493,0.030830725300050196,-1.4940367650884965,1.614220505472023,1.6530578830501985,0.006528396734108992,0.0,0.18429951294063424,0.20077377849102565,-0.009967900169441615,0.01570048705936576,-0.0007737784910256261,0.009967900169441615,0.2,0.2,0.0,0.2727192322398741,-0.2727192322398741,False
0,765,0.030830725300050196,-1.4940367650884965,1.614220505472023,1.6530578830501985,0.006528396734108992,0.0,0.18429951294063424,0.20077377849102565,-0.009967900169441615,0.6648757457733154,0.7975928783416748,0.920925498008728,-0.3153349459171295,-0.6333884000778198,-0.7186445593833923,0.030754525569863418,-1.4940915192790003,1.6142690668711148,1.6530046203314144,0.0063331126197923564,0.0,0.18426696950702853,0.20076764346643902,-0.009970046383514841,0.015733030492971464,-0.0007676434664390044,0.009970046383514841,0.2,0.2,0.0,0.272692802507255,-0.2721642078548736,False
0,766,0.030754525569863418,-1.4940915192790003,1.6142690668711148,1.6530046203314144,0.0063331126197923564,0.0,0.18426696950702853,0.20076764346643902,-0.009970046383514841,0.30382540822029114,0.6881425380706787,0.7156950235366821,-0.3011281490325928,-0.5290268063545227,-0.530987560749054,0.030795451539414948,-1.494043938689652,1.6143787319805765,1.6529673911028313,0.00625832123457753,0.0,0.18426696950702853,0.20076764346643902,-0.009970046383514841,0.015733030492971464,-0.0007676434664390044,0.009970046383514841,0.2,0.2,0.0,0.272692802507255,-0.272692802507255,False
0,767,0.030795451539414948,-1.494043938689652,1.6143787319805765,1.6529673911028313,0.00625832123457753,0.0,0.18426696950702853,0.20076764346643902,-0.009970046383514841,0.6384984254837036,0.9027903079986572,-0.3145517110824585,-0.27024632692337036,-0.5799994468688965,-0.47662779688835144,0.03092845567980155,-1.4938274982728812,1.6146128798156634,1.652877467864161,0.006091291073121123,0.0,0.18426696950702853,0.20076764346643902,-0.009970046383514841,0.015733030492971464,-0.0007676434664390044,0.009970046383514841,0.2,0.2,0.0,0.272692802507255,-0.272692802507255,False
0,768,0.03092845567980155,-1.4938274982728812,1.6146128798156634,1.652877467864161,0.006091291073121123,0.0,0.18426696950702853,0.20076764346643902,-0.009970046383514841,0.5026120543479919,0.9687981009483337,0.03387056291103363,0.37839266657829285,0.16987860202789307,-0.13847485184669495,0.031037903846240413,-1.4936733496488255,1.6145557979042355,1.6528316273463628,0.005992561950614754,0.0,0.18433138758076356,0.20076690393062765,-0.009904497979196986,0.01566861241923645,-0.000766903930627652,0.009904497979196986,0.2,0.2,0.0,0.27273340323759293,-0.273545417844351,False
0,769,0.031037903846240413,-1.4936733496488255,1.6145557979042355,1.6528316273463628,0.005992561950614754,0.0,0.18433138758076356,0.20076690393062765,-0.009904497979196986,-0.5481252670288086,-0.7053102254867554,-0.49004238843917847,0.2906900644302368,-0.8866647481918335,0.4633902609348297,0.031063867407266115,-1.4936017857907746,1.614530865419442,1.652894382056389,0.0059603192873844,0.0,0.18433138758076356,0.20076690393062765,-0.009904497979196986,0.01566861241923645,-0.000766903930627652,0.009904497979196986,0.2,0.2,0.0,0.27273340323759293,-0.27273340323759293,False
0,770,0.031063867407266115,-1.4936017857907746,1.614530865419442,1.652894382056389,0.0059603192873844,0.0,0.18433138758076356,0.20076690393062765,-0.009904497979196986,0.4021587371826172,-0.37000060081481934,0.6045179963111877,-0.5834634304046631,0.6664204597473145,0.12528569996356964,0.031063867407266115,-1.4936017857907746,1.614530865419442,1.652894382056389,0.0059603192873844,0.0,0.18427429916198348,0.20074532857690852,-0.009763462770833037,0.015725700838016523,-0.000745328576908499,0.009763462770833037,0.2,0.2,0.0,0.27267385184936344,-0.27148282408477353,False
0,771,0.031063867407266115,-1.4936017857907746,1.614530865419442,1.652894382056389,0.0059603192873844,0.0,0.18427429916198348,0.20074532857690852,-0.009763462770833037,-0.5027569532394409,0.45157021284103394,0.17134495079517365,-0.46085435152053833,-0.8173310160636902,0.347396582365036,0.031111794018327296,-1.4940684118789311,1.6147206280581203,1.6526468510634893,0.006049424739106215,0.0,0.1842520168845495,0.20072950302147152,-0.009643387844860907,0.015747983115450507,-0.0007295030214715082,0.009643387844860907,0.2,0.2,0.0,0.27264286904006435,-0.27202321285408265,False
0,772,0.031111794018327296,-1.4940684118789311,1.6147206280581203,1.6526468510634893,0.006049424739106215,0.0,0.1842520168845495,0.20072950302147152,-0.009643387844860907,-0.5304885506629944,0.013369196094572544,0.2869628071784973,0.7459859848022461,0.04624108225107193,-0.36270609498023987,0.03188224404637121,-1.494731661113792,1.6166866654760927,1.6504953109612386,0.007338899359520095,0.0,0.18425434437511273,0.2007354612946572,-0.00959835783017247,0.015745655624887278,-0.0007354612946571845,0.00959835783017247,0.2,0.2,0.0,0.27264723969869475,-0.27273465287130283,False
0,773,0.03188224404637121,-1.494731661113792,1.6166866654760927,1.6504953109612386,0.007338899359520095,0.0,0.18425434437511273,0.2007354612946572,-0.00959835783017247,0.015476749278604984,-0.7439752817153931,-0.4038611948490143,-0.5754204988479614,-0.4505752623081207,0.32632672786712646,0.0314701190732399,-1.4944369937238433,1.616785015751454,1.6504175529895335,0.006830754604237097,0.0,0.18428737866440859,0.20075195814633381,-0.00956395178863148,0.01571262133559143,-0.0007519581463337981,0.00956395178863148,0.2,0.2,0.0,0.27268050133517385,-0.2733457340647558,False
0,774,0.0314701190732399,-1.4944369937238433,1.616785015751454,1.6504175529895335,0.006830754604237097,0.0,0.18428737866440859,0.20075195814633381,-0.00956395178863148,0.2965068817138672,0.1309105008840561,0.44511350989341736,0.17169387638568878,-0.09842881560325623,0.4636954963207245,0.031481545622186816,-1.4947020732428122,1.6166413950663845,1.6502143591763483,0.006678214027431282,0.0,0.18428737866440859,0.20075195814633381,-0.00956395178863148,0.01571262133559143,-0.0007519581463337981,0.00956395178863148,0.2,0.2,0.0,0.27268050133517385,-0.27268050133517385,False
0,775,0.031481545622186816,-1.4947020732428122,1.6166413950663845,1.6502143591763483,0.006678214027431282,0.0,0.18428737866440859,0.20075195814633381,-0.00956395178863148,0.6664015650749207,-0.8426988124847412,-0.354410856962204,-0.2726455330848694,-0.6106336712837219,0.7348032593727112,0.03153459696533404,-1.4946751956647912,1.6167230847073364,1.6502477548971883,0.006662507789501475,0.0,0.18428737866440859,0.20075195814633381,-0.00956395178863148,0.01571262133559143,-0.0007519581463337981,0.00956395178863148,0.2,0.2,0.0,0.27268050133517385,-0.27268050133517385,False
0,776,0.03153459696533404,-1.4946751956647912,1.6167230847073364,1.6502477548971883,0.006662507789501475,0.0,0.18428737866440859,0.20075195814633381,-0.00956395178863148,-0.6775715351104736,-0.009967682883143425,0.019168121740221977,-0.550997257232666,-0.5992350578308105,0.3569786548614502,0.03192480109584012,-1.495171700913069,1.616511964874519,1.6500863103857075,0.006303883855453012,0.0,0.18422801541497866,0.20074728175691303,-0.009578616173813503,0.015771984585021343,-0.0007472817569130137,0.009578616173813503,0.2,0.2,0.0,0.27263745649550114,-0.2717765597020469,False
0,777,0.03192480109584012,-1.495171700913069,1.616511964874519,1.6500863103857075,0.006303883855453012,0.0,0.18422801541497866,0.20074728175691303,-0.009578616173813503,0.21888668835163116,-0.8682849407196045,0.3102623522281647,0.1280357390642166,-0.678850531578064,0.5562074184417725,0.03184122915918546,-1.4953287740690475,1.61657527965294,1.6500145543646152,0.006076263941528608,0.0,0.18413452756639787,0.2007382503239406,-0.009609667036911268,0.015865472433602146,-0.0007382503239405963,0.009609667036911268,0.2,0.2,0.0,0.2725687346079478,-0.2711942968568806,False
0,778,0.03184122915918546,-1.4953287740690475,1.61657527965294,1.6500145543646152,0.006076263941528608,0.0,0.18413452756639787,0.2007382503239406,-0.009609667036911268,0.0811837688088417,0.25967973470687866,0.7654007077217102,-0.9184259176254272,-0.28945305943489075,0.45662879943847656,0.03193974692049882,-1.4956759683457792,1.6167507080978978,1.650014637466858,0.005777137611588096,0.0,0.18413452756639787,0.2007382503239406,-0.009609667036911268,0.015865472433602146,-0.0007382503239405963,0.009609667036911268,0.2,0.2,0.0,0.2725687346079478,-0.2725687346079478,False
0,779,0.03193974692049882,-1.4956759683457792,1.6167507080978978,1.650014637466858,0.005777137611588096,0.0,0.18413452756639787,0.2007382503239406,-0.009609667036911268,0.34416040778160095,-0.6732704639434814,0.9312224388122559,0.578406810760498,-0.40444210171699524,-0.6077766418457031,0.03196244236894233,-1.4955930047212176,1.6169764677168483,1.6497404450970907,0.005695408328687727,0.0,0.1841241734263813,0.2007341029792736,-0.009592051778392424,0.015875826573618714,-0.0007341029792735799,0.009592051778392424,0.2,0.2,0.0,0.2725580649992972,-0.27234467282628533,False
0,780,0.03196244236894233,-1.4955930047212176,1.6169764677168483,1.6497404450970907,0.005695408328687727,0.0,0.1841241734263813,0.2007341029792736,-0.009592051778392424,0.3747895061969757,0.11222262680530548,0.7815452218055725,-0.27543070912361145,-0.10504159331321716,0.7731389999389648,0.03196244236894233,-1.4955930047212176,1.6169764677168483,1.6497404450970907,0.005695408328687727,0.0,0.18426025058656015,0.20072388305649475,-0.00939446013441754,0.01573974941343986,-0.0007238830564947377,0.00939446013441754,0.2,0.2,0.0,0.2726356048954657,-0.27418640281883544,False
0,781,0.03196244236894233,-1.4955930047212176,1.6169764677168483,1.6497404450970907,0.005695408328687727,0.0,0.18426025058656015,0.20072388305649475,-0.00939446013441754,0.17020712792873383,-0.8750655651092529,0.794884204864502,0.3596334457397461,-0.6680843830108643,0.7843969464302063,0.03196244236894233,-1.4955930047212176,1.6169764677168483,1.6497404450970907,0.005695408328687727,0.0,0.18426025058656015,0.20072388305649475,-0.00939446013441754,0.01573974941343986,-0.0007238830564947377,0.00939446013441754,0.2,0.2,0.0,0.2726356048954657,-0.2726356048954657,False
0,782,0.03196244236894233,-1.4955930047212176,1.6169764677168483,1.6497404450970907,0.005695408328687727,0.0,0.18426025058656015,0.20072388305649475,-0.00939446013441754,-0.4097263813018799,-0.6278033256530762,-0.25281792879104614,-0.39688923954963684,-0.23840010166168213,0.34357306361198425,0.032902715204590385,-1.4954819031564217,1.618981344511041,1.649234396417782,0.0053657201456707325,0.0,0.18426025058656015,0.20072388305649475,-0.00939446013441754,0.01573974941343986,-0.0007238830564947377,0.00939446013441754,0.2,0.2,0.0,0.2726356048954657,-0.2726356048954657,False
0,783,0.032902715204590385,-1.4954819031564217,1.618981344511041,1.649234396417782,0.0053657201456707325,0.0,0.18426025058656015,0.20072388305649475,-0.00939446013441754,-0.09162700176239014,0.20020830631256104,-0.08680226653814316,0.6272017955780029,-0.23734937608242035,0.18739816546440125,0.032820545807957,-1.4956219950163054,1.6189549957796967,1.6492646950911964,0.005258500581119052,0.0,0.18435910620761223,0.20071553942244993,-0.009259228169106324,0.015640893792387787,-0.0007155394224499156,0.009259228169106324,0.2,0.2,0.0,0.2726916594133423,-0.27381274977087433,False
0,784,0.032820545807957,-1.4956219950163054,1.6189549957796967,1.6492646950911964,0.005258500581119052,0.0,0.18435910620761223,0.20071553942244993,-0.009259228169106324,-0.44958236813545227,-0.6862307786941528,0.8515743017196655,-0.9336089491844177,0.2638917863368988,-0.7943483591079712,0.03268228395348079,-1.4957135519497065,1.6191285661824826,1.6492613526463755,0.005239873272645454,0.0,0.18437145840708521,0.20071919696239118,-0.009278610143801016,0.015628541592914803,-0.0007191969623911839,0.009278610143801016,0.2,0.2,0.0,0.2727033613848267,-0.2729374008145152,False
0,785,0.03268228395348079,-1.4957135519497065,1.6191285661824826,1.6492613526463755,0.005239873272645454,0.0,0.18437145840708521,0.20071919696239118,-0.009278610143801016,0.7751213908195496,-0.7998940348625183,0.17626477777957916,-0.6111999750137329,-0.43400150537490845,-0.5275279879570007,0.03271030060479974,-1.496265552769798,1.6195684651184696,1.6486505271797645,0.005231611037700207,0.0,0.18431939420416973,0.2007233843931538,-0.009192378047885977,0.015680605795830273,-0.0007233843931537724,0.009192378047885977,0.2,0.2,0.0,0.2726683258763459,-0.2719676157067293,False
0,786,0.03271030060479974,-1.496265552769798,1.6195684651184696,1.6486505271797645,0.005231611037700207,0.0,0.18431939420416973,0.2007233843931538,-0.009192378047885977,0.040533971041440964,-0.8981003165245056,0.4510624408721924,0.1858760267496109,0.48038679361343384,0.6707354187965393,0.033355258879532564,-1.4970189538414134,1.6197557844059918,1.6483713577141672,0.005087950571454609,0.0,0.18422387353268538,0.2006990718417616,-0.009177631230748395,0.015776126467314643,-0.0006990718417616106,0.009177631230748395,0.2,0.2,0.0,0.27258536632133984,-0.27092617522121915,False
0,787,0.033355258879532564,-1.4970189538414134,1.6197557844059918,1.6483713577141672,0.005087950571454609,0.0,0.18422387353268538,0.2006990718417616,-0.009177631230748395,0.8512107729911804,-0.8740261793136597,-0.450691282749176,-0.6060749888420105,0.25523504614830017,-0.01387326791882515,0.03340971603878672,-1.4973271702397137,1.619859754615634,1.6483942838104177,0.00524764380551164,0.0,0.18422387353268538,0.2006990718417616,-0.009177631230748395,0.015776126467314643,-0.0006990718417616106,0.009177631230748395,0.2,0.2,0.0,0.27258536632133984,-0.27258536632133984,False
0,788,0.03340971603878672,-1.4973271702397137,1.619859754615634,1.6483942838104177,0.00524764380551164,0.0,0.18422387353268538,0.2006990718417616,-0.009177631230748395,-0.04930201917886734,0.011774949729442596,0.8514888882637024,-0.002683565951883793,-0.8289915919303894,0.8007742762565613,0.03365514388871228,-1.4974268628609426,1.6199580334404937,1.6483224385971866,0.005127720041203481,0.0,0.18419572759852512,0.20068981343243708,-0.00917382635588725,0.015804272401474882,-0.000689813432437063,0.00917382635588725,0.2,0.2,0.0,0.2725593997115206,-0.2720400675151358,False
0,789,0.03365514388871228,-1.4974268628609426,1.6199580334404937,1.6483224385971866,0.005127720041203481,0.0,0.18419572759852512,0.20068981343243708,-0.00917382635588725,-0.6892945170402527,-0.6039246320724487,0.4064227342605591,0.20842474699020386,-0.25330325961112976,-0.43994399905204773,0.03340111766244184,-1.4976410878438888,1.6202012438312168,1.6483973571871562,0.0049417765319103215,0.0,0.18423320882306432,0.20069814662465915,-0.00913406510611367,0.015766791176935677,-0.0006981466246591388,0.00913406510611367,0.2,0.2,0.0,0.2725895310483855,-0.2731921577856838,False
0,790,0.03340111766244184,-1.4976410878438888,1.6202012438312168,1.6483973571871562,0.0049417765319103215,0.0,0.18423320882306432,0.20069814662465915,-0.00913406510611367,-0.11525450646877289,-0.9544007182121277,-0.10175884515047073,0.14552974700927734,-0.6728293299674988,-0.7375949025154114,0.03340111766244184,-1.4976410878438888,1.6202012438312168,1.6483973571871562,0.0049417765319103215,0.0,0.18408559762998006,0.20070637652625478,-0.009203914764642537,0.01591440237001996,-0.0007063765262547653,0.009203914764642537,0.2,0.2,0.0,0.27249819977401774,-0.27067157428666216,False
0,791,0.03340111766244184,-1.4976410878438888,1.6202012438312168,1.6483973571871562,0.0049417765319103215,0.0,0.18408559762998006,0.20070637652625478,-0.009203914764642537,0.5814061164855957,-0.5317784547805786,-0.2701963186264038,0.1861019879579544,-0.2938952147960663,-0.4132869839668274,0.032916515709143605,-1.4997072619025305,1.6201588235595987,1.648756800441333,0.0035533491915772397,0.0,0.18408559762998006,0.20070637652625478,-0.009203914764642537,0.01591440237001996,-0.0007063765262547653,0.009203914764642537,0.2,0.2,0.0,0.27249819977401774,-0.27249819977401774,False
0,792,0.032916515709143605,-1.4997072619025305,1.6201588235595987,1.648756800441333,0.0035533491915772397,0.0,0.18408559762998006,0.20070637652625478,-0.009203914764642537,-0.6176856756210327,-0.1750212013721466,0.5504666566848755,0.187077134847641,0.6113068461418152,0.0984715074300766,0.03285380612609741,-1.5003435658980593,1.6201508979677894,1.6488993596078152,0.003252222426587173,0.0,0.18403454414306503,0.20070439194497025,-0.009233621103570375,0.01596545585693499,-0.0007043919449702468,0.009233621103570375,0.2,0.2,0.0,0.2724632565000835,-0.27176439102139915,False
0,793,0.03285380612609741,-1.5003435658980593,1.6201508979677894,1.6488993596078152,0.003252222426587173,0.0,0.18403454414306503,0.20070439194497025,-0.009233621103570375,0.4729846715927124,-0.9043669104576111,0.5867987275123596,-0.8155292272567749,-0.07437090575695038,-0.4495522379875183,0.03272991796584356,-1.5004966122202474,1.6203826286767449,1.6488552083400683,0.0034256511332879224,0.0,0.1840582988150934,0.20071054790519624,-0.00919695702274555,0.015941701184906634,-0.0007105479051962246,0.00919695702274555,0.2,0.2,0.0,0.27248259654808876,-0.27286939750819367,False
0,794,0.03272991796584356,-1.5004966122202474,1.6203826286767449,1.6488552083400683,0.0034256511332879224,0.0,0.1840582988150934,0.20071054790519624,-0.00919695702274555,-0.5436868071556091,-0.9132845401763916,-0.2791088819503784,0.48988693952560425,0.6671386957168579,-0.004748926963657141,0.032986161629870794,-1.5009768537878259,1.6206909375314678,1.6484198046562102,0.0033815280781561677,0.0,0.1840582988150934,0.20071054790519624,-0.00919695702274555,0.015941701184906634,-0.0007105479051962246,0.00919695702274555,0.2,0.2,0.0,0.27248259654808876,-0.27248259654808876,False
0,795,0.032986161629870794,-1.5009768537878259,1.6206909375314678,1.6484198046562102,0.0033815280781561677,0.0,0.1840582988150934,0.20071054790519624,-0.00919695702274555,-0.28119227290153503,-0.208513081073761,0.5882971286773682,0.7606008052825928,-0.9053230285644531,0.12803317606449127,0.032836863299998076,-1.5011998262922506,1.620655918075065,1.6485874596965984,0.003485502788029708,0.0,0.18399303145667784,0.20070505999524743,-0.00917581655556992,0.016006968543322175,-0.0007050599952474108,0.00917581655556992,0.2,0.2,0.0,0.27243375771327494,-0.27145698101699844,False
0,796,0.032836863299998076,-1.5011998262922506,1.620655918075065,1.6485874596965984,0.003485502788029708,0.0,0.18399303145667784,0.20070505999524743,-0.00917581655556992,0.04649202153086662,-0.8812755942344666,-0.7283838391304016,-0.5620130300521851,-0.20162956416606903,0.010876033455133438,0.032745299109799196,-1.5013753036643434,1.6207775784041945,1.6487867489576045,0.0031271862708856565,0.0,0.18402648552739362,0.2007090894808925,-0.009164948816260787,0.015973514472606403,-0.000709089480892489,0.009164948816260787,0.2,0.2,0.0,0.27245895518888275,-0.2729629047010389,False
0,797,0.032745299109799196,-1.5013753036643434,1.6207775784041945,1.6487867489576045,0.0031271862708856565,0.0,0.18402648552739362,0.2007090894808925,-0.009164948816260787,0.5659643411636353,-0.8440771102905273,-0.4769195318222046,0.1764400601387024,-0.5727653503417969,-0.17939691245555878,0.03285290811583906,-1.5016288699290985,1.6206057839112618,1.648751146290323,0.00300326557395881,0.0,0.18402648552739362,0.2007090894808925,-0.009164948816260787,0.015973514472606403,-0.000709089480892489,0.009164948816260787,0.2,0.2,0.0,0.27245895518888275,-0.27245895518888275,False
0,798,0.03285290811583906,-1.5016288699290985,1.6206057839112618,1.648751146290323,0.00300326557395881,0.0,0.18402648552739362,0.2007090894808925,-0.009164948816260787,0.24235403537750244,-0.5958666205406189,0.27365952730178833,0.07166405767202377,0.13414178788661957,-0.794967770576477,0.033180046265369335,-1.5021421450091408,1.6203898561814916,1.648865145974415,0.0026842804821338743,0.0,0.18394221334773014,0.20069883876321126,-0.00922181591214265,0.01605778665226988,-0.0006988387632112464,0.00922181591214265,0.2,0.2,0.0,0.2723964089720729,-0.271145484635876,False
0,799,0.033180046265369335,-1.5021421450091408,1.6203898561814916,1.648865145974415,0.0026842804821338743,0.0,0.18394221334773014,0.20069883876321126,-0.00922181591214265,0.5230188369750977,-0.5160227417945862,0.23463250696659088,-0.5285018682479858,-0.9054228663444519,0.031727682799100876,0.03331407975983804,-1.5023357794537398,1.6204817987586597,1.6487821092272426,0.00254784301263011,0.0,0.18389921822516975,0.2006893797225559,-0.009231432497859359,0.01610078177483026,-0.0006893797225558996,0.009231432497859359,0.2,0.2,0.0,0.272360733115505,-0.2716472159841473,False
0,800,0.03331407975983804,-1.5023357794537398,1.6204817987586597,1.6487821092272426,0.00254784301263011,0.0,0.18389921822516975,0.2006893797225559,-0.009231432497859359,-0.011598484590649605,0.09593363851308823,-0.8868515491485596,0.1553330421447754,-0.7901191115379333,-0.33465418219566345,0.03331407975983804,-1.5023357794537398,1.6204817987586597,1.6487821092272426,0.00254784301263011,0.0,0.18369857059648972,0.20067526828960025,-0.009415699217192083,0.01630142940351029,-0.0006752682896002404,0.009415699217192083,0.2,0.2,0.0,0.2722212033145934,-0.26943060729636054,False
0,801,0.03331407975983804,-1.5023357794537398,1.6204817987586597,1.6487821092272426,0.00254784301263011,0.0,0.18369857059648972,0.20067526828960025,-0.009415699217192083,-0.7805805206298828,0.7910526990890503,-0.6687902212142944,0.260331392288208,-0.8517091274261475,-0.6600602865219116,0.03359019562400998,-1.502492080033852,1.6194111337128079,1.6486960525255385,0.0009702458626311552,0.0,0.18356728698890162,0.2006716955177023,-0.00958718197267609,0.016432713011098377,-0.0006716955177022868,0.00958718197267609,0.2,0.2,0.0,0.27213598125310884,-0.2704315400234181,False
0,802,0.03359019562400998,-1.502492080033852,1.6194111337128079,1.6486960525255385,0.0009702458626311552,0.0,0.18356728698890162,0.2006716955177023,-0.00958718197267609,-6.586313247680664e-05,0.8712819218635559,0.5513849258422852,0.507800281047821,-0.016176704317331314,-0.18716704845428467,0.03331899284201992,-1.5020798724322235,1.6177480486943765,1.649048472413955,-0.0005453796521903815,0.0,0.18356728698890162,0.2006716955177023,-0.00958718197267609,0.016432713011098377,-0.0006716955177022868,0.00958718197267609,0.2,0.2,0.0,0.27213598125310884,-0.27213598125310884,False
0,803,0.03331899284201992,-1.5020798724322235,1.6177480486943765,1.649048472413955,-0.0005453796521903815,0.0,0.18356728698890162,0.2006716955177023,-0.00958718197267609,-0.3345939815044403,-0.05208921805024147,-0.24947722256183624,0.37756893038749695,-0.659390926361084,-0.8034323453903198,0.03332455301688465,-1.5016731345294754,1.6180377160504473,1.6492836726042854,-0.0005265865393356791,0.0,0.18363827399610344,0.2006804532670812,-0.009576946911948811,0.01636172600389657,-0.0006804532670811875,0.009576946911948811,0.2,0.2,0.0,0.2721899665893352,-0.27326967331386237,False
0,804,0.03332455301688465,-1.5016731345294754,1.6180377160504473,1.6492836726042854,-0.0005265865393356791,0.0,0.18363827399610344,0.2006804532670812,-0.009576946911948811,0.36902761459350586,0.36774125695228577,0.21007849276065826,0.45404085516929626,0.518147349357605,-0.24204398691654205,0.03326446643616805,-1.501687019553569,1.6179897287513756,1.649348782939619,-0.0006450878939887123,0.0,0.18363827399610344,0.2006804532670812,-0.009576946911948811,0.01636172600389657,-0.0006804532670811875,0.009576946911948811,0.2,0.2,0.0,0.2721899665893352,-0.2721899665893352,False
0,805,0.03326446643616805,-1.501687019553569,1.6179897287513756,1.649348782939619,-0.0006450878939887123,0.0,0.18363827399610344,0.2006804532670812,-0.009576946911948811,-0.2600257694721222,0.3313646912574768,0.5304364562034607,0.7542986273765564,0.3685588836669922,-0.15851174294948578,0.03324991954915785,-1.501654995591712,1.6179690013274888,1.6494679017041547,-0.0006989049465451757,0.0,0.18369045534320708,0.20068419397687384,-0.009573209119301238,0.016309544656792928,-0.0006841939768738221,0.009573209119301238,0.2,0.2,0.0,0.2722278006177623,-0.2729844811863045,False
0,806,0.03324991954915785,-1.501654995591712,1.6179690013274888,1.6494679017041547,-0.0006989049465451757,0.0,0.18369045534320708,0.20068419397687384,-0.009573209119301238,-0.24302373826503754,0.8042681217193604,0.4317152798175812,0.296665757894516,-0.8502636551856995,0.14266227185726166,0.033218174995392355,-1.50145687974728,1.618140329929938,1.649688807607896,-0.0006733379773614667,0.0,0.18369045534320708,0.20068419397687384,-0.009573209119301238,0.016309544656792928,-0.0006841939768738221,0.009573209119301238,0.2,0.2,0.0,0.2722278006177623,-0.2722278006177623,False
0,807,0.033218174995392355,-1.50145687974728,1.618140329929938,1.649688807607896,-0.0006733379773614667,0.0,0.18369045534320708,0.20068419397687384,-0.009573209119301238,0.35021933913230896,-0.5098956823348999,0.8860788941383362,-0.2354208081960678,-0.636174201965332,0.32774218916893005,0.033218174995392355,-1.50145687974728,1.618140329929938,1.649688807607896,-0.0006733379773614667,0.0,0.1840038640031903,0.20070551680994747,-0.009437013295348663,0.015996135996809706,-0.000705516809947468,0.009437013295348663,0.2,0.2,0.0,0.272450332475461,-0.27690096962943533,False
0,808,0.033218174995392355,-1.50145687974728,1.618140329929938,1.649688807607896,-0.0006733379773614667,0.0,0.1840038640031903,0.20070551680994747,-0.009437013295348663,0.23836123943328857,-0.15984119474887848,-0.504233717918396,-0.755437970161438,-0.7824838161468506,-0.584223747253418,0.033294593045206995,-1.5006877061051334,1.6203848731523531,1.6498873097934244,-0.0031723672914443107,0.0,0.18411040151894392,0.2007085480366905,-0.009350548344379862,0.015889598481056078,-0.0007085480366904995,0.009350548344379862,0.2,0.2,0.0,0.27252154769266196,-0.2739458520366807,False
0,809,0.033294593045206995,-1.5006877061051334,1.6203848731523531,1.6498873097934244,-0.0031723672914443107,0.0,0.18411040151894392,0.2007085480366905,-0.009350548344379862,-0.007759862579405308,-0.2673998773097992,0.8039751648902893,-0.4651595950126648,0.8203357458114624,0.44346386194229126,0.033294593045206995,-1.5006877061051334,1.6203848731523531,1.6498873097934244,-0.0031723672914443107,0.0,0.1841304558375201,0.20069686113974192,-0.009232392131991493,0.015869544162479907,-0.0006968611397419173,0.009232392131991493,0.2,0.2,0.0,0.27252246128118807,-0.2725407330517102,False
0,810,0.033294593045206995,-1.5006877061051334,1.6203848731523531,1.6498873097934244,-0.0031723672914443107,0.0,0.1841304558375201,0.20069686113974192,-0.009232392131991493,-0.6328728199005127,0.4288174510002136,-0.10332425683736801,-0.033069394528865814,-0.08811391890048981,-0.003897967515513301,0.033294593045206995,-1.5006877061051334,1.6203848731523531,1.6498873097934244,-0.0031723672914443107,0.0,0.18411954475091255,0.20069983517350704,-0.009102617083635231,0.015880455249087457,-0.0006998351735070107,0.009102617083635231,0.2,0.2,0.0,0.2725129138879981,-0.2723219660241985,False
0,811,0.033294593045206995,-1.5006877061051334,1.6203848731523531,1.6498873097934244,-0.0031723672914443107,0.0,0.18411954475091255,0.20069983517350704,-0.009102617083635231,0.028370462357997894,0.7958071231842041,-0.4806593656539917,-0.06906028091907501,-0.9030386209487915,-0.5174251198768616,0.033294593045206995,-1.5006877061051334,1.6203848731523531,1.6498873097934244,-0.0031723672914443107,0.0,0.1841767197958595,0.2007477540172837,-0.009118446423671184,0.015823280204140512,-0.0007477540172836784,0.009118446423671184,0.2,0.2,0.0,0.2725873638357577,-0.2740763627909502,False
0,812,0.033294593045206995,-1.5006877061051334,1.6203848731523531,1.6498873097934244,-0.0031723672914443107,0.0,0.1841767197958595,0.2007477540172837,-0.009118446423671184,-0.729981541633606,-0.8738576173782349,-0.3601178824901581,0.2453705370426178,0.5889970660209656,0.4297751486301422,0.0314979180707616,-1.4998111232554285,1.6208160942322183,1.6489141161332397,-0.0027200465271776304,0.0,0.1841767197958595,0.2007477540172837,-0.009118446423671184,0.015823280204140512,-0.0007477540172836784,0.009118446423671184,0.2,0.2,0.0,0.2725873638357577,-0.2725873638357577,False
0,813,0.0314979180707616,-1.4998111232554285,1.6208160942322183,1.6489141161332397,-0.0027200465271776304,0.0,0.1841767197958595,0.2007477540172837,-0.009118446423671184,-0.08637834340333939,-0.5743847489356995,-0.2292654663324356,-0.04881593585014343,0.15317048132419586,0.6986688375473022,0.03090428022832506,-1.4996357586803892,1.6206406887240117,1.648940643469901,-0.002724354390895249,0.0,0.1841821466600459,0.2007637685344548,-0.009132949242701346,0.015817853339954127,-0.0007637685344547831,0.009132949242701346,0.2,0.2,0.0,0.27260331007955235,-0.27292223495544515,False
0,814,0.03090428022832506,-1.4996357586803892,1.6206406887240117,1.648940643469901,-0.002724354390895249,0.0,0.1841821466600459,0.2007637685344548,-0.009132949242701346,-0.04869742691516876,0.4804869294166565,-0.5594744682312012,0.02800380438566208,-0.7072749137878418,0.22423473000526428,0.03090428022832506,-1.4996357586803892,1.6206406887240117,1.648940643469901,-0.002724354390895249,0.0,0.1838338554446956,0.2007635253420703,-0.009553202939289393,0.01616614455530441,-0.0007635253420702828,0.009553202939289393,0.2,0.2,0.0,0.27238234744901624,-0.26796309483829395,False
0,815,0.03090428022832506,-1.4996357586803892,1.6206406887240117,1.648940643469901,-0.002724354390895249,0.0,0.1838338554446956,0.2007635253420703,-0.009553202939289393,0.5322253704071045,0.28583115339279175,-0.7960730791091919,0.4829377233982086,0.645559549331665,0.47129520773887634,0.03090428022832506,-1.4996357586803892,1.6206406887240117,1.648940643469901,-0.002724354390895249,0.0,0.18369223133206725,0.20076577869951082,-0.009887755549625264,0.01630776866793277,-0.0007657786995108149,0.009887755549625264,0.2,0.2,0.0,0.27230038828173525,-0.2706612049361155,False
0,816,0.03090428022832506,-1.4996357586803892,1.6206406887240117,1.648940643469901,-0.002724354390895249,0.0,0.18369223133206725,0.20076577869951082,-0.009887755549625264,-0.2838042080402374,0.8095384240150452,-0.10517885535955429,-0.9065502882003784,-0.2810507118701935,-0.6566992402076721,0.03090428022832506,-1.4996357586803892,1.6206406887240117,1.648940643469901,-0.002724354390895249,0.0,0.1836422505638486,0.20072965261589043,-0.010118981872337882,0.01635774943615139,-0.0007296526158904265,0.010118981872337882,0.2,0.2,0.0,0.2722485324580908,-0.27121141598520127,False
0,817,0.03090428022832506,-1.4996357586803892,1.6206406887240117,1.648940643469901,-0.002724354390895249,0.0,0.1836422505638486,0.20072965261589043,-0.010118981872337882,-0.5312988758087158,-0.7961249351501465,0.677008867263794,0.18972454965114594,0.911939263343811,-0.2187560647726059,0.03132617584187845,-1.4948655754371472,1.6129392203427049,1.6500916936586312,-0.0086634021248797,0.0,0.1836422505638486,0.20072965261589043,-0.010118981872337882,0.01635774943615139,-0.0007296526158904265,0.010118981872337882,0.2,0.2,0.0,0.2722485324580908,-0.2722485324580908,False
0,818,0.03132617584187845,-1.4948655754371472,1.6129392203427049,1.6500916936586312,-0.0086634021248797,0.0,0.1836422505638486,0.20072965261589043,-0.010118981872337882,0.7343096733093262,-0.3226718008518219,-0.4874928593635559,0.5697813034057617,0.5897236466407776,0.869184136390686,0.03372979191476607,-1.4952794096509763,1.6112532828434374,1.6512271700296213,-0.006180175080598643,0.0,0.1836127104617246,0.20073809050949581,-0.010050782551359366,0.016387289538275427,-0.0007380905094958052,0.010050782551359366,0.2,0.2,0.0,0.27223230273866167,-0.27190770835007955,False
0,819,0.03372979191476607,-1.4952794096509763,1.6112532828434374,1.6512271700296213,-0.006180175080598643,0.0,0.1836127104617246,0.20073809050949581,-0.010050782551359366,0.5707930326461792,0.12480226159095764,-0.4799785912036896,-0.483445405960083,-0.7111916542053223,0.1549561470746994,0.03372979191476607,-1.4952794096509763,1.6112532828434374,1.6512271700296213,-0.006180175080598643,0.0,0.18323888617901168,0.2004644771416712,-0.011189707496744694,0.016761113820988324,-0.00046447714167120236,0.011189707496744694,0.2,0.2,0.0,0.2718229305221896,-0.26363548619274796,False
0,820,0.03372979191476607,-1.4952794096509763,1.6112532828434374,1.6512271700296213,-0.006180175080598643,0.0,0.18323888617901168,0.2004644771416712,-0.011189707496744694,-0.1816023290157318,-0.7818804383277893,0.6523414850234985,-0.3059510290622711,-0.2002883404493332,-0.1413600593805313,0.03372979191476607,-1.4952794096509763,1.6112532828434374,1.6512271700296213,-0.006180175080598643,0.0,0.18311754164877353,0.20056808561258216,-0.0101819601332033,0.016882458351226485,-0.0005680856125821466,0.0101819601332033,0.2,0.2,0.0,0.27177796698397116,-0.2708786962196027,False
0,821,0.03372979191476607,-1.4952794096509763,1.6112532828434374,1.6512271700296213,-0.006180175080598643,0.0,0.18311754164877353,0.20056808561258216,-0.0101819601332033,0.7540691494941711,-0.2086963951587677,0.6627060174942017,-0.6522998809814453,0.13303430378437042,0.9521785378456116,0.03372979191476607,-1.4952794096509763,1.6112532828434374,1.6512271700296213,-0.006180175080598643,0.0,0.18310268059940013,0.20062014047077462,-0.009719663458967496,0.01689731940059987,-0.0006201404707746084,0.009719663458967496,0.2,0.2,0.0,0.27178944840253616,-0.2720190767738361,False
0,822,0.03372979191476607,-1.4952794096509763,1.6112532828434374,1.6512271700296213,-0.006180175080598643,0.0,0.18310268059940013,0.20062014047077462,-0.009719663458967496,0.43159744143486023,0.8610060214996338,-0.8176476955413818,-0.11507905274629593,0.5433234572410583,-0.5122146606445312,0.03372979191476607,-1.4952794096509763,1.6112532828434374,1.6512271700296213,-0.006180175080598643,0.0,0.18311629936237614,0.20059153544422142,-0.00954024043721102,0.01688370063762386,-0.000591535444221416,0.00954024043721102,0.2,0.2,0.0,0.27177115257444356,-0.27140523601259164,False
0,823,0.03372979191476607,-1.4952794096509763,1.6112532828434374,1.6512271700296213,-0.006180175080598643,0.0,0.18311629936237614,0.20059153544422142,-0.00954024043721102,0.7469812035560608,0.8245775699615479,0.41801729798316956,0.5675011873245239,-0.5469337701797485,0.06566073000431061,0.03372979191476607,-1.4952794096509763,1.6112532828434374,1.6512271700296213,-0.006180175080598643,0.0,0.18264234608304486,0.2004390941345925,-0.01103120109395389,0.017357653916955155,-0.0004390941345924704,0.01103120109395389,0.2,0.2,0.0,0.2713959182408424,-0.26389123156881944,False
0,824,0.03372979191476607,-1.4952794096509763,1.6112532828434374,1.6512271700296213,-0.006180175080598643,0.0,0.18264234608304486,0.2004390941345925,-0.01103120109395389,0.05091278627514839,-0.7598938941955566,0.692887544631958,-0.46850258111953735,0.14313609898090363,-0.668852686882019,0.03372979191476607,-1.4952794096509763,1.6112532828434374,1.6512271700296213,-0.006180175080598643,0.0,0.18477693480765545,0.20038889909687124,-0.01024377835715519,0.015223065192344579,-0.00038889909687122616,0.01024377835715519,0.2,0.2,0.0,0.27276942921302433,-0.3002396486566626,False
0,825,0.03372979191476607,-1.4952794096509763,1.6112532828434374,1.6512271700296213,-0.006180175080598643,0.0,0.18477693480765545,0.20038889909687124,-0.01024377835715519,-0.39771392941474915,-0.3057865500450134,0.6978177428245544,-0.22790224850177765,0.6516760587692261,-0.6220664978027344,0.03372979191476607,-1.4952794096509763,1.6112532828434374,1.6512271700296213,-0.006180175080598643,0.0,0.18380735718467378,0.20048638750937114,-0.00897508300485668,0.01619264281532624,-0.00048638750937112776,0.00897508300485668,0.2,0.2,0.0,0.27214056707282,-0.259563324268734,False
0,826,0.03372979191476607,-1.4952794096509763,1.6112532828434374,1.6512271700296213,-0.006180175080598643,0.0,0.18380735718467378,0.20048638750937114,-0.00897508300485668,0.22742539644241333,0.6871618628501892,0.7192389369010925,0.45735716819763184,0.8301032185554504,-0.7076805830001831,0.03372979191476607,-1.4952794096509763,1.6112532828434374,1.6512271700296213,-0.006180175080598643,0.0,0.18412193707142374,0.20061666579013285,-0.008604544835247706,0.015878062928576266,-0.0006166657901328467,0.008604544835247706,0.2,0.2,0.0,0.27243709823646445,-0.27836772150935285,False
0,827,0.03372979191476607,-1.4952794096509763,1.6112532828434374,1.6512271700296213,-0.006180175080598643,0.0,0.18412193707142374,0.20061666579013285,-0.008604544835247706,0.2137802094221115,-0.2812340557575226,0.5460667014122009,-0.1511262059211731,-0.7188671827316284,-0.23580573499202728,0.03372979191476607,-1.4952794096509763,1.6112532828434374,1.6512271700296213,-0.006180175080598643,0.0,0.18618744256117362,0.20064220140723182,-0.008086110930084184,0.013812557438826392,-0.0006422014072318208,0.008086110930084184,0.2,0.2,0.0,0.2738401759110305,-0.3019017294023514,False
0,828,0.03372979191476607,-1.4952794096509763,1.6112532828434374,1.6512271700296213,-0.006180175080598643,0.0,0.18618744256117362,0.20064220140723182,-0.008086110930084184,0.18922051787376404,0.41801023483276367,0.1611458957195282,0.21577665209770203,0.49953582882881165,0.07872886955738068,0.03372979191476607,-1.4952794096509763,1.6112532828434374,1.6512271700296213,-0.006180175080598643,0.0,0.18608604081972369,0.20063234743840994,-0.008268102332989021,0.013913959180276315,-0.0006323474384099265,0.008268102332989021,0.2,0.2,0.0,0.273769455825144,-0.27235505410741423,False
0,829,0.03372979191476607,-1.4952794096509763,1.6112532828434374,1.6512271700296213,-0.006180175080598643,0.0,0.18608604081972369,0.20063234743840994,-0.008268102332989021,0.442767858505249,0.051084376871585846,-0.14408144354820251,0.3370998501777649,0.2505994737148285,0.3364127576351166,0.03854468755726331,-1.4913912451924922,1.6256064596316209,1.6531095135729843,0.0024717812045789785,0.0,0.1860857329911298,0.20063119530967205,-0.008330431364896727,0.013914267008870228,-0.0006311953096720464,0.008330431364896727,0.2,0.2,0.0,0.2737702917428388,-0.2737870100967345,False
0,830,0.03854468755726331,-1.4913912451924922,1.6256064596316209,1.6531095135729843,0.0024717812045789785,0.0,0.1860857329911298,0.20063119530967205,-0.008330431364896727,0.3898296654224396,-0.6259077787399292,0.43771421909332275,0.4413244128227234,-0.48806536197662354,0.7468374967575073,0.03854468755726331,-1.4913912451924922,1.6256064596316209,1.6531095135729843,0.0024717812045789785,0.0,0.18692128622189028,0.2005211791289576,-0.007887932871760137,0.013078713778109739,-0.000521179128957567,0.007887932871760137,0.2,0.2,0.0,0.27424538283643485,-0.283747204708356,False
0,831,0.03854468755726331,-1.4913912451924922,1.6256064596316209,1.6531095135729843,0.0024717812045789785,0.0,0.18692128622189028,0.2005211791289576,-0.007887932871760137,-0.10096310079097748,0.057732582092285156,0.4452589750289917,-0.2536347508430481,0.01690785400569439,-0.1708706170320511,0.03854468755726331,-1.4913912451924922,1.6256064596316209,1.6531095135729843,0.0024717812045789785,0.0,0.18705956362136045,0.20053657631495736,-0.007632691179730283,0.01294043637863955,-0.0005365763149573458,0.007632691179730283,0.2,0.2,0.0,0.2743436836469607,-0.276309699857478,False
0,832,0.03854468755726331,-1.4913912451924922,1.6256064596316209,1.6531095135729843,0.0024717812045789785,0.0,0.18705956362136045,0.20053657631495736,-0.007632691179730283,0.01891704648733139,0.3811300992965698,0.2576833665370941,0.022645199671387672,0.5032035112380981,-0.6914249658584595,0.03854468755726331,-1.4913912451924922,1.6256064596316209,1.6531095135729843,0.0024717812045789785,0.0,0.18708108965618117,0.2005661828282848,-0.00744913889300949,0.01291891034381884,-0.0005661828282847869,0.00744913889300949,0.2,0.2,0.0,0.27437495780683124,-0.27500044100424187,False
0,833,0.03854468755726331,-1.4913912451924922,1.6256064596316209,1.6531095135729843,0.0024717812045789785,0.0,0.18708108965618117,0.2005661828282848,-0.00744913889300949,0.45056042075157166,-0.30846768617630005,0.39783480763435364,0.09038664400577545,-0.7940220236778259,0.19457903504371643,0.04266551824206128,-1.4984801003164065,1.6344825588430825,1.656756557824586,-0.0031466639319464433,0.0,0.18710649186571787,0.2005707286685097,-0.007430720077003405,0.01289350813428215,-0.0005707286685096873,0.007430720077003405,0.2,0.2,0.0,0.2743951021752678,-0.274797989543999,False
0,834,0.04266551824206128,-1.4984801003164065,1.6344825588430825,1.656756557824586,-0.0031466639319464433,0.0,0.18710649186571787,0.2005707286685097,-0.007430720077003405,0.6452057361602783,0.9527643322944641,0.3463861048221588,0.4361731708049774,-0.6147905588150024,-0.3333244323730469,0.04289232429110445,-1.4983372712398808,1.6345808566273956,1.6568242170766578,-0.003474061146660561,0.0,0.18714037516669996,0.2005667107788964,-0.007415797715113248,0.01285962483330005,-0.0005667107788963969,0.007415797715113248,0.2,0.2,0.0,0.2744148675745361,-0.2748101755599019,False
0,835,0.04289232429110445,-1.4983372712398808,1.6345808566273956,1.6568242170766578,-0.003474061146660561,0.0,0.18714037516669996,0.2005667107788964,-0.007415797715113248,-0.06804925948381424,0.4300813674926758,0.9430670738220215,0.7307813763618469,-0.47942084074020386,-0.7438560724258423,0.043533361115309956,-1.4973836697726746,1.6349258593874414,1.657260693360039,-0.00408082872783174,0.0,0.18714037516669996,0.2005667107788964,-0.007415797715113248,0.01285962483330005,-0.0005667107788963969,0.007415797715113248,0.2,0.2,0.0,0.2744148675745361,-0.2744148675745361,False
0,836,0.043533361115309956,-1.4973836697726746,1.6349258593874414,1.657260693360039,-0.00408082872783174,0.0,0.18714037516669996,0.2005667107788964,-0.007415797715113248,0.1654776632785797,0.2130996435880661,0.17651773989200592,0.47017279267311096,-0.3224816918373108,-0.8831268548965454,0.043533361115309956,-1.4973836697726746,1.6349258593874414,1.657260693360039,-0.00408082872783174,0.0,0.1880124768230302,0.20058847445129344,-0.007084290911545856,0.011987523176969803,-0.0005884744512934303,0.007084290911545856,0.2,0.2,0.0,0.2750174807199482,-0.2870697436281902,False
0,837,0.043533361115309956,-1.4973836697726746,1.6349258593874414,1.657260693360039,-0.00408082872783174,0.0,0.1880124768230302,0.20058847445129344,-0.007084290911545856,-0.12524080276489258,0.34372374415397644,-0.0710178017616272,0.6710512638092041,0.48078852891921997,-0.7128409743309021,0.043533361115309956,-1.4973836697726746,1.6349258593874414,1.657260693360039,-0.00408082872783174,0.0,0.1888203203931667,0.2006356662453218,-0.00729593181848668,0.011179679606833304,-0.0006356662453217897,0.00729593181848668,0.2,0.2,0.0,0.2756102584886533,-0.28746581386275505,False
0,838,0.043533361115309956,-1.4973836697726746,1.6349258593874414,1.657260693360039,-0.00408082872783174,0.0,0.1888203203931667,0.2006356662453218,-0.00729593181848668,0.658599317073822,-0.7911490201950073,0.940277099609375,-0.0745689794421196,-0.35606905817985535,-0.013177727349102497,0.043533361115309956,-1.4973836697726746,1.6349258593874414,1.657260693360039,-0.00408082872783174,0.0,0.1894079475320082,0.20068671427925452,-0.007547784668240343,0.010592052467991803,-0.0006867142792545028,0.007547784668240343,0.2,0.2,0.0,0.27605705375861933,-0.2849929591579403,False
0,839,0.043533361115309956,-1.4973836697726746,1.6349258593874414,1.657260693360039,-0.00408082872783174,0.0,0.1894079475320082,0.20068671427925452,-0.007547784668240343,-0.6249736547470093,-0.3130762577056885,0.10918135195970535,0.5213062763214111,-0.08441876620054245,0.20087450742721558,0.043533361115309956,-1.4973836697726746,1.6349258593874414,1.657260693360039,-0.00408082872783174,0.0,0.18913523653288045,0.20045013925849373,-0.005895244449372613,0.010864763467119572,-0.00045013925849370887,0.005895244449372613,0.2,0.2,0.0,0.2756576680127292,-0.267669953094926,False
0,840,0.043533361115309956,-1.4973836697726746,1.6349258593874414,1.657260693360039,-0.00408082872783174,0.0,0.18913523653288045,0.20045013925849373,-0.005895244449372613,0.17078019678592682,-0.17833109200000763,-0.8916330337524414,0.3942474126815796,0.602806568145752,0.26446154713630676,0.043533361115309956,-1.4973836697726746,1.6349258593874414,1.657260693360039,-0.00408082872783174,0.0,0.18747978650082767,0.20048163788735357,-0.008039858840574825,0.012520213499172338,-0.0004816378873535508,0.008039858840574825,0.2,0.2,0.0,0.2746018878423239,-0.2534862844342189,False
0,841,0.043533361115309956,-1.4973836697726746,1.6349258593874414,1.657260693360039,-0.00408082872783174,0.0,0.18747978650082767,0.20048163788735357,-0.008039858840574825,0.8271833658218384,0.3769286572933197,0.3921649158000946,0.9288026094436646,0.019407518208026886,-0.30936306715011597,0.043533361115309956,-1.4973836697726746,1.6349258593874414,1.657260693360039,-0.00408082872783174,0.0,0.1869495077458646,0.20044970831994943,-0.008650840660236109,0.013050492254135397,-0.00044970831994941337,0.008650840660236109,0.2,0.2,0.0,0.274235375282079,-0.26690512407718003,False
0,842,0.043533361115309956,-1.4973836697726746,1.6349258593874414,1.657260693360039,-0.00408082872783174,0.0,0.1869495077458646,0.20044970831994943,-0.008650840660236109,0.4195516109466553,0.5503302812576294,0.8474124073982239,0.7254841327667236,0.5772005915641785,0.01512073166668415,0.04732163202875366,-1.504363459804055,1.6292835154147698,1.6667948393834422,0.0029950712412169468,0.0,0.1874349403839655,0.20045513031676537,-0.008438919244093901,0.012565059616034508,-0.00045513031676536837,0.008438919244093901,0.2,0.2,0.0,0.2745638933018332,-0.28113425369691714,False
0,843,0.04732163202875366,-1.504363459804055,1.6292835154147698,1.6667948393834422,0.0029950712412169468,0.0,0.1874349403839655,0.20045513031676537,-0.008438919244093901,0.8617129921913147,-0.33380958437919617,0.9152730703353882,-0.46965017914772034,0.03913518786430359,-0.32898563146591187,0.04732163202875366,-1.504363459804055,1.6292835154147698,1.6667948393834422,0.0029950712412169468,0.0,0.18886819429296806,0.20043340175498314,-0.007293648634450783,0.011131805707031962,-0.00043340175498312683,0.007293648634450783,0.2,0.2,0.0,0.27549580879745456,-0.2941341187098822,False
0,844,0.04732163202875366,-1.504363459804055,1.6292835154147698,1.6667948393834422,0.0029950712412169468,0.0,0.18886819429296806,0.20043340175498314,-0.007293648634450783,0.33101698756217957,-0.569511890411377,0.23771610856056213,0.6361249685287476,-0.4108450710773468,-0.5175833702087402,0.04732163202875366,-1.504363459804055,1.6292835154147698,1.6667948393834422,0.0029950712412169468,0.0,0.18878912808273987,0.2003633252307979,-0.006933380874309263,0.011210871917260133,-0.00036332523079788087,0.006933380874309263,0.2,0.2,0.0,0.2753813151797556,-0.2730914428257768,False
0,845,0.04732163202875366,-1.504363459804055,1.6292835154147698,1.6667948393834422,0.0029950712412169468,0.0,0.18878912808273987,0.2003633252307979,-0.006933380874309263,0.362271249294281,0.12117307633161545,0.3323080837726593,-0.37513694167137146,-0.17579740285873413,0.8265915513038635,0.04732163202875366,-1.504363459804055,1.6292835154147698,1.6667948393834422,0.0029950712412169468,0.0,0.18878912808273987,0.2003633252307979,-0.006933380874309263,0.011210871917260133,-0.00036332523079788087,0.006933380874309263,0.2,0.2,0.0,0.2753813151797556,-0.2753813151797556,False
0,846,0.04732163202875366,-1.504363459804055,1.6292835154147698,1.6667948393834422,0.0029950712412169468,0.0,0.18878912808273987,0.2003633252307979,-0.006933380874309263,0.31310585141181946,0.27684271335601807,0.06161925196647644,0.6484151482582092,-0.5624698400497437,0.4177611768245697,0.04732163202875366,-1.504363459804055,1.6292835154147698,1.6667948393834422,0.0029950712412169468,0.0,0.18878912808273987,0.2003633252307979,-0.006933380874309263,0.011210871917260133,-0.00036332523079788087,0.006933380874309263,0.2,0.2,0.0,0.2753813151797556,-0.2753813151797556,False
0,847,0.04732163202875366,-1.504363459804055,1.6292835154147698,1.6667948393834422,0.0029950712412169468,0.0,0.18878912808273987,0.2003633252307979,-0.006933380874309263,0.5268433094024658,-0.018195925280451775,-0.8103806972503662,0.28902947902679443,-0.05239599943161011,0.16702596843242645,0.04732163202875366,-1.504363459804055,1.6292835154147698,1.6667948393834422,0.0029950712412169468,0.0,0.18878912808273987,0.2003633252307979,-0.006933380874309263,0.011210871917260133,-0.00036332523079788087,0.006933380874309263,0.2,0.2,0.0,0.2753813151797556,-0.2753813151797556,False
0,848,0.04732163202875366,-1.504363459804055,1.6292835154147698,1.6667948393834422,0.0029950712412169468,0.0,0.18878912808273987,0.2003633252307979,-0.006933380874309263,0.055491961538791656,-0.7104080319404602,-0.7382922172546387,-0.5257805585861206,-0.6937004327774048,-0.5377625226974487,0.054743566191224446,-1.5014973195562786,1.6404040367777892,1.6663852798062335,0.005862483051761879,0.0,0.18855122926668805,0.20034908162675022,-0.0070451525270751915,0.011448770733311964,-0.0003490816267502215,0.0070451525270751915,0.2,0.2,0.0,0.2752107460488982,-0.27179936343175043,False
0,849,0.054743566191224446,-1.5014973195562786,1.6404040367777892,1.6663852798062335,0.005862483051761879,0.0,0.18855122926668805,0.20034908162675022,-0.0070451525270751915,0.2860856056213379,-0.08153708279132843,-0.4928308129310608,0.2585933804512024,0.7193567752838135,-0.6149258613586426,0.054743566191224446,-1.5014973195562786,1.6404040367777892,1.6663852798062335,0.005862483051761879,0.0,0.18855122926668805,0.20034908162675022,-0.0070451525270751915,0.011448770733311964,-0.0003490816267502215,0.0070451525270751915,0.2,0.2,0.0,0.2752107460488982,-0.2752107460488982,False
0,850,0.054743566191224446,-1.5014973195562786,1.6404040367777892,1.6663852798062335,0.005862483051761879,0.0,0.18855122926668805,0.20034908162675022,-0.0070451525270751915,-0.023847050964832306,0.6469922065734863,0.6141440272331238,-0.5976345539093018,0.5428938269615173,0.6308417320251465,0.054743566191224446,-1.5014973195562786,1.6404040367777892,1.6663852798062335,0.005862483051761879,0.0,0.18831371377071393,0.20034367953051604,-0.007046242537034349,0.01168628622928609,-0.0003436795305160462,0.007046242537034349,0.2,0.2,0.0,0.27504416782734226,-0.2717126033962229,False
0,851,0.054743566191224446,-1.5014973195562786,1.6404040367777892,1.6663852798062335,0.005862483051761879,0.0,0.18831371377071393,0.20034367953051604,-0.007046242537034349,0.4894481301307678,0.28465506434440613,-0.25832614302635193,-0.5146268010139465,0.13311690092086792,0.7245808839797974,0.054743566191224446,-1.5014973195562786,1.6404040367777892,1.6663852798062335,0.005862483051761879,0.0,0.18841772368893542,0.20034942724558907,-0.006911575914072276,0.011582276311064604,-0.0003494272455890516,0.006911575914072276,0.2,0.2,0.0,0.2751161599749669,-0.27655600292746,False
0,852,0.054743566191224446,-1.5014973195562786,1.6404040367777892,1.6663852798062335,0.005862483051761879,0.0,0.18841772368893542,0.20034942724558907,-0.006911575914072276,0.07088171690702438,0.6465311646461487,0.8864338994026184,0.9086230993270874,-0.6696538329124451,0.11239694803953171,0.058240233896955935,-1.4994580935848303,1.638597182493176,1.6605559724160506,0.006660798569158941,0.0,0.18805072388704724,0.20025781226097725,-0.007012484913202985,0.011949276112952767,-0.0002578122609772326,0.007012484913202985,0.2,0.2,0.0,0.27480072974912784,-0.26849212523234633,False
0,853,0.058240233896955935,-1.4994580935848303,1.638597182493176,1.6605559724160506,0.006660798569158941,0.0,0.18805072388704724,0.20025781226097725,-0.007012484913202985,-0.4849759042263031,-0.20008420944213867,0.6782501935958862,0.07918306440114975,-0.4857999384403229,0.4296737611293793,0.05810964192946335,-1.4993027022395293,1.6391334484181022,1.660969272016963,0.006270122480103402,0.0,0.18810410014839518,0.20025327592363085,-0.006990844556775903,0.01189589985160484,-0.0002532759236308251,0.006990844556775903,0.2,0.2,0.0,0.27483340211553675,-0.27548684944371504,False
0,854,0.05810964192946335,-1.4993027022395293,1.6391334484181022,1.660969272016963,0.006270122480103402,0.0,0.18810410014839518,0.20025327592363085,-0.006990844556775903,-0.5764141082763672,0.31102603673934937,0.6074776649475098,-0.4602930545806885,0.3948487639427185,-0.13567745685577393,0.057159852162908,-1.4995425723567493,1.640382699395654,1.6609371273786033,0.005623205803148188,0.0,0.18832026986694028,0.20028753811307415,-0.0068077753076964224,0.011679730133059736,-0.0002875381130741481,0.0068077753076964224,0.2,0.2,0.0,0.2750017595776315,-0.2783689088195267,False
0,855,0.057159852162908,-1.4995425723567493,1.640382699395654,1.6609371273786033,0.005623205803148188,0.0,0.18832026986694028,0.20028753811307415,-0.0068077753076964224,-0.6651296615600586,-0.8796954154968262,-0.2362680584192276,-0.05222045257687569,0.48635831475257874,-0.25961679220199585,0.055807920199349784,-1.4987326096185167,1.6418187668417512,1.659771331053853,0.0066805401157213435,0.0,0.18845795081499986,0.20032571285345613,-0.006570630727604498,0.011542049185000156,-0.0003257128534561207,0.006570630727604498,0.2,0.2,0.0,0.27511809036083545,-0.27744470602491433,False
0,856,0.055807920199349784,-1.4987326096185167,1.6418187668417512,1.659771331053853,0.0066805401157213435,0.0,0.18845795081499986,0.20032571285345613,-0.006570630727604498,0.09823471307754517,0.20628038048744202,-0.09077907353639603,-0.2996968924999237,-0.1614425927400589,-0.5847082734107971,0.055807920199349784,-1.4987326096185167,1.6418187668417512,1.659771331053853,0.0066805401157213435,0.0,0.18808185574672565,0.2003585207662491,-0.006713809704715603,0.01191814425327438,-0.00035852076624908553,0.006713809704715603,0.2,0.2,0.0,0.27488797090000633,-0.2702855816834238,False
0,857,0.055807920199349784,-1.4987326096185167,1.6418187668417512,1.659771331053853,0.0066805401157213435,0.0,0.18808185574672565,0.2003585207662491,-0.006713809704715603,0.7810125946998596,0.3184317350387573,-0.15182222425937653,-0.054757434874773026,-0.6472005844116211,0.08476047217845917,0.055807920199349784,-1.4987326096185167,1.6418187668417512,1.659771331053853,0.0066805401157213435,0.0,0.1879140324268244,0.20029986533313113,-0.006707877181138574,0.012085967573175621,-0.00029986533313110806,0.006707877181138574,0.2,0.2,0.0,0.274730259075438,-0.2715760225840719,False
0,858,0.055807920199349784,-1.4987326096185167,1.6418187668417512,1.659771331053853,0.0066805401157213435,0.0,0.1879140324268244,0.20029986533313113,-0.006707877181138574,0.021667947992682457,0.1393537074327469,0.0059632305055856705,-0.2206064760684967,-0.08567178249359131,-0.20823825895786285,0.055807920199349784,-1.4987326096185167,1.6418187668417512,1.659771331053853,0.0066805401157213435,0.0,0.18813656358357353,0.2001019945747212,-0.006756384529174986,0.011863436416426471,-0.00010199457472119088,0.006756384529174986,0.2,0.2,0.0,0.27473955580098736,-0.27492549031197405,False
0,859,0.055807920199349784,-1.4987326096185167,1.6418187668417512,1.659771331053853,0.0066805401157213435,0.0,0.18813656358357353,0.2001019945747212,-0.006756384529174986,-0.027713024988770485,-0.41569626331329346,0.7826120257377625,-0.4040244519710541,-0.6617158651351929,0.8382424712181091,0.055807920199349784,-1.4987326096185167,1.6418187668417512,1.659771331053853,0.0066805401157213435,0.0,0.18813751988383745,0.20015149181174674,-0.006597566626443924,0.011862480116162564,-0.00015149181174673224,0.006597566626443924,0.2,0.2,0.0,0.27477240390530383,-0.2754293659916333,False
0,860,0.055807920199349784,-1.4987326096185167,1.6418187668417512,1.659771331053853,0.0066805401157213435,0.0,0.18813751988383745,0.20015149181174674,-0.006597566626443924,-0.09299633651971817,0.07335019111633301,0.62444007396698,0.01964414305984974,-0.4396631419658661,0.35703399777412415,0.055807920199349784,-1.4987326096185167,1.6418187668417512,1.659771331053853,0.0066805401157213435,0.0,0.18973601493006706,0.2003839983158716,-0.004627466852141052,0.010263985069932955,-0.0003839983158715627,0.004627466852141052,0.2,0.2,0.0,0.2759980354858808,-0.3005106670974204,False
0,861,0.055807920199349784,-1.4987326096185167,1.6418187668417512,1.659771331053853,0.0066805401157213435,0.0,0.18973601493006706,0.2003839983158716,-0.004627466852141052,0.09074962139129639,-0.5604003667831421,0.002926907502114773,-0.30239221453666687,-0.10561595112085342,0.8353531360626221,0.0567246760691018,-1.5006117150946523,1.6554557309707831,1.6551969117183383,-0.006507646258471294,0.0,0.18920728418617844,0.20035117458333007,-0.004913932448609489,0.010792715813821567,-0.00035117458333006903,0.004913932448609489,0.2,0.2,0.0,0.2756159216702453,-0.2679736453575349,False
0,862,0.0567246760691018,-1.5006117150946523,1.6554557309707831,1.6551969117183383,-0.006507646258471294,0.0,0.18920728418617844,0.20035117458333007,-0.004913932448609489,-0.6359618902206421,-0.4624846577644348,-0.8508665561676025,-0.07328062504529953,-0.6280102133750916,0.14936289191246033,0.05704140870201734,-1.504979645929472,1.6515843262741166,1.6541403666271277,-0.0033968269608215945,0.0,0.1884648071019117,0.20029982654483688,-0.005301175895123467,0.011535192898088312,-0.0002998265448368861,0.005301175895123467,0.2,0.2,0.0,0.275076546611527,-0.26428904543716064,False
0,863,0.05704140870201734,-1.504979645929472,1.6515843262741166,1.6541403666271277,-0.0033968269608215945,0.0,0.1884648071019117,0.20029982654483688,-0.005301175895123467,0.7677757740020752,0.7110668420791626,0.6626332998275757,0.3300553858280182,-0.4014977514743805,-0.408551961183548,0.05704140870201734,-1.504979645929472,1.6515843262741166,1.6541403666271277,-0.0033968269608215945,0.0,0.1868587802931178,0.2003977726284134,-0.006525414917882829,0.013141219706882187,-0.00039777262841338384,0.006525414917882829,0.2,0.2,0.0,0.27407672664221505,-0.2540803272559766,False
0,864,0.05704140870201734,-1.504979645929472,1.6515843262741166,1.6541403666271277,-0.0033968269608215945,0.0,0.1868587802931178,0.2003977726284134,-0.006525414917882829,-0.07454091310501099,0.41118714213371277,0.6425290703773499,0.09247933328151703,0.09190203994512558,0.7380380630493164,0.05704140870201734,-1.504979645929472,1.6515843262741166,1.6541403666271277,-0.0033968269608215945,0.0,0.18724573261558097,0.20038219431427728,-0.006336495651862808,0.012754267384419052,-0.0003821943142772832,0.006336495651862808,0.2,0.2,0.0,0.27432487921823007,-0.27928793073853037,False
0,865,0.05704140870201734,-1.504979645929472,1.6515843262741166,1.6541403666271277,-0.0033968269608215945,0.0,0.18724573261558097,0.20038219431427728,-0.006336495651862808,0.564809262752533,-0.7715749144554138,-0.1966535747051239,-0.4729131758213043,0.19066402316093445,-0.4529307782649994,0.05704140870201734,-1.504979645929472,1.6515843262741166,1.6541403666271277,-0.0033968269608215945,0.0,0.1879737766426977,0.20039191097094042,-0.005849253952904653,0.012026223357302288,-0.00039191097094039816,0.005849253952904653,0.2,0.2,0.0,0.2748186173819192,-0.284693380655702,False
0,866,0.05704140870201734,-1.504979645929472,1.6515843262741166,1.6541403666271277,-0.0033968269608215945,0.0,0.1879737766426977,0.20039191097094042,-0.005849253952904653,-0.14834332466125488,0.48604288697242737,0.17250609397888184,-0.5105150938034058,-0.011505111120641232,-0.6226637959480286,0.05704140870201734,-1.504979645929472,1.6515843262741166,1.6541403666271277,-0.0033968269608215945,0.0,0.18674084053564838,0.20015104571899303,-0.005860497372828403,0.013259159464351623,-0.0001510457189930303,0.005860497372828403,0.2,0.2,0.0,0.2738008912619238,-0.2534463688620158,False
0,867,0.05704140870201734,-1.504979645929472,1.6515843262741166,1.6541403666271277,-0.0033968269608215945,0.0,0.18674084053564838,0.20015104571899303,-0.005860497372828403,0.40628302097320557,-0.6575134992599487,-0.6814283132553101,-0.47870776057243347,-0.09407307952642441,0.17548660933971405,0.05865498515399493,-1.5106016468827979,1.6479415214728845,1.6485079445179165,-0.006556766795977767,0.0,0.18684418172584835,0.2001650257801955,-0.005758007478848359,0.01315581827415167,-0.00016502578019546982,0.005758007478848359,0.2,0.2,0.0,0.2738794268296081,-0.27545013818329367,False
0,868,0.05865498515399493,-1.5106016468827979,1.6479415214728845,1.6485079445179165,-0.006556766795977767,0.0,0.18684418172584835,0.2001650257801955,-0.005758007478848359,-0.23902717232704163,0.231252059340477,-0.7510324120521545,0.4190371036529541,0.4801168143749237,0.29009518027305603,0.05864410033919895,-1.5104738599912895,1.6478829903390768,1.6483865495362424,-0.006498420074548635,0.0,0.18691381782422722,0.20017459032938736,-0.005684681022821856,0.01308618217577279,-0.00017459032938735612,0.005684681022821856,0.2,0.2,0.0,0.2739323958671148,-0.2749917766172495,False
0,869,0.05864410033919895,-1.5104738599912895,1.6478829903390768,1.6483865495362424,-0.006498420074548635,0.0,0.18691381782422722,0.20017459032938736,-0.005684681022821856,0.8629242777824402,-0.6210179924964905,0.4415417015552521,0.5095269680023193,-0.22369353473186493,0.4690980613231659,0.05803819219543156,-1.5098973917936396,1.6459834714848416,1.64946019272858,-0.005285411018994578,0.0,0.18682744469379461,0.20018039062869636,-0.005911291491691867,0.0131725553062054,-0.00018039062869633425,0.005911291491691867,0.2,0.2,0.0,0.2738825044616215,-0.2728846763517549,False
0,870,0.05803819219543156,-1.5098973917936396,1.6459834714848416,1.64946019272858,-0.005285411018994578,0.0,0.18682744469379461,0.20018039062869636,-0.005911291491691867,0.00040851530502550304,-0.4296509325504303,0.1834295690059662,-0.6444752216339111,-0.07028166949748993,-0.21084773540496826,0.05803819219543156,-1.5098973917936396,1.6459834714848416,1.64946019272858,-0.005285411018994578,0.0,0.1861376237704599,0.20014052810186161,-0.005733651836830694,0.013862376229540133,-0.000140528101861605,0.005733651836830694,0.2,0.2,0.0,0.27337944460985236,-0.2633182475744698,False
0,871,0.05803819219543156,-1.5098973917936396,1.6459834714848416,1.64946019272858,-0.005285411018994578,0.0,0.1861376237704599,0.20014052810186161,-0.005733651836830694,0.003984661307185888,-0.30503392219543457,0.9833658337593079,0.5625922083854675,-0.6423383951187134,-0.8458333015441895,0.05814845221990532,-1.5141624785685022,1.6478848676773448,1.6432947918244918,-0.006038804472595922,0.0,0.18594415237569908,0.20012952400282927,-0.005669690147926287,0.01405584762430093,-0.00012952400282925018,0.005669690147926287,0.2,0.2,0.0,0.2732383566900696,-0.2704165982944138,False
0,872,0.05814845221990532,-1.5141624785685022,1.6478848676773448,1.6432947918244918,-0.006038804472595922,0.0,0.18594415237569908,0.20012952400282927,-0.005669690147926287,0.5650465488433838,-0.6271777153015137,0.10140480846166611,0.5727611184120178,-0.3441786766052246,0.4164262115955353,0.058182531200242436,-1.5142857540672297,1.6483800760683147,1.6437394448492249,-0.00638773760246499,0.0,0.18606611588168367,0.2001357615223748,-0.005610335317853807,0.013933884118316347,-0.00013576152237479606,0.005610335317853807,0.2,0.2,0.0,0.2733247123511077,-0.27505182557187074,False
0,873,0.058182531200242436,-1.5142857540672297,1.6483800760683147,1.6437394448492249,-0.00638773760246499,0.0,0.18606611588168367,0.2001357615223748,-0.005610335317853807,0.056473731994628906,-0.1008460521697998,-0.9497086405754089,-0.09686737507581711,-0.8724637627601624,0.22873364388942719,0.05848427892699237,-1.5146187068786892,1.6484229458608362,1.6440358580479413,-0.0065639667174122816,0.0,0.18606611588168367,0.2001357615223748,-0.005610335317853807,0.013933884118316347,-0.00013576152237479606,0.005610335317853807,0.2,0.2,0.0,0.2733247123511077,-0.2733247123511077,False
0,874,0.05848427892699237,-1.5146187068786892,1.6484229458608362,1.6440358580479413,-0.0065639667174122816,0.0,0.18606611588168367,0.2001357615223748,-0.005610335317853807,0.10606007277965546,0.15076114237308502,0.04472241550683975,-0.27157583832740784,0.7224730253219604,0.034133393317461014,0.05850966866997737,-1.5146054864153033,1.6482626652255654,1.6439664654756174,-0.00658637143216401,0.0,0.1860483404566175,0.20012695748540527,-0.005643159232504826,0.013951659543382521,-0.0001269574854052514,0.005643159232504826,0.2,0.2,0.0,0.2733068410141796,-0.27294941427561764,False
0,875,0.05850966866997737,-1.5146054864153033,1.6482626652255654,1.6439664654756174,-0.00658637143216401,0.0,0.1860483404566175,0.20012695748540527,-0.005643159232504826,0.92873215675354,-0.705029308795929,-0.5526669025421143,-0.07658984512090683,-0.4071786105632782,-0.3787219822406769,0.059079834016995215,-1.514997841349114,1.6479434171576828,1.643874649297109,-0.006703309028704895,0.0,0.1860180222281433,0.20012003148711396,-0.005653102236970575,0.013981977771856727,-0.00012003148711396423,0.005653102236970575,0.2,0.2,0.0,0.2732813370154924,-0.27277125704174787,False
0,876,0.059079834016995215,-1.514997841349114,1.6479434171576828,1.643874649297109,-0.006703309028704895,0.0,0.1860180222281433,0.20012003148711396,-0.005653102236970575,0.3158498704433441,-0.5032123327255249,-0.3018997311592102,0.382324755191803,-0.07420963048934937,0.25492388010025024,0.05960213703037082,-1.5154266690417502,1.647618559440612,1.6438814694045139,-0.006927199944307233,0.0,0.18587116447667548,0.20008838113964045,-0.005745928227159754,0.014128835523324536,-8.838113964043345e-05,0.005745928227159754,0.2,0.2,0.0,0.27316014669455174,-0.2707363402757386,False
0,877,0.05960213703037082,-1.5154266690417502,1.647618559440612,1.6438814694045139,-0.006927199944307233,0.0,0.18587116447667548,0.20008838113964045,-0.005745928227159754,0.432906836271286,0.6118870973587036,0.8357359766960144,-0.025319278240203857,-0.8446069955825806,-0.592322587966919,0.05984567082419562,-1.5156689618497914,1.6475311906655512,1.6441265986463816,-0.00707093669805101,0.0,0.18589570001948283,0.20008174250121935,-0.005746377759753889,0.014104299980517182,-8.174250121934813e-05,0.005746377759753889,0.2,0.2,0.0,0.2731719894597826,-0.27340884476439986,False
0,878,0.05984567082419562,-1.5156689618497914,1.6475311906655512,1.6441265986463816,-0.00707093669805101,0.0,0.18589570001948283,0.20008174250121935,-0.005746377759753889,-0.3889651596546173,-0.9708382487297058,0.4703463613986969,-0.20326921343803406,0.2089235782623291,-0.7747777104377747,0.05992165067234212,-1.515557210828297,1.6476820145836915,1.6441202284777983,-0.007221637209382846,0.0,0.1861255441644939,0.20008179122671557,-0.005569666121516281,0.013874455835506113,-8.179122671556809e-05,0.005569666121516281,0.2,0.2,0.0,0.2733248297387655,-0.2763816353184231,False
0,879,0.05992165067234212,-1.515557210828297,1.6476820145836915,1.6441202284777983,-0.007221637209382846,0.0,0.1861255441644939,0.20008179122671557,-0.005569666121516281,-0.5389029383659363,0.6844874620437622,-0.5279132127761841,-0.028637567535042763,-0.7846053242683411,0.47853976488113403,0.05998261076835379,-1.5158736578141612,1.6493101176797267,1.6438373720737125,-0.008049953163663992,0.0,0.18607505033033903,0.20008795542241922,-0.00553683229361129,0.013924949669660982,-8.795542241921616e-05,0.00553683229361129,0.2,0.2,0.0,0.2732942933403656,-0.2726835653723677,False
0,880,0.05998261076835379,-1.5158736578141612,1.6493101176797267,1.6438373720737125,-0.008049953163663992,0.0,0.18607505033033903,0.20008795542241922,-0.00553683229361129,0.284649521112442,0.10103911906480789,0.8475757837295532,0.3033280372619629,-0.9107703566551208,-0.8638275265693665,0.05998261076835379,-1.5158736578141612,1.6493101176797267,1.6438373720737125,-0.008049953163663992,0.0,0.18624278629051366,0.20009716980418066,-0.005416592516020034,0.013757213709486352,-9.716980418065136e-05,0.005416592516020034,0.2,0.2,0.0,0.27341286049376257,-0.2757842035617021,False
0,881,0.05998261076835379,-1.5158736578141612,1.6493101176797267,1.6438373720737125,-0.008049953163663992,0.0,0.18624278629051366,0.20009716980418066,-0.005416592516020034,-0.2100195735692978,-0.7770915031433105,0.6481201648712158,0.6683206558227539,-0.3637951612472534,0.14772585034370422,0.05998261076835379,-1.5158736578141612,1.6493101176797267,1.6438373720737125,-0.008049953163663992,0.0,0.18668978214901324,0.20010435301645357,-0.005111566424225614,0.013310217850986763,-0.00010435301645356926,0.005111566424225614,0.2,0.2,0.0,0.2737169248809594,-0.27979821262489585,False
0,882,0.05998261076835379,-1.5158736578141612,1.6493101176797267,1.6438373720737125,-0.008049953163663992,0.0,0.18668978214901324,0.20010435301645357,-0.005111566424225614,-0.3859843909740448,-0.7286843061447144,0.4301426410675049,0.5215141773223877,0.7537131309509277,-0.48076239228248596,0.05998261076835379,-1.5158736578141612,1.6493101176797267,1.6438373720737125,-0.008049953163663992,0.0,0.1871156318801931,0.2001501429379169,-0.00487906267110896,0.012884368119806915,-0.00015014293791687256,0.00487906267110896,0.2,0.2,0.0,0.2740367578711679,-0.2804334176753377,False
0,883,0.05998261076835379,-1.5158736578141612,1.6493101176797267,1.6438373720737125,-0.008049953163663992,0.0,0.1871156318801931,0.2001501429379169,-0.00487906267110896,-0.6214298605918884,0.25193142890930176,-0.5067160129547119,-0.1065760999917984,0.09549716860055923,-0.41291293501853943,0.060115812019262256,-1.5185430157392457,1.6553077334377155,1.6478645410295802,-0.013456747552379744,0.0,0.18718933412331396,0.20016121206586315,-0.004843054747185854,0.012810665876686052,-0.00016121206586314674,0.004843054747185854,0.2,0.2,0.0,0.2740945326059777,-0.2752500273021744,False
0,884,0.060115812019262256,-1.5185430157392457,1.6553077334377155,1.6478645410295802,-0.013456747552379744,0.0,0.18718933412331396,0.20016121206586315,-0.004843054747185854,0.5619540214538574,-0.3660730719566345,-0.4012015759944916,0.4032514989376068,0.2804322838783264,0.08807118237018585,0.05978931730395339,-1.519457089273186,1.655670004949938,1.6485803905151495,-0.013406124461791322,0.0,0.18716608457630407,0.20016104088368492,-0.004870513205957772,0.01283391542369593,-0.0001610408836848976,0.004870513205957772,0.2,0.2,0.0,0.27407901671261486,-0.27376869884535787,False
0,885,0.05978931730395339,-1.519457089273186,1.655670004949938,1.6485803905151495,-0.013406124461791322,0.0,0.18716608457630407,0.20016104088368492,-0.004870513205957772,-0.23694229125976562,-0.6759185194969177,-0.6808385848999023,-0.3058303892612457,-0.4650300145149231,0.534619152545929,0.0599368500518877,-1.5198348879937609,1.655259759840974,1.6486247573809931,-0.013459789084901957,0.0,0.18716608457630407,0.20016104088368492,-0.004870513205957772,0.01283391542369593,-0.0001610408836848976,0.004870513205957772,0.2,0.2,0.0,0.27407901671261486,-0.27407901671261486,False
0,886,0.0599368500518877,-1.5198348879937609,1.655259759840974,1.6486247573809931,-0.013459789084901957,0.0,0.18716608457630407,0.20016104088368492,-0.004870513205957772,-0.5070265531539917,0.10227854549884796,-0.4548575282096863,0.4065655469894409,-0.3471074402332306,0.545682430267334,0.0599368500518877,-1.5198348879937609,1.655259759840974,1.6486247573809931,-0.013459789084901957,0.0,0.18680920711770133,0.2001444124125886,-0.005074844253948333,0.013190792882298692,-0.00014441241258857692,0.005074844253948333,0.2,0.2,0.0,0.2738269886773881,-0.26878642797285246,False
0,887,0.0599368500518877,-1.5198348879937609,1.655259759840974,1.6486247573809931,-0.013459789084901957,0.0,0.18680920711770133,0.2001444124125886,-0.005074844253948333,-0.44777345657348633,0.7400327920913696,0.453530490398407,-0.11724873632192612,-0.5081531405448914,-0.1338033229112625,0.0599368500518877,-1.5198348879937609,1.655259759840974,1.6486247573809931,-0.013459789084901957,0.0,0.18655124510231946,0.20014581480179244,-0.005255105119974009,0.013448754897680552,-0.00014581480179242604,0.005255105119974009,0.2,0.2,0.0,0.27365549576378156,-0.2702256374916512,False
0,888,0.0599368500518877,-1.5198348879937609,1.655259759840974,1.6486247573809931,-0.013459789084901957,0.0,0.18655124510231946,0.20014581480179244,-0.005255105119974009,-0.11025889962911606,-0.25622713565826416,-0.0598258376121521,0.20720486342906952,-0.3319093585014343,0.09208859503269196,0.05917008751093605,-1.521668572200797,1.6533154631234837,1.6478392758641054,-0.014815831479735567,0.0,0.18655124510231946,0.20014581480179244,-0.005255105119974009,0.013448754897680552,-0.00014581480179242604,0.005255105119974009,0.2,0.2,0.0,0.27365549576378156,-0.27365549576378156,False
0,889,0.05917008751093605,-1.521668572200797,1.6533154631234837,1.6478392758641054,-0.014815831479735567,0.0,0.18655124510231946,0.20014581480179244,-0.005255105119974009,-0.03049321286380291,0.5253217220306396,-0.5663138628005981,-0.45660439133644104,0.43634024262428284,0.8508014678955078,0.05917008751093605,-1.521668572200797,1.6533154631234837,1.6478392758641054,-0.014815831479735567,0.0,0.1866235396271422,0.2001607188089094,-0.005228216368575355,0.0133764603728578,-0.0001607188089093836,0.005228216368575355,0.2,0.2,0.0,0.2737151679090135,-0.2749086108136525,False
0,890,0.05917008751093605,-1.521668572200797,1.6533154631234837,1.6478392758641054,-0.014815831479735567,0.0,0.1866235396271422,0.2001607188089094,-0.005228216368575355,0.33481690287590027,-0.49149802327156067,0.14666847884655,0.35951459407806396,-0.2750883102416992,-0.3647097647190094,0.05917008751093605,-1.521668572200797,1.6533154631234837,1.6478392758641054,-0.014815831479735567,0.0,0.1864397901270984,0.20008656181057694,-0.0054104527598481285,0.013560209872901591,-8.656181057692511e-05,0.0054104527598481285,0.2,0.2,0.0,0.2735392121047381,-0.2700200960192295,False
0,891,0.05917008751093605,-1.521668572200797,1.6533154631234837,1.6478392758641054,-0.014815831479735567,0.0,0.1864397901270984,0.20008656181057694,-0.0054104527598481285,-0.12425348162651062,0.625517725944519,-0.3726294934749603,-0.3822634816169739,-0.444193571805954,-0.7009216547012329,0.05917008751093605,-1.521668572200797,1.6533154631234837,1.6478392758641054,-0.014815831479735567,0.0,0.1864489919568984,0.2000788422007164,-0.005415364491568899,0.013551008043101609,-7.884220071639162e-05,0.005415364491568899,0.2,0.2,0.0,0.2735399346908953,-0.2735543864140402,False
0,892,0.05917008751093605,-1.521668572200797,1.6533154631234837,1.6478392758641054,-0.014815831479735567,0.0,0.1864489919568984,0.2000788422007164,-0.005415364491568899,-0.0778651237487793,-0.34682267904281616,0.5243526697158813,0.021757688373327255,0.011591262184083462,0.03495510667562485,0.05917008751093605,-1.521668572200797,1.6533154631234837,1.6478392758641054,-0.014815831479735567,0.0,0.18601149777431775,0.20011090375870638,-0.0056402250721908215,0.013988502225682264,-0.0001109037587063808,0.0056402250721908215,0.2,0.2,0.0,0.273269945742733,-0.2678701667794865,False
0,893,0.05917008751093605,-1.521668572200797,1.6533154631234837,1.6478392758641054,-0.014815831479735567,0.0,0.18601149777431775,0.20011090375870638,-0.0056402250721908215,0.5208479166030884,0.3555934429168701,-0.25525611639022827,-0.060250911861658096,0.055161744356155396,0.6549835205078125,0.05917008751093605,-1.521668572200797,1.6533154631234837,1.6478392758641054,-0.014815831479735567,0.0,0.18601149777431775,0.20011090375870638,-0.0056402250721908215,0.013988502225682264,-0.0001109037587063808,0.0056402250721908215,0.2,0.2,0.0,0.273269945742733,-0.273269945742733,False
0,894,0.05917008751093605,-1.521668572200797,1.6533154631234837,1.6478392758641054,-0.014815831479735567,0.0,0.18601149777431775,0.20011090375870638,-0.0056402250721908215,0.799857497215271,0.7041614055633545,0.7891554236412048,-0.010254791006445885,0.03984520584344864,-0.4326683282852173,0.05917008751093605,-1.521668572200797,1.6533154631234837,1.6478392758641054,-0.014815831479735567,0.0,0.1859957502783475,0.2001119522056447,-0.005646445904736525,0.014004249721652522,-0.00011195220564470581,0.005646445904736525,0.2,0.2,0.0,0.27326012312175146,-0.27306367070212073,False
0,895,0.05917008751093605,-1.521668572200797,1.6533154631234837,1.6478392758641054,-0.014815831479735567,0.0,0.1859957502783475,0.2001119522056447,-0.005646445904736525,-0.6268435120582581,-0.6175371408462524,0.6781986951828003,0.32142913341522217,-0.8570362329483032,0.6976988315582275,0.05917008751093605,-1.521668572200797,1.6533154631234837,1.6478392758641054,-0.014815831479735567,0.0,0.1859957502783475,0.2001119522056447,-0.005646445904736525,0.014004249721652522,-0.00011195220564470581,0.005646445904736525,0.2,0.2,0.0,0.27326012312175146,-0.27326012312175146,False
0,896,0.05917008751093605,-1.521668572200797,1.6533154631234837,1.6478392758641054,-0.014815831479735567,0.0,0.1859957502783475,0.2001119522056447,-0.005646445904736525,0.7649516463279724,0.5400285720825195,-0.14259135723114014,-0.16870445013046265,0.24324561655521393,-0.7061527371406555,0.05917008751093605,-1.521668572200797,1.6533154631234837,1.6478392758641054,-0.014815831479735567,0.0,0.18604469332536896,0.20010453098751452,-0.005618227674204838,0.013955306674631036,-0.00010453098751450846,0.005618227674204838,0.2,0.2,0.0,0.27328742327165906,-0.27383342626981094,False
0,897,0.05917008751093605,-1.521668572200797,1.6533154631234837,1.6478392758641054,-0.014815831479735567,0.0,0.18604469332536896,0.20010453098751452,-0.005618227674204838,0.3280656039714813,0.5327662229537964,0.43523114919662476,0.331142395734787,0.5391364097595215,-0.554205060005188,0.05917008751093605,-1.521668572200797,1.6533154631234837,1.6478392758641054,-0.014815831479735567,0.0,0.1860631688107635,0.20009212770007676,-0.005610521720110076,0.013936831189236509,-9.212770007673715e-05,0.005610521720110076,0.2,0.2,0.0,0.27329076147835357,-0.27335752561224386,False
0,898,0.05917008751093605,-1.521668572200797,1.6533154631234837,1.6478392758641054,-0.014815831479735567,0.0,0.1860631688107635,0.20009212770007676,-0.005610521720110076,-0.2164461612701416,-0.8067505359649658,0.05747460573911667,0.7429475784301758,0.5923133492469788,-0.49977344274520874,0.05917008751093605,-1.521668572200797,1.6533154631234837,1.6478392758641054,-0.014815831479735567,0.0,0.18610171642355375,0.20006707630300077,-0.005594096052553812,0.013898283576446263,-6.707630300077378e-05,0.005594096052553812,0.2,0.2,0.0,0.2732983311088246,-0.2734497237182456,False
0,899,0.05917008751093605,-1.521668572200797,1.6533154631234837,1.6478392758641054,-0.014815831479735567,0.0,0.18610171642355375,0.20006707630300077,-0.005594096052553812,-0.4574739336967468,0.3429076075553894,0.37623634934425354,0.8174840211868286,-0.9575257897377014,-0.2957514524459839,0.05917008751093605,-1.521668572200797,1.6533154631234837,1.6478392758641054,-0.014815831479735567,0.0,0.1861338761398548,0.20007153852774132,-0.005592127011807949,0.013866123860145203,-7.153852774129717e-05,0.005592127011807949,0.2,0.2,0.0,0.27332345720815926,-0.273825979194852,False
0,900,0.05917008751093605,-1.521668572200797,1.6533154631234837,1.6478392758641054,-0.014815831479735567,0.0,0.1861338761398548,0.20007153852774132,-0.005592127011807949,-0.060846712440252304,0.32509446144104004,-0.3938891887664795,0.44599324464797974,0.09486950188875198,0.01645885780453682,0.05917008751093605,-1.521668572200797,1.6533154631234837,1.6478392758641054,-0.014815831479735567,0.0,0.18627393743588286,0.20008965741600965,-0.0056259364517149135,0.01372606256411715,-8.965741600964539e-05,0.0056259364517149135,0.2,0.2,0.0,0.27343281063852237,-0.2756198792457846,False
0,901,0.05917008751093605,-1.521668572200797,1.6533154631234837,1.6478392758641054,-0.014815831479735567,0.0,0.18627393743588286,0.20008965741600965,-0.0056259364517149135,0.3599344491958618,-0.7403503656387329,-0.4967254102230072,-0.1334109753370285,-0.622607409954071,-0.06654804944992065,0.06056655036541075,-1.5142613595550787,1.6486754667476853,1.6451279532025918,-0.02002806106191406,0.0,0.1855717013511065,0.2000086805082088,-0.006022569542083439,0.014428298648893504,-8.680508208784251e-06,0.006022569542083439,0.2,0.2,0.0,0.27290401236491235,-0.26232804689271194,False
0,902,0.06056655036541075,-1.5142613595550787,1.6486754667476853,1.6451279532025918,-0.02002806106191406,0.0,0.1855717013511065,0.2000086805082088,-0.006022569542083439,0.7382834553718567,0.7050638794898987,0.11772260814905167,-0.5404441356658936,-0.22974099218845367,-0.475417822599411,0.06271335779446739,-1.519626304039546,1.6463776031243709,1.6452830022425509,-0.022484942637198465,0.0,0.1855717013511065,0.2000086805082088,-0.006022569542083439,0.014428298648893504,-8.680508208784251e-06,0.006022569542083439,0.2,0.2,0.0,0.27290401236491235,-0.27290401236491235,False
0,903,0.06271335779446739,-1.519626304039546,1.6463776031243709,1.6452830022425509,-0.022484942637198465,0.0,0.1855717013511065,0.2000086805082088,-0.006022569542083439,0.431050181388855,-0.17726874351501465,-0.9216798543930054,0.7399735450744629,0.8978901505470276,-0.22988979518413544,0.06498585300151231,-1.516613587629868,1.6470399272646543,1.643423307450095,-0.022988865252296823,0.0,0.1856028879346368,0.19993391114654602,-0.00583853900168237,0.014397112065363205,6.608885345399048e-05,0.00583853900168237,0.2,0.2,0.0,0.2728664313793591,-0.2721148116682945,False
0,904,0.06498585300151231,-1.516613587629868,1.6470399272646543,1.643423307450095,-0.022988865252296823,0.0,0.1856028879346368,0.19993391114654602,-0.00583853900168237,0.7337390184402466,0.3874048888683319,0.7460659146308899,-0.0323791578412056,-0.1876813769340515,-0.6822973489761353,0.06513465656164677,-1.516619802062733,1.6469607766748093,1.6435641708054292,-0.022848054568948572,0.0,0.1856483690612594,0.19992752056641694,-0.005819164055409911,0.014351630938740628,7.247943358306948e-05,0.005819164055409911,0.2,0.2,0.0,0.2728922737734515,-0.27340912165529885,False
0,905,0.06513465656164677,-1.516619802062733,1.6469607766748093,1.6435641708054292,-0.022848054568948572,0.0,0.1856483690612594,0.19992752056641694,-0.005819164055409911,-0.006100526545196772,-0.5527790784835815,0.7095303535461426,0.5891188979148865,-0.15940353274345398,0.08492502570152283,0.06594725981639761,-1.5162199276555097,1.6478403350560742,1.6435570237564108,-0.023073603271739605,0.0,0.1856483690612594,0.19992752056641694,-0.005819164055409911,0.014351630938740628,7.247943358306948e-05,0.005819164055409911,0.2,0.2,0.0,0.2728922737734515,-0.2728922737734515,False
0,906,0.06594725981639761,-1.5162199276555097,1.6478403350560742,1.6435570237564108,-0.023073603271739605,0.0,0.1856483690612594,0.19992752056641694,-0.005819164055409911,0.2620895206928253,-0.749940037727356,-0.7150701284408569,0.6332313418388367,0.38279926776885986,0.20247745513916016,0.06599803012781874,-1.5165663781403134,1.6478672261662628,1.6438814367952825,-0.02302625280817047,0.0,0.18577904695574438,0.19992101256921574,-0.005715232339164818,0.014220953044255625,7.898743078427976e-05,0.005715232339164818,0.2,0.2,0.0,0.27297422851832703,-0.27461332341583794,False
0,907,0.06599803012781874,-1.5165663781403134,1.6478672261662628,1.6438814367952825,-0.02302625280817047,0.0,0.18577904695574438,0.19992101256921574,-0.005715232339164818,-0.22405105829238892,0.04903161898255348,-0.3600630462169647,0.4449399709701538,-0.048862192779779434,0.832043468952179,0.066141250991964,-1.5170769824294006,1.6472769396488434,1.6444248837890758,-0.02276961733149535,0.0,0.18573728900623895,0.1999140636776069,-0.005790691093647025,0.014262710993761054,8.593632239312565e-05,0.005790691093647025,0.2,0.2,0.0,0.2729423116462954,-0.2723039742056627,False
0,908,0.066141250991964,-1.5170769824294006,1.6472769396488434,1.6444248837890758,-0.02276961733149535,0.0,0.18573728900623895,0.1999140636776069,-0.005790691093647025,0.17817072570323944,0.8241338133811951,0.3498067259788513,-0.9089223146438599,-0.4462602138519287,-0.6266184449195862,0.06607864677740798,-1.5169006943200816,1.6472010422468106,1.6444361600159378,-0.02287392964774703,0.0,0.18571584542663797,0.1999142109002094,-0.005865244871260566,0.014284154573362042,8.578909979062017e-05,0.005865244871260566,0.2,0.2,0.0,0.27292941955711575,-0.27267157777352274,False
0,909,0.06607864677740798,-1.5169006943200816,1.6472010422468106,1.6444361600159378,-0.02287392964774703,0.0,0.18571584542663797,0.1999142109002094,-0.005865244871260566,-0.2672930955886841,0.6729418039321899,-0.5023062825202942,0.5402017831802368,-0.1848115175962448,-0.7031099796295166,0.06604654120591702,-1.516598118653332,1.6471429881105668,1.6444062769321006,-0.022994923392065162,0.0,0.18572805344331672,0.1999141625618688,-0.0058402261407842215,0.014271946556683276,8.58374381312167e-05,0.0058402261407842215,0.2,0.2,0.0,0.2729371547994745,-0.27309185964664956,False
0,910,0.06604654120591702,-1.516598118653332,1.6471429881105668,1.6444062769321006,-0.022994923392065162,0.0,0.18572805344331672,0.1999141625618688,-0.0058402261407842215,-0.9068789482116699,-0.8658900260925293,0.1657438576221466,-0.5288392901420593,0.9194261431694031,0.5589165687561035,0.06604654120591702,-1.516598118653332,1.6471429881105668,1.6444062769321006,-0.022994923392065162,0.0,0.18519873407916643,0.20000315527927034,-0.0058382052622314995,0.014801265920833584,-3.1552792703441745e-06,0.0058382052622314995,0.2,0.2,0.0,0.272642472602626,-0.2667488286656554,False
0,911,0.06604654120591702,-1.516598118653332,1.6471429881105668,1.6444062769321006,-0.022994923392065162,0.0,0.18519873407916643,0.20000315527927034,-0.0058382052622314995,0.5056171417236328,0.1990550011396408,0.5430716872215271,0.27582141757011414,0.7630478143692017,-0.5241609811782837,0.06087686151689865,-1.520784832772617,1.6476385626759749,1.6419619377066885,-0.018122016324271788,0.0,0.18519873407916643,0.20000315527927034,-0.0058382052622314995,0.014801265920833584,-3.1552792703441745e-06,0.0058382052622314995,0.2,0.2,0.0,0.272642472602626,-0.272642472602626,False
0,912,0.06087686151689865,-1.520784832772617,1.6476385626759749,1.6419619377066885,-0.018122016324271788,0.0,0.18519873407916643,0.20000315527927034,-0.0058382052622314995,-0.14571122825145721,-0.8135321140289307,0.28700149059295654,-0.12534019351005554,-0.9820225834846497,0.5188687443733215,0.060983104595033116,-1.520819151449184,1.6477660859747183,1.642012358716478,-0.01813614174898936,0.0,0.18515985655030653,0.20000968291534432,-0.005815566362667321,0.014840143449693463,-9.682915344321505e-06,0.005815566362667321,0.2,0.2,0.0,0.272620370753444,-0.272178333769804,False
0,913,0.060983104595033116,-1.520819151449184,1.6477660859747183,1.642012358716478,-0.01813614174898936,0.0,0.18515985655030653,0.20000968291534432,-0.005815566362667321,-0.28725528717041016,-0.6927131414413452,0.18486352264881134,0.02930164709687233,0.37400418519973755,0.09660238772630692,0.0608584094348599,-1.5214931412694526,1.647999768649524,1.6419065466904261,-0.018950708652306317,0.0,0.18510167898798385,0.20001049637828064,-0.005792263078621275,0.014898321012016165,-1.0496378280639806e-05,0.005792263078621275,0.2,0.2,0.0,0.2725809614357334,-0.271792775081522,False
0,914,0.0608584094348599,-1.5214931412694526,1.647999768649524,1.6419065466904261,-0.018950708652306317,0.0,0.18510167898798385,0.20001049637828064,-0.005792263078621275,0.43333014845848083,0.712981104850769,-0.6739468574523926,0.2648988366127014,-0.21597662568092346,0.6260424256324768,0.060739160594267316,-1.5221893783206308,1.6482132333960815,1.6418150794710997,-0.01978462999261379,0.0,0.18507103189742646,0.2000092224846494,-0.005794465525378944,0.014928968102573544,-9.22248464937719e-06,0.005794465525378944,0.2,0.2,0.0,0.2725592628351071,-0.2721252908225814,False
0,915,0.060739160594267316,-1.5221893783206308,1.6482132333960815,1.6418150794710997,-0.01978462999261379,0.0,0.18507103189742646,0.2000092224846494,-0.005794465525378944,-0.36082860827445984,0.886824369430542,-0.7779923677444458,0.28890740871429443,0.720535397529602,-0.1123933419585228,0.060739160594267316,-1.5221893783206308,1.6482132333960815,1.6418150794710997,-0.01978462999261379,0.0,0.18507103189742646,0.2000092224846494,-0.005794465525378944,0.014928968102573544,-9.22248464937719e-06,0.005794465525378944,0.2,0.2,0.0,0.2725592628351071,-0.2725592628351071,False
0,916,0.060739160594267316,-1.5221893783206308,1.6482132333960815,1.6418150794710997,-0.01978462999261379,0.0,0.18507103189742646,0.2000092224846494,-0.005794465525378944,0.3151780366897583,-0.5352376699447632,0.7877366542816162,0.45428115129470825,0.6799932718276978,0.16966018080711365,0.060739160594267316,-1.5221893783206308,1.6482132333960815,1.6418150794710997,-0.01978462999261379,0.0,0.1850834348494123,0.1999985855133617,-0.005976949593498426,0.014916565150587698,1.4144866383104153e-06,0.005976949593498426,0.2,0.2,0.0,0.27256382003018176,-0.27265496393167454,False
0,917,0.060739160594267316,-1.5221893783206308,1.6482132333960815,1.6418150794710997,-0.01978462999261379,0.0,0.1850834348494123,0.1999985855133617,-0.005976949593498426,-0.8520828485488892,0.5087785720825195,0.6561862230300903,-0.2837483584880829,-0.4596514105796814,0.6221941709518433,0.061387280760682096,-1.520740456536423,1.6468832415699697,1.6423341517796033,-0.019928436450749026,0.0,0.1850834348494123,0.1999985855133617,-0.005976949593498426,0.014916565150587698,1.4144866383104153e-06,0.005976949593498426,0.2,0.2,0.0,0.27256382003018176,-0.27256382003018176,False
0,918,0.061387280760682096,-1.520740456536423,1.6468832415699697,1.6423341517796033,-0.019928436450749026,0.0,0.1850834348494123,0.1999985855133617,-0.005976949593498426,0.03252970427274704,0.40892934799194336,0.36383500695228577,-0.5532761812210083,-0.3878485858440399,0.007738469168543816,0.0608870050997444,-1.5197965943157143,1.64638769317014,1.6424791640163057,-0.019314835516031383,0.0,0.18511214158522146,0.20000951418515084,-0.006001840487354193,0.014887858414778559,-9.514185150829744e-06,0.006001840487354193,0.2,0.2,0.0,0.272591879585733,-0.2731530706967578,False
0,919,0.0608870050997444,-1.5197965943157143,1.64638769317014,1.6424791640163057,-0.019314835516031383,0.0,0.18511214158522146,0.20000951418515084,-0.006001840487354193,-0.322835236787796,0.5986294746398926,-0.41377881169319153,-0.5895014405250549,0.5199058055877686,-0.7056381702423096,0.06084986633293552,-1.5195342129531044,1.646469458104744,1.642144041311381,-0.019389205390256577,0.0,0.18511991201335493,0.20000967451818377,-0.00595892167901935,0.014880087986645099,-9.674518183759345e-06,0.00595892167901935,0.2,0.2,0.0,0.27259633246300063,-0.27268539000835335,False
0,920,0.06084986633293552,-1.5195342129531044,1.646469458104744,1.642144041311381,-0.019389205390256577,0.0,0.18511991201335493,0.20000967451818377,-0.00595892167901935,0.2004009485244751,0.9754250049591064,-0.633542537689209,-0.5799986124038696,-0.006566530559211969,-0.027520805597305298,0.06084986633293552,-1.5195342129531044,1.646469458104744,1.642144041311381,-0.019389205390256577,0.0,0.1846383375719414,0.199951832531272,-0.006282963700045094,0.015361662428058614,4.8167468728021134e-05,0.006282963700045094,0.2,0.2,0.0,0.2722343230872994,-0.2649941355732745,False
0,921,0.06084986633293552,-1.5195342129531044,1.646469458104744,1.642144041311381,-0.019389205390256577,0.0,0.1846383375719414,0.199951832531272,-0.006282963700045094,0.6178172826766968,-0.3280121088027954,-0.16843748092651367,-0.24412931501865387,0.7503006458282471,-0.5340747237205505,0.06084986633293552,-1.5195342129531044,1.646469458104744,1.642144041311381,-0.019389205390256577,0.0,0.18436918888967674,0.1999034062915046,-0.006445962611452364,0.015630811110323273,9.659370849539382e-05,0.006445962611452364,0.2,0.2,0.0,0.27202007295927977,-0.26773507039888733,False
0,922,0.06084986633293552,-1.5195342129531044,1.646469458104744,1.642144041311381,-0.019389205390256577,0.0,0.18436918888967674,0.1999034062915046,-0.006445962611452364,0.3674202859401703,0.08096081763505936,-0.5397813320159912,0.18933238089084625,0.2197556495666504,0.6642608642578125,0.06572757075405966,-1.513358960454687,1.6402859927636504,1.6360463323932826,-0.015128071415515167,0.0,0.1841343920709605,0.19982698231581977,-0.006489838113332494,0.015865607929039523,0.0001730176841802251,0.006489838113332494,0.2,0.2,0.0,0.271805841003328,-0.26752120188429257,False
0,923,0.06572757075405966,-1.513358960454687,1.6402859927636504,1.6360463323932826,-0.015128071415515167,0.0,0.1841343920709605,0.19982698231581977,-0.006489838113332494,0.5865339040756226,0.5669345855712891,0.2167135775089264,0.2972339689731598,0.56024169921875,0.48710551857948303,0.06572757075405966,-1.513358960454687,1.6402859927636504,1.6360463323932826,-0.015128071415515167,0.0,0.18405600846036152,0.1997890145252289,-0.00676081731930369,0.015943991539638477,0.00021098547477109853,0.00676081731930369,0.2,0.2,0.0,0.2717314358445629,-0.27024333266926065,False
0,924,0.06572757075405966,-1.513358960454687,1.6402859927636504,1.6360463323932826,-0.015128071415515167,0.0,0.18405600846036152,0.1997890145252289,-0.00676081731930369,-0.4163384437561035,0.008271154947578907,-0.21221014857292175,0.7016366720199585,0.1544359177350998,-0.2030612826347351,0.06692654437759311,-1.5137215521160696,1.638764218989431,1.6380926624682781,-0.014514936797014419,0.0,0.18410012068883708,0.1997828889571406,-0.006770514317310211,0.01589987931116292,0.0002171110428594086,0.006770514317310211,0.2,0.2,0.0,0.27175705514636866,-0.27226944118248425,False
0,925,0.06692654437759311,-1.5137215521160696,1.638764218989431,1.6380926624682781,-0.014514936797014419,0.0,0.18410012068883708,0.1997828889571406,-0.006770514317310211,-0.06217755004763603,-0.0839446410536766,-0.16892403364181519,-0.12526866793632507,0.6813949346542358,0.01793224737048149,0.06667304370455697,-1.5137270671093501,1.6386479886257286,1.638404541168793,-0.014322994999409913,0.0,0.18412927361321285,0.1997923334233602,-0.00679356642416892,0.015870726386787156,0.00020766657663980179,0.00679356642416892,0.2,0.2,0.0,0.27178432339051517,-0.2723296882734453,False
0,926,0.06667304370455697,-1.5137270671093501,1.6386479886257286,1.638404541168793,-0.014322994999409913,0.0,0.18412927361321285,0.1997923334233602,-0.00679356642416892,-0.40995797514915466,0.6878838539123535,0.09053556621074677,-0.15480011701583862,0.32627201080322266,0.9336667060852051,0.06655005351410244,-1.5136017939863622,1.6385921969062662,1.6383031055987396,-0.013927591532917337,0.0,0.18411597664360055,0.19979495285116006,-0.006798236511233954,0.01588402335639946,0.0002050471488399474,0.006798236511233954,0.2,0.2,0.0,0.27177735751877274,-0.2716380400839242,False
0,927,0.06655005351410244,-1.5136017939863622,1.6385921969062662,1.6383031055987396,-0.013927591532917337,0.0,0.18411597664360055,0.19979495285116006,-0.006798236511233954,0.5072897672653198,0.6402401924133301,0.5253104567527771,0.03909899294376373,0.6427212953567505,0.5536785125732422,0.0665661214999429,-1.5130940685271057,1.6388179343758291,1.638255562148973,-0.013571070513977459,0.0,0.18418811243942568,0.19979933340753125,-0.00675244431340033,0.015811887560574348,0.00020066659246875456,0.00675244431340033,0.2,0.2,0.0,0.27182830959688126,-0.2728473511590515,False
0,928,0.0665661214999429,-1.5130940685271057,1.6388179343758291,1.638255562148973,-0.013571070513977459,0.0,0.18418811243942568,0.19979933340753125,-0.00675244431340033,-0.04866626858711243,0.5300029516220093,0.475808322429657,0.7041324973106384,0.9565465450286865,-0.5607030391693115,0.06698272311846841,-1.5125467901371885,1.639274905482878,1.6383315447330447,-0.012991805772848095,0.0,0.18418811243942568,0.19979933340753125,-0.00675244431340033,0.015811887560574348,0.00020066659246875456,0.00675244431340033,0.2,0.2,0.0,0.27182830959688126,-0.27182830959688126,False
0,929,0.06698272311846841,-1.5125467901371885,1.639274905482878,1.6383315447330447,-0.012991805772848095,0.0,0.18418811243942568,0.19979933340753125,-0.00675244431340033,-0.11324978619813919,0.4039345979690552,-0.31899499893188477,0.39856913685798645,-0.4443315863609314,0.37666499614715576,0.06692254756364222,-1.5122549530122102,1.639293600594552,1.6386784567115666,-0.012879320072086791,0.0,0.18433395941431546,0.1997980776040779,-0.006669719394179985,0.015666040585684556,0.0002019223959221283,0.006669719394179985,0.2,0.2,0.0,0.2719241908408311,-0.2738418157198276,False
0,930,0.06692254756364222,-1.5122549530122102,1.639293600594552,1.6386784567115666,-0.012879320072086791,0.0,0.18433395941431546,0.1997980776040779,-0.006669719394179985,-0.62078857421875,0.909722089767456,0.3764979839324951,-0.21838843822479248,0.6035779714584351,-0.13862314820289612,0.06692254756364222,-1.5122549530122102,1.639293600594552,1.6386784567115666,-0.012879320072086791,0.0,0.18446512600459364,0.1998196991157873,-0.006648411533897461,0.015534873995406366,0.00018030088421270587,0.006648411533897461,0.2,0.2,0.0,0.27202848424850373,-0.27411435240195675,False
0,931,0.06692254756364222,-1.5122549530122102,1.639293600594552,1.6386784567115666,-0.012879320072086791,0.0,0.18446512600459364,0.1998196991157873,-0.006648411533897461,-0.2443351447582245,-0.9759364128112793,-0.2811841666698456,-0.5287352204322815,0.26879817247390747,-0.36632445454597473,0.0654207300453824,-1.510021260324249,1.6399892383811026,1.6383317233317125,-0.011689557365429298,0.0,0.18462251050949863,0.19985395404072548,-0.006530841851375063,0.01537748949050138,0.0001460459592745433,0.006530841851375063,0.2,0.2,0.0,0.2721575393551132,-0.274738641487303,False
0,932,0.0654207300453824,-1.510021260324249,1.6399892383811026,1.6383317233317125,-0.011689557365429298,0.0,0.18462251050949863,0.19985395404072548,-0.006530841851375063,-0.32533201575279236,-0.20756801962852478,0.5718823075294495,0.21156881749629974,0.6833509206771851,0.8333426117897034,0.06480567612999513,-1.513266338211763,1.6390864735692365,1.6367547898910504,-0.010945792251572342,0.0,0.18403615384811567,0.19983718488189753,-0.006686343948304169,0.015963846151884346,0.0001628151181024954,0.006686343948304169,0.2,0.2,0.0,0.2717515659202795,-0.2636320972236049,False
0,933,0.06480567612999513,-1.513266338211763,1.6390864735692365,1.6367547898910504,-0.010945792251572342,0.0,0.18403615384811567,0.19983718488189753,-0.006686343948304169,0.5586260557174683,0.6735907793045044,0.20277267694473267,-0.21619829535484314,0.18588027358055115,-0.11491239815950394,0.06481680882924726,-1.5131719293220098,1.6393005979709314,1.6367950121627288,-0.010719480229336671,0.0,0.18403615384811567,0.19983718488189753,-0.006686343948304169,0.015963846151884346,0.0001628151181024954,0.006686343948304169,0.2,0.2,0.0,0.2717515659202795,-0.2717515659202795,False
0,934,0.06481680882924726,-1.5131719293220098,1.6393005979709314,1.6367950121627288,-0.010719480229336671,0.0,0.18403615384811567,0.19983718488189753,-0.006686343948304169,0.11989275366067886,-0.445367693901062,0.04725229740142822,0.5999767184257507,0.8564154505729675,-0.5743482112884521,0.06481680882924726,-1.5131719293220098,1.6393005979709314,1.6367950121627288,-0.010719480229336671,0.0,0.18417842929208264,0.1998221866996239,-0.006576155348259019,0.015821570707917364,0.00017781330037611284,0.006576155348259019,0.2,0.2,0.0,0.2718342250951533,-0.27348740859262977,False
0,935,0.06481680882924726,-1.5131719293220098,1.6393005979709314,1.6367950121627288,-0.010719480229336671,0.0,0.18417842929208264,0.1998221866996239,-0.006576155348259019,-0.45691922307014465,0.23486031591892242,-0.17782355844974518,0.7177443504333496,0.5938718318939209,0.35516873002052307,0.06584290811923783,-1.5123171617726423,1.6396609271793772,1.6370600852094856,-0.00954082268440986,0.0,0.18421636963057006,0.1998191178382945,-0.006575766492735304,0.01578363036942995,0.00018088216170549193,0.006575766492735304,0.2,0.2,0.0,0.27185766753672413,-0.27232651636814054,False
0,936,0.06584290811923783,-1.5123171617726423,1.6396609271793772,1.6370600852094856,-0.00954082268440986,0.0,0.18421636963057006,0.1998191178382945,-0.006575766492735304,-0.4552801847457886,0.2490747720003128,0.7235090136528015,0.3721913695335388,0.5407410860061646,0.5936578512191772,0.06555907701720283,-1.5121747799441834,1.63970132433959,1.6374598603198856,-0.00918371908832851,0.0,0.18427690046748998,0.19983037924423322,-0.006606773775313175,0.015723099532510016,0.0001696207557667854,0.006606773775313175,0.2,0.2,0.0,0.2719077159157449,-0.2729086834961606,False
0,937,0.06555907701720283,-1.5121747799441834,1.63970132433959,1.6374598603198856,-0.00918371908832851,0.0,0.18427690046748998,0.19983037924423322,-0.006606773775313175,0.30507054924964905,-0.6514062881469727,0.5743608474731445,-0.45666417479515076,-0.4405633509159088,0.8402866125106812,0.06530037101705688,-1.5121197799182458,1.6403110483267445,1.6376286269406528,-0.008892657645459103,0.0,0.1844243827763366,0.19985070717880835,-0.006519722151067789,0.015575617223663414,0.00014929282119167497,0.006519722151067789,0.2,0.2,0.0,0.27202052293757106,-0.27427666337409395,False
0,938,0.06530037101705688,-1.5121197799182458,1.6403110483267445,1.6376286269406528,-0.008892657645459103,0.0,0.1844243827763366,0.19985070717880835,-0.006519722151067789,-0.5440816879272461,0.7797884941101074,-0.14217936992645264,0.10847967118024826,0.20016518235206604,0.7062873840332031,0.06529979960511785,-1.5122019739735688,1.6405024594738167,1.6374635038943521,-0.009031416784588957,0.0,0.18440416064292633,0.1998451771485776,-0.006479442868921992,0.015595839357073666,0.00015482285142240512,0.006479442868921992,0.2,0.2,0.0,0.2720017876262216,-0.27162708139923286,False
0,939,0.06529979960511785,-1.5122019739735688,1.6405024594738167,1.6374635038943521,-0.009031416784588957,0.0,0.18440416064292633,0.1998451771485776,-0.006479442868921992,-0.30396050214767456,0.23722754418849945,-0.10505706816911697,-0.47199082374572754,0.9380841851234436,-0.4863506257534027,0.06486169825383407,-1.511607446098519,1.6403782348926068,1.6374597371760091,-0.008718284188377914,0.0,0.18445848459011976,0.19986221910121788,-0.006481378154221923,0.01554151540988025,0.00013778089878213444,0.006481378154221923,0.2,0.2,0.0,0.2720511853018191,-0.27303913881376857,False
0,940,0.06486169825383407,-1.511607446098519,1.6403782348926068,1.6374597371760091,-0.008718284188377914,0.0,0.18445848459011976,0.19986221910121788,-0.006481378154221923,-0.8699502348899841,0.7223339080810547,0.3509484529495239,0.5395314693450928,0.7632099986076355,-0.4792208671569824,0.06486169825383407,-1.511607446098519,1.6403782348926068,1.6374597371760091,-0.008718284188377914,0.0,0.18622817893198773,0.20019738187295247,-0.005950850391223755,0.01377182106801227,-0.00019738187295244335,0.005950850391223755,0.2,0.2,0.0,0.27348736526115414,-0.3022109644478549,False
0,941,0.06486169825383407,-1.511607446098519,1.6403782348926068,1.6374597371760091,-0.008718284188377914,0.0,0.18622817893198773,0.20019738187295247,-0.005950850391223755,0.2606414258480072,-0.6568260192871094,-0.656667172908783,-0.8011394143104553,0.694652795791626,0.3703913986682892,0.06486169825383407,-1.511607446098519,1.6403782348926068,1.6374597371760091,-0.008718284188377914,0.0,0.18645137704742418,0.20024039702388405,-0.005890367092099558,0.013548622952575834,-0.0002403970238840363,0.005890367092099558,0.2,0.2,0.0,0.27366956174854945,-0.27731349149645573,False
0,942,0.06486169825383407,-1.511607446098519,1.6403782348926068,1.6374597371760091,-0.008718284188377914,0.0,0.18645137704742418,0.20024039702388405,-0.005890367092099558,-0.3703840970993042,0.842402458190918,-0.29967084527015686,0.26505687832832336,0.5028935670852661,-0.4409623146057129,0.06486169825383407,-1.511607446098519,1.6403782348926068,1.6374597371760091,-0.008718284188377914,0.0,0.18558764408920508,0.2001527093118975,-0.006273114852878875,0.014412355910794913,-0.0001527093118974779,0.006273114852878875,0.2,0.2,0.0,0.2730260658864494,-0.26015614864444836,False
0,943,0.06486169825383407,-1.511607446098519,1.6403782348926068,1.6374597371760091,-0.008718284188377914,0.0,0.18558764408920508,0.2001527093118975,-0.006273114852878875,0.45572832226753235,-0.02964789792895317,-0.1374710202217102,-0.7083333730697632,0.5785278081893921,-0.4953671097755432,0.06486169825383407,-1.511607446098519,1.6403782348926068,1.6374597371760091,-0.008718284188377914,0.0,0.18574553201481883,0.20017409873897019,-0.006450959562009025,0.014254467985181186,-0.00017409873897018683,0.006450959562009025,0.2,0.2,0.0,0.2731532305294919,-0.27569652339034234,False
0,944,0.06486169825383407,-1.511607446098519,1.6403782348926068,1.6374597371760091,-0.008718284188377914,0.0,0.18574553201481883,0.20017409873897019,-0.006450959562009025,-0.7714462280273438,0.8299555778503418,0.5227885246276855,-0.6677789688110352,-0.5475622415542603,-0.7911116480827332,0.05617394401649186,-1.5012870703467762,1.6392194719194884,1.641355938193715,0.0028511713811163915,0.0,0.18549977295744713,0.200127413360175,-0.006470531173589974,0.01450022704255289,-0.0001274133601749973,0.006470531173589974,0.2,0.2,0.0,0.2729524044942033,-0.2689358837884315,False
0,945,0.05617394401649186,-1.5012870703467762,1.6392194719194884,1.641355938193715,0.0028511713811163915,0.0,0.18549977295744713,0.200127413360175,-0.006470531173589974,0.3385075330734253,-0.42999693751335144,-0.5382348299026489,-0.10596130788326263,0.37105655670166016,-0.8604376316070557,0.05792643701271585,-1.5028009817016623,1.6377890517402198,1.6398804118747086,0.0039085043622578905,0.0,0.18549977295744713,0.200127413360175,-0.006470531173589974,0.01450022704255289,-0.0001274133601749973,0.006470531173589974,0.2,0.2,0.0,0.2729524044942033,-0.2729524044942033,False
0,946,0.05792643701271585,-1.5028009817016623,1.6377890517402198,1.6398804118747086,0.0039085043622578905,0.0,0.18549977295744713,0.200127413360175,-0.006470531173589974,0.04328485205769539,-0.8579500913619995,-0.13707192242145538,-0.645854115486145,-0.2917110025882721,0.6013987064361572,0.05792643701271585,-1.5028009817016623,1.6377890517402198,1.6398804118747086,0.0039085043622578905,0.0,0.1849742055368366,0.20006390656317077,-0.006818317353716366,0.015025794463163399,-6.390656317076249e-05,0.006818317353716366,0.2,0.2,0.0,0.2725573570367107,-0.26465640788685796,False
0,947,0.05792643701271585,-1.5028009817016623,1.6377890517402198,1.6398804118747086,0.0039085043622578905,0.0,0.1849742055368366,0.20006390656317077,-0.006818317353716366,-0.3312282860279083,0.9251429438591003,-0.043912578374147415,-0.3417561650276184,-0.09653320908546448,-0.6607881188392639,0.058799199997071824,-1.5048938191075334,1.636151090748315,1.6389309951845552,0.004567590768534291,0.0,0.1846638243494126,0.20003712643984525,-0.006922341514090671,0.015336175650587425,-3.7126439845229964e-05,0.006922341514090671,0.2,0.2,0.0,0.2723297611163698,-0.2677778427095521,False
0,948,0.058799199997071824,-1.5048938191075334,1.636151090748315,1.6389309951845552,0.004567590768534291,0.0,0.1846638243494126,0.20003712643984525,-0.006922341514090671,0.12791098654270172,-0.9411722421646118,-0.6853243112564087,-0.8547630310058594,-0.11397389322519302,0.46616330742836,0.058631633376552264,-1.5045339813534844,1.636034055405529,1.6386166571863778,0.004485900421305646,0.0,0.18468029385055185,0.20004356460267558,-0.006907229647416271,0.015319706149448161,-4.3564602675571834e-05,0.006907229647416271,0.2,0.2,0.0,0.27234527441663675,-0.27265554042197565,False
0,949,0.058631633376552264,-1.5045339813534844,1.636034055405529,1.6386166571863778,0.004485900421305646,0.0,0.18468029385055185,0.20004356460267558,-0.006907229647416271,-0.5836049318313599,0.6044256687164307,-0.5803297758102417,-0.5176085829734802,-0.862514078617096,0.714861273765564,0.05847788182152582,-1.504708016846666,1.635548531362983,1.6380878913588146,0.004132359427835399,0.0,0.1845150518943127,0.20003474475261557,-0.006968723218930443,0.015484948105687311,-3.474475261556608e-05,0.006968723218930443,0.2,0.2,0.0,0.2722283353861369,-0.26988955477613963,False
0,950,0.05847788182152582,-1.504708016846666,1.635548531362983,1.6380878913588146,0.004132359427835399,0.0,0.1845150518943127,0.20003474475261557,-0.006968723218930443,-0.13134315609931946,0.5405323505401611,-0.6843175888061523,0.23284900188446045,-0.2613617479801178,-0.7845967411994934,0.05847788182152582,-1.504708016846666,1.635548531362983,1.6380878913588146,0.004132359427835399,0.0,0.18435807073652263,0.20005439853677104,-0.007460672110074729,0.01564192926347738,-5.439853677102649e-05,0.007460672110074729,0.2,0.2,0.0,0.2721494483697072,-0.27057170804111397,False
0,951,0.05847788182152582,-1.504708016846666,1.635548531362983,1.6380878913588146,0.004132359427835399,0.0,0.18435807073652263,0.20005439853677104,-0.007460672110074729,-0.11964088678359985,0.3736910820007324,-0.7475191354751587,-0.37308719754219055,0.4598887860774994,0.5015556216239929,0.05847788182152582,-1.504708016846666,1.635548531362983,1.6380878913588146,0.004132359427835399,0.0,0.18429612227359835,0.20006204291116475,-0.007748150358737639,0.01570387772640166,-6.204291116473394e-05,0.007748150358737639,0.2,0.2,0.0,0.2721211412824359,-0.2715549995370098,False
0,952,0.05847788182152582,-1.504708016846666,1.635548531362983,1.6380878913588146,0.004132359427835399,0.0,0.18429612227359835,0.20006204291116475,-0.007748150358737639,0.6593044400215149,-0.21640422940254211,-0.1999427080154419,0.44373270869255066,-0.7610093355178833,0.10812520980834961,0.05696818482186785,-1.499165081999968,1.6285074858066697,1.6400143093325898,0.0014844206285968356,0.0,0.1842747190862643,0.20006364458922454,-0.007820938860654606,0.015725280913735692,-6.364458922453295e-05,0.007820938860654606,0.2,0.2,0.0,0.2721099062241345,-0.27188520505810615,False
0,953,0.05696818482186785,-1.499165081999968,1.6285074858066697,1.6400143093325898,0.0014844206285968356,0.0,0.1842747190862643,0.20006364458922454,-0.007820938860654606,0.7788636684417725,0.9112639427185059,-0.5822441577911377,-0.3995748460292816,0.19643931090831757,0.5066738128662109,0.05747656040140357,-1.4993718519242512,1.6284967683014346,1.6402385012302823,0.0010570230096569903,0.0,0.18424867400917233,0.20005470994400068,-0.007843343829343822,0.015751325990827687,-5.470994400066172e-05,0.007843343829343822,0.2,0.2,0.0,0.2720863445440469,-0.27161511094229485,False
0,954,0.05747656040140357,-1.4993718519242512,1.6284967683014346,1.6402385012302823,0.0010570230096569903,0.0,0.18424867400917233,0.20005470994400068,-0.007843343829343822,0.358687162399292,-0.5473511219024658,-0.494502454996109,0.2888893187046051,-0.6412211060523987,-0.18502508103847504,0.057763230734185066,-1.4991992470660038,1.6282369369402185,1.6401698091718853,0.001005463720840135,0.0,0.18423002391527218,0.20004128392345186,-0.007868244278433231,0.015769976084727817,-4.128392345185332e-05,0.007868244278433231,0.2,0.2,0.0,0.27206456265671564,-0.2716289249100904,False
0,955,0.057763230734185066,-1.4991992470660038,1.6282369369402185,1.6401698091718853,0.001005463720840135,0.0,0.18423002391527218,0.20004128392345186,-0.007868244278433231,0.8311589360237122,0.26690661907196045,0.6341805458068848,0.2721843123435974,0.4566343128681183,-0.007295369170606136,0.05815754569467502,-1.499542016275599,1.6280089999637761,1.6404242179657182,0.0006365873820361658,0.0,0.18416951130369696,0.2000286406116721,-0.00793601678156822,0.01583048869630304,-2.8640611672086703e-05,0.00793601678156822,0.2,0.2,0.0,0.27201626113369287,-0.2710502306732376,False
0,956,0.05815754569467502,-1.499542016275599,1.6280089999637761,1.6404242179657182,0.0006365873820361658,0.0,0.18416951130369696,0.2000286406116721,-0.00793601678156822,0.05115419626235962,0.5291393399238586,0.5212152600288391,0.4788539409637451,0.7084847688674927,0.005893074907362461,0.05869240161664795,-1.496793397789265,1.6308427806192698,1.6429145544081474,0.004349772308884376,0.0,0.18428970440644887,0.200023692230803,-0.007870763567731073,0.01571029559355115,-2.36922308029827e-05,0.007870763567731073,0.2,0.2,0.0,0.27209211955328366,-0.2736092879450995,False
0,957,0.05869240161664795,-1.496793397789265,1.6308427806192698,1.6429145544081474,0.004349772308884376,0.0,0.18428970440644887,0.200023692230803,-0.007870763567731073,0.2427191287279129,0.7208328247070312,0.5698439478874207,-0.3996836841106415,-0.7455731630325317,-0.8836629390716553,0.05869240161664795,-1.496793397789265,1.6308427806192698,1.6429145544081474,0.004349772308884376,0.0,0.18562668069172286,0.20009419427091826,-0.007325875946147583,0.014373319308277142,-9.41942709182655e-05,0.007325875946147583,0.2,0.2,0.0,0.27303593101262913,-0.2919121601995385,False
0,958,0.05869240161664795,-1.496793397789265,1.6308427806192698,1.6429145544081474,0.004349772308884376,0.0,0.18562668069172286,0.20009419427091826,-0.007325875946147583,0.09198317676782608,-0.7895092368125916,-0.5107900500297546,-0.5754479169845581,-0.6735654473304749,-0.6316733956336975,0.05869240161664795,-1.496793397789265,1.6308427806192698,1.6429145544081474,0.004349772308884376,0.0,0.18542377366984997,0.20006867921039945,-0.007280756193737081,0.014576226330150037,-6.867921039942595e-05,0.007280756193737081,0.2,0.2,0.0,0.27287810768494075,-0.2697216411311732,False
0,959,0.05869240161664795,-1.496793397789265,1.6308427806192698,1.6429145544081474,0.004349772308884376,0.0,0.18542377366984997,0.20006867921039945,-0.007280756193737081,-0.5290092825889587,0.9433223605155945,0.6184461712837219,-0.21539904177188873,0.8241710662841797,-0.04230394586920738,0.05869240161664795,-1.496793397789265,1.6308427806192698,1.6429145544081474,0.004349772308884376,0.0,0.18449597684620594,0.2000056416605302,-0.0076339182915295956,0.01550402315379408,-5.641660530197401e-06,0.0076339182915295956,0.2,0.2,0.0,0.27221186395335145,-0.25888698932156545,False
0,960,0.05869240161664795,-1.496793397789265,1.6308427806192698,1.6429145544081474,0.004349772308884376,0.0,0.18449597684620594,0.2000056416605302,-0.0076339182915295956,0.03069283813238144,-0.0035118390806019306,-0.7464042901992798,0.3935331404209137,-0.7463245391845703,0.9014056921005249,0.05869240161664795,-1.496793397789265,1.6308427806192698,1.6429145544081474,0.004349772308884376,0.0,0.18689378211539254,0.20035536474217336,-0.006081118920874845,0.013106217884607488,-0.00035536474217336047,0.006081118920874845,0.2,0.2,0.0,0.2740593694470141,-0.31100947932026685,False
0,961,0.05869240161664795,-1.496793397789265,1.6308427806192698,1.6429145544081474,0.004349772308884376,0.0,0.18689378211539254,0.20035536474217336,-0.006081118920874845,0.4691113531589508,-0.2768196165561676,-0.7159481048583984,-0.5747920274734497,-0.20893098413944244,0.666801929473877,0.05869240161664795,-1.496793397789265,1.6308427806192698,1.6429145544081474,0.004349772308884376,0.0,0.18689378211539254,0.20035536474217336,-0.006081118920874845,0.013106217884607488,-0.00035536474217336047,0.006081118920874845,0.2,0.2,0.0,0.2740593694470141,-0.2740593694470141,False
0,962,0.05869240161664795,-1.496793397789265,1.6308427806192698,1.6429145544081474,0.004349772308884376,0.0,0.18689378211539254,0.20035536474217336,-0.006081118920874845,-0.18903155624866486,0.4445253610610962,-0.10785332322120667,0.38830649852752686,0.7747832536697388,0.03681991621851921,0.05869240161664795,-1.496793397789265,1.6308427806192698,1.6429145544081474,0.004349772308884376,0.0,0.18674139616133195,0.20033831903671373,-0.006244245817626146,0.013258603838668063,-0.0003383190367137166,0.006244245817626146,0.2,0.2,0.0,0.27394667678322104,-0.2716928235073601,False
0,963,0.05869240161664795,-1.496793397789265,1.6308427806192698,1.6429145544081474,0.004349772308884376,0.0,0.18674139616133195,0.20033831903671373,-0.006244245817626146,0.5359891057014465,0.3711218535900116,-0.9648746252059937,0.2948271632194519,-0.06872060894966125,-0.20327021181583405,0.05869240161664795,-1.496793397789265,1.6308427806192698,1.6429145544081474,0.004349772308884376,0.0,0.18674139616133195,0.20033831903671373,-0.006244245817626146,0.013258603838668063,-0.0003383190367137166,0.006244245817626146,0.2,0.2,0.0,0.27394667678322104,-0.27394667678322104,False
0,964,0.05869240161664795,-1.496793397789265,1.6308427806192698,1.6429145544081474,0.004349772308884376,0.0,0.18674139616133195,0.20033831903671373,-0.006244245817626146,0.353045254945755,-0.9157502055168152,0.06801364570856094,0.25373634696006775,-0.3676145672798157,0.06341155618429184,0.05869240161664795,-1.496793397789265,1.6308427806192698,1.6429145544081474,0.004349772308884376,0.0,0.1866906454913894,0.20032990591571853,-0.006310159501128412,0.013309354508610611,-0.000329905915718516,0.006310159501128412,0.2,0.2,0.0,0.2739074413577002,-0.27312273284728283,False
0,965,0.05869240161664795,-1.496793397789265,1.6308427806192698,1.6429145544081474,0.004349772308884376,0.0,0.1866906454913894,0.20032990591571853,-0.006310159501128412,-0.8669752478599548,-0.0076288143172860146,0.9243218898773193,-0.2880341112613678,0.7152782678604126,0.06957776099443436,0.05869240161664795,-1.496793397789265,1.6308427806192698,1.6429145544081474,0.004349772308884376,0.0,0.1866906454913894,0.20032990591571853,-0.006310159501128412,0.013309354508610611,-0.000329905915718516,0.006310159501128412,0.2,0.2,0.0,0.2739074413577002,-0.2739074413577002,False
0,966,0.05869240161664795,-1.496793397789265,1.6308427806192698,1.6429145544081474,0.004349772308884376,0.0,0.1866906454913894,0.20032990591571853,-0.006310159501128412,0.9270073771476746,-0.1665535718202591,0.6419053077697754,0.7144019603729248,0.8315025568008423,0.1866326630115509,0.05869240161664795,-1.496793397789265,1.6308427806192698,1.6429145544081474,0.004349772308884376,0.0,0.18666171167044046,0.20032563727933436,-0.006327453194986461,0.01333828832955955,-0.0003256372793343493,0.006327453194986461,0.2,0.2,0.0,0.2738849981635446,-0.27343613428043334,False
0,967,0.05869240161664795,-1.496793397789265,1.6308427806192698,1.6429145544081474,0.004349772308884376,0.0,0.18666171167044046,0.20032563727933436,-0.006327453194986461,0.41579702496528625,0.010682206600904465,0.9066728353500366,0.1629772186279297,-0.0020713999401777983,0.32174861431121826,0.05960555813326402,-1.4891834908507529,1.6405615016642177,1.6452318002676327,0.017018055919825675,0.0,0.18764216404341272,0.2001506458032761,-0.006064562381542987,0.012357835956587303,-0.00015064580327609953,0.006064562381542987,0.2,0.2,0.0,0.274420556189297,-0.28513171670434484,False
0,968,0.05960555813326402,-1.4891834908507529,1.6405615016642177,1.6452318002676327,0.017018055919825675,0.0,0.18764216404341272,0.2001506458032761,-0.006064562381542987,0.7245955467224121,0.4286259710788727,0.24187083542346954,0.5903779864311218,-0.4904747009277344,-0.1547243297100067,0.06247194128912918,-1.490484559807626,1.6416035900956318,1.6472621908948242,0.018103378160152166,0.0,0.18773552868847407,0.20013284139268958,-0.006044062734371303,0.012264471311525953,-0.000132841392689564,0.006044062734371303,0.2,0.2,0.0,0.27447097046899027,-0.2754792560628556,False
0,969,0.06247194128912918,-1.490484559807626,1.6416035900956318,1.6472621908948242,0.018103378160152166,0.0,0.18773552868847407,0.20013284139268958,-0.006044062734371303,-0.08872967213392258,-0.1468740701675415,0.014434726908802986,0.6280850172042847,-0.5461218357086182,0.2335822731256485,0.06278274048143258,-1.4902702967225783,1.6417160394259565,1.6476881876991547,0.01769633755349449,0.0,0.187821423036043,0.200129760991099,-0.006031858839555648,0.012178576963957025,-0.00012976099109899132,0.006031858839555648,0.2,0.2,0.0,0.2745272145101446,-0.27565209533323143,False
0,970,0.06278274048143258,-1.4902702967225783,1.6417160394259565,1.6476881876991547,0.01769633755349449,0.0,0.187821423036043,0.200129760991099,-0.006031858839555648,-0.08272580057382584,-0.9149446487426758,0.38018161058425903,0.5356447696685791,-0.4925660789012909,-0.6467605233192444,0.06278274048143258,-1.4902702967225783,1.6417160394259565,1.6476881876991547,0.01769633755349449,0.0,0.18793700347028847,0.2001436901894626,-0.005991766065546161,0.012062996529711534,-0.00014369018946257576,0.005991766065546161,0.2,0.2,0.0,0.27461557722866164,-0.2763828315990023,False
0,971,0.06278274048143258,-1.4902702967225783,1.6417160394259565,1.6476881876991547,0.01769633755349449,0.0,0.18793700347028847,0.2001436901894626,-0.005991766065546161,-0.9547781348228455,-0.28004875779151917,-0.7009673714637756,-0.1829334944486618,-0.026139747351408005,-0.3154465854167938,0.06237699016345841,-1.493379281261372,1.6429017211694423,1.649547391503618,0.015968762007114987,0.0,0.18793700347028847,0.2001436901894626,-0.005991766065546161,0.012062996529711534,-0.00014369018946257576,0.005991766065546161,0.2,0.2,0.0,0.27461557722866164,-0.27461557722866164,False
0,972,0.06237699016345841,-1.493379281261372,1.6429017211694423,1.649547391503618,0.015968762007114987,0.0,0.18793700347028847,0.2001436901894626,-0.005991766065546161,-0.07118751108646393,0.583789587020874,-0.32377704977989197,0.47744297981262207,-0.7037659287452698,-0.6783335208892822,0.06201744146006881,-1.4933023002974997,1.642554039144762,1.6495711831055295,0.015813119038974244,0.0,0.18787236466611554,0.20015090999698357,-0.006034730152876758,0.012127635333884463,-0.00015090999698355242,0.006034730152876758,0.2,0.2,0.0,0.2745775485102097,-0.27381697414117107,False
0,973,0.06201744146006881,-1.4933023002974997,1.642554039144762,1.6495711831055295,0.015813119038974244,0.0,0.18787236466611554,0.20015090999698357,-0.006034730152876758,0.5121140480041504,0.13780592381954193,0.12210971117019653,0.45959582924842834,0.012528721243143082,0.07406001538038254,0.06214333271239853,-1.4929880955996206,1.6424444700277585,1.6499313559995548,0.015490493133869104,0.0,0.18792828475009474,0.2001538842952154,-0.006062673596655119,0.012071715249905267,-0.00015388429521540168,0.006062673596655119,0.2,0.2,0.0,0.2746185966367077,-0.275439559166667,False
0,974,0.06214333271239853,-1.4929880955996206,1.6424444700277585,1.6499313559995548,0.015490493133869104,0.0,0.18792828475009474,0.2001538842952154,-0.006062673596655119,0.30714717507362366,-0.3814316689968109,0.1810382455587387,0.05233416706323624,-0.7775430679321289,-0.10939290374517441,0.06253967935975455,-1.4929445675085091,1.6425556146340894,1.650253033892268,0.01541560069311309,0.0,0.18800017442047168,0.20014700830631138,-0.006054294662133877,0.011999825579528337,-0.00014700830631135824,0.006054294662133877,0.2,0.2,0.0,0.27466260211384874,-0.27554271165667,False
0,975,0.06253967935975455,-1.4929445675085091,1.6425556146340894,1.650253033892268,0.01541560069311309,0.0,0.18800017442047168,0.20014700830631138,-0.006054294662133877,-0.25063464045524597,-0.4404856860637665,-0.6954134702682495,-0.3145708441734314,0.6265648007392883,-0.7262238264083862,0.06260083204808782,-1.493206308357707,1.6424622732980032,1.6501943472302827,0.015247826759323237,0.0,0.18795594638145063,0.2001428188665683,-0.0060710992734529096,0.012044053618549377,-0.00014281886656826676,0.0060710992734529096,0.2,0.2,0.0,0.27462964874607193,-0.2739705813905357,False
0,976,0.06260083204808782,-1.493206308357707,1.6424622732980032,1.6501943472302827,0.015247826759323237,0.0,0.18795594638145063,0.2001428188665683,-0.0060710992734529096,0.11017641425132751,0.47784358263015747,0.23331327736377716,0.14552253484725952,0.04910001531243324,0.7157573103904724,0.06242024818766341,-1.4934797859845113,1.6419591003275893,1.6499724364493227,0.015738401839374423,0.0,0.18795594638145063,0.2001428188665683,-0.0060710992734529096,0.012044053618549377,-0.00014281886656826676,0.0060710992734529096,0.2,0.2,0.0,0.27462964874607193,-0.27462964874607193,False
0,977,0.06242024818766341,-1.4934797859845113,1.6419591003275893,1.6499724364493227,0.015738401839374423,0.0,0.18795594638145063,0.2001428188665683,-0.0060710992734529096,-0.04604753479361534,-0.5074045062065125,-0.4366065561771393,0.4388996362686157,-0.2532537281513214,0.008397403173148632,0.06242024818766341,-1.4934797859845113,1.6419591003275893,1.6499724364493227,0.015738401839374423,0.0,0.18817188097010779,0.2001479449925466,-0.006393270316542351,0.011828119029892222,-0.00014794499254658085,0.006393270316542351,0.2,0.2,0.0,0.2747885197345556,-0.2779659395042288,False
0,978,0.06242024818766341,-1.4934797859845113,1.6419591003275893,1.6499724364493227,0.015738401839374423,0.0,0.18817188097010779,0.2001479449925466,-0.006393270316542351,-0.16970762610435486,-0.1995362490415573,0.03783867508172989,-0.256988525390625,0.1022973507642746,-0.22318270802497864,0.0624084469920024,-1.4977697090704867,1.637382973468687,1.6566959057287194,0.012494822750815223,0.0,0.1875717902684775,0.20012367907252376,-0.007045618403276947,0.012428209731522515,-0.00012367907252374224,0.007045618403276947,0.2,0.2,0.0,0.2743762091886408,-0.2661299982703451,False
0,979,0.0624084469920024,-1.4977697090704867,1.637382973468687,1.6566959057287194,0.012494822750815223,0.0,0.1875717902684775,0.20012367907252376,-0.007045618403276947,-0.4199368357658386,0.6146883964538574,-0.5068923830986023,0.8475075960159302,-0.11651843041181564,0.7157269716262817,0.06004196667459887,-1.4949376549952729,1.634217718586937,1.661607867504982,0.01166096870210993,0.0,0.18750250831006407,0.2001209324215599,-0.007121715230880354,0.012497491689935945,-0.0001209324215598875,0.007121715230880354,0.2,0.2,0.0,0.2743288119094856,-0.27338086632638153,False
0,980,0.06004196667459887,-1.4949376549952729,1.634217718586937,1.661607867504982,0.01166096870210993,0.0,0.18750250831006407,0.2001209324215599,-0.007121715230880354,0.2577851116657257,0.8705596327781677,0.6023141145706177,-0.10836179554462433,0.15758781135082245,-0.7979046106338501,0.06004196667459887,-1.4949376549952729,1.634217718586937,1.661607867504982,0.01166096870210993,0.0,0.18891999439670787,0.20025349011568921,-0.007181908579607734,0.011080005603292142,-0.0002534901156892016,0.007181908579607734,0.2,0.2,0.0,0.2753975388365198,-0.2967720773772036,False
0,981,0.06004196667459887,-1.4949376549952729,1.634217718586937,1.661607867504982,0.01166096870210993,0.0,0.18891999439670787,0.20025349011568921,-0.007181908579607734,0.34968459606170654,-0.696856677532196,0.374051958322525,0.8666387796401978,0.28466030955314636,-0.7181909084320068,0.06004196667459887,-1.4949376549952729,1.634217718586937,1.661607867504982,0.01166096870210993,0.0,0.18922237786111795,0.2002466878748481,-0.007065443471192645,0.010777622138882063,-0.00024668787484808416,0.007065443471192645,0.2,0.2,0.0,0.2755971058986417,-0.27958844714108033,False
0,982,0.06004196667459887,-1.4949376549952729,1.634217718586937,1.661607867504982,0.01166096870210993,0.0,0.18922237786111795,0.2002466878748481,-0.007065443471192645,0.4062933623790741,0.7521581649780273,-0.5993306040763855,0.3943100869655609,-0.32429319620132446,-0.14209353923797607,0.06313723995261866,-1.4949811274379798,1.6389735623710344,1.6689098462060157,0.014321066196401642,0.0,0.18949348931980114,0.20022755574463352,-0.0070984516836280764,0.01050651068019886,-0.00022755574463350107,0.0070984516836280764,0.2,0.2,0.0,0.2757702750304476,-0.27923365766656505,False
0,983,0.06313723995261866,-1.4949811274379798,1.6389735623710344,1.6689098462060157,0.014321066196401642,0.0,0.18949348931980114,0.20022755574463352,-0.0070984516836280764,0.14547206461429596,-0.29145392775535583,-0.24572405219078064,-0.10359514504671097,0.02052595466375351,-0.6224998235702515,0.06365799239806237,-1.4957339767071598,1.638537215625571,1.6693274877003679,0.01437529243229276,0.0,0.18927051357740085,0.20019628226624966,-0.00725123983454401,0.01072948642259916,-0.00019628226624964027,0.00725123983454401,0.2,0.2,0.0,0.27559836578292524,-0.272160180832478,False
0,984,0.06365799239806237,-1.4957339767071598,1.638537215625571,1.6693274877003679,0.01437529243229276,0.0,0.18927051357740085,0.20019628226624966,-0.00725123983454401,0.6555441617965698,0.36400556564331055,-0.4506811797618866,0.2837250530719757,-0.5329318642616272,0.6428141593933105,0.06365799239806237,-1.4957339767071598,1.638537215625571,1.6693274877003679,0.01437529243229276,0.0,0.188931569870977,0.2001598623450662,-0.007414798098247105,0.011068430129023008,-0.00015986234506618633,0.007414798098247105,0.2,0.2,0.0,0.2753435814010297,-0.27024789376311925,False
0,985,0.06365799239806237,-1.4957339767071598,1.638537215625571,1.6693274877003679,0.01437529243229276,0.0,0.188931569870977,0.2001598623450662,-0.007414798098247105,-0.05541296675801277,0.2699604034423828,0.20357875525951385,-0.3285681903362274,-0.1171274185180664,-0.4955075979232788,0.06365799239806237,-1.4957339767071598,1.638537215625571,1.6693274877003679,0.01437529243229276,0.0,0.188931569870977,0.2001598623450662,-0.007414798098247105,0.011068430129023008,-0.00015986234506618633,0.007414798098247105,0.2,0.2,0.0,0.2753435814010297,-0.2753435814010297,False
0,986,0.06365799239806237,-1.4957339767071598,1.638537215625571,1.6693274877003679,0.01437529243229276,0.0,0.188931569870977,0.2001598623450662,-0.007414798098247105,-0.2235860377550125,0.39457967877388,0.7304360866546631,0.05581037700176239,-0.5912861824035645,-0.0694398432970047,0.06365799239806237,-1.4957339767071598,1.638537215625571,1.6693274877003679,0.01437529243229276,0.0,0.18898479007518035,0.20015653298045147,-0.007381879821092924,0.011015209924819667,-0.0001565329804514708,0.007381879821092924,0.2,0.2,0.0,0.2753767977230609,-0.27604112416368454,False
0,987,0.06365799239806237,-1.4957339767071598,1.638537215625571,1.6693274877003679,0.01437529243229276,0.0,0.18898479007518035,0.20015653298045147,-0.007381879821092924,-0.47252145409584045,-0.07417506724596024,0.6873329877853394,0.8332943320274353,-0.3711191713809967,0.7138277292251587,0.06365799239806237,-1.4957339767071598,1.638537215625571,1.6693274877003679,0.01437529243229276,0.0,0.189047457374687,0.20016389590899758,-0.00731259548141483,0.010952542625313009,-0.00016389590899756824,0.00731259548141483,0.2,0.2,0.0,0.27542331131909825,-0.2763535832398454,False
0,988,0.06365799239806237,-1.4957339767071598,1.638537215625571,1.6693274877003679,0.01437529243229276,0.0,0.189047457374687,0.20016389590899758,-0.00731259548141483,0.3083135187625885,0.8014800548553467,-0.5079127550125122,-0.06774872541427612,0.5176218152046204,-0.24008876085281372,0.06365799239806237,-1.4957339767071598,1.638537215625571,1.6693274877003679,0.01437529243229276,0.0,0.18923330746219696,0.2001830308450364,-0.007187765198705617,0.01076669253780306,-0.00018303084503640428,0.007187765198705617,0.2,0.2,0.0,0.275561525725089,-0.27832581384490435,False
0,989,0.06365799239806237,-1.4957339767071598,1.638537215625571,1.6693274877003679,0.01437529243229276,0.0,0.18923330746219696,0.2001830308450364,-0.007187765198705617,-0.0738820731639862,0.8387701511383057,-0.2374606877565384,0.5450853109359741,0.347908616065979,0.5223110318183899,0.06396050992810962,-1.4958884540473063,1.6388996455108837,1.6691353099188087,0.01283991823859705,0.0,0.18941334037815702,0.20020485889565523,-0.0071271024169420605,0.010586659621842999,-0.00020485889565521583,0.0071271024169420605,0.2,0.2,0.0,0.27569946432211717,-0.27845823626268024,False
0,990,0.06396050992810962,-1.4958884540473063,1.6388996455108837,1.6691353099188087,0.01283991823859705,0.0,0.18941334037815702,0.20020485889565523,-0.0071271024169420605,0.1750560998916626,0.1579544097185135,-0.9128568172454834,0.7583047151565552,-0.054258741438388824,0.871485710144043,0.06396050992810962,-1.4958884540473063,1.6388996455108837,1.6691353099188087,0.01283991823859705,0.0,0.1892919209490859,0.20017271331971354,-0.008024189349535252,0.010708079050914122,-0.00017271331971351598,0.008024189349535252,0.2,0.2,0.0,0.2756173690264973,-0.2739754631141,False
0,991,0.06396050992810962,-1.4958884540473063,1.6388996455108837,1.6691353099188087,0.01283991823859705,0.0,0.1892919209490859,0.20017271331971354,-0.008024189349535252,-0.408125638961792,0.6853253841400146,-0.2998853325843811,-0.11001574993133545,0.08301199972629547,0.959872305393219,0.06396050992810962,-1.4958884540473063,1.6388996455108837,1.6691353099188087,0.01283991823859705,0.0,0.18916692543731625,0.20018251653011734,-0.008938987679255155,0.010833074562683752,-0.00018251653011734377,0.008938987679255155,0.2,0.2,0.0,0.2755668178581517,-0.2745557944912392,False
0,992,0.06396050992810962,-1.4958884540473063,1.6388996455108837,1.6691353099188087,0.01283991823859705,0.0,0.18916692543731625,0.20018251653011734,-0.008938987679255155,0.19436217844486237,0.3048287034034729,0.857587456703186,-0.40741291642189026,-0.9654557108879089,-0.49167561531066895,0.06396050992810962,-1.4958884540473063,1.6388996455108837,1.6691353099188087,0.01283991823859705,0.0,0.18929719513518664,0.20027042983483026,-0.008600428106708306,0.01070280486481337,-0.00027042983483025493,0.008600428106708306,0.2,0.2,0.0,0.2757093406395497,-0.27855979626751043,False
0,993,0.06396050992810962,-1.4958884540473063,1.6388996455108837,1.6691353099188087,0.01283991823859705,0.0,0.18929719513518664,0.20027042983483026,-0.008600428106708306,0.20132780075073242,0.2837483882904053,0.23673222959041595,-0.8437480926513672,-0.598162055015564,-0.15029065310955048,0.06026739063928968,-1.4858298079493752,1.62742160388793,1.6741615297939816,0.013468172449239046,0.0,0.18931602772019446,0.20027882735462807,-0.008557002146413209,0.01068397227980555,-0.000278827354628056,0.008557002146413209,0.2,0.2,0.0,0.27572701957557966,-0.2760805982961785,False
0,994,0.06026739063928968,-1.4858298079493752,1.62742160388793,1.6741615297939816,0.013468172449239046,0.0,0.18931602772019446,0.20027882735462807,-0.008557002146413209,0.7059699892997742,0.30207765102386475,-0.6073258519172668,-0.6055386066436768,0.6634728908538818,0.36896365880966187,0.060749106220773834,-1.4858163652833971,1.6285400183843137,1.6733145746221998,0.012580436193894127,0.0,0.18939528151115503,0.2002770539186525,-0.008396540064289009,0.010604718488844984,-0.0002770539186524761,0.008396540064289009,0.2,0.2,0.0,0.27577522163906554,-0.27673926290878315,False
0,995,0.060749106220773834,-1.4858163652833971,1.6285400183843137,1.6733145746221998,0.012580436193894127,0.0,0.18939528151115503,0.2002770539186525,-0.008396540064289009,0.05517797917127609,0.9259592890739441,0.9936776757240295,0.2469877004623413,-0.6246744394302368,-0.8753677010536194,0.061277977890906436,-1.4855850532411425,1.6280454656924013,1.672872374349239,0.013112151361301332,0.0,0.18930577182060776,0.20026095889848375,-0.008424578599459456,0.010694228179392244,-0.00026095889848373234,0.008424578599459456,0.2,0.2,0.0,0.2757029206013507,-0.27425689984705415,False
0,996,0.061277977890906436,-1.4855850532411425,1.6280454656924013,1.672872374349239,0.013112151361301332,0.0,0.18930577182060776,0.20026095889848375,-0.008424578599459456,0.08396297693252563,0.7098242044448853,0.28878527879714966,0.36104631423950195,0.6343584060668945,0.6851595640182495,0.06130757739743037,-1.4850953293833389,1.6284720522383487,1.6730532078117615,0.013034256355546302,0.0,0.18936665136639852,0.20025990350805503,-0.008388233057373327,0.010633348633601492,-0.00025990350805501724,0.008388233057373327,0.2,0.2,0.0,0.27574285132456916,-0.2765414657889382,False
0,997,0.06130757739743037,-1.4850953293833389,1.6284720522383487,1.6730532078117615,0.013034256355546302,0.0,0.18936665136639852,0.20025990350805503,-0.008388233057373327,0.4380999803543091,0.7431493997573853,0.12893380224704742,0.5722085237503052,-0.682346761226654,0.7178659439086914,0.061420239044541934,-1.4846779442510705,1.6286069780176282,1.6733014902715648,0.013174275917952357,0.0,0.18945936402497915,0.20026394368760883,-0.008363777109653008,0.010540635975020852,-0.0002639436876088209,0.008363777109653008,0.2,0.2,0.0,0.2758087209020108,-0.27712611245084373,False
0,998,0.061420239044541934,-1.4846779442510705,1.6286069780176282,1.6733014902715648,0.013174275917952357,0.0,0.18945936402497915,0.20026394368760883,-0.008363777109653008,0.8944209218025208,-0.7092074155807495,0.6306400299072266,-0.3201253414154053,0.8247418999671936,0.4982037842273712,0.061964913232751564,-1.484335183494421,1.6288899202344878,1.6736349403011466,0.012898595510816135,0.0,0.18958810485444383,0.20026120315230456,-0.008340776610111098,0.010411895145556183,-0.0002612031523045341,0.008340776610111098,0.2,0.2,0.0,0.2758944862529296,-0.2776097932713058,False
0,999,0.061964913232751564,-1.484335183494421,1.6288899202344878,1.6736349403011466,0.012898595510816135,0.0,0.18958810485444383,0.20026120315230456,-0.008340776610111098,-0.09497768431901932,0.07221806794404984,0.61167311668396,0.4121794104576111,-0.8828954100608826,0.509819746017456,0.06230784160214754,-1.4846198381609943,1.629250862565148,1.6735694197727007,0.013090084050795337,0.0,0.18960304318329493,0.20025245019442472,-0.008284322649596443,0.010396956816705077,-0.00025245019442471524,0.008284322649596443,0.2,0.2,0.0,0.2758966976877389,-0.27594092638392437,False
0,1000,0.06230784160214754,-1.4846198381609943,1.629250862565148,1.6735694197727007,0.013090084050795337,0.0,0.18960304318329493,0.20025245019442472,-0.008284322649596443,0.3596649169921875,0.6140628457069397,0.5546308159828186,-0.1041274145245552,-0.4349057972431183,-0.6005783081054688,0.06230784160214754,-1.4846198381609943,1.629250862565148,1.6735694197727007,0.013090084050795337,0.0,0.1906228129301875,0.2002587841018071,-0.0075510757070994215,0.009377187069812509,-0.0002587841018071124,0.0075510757070994215,0.2,0.2,0.0,0.2765820966072927,-0.29029007499836923,True
