episode,timestep,s1,s2,s3,s4,s5,g_s,rb_x,rb_y,rb_z,a1,a2,a3,a4,a5,g_a,ns1,ns2,ns3,ns4,ns5,ng_s,nrb_x,nrb_y,nrb_z,jp_x,jp_y,jp_z,bp_x,bp_y,bp_z,distance,reward,done
0,0,5.751656397412925e-15,-1.5412824087680383,1.5412594485003852,1.5412810253250346,1.2460837897107973e-13,0.0,0.13891299959416592,0.20159999999999925,-0.034773114034667346,0.010162360966205597,0.07735764235258102,0.21095982193946838,0.43599626421928406,0.24140344560146332,0.8860698938369751,5.751656397412925e-15,-1.5412824087680383,1.5412594485003852,1.5412810253250346,1.2460837897107973e-13,0.0,0.1600830186178731,0.2015846501319842,-0.020555492760041066,0.03991698138212689,-0.0015846501319841829,0.020555492760041066,0.2,0.2,0.0,0.25823530413414214,0.0,False
0,1,5.751656397412925e-15,-1.5412824087680383,1.5412594485003852,1.5412810253250346,1.2460837897107973e-13,0.0,0.1600830186178731,0.2015846501319842,-0.020555492760041066,0.7169108390808105,-0.00017657876014709473,0.10113362967967987,0.5317976474761963,0.08735129982233047,0.9131972789764404,5.751656397412925e-15,-1.5412824087680383,1.5412594485003852,1.5412810253250346,1.2460837897107973e-13,0.0,0.160090374110214,0.20158449812100795,-0.02055605543970085,0.039909625889786,-0.0015844981210079475,0.02055605543970085,0.2,0.2,0.0,0.2582397900802411,-0.2583295090022206,False
0,2,5.751656397412925e-15,-1.5412824087680383,1.5412594485003852,1.5412810253250346,1.2460837897107973e-13,0.0,0.160090374110214,0.20158449812100795,-0.02055605543970085,0.730644166469574,0.39537283778190613,0.35661581158638,0.641089677810669,0.02929680421948433,0.9390769600868225,5.751656397412925e-15,-1.5412824087680383,1.5412594485003852,1.5412810253250346,1.2460837897107973e-13,0.0,0.16009398604967634,0.20158442348345007,-0.02055633201089266,0.03990601395032367,-0.0015844234834500664,0.02055633201089266,0.2,0.2,0.0,0.2582419929952736,-0.25828605129592364,False
0,3,5.751656397412925e-15,-1.5412824087680383,1.5412594485003852,1.5412810253250346,1.2460837897107973e-13,0.0,0.16009398604967634,0.20158442348345007,-0.02055633201089266,0.2706042528152466,0.5087511539459229,0.36346402764320374,0.7238072156906128,0.13904982805252075,0.7937862873077393,0.009428854329254693,-1.5399758934663723,1.546174882383408,1.5555954413293178,0.005245955626620594,0.0,0.1600955349474768,0.20158439147844054,-0.0205564506657019,0.03990446505252322,-0.001584391478440535,0.0205564506657019,0.2,0.2,0.0,0.2582429376804395,-0.2582618313837569,False
0,4,0.009428854329254693,-1.5399758934663723,1.546174882383408,1.5555954413293178,0.005245955626620594,0.0,0.1600955349474768,0.20158439147844054,-0.0205564506657019,0.5827547907829285,0.43405336141586304,0.4155258536338806,0.7499436736106873,0.07772916555404663,0.9364703893661499,0.009897485720257367,-1.536797193252961,1.5474666982710794,1.5574156555961387,0.004824095741352867,0.0,0.15997435579071215,0.20109216601482482,-0.02085232451583166,0.040025644209287864,-0.0010921660148248068,0.02085232451583166,0.2,0.2,0.0,0.25780743430107045,-0.24909736671368965,False
0,5,0.009897485720257367,-1.536797193252961,1.5474666982710794,1.5574156555961387,0.004824095741352867,0.0,0.15997435579071215,0.20109216601482482,-0.02085232451583166,0.76518714427948,0.43490278720855713,0.2992706298828125,0.5121483206748962,0.09036951512098312,0.9063231945037842,0.01004260724887142,-1.5360343349451655,1.547887303904059,1.5580124506087627,0.00482459518908629,0.0,0.16072214811677102,0.20110520524615752,-0.020387705588615548,0.03927785188322899,-0.0011052052461575014,0.020387705588615548,0.2,0.2,0.0,0.2582451761631502,-0.26700001340474483,False
0,6,0.01004260724887142,-1.5360343349451655,1.547887303904059,1.5580124506087627,0.00482459518908629,0.0,0.16072214811677102,0.20110520524615752,-0.020387705588615548,0.6938024163246155,0.27866679430007935,0.11775794625282288,0.3199416697025299,0.20071060955524445,0.9262107610702515,0.01004260724887142,-1.5360343349451655,1.547887303904059,1.5580124506087627,0.00482459518908629,0.0,0.16079741525315,0.2010888114480694,-0.020349434818015016,0.03920258474685,-0.0010888114480693896,0.020349434818015016,0.2,0.2,0.0,0.25827624424074275,-0.2588976057925941,False
0,7,0.01004260724887142,-1.5360343349451655,1.547887303904059,1.5580124506087627,0.00482459518908629,0.0,0.16079741525315,0.2010888114480694,-0.020349434818015016,0.6904188394546509,0.3460554778575897,0.28273066878318787,0.8126880526542664,0.07448232173919678,0.7413852214813232,0.01004260724887142,-1.5360343349451655,1.547887303904059,1.5580124506087627,0.00482459518908629,0.0,0.1617153563398635,0.20067415599902694,-0.019944088182846015,0.038284643660136494,-0.0006741559990269325,0.019944088182846015,0.2,0.2,0.0,0.25849514505208016,-0.2628731612788283,False
0,8,0.01004260724887142,-1.5360343349451655,1.547887303904059,1.5580124506087627,0.00482459518908629,0.0,0.1617153563398635,0.20067415599902694,-0.019944088182846015,0.739121675491333,0.4445006251335144,0.3855724036693573,0.5488007664680481,-0.1585315763950348,0.7379159927368164,0.01004260724887142,-1.5360343349451655,1.547887303904059,1.5580124506087627,0.00482459518908629,0.0,0.16266305406084577,0.20054467182229088,-0.019591512242971287,0.03733694593915424,-0.0005446718222908765,0.019591512242971287,0.2,0.2,0.0,0.25896189276547715,-0.2682968470334171,False
0,9,0.01004260724887142,-1.5360343349451655,1.547887303904059,1.5580124506087627,0.00482459518908629,0.0,0.16266305406084577,0.20054467182229088,-0.019591512242971287,0.5176607370376587,0.6839462518692017,0.37806713581085205,0.8933027982711792,0.07154867053031921,0.8757891058921814,0.022179614147546354,-1.5305154682943132,1.55138580531062,1.5678470766489438,0.0072625875579795185,0.0,0.16280540022610057,0.20052632727579633,-0.01953945439165869,0.037194599773899426,-0.0005263272757963182,0.01953945439165869,0.2,0.2,0.0,0.2590331958483782,-0.26045925750639903,False
0,10,0.022179614147546354,-1.5305154682943132,1.55138580531062,1.5678470766489438,0.0072625875579795185,0.0,0.16280540022610057,0.20052632727579633,-0.01953945439165869,0.6151958107948303,0.5880623459815979,0.5165286660194397,0.8049836754798889,-0.17146702110767365,0.8985024094581604,0.022179614147546354,-1.5305154682943132,1.55138580531062,1.5678470766489438,0.0072625875579795185,0.0,0.16893817916062512,0.19989882589317504,-0.016512432320517943,0.031061820839374896,0.00010117410682497139,0.016512432320517943,0.2,0.2,0.0,0.2622447509345365,-0.32647585265770207,False
0,11,0.022179614147546354,-1.5305154682943132,1.55138580531062,1.5678470766489438,0.0072625875579795185,0.0,0.16893817916062512,0.19989882589317504,-0.016512432320517943,0.37095820903778076,0.642333447933197,0.3865267038345337,0.5166249871253967,0.04386545717716217,0.8274919986724854,0.022179614147546354,-1.5305154682943132,1.55138580531062,1.5678470766489438,0.0072625875579795185,0.0,0.1689451773281142,0.19989823446038044,-0.016509215672836804,0.031054822671885796,0.00010176553961958076,0.016509215672836804,0.2,0.2,0.0,0.26224860587796733,-0.2623257047465845,False
0,12,0.022179614147546354,-1.5305154682943132,1.55138580531062,1.5678470766489438,0.0072625875579795185,0.0,0.1689451773281142,0.19989823446038044,-0.016509215672836804,0.7117021083831787,0.6434326171875,0.09705426543951035,0.3977082073688507,-0.09719380736351013,0.9271929860115051,0.0389379043829995,-1.5128537665563946,1.565789118579292,1.5898453821718002,0.0034628763137017297,0.0,0.1686953985846832,0.19994417615752938,-0.01658777031630698,0.03130460141531684,5.5823842470643903e-05,0.01658777031630698,0.2,0.2,0.0,0.26212776504411894,-0.25971094836715114,False
0,13,0.0389379043829995,-1.5128537665563946,1.565789118579292,1.5898453821718002,0.0034628763137017297,0.0,0.1686953985846832,0.19994417615752938,-0.01658777031630698,0.4380297362804413,0.44948992133140564,0.5868504047393799,0.6891273260116577,0.3691895008087158,0.8087177276611328,0.03907978573214112,-1.5127507201570924,1.5657370101397243,1.5898313710460297,0.003540926977605006,0.0,0.16868529377958352,0.1999369455991117,-0.016597647420783044,0.031314706220416474,6.30544008882951e-05,0.016597647420783044,0.2,0.2,0.0,0.26211637196655835,-0.26188851041534644,False
0,14,0.03907978573214112,-1.5127507201570924,1.5657370101397243,1.5898313710460297,0.003540926977605006,0.0,0.16868529377958352,0.1999369455991117,-0.016597647420783044,0.5372889041900635,0.4969475269317627,0.4545890986919403,0.7270797491073608,-0.03419636934995651,0.8360098600387573,0.03907978573214112,-1.5127507201570924,1.5657370101397243,1.5898313710460297,0.003540926977605006,0.0,0.16868529377958352,0.1999369455991117,-0.016597647420783044,0.031314706220416474,6.30544008882951e-05,0.016597647420783044,0.2,0.2,0.0,0.26211637196655835,-0.26211637196655835,False
0,15,0.03907978573214112,-1.5127507201570924,1.5657370101397243,1.5898313710460297,0.003540926977605006,0.0,0.16868529377958352,0.1999369455991117,-0.016597647420783044,0.3172389566898346,0.6049816012382507,0.616094708442688,0.6864910125732422,0.020729633048176765,0.7262586951255798,0.03915732294575532,-1.5126708034598364,1.5658428900577295,1.5899553144756855,0.003606620892247269,0.0,0.16868529377958352,0.1999369455991117,-0.016597647420783044,0.031314706220416474,6.30544008882951e-05,0.016597647420783044,0.2,0.2,0.0,0.26211637196655835,-0.26211637196655835,False
0,16,0.03915732294575532,-1.5126708034598364,1.5658428900577295,1.5899553144756855,0.003606620892247269,0.0,0.16868529377958352,0.1999369455991117,-0.016597647420783044,0.5344589948654175,0.5934426188468933,0.5485653877258301,0.698366641998291,0.025859978049993515,0.8748962879180908,0.039188784905932424,-1.5126417857760752,1.5658691066055186,1.5899976998264749,0.003603912171007692,0.0,0.16868529377958352,0.1999369455991117,-0.016597647420783044,0.031314706220416474,6.30544008882951e-05,0.016597647420783044,0.2,0.2,0.0,0.26211637196655835,-0.26211637196655835,False
0,17,0.039188784905932424,-1.5126417857760752,1.5658691066055186,1.5899976998264749,0.003603912171007692,0.0,0.16868529377958352,0.1999369455991117,-0.016597647420783044,0.5230531692504883,0.43545591831207275,0.584986686706543,0.8320330381393433,-0.014126361347734928,0.916478157043457,0.039188784905932424,-1.5126417857760752,1.5658691066055186,1.5899976998264749,0.003603912171007692,0.0,0.16868529377958352,0.1999369455991117,-0.016597647420783044,0.031314706220416474,6.30544008882951e-05,0.016597647420783044,0.2,0.2,0.0,0.26211637196655835,-0.26211637196655835,False
0,18,0.039188784905932424,-1.5126417857760752,1.5658691066055186,1.5899976998264749,0.003603912171007692,0.0,0.16868529377958352,0.1999369455991117,-0.016597647420783044,0.40041065216064453,0.6190998554229736,0.6133800148963928,0.8460413217544556,-0.14249759912490845,0.787389874458313,0.039188784905932424,-1.5126417857760752,1.5658691066055186,1.5899976998264749,0.003603912171007692,0.0,0.16868529377958352,0.1999369455991117,-0.016597647420783044,0.031314706220416474,6.30544008882951e-05,0.016597647420783044,0.2,0.2,0.0,0.26211637196655835,-0.26211637196655835,False
0,19,0.039188784905932424,-1.5126417857760752,1.5658691066055186,1.5899976998264749,0.003603912171007692,0.0,0.16868529377958352,0.1999369455991117,-0.016597647420783044,0.4014538526535034,0.3052372634410858,0.5510246753692627,0.9108261466026306,-0.08837906271219254,0.7032768130302429,0.039188784905932424,-1.5126417857760752,1.5658691066055186,1.5899976998264749,0.003603912171007692,0.0,0.1687900411883843,0.19992970735573315,-0.01654496814934192,0.03120995881161571,7.02926442668519e-05,0.01654496814934192,0.2,0.2,0.0,0.2621749451392873,-0.26334640859386627,False
0,20,0.039188784905932424,-1.5126417857760752,1.5658691066055186,1.5899976998264749,0.003603912171007692,0.0,0.1687900411883843,0.19992970735573315,-0.01654496814934192,0.48743361234664917,0.5987193584442139,0.6564760804176331,0.7519919872283936,-0.08905218541622162,0.8169647455215454,0.039188784905932424,-1.5126417857760752,1.5658691066055186,1.5899976998264749,0.003603912171007692,0.0,0.16940504554147692,0.19990228575829705,-0.01624285813770479,0.030594954458523078,9.771424170296e-05,0.01624285813770479,0.2,0.2,0.0,0.26253156714342624,-0.26966400722620504,False
0,21,0.039188784905932424,-1.5126417857760752,1.5658691066055186,1.5899976998264749,0.003603912171007692,0.0,0.16940504554147692,0.19990228575829705,-0.01624285813770479,0.698574423789978,0.07480011135339737,0.41065654158592224,0.74198317527771,-0.20905137062072754,0.7927800416946411,0.039188784905932424,-1.5126417857760752,1.5658691066055186,1.5899976998264749,0.003603912171007692,0.0,0.16940504554147692,0.19990228575829705,-0.01624285813770479,0.030594954458523078,9.771424170296e-05,0.01624285813770479,0.2,0.2,0.0,0.26253156714342624,-0.26253156714342624,False
0,22,0.039188784905932424,-1.5126417857760752,1.5658691066055186,1.5899976998264749,0.003603912171007692,0.0,0.16940504554147692,0.19990228575829705,-0.01624285813770479,0.48590904474258423,0.04796630144119263,0.4017043709754944,0.8777012825012207,-0.08586804568767548,0.7787455916404724,0.039188784905932424,-1.5126417857760752,1.5658691066055186,1.5899976998264749,0.003603912171007692,0.0,0.16940504554147692,0.19990228575829705,-0.01624285813770479,0.030594954458523078,9.771424170296e-05,0.01624285813770479,0.2,0.2,0.0,0.26253156714342624,-0.26253156714342624,False
0,23,0.039188784905932424,-1.5126417857760752,1.5658691066055186,1.5899976998264749,0.003603912171007692,0.0,0.16940504554147692,0.19990228575829705,-0.01624285813770479,0.4882083833217621,0.2599712312221527,0.48585912585258484,0.5474072098731995,0.02414938621222973,0.8629406690597534,0.039188784905932424,-1.5126417857760752,1.5658691066055186,1.5899976998264749,0.003603912171007692,0.0,0.16940504554147692,0.19990228575829705,-0.01624285813770479,0.030594954458523078,9.771424170296e-05,0.01624285813770479,0.2,0.2,0.0,0.26253156714342624,-0.26253156714342624,False
0,24,0.039188784905932424,-1.5126417857760752,1.5658691066055186,1.5899976998264749,0.003603912171007692,0.0,0.16940504554147692,0.19990228575829705,-0.01624285813770479,0.6449123620986938,0.41561272740364075,0.4917527139186859,0.7203612327575684,-0.3924875855445862,0.6623438596725464,0.039929257428227304,-1.5118927429821507,1.5668840396988224,1.591540738494767,0.0034514940676045745,0.0,0.16940504554147692,0.19990228575829705,-0.01624285813770479,0.030594954458523078,9.771424170296e-05,0.01624285813770479,0.2,0.2,0.0,0.26253156714342624,-0.26253156714342624,False
0,25,0.039929257428227304,-1.5118927429821507,1.5668840396988224,1.591540738494767,0.0034514940676045745,0.0,0.16940504554147692,0.19990228575829705,-0.01624285813770479,0.5365921258926392,-0.019642924889922142,0.23210567235946655,0.6562663316726685,-0.23020483553409576,0.7838394641876221,0.039929257428227304,-1.5118927429821507,1.5668840396988224,1.591540738494767,0.0034514940676045745,0.0,0.16940504554147692,0.19990228575829705,-0.01624285813770479,0.030594954458523078,9.771424170296e-05,0.01624285813770479,0.2,0.2,0.0,0.26253156714342624,-0.26253156714342624,False
0,26,0.039929257428227304,-1.5118927429821507,1.5668840396988224,1.591540738494767,0.0034514940676045745,0.0,0.16940504554147692,0.19990228575829705,-0.01624285813770479,0.6039260029792786,0.08578718453645706,0.5610748529434204,0.710029661655426,-0.08363569527864456,0.7558332681655884,0.039929257428227304,-1.5118927429821507,1.5668840396988224,1.591540738494767,0.0034514940676045745,0.0,0.16955876121719746,0.19989198745037498,-0.01616552860537654,0.03044123878280255,0.00010801254962502886,0.01616552860537654,0.2,0.2,0.0,0.2626181723861902,-0.2643502772414689,False
0,27,0.039929257428227304,-1.5118927429821507,1.5668840396988224,1.591540738494767,0.0034514940676045745,0.0,0.16955876121719746,0.19989198745037498,-0.01616552860537654,0.4028889536857605,0.4296416640281677,0.463340699672699,0.7032712697982788,-0.5214115381240845,0.8115657567977905,0.039929257428227304,-1.5118927429821507,1.5668840396988224,1.591540738494767,0.0034514940676045745,0.0,0.16955876121719746,0.19989198745037498,-0.01616552860537654,0.03044123878280255,0.00010801254962502886,0.01616552860537654,0.2,0.2,0.0,0.2626181723861902,-0.2626181723861902,False
0,28,0.039929257428227304,-1.5118927429821507,1.5668840396988224,1.591540738494767,0.0034514940676045745,0.0,0.16955876121719746,0.19989198745037498,-0.01616552860537654,0.7725552320480347,0.6429251432418823,0.5477986335754395,0.7888034582138062,-0.41823264956474304,0.7188512682914734,0.039929257428227304,-1.5118927429821507,1.5668840396988224,1.591540738494767,0.0034514940676045745,0.0,0.16955876121719746,0.19989198745037498,-0.01616552860537654,0.03044123878280255,0.00010801254962502886,0.01616552860537654,0.2,0.2,0.0,0.2626181723861902,-0.2626181723861902,False
0,29,0.039929257428227304,-1.5118927429821507,1.5668840396988224,1.591540738494767,0.0034514940676045745,0.0,0.16955876121719746,0.19989198745037498,-0.01616552860537654,0.5444185733795166,0.3627299666404724,0.39140477776527405,0.5010043978691101,-0.4184079170227051,0.7780630588531494,0.039929257428227304,-1.5118927429821507,1.5668840396988224,1.591540738494767,0.0034514940676045745,0.0,0.16961183053924653,0.19988529197280927,-0.016144761727644032,0.030388169460753487,0.00011470802719073343,0.016144761727644032,0.2,0.2,0.0,0.2626460666699041,-0.26320395234418237,False
0,30,0.039929257428227304,-1.5118927429821507,1.5668840396988224,1.591540738494767,0.0034514940676045745,0.0,0.16961183053924653,0.19988529197280927,-0.016144761727644032,0.5893616080284119,0.7090551257133484,0.5348211526870728,0.7310501337051392,-0.30152711272239685,0.7690455317497253,0.039929257428227304,-1.5118927429821507,1.5668840396988224,1.591540738494767,0.0034514940676045745,0.0,0.1755397020336026,0.19954828020916415,-0.013484967361801922,0.024460297966397402,0.000451719790835845,0.013484967361801922,0.2,0.2,0.0,0.26611190779299965,-0.3354287302549108,False
0,31,0.039929257428227304,-1.5118927429821507,1.5668840396988224,1.591540738494767,0.0034514940676045745,0.0,0.1755397020336026,0.19954828020916415,-0.013484967361801922,0.45922034978866577,0.22411230206489563,0.5548059940338135,0.6431180238723755,-0.19592641294002533,0.7687535881996155,0.039929257428227304,-1.5118927429821507,1.5668840396988224,1.591540738494767,0.0034514940676045745,0.0,0.1755397020336026,0.19954828020916415,-0.013484967361801922,0.024460297966397402,0.000451719790835845,0.013484967361801922,0.2,0.2,0.0,0.26611190779299965,-0.26611190779299965,False
0,32,0.039929257428227304,-1.5118927429821507,1.5668840396988224,1.591540738494767,0.0034514940676045745,0.0,0.1755397020336026,0.19954828020916415,-0.013484967361801922,0.6388163566589355,0.30521515011787415,0.41120851039886475,0.6003566980361938,-0.05287867784500122,0.689171314239502,0.039929257428227304,-1.5118927429821507,1.5668840396988224,1.591540738494767,0.0034514940676045745,0.0,0.17550967683957616,0.19954944609739045,-0.013492394914182939,0.024490323160423853,0.00045055390260956274,0.013492394914182939,0.2,0.2,0.0,0.26609335358597,-0.26572226944537763,False
0,33,0.039929257428227304,-1.5118927429821507,1.5668840396988224,1.591540738494767,0.0034514940676045745,0.0,0.17550967683957616,0.19954944609739045,-0.013492394914182939,0.5965491533279419,0.29499906301498413,0.35202455520629883,0.7451635003089905,-0.3217497169971466,0.7753686904907227,0.039929257428227304,-1.5118927429821507,1.5668840396988224,1.591540738494767,0.0034514940676045745,0.0,0.17550967683957616,0.19954944609739045,-0.013492394914182939,0.024490323160423853,0.00045055390260956274,0.013492394914182939,0.2,0.2,0.0,0.26609335358597,-0.26609335358597,False
0,34,0.039929257428227304,-1.5118927429821507,1.5668840396988224,1.591540738494767,0.0034514940676045745,0.0,0.17550967683957616,0.19954944609739045,-0.013492394914182939,0.6168742179870605,0.3320012390613556,0.42400750517845154,0.7924386858940125,-0.4322623014450073,0.7916619777679443,0.039929257428227304,-1.5118927429821507,1.5668840396988224,1.591540738494767,0.0034514940676045745,0.0,0.17550967683957616,0.19954944609739045,-0.013492394914182939,0.024490323160423853,0.00045055390260956274,0.013492394914182939,0.2,0.2,0.0,0.26609335358597,-0.26609335358597,False
0,35,0.039929257428227304,-1.5118927429821507,1.5668840396988224,1.591540738494767,0.0034514940676045745,0.0,0.17550967683957616,0.19954944609739045,-0.013492394914182939,0.7112480998039246,0.06254827976226807,0.3239007890224457,0.8835806250572205,-0.4430047869682312,0.8084659576416016,0.039929257428227304,-1.5118927429821507,1.5668840396988224,1.591540738494767,0.0034514940676045745,0.0,0.1754732398635084,0.19954621482829968,-0.013510352084573254,0.024526760136491615,0.00045378517170033814,0.013510352084573254,0.2,0.2,0.0,0.26606780972892496,-0.2655569325880237,False
0,36,0.039929257428227304,-1.5118927429821507,1.5668840396988224,1.591540738494767,0.0034514940676045745,0.0,0.1754732398635084,0.19954621482829968,-0.013510352084573254,0.35953596234321594,0.29802581667900085,0.21402059495449066,0.8100419044494629,-0.08990021795034409,0.6974567174911499,0.039929257428227304,-1.5118927429821507,1.5668840396988224,1.591540738494767,0.0034514940676045745,0.0,0.1754732398635084,0.19954621482829968,-0.013510352084573254,0.024526760136491615,0.00045378517170033814,0.013510352084573254,0.2,0.2,0.0,0.26606780972892496,-0.26606780972892496,False
0,37,0.039929257428227304,-1.5118927429821507,1.5668840396988224,1.591540738494767,0.0034514940676045745,0.0,0.1754732398635084,0.19954621482829968,-0.013510352084573254,0.3869388997554779,0.3243023157119751,0.44527941942214966,0.7405129671096802,-0.30972450971603394,0.7797932624816895,0.0574418161060745,-1.4916329037450595,1.5826665880808697,1.6132341448189476,-0.005430044697478496,0.0,0.1753905915011609,0.19954693719707758,-0.013585670286831511,0.024609408498839098,0.00045306280292241427,0.013585670286831511,0.2,0.2,0.0,0.26601768769952877,-0.2650152471116049,False
0,38,0.0574418161060745,-1.4916329037450595,1.5826665880808697,1.6132341448189476,-0.005430044697478496,0.0,0.1753905915011609,0.19954693719707758,-0.013585670286831511,0.5460020303726196,0.6166636347770691,0.40994223952293396,0.7110472917556763,-0.28073379397392273,0.6648855209350586,0.0574418161060745,-1.4916329037450595,1.5826665880808697,1.6132341448189476,-0.005430044697478496,0.0,0.1753905915011609,0.19954693719707758,-0.013585670286831511,0.024609408498839098,0.00045306280292241427,0.013585670286831511,0.2,0.2,0.0,0.26601768769952877,-0.26601768769952877,False
0,39,0.0574418161060745,-1.4916329037450595,1.5826665880808697,1.6132341448189476,-0.005430044697478496,0.0,0.1753905915011609,0.19954693719707758,-0.013585670286831511,0.5948458909988403,0.5294197201728821,0.4306219220161438,0.8150372505187988,-0.20892223715782166,0.5936458110809326,0.0574418161060745,-1.4916329037450595,1.5826665880808697,1.6132341448189476,-0.005430044697478496,0.0,0.1753905915011609,0.19954693719707758,-0.013585670286831511,0.024609408498839098,0.00045306280292241427,0.013585670286831511,0.2,0.2,0.0,0.26601768769952877,-0.26601768769952877,False
0,40,0.0574418161060745,-1.4916329037450595,1.5826665880808697,1.6132341448189476,-0.005430044697478496,0.0,0.1753905915011609,0.19954693719707758,-0.013585670286831511,0.3592701554298401,0.6740050315856934,0.3891911804676056,0.8398997187614441,0.15141913294792175,0.7942094802856445,0.0574418161060745,-1.4916329037450595,1.5826665880808697,1.6132341448189476,-0.005430044697478496,0.0,0.1815637546428985,0.19958459953535476,-0.011760849770588527,0.018436245357101505,0.0004154004646452548,0.011760849770588527,0.2,0.2,0.0,0.2700698557022626,-0.3511132157569393,False
0,41,0.0574418161060745,-1.4916329037450595,1.5826665880808697,1.6132341448189476,-0.005430044697478496,0.0,0.1815637546428985,0.19958459953535476,-0.011760849770588527,0.434457391500473,0.6781914234161377,0.5811498165130615,0.8671108484268188,-0.09267764538526535,0.6363234519958496,0.06788399260899608,-1.4720893375241926,1.5939625485033095,1.637627833415211,-0.0010566770040409809,0.0,0.1815637546428985,0.19958459953535476,-0.011760849770588527,0.018436245357101505,0.0004154004646452548,0.011760849770588527,0.2,0.2,0.0,0.2700698557022626,-0.2700698557022626,False
0,42,0.06788399260899608,-1.4720893375241926,1.5939625485033095,1.637627833415211,-0.0010566770040409809,0.0,0.1815637546428985,0.19958459953535476,-0.011760849770588527,0.44878214597702026,0.6555183529853821,0.5367434024810791,0.943300724029541,-0.19607368111610413,0.5178735256195068,0.06788399260899608,-1.4720893375241926,1.5939625485033095,1.637627833415211,-0.0010566770040409809,0.0,0.1815637546428985,0.19958459953535476,-0.011760849770588527,0.018436245357101505,0.0004154004646452548,0.011760849770588527,0.2,0.2,0.0,0.2700698557022626,-0.2700698557022626,False
0,43,0.06788399260899608,-1.4720893375241926,1.5939625485033095,1.637627833415211,-0.0010566770040409809,0.0,0.1815637546428985,0.19958459953535476,-0.011760849770588527,0.4607866108417511,0.5856813788414001,0.4710554778575897,0.9039212465286255,-0.24997813999652863,0.6937185525894165,0.06788399260899608,-1.4720893375241926,1.5939625485033095,1.637627833415211,-0.0010566770040409809,0.0,0.1815637546428985,0.19958459953535476,-0.011760849770588527,0.018436245357101505,0.0004154004646452548,0.011760849770588527,0.2,0.2,0.0,0.2700698557022626,-0.2700698557022626,False
0,44,0.06788399260899608,-1.4720893375241926,1.5939625485033095,1.637627833415211,-0.0010566770040409809,0.0,0.1815637546428985,0.19958459953535476,-0.011760849770588527,0.22589267790317535,0.6852278709411621,0.5071392059326172,0.9390268325805664,-0.11565002053976059,0.7040641903877258,0.06788399260899608,-1.4720893375241926,1.5939625485033095,1.637627833415211,-0.0010566770040409809,0.0,0.1815637546428985,0.19958459953535476,-0.011760849770588527,0.018436245357101505,0.0004154004646452548,0.011760849770588527,0.2,0.2,0.0,0.2700698557022626,-0.2700698557022626,False
0,45,0.06788399260899608,-1.4720893375241926,1.5939625485033095,1.637627833415211,-0.0010566770040409809,0.0,0.1815637546428985,0.19958459953535476,-0.011760849770588527,0.31076177954673767,0.617252767086029,0.4026384651660919,0.842864453792572,-0.0610385462641716,0.47162866592407227,0.06805343552101001,-1.4717511854835867,1.5942204450442587,1.638091729142621,-0.0011194920210261014,0.0,0.1815637546428985,0.19958459953535476,-0.011760849770588527,0.018436245357101505,0.0004154004646452548,0.011760849770588527,0.2,0.2,0.0,0.2700698557022626,-0.2700698557022626,False
0,46,0.06805343552101001,-1.4717511854835867,1.5942204450442587,1.638091729142621,-0.0011194920210261014,0.0,0.1815637546428985,0.19958459953535476,-0.011760849770588527,0.3114200532436371,0.6999752521514893,0.4267847537994385,0.8949643969535828,-0.10768357664346695,0.6105787754058838,0.06812641617478205,-1.4715967331883997,1.5943174351003084,1.6382953580299793,-0.001139200694590111,0.0,0.1815637546428985,0.19958459953535476,-0.011760849770588527,0.018436245357101505,0.0004154004646452548,0.011760849770588527,0.2,0.2,0.0,0.2700698557022626,-0.2700698557022626,False
0,47,0.06812641617478205,-1.4715967331883997,1.5943174351003084,1.6382953580299793,-0.001139200694590111,0.0,0.1815637546428985,0.19958459953535476,-0.011760849770588527,0.3616188168525696,0.7647292613983154,0.19154158234596252,0.9102877378463745,0.03405962139368057,0.7717951536178589,0.0682051858739843,-1.4714253120635503,1.5943891179864003,1.6385064036779116,-0.001147505666303172,0.0,0.1815637546428985,0.19958459953535476,-0.011760849770588527,0.018436245357101505,0.0004154004646452548,0.011760849770588527,0.2,0.2,0.0,0.2700698557022626,-0.2700698557022626,False
0,48,0.0682051858739843,-1.4714253120635503,1.5943891179864003,1.6385064036779116,-0.001147505666303172,0.0,0.1815637546428985,0.19958459953535476,-0.011760849770588527,0.599388837814331,0.6755038499832153,0.4724045991897583,0.933387041091919,0.1396143138408661,0.5607275366783142,0.06835315435321752,-1.4712179598707866,1.5944947542261025,1.6387761855797178,-0.001118567122714251,0.0,0.1815637546428985,0.19958459953535476,-0.011760849770588527,0.018436245357101505,0.0004154004646452548,0.011760849770588527,0.2,0.2,0.0,0.2700698557022626,-0.2700698557022626,False
0,49,0.06835315435321752,-1.4712179598707866,1.5944947542261025,1.6387761855797178,-0.001118567122714251,0.0,0.1815637546428985,0.19958459953535476,-0.011760849770588527,0.5017492771148682,0.6131139397621155,0.3837614059448242,0.9247416853904724,-0.19770100712776184,0.5223822593688965,0.06848120025736523,-1.4710684359731465,1.5945944047132632,1.6389922476700938,-0.0011262374096457793,0.0,0.1815637546428985,0.19958459953535476,-0.011760849770588527,0.018436245357101505,0.0004154004646452548,0.011760849770588527,0.2,0.2,0.0,0.2700698557022626,-0.2700698557022626,False
0,50,0.06848120025736523,-1.4710684359731465,1.5945944047132632,1.6389922476700938,-0.0011262374096457793,0.0,0.1815637546428985,0.19958459953535476,-0.011760849770588527,0.35751911997795105,0.44394931197166443,0.4797969460487366,0.9351490139961243,0.1322508454322815,0.6805317401885986,0.06848120025736523,-1.4710684359731465,1.5945944047132632,1.6389922476700938,-0.0011262374096457793,0.0,0.1815637546428985,0.19958459953535476,-0.011760849770588527,0.018436245357101505,0.0004154004646452548,0.011760849770588527,0.2,0.2,0.0,0.2700698557022626,-0.2700698557022626,False
0,51,0.06848120025736523,-1.4710684359731465,1.5945944047132632,1.6389922476700938,-0.0011262374096457793,0.0,0.1815637546428985,0.19958459953535476,-0.011760849770588527,0.5764033794403076,0.7386661767959595,0.5515046715736389,0.9347054958343506,0.15099869668483734,0.3851526379585266,0.06848120025736523,-1.4710684359731465,1.5945944047132632,1.6389922476700938,-0.0011262374096457793,0.0,0.1815637546428985,0.19958459953535476,-0.011760849770588527,0.018436245357101505,0.0004154004646452548,0.011760849770588527,0.2,0.2,0.0,0.2700698557022626,-0.2700698557022626,False
0,52,0.06848120025736523,-1.4710684359731465,1.5945944047132632,1.6389922476700938,-0.0011262374096457793,0.0,0.1815637546428985,0.19958459953535476,-0.011760849770588527,0.4189532697200775,0.6522610187530518,0.6483583450317383,0.9288312792778015,0.128073051571846,0.47887682914733887,0.06883441784774318,-1.4706318409366006,1.5950051904128522,1.639831987516437,-0.0010801836781223458,0.0,0.1815637546428985,0.19958459953535476,-0.011760849770588527,0.018436245357101505,0.0004154004646452548,0.011760849770588527,0.2,0.2,0.0,0.2700698557022626,-0.2700698557022626,False
0,53,0.06883441784774318,-1.4706318409366006,1.5950051904128522,1.639831987516437,-0.0010801836781223458,0.0,0.1815637546428985,0.19958459953535476,-0.011760849770588527,0.25820207595825195,0.5625510215759277,0.4570102095603943,0.9554728865623474,0.2212413102388382,0.5301601886749268,0.06899380520285349,-1.4703727030945948,1.595206733616207,1.64021535758646,-0.0010018981587186023,0.0,0.1815637546428985,0.19958459953535476,-0.011760849770588527,0.018436245357101505,0.0004154004646452548,0.011760849770588527,0.2,0.2,0.0,0.2700698557022626,-0.2700698557022626,False
0,54,0.06899380520285349,-1.4703727030945948,1.595206733616207,1.64021535758646,-0.0010018981587186023,0.0,0.1815637546428985,0.19958459953535476,-0.011760849770588527,0.3051319420337677,0.6309362053871155,0.396921843290329,0.9340944290161133,-0.31537261605262756,0.49690720438957214,0.06905068561427959,-1.4702471998896052,1.5953088516394687,1.6404295358608036,-0.0009521172643596554,0.0,0.1815637546428985,0.19958459953535476,-0.011760849770588527,0.018436245357101505,0.0004154004646452548,0.011760849770588527,0.2,0.2,0.0,0.2700698557022626,-0.2700698557022626,False
0,55,0.06905068561427959,-1.4702471998896052,1.5953088516394687,1.6404295358608036,-0.0009521172643596554,0.0,0.1815637546428985,0.19958459953535476,-0.011760849770588527,0.32977810502052307,0.5776064395904541,0.4547637701034546,0.9365054965019226,0.022654859349131584,0.6472326517105103,0.06905068561427959,-1.4702471998896052,1.5953088516394687,1.6404295358608036,-0.0009521172643596554,0.0,0.1815637546428985,0.19958459953535476,-0.011760849770588527,0.018436245357101505,0.0004154004646452548,0.011760849770588527,0.2,0.2,0.0,0.2700698557022626,-0.2700698557022626,False
0,56,0.06905068561427959,-1.4702471998896052,1.5953088516394687,1.6404295358608036,-0.0009521172643596554,0.0,0.1815637546428985,0.19958459953535476,-0.011760849770588527,0.14109520614147186,0.6138879060745239,0.382078617811203,0.8940693140029907,0.1391935646533966,0.5771732926368713,0.06919197811741695,-1.4699228940899933,1.5955172207574202,1.6409120322021429,-0.0010452479587160911,0.0,0.1815637546428985,0.19958459953535476,-0.011760849770588527,0.018436245357101505,0.0004154004646452548,0.011760849770588527,0.2,0.2,0.0,0.2700698557022626,-0.2700698557022626,False
0,57,0.06919197811741695,-1.4699228940899933,1.5955172207574202,1.6409120322021429,-0.0010452479587160911,0.0,0.1815637546428985,0.19958459953535476,-0.011760849770588527,0.27799192070961,0.59720778465271,0.47078946232795715,0.9034252166748047,0.31578734517097473,0.5464528799057007,0.06924070292692133,-1.4697820994217043,1.595616568122061,1.6411209762877874,-0.000991049857192549,0.0,0.1815637546428985,0.19958459953535476,-0.011760849770588527,0.018436245357101505,0.0004154004646452548,0.011760849770588527,0.2,0.2,0.0,0.2700698557022626,-0.2700698557022626,False
0,58,0.06924070292692133,-1.4697820994217043,1.595616568122061,1.6411209762877874,-0.000991049857192549,0.0,0.1815637546428985,0.19958459953535476,-0.011760849770588527,0.5574692487716675,0.7674533128738403,0.5102270245552063,0.9482942223548889,0.19197332859039307,0.4049261510372162,0.06935509930809336,-1.4695883333662256,1.5957582050345538,1.6413887734167483,-0.0009137700718496331,0.0,0.1815637546428985,0.19958459953535476,-0.011760849770588527,0.018436245357101505,0.0004154004646452548,0.011760849770588527,0.2,0.2,0.0,0.2700698557022626,-0.2700698557022626,False
0,59,0.06935509930809336,-1.4695883333662256,1.5957582050345538,1.6413887734167483,-0.0009137700718496331,0.0,0.1815637546428985,0.19958459953535476,-0.011760849770588527,0.39974942803382874,0.6364675164222717,0.5863132476806641,0.9433125257492065,-0.06983840465545654,0.44995981454849243,0.06945181461228822,-1.4694556825290517,1.5958462207676063,1.6415522949891495,-0.0008809811142411536,0.0,0.1815637546428985,0.19958459953535476,-0.011760849770588527,0.018436245357101505,0.0004154004646452548,0.011760849770588527,0.2,0.2,0.0,0.2700698557022626,-0.2700698557022626,False
0,60,0.06945181461228822,-1.4694556825290517,1.5958462207676063,1.6415522949891495,-0.0008809811142411536,0.0,0.1815637546428985,0.19958459953535476,-0.011760849770588527,0.38721373677253723,0.2711510956287384,0.6567357778549194,0.9155898094177246,0.3655945360660553,0.6780238151550293,0.06945181461228822,-1.4694556825290517,1.5958462207676063,1.6415522949891495,-0.0008809811142411536,0.0,0.1815637546428985,0.19958459953535476,-0.011760849770588527,0.018436245357101505,0.0004154004646452548,0.011760849770588527,0.2,0.2,0.0,0.2700698557022626,-0.2700698557022626,False
0,61,0.06945181461228822,-1.4694556825290517,1.5958462207676063,1.6415522949891495,-0.0008809811142411536,0.0,0.1815637546428985,0.19958459953535476,-0.011760849770588527,0.2589873671531677,0.8459404110908508,0.5307090282440186,0.9350907802581787,0.13893982768058777,0.4610927402973175,0.06989327338639509,-1.4689117890835397,1.5965376552790274,1.642598234634713,-0.0007598505291006015,0.0,0.1815637546428985,0.19958459953535476,-0.011760849770588527,0.018436245357101505,0.0004154004646452548,0.011760849770588527,0.2,0.2,0.0,0.2700698557022626,-0.2700698557022626,False
0,62,0.06989327338639509,-1.4689117890835397,1.5965376552790274,1.642598234634713,-0.0007598505291006015,0.0,0.1815637546428985,0.19958459953535476,-0.011760849770588527,0.11963649839162827,0.7525507211685181,0.45825281739234924,0.9504531025886536,0.5383704900741577,0.43703317642211914,0.06999116408814383,-1.4686485635834983,1.5967509317565824,1.6429663640521797,-0.0006321070105718777,0.0,0.1815637546428985,0.19958459953535476,-0.011760849770588527,0.018436245357101505,0.0004154004646452548,0.011760849770588527,0.2,0.2,0.0,0.2700698557022626,-0.2700698557022626,False
0,63,0.06999116408814383,-1.4686485635834983,1.5967509317565824,1.6429663640521797,-0.0006321070105718777,0.0,0.1815637546428985,0.19958459953535476,-0.011760849770588527,0.23528222739696503,0.7164899110794067,0.5249904990196228,0.9430648684501648,0.27994903922080994,0.4090994596481323,0.07003254837951242,-1.4684774181448264,1.5968655347069367,1.643187072181423,-0.000536793295235977,0.0,0.1815637546428985,0.19958459953535476,-0.011760849770588527,0.018436245357101505,0.0004154004646452548,0.011760849770588527,0.2,0.2,0.0,0.2700698557022626,-0.2700698557022626,False
0,64,0.07003254837951242,-1.4684774181448264,1.5968655347069367,1.643187072181423,-0.000536793295235977,0.0,0.1815637546428985,0.19958459953535476,-0.011760849770588527,0.35354942083358765,0.883430004119873,0.7097914218902588,0.9522061347961426,0.351561963558197,0.0120475422590971,0.07012244353540106,-1.4682386207426714,1.597051767140799,1.643463908694871,-0.000442681494452592,0.0,0.1815637546428985,0.19958459953535476,-0.011760849770588527,0.018436245357101505,0.0004154004646452548,0.011760849770588527,0.2,0.2,0.0,0.2700698557022626,-0.2700698557022626,False
0,65,0.07012244353540106,-1.4682386207426714,1.597051767140799,1.643463908694871,-0.000442681494452592,0.0,0.1815637546428985,0.19958459953535476,-0.011760849770588527,0.6150217056274414,0.8556929230690002,0.5792868733406067,0.9365599155426025,0.28286081552505493,0.6345842480659485,0.0702360373665714,-1.4680362654151349,1.5972014934511907,1.6436834932129585,-0.0003690282848946741,0.0,0.1815637546428985,0.19958459953535476,-0.011760849770588527,0.018436245357101505,0.0004154004646452548,0.011760849770588527,0.2,0.2,0.0,0.2700698557022626,-0.2700698557022626,False
0,66,0.0702360373665714,-1.4680362654151349,1.5972014934511907,1.6436834932129585,-0.0003690282848946741,0.0,0.1815637546428985,0.19958459953535476,-0.011760849770588527,0.12261276692152023,0.7173748016357422,0.6912322044372559,0.9267186522483826,0.3246610462665558,0.43271404504776,0.07049324813551658,-1.4676148913287788,1.5975107919273501,1.644161665882362,-0.0002195579396419853,0.0,0.1815637546428985,0.19958459953535476,-0.011760849770588527,0.018436245357101505,0.0004154004646452548,0.011760849770588527,0.2,0.2,0.0,0.2700698557022626,-0.2700698557022626,False
0,67,0.07049324813551658,-1.4676148913287788,1.5975107919273501,1.644161665882362,-0.0002195579396419853,0.0,0.1815637546428985,0.19958459953535476,-0.011760849770588527,0.5010836124420166,0.8256629705429077,0.7101873755455017,0.9481865763664246,0.24899710714817047,0.4564391076564789,0.07054243076379571,-1.467443679227578,1.5976715181252545,1.6443763354269798,-0.0001491793990970668,0.0,0.1815637546428985,0.19958459953535476,-0.011760849770588527,0.018436245357101505,0.0004154004646452548,0.011760849770588527,0.2,0.2,0.0,0.2700698557022626,-0.2700698557022626,False
0,68,0.07054243076379571,-1.467443679227578,1.5976715181252545,1.6443763354269798,-0.0001491793990970668,0.0,0.1815637546428985,0.19958459953535476,-0.011760849770588527,0.6520939469337463,0.7457283735275269,0.5023647546768188,0.9171364307403564,0.1257646530866623,0.39147743582725525,0.07070761804010033,-1.4672119698879658,1.5978540336092397,1.6446494370604734,-9.139253620832756e-05,0.0,0.1815637546428985,0.19958459953535476,-0.011760849770588527,0.018436245357101505,0.0004154004646452548,0.011760849770588527,0.2,0.2,0.0,0.2700698557022626,-0.2700698557022626,False
0,69,0.07070761804010033,-1.4672119698879658,1.5978540336092397,1.6446494370604734,-9.139253620832756e-05,0.0,0.1815637546428985,0.19958459953535476,-0.011760849770588527,0.40883949398994446,0.8342639207839966,0.6363814473152161,0.9550814032554626,0.45544493198394775,0.45707187056541443,0.07083104782497794,-1.4670274168324926,1.5979870007669323,1.6448680469997705,-2.2856092946052614e-05,0.0,0.1815637546428985,0.19958459953535476,-0.011760849770588527,0.018436245357101505,0.0004154004646452548,0.011760849770588527,0.2,0.2,0.0,0.2700698557022626,-0.2700698557022626,False
0,70,0.07083104782497794,-1.4670274168324926,1.5979870007669323,1.6448680469997705,-2.2856092946052614e-05,0.0,0.1815637546428985,0.19958459953535476,-0.011760849770588527,0.49410372972488403,0.8769673109054565,0.6414259672164917,0.9451139569282532,0.24363422393798828,0.42906078696250916,0.07083104782497794,-1.4670274168324926,1.5979870007669323,1.6448680469997705,-2.2856092946052614e-05,0.0,0.1815637546428985,0.19958459953535476,-0.011760849770588527,0.018436245357101505,0.0004154004646452548,0.011760849770588527,0.2,0.2,0.0,0.2700698557022626,-0.2700698557022626,False
0,71,0.07083104782497794,-1.4670274168324926,1.5979870007669323,1.6448680469997705,-2.2856092946052614e-05,0.0,0.1815637546428985,0.19958459953535476,-0.011760849770588527,0.266055703163147,0.8645313382148743,0.6952341794967651,0.9422744512557983,0.5152645707130432,0.20289835333824158,0.07128599148020444,-1.4662013500588968,1.598595578137914,1.6457672729767665,0.0002434811169271995,0.0,0.1815637546428985,0.19958459953535476,-0.011760849770588527,0.018436245357101505,0.0004154004646452548,0.011760849770588527,0.2,0.2,0.0,0.2700698557022626,-0.2700698557022626,False
0,72,0.07128599148020444,-1.4662013500588968,1.598595578137914,1.6457672729767665,0.0002434811169271995,0.0,0.1815637546428985,0.19958459953535476,-0.011760849770588527,0.4794180393218994,0.7670853137969971,0.5291783809661865,0.9588913917541504,0.4162362813949585,0.4288940131664276,0.07138692571571809,-1.4659630528081915,1.5987771467908272,1.6460416851982234,0.0003822932522248458,0.0,0.1815637546428985,0.19958459953535476,-0.011760849770588527,0.018436245357101505,0.0004154004646452548,0.011760849770588527,0.2,0.2,0.0,0.2700698557022626,-0.2700698557022626,False
0,73,0.07138692571571809,-1.4659630528081915,1.5987771467908272,1.6460416851982234,0.0003822932522248458,0.0,0.1815637546428985,0.19958459953535476,-0.011760849770588527,0.5736019611358643,0.8755757808685303,0.42392587661743164,0.9310059547424316,0.6605640649795532,0.5875011682510376,0.071610914126404,-1.4656095833883154,1.599009650100529,1.646474033956902,0.0005847419268963011,0.0,0.1815637546428985,0.19958459953535476,-0.011760849770588527,0.018436245357101505,0.0004154004646452548,0.011760849770588527,0.2,0.2,0.0,0.2700698557022626,-0.2700698557022626,False
0,74,0.071610914126404,-1.4656095833883154,1.599009650100529,1.646474033956902,0.0005847419268963011,0.0,0.1815637546428985,0.19958459953535476,-0.011760849770588527,0.27914726734161377,0.9113674163818359,0.7209100723266602,0.9606733322143555,0.5179845094680786,0.11706667393445969,0.0717427848365451,-1.4653504537880981,1.5991679457277739,1.6467468158629883,0.0007600383192842411,0.0,0.1815637546428985,0.19958459953535476,-0.011760849770588527,0.018436245357101505,0.0004154004646452548,0.011760849770588527,0.2,0.2,0.0,0.2700698557022626,-0.2700698557022626,False
0,75,0.0717427848365451,-1.4653504537880981,1.5991679457277739,1.6467468158629883,0.0007600383192842411,0.0,0.1815637546428985,0.19958459953535476,-0.011760849770588527,0.532574474811554,0.8108858466148376,0.6889970898628235,0.9449199438095093,0.5316663980484009,0.3931692838668823,0.07179019724840878,-1.4651933237893757,1.5992928751277102,1.6469124517664917,0.0008489627295030143,0.0,0.1815637546428985,0.19958459953535476,-0.011760849770588527,0.018436245357101505,0.0004154004646452548,0.011760849770588527,0.2,0.2,0.0,0.2700698557022626,-0.2700698557022626,False
0,76,0.07179019724840878,-1.4651933237893757,1.5992928751277102,1.6469124517664917,0.0008489627295030143,0.0,0.1815637546428985,0.19958459953535476,-0.011760849770588527,0.46342724561691284,0.8060718178749084,0.6513226628303528,0.9411344528198242,0.3431733548641205,0.5935195684432983,0.07196958907216054,-1.4649097307004215,1.5995299855093277,1.6472434555825533,0.001013030280117146,0.0,0.1815637546428985,0.19958459953535476,-0.011760849770588527,0.018436245357101505,0.0004154004646452548,0.011760849770588527,0.2,0.2,0.0,0.2700698557022626,-0.2700698557022626,False
0,77,0.07196958907216054,-1.4649097307004215,1.5995299855093277,1.6472434555825533,0.001013030280117146,0.0,0.1815637546428985,0.19958459953535476,-0.011760849770588527,0.3901282846927643,0.8215045928955078,0.6240242719650269,0.9384932518005371,0.7471814155578613,0.4840734899044037,0.0720688003939063,-1.464719880669455,1.5996785785185375,1.6474626502850747,0.001140976076572578,0.0,0.1815637546428985,0.19958459953535476,-0.011760849770588527,0.018436245357101505,0.0004154004646452548,0.011760849770588527,0.2,0.2,0.0,0.2700698557022626,-0.2700698557022626,False
0,78,0.0720688003939063,-1.464719880669455,1.5996785785185375,1.6474626502850747,0.001140976076572578,0.0,0.1815637546428985,0.19958459953535476,-0.011760849770588527,0.6246143579483032,0.8945127129554749,0.6176172494888306,0.9360191226005554,0.5754215717315674,0.5305951833724976,0.07222434370717078,-1.4644671087967116,1.5998595114566652,1.6477360879082892,0.0013289557219394016,0.0,0.1815637546428985,0.19958459953535476,-0.011760849770588527,0.018436245357101505,0.0004154004646452548,0.011760849770588527,0.2,0.2,0.0,0.2700698557022626,-0.2700698557022626,False
0,79,0.07222434370717078,-1.4644671087967116,1.5998595114566652,1.6477360879082892,0.0013289557219394016,0.0,0.1815637546428985,0.19958459953535476,-0.011760849770588527,0.3207213282585144,0.8629879951477051,0.7026816606521606,0.9552143812179565,0.34586650133132935,0.2904989421367645,0.07222434370717078,-1.4644671087967116,1.5998595114566652,1.6477360879082892,0.0013289557219394016,0.0,0.1815637546428985,0.19958459953535476,-0.011760849770588527,0.018436245357101505,0.0004154004646452548,0.011760849770588527,0.2,0.2,0.0,0.2700698557022626,-0.2700698557022626,False
0,80,0.07222434370717078,-1.4644671087967116,1.5998595114566652,1.6477360879082892,0.0013289557219394016,0.0,0.1815637546428985,0.19958459953535476,-0.011760849770588527,0.4418245553970337,0.7960551381111145,0.6698089838027954,0.9376755356788635,0.6475359201431274,0.3092910051345825,0.07222434370717078,-1.4644671087967116,1.5998595114566652,1.6477360879082892,0.0013289557219394016,0.0,0.1815637546428985,0.19958459953535476,-0.011760849770588527,0.018436245357101505,0.0004154004646452548,0.011760849770588527,0.2,0.2,0.0,0.2700698557022626,-0.2700698557022626,False
0,81,0.07222434370717078,-1.4644671087967116,1.5998595114566652,1.6477360879082892,0.0013289557219394016,0.0,0.1815637546428985,0.19958459953535476,-0.011760849770588527,0.5854390263557434,0.8740315437316895,0.5602967143058777,0.9229688048362732,0.48758623003959656,0.5104389190673828,0.07222434370717078,-1.4644671087967116,1.5998595114566652,1.6477360879082892,0.0013289557219394016,0.0,0.1815637546428985,0.19958459953535476,-0.011760849770588527,0.018436245357101505,0.0004154004646452548,0.011760849770588527,0.2,0.2,0.0,0.2700698557022626,-0.2700698557022626,False
0,82,0.07222434370717078,-1.4644671087967116,1.5998595114566652,1.6477360879082892,0.0013289557219394016,0.0,0.1815637546428985,0.19958459953535476,-0.011760849770588527,0.7135878801345825,0.8613845109939575,0.5965439677238464,0.9148228764533997,0.6200951337814331,0.45155176520347595,0.07286500053462402,-1.4634502411816572,1.600611769317012,1.648851303331746,0.0020032283243668907,0.0,0.1815637546428985,0.19958459953535476,-0.011760849770588527,0.018436245357101505,0.0004154004646452548,0.011760849770588527,0.2,0.2,0.0,0.2700698557022626,-0.2700698557022626,False
0,83,0.07286500053462402,-1.4634502411816572,1.600611769317012,1.648851303331746,0.0020032283243668907,0.0,0.1815637546428985,0.19958459953535476,-0.011760849770588527,0.325391560792923,0.8506608009338379,0.5320504307746887,0.9381176233291626,0.4234251081943512,0.708453893661499,0.07300457941271861,-1.4632559121551585,1.6007427114841684,1.6490595737283567,0.002132312830818288,0.0,0.1815637546428985,0.19958459953535476,-0.011760849770588527,0.018436245357101505,0.0004154004646452548,0.011760849770588527,0.2,0.2,0.0,0.2700698557022626,-0.2700698557022626,False
0,84,0.07300457941271861,-1.4632559121551585,1.6007427114841684,1.6490595737283567,0.002132312830818288,0.0,0.1815637546428985,0.19958459953535476,-0.011760849770588527,0.5962241888046265,0.8757739067077637,0.49557623267173767,0.9501392245292664,0.4498524069786072,0.5531313419342041,0.07311403706440375,-1.4630076460739743,1.6008946897608127,1.64933253311684,0.002256139395429352,0.0,0.1815637546428985,0.19958459953535476,-0.011760849770588527,0.018436245357101505,0.0004154004646452548,0.011760849770588527,0.2,0.2,0.0,0.2700698557022626,-0.2700698557022626,False
0,85,0.07311403706440375,-1.4630076460739743,1.6008946897608127,1.64933253311684,0.002256139395429352,0.0,0.1815637546428985,0.19958459953535476,-0.011760849770588527,0.3281528353691101,0.8104784488677979,0.6283241510391235,0.9349226355552673,0.6850354075431824,0.4041738510131836,0.07322228539861157,-1.4628101037031773,1.6010266461664358,1.6495534629703172,0.0023897237467871753,0.0,0.1815637546428985,0.19958459953535476,-0.011760849770588527,0.018436245357101505,0.0004154004646452548,0.011760849770588527,0.2,0.2,0.0,0.2700698557022626,-0.2700698557022626,False
0,86,0.07322228539861157,-1.4628101037031773,1.6010266461664358,1.6495534629703172,0.0023897237467871753,0.0,0.1815637546428985,0.19958459953535476,-0.011760849770588527,0.6641650199890137,0.8073473572731018,0.6369448304176331,0.9358341693878174,0.6968291997909546,0.3556447923183441,0.07335716703327998,-1.4625752144803577,1.6012104332264951,1.6498250793476987,0.0025905644816573386,0.0,0.1815637546428985,0.19958459953535476,-0.011760849770588527,0.018436245357101505,0.0004154004646452548,0.011760849770588527,0.2,0.2,0.0,0.2700698557022626,-0.2700698557022626,False
0,87,0.07335716703327998,-1.4625752144803577,1.6012104332264951,1.6498250793476987,0.0025905644816573386,0.0,0.1815637546428985,0.19958459953535476,-0.011760849770588527,0.5285179018974304,0.7718662619590759,0.5978681445121765,0.9301254749298096,0.6287258267402649,0.7480552196502686,0.07349656873404398,-1.462390948920295,1.60135449712132,1.650042905149476,0.0027451479165316217,0.0,0.1815637546428985,0.19958459953535476,-0.011760849770588527,0.018436245357101505,0.0004154004646452548,0.011760849770588527,0.2,0.2,0.0,0.2700698557022626,-0.2700698557022626,False
0,88,0.07349656873404398,-1.462390948920295,1.60135449712132,1.650042905149476,0.0027451479165316217,0.0,0.1815637546428985,0.19958459953535476,-0.011760849770588527,0.6318752765655518,0.8158873319625854,0.5406134128570557,0.9716914892196655,0.5585433840751648,0.5043051838874817,0.07366903885212882,-1.4621578982271692,1.6015187172818695,1.6503217422513055,0.002916031015109284,0.0,0.1815637546428985,0.19958459953535476,-0.011760849770588527,0.018436245357101505,0.0004154004646452548,0.011760849770588527,0.2,0.2,0.0,0.2700698557022626,-0.2700698557022626,False
0,89,0.07366903885212882,-1.4621578982271692,1.6015187172818695,1.6503217422513055,0.002916031015109284,0.0,0.1815637546428985,0.19958459953535476,-0.011760849770588527,0.43961066007614136,0.9060202836990356,0.631306529045105,0.9208887815475464,0.6269958019256592,0.6143826246261597,0.07379316693388867,-1.4619573388218656,1.6016551935684489,1.6505417033234606,0.0030540048584009956,0.0,0.1815637546428985,0.19958459953535476,-0.011760849770588527,0.018436245357101505,0.0004154004646452548,0.011760849770588527,0.2,0.2,0.0,0.2700698557022626,-0.2700698557022626,False
0,90,0.07379316693388867,-1.4619573388218656,1.6016551935684489,1.6505417033234606,0.0030540048584009956,0.0,0.1815637546428985,0.19958459953535476,-0.011760849770588527,0.42239701747894287,0.8762273788452148,0.6655377149581909,0.9391614198684692,0.4621139168739319,0.5528348088264465,0.07379316693388867,-1.4619573388218656,1.6016551935684489,1.6505417033234606,0.0030540048584009956,0.0,0.1815637546428985,0.19958459953535476,-0.011760849770588527,0.018436245357101505,0.0004154004646452548,0.011760849770588527,0.2,0.2,0.0,0.2700698557022626,-0.2700698557022626,False
0,91,0.07379316693388867,-1.4619573388218656,1.6016551935684489,1.6505417033234606,0.0030540048584009956,0.0,0.1815637546428985,0.19958459953535476,-0.011760849770588527,0.4749295711517334,0.8781565427780151,0.6767133474349976,0.9166472554206848,0.5391172170639038,0.5804038047790527,0.07379316693388867,-1.4619573388218656,1.6016551935684489,1.6505417033234606,0.0030540048584009956,0.0,0.1815637546428985,0.19958459953535476,-0.011760849770588527,0.018436245357101505,0.0004154004646452548,0.011760849770588527,0.2,0.2,0.0,0.2700698557022626,-0.2700698557022626,False
0,92,0.07379316693388867,-1.4619573388218656,1.6016551935684489,1.6505417033234606,0.0030540048584009956,0.0,0.1815637546428985,0.19958459953535476,-0.011760849770588527,0.610630989074707,0.8767947554588318,0.4533630609512329,0.8230982422828674,0.463279664516449,0.6392372846603394,0.07379316693388867,-1.4619573388218656,1.6016551935684489,1.6505417033234606,0.0030540048584009956,0.0,0.1815637546428985,0.19958459953535476,-0.011760849770588527,0.018436245357101505,0.0004154004646452548,0.011760849770588527,0.2,0.2,0.0,0.2700698557022626,-0.2700698557022626,False
0,93,0.07379316693388867,-1.4619573388218656,1.6016551935684489,1.6505417033234606,0.0030540048584009956,0.0,0.1815637546428985,0.19958459953535476,-0.011760849770588527,0.6081448793411255,0.7796853184700012,0.6415255069732666,0.9185017347335815,0.34420472383499146,0.7085581421852112,0.0748800317139296,-1.4599853906517861,1.6030856602019203,1.6525754462647027,0.0042133076189566155,0.0,0.1815637546428985,0.19958459953535476,-0.011760849770588527,0.018436245357101505,0.0004154004646452548,0.011760849770588527,0.2,0.2,0.0,0.2700698557022626,-0.2700698557022626,False
0,94,0.0748800317139296,-1.4599853906517861,1.6030856602019203,1.6525754462647027,0.0042133076189566155,0.0,0.1815637546428985,0.19958459953535476,-0.011760849770588527,0.5307995080947876,0.7726654410362244,0.6235785484313965,0.915848970413208,0.5565807819366455,0.5273598432540894,0.07507486684050223,-1.4597186966286693,1.6032751349004335,1.6528691029142628,0.004362986252589582,0.0,0.1815637546428985,0.19958459953535476,-0.011760849770588527,0.018436245357101505,0.0004154004646452548,0.011760849770588527,0.2,0.2,0.0,0.2700698557022626,-0.2700698557022626,False
0,95,0.07507486684050223,-1.4597186966286693,1.6032751349004335,1.6528691029142628,0.004362986252589582,0.0,0.1815637546428985,0.19958459953535476,-0.011760849770588527,0.5698699355125427,0.78941410779953,0.5563075542449951,0.9372552037239075,0.5032484531402588,0.6009505391120911,0.07520325776651329,-1.4595364193237113,1.6034126763225023,1.6530854244410296,0.004486833693149334,0.0,0.1815637546428985,0.19958459953535476,-0.011760849770588527,0.018436245357101505,0.0004154004646452548,0.011760849770588527,0.2,0.2,0.0,0.2700698557022626,-0.2700698557022626,False
0,96,0.07520325776651329,-1.4595364193237113,1.6034126763225023,1.6530854244410296,0.004486833693149334,0.0,0.1815637546428985,0.19958459953535476,-0.011760849770588527,0.49514254927635193,0.8656811714172363,0.5190263390541077,0.929045557975769,0.4223948121070862,0.7374237775802612,0.07535629943994783,-1.4592924306781034,1.6035682904257567,1.6533575086180639,0.004619213890742431,0.0,0.1815637546428985,0.19958459953535476,-0.011760849770588527,0.018436245357101505,0.0004154004646452548,0.011760849770588527,0.2,0.2,0.0,0.2700698557022626,-0.2700698557022626,False
0,97,0.07535629943994783,-1.4592924306781034,1.6035682904257567,1.6533575086180639,0.004619213890742431,0.0,0.1815637546428985,0.19958459953535476,-0.011760849770588527,0.5770004391670227,0.7603418231010437,0.5402185320854187,0.9672263860702515,0.39071300625801086,0.6130519509315491,0.07544718328827842,-1.4591481659146268,1.6036597375136483,1.6535212872059772,0.004690632743037051,0.0,0.1815637546428985,0.19958459953535476,-0.011760849770588527,0.018436245357101505,0.0004154004646452548,0.011760849770588527,0.2,0.2,0.0,0.2700698557022626,-0.2700698557022626,False
0,98,0.07544718328827842,-1.4591481659146268,1.6036597375136483,1.6535212872059772,0.004690632743037051,0.0,0.1815637546428985,0.19958459953535476,-0.011760849770588527,0.6268408894538879,0.8443539142608643,0.43551868200302124,0.9040833115577698,0.6150754690170288,0.7047710418701172,0.07561351684795851,-1.4589296952108053,1.6038152823045597,1.6537997786945873,0.004802976393976292,0.0,0.1815637546428985,0.19958459953535476,-0.011760849770588527,0.018436245357101505,0.0004154004646452548,0.011760849770588527,0.2,0.2,0.0,0.2700698557022626,-0.2700698557022626,False
0,99,0.07561351684795851,-1.4589296952108053,1.6038152823045597,1.6537997786945873,0.004802976393976292,0.0,0.1815637546428985,0.19958459953535476,-0.011760849770588527,0.6457476615905762,0.9270461797714233,0.443075954914093,0.9612401127815247,0.6711750030517578,0.3825013041496277,0.07572548498404279,-1.4587754013932348,1.6038924590166335,1.6539627895761055,0.0049154548358552805,0.0,0.1815637546428985,0.19958459953535476,-0.011760849770588527,0.018436245357101505,0.0004154004646452548,0.011760849770588527,0.2,0.2,0.0,0.2700698557022626,-0.2700698557022626,False
0,100,0.07572548498404279,-1.4587754013932348,1.6038924590166335,1.6539627895761055,0.0049154548358552805,0.0,0.1815637546428985,0.19958459953535476,-0.011760849770588527,0.40424373745918274,0.9264312386512756,0.5591017007827759,0.9276971220970154,0.6427577137947083,0.48062360286712646,0.07572548498404279,-1.4587754013932348,1.6038924590166335,1.6539627895761055,0.0049154548358552805,0.0,0.1815637546428985,0.19958459953535476,-0.011760849770588527,0.018436245357101505,0.0004154004646452548,0.011760849770588527,0.2,0.2,0.0,0.2700698557022626,-0.2700698557022626,False
0,101,0.07572548498404279,-1.4587754013932348,1.6038924590166335,1.6539627895761055,0.0049154548358552805,0.0,0.1815637546428985,0.19958459953535476,-0.011760849770588527,0.42860913276672363,0.7989310026168823,0.5082218647003174,0.8851014971733093,0.4450540244579315,0.602837085723877,0.07624743569428837,-1.457943823835017,1.6043164354722579,1.6548154475409473,0.005509721995766409,0.0,0.1815637546428985,0.19958459953535476,-0.011760849770588527,0.018436245357101505,0.0004154004646452548,0.011760849770588527,0.2,0.2,0.0,0.2700698557022626,-0.2700698557022626,False
0,102,0.07624743569428837,-1.457943823835017,1.6043164354722579,1.6548154475409473,0.005509721995766409,0.0,0.1815637546428985,0.19958459953535476,-0.011760849770588527,0.6154204607009888,0.8807811737060547,0.20615172386169434,0.9436028003692627,0.6167482137680054,0.5177556276321411,0.07648574717800324,-1.4574544282699993,1.6045974394115226,1.65532159423759,0.005828266769211654,0.0,0.1815637546428985,0.19958459953535476,-0.011760849770588527,0.018436245357101505,0.0004154004646452548,0.011760849770588527,0.2,0.2,0.0,0.2700698557022626,-0.2700698557022626,False
0,103,0.07648574717800324,-1.4574544282699993,1.6045974394115226,1.65532159423759,0.005828266769211654,0.0,0.1815637546428985,0.19958459953535476,-0.011760849770588527,0.6191726922988892,0.8336316347122192,0.39354315400123596,0.9179741144180298,0.48618119955062866,0.8089041709899902,0.07659375782729072,-1.4573037379110934,1.6046436816933172,1.655484567356463,0.005928131088924401,0.0,0.1815637546428985,0.19958459953535476,-0.011760849770588527,0.018436245357101505,0.0004154004646452548,0.011760849770588527,0.2,0.2,0.0,0.2700698557022626,-0.2700698557022626,False
0,104,0.07659375782729072,-1.4573037379110934,1.6046436816933172,1.655484567356463,0.005928131088924401,0.0,0.1815637546428985,0.19958459953535476,-0.011760849770588527,0.5455954074859619,0.7272204160690308,0.4143129289150238,0.8920851945877075,0.6759469509124756,0.46861132979393005,0.07676504498239972,-1.457074155672804,1.6047612740912256,1.6557483645659328,0.006091740882306636,0.0,0.1815637546428985,0.19958459953535476,-0.011760849770588527,0.018436245357101505,0.0004154004646452548,0.011760849770588527,0.2,0.2,0.0,0.2700698557022626,-0.2700698557022626,False
0,105,0.07676504498239972,-1.457074155672804,1.6047612740912256,1.6557483645659328,0.006091740882306636,0.0,0.1815637546428985,0.19958459953535476,-0.011760849770588527,0.4441944658756256,0.7745122313499451,0.5384275317192078,0.886972188949585,0.3039505183696747,0.5836094617843628,0.07688021176075922,-1.45689887782463,1.604872855065643,1.6559560025368043,0.006205445014429243,0.0,0.1815637546428985,0.19958459953535476,-0.011760849770588527,0.018436245357101505,0.0004154004646452548,0.011760849770588527,0.2,0.2,0.0,0.2700698557022626,-0.2700698557022626,False
0,106,0.07688021176075922,-1.45689887782463,1.604872855065643,1.6559560025368043,0.006205445014429243,0.0,0.1815637546428985,0.19958459953535476,-0.011760849770588527,0.5420313477516174,0.875055730342865,0.4332338571548462,0.9127551317214966,0.5624407529830933,0.5410981178283691,0.0769816879750294,-1.456721343816561,1.6049965136623396,1.656159153179583,0.006274066836612316,0.0,0.1815637546428985,0.19958459953535476,-0.011760849770588527,0.018436245357101505,0.0004154004646452548,0.011760849770588527,0.2,0.2,0.0,0.2700698557022626,-0.2700698557022626,False
0,107,0.0769816879750294,-1.456721343816561,1.6049965136623396,1.656159153179583,0.006274066836612316,0.0,0.1815637546428985,0.19958459953535476,-0.011760849770588527,0.490285187959671,0.8439223766326904,0.446194052696228,0.8825206756591797,0.331003874540329,0.7196952104568481,0.07710338427541097,-1.4565187270300475,1.6050999364873313,1.6563706263755267,0.006379409297149745,0.0,0.1815637546428985,0.19958459953535476,-0.011760849770588527,0.018436245357101505,0.0004154004646452548,0.011760849770588527,0.2,0.2,0.0,0.2700698557022626,-0.2700698557022626,False
0,108,0.07710338427541097,-1.4565187270300475,1.6050999364873313,1.6563706263755267,0.006379409297149745,0.0,0.1815637546428985,0.19958459953535476,-0.011760849770588527,0.5340094566345215,0.8392040729522705,0.3915235102176666,0.9132774472236633,0.36273273825645447,0.7274367809295654,0.07722310073819398,-1.456322130108595,1.6051976935413046,1.6565804812953655,0.006460226332673805,0.0,0.1815637546428985,0.19958459953535476,-0.011760849770588527,0.018436245357101505,0.0004154004646452548,0.011760849770588527,0.2,0.2,0.0,0.2700698557022626,-0.2700698557022626,False
0,109,0.07722310073819398,-1.456322130108595,1.6051976935413046,1.6565804812953655,0.006460226332673805,0.0,0.1815637546428985,0.19958459953535476,-0.011760849770588527,0.3765259385108948,0.902374267578125,0.46185120940208435,0.9171943664550781,0.19674521684646606,0.5469943284988403,0.0773071539542569,-1.456171498979107,1.6052703497594543,1.6567401415069256,0.0065044060444768015,0.0,0.1815637546428985,0.19958459953535476,-0.011760849770588527,0.018436245357101505,0.0004154004646452548,0.011760849770588527,0.2,0.2,0.0,0.2700698557022626,-0.2700698557022626,False
0,110,0.0773071539542569,-1.456171498979107,1.6052703497594543,1.6567401415069256,0.0065044060444768015,0.0,0.1815637546428985,0.19958459953535476,-0.011760849770588527,0.7509678602218628,0.8728373646736145,0.43235310912132263,0.9035652875900269,0.4996276795864105,0.4883471429347992,0.0773071539542569,-1.456171498979107,1.6052703497594543,1.6567401415069256,0.0065044060444768015,0.0,0.1815637546428985,0.19958459953535476,-0.011760849770588527,0.018436245357101505,0.0004154004646452548,0.011760849770588527,0.2,0.2,0.0,0.2700698557022626,-0.2700698557022626,False
0,111,0.0773071539542569,-1.456171498979107,1.6052703497594543,1.6567401415069256,0.0065044060444768015,0.0,0.1815637546428985,0.19958459953535476,-0.011760849770588527,0.5689148306846619,0.8390794992446899,0.425458163022995,0.8938932418823242,0.4840710163116455,0.6185256242752075,0.0773071539542569,-1.456171498979107,1.6052703497594543,1.6567401415069256,0.0065044060444768015,0.0,0.1815637546428985,0.19958459953535476,-0.011760849770588527,0.018436245357101505,0.0004154004646452548,0.011760849770588527,0.2,0.2,0.0,0.2700698557022626,-0.2700698557022626,False
0,112,0.0773071539542569,-1.456171498979107,1.6052703497594543,1.6567401415069256,0.0065044060444768015,0.0,0.1815637546428985,0.19958459953535476,-0.011760849770588527,0.6220723390579224,0.8592020273208618,0.38419511914253235,0.9448950886726379,0.2634069323539734,0.6329723000526428,0.0773071539542569,-1.456171498979107,1.6052703497594543,1.6567401415069256,0.0065044060444768015,0.0,0.1815637546428985,0.19958459953535476,-0.011760849770588527,0.018436245357101505,0.0004154004646452548,0.011760849770588527,0.2,0.2,0.0,0.2700698557022626,-0.2700698557022626,False
0,113,0.0773071539542569,-1.456171498979107,1.6052703497594543,1.6567401415069256,0.0065044060444768015,0.0,0.1815637546428985,0.19958459953535476,-0.011760849770588527,0.5864928364753723,0.8490806221961975,0.5616901516914368,0.946594774723053,0.35845205187797546,0.6074854135513306,0.07804450538547388,-1.4551822835281198,1.6057572122669983,1.6577744323797234,0.006977571143525139,0.0,0.1815637546428985,0.19958459953535476,-0.011760849770588527,0.018436245357101505,0.0004154004646452548,0.011760849770588527,0.2,0.2,0.0,0.2700698557022626,-0.2700698557022626,False
0,114,0.07804450538547388,-1.4551822835281198,1.6057572122669983,1.6577744323797234,0.006977571143525139,0.0,0.1815637546428985,0.19958459953535476,-0.011760849770588527,0.5799559354782104,0.8472793102264404,0.41289055347442627,0.9534772634506226,0.5874214172363281,0.6498168110847473,0.07817949427161194,-1.4549863684456896,1.6058701821879244,1.6579941981836417,0.007087682000879416,0.0,0.1815637546428985,0.19958459953535476,-0.011760849770588527,0.018436245357101505,0.0004154004646452548,0.011760849770588527,0.2,0.2,0.0,0.2700698557022626,-0.2700698557022626,False
0,115,0.07817949427161194,-1.4549863684456896,1.6058701821879244,1.6579941981836417,0.007087682000879416,0.0,0.1815637546428985,0.19958459953535476,-0.011760849770588527,0.6670849323272705,0.70537269115448,0.6237331032752991,0.9773320555686951,0.42720872163772583,0.5562816858291626,0.078344731022566,-1.4547449302516557,1.6059873295887577,1.6582659187403486,0.007255819483772433,0.0,0.1815637546428985,0.19958459953535476,-0.011760849770588527,0.018436245357101505,0.0004154004646452548,0.011760849770588527,0.2,0.2,0.0,0.2700698557022626,-0.2700698557022626,False
0,116,0.078344731022566,-1.4547449302516557,1.6059873295887577,1.6582659187403486,0.007255819483772433,0.0,0.1815637546428985,0.19958459953535476,-0.011760849770588527,0.47828853130340576,0.742906391620636,0.4281235933303833,0.9188395142555237,0.3162965476512909,0.45542383193969727,0.078344731022566,-1.4547449302516557,1.6059873295887577,1.6582659187403486,0.007255819483772433,0.0,0.1815637546428985,0.19958459953535476,-0.011760849770588527,0.018436245357101505,0.0004154004646452548,0.011760849770588527,0.2,0.2,0.0,0.2700698557022626,-0.2700698557022626,False
0,117,0.078344731022566,-1.4547449302516557,1.6059873295887577,1.6582659187403486,0.007255819483772433,0.0,0.1815637546428985,0.19958459953535476,-0.011760849770588527,0.6408687829971313,0.8094819784164429,0.5635349750518799,0.9006512761116028,0.4797937870025635,0.6395384669303894,0.07878505669379639,-1.4542675866156023,1.6063992859555247,1.658923013387392,0.007536087820195442,0.0,0.1815637546428985,0.19958459953535476,-0.011760849770588527,0.018436245357101505,0.0004154004646452548,0.011760849770588527,0.2,0.2,0.0,0.2700698557022626,-0.2700698557022626,False
0,118,0.07878505669379639,-1.4542675866156023,1.6063992859555247,1.658923013387392,0.007536087820195442,0.0,0.1815637546428985,0.19958459953535476,-0.011760849770588527,0.26481035351753235,0.8487831950187683,0.6291097402572632,0.9417587518692017,0.4309115409851074,0.5432698726654053,0.078911366142288,-1.4540769233558186,1.606533973270844,1.6591341250502496,0.007644958633129618,0.0,0.1815637546428985,0.19958459953535476,-0.011760849770588527,0.018436245357101505,0.0004154004646452548,0.011760849770588527,0.2,0.2,0.0,0.2700698557022626,-0.2700698557022626,False
0,119,0.078911366142288,-1.4540769233558186,1.606533973270844,1.6591341250502496,0.007644958633129618,0.0,0.1815637546428985,0.19958459953535476,-0.011760849770588527,0.49185019731521606,0.8198714852333069,0.24292224645614624,0.9156678318977356,0.32622429728507996,0.7235316038131714,0.07900002072313857,-1.4538811614081797,1.6066355781119044,1.659352049629804,0.007733486676993053,0.0,0.1815637546428985,0.19958459953535476,-0.011760849770588527,0.018436245357101505,0.0004154004646452548,0.011760849770588527,0.2,0.2,0.0,0.2700698557022626,-0.2700698557022626,False
0,120,0.07900002072313857,-1.4538811614081797,1.6066355781119044,1.659352049629804,0.007733486676993053,0.0,0.1815637546428985,0.19958459953535476,-0.011760849770588527,0.5161765813827515,0.8462732434272766,0.5072289705276489,0.9467099905014038,0.4820632040500641,0.6996387839317322,0.07900002072313857,-1.4538811614081797,1.6066355781119044,1.659352049629804,0.007733486676993053,0.0,0.1815637546428985,0.19958459953535476,-0.011760849770588527,0.018436245357101505,0.0004154004646452548,0.011760849770588527,0.2,0.2,0.0,0.2700698557022626,-0.2700698557022626,False
0,121,0.07900002072313857,-1.4538811614081797,1.6066355781119044,1.659352049629804,0.007733486676993053,0.0,0.1815637546428985,0.19958459953535476,-0.011760849770588527,0.608400821685791,0.928905189037323,0.5571345090866089,0.9305036067962646,0.36430397629737854,0.7334356307983398,0.07900002072313857,-1.4538811614081797,1.6066355781119044,1.659352049629804,0.007733486676993053,0.0,0.1815637546428985,0.19958459953535476,-0.011760849770588527,0.018436245357101505,0.0004154004646452548,0.011760849770588527,0.2,0.2,0.0,0.2700698557022626,-0.2700698557022626,False
0,122,0.07900002072313857,-1.4538811614081797,1.6066355781119044,1.659352049629804,0.007733486676993053,0.0,0.1815637546428985,0.19958459953535476,-0.011760849770588527,0.3031485974788666,0.8404359817504883,0.6699603796005249,0.9523801207542419,0.4429609179496765,0.6582003831863403,0.07947598679205665,-1.4531075839639431,1.6070579172090356,1.660204229381909,0.00812969887074104,0.0,0.1815637546428985,0.19958459953535476,-0.011760849770588527,0.018436245357101505,0.0004154004646452548,0.011760849770588527,0.2,0.2,0.0,0.2700698557022626,-0.2700698557022626,False
0,123,0.07947598679205665,-1.4531075839639431,1.6070579172090356,1.660204229381909,0.00812969887074104,0.0,0.1815637546428985,0.19958459953535476,-0.011760849770588527,0.5333560109138489,0.6628686189651489,0.45469731092453003,0.941201388835907,0.3766884207725525,0.6462807655334473,0.07960750711964683,-1.4528806137600112,1.6072206828186208,1.6604772302247766,0.008245418256951775,0.0,0.1815637546428985,0.19958459953535476,-0.011760849770588527,0.018436245357101505,0.0004154004646452548,0.011760849770588527,0.2,0.2,0.0,0.2700698557022626,-0.2700698557022626,False
0,124,0.07960750711964683,-1.4528806137600112,1.6072206828186208,1.6604772302247766,0.008245418256951775,0.0,0.1815637546428985,0.19958459953535476,-0.011760849770588527,0.6055653691291809,0.8311401605606079,0.3435445725917816,0.9497933387756348,0.3402336537837982,0.4214856028556824,0.07974096297024612,-1.4527060402011545,1.607313261355786,1.6606980049089377,0.008328933391008887,0.0,0.1815637546428985,0.19958459953535476,-0.011760849770588527,0.018436245357101505,0.0004154004646452548,0.011760849770588527,0.2,0.2,0.0,0.2700698557022626,-0.2700698557022626,False
0,125,0.07974096297024612,-1.4527060402011545,1.607313261355786,1.6606980049089377,0.008328933391008887,0.0,0.1815637546428985,0.19958459953535476,-0.011760849770588527,0.21352149546146393,0.8750492930412292,0.470052570104599,0.9563025236129761,0.3122171461582184,0.6170474290847778,0.0798357665604606,-1.4525063321098544,1.607408508812312,1.6609207610466492,0.008405053546670508,0.0,0.1815637546428985,0.19958459953535476,-0.011760849770588527,0.018436245357101505,0.0004154004646452548,0.011760849770588527,0.2,0.2,0.0,0.2700698557022626,-0.2700698557022626,False
0,126,0.0798357665604606,-1.4525063321098544,1.607408508812312,1.6609207610466492,0.008405053546670508,0.0,0.1815637546428985,0.19958459953535476,-0.011760849770588527,0.5474783182144165,0.9159504175186157,0.4135770797729492,0.9426917433738708,0.5331294536590576,0.5053961277008057,0.07997687020156038,-1.4522408915967604,1.6075326181317753,1.6611970377020902,0.008548513579428752,0.0,0.1815637546428985,0.19958459953535476,-0.011760849770588527,0.018436245357101505,0.0004154004646452548,0.011760849770588527,0.2,0.2,0.0,0.2700698557022626,-0.2700698557022626,False
0,127,0.07997687020156038,-1.4522408915967604,1.6075326181317753,1.6611970377020902,0.008548513579428752,0.0,0.1815637546428985,0.19958459953535476,-0.011760849770588527,0.5850777626037598,0.6636998653411865,0.545619010925293,0.9297619462013245,0.038386665284633636,0.6337976455688477,0.08010074712851702,-1.4520347984079853,1.6076255072530603,1.6614090261916412,0.008668905249351435,0.0,0.1815637546428985,0.19958459953535476,-0.011760849770588527,0.018436245357101505,0.0004154004646452548,0.011760849770588527,0.2,0.2,0.0,0.2700698557022626,-0.2700698557022626,False
0,128,0.08010074712851702,-1.4520347984079853,1.6076255072530603,1.6614090261916412,0.008668905249351435,0.0,0.1815637546428985,0.19958459953535476,-0.011760849770588527,0.4320542514324188,0.8566275835037231,0.5326785445213318,0.9034702777862549,0.6707842350006104,0.6686424016952515,0.08022039436868843,-1.451856444083433,1.6077518798127863,1.661623240792418,0.008752089611902963,0.0,0.1815637546428985,0.19958459953535476,-0.011760849770588527,0.018436245357101505,0.0004154004646452548,0.011760849770588527,0.2,0.2,0.0,0.2700698557022626,-0.2700698557022626,False
0,129,0.08022039436868843,-1.451856444083433,1.6077518798127863,1.661623240792418,0.008752089611902963,0.0,0.1815637546428985,0.19958459953535476,-0.011760849770588527,0.6413052678108215,0.8915034532546997,0.6648165583610535,0.9642303586006165,0.26434820890426636,0.6010832190513611,0.08038355240909495,-1.4516005943103043,1.6079303561546707,1.6618968436731032,0.008876241217416368,0.0,0.1815637546428985,0.19958459953535476,-0.011760849770588527,0.018436245357101505,0.0004154004646452548,0.011760849770588527,0.2,0.2,0.0,0.2700698557022626,-0.2700698557022626,False
0,130,0.08038355240909495,-1.4516005943103043,1.6079303561546707,1.6618968436731032,0.008876241217416368,0.0,0.1815637546428985,0.19958459953535476,-0.011760849770588527,0.6497247219085693,0.8608594536781311,0.471121609210968,0.9297282695770264,0.5667291879653931,0.44605767726898193,0.08038355240909495,-1.4516005943103043,1.6079303561546707,1.6618968436731032,0.008876241217416368,0.0,0.1815637546428985,0.19958459953535476,-0.011760849770588527,0.018436245357101505,0.0004154004646452548,0.011760849770588527,0.2,0.2,0.0,0.2700698557022626,-0.2700698557022626,False
0,131,0.08038355240909495,-1.4516005943103043,1.6079303561546707,1.6618968436731032,0.008876241217416368,0.0,0.1815637546428985,0.19958459953535476,-0.011760849770588527,0.7311782240867615,0.7590560913085938,0.5521091222763062,0.9530128836631775,0.24086984992027283,0.6734985709190369,0.0810999923228885,-1.4506430222743163,1.6084924471723059,1.662931390151316,0.009436718824311033,0.0,0.1815637546428985,0.19958459953535476,-0.011760849770588527,0.018436245357101505,0.0004154004646452548,0.011760849770588527,0.2,0.2,0.0,0.2700698557022626,-0.2700698557022626,False
0,132,0.0810999923228885,-1.4506430222743163,1.6084924471723059,1.662931390151316,0.009436718824311033,0.0,0.1815637546428985,0.19958459953535476,-0.011760849770588527,0.5425341129302979,0.8821208477020264,0.5313894152641296,0.9390795826911926,0.5355501174926758,0.6057411432266235,0.08128887404889333,-1.450410342872385,1.6086495074744007,1.6632045801976119,0.00953920926742159,0.0,0.1815637546428985,0.19958459953535476,-0.011760849770588527,0.018436245357101505,0.0004154004646452548,0.011760849770588527,0.2,0.2,0.0,0.2700698557022626,-0.2700698557022626,False
0,133,0.08128887404889333,-1.450410342872385,1.6086495074744007,1.6632045801976119,0.00953920926742159,0.0,0.1815637546428985,0.19958459953535476,-0.011760849770588527,0.4246121346950531,0.8669015169143677,0.38672080636024475,0.9599318504333496,0.4700796902179718,0.6561805605888367,0.08134537206109797,-1.45030755223174,1.6087032217386052,1.663316115499795,0.009598417516409087,0.0,0.1815637546428985,0.19958459953535476,-0.011760849770588527,0.018436245357101505,0.0004154004646452548,0.011760849770588527,0.2,0.2,0.0,0.2700698557022626,-0.2700698557022626,False
0,134,0.08134537206109797,-1.45030755223174,1.6087032217386052,1.663316115499795,0.009598417516409087,0.0,0.1815637546428985,0.19958459953535476,-0.011760849770588527,0.5244191288948059,0.8274447321891785,0.6148110628128052,0.9150339365005493,0.4416089951992035,0.4286656975746155,0.08152921315810767,-1.4499606465530552,1.60888692790237,1.6637002160252101,0.009785087899375091,0.0,0.1815637546428985,0.19958459953535476,-0.011760849770588527,0.018436245357101505,0.0004154004646452548,0.011760849770588527,0.2,0.2,0.0,0.2700698557022626,-0.2700698557022626,False
0,135,0.08152921315810767,-1.4499606465530552,1.60888692790237,1.6637002160252101,0.009785087899375091,0.0,0.1815637546428985,0.19958459953535476,-0.011760849770588527,0.23985062539577484,0.83391934633255,0.535994291305542,0.9506475329399109,0.6059889793395996,0.7147979736328125,0.0816335118682646,-1.449769344064872,1.6090248235892994,1.6639134711413777,0.009896200525120108,0.0,0.1815637546428985,0.19958459953535476,-0.011760849770588527,0.018436245357101505,0.0004154004646452548,0.011760849770588527,0.2,0.2,0.0,0.2700698557022626,-0.2700698557022626,False
0,136,0.0816335118682646,-1.449769344064872,1.6090248235892994,1.6639134711413777,0.009896200525120108,0.0,0.1815637546428985,0.19958459953535476,-0.011760849770588527,0.5648311972618103,0.8622655868530273,0.2654716670513153,0.9385698437690735,0.4670911133289337,0.6721946001052856,0.08169476323416691,-1.4496209129261686,1.609102765516128,1.6640800595318288,0.009994746764392867,0.0,0.1815637546428985,0.19958459953535476,-0.011760849770588527,0.018436245357101505,0.0004154004646452548,0.011760849770588527,0.2,0.2,0.0,0.2700698557022626,-0.2700698557022626,False
0,137,0.08169476323416691,-1.4496209129261686,1.609102765516128,1.6640800595318288,0.009994746764392867,0.0,0.1815637546428985,0.19958459953535476,-0.011760849770588527,0.5257434248924255,0.8578829169273376,0.6362546682357788,0.9256184697151184,0.28405851125717163,0.5999565124511719,0.08185578709935748,-1.4493694567059499,1.6092240505921234,1.6643518346682473,0.010108641919291407,0.0,0.1815637546428985,0.19958459953535476,-0.011760849770588527,0.018436245357101505,0.0004154004646452548,0.011760849770588527,0.2,0.2,0.0,0.2700698557022626,-0.2700698557022626,False
0,138,0.08185578709935748,-1.4493694567059499,1.6092240505921234,1.6643518346682473,0.010108641919291407,0.0,0.1815637546428985,0.19958459953535476,-0.011760849770588527,0.5954481363296509,0.8434123992919922,0.5620546340942383,0.9088969230651855,0.26428869366645813,0.6806157827377319,0.08198158091040057,-1.4491717318073,1.6093677713750294,1.6645638223602366,0.010172164447350987,0.0,0.1815637546428985,0.19958459953535476,-0.011760849770588527,0.018436245357101505,0.0004154004646452548,0.011760849770588527,0.2,0.2,0.0,0.2700698557022626,-0.2700698557022626,False
0,139,0.08198158091040057,-1.4491717318073,1.6093677713750294,1.6645638223602366,0.010172164447350987,0.0,0.1815637546428985,0.19958459953535476,-0.011760849770588527,0.646757185459137,0.864781379699707,0.2843084931373596,0.9475893378257751,0.250630259513855,0.7281616926193237,0.08212372141100406,-1.4489737443914847,1.609482028963624,1.664778136699716,0.010232962466619285,0.0,0.1815637546428985,0.19958459953535476,-0.011760849770588527,0.018436245357101505,0.0004154004646452548,0.011760849770588527,0.2,0.2,0.0,0.2700698557022626,-0.2700698557022626,False
0,140,0.08212372141100406,-1.4489737443914847,1.609482028963624,1.664778136699716,0.010232962466619285,0.0,0.1815637546428985,0.19958459953535476,-0.011760849770588527,0.45701318979263306,0.8960496187210083,0.4777580499649048,0.9452146887779236,0.472474604845047,0.6820653080940247,0.08212372141100406,-1.4489737443914847,1.609482028963624,1.664778136699716,0.010232962466619285,0.0,0.1815637546428985,0.19958459953535476,-0.011760849770588527,0.018436245357101505,0.0004154004646452548,0.011760849770588527,0.2,0.2,0.0,0.2700698557022626,-0.2700698557022626,False
0,141,0.08212372141100406,-1.4489737443914847,1.609482028963624,1.664778136699716,0.010232962466619285,0.0,0.1815637546428985,0.19958459953535476,-0.011760849770588527,0.7092268466949463,0.8797827959060669,0.27711308002471924,0.9552198052406311,0.2942248582839966,0.7741062641143799,0.08239381476517622,-1.448512646953104,1.609697279710169,1.66527055809712,0.010441263689218654,0.0,0.1815637546428985,0.19958459953535476,-0.011760849770588527,0.018436245357101505,0.0004154004646452548,0.011760849770588527,0.2,0.2,0.0,0.2700698557022626,-0.2700698557022626,False
0,142,0.08239381476517622,-1.448512646953104,1.609697279710169,1.66527055809712,0.010441263689218654,0.0,0.1815637546428985,0.19958459953535476,-0.011760849770588527,0.6486387252807617,0.8415279388427734,0.37198585271835327,0.930186927318573,0.3830120265483856,0.7159286737442017,0.08255347164192282,-1.4483109796585047,1.6097731164477167,1.665491544957488,0.010520467491226912,0.0,0.1815637546428985,0.19958459953535476,-0.011760849770588527,0.018436245357101505,0.0004154004646452548,0.011760849770588527,0.2,0.2,0.0,0.2700698557022626,-0.2700698557022626,False
0,143,0.08255347164192282,-1.4483109796585047,1.6097731164477167,1.665491544957488,0.010520467491226912,0.0,0.1815637546428985,0.19958459953535476,-0.011760849770588527,0.6954531669616699,0.9155817031860352,0.3390662670135498,0.94619220495224,0.34632769227027893,0.7267463803291321,0.08274731881139144,-1.4480578015247816,1.609877423550091,1.6657635677197464,0.010627513860384736,0.0,0.1815637546428985,0.19958459953535476,-0.011760849770588527,0.018436245357101505,0.0004154004646452548,0.011760849770588527,0.2,0.2,0.0,0.2700698557022626,-0.2700698557022626,False
0,144,0.08274731881139144,-1.4480578015247816,1.609877423550091,1.6657635677197464,0.010627513860384736,0.0,0.1815637546428985,0.19958459953535476,-0.011760849770588527,0.6886181235313416,0.8078342080116272,0.2955223619937897,0.9335670471191406,0.46741804480552673,0.4854182004928589,0.08290803631405946,-1.4478521103073876,1.6099532352921815,1.6659819184111133,0.010714876330548658,0.0,0.1815637546428985,0.19958459953535476,-0.011760849770588527,0.018436245357101505,0.0004154004646452548,0.011760849770588527,0.2,0.2,0.0,0.2700698557022626,-0.2700698557022626,False
0,145,0.08290803631405946,-1.4478521103073876,1.6099532352921815,1.6659819184111133,0.010714876330548658,0.0,0.1815637546428985,0.19958459953535476,-0.011760849770588527,0.640088677406311,0.7836799025535583,0.46633610129356384,0.9428569078445435,0.3666354715824127,0.6769551038742065,0.08310320838263713,-1.4476194687027661,1.610059782891161,1.6662554737443154,0.010839549371270147,0.0,0.1815637546428985,0.19958459953535476,-0.011760849770588527,0.018436245357101505,0.0004154004646452548,0.011760849770588527,0.2,0.2,0.0,0.2700698557022626,-0.2700698557022626,False
0,146,0.08310320838263713,-1.4476194687027661,1.610059782891161,1.6662554737443154,0.010839549371270147,0.0,0.1815637546428985,0.19958459953535476,-0.011760849770588527,0.6232253909111023,0.8769261837005615,0.5024804472923279,0.9603630900382996,0.2631465494632721,0.4493785500526428,0.08325056409722204,-1.4474254009103389,1.6101732430413689,1.6664777120340444,0.01091263350305799,0.0,0.1815637546428985,0.19958459953535476,-0.011760849770588527,0.018436245357101505,0.0004154004646452548,0.011760849770588527,0.2,0.2,0.0,0.2700698557022626,-0.2700698557022626,False
0,147,0.08325056409722204,-1.4474254009103389,1.6101732430413689,1.6664777120340444,0.01091263350305799,0.0,0.1815637546428985,0.19958459953535476,-0.011760849770588527,0.5635621547698975,0.8892444372177124,0.5164987444877625,0.9353721737861633,0.47872650623321533,0.6105120182037354,0.08338906706896089,-1.4472188672252548,1.61029239192758,1.666699188932389,0.01099973549665406,0.0,0.1815637546428985,0.19958459953535476,-0.011760849770588527,0.018436245357101505,0.0004154004646452548,0.011760849770588527,0.2,0.2,0.0,0.2700698557022626,-0.2700698557022626,False
0,148,0.08338906706896089,-1.4472188672252548,1.61029239192758,1.666699188932389,0.01099973549665406,0.0,0.1815637546428985,0.19958459953535476,-0.011760849770588527,0.40095049142837524,0.8875910043716431,0.5655564069747925,0.9381038546562195,0.35378777980804443,0.7816880345344543,0.08353322030064515,-1.44696075948223,1.6104482946540744,1.6669711454873315,0.011124297317432476,0.0,0.1815637546428985,0.19958459953535476,-0.011760849770588527,0.018436245357101505,0.0004154004646452548,0.011760849770588527,0.2,0.2,0.0,0.2700698557022626,-0.2700698557022626,False
0,149,0.08353322030064515,-1.44696075948223,1.6104482946540744,1.6669711454873315,0.011124297317432476,0.0,0.1815637546428985,0.19958459953535476,-0.011760849770588527,0.5600573420524597,0.873987078666687,0.43355032801628113,0.9419907927513123,0.5042273998260498,0.6726032495498657,0.08363522224356483,-1.446756077498653,1.6105714300544869,1.6671885832434958,0.01121493969084317,0.0,0.1815637546428985,0.19958459953535476,-0.011760849770588527,0.018436245357101505,0.0004154004646452548,0.011760849770588527,0.2,0.2,0.0,0.2700698557022626,-0.2700698557022626,False
0,150,0.08363522224356483,-1.446756077498653,1.6105714300544869,1.6671885832434958,0.01121493969084317,0.0,0.1815637546428985,0.19958459953535476,-0.011760849770588527,0.5274856090545654,0.8966456055641174,0.4227513074874878,0.9120593070983887,0.33634892106056213,0.5371001362800598,0.08363522224356483,-1.446756077498653,1.6105714300544869,1.6671885832434958,0.01121493969084317,0.0,0.1815637546428985,0.19958459953535476,-0.011760849770588527,0.018436245357101505,0.0004154004646452548,0.011760849770588527,0.2,0.2,0.0,0.2700698557022626,-0.2700698557022626,False
0,151,0.08363522224356483,-1.446756077498653,1.6105714300544869,1.6671885832434958,0.01121493969084317,0.0,0.1815637546428985,0.19958459953535476,-0.011760849770588527,0.5148845314979553,0.8965843915939331,0.3996826410293579,0.9411867260932922,0.304258793592453,0.6714450120925903,0.08363522224356483,-1.446756077498653,1.6105714300544869,1.6671885832434958,0.01121493969084317,0.0,0.1815637546428985,0.19958459953535476,-0.011760849770588527,0.018436245357101505,0.0004154004646452548,0.011760849770588527,0.2,0.2,0.0,0.2700698557022626,-0.2700698557022626,False
0,152,0.08363522224356483,-1.446756077498653,1.6105714300544869,1.6671885832434958,0.01121493969084317,0.0,0.1815637546428985,0.19958459953535476,-0.011760849770588527,0.5160354971885681,0.7720606327056885,0.14846459031105042,0.9520434141159058,0.45151785016059875,0.6614856719970703,0.08414451464365129,-1.4458954040603627,1.6109752527261363,1.6680750053709148,0.011551371979236088,0.0,0.1815637546428985,0.19958459953535476,-0.011760849770588527,0.018436245357101505,0.0004154004646452548,0.011760849770588527,0.2,0.2,0.0,0.2700698557022626,-0.2700698557022626,False
0,153,0.08414451464365129,-1.4458954040603627,1.6109752527261363,1.6680750053709148,0.011551371979236088,0.0,0.1815637546428985,0.19958459953535476,-0.011760849770588527,0.4660198390483856,0.8462860584259033,0.4325777292251587,0.939153790473938,0.14123187959194183,0.6203473806381226,0.08428563435301849,-1.4456582056612668,1.6110678193272419,1.6683497205832558,0.011627909952921045,0.0,0.1815637546428985,0.19958459953535476,-0.011760849770588527,0.018436245357101505,0.0004154004646452548,0.011760849770588527,0.2,0.2,0.0,0.2700698557022626,-0.2700698557022626,False
0,154,0.08428563435301849,-1.4456582056612668,1.6110678193272419,1.6683497205832558,0.011627909952921045,0.0,0.1815637546428985,0.19958459953535476,-0.011760849770588527,0.4828217029571533,0.8778458833694458,0.34596431255340576,0.9631646275520325,0.536407470703125,0.5608270168304443,0.08439595636475347,-1.4454575156398837,1.6111584670287173,1.6685709851570545,0.011707527847478643,0.0,0.1815637546428985,0.19958459953535476,-0.011760849770588527,0.018436245357101505,0.0004154004646452548,0.011760849770588527,0.2,0.2,0.0,0.2700698557022626,-0.2700698557022626,False
0,155,0.08439595636475347,-1.4454575156398837,1.6111584670287173,1.6685709851570545,0.011707527847478643,0.0,0.1815637546428985,0.19958459953535476,-0.011760849770588527,0.649066686630249,0.8118110299110413,0.4453572928905487,0.934207022190094,0.5295154452323914,0.5257841944694519,0.08452866991073858,-1.4452601971092494,1.611251071553685,1.6687926621410343,0.011832595906787235,0.0,0.1815637546428985,0.19958459953535476,-0.011760849770588527,0.018436245357101505,0.0004154004646452548,0.011760849770588527,0.2,0.2,0.0,0.2700698557022626,-0.2700698557022626,False
0,156,0.08452866991073858,-1.4452601971092494,1.611251071553685,1.6687926621410343,0.011832595906787235,0.0,0.1815637546428985,0.19958459953535476,-0.011760849770588527,0.6446455717086792,0.8188199996948242,0.5226876735687256,0.9466999769210815,0.5069873929023743,0.4115696847438812,0.08471751673174356,-1.44502212836167,1.6113949523053646,1.6690674757549004,0.011983092493438468,0.0,0.1815637546428985,0.19958459953535476,-0.011760849770588527,0.018436245357101505,0.0004154004646452548,0.011760849770588527,0.2,0.2,0.0,0.2700698557022626,-0.2700698557022626,False
0,157,0.08471751673174356,-1.44502212836167,1.6113949523053646,1.6690674757549004,0.011983092493438468,0.0,0.1815637546428985,0.19958459953535476,-0.011760849770588527,0.33254414796829224,0.8921825885772705,0.6370245218276978,0.9427323341369629,0.3837398588657379,0.8037149310112,0.08486367793454046,-1.4448364344475064,1.6115136769179808,1.66928218073097,0.012097996311200449,0.0,0.1815637546428985,0.19958459953535476,-0.011760849770588527,0.018436245357101505,0.0004154004646452548,0.011760849770588527,0.2,0.2,0.0,0.2700698557022626,-0.2700698557022626,False
0,158,0.08486367793454046,-1.4448364344475064,1.6115136769179808,1.66928218073097,0.012097996311200449,0.0,0.1815637546428985,0.19958459953535476,-0.011760849770588527,0.274991899728775,0.8302032351493835,0.4312520921230316,0.9603573083877563,0.5663297772407532,0.8316736221313477,0.08496683353091093,-1.444592346001487,1.611655874582541,1.6695593117418994,0.012248610457843059,0.0,0.1815637546428985,0.19958459953535476,-0.011760849770588527,0.018436245357101505,0.0004154004646452548,0.011760849770588527,0.2,0.2,0.0,0.2700698557022626,-0.2700698557022626,False
0,159,0.08496683353091093,-1.444592346001487,1.611655874582541,1.6695593117418994,0.012248610457843059,0.0,0.1815637546428985,0.19958459953535476,-0.011760849770588527,0.47672027349472046,0.8861996531486511,0.412242591381073,0.9512131810188293,0.3312405049800873,0.6732583045959473,0.08505472937264709,-1.444392674559829,1.6117536343267702,1.6697815627937342,0.01235245474879889,0.0,0.1815637546428985,0.19958459953535476,-0.011760849770588527,0.018436245357101505,0.0004154004646452548,0.011760849770588527,0.2,0.2,0.0,0.2700698557022626,-0.2700698557022626,False
0,160,0.08505472937264709,-1.444392674559829,1.6117536343267702,1.6697815627937342,0.01235245474879889,0.0,0.1815637546428985,0.19958459953535476,-0.011760849770588527,0.5951641798019409,0.9200864434242249,0.5236222147941589,0.9615023732185364,0.41147080063819885,0.696397066116333,0.08505472937264709,-1.444392674559829,1.6117536343267702,1.6697815627937342,0.01235245474879889,0.0,0.1815637546428985,0.19958459953535476,-0.011760849770588527,0.018436245357101505,0.0004154004646452548,0.011760849770588527,0.2,0.2,0.0,0.2700698557022626,-0.2700698557022626,False
0,161,0.08505472937264709,-1.444392674559829,1.6117536343267702,1.6697815627937342,0.01235245474879889,0.0,0.1815637546428985,0.19958459953535476,-0.011760849770588527,0.6255291104316711,0.8909376859664917,0.7124778032302856,0.9700180292129517,0.38637784123420715,0.7825932502746582,0.08505472937264709,-1.444392674559829,1.6117536343267702,1.6697815627937342,0.01235245474879889,0.0,0.1815637546428985,0.19958459953535476,-0.011760849770588527,0.018436245357101505,0.0004154004646452548,0.011760849770588527,0.2,0.2,0.0,0.2700698557022626,-0.2700698557022626,False
0,162,0.08505472937264709,-1.444392674559829,1.6117536343267702,1.6697815627937342,0.01235245474879889,0.0,0.1815637546428985,0.19958459953535476,-0.011760849770588527,0.6743206977844238,0.9185607433319092,0.51784747838974,0.9708740711212158,0.42144790291786194,0.3169030547142029,0.08520774632710454,-1.4441311003221584,1.6118866449581541,1.6700590738647063,0.012457782313652677,0.0,0.1815637546428985,0.19958459953535476,-0.011760849770588527,0.018436245357101505,0.0004154004646452548,0.011760849770588527,0.2,0.2,0.0,0.2700698557022626,-0.2700698557022626,False
0,163,0.08520774632710454,-1.4441311003221584,1.6118866449581541,1.6700590738647063,0.012457782313652677,0.0,0.1815637546428985,0.19958459953535476,-0.011760849770588527,0.5569726228713989,0.8229689002037048,0.47608140110969543,0.9392055869102478,0.5186428427696228,0.752164900302887,0.08566193230638312,-1.4434624794082018,1.6123043975586888,1.670775280938206,0.012773978355905161,0.0,0.1815637546428985,0.19958459953535476,-0.011760849770588527,0.018436245357101505,0.0004154004646452548,0.011760849770588527,0.2,0.2,0.0,0.2700698557022626,-0.2700698557022626,False
0,164,0.08566193230638312,-1.4434624794082018,1.6123043975586888,1.670775280938206,0.012773978355905161,0.0,0.1815637546428985,0.19958459953535476,-0.011760849770588527,0.281314879655838,0.923361599445343,0.48500314354896545,0.9743438363075256,0.6026262640953064,0.6506971716880798,0.08578875197524158,-1.4432143513939004,1.6124419086882642,1.671049345450924,0.012933647416653688,0.0,0.1815637546428985,0.19958459953535476,-0.011760849770588527,0.018436245357101505,0.0004154004646452548,0.011760849770588527,0.2,0.2,0.0,0.2700698557022626,-0.2700698557022626,False
0,165,0.08578875197524158,-1.4432143513939004,1.6124419086882642,1.671049345450924,0.012933647416653688,0.0,0.1815637546428985,0.19958459953535476,-0.011760849770588527,0.4678035080432892,0.8525828123092651,0.5318461656570435,0.9309765100479126,0.5683749914169312,0.5033124089241028,0.08587629509321687,-1.4430070278598814,1.6125607742589605,1.67127174519845,0.013070402218993919,0.0,0.1815637546428985,0.19958459953535476,-0.011760849770588527,0.018436245357101505,0.0004154004646452548,0.011760849770588527,0.2,0.2,0.0,0.2700698557022626,-0.2700698557022626,False
0,166,0.08587629509321687,-1.4430070278598814,1.6125607742589605,1.67127174519845,0.013070402218993919,0.0,0.1815637546428985,0.19958459953535476,-0.011760849770588527,0.4368422329425812,0.800464391708374,0.575393557548523,0.9665272831916809,0.4296717941761017,0.6678882837295532,0.08600885295606016,-1.442765757409571,1.612720544300597,1.671546309584283,0.01321885816310723,0.0,0.1815637546428985,0.19958459953535476,-0.011760849770588527,0.018436245357101505,0.0004154004646452548,0.011760849770588527,0.2,0.2,0.0,0.2700698557022626,-0.2700698557022626,False
0,167,0.08600885295606016,-1.442765757409571,1.612720544300597,1.671546309584283,0.01321885816310723,0.0,0.1815637546428985,0.19958459953535476,-0.011760849770588527,0.5041011571884155,0.8635650873184204,0.506987988948822,0.9606284499168396,0.6844613552093506,0.6460616588592529,0.08611882966710363,-1.4425714039065975,1.6128467902872228,1.671771332996224,0.013349389543131522,0.0,0.1815637546428985,0.19958459953535476,-0.011760849770588527,0.018436245357101505,0.0004154004646452548,0.011760849770588527,0.2,0.2,0.0,0.2700698557022626,-0.2700698557022626,False
0,168,0.08611882966710363,-1.4425714039065975,1.6128467902872228,1.671771332996224,0.013349389543131522,0.0,0.1815637546428985,0.19958459953535476,-0.011760849770588527,0.5995514392852783,0.9201927781105042,0.21612370014190674,0.9186387062072754,0.5085251331329346,0.615548312664032,0.08627678029602477,-1.4423136881614609,1.612959181246533,1.6720453266715594,0.01352769953257138,0.0,0.1815637546428985,0.19958459953535476,-0.011760849770588527,0.018436245357101505,0.0004154004646452548,0.011760849770588527,0.2,0.2,0.0,0.2700698557022626,-0.2700698557022626,False
0,169,0.08627678029602477,-1.4423136881614609,1.612959181246533,1.6720453266715594,0.01352769953257138,0.0,0.1815637546428985,0.19958459953535476,-0.011760849770588527,0.4917311668395996,0.7371450662612915,0.44234323501586914,0.9722694754600525,0.47883009910583496,0.7209652066230774,0.08640404047711277,-1.4421206042530879,1.6130362062427326,1.6722661561508434,0.013642611989269316,0.0,0.1815637546428985,0.19958459953535476,-0.011760849770588527,0.018436245357101505,0.0004154004646452548,0.011760849770588527,0.2,0.2,0.0,0.2700698557022626,-0.2700698557022626,False
0,170,0.08640404047711277,-1.4421206042530879,1.6130362062427326,1.6722661561508434,0.013642611989269316,0.0,0.1815637546428985,0.19958459953535476,-0.011760849770588527,0.4431702196598053,0.897041916847229,0.37770071625709534,0.9713526964187622,0.38834911584854126,0.5072331428527832,0.08640404047711277,-1.4421206042530879,1.6130362062427326,1.6722661561508434,0.013642611989269316,0.0,0.1815637546428985,0.19958459953535476,-0.011760849770588527,0.018436245357101505,0.0004154004646452548,0.011760849770588527,0.2,0.2,0.0,0.2700698557022626,-0.2700698557022626,False
0,171,0.08640404047711277,-1.4421206042530879,1.6130362062427326,1.6722661561508434,0.013642611989269316,0.0,0.1815637546428985,0.19958459953535476,-0.011760849770588527,0.22066624462604523,0.8383297920227051,0.40231889486312866,0.9601674675941467,0.4374217092990875,0.6817582845687866,0.08669110663994646,-1.4415824470329603,1.6132853614468246,1.672878359058118,0.013902277862082698,0.0,0.1815637546428985,0.19958459953535476,-0.011760849770588527,0.018436245357101505,0.0004154004646452548,0.011760849770588527,0.2,0.2,0.0,0.2700698557022626,-0.2700698557022626,False
0,172,0.08669110663994646,-1.4415824470329603,1.6132853614468246,1.672878359058118,0.013902277862082698,0.0,0.1815637546428985,0.19958459953535476,-0.011760849770588527,0.589241623878479,0.9330269694328308,0.4313359260559082,0.9681274890899658,0.6630257368087769,0.6937271356582642,0.08682209942861803,-1.4412787147459436,1.6134263249655982,1.6732111650619086,0.014077586979245105,0.0,0.1815637546428985,0.19958459953535476,-0.011760849770588527,0.018436245357101505,0.0004154004646452548,0.011760849770588527,0.2,0.2,0.0,0.2700698557022626,-0.2700698557022626,False
0,173,0.08682209942861803,-1.4412787147459436,1.6134263249655982,1.6732111650619086,0.014077586979245105,0.0,0.1815637546428985,0.19958459953535476,-0.011760849770588527,0.5941997766494751,0.8665417432785034,0.5262829661369324,0.9542638063430786,0.6337978839874268,0.45384517312049866,0.08699290330999733,-1.4410143416158443,1.613556053269889,1.6734884948005806,0.014267125420822894,0.0,0.1815637546428985,0.19958459953535476,-0.011760849770588527,0.018436245357101505,0.0004154004646452548,0.011760849770588527,0.2,0.2,0.0,0.2700698557022626,-0.2700698557022626,False
0,174,0.08699290330999733,-1.4410143416158443,1.613556053269889,1.6734884948005806,0.014267125420822894,0.0,0.1815637546428985,0.19958459953535476,-0.011760849770588527,0.4794729948043823,0.9151345491409302,0.567406177520752,0.9685582518577576,0.6748465895652771,0.7115554809570312,0.08711850589536697,-1.4408055108967017,1.6136845095238326,1.6737138905015128,0.014420553719441329,0.0,0.1815637546428985,0.19958459953535476,-0.011760849770588527,0.018436245357101505,0.0004154004646452548,0.011760849770588527,0.2,0.2,0.0,0.2700698557022626,-0.2700698557022626,False
0,175,0.08711850589536697,-1.4408055108967017,1.6136845095238326,1.6737138905015128,0.014420553719441329,0.0,0.1815637546428985,0.19958459953535476,-0.011760849770588527,0.6174176931381226,0.8787683844566345,0.37376075983047485,0.9732140898704529,0.526116669178009,0.8359426856040955,0.08724687045920979,-1.4405959289429047,1.6137940384576124,1.6739408079289209,0.014560555791553409,0.0,0.1815637546428985,0.19958459953535476,-0.011760849770588527,0.018436245357101505,0.0004154004646452548,0.011760849770588527,0.2,0.2,0.0,0.2700698557022626,-0.2700698557022626,False
0,176,0.08724687045920979,-1.4405959289429047,1.6137940384576124,1.6739408079289209,0.014560555791553409,0.0,0.1815637546428985,0.19958459953535476,-0.011760849770588527,0.3664185106754303,0.9401746392250061,0.38046911358833313,0.9642592072486877,0.6426925659179688,0.6716842651367188,0.08739650930784097,-1.4403334306037001,1.6139030118240965,1.6742224197658775,0.014726988989848006,0.0,0.1815637546428985,0.19958459953535476,-0.011760849770588527,0.018436245357101505,0.0004154004646452548,0.011760849770588527,0.2,0.2,0.0,0.2700698557022626,-0.2700698557022626,False
0,177,0.08739650930784097,-1.4403334306037001,1.6139030118240965,1.6742224197658775,0.014726988989848006,0.0,0.1815637546428985,0.19958459953535476,-0.011760849770588527,0.6151973009109497,0.8998799920082092,0.2427540421485901,0.9574411511421204,0.6618548631668091,0.45700085163116455,0.08751137765489736,-1.4401186272532123,1.6139754173012124,1.6744467343036833,0.014879520332455147,0.0,0.1815637546428985,0.19958459953535476,-0.011760849770588527,0.018436245357101505,0.0004154004646452548,0.011760849770588527,0.2,0.2,0.0,0.2700698557022626,-0.2700698557022626,False
0,178,0.08751137765489736,-1.4401186272532123,1.6139754173012124,1.6744467343036833,0.014879520332455147,0.0,0.1815637546428985,0.19958459953535476,-0.011760849770588527,0.6318517923355103,0.9106091260910034,0.6412551403045654,0.9608268141746521,0.7305736541748047,0.630764365196228,0.08769255594391745,-1.439856052877942,1.6140932331427909,1.674725219417209,0.01507999980724742,0.0,0.1815637546428985,0.19958459953535476,-0.011760849770588527,0.018436245357101505,0.0004154004646452548,0.011760849770588527,0.2,0.2,0.0,0.2700698557022626,-0.2700698557022626,False
0,179,0.08769255594391745,-1.439856052877942,1.6140932331427909,1.674725219417209,0.01507999980724742,0.0,0.1815637546428985,0.19958459953535476,-0.011760849770588527,0.4057908058166504,0.8728830218315125,0.4761398732662201,0.9777252078056335,0.6770311594009399,0.42079678177833557,0.08781311494862802,-1.4396479242086144,1.6142238611536266,1.6749515834995796,0.01524361675631441,0.0,0.1815637546428985,0.19958459953535476,-0.011760849770588527,0.018436245357101505,0.0004154004646452548,0.011760849770588527,0.2,0.2,0.0,0.2700698557022626,-0.2700698557022626,False
0,180,0.08781311494862802,-1.4396479242086144,1.6142238611536266,1.6749515834995796,0.01524361675631441,0.0,0.1815637546428985,0.19958459953535476,-0.011760849770588527,0.5871836543083191,0.8828275203704834,0.5439434051513672,0.9389524459838867,0.7898398041725159,0.6537131071090698,0.08781311494862802,-1.4396479242086144,1.6142238611536266,1.6749515834995796,0.01524361675631441,0.0,0.1815637546428985,0.19958459953535476,-0.011760849770588527,0.018436245357101505,0.0004154004646452548,0.011760849770588527,0.2,0.2,0.0,0.2700698557022626,-0.2700698557022626,False
0,181,0.08781311494862802,-1.4396479242086144,1.6142238611536266,1.6749515834995796,0.01524361675631441,0.0,0.1815637546428985,0.19958459953535476,-0.011760849770588527,0.5096475481987,0.9203163981437683,0.42592623829841614,0.9649649262428284,0.6318538188934326,0.25684496760368347,0.08821138676848425,-1.4389865744893193,1.6146039838510617,1.6756616159930833,0.015794220072670652,0.0,0.1815637546428985,0.19958459953535476,-0.011760849770588527,0.018436245357101505,0.0004154004646452548,0.011760849770588527,0.2,0.2,0.0,0.2700698557022626,-0.2700698557022626,False
0,182,0.08821138676848425,-1.4389865744893193,1.6146039838510617,1.6756616159930833,0.015794220072670652,0.0,0.1815637546428985,0.19958459953535476,-0.011760849770588527,0.5319869518280029,0.9491083025932312,0.4640599489212036,0.9706175327301025,0.535474956035614,0.6363601684570312,0.08829766860949025,-1.4388301948693873,1.6146757483897725,1.6758254689666203,0.015900780986697137,0.0,0.1815637546428985,0.19958459953535476,-0.011760849770588527,0.018436245357101505,0.0004154004646452548,0.011760849770588527,0.2,0.2,0.0,0.2700698557022626,-0.2700698557022626,False
0,183,0.08829766860949025,-1.4388301948693873,1.6146757483897725,1.6758254689666203,0.015900780986697137,0.0,0.1815637546428985,0.19958459953535476,-0.011760849770588527,0.6450092196464539,0.9120067358016968,0.37955498695373535,0.9555459022521973,0.6566856503486633,0.6750491261482239,0.0885353456332722,-1.438448749116184,1.614850511978287,1.6762195639742563,0.01614098736194929,0.0,0.1815637546428985,0.19958459953535476,-0.011760849770588527,0.018436245357101505,0.0004154004646452548,0.011760849770588527,0.2,0.2,0.0,0.2700698557022626,-0.2700698557022626,False
0,184,0.0885353456332722,-1.438448749116184,1.614850511978287,1.6762195639742563,0.01614098736194929,0.0,0.1815637546428985,0.19958459953535476,-0.011760849770588527,0.44024258852005005,0.9330036044120789,0.6971452236175537,0.9736047387123108,0.7341089248657227,0.7058087587356567,0.08903171068669669,-1.4376935735915575,1.6152191331897623,1.677010333728794,0.016697364414468917,0.0,0.1815637546428985,0.19958459953535476,-0.011760849770588527,0.018436245357101505,0.0004154004646452548,0.011760849770588527,0.2,0.2,0.0,0.2700698557022626,-0.2700698557022626,False
0,185,0.08903171068669669,-1.4376935735915575,1.6152191331897623,1.677010333728794,0.016697364414468917,0.0,0.1815637546428985,0.19958459953535476,-0.011760849770588527,0.411433607339859,0.9005940556526184,0.2819940149784088,0.9763294458389282,0.6804181337356567,0.8158363699913025,0.08903171068669669,-1.4376935735915575,1.6152191331897623,1.677010333728794,0.016697364414468917,0.0,0.1815637546428985,0.19958459953535476,-0.011760849770588527,0.018436245357101505,0.0004154004646452548,0.011760849770588527,0.2,0.2,0.0,0.2700698557022626,-0.2700698557022626,False
0,186,0.08903171068669669,-1.4376935735915575,1.6152191331897623,1.677010333728794,0.016697364414468917,0.0,0.1815637546428985,0.19958459953535476,-0.011760849770588527,0.5109308958053589,0.9237265586853027,0.6722455024719238,0.9840805530548096,0.4247611165046692,0.45239371061325073,0.08903171068669669,-1.4376935735915575,1.6152191331897623,1.677010333728794,0.016697364414468917,0.0,0.1815637546428985,0.19958459953535476,-0.011760849770588527,0.018436245357101505,0.0004154004646452548,0.011760849770588527,0.2,0.2,0.0,0.2700698557022626,-0.2700698557022626,False
0,187,0.08903171068669669,-1.4376935735915575,1.6152191331897623,1.677010333728794,0.016697364414468917,0.0,0.1815637546428985,0.19958459953535476,-0.011760849770588527,0.5602802038192749,0.9236953258514404,0.4554234445095062,0.9698404669761658,0.7350867986679077,0.7301381826400757,0.08903171068669669,-1.4376935735915575,1.6152191331897623,1.677010333728794,0.016697364414468917,0.0,0.1815637546428985,0.19958459953535476,-0.011760849770588527,0.018436245357101505,0.0004154004646452548,0.011760849770588527,0.2,0.2,0.0,0.2700698557022626,-0.2700698557022626,False
0,188,0.08903171068669669,-1.4376935735915575,1.6152191331897623,1.677010333728794,0.016697364414468917,0.0,0.1815637546428985,0.19958459953535476,-0.011760849770588527,0.5876924991607666,0.9304116368293762,0.6734350919723511,0.9798349738121033,0.7284607887268066,0.44951990246772766,0.08903171068669669,-1.4376935735915575,1.6152191331897623,1.677010333728794,0.016697364414468917,0.0,0.1815637546428985,0.19958459953535476,-0.011760849770588527,0.018436245357101505,0.0004154004646452548,0.011760849770588527,0.2,0.2,0.0,0.2700698557022626,-0.2700698557022626,False
0,189,0.08903171068669669,-1.4376935735915575,1.6152191331897623,1.677010333728794,0.016697364414468917,0.0,0.1815637546428985,0.19958459953535476,-0.011760849770588527,0.7512478828430176,0.9456672072410583,0.5803272724151611,0.9673391580581665,0.6195699572563171,0.6261571645736694,0.09046070610441734,-1.4350598158787464,1.616859317248862,1.6797877491773183,0.018432118968437976,0.0,0.1815637546428985,0.19958459953535476,-0.011760849770588527,0.018436245357101505,0.0004154004646452548,0.011760849770588527,0.2,0.2,0.0,0.2700698557022626,-0.2700698557022626,False
0,190,0.09046070610441734,-1.4350598158787464,1.616859317248862,1.6797877491773183,0.018432118968437976,0.0,0.1815637546428985,0.19958459953535476,-0.011760849770588527,0.7113267183303833,0.9335340261459351,0.588862419128418,0.9801309704780579,0.608183741569519,0.6354525089263916,0.09046070610441734,-1.4350598158787464,1.616859317248862,1.6797877491773183,0.018432118968437976,0.0,0.1815637546428985,0.19958459953535476,-0.011760849770588527,0.018436245357101505,0.0004154004646452548,0.011760849770588527,0.2,0.2,0.0,0.2700698557022626,-0.2700698557022626,False
0,191,0.09046070610441734,-1.4350598158787464,1.616859317248862,1.6797877491773183,0.018432118968437976,0.0,0.1815637546428985,0.19958459953535476,-0.011760849770588527,0.578025221824646,0.9436776041984558,0.5215660929679871,0.9727705121040344,0.725494384765625,0.49607014656066895,0.09089736674020243,-1.434425159947628,1.6172803649328862,1.6804520469395692,0.01890837695631737,0.0,0.1815637546428985,0.19958459953535476,-0.011760849770588527,0.018436245357101505,0.0004154004646452548,0.011760849770588527,0.2,0.2,0.0,0.2700698557022626,-0.2700698557022626,False
0,192,0.09089736674020243,-1.434425159947628,1.6172803649328862,1.6804520469395692,0.01890837695631737,0.0,0.1815637546428985,0.19958459953535476,-0.011760849770588527,0.5991431474685669,0.9566861391067505,0.6081010103225708,0.9632934331893921,0.7135064601898193,0.13017654418945312,0.09137970346927218,-1.4337431844319415,1.617697777331967,1.6811601991873806,0.01938168333654812,0.0,0.1815637546428985,0.19958459953535476,-0.011760849770588527,0.018436245357101505,0.0004154004646452548,0.011760849770588527,0.2,0.2,0.0,0.2700698557022626,-0.2700698557022626,False
0,193,0.09137970346927218,-1.4337431844319415,1.617697777331967,1.6811601991873806,0.01938168333654812,0.0,0.1815637546428985,0.19958459953535476,-0.011760849770588527,0.672881007194519,0.9481526613235474,0.5760157108306885,0.9681559205055237,0.7682734131813049,0.5405893325805664,0.09156640766643721,-1.4334672516415554,1.6178685511580828,1.6814403339901962,0.01959848540114178,0.0,0.1815637546428985,0.19958459953535476,-0.011760849770588527,0.018436245357101505,0.0004154004646452548,0.011760849770588527,0.2,0.2,0.0,0.2700698557022626,-0.2700698557022626,False
0,194,0.09156640766643721,-1.4334672516415554,1.6178685511580828,1.6814403339901962,0.01959848540114178,0.0,0.1815637546428985,0.19958459953535476,-0.011760849770588527,0.691642165184021,0.9562499523162842,0.4708825945854187,0.9749373197555542,0.6377847194671631,0.5239728689193726,0.09172728985833915,-1.433243895261845,1.6179846132315836,1.681668146877891,0.019755083397464887,0.0,0.1815637546428985,0.19958459953535476,-0.011760849770588527,0.018436245357101505,0.0004154004646452548,0.011760849770588527,0.2,0.2,0.0,0.2700698557022626,-0.2700698557022626,False
0,195,0.09172728985833915,-1.433243895261845,1.6179846132315836,1.681668146877891,0.019755083397464887,0.0,0.1815637546428985,0.19958459953535476,-0.011760849770588527,0.605644166469574,0.9583140015602112,0.5497303605079651,0.9718720316886902,0.7152140736579895,0.5770015120506287,0.09187392422627716,-1.433019614286442,1.6181088661460248,1.6818958886708628,0.0199181498809885,0.0,0.1815637546428985,0.19958459953535476,-0.011760849770588527,0.018436245357101505,0.0004154004646452548,0.011760849770588527,0.2,0.2,0.0,0.2700698557022626,-0.2700698557022626,False
0,196,0.09187392422627716,-1.433019614286442,1.6181088661460248,1.6818958886708628,0.0199181498809885,0.0,0.1815637546428985,0.19958459953535476,-0.011760849770588527,0.3985695242881775,0.8637483716011047,0.45456352829933167,0.9692965745925903,0.5419809818267822,0.5447549223899841,0.09202358170322059,-1.432754753033934,1.6182560450972807,1.682175632074636,0.020103691843616683,0.0,0.1815637546428985,0.19958459953535476,-0.011760849770588527,0.018436245357101505,0.0004154004646452548,0.011760849770588527,0.2,0.2,0.0,0.2700698557022626,-0.2700698557022626,False
0,197,0.09202358170322059,-1.432754753033934,1.6182560450972807,1.682175632074636,0.020103691843616683,0.0,0.1815637546428985,0.19958459953535476,-0.011760849770588527,0.696760892868042,0.9736759662628174,0.5830674171447754,0.9774324893951416,0.7944355010986328,0.3674238622188568,0.09204627827828135,-1.432705134697313,1.6182821010501862,1.6822314407139227,0.0201346855413472,0.0,0.1815637546428985,0.19958459953535476,-0.011760849770588527,0.018436245357101505,0.0004154004646452548,0.011760849770588527,0.2,0.2,0.0,0.2700698557022626,-0.2700698557022626,False
0,198,0.09204627827828135,-1.432705134697313,1.6182821010501862,1.6822314407139227,0.0201346855413472,0.0,0.1815637546428985,0.19958459953535476,-0.011760849770588527,0.6176232099533081,0.9547268152236938,0.4390796422958374,0.9796208739280701,0.7664318084716797,0.6425648927688599,0.09228963216343375,-1.4322851824623561,1.6185036606294745,1.6826786478712104,0.02043853344393455,0.0,0.1815637546428985,0.19958459953535476,-0.011760849770588527,0.018436245357101505,0.0004154004646452548,0.011760849770588527,0.2,0.2,0.0,0.2700698557022626,-0.2700698557022626,False
0,199,0.09228963216343375,-1.4322851824623561,1.6185036606294745,1.6826786478712104,0.02043853344393455,0.0,0.1815637546428985,0.19958459953535476,-0.011760849770588527,0.4419916570186615,0.9334973692893982,0.6498618721961975,0.975156307220459,0.6560022830963135,0.6656429767608643,0.09240300192714172,-1.432065370960021,1.6186439394621808,1.6829072564307381,0.02059804735160697,0.0,0.1815637546428985,0.19958459953535476,-0.011760849770588527,0.018436245357101505,0.0004154004646452548,0.011760849770588527,0.2,0.2,0.0,0.2700698557022626,-0.2700698557022626,False
0,200,0.09240300192714172,-1.432065370960021,1.6186439394621808,1.6829072564307381,0.02059804735160697,0.0,0.1815637546428985,0.19958459953535476,-0.011760849770588527,0.5333369970321655,0.9522361159324646,0.609002411365509,0.9706907868385315,0.7505489587783813,0.5345422625541687,0.09240300192714172,-1.432065370960021,1.6186439394621808,1.6829072564307381,0.02059804735160697,0.0,0.1815637546428985,0.19958459953535476,-0.011760849770588527,0.018436245357101505,0.0004154004646452548,0.011760849770588527,0.2,0.2,0.0,0.2700698557022626,-0.2700698557022626,False
0,201,0.09240300192714172,-1.432065370960021,1.6186439394621808,1.6829072564307381,0.02059804735160697,0.0,0.1815637546428985,0.19958459953535476,-0.011760849770588527,0.6180278062820435,0.949333906173706,0.5169215798377991,0.970024585723877,0.7628886699676514,0.6069707870483398,0.09240300192714172,-1.432065370960021,1.6186439394621808,1.6829072564307381,0.02059804735160697,0.0,0.1815637546428985,0.19958459953535476,-0.011760849770588527,0.018436245357101505,0.0004154004646452548,0.011760849770588527,0.2,0.2,0.0,0.2700698557022626,-0.2700698557022626,False
0,202,0.09240300192714172,-1.432065370960021,1.6186439394621808,1.6829072564307381,0.02059804735160697,0.0,0.1815637546428985,0.19958459953535476,-0.011760849770588527,0.5149998664855957,0.9384729862213135,0.44373464584350586,0.9675882458686829,0.6354760527610779,0.3528652489185333,0.09251005067375065,-1.4318491521693706,1.6187913067531179,1.6831312665689615,0.020754426567084355,0.0,0.1815637546428985,0.19958459953535476,-0.011760849770588527,0.018436245357101505,0.0004154004646452548,0.011760849770588527,0.2,0.2,0.0,0.2700698557022626,-0.2700698557022626,False
0,203,0.09251005067375065,-1.4318491521693706,1.6187913067531179,1.6831312665689615,0.020754426567084355,0.0,0.1815637546428985,0.19958459953535476,-0.011760849770588527,0.5757219791412354,0.9413387775421143,0.39341965317726135,0.9461051225662231,0.7130364775657654,0.4010803699493408,0.09282104457970643,-1.4313027630382789,1.6190953835103163,1.6836852430129887,0.02116804302889422,0.0,0.1815637546428985,0.19958459953535476,-0.011760849770588527,0.018436245357101505,0.0004154004646452548,0.011760849770588527,0.2,0.2,0.0,0.2700698557022626,-0.2700698557022626,False
0,204,0.09282104457970643,-1.4313027630382789,1.6190953835103163,1.6836852430129887,0.02116804302889422,0.0,0.1815637546428985,0.19958459953535476,-0.011760849770588527,0.6392328143119812,0.9200624227523804,0.5309471487998962,0.9655351042747498,0.47510913014411926,0.5478798151016235,0.09296711817925303,-1.4310863365081448,1.6192117628380915,1.683910018575614,0.021292486413700584,0.0,0.1815637546428985,0.19958459953535476,-0.011760849770588527,0.018436245357101505,0.0004154004646452548,0.011760849770588527,0.2,0.2,0.0,0.2700698557022626,-0.2700698557022626,False
0,205,0.09296711817925303,-1.4310863365081448,1.6192117628380915,1.683910018575614,0.021292486413700584,0.0,0.1815637546428985,0.19958459953535476,-0.011760849770588527,0.6905529499053955,0.9459798336029053,0.5783853530883789,0.9759977459907532,0.5508711934089661,0.6330495476722717,0.09312211406711737,-1.4308690939890885,1.6193411743469768,1.6841360459002186,0.021411866441105192,0.0,0.1815637546428985,0.19958459953535476,-0.011760849770588527,0.018436245357101505,0.0004154004646452548,0.011760849770588527,0.2,0.2,0.0,0.2700698557022626,-0.2700698557022626,False
0,206,0.09312211406711737,-1.4308690939890885,1.6193411743469768,1.6841360459002186,0.021411866441105192,0.0,0.1815637546428985,0.19958459953535476,-0.011760849770588527,0.7387364506721497,0.9540358185768127,0.5710493326187134,0.9639317393302917,0.6572681665420532,0.31071481108665466,0.09343251325264224,-1.4304441073169512,1.619601173604909,1.6845744316433993,0.021659674931663736,0.0,0.1815637546428985,0.19958459953535476,-0.011760849770588527,0.018436245357101505,0.0004154004646452548,0.011760849770588527,0.2,0.2,0.0,0.2700698557022626,-0.2700698557022626,False
0,207,0.09343251325264224,-1.4304441073169512,1.619601173604909,1.6845744316433993,0.021659674931663736,0.0,0.1815637546428985,0.19958459953535476,-0.011760849770588527,0.4782334268093109,0.9351346492767334,0.6016340255737305,0.97454434633255,0.5183427929878235,0.49494314193725586,0.09380788123116773,-1.4299599596966142,1.6198908217706771,1.6850633706245326,0.021994374375410287,0.0,0.1815637546428985,0.19958459953535476,-0.011760849770588527,0.018436245357101505,0.0004154004646452548,0.011760849770588527,0.2,0.2,0.0,0.2700698557022626,-0.2700698557022626,False
0,208,0.09380788123116773,-1.4299599596966142,1.6198908217706771,1.6850633706245326,0.021994374375410287,0.0,0.1815637546428985,0.19958459953535476,-0.011760849770588527,0.44287848472595215,0.9147043824195862,0.6024385094642639,0.9728091955184937,0.668537974357605,0.43584081530570984,0.0939407980243735,-1.4296899823736329,1.6200671235844448,1.6853482977908432,0.022172435888355272,0.0,0.1815637546428985,0.19958459953535476,-0.011760849770588527,0.018436245357101505,0.0004154004646452548,0.011760849770588527,0.2,0.2,0.0,0.2700698557022626,-0.2700698557022626,False
0,209,0.0939407980243735,-1.4296899823736329,1.6200671235844448,1.6853482977908432,0.022172435888355272,0.0,0.1815637546428985,0.19958459953535476,-0.011760849770588527,0.578831672668457,0.952910840511322,0.29287970066070557,0.9683430194854736,0.601614773273468,0.5376067161560059,0.09405998189679454,-1.4294727365259112,1.6201702567802996,1.6855739844160358,0.02231950109618923,0.0,0.1815637546428985,0.19958459953535476,-0.011760849770588527,0.018436245357101505,0.0004154004646452548,0.011760849770588527,0.2,0.2,0.0,0.2700698557022626,-0.2700698557022626,False
0,210,0.09405998189679454,-1.4294727365259112,1.6201702567802996,1.6855739844160358,0.02231950109618923,0.0,0.1815637546428985,0.19958459953535476,-0.011760849770588527,0.4235750734806061,0.9402531981468201,0.7413774132728577,0.9762882590293884,0.812480092048645,0.13045169413089752,0.09405998189679454,-1.4294727365259112,1.6201702567802996,1.6855739844160358,0.02231950109618923,0.0,0.1815637546428985,0.19958459953535476,-0.011760849770588527,0.018436245357101505,0.0004154004646452548,0.011760849770588527,0.2,0.2,0.0,0.2700698557022626,-0.2700698557022626,False
0,211,0.09405998189679454,-1.4294727365259112,1.6201702567802996,1.6855739844160358,0.02231950109618923,0.0,0.1815637546428985,0.19958459953535476,-0.011760849770588527,0.3685181438922882,0.938454270362854,0.5206907391548157,0.9512476325035095,0.6853725910186768,0.7387922406196594,0.09420984786633227,-1.4291973779296616,1.620308269442424,1.6858562009338498,0.022518405000531753,0.0,0.1815637546428985,0.19958459953535476,-0.011760849770588527,0.018436245357101505,0.0004154004646452548,0.011760849770588527,0.2,0.2,0.0,0.2700698557022626,-0.2700698557022626,False
0,212,0.09420984786633227,-1.4291973779296616,1.620308269442424,1.6858562009338498,0.022518405000531753,0.0,0.1815637546428985,0.19958459953535476,-0.011760849770588527,0.5552046298980713,0.9473358988761902,0.6117626428604126,0.9626500010490417,0.6002597212791443,0.28891652822494507,0.0945060865583992,-1.4285573839694194,1.6207739730809394,1.6865147874624833,0.023031369725901713,0.0,0.1815637546428985,0.19958459953535476,-0.011760849770588527,0.018436245357101505,0.0004154004646452548,0.011760849770588527,0.2,0.2,0.0,0.2700698557022626,-0.2700698557022626,False
0,213,0.0945060865583992,-1.4285573839694194,1.6207739730809394,1.6865147874624833,0.023031369725901713,0.0,0.1815637546428985,0.19958459953535476,-0.011760849770588527,0.44065535068511963,0.9478361010551453,0.4787883460521698,0.9650144577026367,0.6857733130455017,0.49615031480789185,0.09464722395220926,-1.428282439060085,1.6209276483286312,1.68679448520091,0.02322027976784381,0.0,0.1815637546428985,0.19958459953535476,-0.011760849770588527,0.018436245357101505,0.0004154004646452548,0.011760849770588527,0.2,0.2,0.0,0.2700698557022626,-0.2700698557022626,False
0,214,0.09464722395220926,-1.428282439060085,1.6209276483286312,1.68679448520091,0.02322027976784381,0.0,0.1815637546428985,0.19958459953535476,-0.011760849770588527,0.6561808586120605,0.92585688829422,0.6002013683319092,0.9574224948883057,0.7352374792098999,0.558662474155426,0.09477114167037566,-1.4280150667706422,1.6210622801337282,1.687066709933913,0.023414017526678207,0.0,0.1815637546428985,0.19958459953535476,-0.011760849770588527,0.018436245357101505,0.0004154004646452548,0.011760849770588527,0.2,0.2,0.0,0.2700698557022626,-0.2700698557022626,False
0,215,0.09477114167037566,-1.4280150667706422,1.6210622801337282,1.687066709933913,0.023414017526678207,0.0,0.1815637546428985,0.19958459953535476,-0.011760849770588527,0.6106834411621094,0.934431791305542,0.6056759357452393,0.9542818665504456,0.729114294052124,0.71638023853302,0.09499936513119911,-1.4275972065593086,1.6212967055788787,1.687493367100993,0.023726220578920317,0.0,0.1815637546428985,0.19958459953535476,-0.011760849770588527,0.018436245357101505,0.0004154004646452548,0.011760849770588527,0.2,0.2,0.0,0.2700698557022626,-0.2700698557022626,False
0,216,0.09499936513119911,-1.4275972065593086,1.6212967055788787,1.687493367100993,0.023726220578920317,0.0,0.1815637546428985,0.19958459953535476,-0.011760849770588527,0.43384864926338196,0.9581945538520813,0.5908995866775513,0.9674478769302368,0.6538747549057007,0.6243511438369751,0.0951205807223553,-1.4273767713615182,1.6214361206056416,1.6877171486554614,0.023886504771986804,0.0,0.1815637546428985,0.19958459953535476,-0.011760849770588527,0.018436245357101505,0.0004154004646452548,0.011760849770588527,0.2,0.2,0.0,0.2700698557022626,-0.2700698557022626,False
0,217,0.0951205807223553,-1.4273767713615182,1.6214361206056416,1.6877171486554614,0.023886504771986804,0.0,0.1815637546428985,0.19958459953535476,-0.011760849770588527,0.6245986223220825,0.9444329738616943,0.46919700503349304,0.9695944786071777,0.6312488317489624,0.20240098237991333,0.09528095210221377,-1.4270995568861247,1.6215868571880043,1.6879998847080777,0.024073203891955337,0.0,0.1815637546428985,0.19958459953535476,-0.011760849770588527,0.018436245357101505,0.0004154004646452548,0.011760849770588527,0.2,0.2,0.0,0.2700698557022626,-0.2700698557022626,False
0,218,0.09528095210221377,-1.4270995568861247,1.6215868571880043,1.6879998847080777,0.024073203891955337,0.0,0.1815637546428985,0.19958459953535476,-0.011760849770588527,0.5501035451889038,0.9568613171577454,0.34391358494758606,0.9622859358787537,0.7654995918273926,0.6577079892158508,0.09541756551830806,-1.4268784586986405,1.6216808521551895,1.6882236105985002,0.024235426752193454,0.0,0.1815637546428985,0.19958459953535476,-0.011760849770588527,0.018436245357101505,0.0004154004646452548,0.011760849770588527,0.2,0.2,0.0,0.2700698557022626,-0.2700698557022626,False
0,219,0.09541756551830806,-1.4268784586986405,1.6216808521551895,1.6882236105985002,0.024235426752193454,0.0,0.1815637546428985,0.19958459953535476,-0.011760849770588527,0.6385844945907593,0.9246246218681335,0.5642198920249939,0.9737406373023987,0.7078478932380676,0.4002700448036194,0.09559301600165583,-1.4266062589029083,1.6218198440658687,1.688504301482736,0.02444712309808836,0.0,0.1815637546428985,0.19958459953535476,-0.011760849770588527,0.018436245357101505,0.0004154004646452548,0.011760849770588527,0.2,0.2,0.0,0.2700698557022626,-0.2700698557022626,False
0,220,0.09559301600165583,-1.4266062589029083,1.6218198440658687,1.688504301482736,0.02444712309808836,0.0,0.1815637546428985,0.19958459953535476,-0.011760849770588527,0.7134494781494141,0.9327510595321655,0.2646343410015106,0.9714597463607788,0.6893254518508911,0.2797251343727112,0.09559301600165583,-1.4266062589029083,1.6218198440658687,1.688504301482736,0.02444712309808836,0.0,0.1815637546428985,0.19958459953535476,-0.011760849770588527,0.018436245357101505,0.0004154004646452548,0.011760849770588527,0.2,0.2,0.0,0.2700698557022626,-0.2700698557022626,False
0,221,0.09559301600165583,-1.4266062589029083,1.6218198440658687,1.688504301482736,0.02444712309808836,0.0,0.1815637546428985,0.19958459953535476,-0.011760849770588527,0.6463457942008972,0.9455549120903015,0.5823153853416443,0.9625219106674194,0.7405162453651428,0.44812700152397156,0.09610924319921076,-1.4259221059531526,1.6220465853248465,1.6892181013593985,0.024955277409593534,0.0,0.1815637546428985,0.19958459953535476,-0.011760849770588527,0.018436245357101505,0.0004154004646452548,0.011760849770588527,0.2,0.2,0.0,0.2700698557022626,-0.2700698557022626,False
0,222,0.09610924319921076,-1.4259221059531526,1.6220465853248465,1.6892181013593985,0.024955277409593534,0.0,0.1815637546428985,0.19958459953535476,-0.011760849770588527,0.5644888281822205,0.9352124929428101,0.3616580069065094,0.9418087601661682,0.6750016212463379,0.35857927799224854,0.09625026554605479,-1.42570236361517,1.6221573562807041,1.6894395938689153,0.02511997166594526,0.0,0.1815637546428985,0.19958459953535476,-0.011760849770588527,0.018436245357101505,0.0004154004646452548,0.011760849770588527,0.2,0.2,0.0,0.2700698557022626,-0.2700698557022626,False
0,223,0.09625026554605479,-1.42570236361517,1.6221573562807041,1.6894395938689153,0.02511997166594526,0.0,0.1815637546428985,0.19958459953535476,-0.011760849770588527,0.47177356481552124,0.9459356069564819,0.6674060821533203,0.9736618399620056,0.7281761169433594,0.6731264591217041,0.0964029933668629,-1.4254294696431709,1.6222981197948165,1.6897147618437565,0.025320635772860523,0.0,0.1815637546428985,0.19958459953535476,-0.011760849770588527,0.018436245357101505,0.0004154004646452548,0.011760849770588527,0.2,0.2,0.0,0.2700698557022626,-0.2700698557022626,False
0,224,0.0964029933668629,-1.4254294696431709,1.6222981197948165,1.6897147618437565,0.025320635772860523,0.0,0.1815637546428985,0.19958459953535476,-0.011760849770588527,0.6228163242340088,0.9211759567260742,0.48889365792274475,0.9641346335411072,0.636588454246521,0.6979986429214478,0.09653103942796071,-1.4252115450173715,1.622432794078958,1.68993930153759,0.025478550947470223,0.0,0.1815637546428985,0.19958459953535476,-0.011760849770588527,0.018436245357101505,0.0004154004646452548,0.011760849770588527,0.2,0.2,0.0,0.2700698557022626,-0.2700698557022626,False
0,225,0.09653103942796071,-1.4252115450173715,1.622432794078958,1.68993930153759,0.025478550947470223,0.0,0.1815637546428985,0.19958459953535476,-0.011760849770588527,0.7412545680999756,0.9236390590667725,0.5483909845352173,0.9648739099502563,0.4040210545063019,0.592612624168396,0.09673410297398223,-1.4249423133947,1.6225858321389306,1.6902199319584046,0.02562212189854142,0.0,0.1815637546428985,0.19958459953535476,-0.011760849770588527,0.018436245357101505,0.0004154004646452548,0.011760849770588527,0.2,0.2,0.0,0.2700698557022626,-0.2700698557022626,False
0,226,0.09673410297398223,-1.4249423133947,1.6225858321389306,1.6902199319584046,0.02562212189854142,0.0,0.1815637546428985,0.19958459953535476,-0.011760849770588527,0.5877649188041687,0.9268157482147217,0.5852338075637817,0.9643416404724121,0.5768687725067139,0.4632919728755951,0.09686103047140732,-1.424784439899202,1.6226796856874954,1.6903848644372788,0.02569072670209519,0.0,0.1815637546428985,0.19958459953535476,-0.011760849770588527,0.018436245357101505,0.0004154004646452548,0.011760849770588527,0.2,0.2,0.0,0.2700698557022626,-0.2700698557022626,False
0,227,0.09686103047140732,-1.424784439899202,1.6226796856874954,1.6903848644372788,0.02569072670209519,0.0,0.1815637546428985,0.19958459953535476,-0.011760849770588527,0.5364543199539185,0.9183072447776794,0.6381062865257263,0.9549381732940674,0.7190935611724854,0.36773791909217834,0.09702712616540213,-1.4245133104933272,1.6228566442526564,1.6906647096482845,0.025876426076633464,0.0,0.1815637546428985,0.19958459953535476,-0.011760849770588527,0.018436245357101505,0.0004154004646452548,0.011760849770588527,0.2,0.2,0.0,0.2700698557022626,-0.2700698557022626,False
0,228,0.09702712616540213,-1.4245133104933272,1.6228566442526564,1.6906647096482845,0.025876426076633464,0.0,0.1815637546428985,0.19958459953535476,-0.011760849770588527,0.5851397514343262,0.9699089527130127,0.5822455883026123,0.9516037106513977,0.7373838424682617,0.4663197100162506,0.09715810181336511,-1.4242927756993522,1.6229985096102348,1.6908863824765745,0.02604619288374112,0.0,0.1815637546428985,0.19958459953535476,-0.011760849770588527,0.018436245357101505,0.0004154004646452548,0.011760849770588527,0.2,0.2,0.0,0.2700698557022626,-0.2700698557022626,False
0,229,0.09715810181336511,-1.4242927756993522,1.6229985096102348,1.6908863824765745,0.02604619288374112,0.0,0.1815637546428985,0.19958459953535476,-0.011760849770588527,0.5979624390602112,0.9582688808441162,0.4782332479953766,0.9666398167610168,0.8262940049171448,0.45400649309158325,0.09729644628978214,-1.4240674279740564,1.6231220927277625,1.691110574269474,0.026229163923615753,0.0,0.1815637546428985,0.19958459953535476,-0.011760849770588527,0.018436245357101505,0.0004154004646452548,0.011760849770588527,0.2,0.2,0.0,0.2700698557022626,-0.2700698557022626,False
0,230,0.09729644628978214,-1.4240674279740564,1.6231220927277625,1.691110574269474,0.026229163923615753,0.0,0.1815637546428985,0.19958459953535476,-0.011760849770588527,0.49981963634490967,0.9498971700668335,0.4746190905570984,0.982776403427124,0.7322406768798828,0.44335776567459106,0.09729644628978214,-1.4240674279740564,1.6231220927277625,1.691110574269474,0.026229163923615753,0.0,0.1815637546428985,0.19958459953535476,-0.011760849770588527,0.018436245357101505,0.0004154004646452548,0.011760849770588527,0.2,0.2,0.0,0.2700698557022626,-0.2700698557022626,False
0,231,0.09729644628978214,-1.4240674279740564,1.6231220927277625,1.691110574269474,0.026229163923615753,0.0,0.1815637546428985,0.19958459953535476,-0.011760849770588527,0.6108857989311218,0.9591972827911377,0.5294764637947083,0.9657814502716064,0.6927568912506104,0.6604210734367371,0.09793706448158218,-1.4228781692337045,1.6237160403614892,1.6923371288627358,0.027159946437993472,0.0,0.1815637546428985,0.19958459953535476,-0.011760849770588527,0.018436245357101505,0.0004154004646452548,0.011760849770588527,0.2,0.2,0.0,0.2700698557022626,-0.2700698557022626,False
0,232,0.09793706448158218,-1.4228781692337045,1.6237160403614892,1.6923371288627358,0.027159946437993472,0.0,0.1815637546428985,0.19958459953535476,-0.011760849770588527,0.648491621017456,0.9360185861587524,0.5448887348175049,0.9782359004020691,0.7624672651290894,0.5867288112640381,0.0982784065983071,-1.42227554807501,1.624029323908388,1.692960375843225,0.027626048098572036,0.0,0.1815637546428985,0.19958459953535476,-0.011760849770588527,0.018436245357101505,0.0004154004646452548,0.011760849770588527,0.2,0.2,0.0,0.2700698557022626,-0.2700698557022626,False
0,233,0.0982784065983071,-1.42227554807501,1.624029323908388,1.692960375843225,0.027626048098572036,0.0,0.1815637546428985,0.19958459953535476,-0.011760849770588527,0.5359156727790833,0.9485963582992554,0.5913276672363281,0.9694072604179382,0.7142961025238037,0.5757977962493896,0.09845228144114652,-1.4220044031317527,1.6241920879207397,1.693241214497813,0.027840207551854894,0.0,0.1815637546428985,0.19958459953535476,-0.011760849770588527,0.018436245357101505,0.0004154004646452548,0.011760849770588527,0.2,0.2,0.0,0.2700698557022626,-0.2700698557022626,False
0,234,0.09845228144114652,-1.4220044031317527,1.6241920879207397,1.693241214497813,0.027840207551854894,0.0,0.1815637546428985,0.19958459953535476,-0.011760849770588527,0.6820093393325806,0.9549603462219238,0.521683394908905,0.9741190075874329,0.6372057199478149,0.21515364944934845,0.09845228144114652,-1.4220044031317527,1.6241920879207397,1.693241214497813,0.027840207551854894,0.0,0.1815637546428985,0.19958459953535476,-0.011760849770588527,0.018436245357101505,0.0004154004646452548,0.011760849770588527,0.2,0.2,0.0,0.2700698557022626,-0.2700698557022626,False
0,235,0.09845228144114652,-1.4220044031317527,1.6241920879207397,1.693241214497813,0.027840207551854894,0.0,0.1815637546428985,0.19958459953535476,-0.011760849770588527,0.5315689444541931,0.9214463233947754,0.6996286511421204,0.9702711701393127,0.688098132610321,0.5192467570304871,0.09871399564262069,-1.4215702953976685,1.6244540760480013,1.6936845320712635,0.028157048832427704,0.0,0.1815637546428985,0.19958459953535476,-0.011760849770588527,0.018436245357101505,0.0004154004646452548,0.011760849770588527,0.2,0.2,0.0,0.2700698557022626,-0.2700698557022626,False
0,236,0.09871399564262069,-1.4215702953976685,1.6244540760480013,1.6936845320712635,0.028157048832427704,0.0,0.1815637546428985,0.19958459953535476,-0.011760849770588527,0.6161198019981384,0.9497451186180115,0.5585235953330994,0.9720875024795532,0.534080445766449,0.7731742262840271,0.09887893443313953,-1.421298070242001,1.6246420346515225,1.693967964995756,0.028339571888887114,0.0,0.1815637546428985,0.19958459953535476,-0.011760849770588527,0.018436245357101505,0.0004154004646452548,0.011760849770588527,0.2,0.2,0.0,0.2700698557022626,-0.2700698557022626,False
0,237,0.09887893443313953,-1.421298070242001,1.6246420346515225,1.693967964995756,0.028339571888887114,0.0,0.1815637546428985,0.19958459953535476,-0.011760849770588527,0.4814969599246979,0.9607555270195007,0.6452392935752869,0.9558637738227844,0.7793123126029968,0.4325391948223114,0.09901369635299678,-1.421077467565749,1.62477620237177,1.6941920424965908,0.02847756871166174,0.0,0.1815637546428985,0.19958459953535476,-0.011760849770588527,0.018436245357101505,0.0004154004646452548,0.011760849770588527,0.2,0.2,0.0,0.2700698557022626,-0.2700698557022626,False
0,238,0.09901369635299678,-1.421077467565749,1.62477620237177,1.6941920424965908,0.02847756871166174,0.0,0.1815637546428985,0.19958459953535476,-0.011760849770588527,0.25864118337631226,0.9422960877418518,0.7034667730331421,0.9746354222297668,0.8072444796562195,0.21437564492225647,0.09912730357215968,-1.4207992352093377,1.6249716845890978,1.6944732299376295,0.028708934512792505,0.0,0.1815637546428985,0.19958459953535476,-0.011760849770588527,0.018436245357101505,0.0004154004646452548,0.011760849770588527,0.2,0.2,0.0,0.2700698557022626,-0.2700698557022626,False
0,239,0.09912730357215968,-1.4207992352093377,1.6249716845890978,1.6944732299376295,0.028708934512792505,0.0,0.1815637546428985,0.19958459953535476,-0.011760849770588527,0.6411470770835876,0.9372648596763611,0.45331883430480957,0.9656127095222473,0.7454943060874939,0.5771849751472473,0.09923301693558712,-1.4205798625163355,1.62510614745318,1.6946997349883932,0.028890071055960122,0.0,0.1815637546428985,0.19958459953535476,-0.011760849770588527,0.018436245357101505,0.0004154004646452548,0.011760849770588527,0.2,0.2,0.0,0.2700698557022626,-0.2700698557022626,False
0,240,0.09923301693558712,-1.4205798625163355,1.62510614745318,1.6946997349883932,0.028890071055960122,0.0,0.1815637546428985,0.19958459953535476,-0.011760849770588527,0.4415986239910126,0.9171127676963806,0.4559061825275421,0.9653383493423462,0.6013592481613159,0.5932705998420715,0.09923301693558712,-1.4205798625163355,1.62510614745318,1.6946997349883932,0.028890071055960122,0.0,0.1815637546428985,0.19958459953535476,-0.011760849770588527,0.018436245357101505,0.0004154004646452548,0.011760849770588527,0.2,0.2,0.0,0.2700698557022626,-0.2700698557022626,False
0,241,0.09923301693558712,-1.4205798625163355,1.62510614745318,1.6946997349883932,0.028890071055960122,0.0,0.1815637546428985,0.19958459953535476,-0.011760849770588527,0.6080969572067261,0.9387685656547546,0.6983007192611694,0.9775215983390808,0.6194276809692383,0.6156766414642334,0.09960401409825655,-1.41989218171379,1.6254739637007005,1.6954200166782356,0.029355682141161493,0.0,0.1815637546428985,0.19958459953535476,-0.011760849770588527,0.018436245357101505,0.0004154004646452548,0.011760849770588527,0.2,0.2,0.0,0.2700698557022626,-0.2700698557022626,False
0,242,0.09960401409825655,-1.41989218171379,1.6254739637007005,1.6954200166782356,0.029355682141161493,0.0,0.1815637546428985,0.19958459953535476,-0.011760849770588527,0.5134946703910828,0.9408113956451416,0.569904088973999,0.973242998123169,0.7107857465744019,0.6352071762084961,0.09973355672779137,-1.419675156416178,1.6256206270277915,1.6956452109965154,0.029509588093950153,0.0,0.1815637546428985,0.19958459953535476,-0.011760849770588527,0.018436245357101505,0.0004154004646452548,0.011760849770588527,0.2,0.2,0.0,0.2700698557022626,-0.2700698557022626,False
0,243,0.09973355672779137,-1.419675156416178,1.6256206270277915,1.6956452109965154,0.029509588093950153,0.0,0.1815637546428985,0.19958459953535476,-0.011760849770588527,0.7130128145217896,0.9500706791877747,0.5969551801681519,0.9695215225219727,0.6729670763015747,0.537007749080658,0.09990554133678388,-1.4194019941579905,1.6257882102325139,1.6959261814363413,0.02971090813011963,0.0,0.1815637546428985,0.19958459953535476,-0.011760849770588527,0.018436245357101505,0.0004154004646452548,0.011760849770588527,0.2,0.2,0.0,0.2700698557022626,-0.2700698557022626,False
0,244,0.09990554133678388,-1.4194019941579905,1.6257882102325139,1.6959261814363413,0.02971090813011963,0.0,0.1815637546428985,0.19958459953535476,-0.011760849770588527,0.5443532466888428,0.9028801918029785,0.5717377662658691,0.9682350158691406,0.7511109113693237,0.4543778598308563,0.10005219989591738,-1.4191857738684406,1.62592463325819,1.6961524047103447,0.029877315091566898,0.0,0.1815637546428985,0.19958459953535476,-0.011760849770588527,0.018436245357101505,0.0004154004646452548,0.011760849770588527,0.2,0.2,0.0,0.2700698557022626,-0.2700698557022626,False
0,245,0.10005219989591738,-1.4191857738684406,1.62592463325819,1.6961524047103447,0.029877315091566898,0.0,0.1815637546428985,0.19958459953535476,-0.011760849770588527,0.1431780606508255,0.9441604018211365,0.7017533779144287,0.9738782048225403,0.5169539451599121,0.7093849182128906,0.1001620686739412,-1.4189186927711743,1.6261061704600102,1.6964343051779192,0.03006767769731895,0.0,0.1815637546428985,0.19958459953535476,-0.011760849770588527,0.018436245357101505,0.0004154004646452548,0.011760849770588527,0.2,0.2,0.0,0.2700698557022626,-0.2700698557022626,False
0,246,0.1001620686739412,-1.4189186927711743,1.6261061704600102,1.6964343051779192,0.03006767769731895,0.0,0.1815637546428985,0.19958459953535476,-0.011760849770588527,0.024943839758634567,0.9532473683357239,0.3451930582523346,0.981186032295227,0.6181327104568481,0.3386456072330475,0.10018857043371117,-1.4186435756749904,1.6262675025645414,1.6967177484980345,0.030229202580315872,0.0,0.1815637546428985,0.19958459953535476,-0.011760849770588527,0.018436245357101505,0.0004154004646452548,0.011760849770588527,0.2,0.2,0.0,0.2700698557022626,-0.2700698557022626,False
0,247,0.10018857043371117,-1.4186435756749904,1.6262675025645414,1.6967177484980345,0.030229202580315872,0.0,0.1815637546428985,0.19958459953535476,-0.011760849770588527,0.3987340033054352,0.9530218839645386,0.7190597653388977,0.9653179049491882,0.7255169153213501,0.6335992813110352,0.10018857043371117,-1.4186435756749904,1.6262675025645414,1.6967177484980345,0.030229202580315872,0.0,0.1815637546428985,0.19958459953535476,-0.011760849770588527,0.018436245357101505,0.0004154004646452548,0.011760849770588527,0.2,0.2,0.0,0.2700698557022626,-0.2700698557022626,False
0,248,0.10018857043371117,-1.4186435756749904,1.6262675025645414,1.6967177484980345,0.030229202580315872,0.0,0.1815637546428985,0.19958459953535476,-0.011760849770588527,0.600180983543396,0.9506434202194214,0.556308388710022,0.9757615923881531,0.6194267272949219,0.34362730383872986,0.10027978974017843,-1.4181524770803153,1.6265008034268273,1.6972212132534454,0.03056104589627719,0.0,0.1815637546428985,0.19958459953535476,-0.011760849770588527,0.018436245357101505,0.0004154004646452548,0.011760849770588527,0.2,0.2,0.0,0.2700698557022626,-0.2700698557022626,False
0,249,0.10027978974017843,-1.4181524770803153,1.6265008034268273,1.6972212132534454,0.03056104589627719,0.0,0.1815637546428985,0.19958459953535476,-0.011760849770588527,0.5402525663375854,0.9577814340591431,0.5582960844039917,0.9694721698760986,0.6490172147750854,0.6126685738563538,0.10045095860480045,-1.4178789288616997,1.6266608650147412,1.6975012008987422,0.0307404975183049,0.0,0.1815637546428985,0.19958459953535476,-0.011760849770588527,0.018436245357101505,0.0004154004646452548,0.011760849770588527,0.2,0.2,0.0,0.2700698557022626,-0.2700698557022626,False
0,250,0.10045095860480045,-1.4178789288616997,1.6266608650147412,1.6975012008987422,0.0307404975183049,0.0,0.1815637546428985,0.19958459953535476,-0.011760849770588527,0.7577196359634399,0.9093707799911499,0.5153913497924805,0.9770100712776184,0.7094260454177856,0.5551712512969971,0.10045095860480045,-1.4178789288616997,1.6266608650147412,1.6975012008987422,0.0307404975183049,0.0,0.1815637546428985,0.19958459953535476,-0.011760849770588527,0.018436245357101505,0.0004154004646452548,0.011760849770588527,0.2,0.2,0.0,0.2700698557022626,-0.2700698557022626,False
0,251,0.10045095860480045,-1.4178789288616997,1.6266608650147412,1.6975012008987422,0.0307404975183049,0.0,0.1815637546428985,0.19958459953535476,-0.011760849770588527,0.2360357642173767,0.9370385408401489,0.4394913911819458,0.9627010822296143,0.5899344682693481,0.35589084029197693,0.10045095860480045,-1.4178789288616997,1.6266608650147412,1.6975012008987422,0.0307404975183049,0.0,0.1815637546428985,0.19958459953535476,-0.011760849770588527,0.018436245357101505,0.0004154004646452548,0.011760849770588527,0.2,0.2,0.0,0.2700698557022626,-0.2700698557022626,False
0,252,0.10045095860480045,-1.4178789288616997,1.6266608650147412,1.6975012008987422,0.0307404975183049,0.0,0.1815637546428985,0.19958459953535476,-0.011760849770588527,0.5010415315628052,0.9463605880737305,0.5748674869537354,0.9668940305709839,0.6837633848190308,0.3306160569190979,0.1007825226539727,-1.4173952210201566,1.6269393314463032,1.6980040912732512,0.031090477716080492,0.0,0.1815637546428985,0.19958459953535476,-0.011760849770588527,0.018436245357101505,0.0004154004646452548,0.011760849770588527,0.2,0.2,0.0,0.2700698557022626,-0.2700698557022626,False
0,253,0.1007825226539727,-1.4173952210201566,1.6269393314463032,1.6980040912732512,0.031090477716080492,0.0,0.1815637546428985,0.19958459953535476,-0.011760849770588527,0.7083015441894531,0.9523688554763794,0.5191128253936768,0.9587801694869995,0.7073040008544922,0.4005185067653656,0.10122431866668048,-1.416719655298066,1.6273056962154804,1.698712023579595,0.03158596656481002,0.0,0.1815637546428985,0.19958459953535476,-0.011760849770588527,0.018436245357101505,0.0004154004646452548,0.011760849770588527,0.2,0.2,0.0,0.2700698557022626,-0.2700698557022626,False
0,254,0.10122431866668048,-1.416719655298066,1.6273056962154804,1.698712023579595,0.03158596656481002,0.0,0.1815637546428985,0.19958459953535476,-0.011760849770588527,0.7381769418716431,0.9402000904083252,0.4505500793457031,0.9713852405548096,0.5869189500808716,0.703813374042511,0.10139253316373226,-1.4165002875315462,1.6274178259431407,1.6989357165542684,0.0317356320579951,0.0,0.1815637546428985,0.19958459953535476,-0.011760849770588527,0.018436245357101505,0.0004154004646452548,0.011760849770588527,0.2,0.2,0.0,0.2700698557022626,-0.2700698557022626,False
0,255,0.10139253316373226,-1.4165002875315462,1.6274178259431407,1.6989357165542684,0.0317356320579951,0.0,0.1815637546428985,0.19958459953535476,-0.011760849770588527,0.38925889134407043,0.9043135643005371,0.5662742853164673,0.9805071353912354,0.6838347911834717,0.5521700978279114,0.10156535229131038,-1.4162314832096206,1.6275623872471716,1.6992190043811197,0.03191745733342094,0.0,0.1815637546428985,0.19958459953535476,-0.011760849770588527,0.018436245357101505,0.0004154004646452548,0.011760849770588527,0.2,0.2,0.0,0.2700698557022626,-0.2700698557022626,False
0,256,0.10156535229131038,-1.4162314832096206,1.6275623872471716,1.6992190043811197,0.03191745733342094,0.0,0.1815637546428985,0.19958459953535476,-0.011760849770588527,0.33318033814430237,0.9487448334693909,0.702597975730896,0.9733773469924927,0.599913477897644,0.7362394332885742,0.10164900428135099,-1.4160150876150246,1.627711062027421,1.6994471028486815,0.03206725563003701,0.0,0.1815637546428985,0.19958459953535476,-0.011760849770588527,0.018436245357101505,0.0004154004646452548,0.011760849770588527,0.2,0.2,0.0,0.2700698557022626,-0.2700698557022626,False
0,257,0.10164900428135099,-1.4160150876150246,1.627711062027421,1.6994471028486815,0.03206725563003701,0.0,0.1815637546428985,0.19958459953535476,-0.011760849770588527,0.6109020709991455,0.9309046268463135,0.43275749683380127,0.9720442295074463,0.7151952981948853,0.3328385055065155,0.1017788361102192,-1.4157415599900505,1.6278831849571154,1.6997296521923082,0.03225509878017523,0.0,0.1815637546428985,0.19958459953535476,-0.011760849770588527,0.018436245357101505,0.0004154004646452548,0.011760849770588527,0.2,0.2,0.0,0.2700698557022626,-0.2700698557022626,False
0,258,0.1017788361102192,-1.4157415599900505,1.6278831849571154,1.6997296521923082,0.03225509878017523,0.0,0.1815637546428985,0.19958459953535476,-0.011760849770588527,0.6825345754623413,0.8886628746986389,0.37382596731185913,0.978877604007721,0.6536145210266113,0.7801365852355957,0.10193045671862677,-1.415529277397579,1.6279767729972068,1.6999574263643233,0.03241491471227624,0.0,0.1815637546428985,0.19958459953535476,-0.011760849770588527,0.018436245357101505,0.0004154004646452548,0.011760849770588527,0.2,0.2,0.0,0.2700698557022626,-0.2700698557022626,False
0,259,0.10193045671862677,-1.415529277397579,1.6279767729972068,1.6999574263643233,0.03241491471227624,0.0,0.1815637546428985,0.19958459953535476,-0.011760849770588527,0.34530526399612427,0.932314932346344,0.3103315234184265,0.9781377911567688,0.8063112497329712,0.4844774305820465,0.10208857271588322,-1.415266031808945,1.628077661591567,1.700241672202101,0.03262286696506411,0.0,0.1815637546428985,0.19958459953535476,-0.011760849770588527,0.018436245357101505,0.0004154004646452548,0.011760849770588527,0.2,0.2,0.0,0.2700698557022626,-0.2700698557022626,False
0,260,0.10208857271588322,-1.415266031808945,1.628077661591567,1.700241672202101,0.03262286696506411,0.0,0.1815637546428985,0.19958459953535476,-0.011760849770588527,0.6798416376113892,0.9614553451538086,0.5266484618186951,0.971121609210968,0.7504327297210693,0.3177237808704376,0.10208857271588322,-1.415266031808945,1.628077661591567,1.700241672202101,0.03262286696506411,0.0,0.1815637546428985,0.19958459953535476,-0.011760849770588527,0.018436245357101505,0.0004154004646452548,0.011760849770588527,0.2,0.2,0.0,0.2700698557022626,-0.2700698557022626,False
0,261,0.10208857271588322,-1.415266031808945,1.628077661591567,1.700241672202101,0.03262286696506411,0.0,0.1815637546428985,0.19958459953535476,-0.011760849770588527,0.6219589710235596,0.9380343556404114,0.6058400869369507,0.9733127951622009,0.5683823823928833,0.4239325523376465,0.10278826146433474,-1.4140116402588803,1.6286464213466367,1.701529718933523,0.033649057610682494,0.0,0.1815637546428985,0.19958459953535476,-0.011760849770588527,0.018436245357101505,0.0004154004646452548,0.011760849770588527,0.2,0.2,0.0,0.2700698557022626,-0.2700698557022626,False
0,262,0.10278826146433474,-1.4140116402588803,1.6286464213466367,1.701529718933523,0.033649057610682494,0.0,0.1815637546428985,0.19958459953535476,-0.011760849770588527,0.4898201525211334,0.9253010153770447,0.48323574662208557,0.9745250940322876,0.7359697818756104,0.5984233021736145,0.10296395280707529,-1.4137555951582919,1.6288043396628524,1.701792719003304,0.03381921574077422,0.0,0.1815637546428985,0.19958459953535476,-0.011760849770588527,0.018436245357101505,0.0004154004646452548,0.011760849770588527,0.2,0.2,0.0,0.2700698557022626,-0.2700698557022626,False
0,263,0.10296395280707529,-1.4137555951582919,1.6288043396628524,1.701792719003304,0.03381921574077422,0.0,0.1815637546428985,0.19958459953535476,-0.011760849770588527,0.39399194717407227,0.9361602067947388,0.5570354461669922,0.9721600413322449,0.7040079236030579,0.31836241483688354,0.10339550536027678,-1.413043119320945,1.6292392140629153,1.7025358183537629,0.034295050941367734,0.0,0.1815637546428985,0.19958459953535476,-0.011760849770588527,0.018436245357101505,0.0004154004646452548,0.011760849770588527,0.2,0.2,0.0,0.2700698557022626,-0.2700698557022626,False
0,264,0.10339550536027678,-1.413043119320945,1.6292392140629153,1.7025358183537629,0.034295050941367734,0.0,0.1815637546428985,0.19958459953535476,-0.011760849770588527,0.4668329060077667,0.9507875442504883,0.6662386059761047,0.9818925261497498,0.6164432764053345,0.3213658034801483,0.1034677788511477,-1.4128794681559214,1.6293426399799855,1.7027054100359658,0.03441240032737647,0.0,0.1815637546428985,0.19958459953535476,-0.011760849770588527,0.018436245357101505,0.0004154004646452548,0.011760849770588527,0.2,0.2,0.0,0.2700698557022626,-0.2700698557022626,False
0,265,0.1034677788511477,-1.4128794681559214,1.6293426399799855,1.7027054100359658,0.03441240032737647,0.0,0.1815637546428985,0.19958459953535476,-0.011760849770588527,0.5701552629470825,0.9530172944068909,0.521641731262207,0.9800081849098206,0.6303545236587524,0.5049269795417786,0.10360978650126482,-1.4126031213901922,1.6295277758610553,1.70299053254247,0.03459205486679398,0.0,0.1815637546428985,0.19958459953535476,-0.011760849770588527,0.018436245357101505,0.0004154004646452548,0.011760849770588527,0.2,0.2,0.0,0.2700698557022626,-0.2700698557022626,False
0,266,0.10360978650126482,-1.4126031213901922,1.6295277758610553,1.70299053254247,0.03459205486679398,0.0,0.1815637546428985,0.19958459953535476,-0.011760849770588527,0.25068095326423645,0.9184449315071106,0.4617800712585449,0.9752485156059265,0.41974160075187683,0.28849002718925476,0.1037198266727676,-1.4123304878444483,1.6296694473318192,1.703276367438649,0.034738949679821954,0.0,0.1815637546428985,0.19958459953535476,-0.011760849770588527,0.018436245357101505,0.0004154004646452548,0.011760849770588527,0.2,0.2,0.0,0.2700698557022626,-0.2700698557022626,False
0,267,0.1037198266727676,-1.4123304878444483,1.6296694473318192,1.703276367438649,0.034738949679821954,0.0,0.1815637546428985,0.19958459953535476,-0.011760849770588527,0.520746111869812,0.9369960427284241,0.5045604705810547,0.9707977175712585,0.7008431553840637,0.5557904243469238,0.10380994119760642,-1.4121147371346578,1.629781864425158,1.7035026208963209,0.03486984287882917,0.0,0.1815637546428985,0.19958459953535476,-0.011760849770588527,0.018436245357101505,0.0004154004646452548,0.011760849770588527,0.2,0.2,0.0,0.2700698557022626,-0.2700698557022626,False
0,268,0.10380994119760642,-1.4121147371346578,1.629781864425158,1.7035026208963209,0.03486984287882917,0.0,0.1815637546428985,0.19958459953535476,-0.011760849770588527,0.7391131520271301,0.9579007625579834,0.29509520530700684,0.9652886390686035,0.6046544909477234,0.47432729601860046,0.10400118909814919,-1.4118375343251117,1.6298918442245374,1.703784950642935,0.03505760731039814,0.0,0.1815637546428985,0.19958459953535476,-0.011760849770588527,0.018436245357101505,0.0004154004646452548,0.011760849770588527,0.2,0.2,0.0,0.2700698557022626,-0.2700698557022626,False
0,269,0.10400118909814919,-1.4118375343251117,1.6298918442245374,1.703784950642935,0.03505760731039814,0.0,0.1815637546428985,0.19958459953535476,-0.011760849770588527,0.6376665830612183,0.9146219491958618,0.5808378458023071,0.9799805879592896,0.5896013379096985,0.2698078751564026,0.10416124498270989,-1.4116199097815527,1.6299943106648087,1.7040111804797091,0.035196294185935104,0.0,0.1815637546428985,0.19958459953535476,-0.011760849770588527,0.018436245357101505,0.0004154004646452548,0.011760849770588527,0.2,0.2,0.0,0.2700698557022626,-0.2700698557022626,False
0,270,0.10416124498270989,-1.4116199097815527,1.6299943106648087,1.7040111804797091,0.035196294185935104,0.0,0.1815637546428985,0.19958459953535476,-0.011760849770588527,0.399973064661026,0.9372807741165161,0.4763813614845276,0.979498565196991,0.8232040405273438,0.4361995458602905,0.10416124498270989,-1.4116199097815527,1.6299943106648087,1.7040111804797091,0.035196294185935104,0.0,0.1815637546428985,0.19958459953535476,-0.011760849770588527,0.018436245357101505,0.0004154004646452548,0.011760849770588527,0.2,0.2,0.0,0.2700698557022626,-0.2700698557022626,False
0,271,0.10416124498270989,-1.4116199097815527,1.6299943106648087,1.7040111804797091,0.035196294185935104,0.0,0.1815637546428985,0.19958459953535476,-0.011760849770588527,0.41340872645378113,0.9272344708442688,0.43919625878334045,0.9596603512763977,0.7151646614074707,0.3604714274406433,0.10416124498270989,-1.4116199097815527,1.6299943106648087,1.7040111804797091,0.035196294185935104,0.0,0.1815637546428985,0.19958459953535476,-0.011760849770588527,0.018436245357101505,0.0004154004646452548,0.011760849770588527,0.2,0.2,0.0,0.2700698557022626,-0.2700698557022626,False
0,272,0.10416124498270989,-1.4116199097815527,1.6299943106648087,1.7040111804797091,0.035196294185935104,0.0,0.1815637546428985,0.19958459953535476,-0.011760849770588527,0.41101399064064026,0.9352752566337585,0.491901159286499,0.9778247475624084,0.6451337337493896,0.3557226359844208,0.10448623846639196,-1.4109247540324488,1.6303626694984867,1.7047404147530476,0.03576246865783333,0.0,0.1815637546428985,0.19958459953535476,-0.011760849770588527,0.018436245357101505,0.0004154004646452548,0.011760849770588527,0.2,0.2,0.0,0.2700698557022626,-0.2700698557022626,False
0,273,0.10448623846639196,-1.4109247540324488,1.6303626694984867,1.7047404147530476,0.03576246865783333,0.0,0.1815637546428985,0.19958459953535476,-0.011760849770588527,0.45404180884361267,0.9230526089668274,0.36279353499412537,0.970895528793335,0.6112160682678223,0.4875999093055725,0.10458282423454592,-1.4107113628073145,1.6304675472074217,1.7049638516272636,0.03590739983092596,0.0,0.1815637546428985,0.19958459953535476,-0.011760849770588527,0.018436245357101505,0.0004154004646452548,0.011760849770588527,0.2,0.2,0.0,0.2700698557022626,-0.2700698557022626,False
0,274,0.10458282423454592,-1.4107113628073145,1.6304675472074217,1.7049638516272636,0.03590739983092596,0.0,0.1815637546428985,0.19958459953535476,-0.011760849770588527,0.5664983987808228,0.9160903692245483,0.554419755935669,0.9750754237174988,0.7287098169326782,0.2656501531600952,0.10469560024179206,-1.4104964601447487,1.6305633869888154,1.7051905969746066,0.036056978244485394,0.0,0.1815637546428985,0.19958459953535476,-0.011760849770588527,0.018436245357101505,0.0004154004646452548,0.011760849770588527,0.2,0.2,0.0,0.2700698557022626,-0.2700698557022626,False
0,275,0.10469560024179206,-1.4104964601447487,1.6305633869888154,1.7051905969746066,0.036056978244485394,0.0,0.1815637546428985,0.19958459953535476,-0.011760849770588527,0.3483181893825531,0.9341520071029663,0.17832662165164948,0.9721696972846985,0.7476048469543457,0.057141367346048355,0.10480264113629839,-1.4102793749775437,1.6306488672268975,1.7054190355238557,0.03623039451534237,0.0,0.1815637546428985,0.19958459953535476,-0.011760849770588527,0.018436245357101505,0.0004154004646452548,0.011760849770588527,0.2,0.2,0.0,0.2700698557022626,-0.2700698557022626,False
0,276,0.10480264113629839,-1.4102793749775437,1.6306488672268975,1.7054190355238557,0.03623039451534237,0.0,0.1815637546428985,0.19958459953535476,-0.011760849770588527,0.5991971492767334,0.9441753625869751,0.5260137319564819,0.9634184241294861,0.6914288997650146,0.3647856116294861,0.10493331826319591,-1.4100068305219497,1.6307414117880366,1.7057003375143693,0.03644085306884437,0.0,0.1815637546428985,0.19958459953535476,-0.011760849770588527,0.018436245357101505,0.0004154004646452548,0.011760849770588527,0.2,0.2,0.0,0.2700698557022626,-0.2700698557022626,False
0,277,0.10493331826319591,-1.4100068305219497,1.6307414117880366,1.7057003375143693,0.03644085306884437,0.0,0.1815637546428985,0.19958459953535476,-0.011760849770588527,0.4220098555088043,0.9334858059883118,0.4252050518989563,0.9722927212715149,0.7589293718338013,-0.10823649913072586,0.10505245851987399,-1.4097876383840373,1.6308527365519614,1.705926329994904,0.036610265739830075,0.0,0.1815637546428985,0.19958459953535476,-0.011760849770588527,0.018436245357101505,0.0004154004646452548,0.011760849770588527,0.2,0.2,0.0,0.2700698557022626,-0.2700698557022626,False
0,278,0.10505245851987399,-1.4097876383840373,1.6308527365519614,1.705926329994904,0.036610265739830075,0.0,0.1815637546428985,0.19958459953535476,-0.011760849770588527,0.31373775005340576,0.9349064826965332,0.11086875945329666,0.9675760865211487,0.7112173438072205,0.6131407618522644,0.10505245851987399,-1.4097876383840373,1.6308527365519614,1.705926329994904,0.036610265739830075,0.0,0.1815637546428985,0.19958459953535476,-0.011760849770588527,0.018436245357101505,0.0004154004646452548,0.011760849770588527,0.2,0.2,0.0,0.2700698557022626,-0.2700698557022626,False
0,279,0.10505245851987399,-1.4097876383840373,1.6308527365519614,1.705926329994904,0.036610265739830075,0.0,0.1815637546428985,0.19958459953535476,-0.011760849770588527,0.4986681044101715,0.9468345642089844,0.20867499709129333,0.9650067687034607,0.7725395560264587,0.5681748390197754,0.1055034444128606,-1.4085959426937837,1.6311152839690353,1.7071547955102522,0.037533923422412636,0.0,0.1815637546428985,0.19958459953535476,-0.011760849770588527,0.018436245357101505,0.0004154004646452548,0.011760849770588527,0.2,0.2,0.0,0.2700698557022626,-0.2700698557022626,False
0,280,0.1055034444128606,-1.4085959426937837,1.6311152839690353,1.7071547955102522,0.037533923422412636,0.0,0.1815637546428985,0.19958459953535476,-0.011760849770588527,0.48956459760665894,0.9560203552246094,0.35230526328086853,0.961814820766449,0.6728547811508179,0.5156384110450745,0.1055034444128606,-1.4085959426937837,1.6311152839690353,1.7071547955102522,0.037533923422412636,0.0,0.1815637546428985,0.19958459953535476,-0.011760849770588527,0.018436245357101505,0.0004154004646452548,0.011760849770588527,0.2,0.2,0.0,0.2700698557022626,-0.2700698557022626,False
0,281,0.1055034444128606,-1.4085959426937837,1.6311152839690353,1.7071547955102522,0.037533923422412636,0.0,0.1815637546428985,0.19958459953535476,-0.011760849770588527,0.49587592482566833,0.9327166676521301,0.6121943593025208,0.9598268270492554,0.6533493995666504,0.4162774980068207,0.1060745083505554,-1.4074916205883108,1.6315089664520772,1.708268136466597,0.03833258868189571,0.0,0.1815637546428985,0.19958459953535476,-0.011760849770588527,0.018436245357101505,0.0004154004646452548,0.011760849770588527,0.2,0.2,0.0,0.2700698557022626,-0.2700698557022626,False
0,282,0.1060745083505554,-1.4074916205883108,1.6315089664520772,1.708268136466597,0.03833258868189571,0.0,0.1815637546428985,0.19958459953535476,-0.011760849770588527,0.44973406195640564,0.9385979771614075,0.4884856939315796,0.9699089527130127,0.6450217962265015,0.5291280150413513,0.10618362466007193,-1.407275459642325,1.6316371218275418,1.7084911690215063,0.03848241964117785,0.0,0.1815637546428985,0.19958459953535476,-0.011760849770588527,0.018436245357101505,0.0004154004646452548,0.011760849770588527,0.2,0.2,0.0,0.2700698557022626,-0.2700698557022626,False
0,283,0.10618362466007193,-1.407275459642325,1.6316371218275418,1.7084911690215063,0.03848241964117785,0.0,0.1815637546428985,0.19958459953535476,-0.011760849770588527,0.5475596189498901,0.944072961807251,0.4267216622829437,0.9732456207275391,0.807449221611023,0.43828946352005005,0.10632586111440778,-1.407000539429571,1.6317685058052087,1.7087748507165756,0.038699610059634855,0.0,0.1815637546428985,0.19958459953535476,-0.011760849770588527,0.018436245357101505,0.0004154004646452548,0.011760849770588527,0.2,0.2,0.0,0.2700698557022626,-0.2700698557022626,False
0,284,0.10632586111440778,-1.407000539429571,1.6317685058052087,1.7087748507165756,0.038699610059634855,0.0,0.1815637546428985,0.19958459953535476,-0.011760849770588527,0.41442036628723145,0.9352180361747742,0.713885486125946,0.9704390168190002,0.738292396068573,0.5588991045951843,0.106437457294509,-1.4067811598867548,1.6319195122839298,1.7090021343642188,0.03887636990791532,0.0,0.1815637546428985,0.19958459953535476,-0.011760849770588527,0.018436245357101505,0.0004154004646452548,0.011760849770588527,0.2,0.2,0.0,0.2700698557022626,-0.2700698557022626,False
0,285,0.106437457294509,-1.4067811598867548,1.6319195122839298,1.7090021343642188,0.03887636990791532,0.0,0.1815637546428985,0.19958459953535476,-0.011760849770588527,0.6609153747558594,0.9199008345603943,0.366303026676178,0.9514214396476746,0.8537707328796387,0.3372262418270111,0.10658625696000107,-1.4065126567568254,1.6320848492428877,1.7092803871040978,0.03910346196920136,0.0,0.1815637546428985,0.19958459953535476,-0.011760849770588527,0.018436245357101505,0.0004154004646452548,0.011760849770588527,0.2,0.2,0.0,0.2700698557022626,-0.2700698557022626,False
0,286,0.10658625696000107,-1.4065126567568254,1.6320848492428877,1.7092803871040978,0.03910346196920136,0.0,0.1815637546428985,0.19958459953535476,-0.011760849770588527,0.7411251068115234,0.9033536911010742,0.29083168506622314,0.9739395976066589,0.8486737608909607,0.41231584548950195,0.10679367213098014,-1.406247358791938,1.6321776911021102,1.709561833353081,0.039351714975619255,0.0,0.1815637546428985,0.19958459953535476,-0.011760849770588527,0.018436245357101505,0.0004154004646452548,0.011760849770588527,0.2,0.2,0.0,0.2700698557022626,-0.2700698557022626,False
0,287,0.10679367213098014,-1.406247358791938,1.6321776911021102,1.709561833353081,0.039351714975619255,0.0,0.1815637546428985,0.19958459953535476,-0.011760849770588527,0.6689645051956177,0.9469130039215088,0.4442284107208252,0.9736952185630798,0.8194469213485718,0.4060335159301758,0.1069575116795573,-1.4060320976021459,1.6322635485471475,1.7097883312084916,0.03954558202872266,0.0,0.1815637546428985,0.19958459953535476,-0.011760849770588527,0.018436245357101505,0.0004154004646452548,0.011760849770588527,0.2,0.2,0.0,0.2700698557022626,-0.2700698557022626,False
0,288,0.1069575116795573,-1.4060320976021459,1.6322635485471475,1.7097883312084916,0.03954558202872266,0.0,0.1815637546428985,0.19958459953535476,-0.011760849770588527,0.39195290207862854,0.9023703336715698,0.3381676971912384,0.9685267210006714,0.8088810443878174,0.4502480626106262,0.10711860757935332,-1.405762277985427,1.6323802253657513,1.7100705441677204,0.039782289181561084,0.0,0.1815637546428985,0.19958459953535476,-0.011760849770588527,0.018436245357101505,0.0004154004646452548,0.011760849770588527,0.2,0.2,0.0,0.2700698557022626,-0.2700698557022626,False
0,289,0.10711860757935332,-1.405762277985427,1.6323802253657513,1.7100705441677204,0.039782289181561084,0.0,0.1815637546428985,0.19958459953535476,-0.011760849770588527,0.6435036063194275,0.9464698433876038,0.4679931402206421,0.9693207144737244,0.7562580108642578,0.4223538935184479,0.10725513934438644,-1.4055428445099918,1.6324825803891763,1.710297804644278,0.03996258909431359,0.0,0.1815637546428985,0.19958459953535476,-0.011760849770588527,0.018436245357101505,0.0004154004646452548,0.011760849770588527,0.2,0.2,0.0,0.2700698557022626,-0.2700698557022626,False
0,290,0.10725513934438644,-1.4055428445099918,1.6324825803891763,1.710297804644278,0.03996258909431359,0.0,0.1815637546428985,0.19958459953535476,-0.011760849770588527,0.42821624875068665,0.937992513179779,0.4057258069515228,0.959344744682312,0.5962024927139282,0.12416686117649078,0.10725513934438644,-1.4055428445099918,1.6324825803891763,1.710297804644278,0.03996258909431359,0.0,0.1815637546428985,0.19958459953535476,-0.011760849770588527,0.018436245357101505,0.0004154004646452548,0.011760849770588527,0.2,0.2,0.0,0.2700698557022626,-0.2700698557022626,False
0,291,0.10725513934438644,-1.4055428445099918,1.6324825803891763,1.710297804644278,0.03996258909431359,0.0,0.1815637546428985,0.19958459953535476,-0.011760849770588527,0.49350687861442566,0.952662467956543,0.6079412698745728,0.9670972228050232,0.7654233574867249,0.43588292598724365,0.10725513934438644,-1.4055428445099918,1.6324825803891763,1.710297804644278,0.03996258909431359,0.0,0.1815637546428985,0.19958459953535476,-0.011760849770588527,0.018436245357101505,0.0004154004646452548,0.011760849770588527,0.2,0.2,0.0,0.2700698557022626,-0.2700698557022626,False
0,292,0.10725513934438644,-1.4055428445099918,1.6324825803891763,1.710297804644278,0.03996258909431359,0.0,0.1815637546428985,0.19958459953535476,-0.011760849770588527,0.7146391868591309,0.9497119188308716,0.16593235731124878,0.9711286425590515,0.6228283643722534,0.3371923267841339,0.10789403510996319,-1.4042508249401422,1.6330675801915626,1.7116180255038145,0.040829026073399416,0.0,0.1815637546428985,0.19958459953535476,-0.011760849770588527,0.018436245357101505,0.0004154004646452548,0.011760849770588527,0.2,0.2,0.0,0.2700698557022626,-0.2700698557022626,False
0,293,0.10789403510996319,-1.4042508249401422,1.6330675801915626,1.7116180255038145,0.040829026073399416,0.0,0.1815637546428985,0.19958459953535476,-0.011760849770588527,0.48244863748550415,0.9284904599189758,0.3218053877353668,0.9640893936157227,0.6896051168441772,0.5798412561416626,0.10803234914859504,-1.4040346910865527,1.6331224658681345,1.7118399223368117,0.040979641897746326,0.0,0.1815637546428985,0.19958459953535476,-0.011760849770588527,0.018436245357101505,0.0004154004646452548,0.011760849770588527,0.2,0.2,0.0,0.2700698557022626,-0.2700698557022626,False
0,294,0.10803234914859504,-1.4040346910865527,1.6331224658681345,1.7118399223368117,0.040979641897746326,0.0,0.1815637546428985,0.19958459953535476,-0.011760849770588527,0.5595338344573975,0.9386520981788635,0.5640702247619629,0.980425238609314,0.7972468733787537,0.2703915238380432,0.10803234914859504,-1.4040346910865527,1.6331224658681345,1.7118399223368117,0.040979641897746326,0.0,0.1815637546428985,0.19958459953535476,-0.011760849770588527,0.018436245357101505,0.0004154004646452548,0.011760849770588527,0.2,0.2,0.0,0.2700698557022626,-0.2700698557022626,False
0,295,0.10803234914859504,-1.4040346910865527,1.6331224658681345,1.7118399223368117,0.040979641897746326,0.0,0.1815637546428985,0.19958459953535476,-0.011760849770588527,0.5906057357788086,0.9417980313301086,0.16610442101955414,0.9752799868583679,0.6445196866989136,0.44589564204216003,0.1082911795881513,-1.4035578221217107,1.633268952131525,1.712331928953069,0.04132577842222494,0.0,0.1815637546428985,0.19958459953535476,-0.011760849770588527,0.018436245357101505,0.0004154004646452548,0.011760849770588527,0.2,0.2,0.0,0.2700698557022626,-0.2700698557022626,False
0,296,0.1082911795881513,-1.4035578221217107,1.633268952131525,1.712331928953069,0.04132577842222494,0.0,0.1815637546428985,0.19958459953535476,-0.011760849770588527,0.7362926006317139,0.9455209374427795,0.429258793592453,0.9613286852836609,0.7770068645477295,0.40959784388542175,0.10843632677215188,-1.4033406628360983,1.6333223625928328,1.7125553114357221,0.04148171476863244,0.0,0.1815637546428985,0.19958459953535476,-0.011760849770588527,0.018436245357101505,0.0004154004646452548,0.011760849770588527,0.2,0.2,0.0,0.2700698557022626,-0.2700698557022626,False
0,297,0.10843632677215188,-1.4033406628360983,1.6333223625928328,1.7125553114357221,0.04148171476863244,0.0,0.1815637546428985,0.19958459953535476,-0.011760849770588527,0.4642142057418823,0.9279855489730835,0.5186266303062439,0.9756790995597839,0.7286909818649292,0.1491909623146057,0.1085610371826407,-1.4031215128072896,1.6334393301009447,1.7127834186458635,0.041655582354782256,0.0,0.1815637546428985,0.19958459953535476,-0.011760849770588527,0.018436245357101505,0.0004154004646452548,0.011760849770588527,0.2,0.2,0.0,0.2700698557022626,-0.2700698557022626,False
0,298,0.1085610371826407,-1.4031215128072896,1.6334393301009447,1.7127834186458635,0.041655582354782256,0.0,0.1815637546428985,0.19958459953535476,-0.011760849770588527,0.5396145582199097,0.9537548422813416,0.38004136085510254,0.9707838892936707,0.7911312580108643,0.5842763185501099,0.10870983066842682,-1.40284699806444,1.6335655936349984,1.7130663864515139,0.04187862857896132,0.0,0.1815637546428985,0.19958459953535476,-0.011760849770588527,0.018436245357101505,0.0004154004646452548,0.011760849770588527,0.2,0.2,0.0,0.2700698557022626,-0.2700698557022626,False
0,299,0.10870983066842682,-1.40284699806444,1.6335655936349984,1.7130663864515139,0.04187862857896132,0.0,0.1815637546428985,0.19958459953535476,-0.011760849770588527,0.6262395977973938,0.9362993240356445,0.5099153518676758,0.9715144038200378,0.7049230337142944,0.5236837863922119,0.1088332144234794,-1.4026306384629734,1.6336514132796918,1.7132865264272246,0.04205820547080547,0.0,0.1815637546428985,0.19958459953535476,-0.011760849770588527,0.018436245357101505,0.0004154004646452548,0.011760849770588527,0.2,0.2,0.0,0.2700698557022626,-0.2700698557022626,False
0,300,0.1088332144234794,-1.4026306384629734,1.6336514132796918,1.7132865264272246,0.04205820547080547,0.0,0.1815637546428985,0.19958459953535476,-0.011760849770588527,0.5478529930114746,0.9228007793426514,0.2744865119457245,0.9758825898170471,0.7241808176040649,0.2972673177719116,0.1088332144234794,-1.4026306384629734,1.6336514132796918,1.7132865264272246,0.04205820547080547,0.0,0.1815637546428985,0.19958459953535476,-0.011760849770588527,0.018436245357101505,0.0004154004646452548,0.011760849770588527,0.2,0.2,0.0,0.2700698557022626,-0.2700698557022626,False
0,301,0.1088332144234794,-1.4026306384629734,1.6336514132796918,1.7132865264272246,0.04205820547080547,0.0,0.1815637546428985,0.19958459953535476,-0.011760849770588527,0.5649414658546448,0.9384569525718689,0.6466620564460754,0.9778741598129272,0.6623671054840088,0.14740411937236786,0.1088332144234794,-1.4026306384629734,1.6336514132796918,1.7132865264272246,0.04205820547080547,0.0,0.1815637546428985,0.19958459953535476,-0.011760849770588527,0.018436245357101505,0.0004154004646452548,0.011760849770588527,0.2,0.2,0.0,0.2700698557022626,-0.2700698557022626,False
0,302,0.1088332144234794,-1.4026306384629734,1.6336514132796918,1.7132865264272246,0.04205820547080547,0.0,0.1815637546428985,0.19958459953535476,-0.011760849770588527,0.7671875953674316,0.9466087222099304,0.5940494537353516,0.9723363518714905,0.7883762717247009,0.27072781324386597,0.10915755064580085,-1.4020987089220207,1.633835746900361,1.7138470287325356,0.04247213436108747,0.0,0.1815637546428985,0.19958459953535476,-0.011760849770588527,0.018436245357101505,0.0004154004646452548,0.011760849770588527,0.2,0.2,0.0,0.2700698557022626,-0.2700698557022626,False
0,303,0.10915755064580085,-1.4020987089220207,1.633835746900361,1.7138470287325356,0.04247213436108747,0.0,0.1815637546428985,0.19958459953535476,-0.011760849770588527,0.5917134881019592,0.9220247268676758,0.38675162196159363,0.9772993326187134,0.8518722653388977,0.5694736242294312,0.10915755064580085,-1.4020987089220207,1.633835746900361,1.7138470287325356,0.04247213436108747,0.0,0.1815637546428985,0.19958459953535476,-0.011760849770588527,0.018436245357101505,0.0004154004646452548,0.011760849770588527,0.2,0.2,0.0,0.2700698557022626,-0.2700698557022626,False
0,304,0.10915755064580085,-1.4020987089220207,1.633835746900361,1.7138470287325356,0.04247213436108747,0.0,0.1815637546428985,0.19958459953535476,-0.011760849770588527,0.5766195058822632,0.9569627046585083,0.46956905722618103,0.9641748070716858,0.7875346541404724,0.27349692583084106,0.10990191780085146,-1.401108012643756,1.634398375984256,1.7148755005189324,0.04332109580556347,0.0,0.1815637546428985,0.19958459953535476,-0.011760849770588527,0.018436245357101505,0.0004154004646452548,0.011760849770588527,0.2,0.2,0.0,0.2700698557022626,-0.2700698557022626,False
0,305,0.10990191780085146,-1.401108012643756,1.634398375984256,1.7148755005189324,0.04332109580556347,0.0,0.1815637546428985,0.19958459953535476,-0.011760849770588527,0.28254643082618713,0.9534904956817627,0.10677005350589752,0.9740102291107178,0.8068118095397949,0.10772186517715454,0.11033832896089467,-1.4002917952209604,1.634679429351281,1.7157237952590685,0.0440425249920832,0.0,0.1815637546428985,0.19958459953535476,-0.011760849770588527,0.018436245357101505,0.0004154004646452548,0.011760849770588527,0.2,0.2,0.0,0.2700698557022626,-0.2700698557022626,False
0,306,0.11033832896089467,-1.4002917952209604,1.634679429351281,1.7157237952590685,0.0440425249920832,0.0,0.1815637546428985,0.19958459953535476,-0.011760849770588527,0.6568378210067749,0.9480127096176147,0.5425977110862732,0.9777998924255371,0.8067331910133362,0.1631438136100769,0.11042800307721888,-1.3999793009290646,1.6347113633935173,1.7160428894914925,0.04430666312904014,0.0,0.1815637546428985,0.19958459953535476,-0.011760849770588527,0.018436245357101505,0.0004154004646452548,0.011760849770588527,0.2,0.2,0.0,0.2700698557022626,-0.2700698557022626,False
0,307,0.11042800307721888,-1.3999793009290646,1.6347113633935173,1.7160428894914925,0.04430666312904014,0.0,0.1815637546428985,0.19958459953535476,-0.011760849770588527,0.2324061393737793,0.954774022102356,0.5731630325317383,0.9643889665603638,0.7140742540359497,0.5473521947860718,0.11077648936912943,-1.3993010811908184,1.634990320883351,1.7167387682598547,0.044876557795607834,0.0,0.1815637546428985,0.19958459953535476,-0.011760849770588527,0.018436245357101505,0.0004154004646452548,0.011760849770588527,0.2,0.2,0.0,0.2700698557022626,-0.2700698557022626,False
0,308,0.11077648936912943,-1.3993010811908184,1.634990320883351,1.7167387682598547,0.044876557795607834,0.0,0.1815637546428985,0.19958459953535476,-0.011760849770588527,0.4540151059627533,0.9246525168418884,0.48410549759864807,0.9700876474380493,0.608456015586853,0.29533830285072327,0.110841718903805,-1.3990828037020644,1.6351178675621731,1.7169613213215207,0.04503432807173811,0.0,0.1815637546428985,0.19958459953535476,-0.011760849770588527,0.018436245357101505,0.0004154004646452548,0.011760849770588527,0.2,0.2,0.0,0.2700698557022626,-0.2700698557022626,False
0,309,0.110841718903805,-1.3990828037020644,1.6351178675621731,1.7169613213215207,0.04503432807173811,0.0,0.1815637546428985,0.19958459953535476,-0.011760849770588527,0.5261752009391785,0.9598409533500671,0.47363829612731934,0.9745864272117615,0.7002761363983154,0.19745594263076782,0.11098338787336393,-1.3988087849553181,1.6352577015087806,1.717245021471502,0.045222649293179575,0.0,0.1815637546428985,0.19958459953535476,-0.011760849770588527,0.018436245357101505,0.0004154004646452548,0.011760849770588527,0.2,0.2,0.0,0.2700698557022626,-0.2700698557022626,False
0,310,0.11098338787336393,-1.3988087849553181,1.6352577015087806,1.717245021471502,0.045222649293179575,0.0,0.1815637546428985,0.19958459953535476,-0.011760849770588527,0.5681990385055542,0.9389720559120178,0.5654301643371582,0.9739350080490112,0.7754518985748291,0.49656766653060913,0.11098338787336393,-1.3988087849553181,1.6352577015087806,1.717245021471502,0.045222649293179575,0.0,0.1815637546428985,0.19958459953535476,-0.011760849770588527,0.018436245357101505,0.0004154004646452548,0.011760849770588527,0.2,0.2,0.0,0.2700698557022626,-0.2700698557022626,False
0,311,0.11098338787336393,-1.3988087849553181,1.6352577015087806,1.717245021471502,0.045222649293179575,0.0,0.1815637546428985,0.19958459953535476,-0.011760849770588527,0.6445580720901489,0.9519840478897095,0.5065018534660339,0.9826042056083679,0.7904173135757446,-0.00981561653316021,0.11141148925100106,-1.398109762268052,1.6356596593689967,1.7179672438307685,0.045790825067155545,0.0,0.1815637546428985,0.19958459953535476,-0.011760849770588527,0.018436245357101505,0.0004154004646452548,0.011760849770588527,0.2,0.2,0.0,0.2700698557022626,-0.2700698557022626,False
0,312,0.11141148925100106,-1.398109762268052,1.6356596593689967,1.7179672438307685,0.045790825067155545,0.0,0.1815637546428985,0.19958459953535476,-0.011760849770588527,0.19556230306625366,0.9466269016265869,0.576294481754303,0.9783295392990112,0.6667635440826416,0.033566080033779144,0.11155812262249004,-1.3978920546170508,1.6357795884366992,1.7181920185314858,0.045964505981720465,0.0,0.1815637546428985,0.19958459953535476,-0.011760849770588527,0.018436245357101505,0.0004154004646452548,0.011760849770588527,0.2,0.2,0.0,0.2700698557022626,-0.2700698557022626,False
0,313,0.11155812262249004,-1.3978920546170508,1.6357795884366992,1.7181920185314858,0.045964505981720465,0.0,0.1815637546428985,0.19958459953535476,-0.011760849770588527,0.5076008439064026,0.9515464305877686,0.61391681432724,0.9767352342605591,0.7754262685775757,0.5858047008514404,0.1116506871262606,-1.39761603409958,1.6359519310568313,1.7184764886116384,0.046171208931964414,0.0,0.1815637546428985,0.19958459953535476,-0.011760849770588527,0.018436245357101505,0.0004154004646452548,0.011760849770588527,0.2,0.2,0.0,0.2700698557022626,-0.2700698557022626,False
0,314,0.1116506871262606,-1.39761603409958,1.6359519310568313,1.7184764886116384,0.046171208931964414,0.0,0.1815637546428985,0.19958459953535476,-0.011760849770588527,0.709842324256897,0.9618055820465088,0.4483121931552887,0.9769313931465149,0.774648904800415,0.022877397015690804,0.11179384844977261,-1.3973934864884077,1.636075032392808,1.718703677098829,0.04635173501087599,0.0,0.1815637546428985,0.19958459953535476,-0.011760849770588527,0.018436245357101505,0.0004154004646452548,0.011760849770588527,0.2,0.2,0.0,0.2700698557022626,-0.2700698557022626,False
0,315,0.11179384844977261,-1.3973934864884077,1.636075032392808,1.718703677098829,0.04635173501087599,0.0,0.1815637546428985,0.19958459953535476,-0.011760849770588527,0.5459975004196167,0.9555287957191467,0.511005699634552,0.9765514731407166,0.7867499589920044,0.5450012683868408,0.11193131551121914,-1.3971689453723712,1.6361912766843671,1.7189328113370592,0.04653563292023372,0.0,0.1815637546428985,0.19958459953535476,-0.011760849770588527,0.018436245357101505,0.0004154004646452548,0.011760849770588527,0.2,0.2,0.0,0.2700698557022626,-0.2700698557022626,False
0,316,0.11193131551121914,-1.3971689453723712,1.6361912766843671,1.7189328113370592,0.04653563292023372,0.0,0.1815637546428985,0.19958459953535476,-0.011760849770588527,0.6273481845855713,0.9455198049545288,0.488982617855072,0.9803797602653503,0.7297918796539307,0.3615644872188568,0.11206174100231073,-1.396949361467908,1.6363078208380906,1.7191580800379098,0.046713536854772884,0.0,0.1815637546428985,0.19958459953535476,-0.011760849770588527,0.018436245357101505,0.0004154004646452548,0.011760849770588527,0.2,0.2,0.0,0.2700698557022626,-0.2700698557022626,False
0,317,0.11206174100231073,-1.396949361467908,1.6363078208380906,1.7191580800379098,0.046713536854772884,0.0,0.1815637546428985,0.19958459953535476,-0.011760849770588527,0.5376330614089966,0.9499051570892334,0.48731979727745056,0.9830482006072998,0.7691351175308228,0.6163139343261719,0.11217114846455671,-1.3967847813317267,1.6363928937733547,1.7193287610553345,0.04684045130843249,0.0,0.1815637546428985,0.19958459953535476,-0.011760849770588527,0.018436245357101505,0.0004154004646452548,0.011760849770588527,0.2,0.2,0.0,0.2700698557022626,-0.2700698557022626,False
0,318,0.11217114846455671,-1.3967847813317267,1.6363928937733547,1.7193287610553345,0.04684045130843249,0.0,0.1815637546428985,0.19958459953535476,-0.011760849770588527,0.5940349102020264,0.9429751634597778,0.187018021941185,0.9707621335983276,0.6524648666381836,0.40598487854003906,0.11237873050180086,-1.3964583224315361,1.6365255565588235,1.7196663439657043,0.04708510959143277,0.0,0.1815637546428985,0.19958459953535476,-0.011760849770588527,0.018436245357101505,0.0004154004646452548,0.011760849770588527,0.2,0.2,0.0,0.2700698557022626,-0.2700698557022626,False
0,319,0.11237873050180086,-1.3964583224315361,1.6365255565588235,1.7196663439657043,0.04708510959143277,0.0,0.1815637546428985,0.19958459953535476,-0.011760849770588527,0.5330231785774231,0.9676790833473206,0.3868938982486725,0.975075900554657,0.714508056640625,0.529050886631012,0.11254364723942939,-1.3961821365977736,1.636602811115472,1.719948131071081,0.047281320912690675,0.0,0.1815637546428985,0.19958459953535476,-0.011760849770588527,0.018436245357101505,0.0004154004646452548,0.011760849770588527,0.2,0.2,0.0,0.2700698557022626,-0.2700698557022626,False
0,320,0.11254364723942939,-1.3961821365977736,1.636602811115472,1.719948131071081,0.047281320912690675,0.0,0.1815637546428985,0.19958459953535476,-0.011760849770588527,0.28301915526390076,0.9689351916313171,0.40964871644973755,0.9785878658294678,0.6430911421775818,0.5672212243080139,0.11254364723942939,-1.3961821365977736,1.636602811115472,1.719948131071081,0.047281320912690675,0.0,0.1815637546428985,0.19958459953535476,-0.011760849770588527,0.018436245357101505,0.0004154004646452548,0.011760849770588527,0.2,0.2,0.0,0.2700698557022626,-0.2700698557022626,False
0,321,0.11254364723942939,-1.3961821365977736,1.636602811115472,1.719948131071081,0.047281320912690675,0.0,0.1815637546428985,0.19958459953535476,-0.011760849770588527,0.36111482977867126,0.9501341581344604,0.6501069664955139,0.9816403388977051,0.7215060591697693,0.5820468664169312,0.11288178694757249,-1.3952575026911103,1.6369883801801401,1.7208812886783487,0.04791489566780271,0.0,0.1815637546428985,0.19958459953535476,-0.011760849770588527,0.018436245357101505,0.0004154004646452548,0.011760849770588527,0.2,0.2,0.0,0.2700698557022626,-0.2700698557022626,False
0,322,0.11288178694757249,-1.3952575026911103,1.6369883801801401,1.7208812886783487,0.04791489566780271,0.0,0.1815637546428985,0.19958459953535476,-0.011760849770588527,0.6698381304740906,0.9264153838157654,0.3665628731250763,0.9788336157798767,0.8323571681976318,0.6214742660522461,0.11304244634728337,-1.3949841057970214,1.637128102105717,1.7211663926374074,0.04814483756042862,0.0,0.1815637546428985,0.19958459953535476,-0.011760849770588527,0.018436245357101505,0.0004154004646452548,0.011760849770588527,0.2,0.2,0.0,0.2700698557022626,-0.2700698557022626,False
0,323,0.11304244634728337,-1.3949841057970214,1.637128102105717,1.7211663926374074,0.04814483756042862,0.0,0.1815637546428985,0.19958459953535476,-0.011760849770588527,0.6229486465454102,0.9472659230232239,0.5374710559844971,0.9857621192932129,0.733406662940979,0.0716007873415947,0.11319487134188093,-1.3947688742914008,1.6372219750008226,1.7213916273596568,0.048330294424710804,0.0,0.1815637546428985,0.19958459953535476,-0.011760849770588527,0.018436245357101505,0.0004154004646452548,0.011760849770588527,0.2,0.2,0.0,0.2700698557022626,-0.2700698557022626,False
0,324,0.11319487134188093,-1.3947688742914008,1.6372219750008226,1.7213916273596568,0.048330294424710804,0.0,0.1815637546428985,0.19958459953535476,-0.011760849770588527,0.6656138896942139,0.9405069947242737,0.5476179122924805,0.9810134172439575,0.7631205916404724,0.5630848407745361,0.11338477834795879,-1.3944935425446567,1.637381089999625,1.72167853768536,0.048549425712084406,0.0,0.1815637546428985,0.19958459953535476,-0.011760849770588527,0.018436245357101505,0.0004154004646452548,0.011760849770588527,0.2,0.2,0.0,0.2700698557022626,-0.2700698557022626,False
0,325,0.11338477834795879,-1.3944935425446567,1.637381089999625,1.72167853768536,0.048549425712084406,0.0,0.1815637546428985,0.19958459953535476,-0.011760849770588527,0.7048026919364929,0.9602627754211426,0.4558423161506653,0.9791566133499146,0.7310800552368164,0.36674654483795166,0.11354429989411682,-1.3942724739076215,1.6374974915013685,1.721906448583367,0.04872310923226216,0.0,0.1815637546428985,0.19958459953535476,-0.011760849770588527,0.018436245357101505,0.0004154004646452548,0.011760849770588527,0.2,0.2,0.0,0.2700698557022626,-0.2700698557022626,False
0,326,0.11354429989411682,-1.3942724739076215,1.6374974915013685,1.721906448583367,0.04872310923226216,0.0,0.1815637546428985,0.19958459953535476,-0.011760849770588527,0.49802377820014954,0.949868381023407,0.5337699055671692,0.9814179539680481,0.6679338812828064,0.38865840435028076,0.11369538916457755,-1.3940504068008832,1.6376074694295837,1.7221331621042215,0.04888843164944748,0.0,0.1815637546428985,0.19958459953535476,-0.011760849770588527,0.018436245357101505,0.0004154004646452548,0.011760849770588527,0.2,0.2,0.0,0.2700698557022626,-0.2700698557022626,False
0,327,0.11369538916457755,-1.3940504068008832,1.6376074694295837,1.7221331621042215,0.04888843164944748,0.0,0.1815637546428985,0.19958459953535476,-0.011760849770588527,0.6281110048294067,0.9366889595985413,0.5781122446060181,0.9698265194892883,0.5624473094940186,0.2945249676704407,0.1138557916232359,-1.3937747757137349,1.6377681248474678,1.7224169076500253,0.04906904282176936,0.0,0.1815637546428985,0.19958459953535476,-0.011760849770588527,0.018436245357101505,0.0004154004646452548,0.011760849770588527,0.2,0.2,0.0,0.2700698557022626,-0.2700698557022626,False
0,328,0.1138557916232359,-1.3937747757137349,1.6377681248474678,1.7224169076500253,0.04906904282176936,0.0,0.1815637546428985,0.19958459953535476,-0.011760849770588527,0.5176715850830078,0.9352239370346069,0.42112356424331665,0.9857231378555298,0.7665653228759766,0.5044730305671692,0.1139894601218034,-1.3935562776283252,1.6378844279212061,1.722645229553366,0.04922398613161516,0.0,0.1815637546428985,0.19958459953535476,-0.011760849770588527,0.018436245357101505,0.0004154004646452548,0.011760849770588527,0.2,0.2,0.0,0.2700698557022626,-0.2700698557022626,False
0,329,0.1139894601218034,-1.3935562776283252,1.6378844279212061,1.722645229553366,0.04922398613161516,0.0,0.1815637546428985,0.19958459953535476,-0.011760849770588527,0.3662894368171692,0.9519698619842529,0.5401526689529419,0.9725630283355713,0.674004077911377,0.2817958891391754,0.11412152234020277,-1.3932826394405864,1.638020643954094,1.7229299990750826,0.04943600715097428,0.0,0.1815637546428985,0.19958459953535476,-0.011760849770588527,0.018436245357101505,0.0004154004646452548,0.011760849770588527,0.2,0.2,0.0,0.2700698557022626,-0.2700698557022626,False
0,330,0.11412152234020277,-1.3932826394405864,1.638020643954094,1.7229299990750826,0.04943600715097428,0.0,0.1815637546428985,0.19958459953535476,-0.011760849770588527,0.703222393989563,0.9493954181671143,0.6566593647003174,0.9812612533569336,0.5954664945602417,0.6569536924362183,0.11412152234020277,-1.3932826394405864,1.638020643954094,1.7229299990750826,0.04943600715097428,0.0,0.1815637546428985,0.19958459953535476,-0.011760849770588527,0.018436245357101505,0.0004154004646452548,0.011760849770588527,0.2,0.2,0.0,0.2700698557022626,-0.2700698557022626,False
0,331,0.11412152234020277,-1.3932826394405864,1.638020643954094,1.7229299990750826,0.04943600715097428,0.0,0.1815637546428985,0.19958459953535476,-0.011760849770588527,0.41352325677871704,0.9399041533470154,0.47769421339035034,0.9804822206497192,0.7862334251403809,0.4498502314090729,0.11444978115273026,-1.3927366498502942,1.6383721984247268,1.7234916851390292,0.04979531415805818,0.0,0.1815637546428985,0.19958459953535476,-0.011760849770588527,0.018436245357101505,0.0004154004646452548,0.011760849770588527,0.2,0.2,0.0,0.2700698557022626,-0.2700698557022626,False
0,332,0.11444978115273026,-1.3927366498502942,1.6383721984247268,1.7234916851390292,0.04979531415805818,0.0,0.1815637546428985,0.19958459953535476,-0.011760849770588527,0.6729050874710083,0.9649389386177063,0.5632641911506653,0.9753252863883972,0.8380551934242249,0.5118692517280579,0.11484267025663708,-1.3921575081986575,1.63874076701478,1.7240878814834075,0.05020833658654932,0.0,0.1815637546428985,0.19958459953535476,-0.011760849770588527,0.018436245357101505,0.0004154004646452548,0.011760849770588527,0.2,0.2,0.0,0.2700698557022626,-0.2700698557022626,False
0,333,0.11484267025663708,-1.3921575081986575,1.63874076701478,1.7240878814834075,0.05020833658654932,0.0,0.1815637546428985,0.19958459953535476,-0.011760849770588527,0.7543555498123169,0.9546617269515991,0.5941376686096191,0.9763867855072021,0.7696342468261719,0.35988810658454895,0.11504683960856535,-1.391880471245887,1.6389068097882855,1.724367853855504,0.05044057633580686,0.0,0.1815637546428985,0.19958459953535476,-0.011760849770588527,0.018436245357101505,0.0004154004646452548,0.011760849770588527,0.2,0.2,0.0,0.2700698557022626,-0.2700698557022626,False
0,334,0.11504683960856535,-1.391880471245887,1.6389068097882855,1.724367853855504,0.05044057633580686,0.0,0.1815637546428985,0.19958459953535476,-0.011760849770588527,0.3702460825443268,0.9591895937919617,0.2361091524362564,0.977934718132019,0.740406334400177,0.702558159828186,0.11515535460035811,-1.391655791654195,1.638982363445828,1.724597112048239,0.05061544648483529,0.0,0.1815637546428985,0.19958459953535476,-0.011760849770588527,0.018436245357101505,0.0004154004646452548,0.011760849770588527,0.2,0.2,0.0,0.2700698557022626,-0.2700698557022626,False
0,335,0.11515535460035811,-1.391655791654195,1.638982363445828,1.724597112048239,0.05061544648483529,0.0,0.1815637546428985,0.19958459953535476,-0.011760849770588527,0.6238659024238586,0.9464987516403198,0.6466784477233887,0.9831743836402893,0.783006489276886,0.3576110303401947,0.1152552524336963,-1.3914355037607409,1.6390608113840015,1.724822343564403,0.050788251793180486,0.0,0.1815637546428985,0.19958459953535476,-0.011760849770588527,0.018436245357101505,0.0004154004646452548,0.011760849770588527,0.2,0.2,0.0,0.2700698557022626,-0.2700698557022626,False
0,336,0.1152552524336963,-1.3914355037607409,1.6390608113840015,1.724822343564403,0.050788251793180486,0.0,0.1815637546428985,0.19958459953535476,-0.011760849770588527,0.5385942459106445,0.9634812474250793,0.5771820545196533,0.9863066673278809,0.751704216003418,0.2484709620475769,0.11542776087944513,-1.3911572412555913,1.6392422246186986,1.7251083978863868,0.0510114542817249,0.0,0.1815637546428985,0.19958459953535476,-0.011760849770588527,0.018436245357101505,0.0004154004646452548,0.011760849770588527,0.2,0.2,0.0,0.2700698557022626,-0.2700698557022626,False
0,337,0.11542776087944513,-1.3911572412555913,1.6392422246186986,1.7251083978863868,0.0510114542817249,0.0,0.1815637546428985,0.19958459953535476,-0.011760849770588527,0.6202584505081177,0.9568328857421875,0.48015397787094116,0.9746591448783875,0.790155827999115,0.46899279952049255,0.11556312157030435,-1.390933059914123,1.63936528001561,1.7253373012906836,0.051190812644259294,0.0,0.1815637546428985,0.19958459953535476,-0.011760849770588527,0.018436245357101505,0.0004154004646452548,0.011760849770588527,0.2,0.2,0.0,0.2700698557022626,-0.2700698557022626,False
0,338,0.11556312157030435,-1.390933059914123,1.63936528001561,1.7253373012906836,0.051190812644259294,0.0,0.1815637546428985,0.19958459953535476,-0.011760849770588527,0.6807812452316284,0.9533444046974182,0.6679463386535645,0.9735687375068665,0.7533585429191589,0.6700708866119385,0.11575067071252292,-1.3906555724080294,1.6395269748212196,1.7256202430957948,0.0514160138683752,0.0,0.1815637546428985,0.19958459953535476,-0.011760849770588527,0.018436245357101505,0.0004154004646452548,0.011760849770588527,0.2,0.2,0.0,0.2700698557022626,-0.2700698557022626,False
0,339,0.11575067071252292,-1.3906555724080294,1.6395269748212196,1.7256202430957948,0.0514160138683752,0.0,0.1815637546428985,0.19958459953535476,-0.011760849770588527,0.6768107414245605,0.9538027048110962,0.4654621481895447,0.9726607203483582,0.8572731018066406,0.44443053007125854,0.11590819075712708,-1.3904348267419397,1.6396699126521583,1.7258455949900395,0.05159658583457079,0.0,0.1815637546428985,0.19958459953535476,-0.011760849770588527,0.018436245357101505,0.0004154004646452548,0.011760849770588527,0.2,0.2,0.0,0.2700698557022626,-0.2700698557022626,False
0,340,0.11590819075712708,-1.3904348267419397,1.6396699126521583,1.7258455949900395,0.05159658583457079,0.0,0.1815637546428985,0.19958459953535476,-0.011760849770588527,0.6767619848251343,0.9442569017410278,0.6745692491531372,0.9850078821182251,0.7570523023605347,0.5954585671424866,0.11590819075712708,-1.3904348267419397,1.6396699126521583,1.7258455949900395,0.05159658583457079,0.0,0.1815637546428985,0.19958459953535476,-0.011760849770588527,0.018436245357101505,0.0004154004646452548,0.011760849770588527,0.2,0.2,0.0,0.2700698557022626,-0.2700698557022626,False
0,341,0.11590819075712708,-1.3904348267419397,1.6396699126521583,1.7258455949900395,0.05159658583457079,0.0,0.1815637546428985,0.19958459953535476,-0.011760849770588527,0.620894730091095,0.9532080888748169,0.6007081270217896,0.9696685075759888,0.7574476599693298,0.4510751962661743,0.11614526306395581,-1.3901029595569843,1.639882089602761,1.7261892421250478,0.05187336017443419,0.0,0.1815637546428985,0.19958459953535476,-0.011760849770588527,0.018436245357101505,0.0004154004646452548,0.011760849770588527,0.2,0.2,0.0,0.2700698557022626,-0.2700698557022626,False
0,342,0.11614526306395581,-1.3901029595569843,1.639882089602761,1.7261892421250478,0.05187336017443419,0.0,0.1815637546428985,0.19958459953535476,-0.011760849770588527,0.6059138774871826,0.9615324139595032,0.653283417224884,0.9730967283248901,0.8511634469032288,0.48626866936683655,0.11640293325077054,-1.389719348526585,1.6401431819383883,1.7265829770932704,0.05218947446737695,0.0,0.1815637546428985,0.19958459953535476,-0.011760849770588527,0.018436245357101505,0.0004154004646452548,0.011760849770588527,0.2,0.2,0.0,0.2700698557022626,-0.2700698557022626,False
0,343,0.11640293325077054,-1.389719348526585,1.6401431819383883,1.7265829770932704,0.05218947446737695,0.0,0.1815637546428985,0.19958459953535476,-0.011760849770588527,0.6496156454086304,0.9025639295578003,0.6516444683074951,0.97996985912323,0.7140941619873047,0.29016387462615967,0.11654983873328331,-1.3895022942265116,1.6402952821413423,1.7268105627443187,0.052371649611914005,0.0,0.1815637546428985,0.19958459953535476,-0.011760849770588527,0.018436245357101505,0.0004154004646452548,0.011760849770588527,0.2,0.2,0.0,0.2700698557022626,-0.2700698557022626,False
0,344,0.11654983873328331,-1.3895022942265116,1.6402952821413423,1.7268105627443187,0.052371649611914005,0.0,0.1815637546428985,0.19958459953535476,-0.011760849770588527,0.5699398517608643,0.9439243674278259,0.6306236982345581,0.9737885594367981,0.7123653888702393,0.42497706413269043,0.11672580907811728,-1.3892316026830331,1.640481705294834,1.7270954587799257,0.052579555687679455,0.0,0.1815637546428985,0.19958459953535476,-0.011760849770588527,0.018436245357101505,0.0004154004646452548,0.011760849770588527,0.2,0.2,0.0,0.2700698557022626,-0.2700698557022626,False
0,345,0.11672580907811728,-1.3892316026830331,1.640481705294834,1.7270954587799257,0.052579555687679455,0.0,0.1815637546428985,0.19958459953535476,-0.011760849770588527,0.5139709115028381,0.9443020224571228,0.497763991355896,0.9817420244216919,0.7879438400268555,0.392599880695343,0.11685482249702625,-1.3890174499987638,1.6406246481082916,1.7273162556044293,0.05274108921390213,0.0,0.1815637546428985,0.19958459953535476,-0.011760849770588527,0.018436245357101505,0.0004154004646452548,0.011760849770588527,0.2,0.2,0.0,0.2700698557022626,-0.2700698557022626,False
0,346,0.11685482249702625,-1.3890174499987638,1.6406246481082916,1.7273162556044293,0.05274108921390213,0.0,0.1815637546428985,0.19958459953535476,-0.011760849770588527,0.6845945119857788,0.9565658569335938,0.6060845255851746,0.9636978507041931,0.8753139972686768,0.40792566537857056,0.11703609838659612,-1.3887378989104793,1.6407899242190223,1.7276005582623073,0.0529876031914312,0.0,0.1815637546428985,0.19958459953535476,-0.011760849770588527,0.018436245357101505,0.0004154004646452548,0.011760849770588527,0.2,0.2,0.0,0.2700698557022626,-0.2700698557022626,False
0,347,0.11703609838659612,-1.3887378989104793,1.6407899242190223,1.7276005582623073,0.0529876031914312,0.0,0.1815637546428985,0.19958459953535476,-0.011760849770588527,0.4013073444366455,0.9529922604560852,0.43129292130470276,0.9590002298355103,0.6686871647834778,0.4302918314933777,0.11718483345315692,-1.3884604761436796,1.6409350919669958,1.727878505801567,0.05320413110201988,0.0,0.1815637546428985,0.19958459953535476,-0.011760849770588527,0.018436245357101505,0.0004154004646452548,0.011760849770588527,0.2,0.2,0.0,0.2700698557022626,-0.2700698557022626,False
0,348,0.11718483345315692,-1.3884604761436796,1.6409350919669958,1.727878505801567,0.05320413110201988,0.0,0.1815637546428985,0.19958459953535476,-0.011760849770588527,0.5863792300224304,0.9658183455467224,0.45384421944618225,0.9803898930549622,0.695059061050415,0.2736051678657532,0.11731155651265993,-1.3882351448307049,1.641039941422547,1.7281063512492558,0.053364823418244965,0.0,0.1815637546428985,0.19958459953535476,-0.011760849770588527,0.018436245357101505,0.0004154004646452548,0.011760849770588527,0.2,0.2,0.0,0.2700698557022626,-0.2700698557022626,False
0,349,0.11731155651265993,-1.3882351448307049,1.641039941422547,1.7281063512492558,0.053364823418244965,0.0,0.1815637546428985,0.19958459953535476,-0.011760849770588527,0.45373377203941345,0.9581031799316406,0.5761350393295288,0.9796847105026245,0.7832896113395691,0.6158530116081238,0.11743242105920414,-1.3880112316353452,1.6411602144201556,1.7283345109820543,0.053537190944296535,0.0,0.1815637546428985,0.19958459953535476,-0.011760849770588527,0.018436245357101505,0.0004154004646452548,0.011760849770588527,0.2,0.2,0.0,0.2700698557022626,-0.2700698557022626,False
0,350,0.11743242105920414,-1.3880112316353452,1.6411602144201556,1.7283345109820543,0.053537190944296535,0.0,0.1815637546428985,0.19958459953535476,-0.011760849770588527,0.43969467282295227,0.9490777254104614,0.6640297174453735,0.977063000202179,0.7914097905158997,0.600835919380188,0.11743242105920414,-1.3880112316353452,1.6411602144201556,1.7283345109820543,0.053537190944296535,0.0,0.1815637546428985,0.19958459953535476,-0.011760849770588527,0.018436245357101505,0.0004154004646452548,0.011760849770588527,0.2,0.2,0.0,0.2700698557022626,-0.2700698557022626,False
0,351,0.11743242105920414,-1.3880112316353452,1.6411602144201556,1.7283345109820543,0.053537190944296535,0.0,0.1815637546428985,0.19958459953535476,-0.011760849770588527,0.42745447158813477,0.96444171667099,0.5984082221984863,0.9772078990936279,0.832469642162323,0.30739328265190125,0.11778496783204671,-1.387248246309633,1.6416696153527937,1.7291170355129382,0.05417439362142487,0.0,0.1815637546428985,0.19958459953535476,-0.011760849770588527,0.018436245357101505,0.0004154004646452548,0.011760849770588527,0.2,0.2,0.0,0.2700698557022626,-0.2700698557022626,False
0,352,0.11778496783204671,-1.387248246309633,1.6416696153527937,1.7291170355129382,0.05417439362142487,0.0,0.1815637546428985,0.19958459953535476,-0.011760849770588527,0.7510520219802856,0.9494754672050476,0.532933235168457,0.9712561368942261,0.6723427772521973,0.5735819339752197,0.11796698737098447,-1.3869714755987979,1.6418311277278856,1.729399062200703,0.0543871636268566,0.0,0.1815637546428985,0.19958459953535476,-0.011760849770588527,0.018436245357101505,0.0004154004646452548,0.011760849770588527,0.2,0.2,0.0,0.2700698557022626,-0.2700698557022626,False
0,353,0.11796698737098447,-1.3869714755987979,1.6418311277278856,1.729399062200703,0.0543871636268566,0.0,0.1815637546428985,0.19958459953535476,-0.011760849770588527,0.5650014877319336,0.9369677901268005,0.5610041618347168,0.9840640425682068,0.7320405840873718,0.45177459716796875,0.11812024032074896,-1.3867521598693582,1.64195834627608,1.729626478604186,0.0545504560290438,0.0,0.1815637546428985,0.19958459953535476,-0.011760849770588527,0.018436245357101505,0.0004154004646452548,0.011760849770588527,0.2,0.2,0.0,0.2700698557022626,-0.2700698557022626,False
0,354,0.11812024032074896,-1.3867521598693582,1.64195834627608,1.729626478604186,0.0545504560290438,0.0,0.1815637546428985,0.19958459953535476,-0.011760849770588527,0.5076621174812317,0.9513436555862427,0.321747362613678,0.9679821133613586,0.7000623941421509,0.48865243792533875,0.1182451864584516,-1.3865314797015436,1.642060930053497,1.7298545623110617,0.05471780524201492,0.0,0.1815637546428985,0.19958459953535476,-0.011760849770588527,0.018436245357101505,0.0004154004646452548,0.011760849770588527,0.2,0.2,0.0,0.2700698557022626,-0.2700698557022626,False
0,355,0.1182451864584516,-1.3865314797015436,1.642060930053497,1.7298545623110617,0.05471780524201492,0.0,0.1815637546428985,0.19958459953535476,-0.011760849770588527,0.577914834022522,0.9313756823539734,0.5101915597915649,0.9650270342826843,0.7706544399261475,0.555533230304718,0.11837214083925698,-1.386311517301608,1.6421583026164612,1.730080403431353,0.05488979361110113,0.0,0.1815637546428985,0.19958459953535476,-0.011760849770588527,0.018436245357101505,0.0004154004646452548,0.011760849770588527,0.2,0.2,0.0,0.2700698557022626,-0.2700698557022626,False
0,356,0.11837214083925698,-1.386311517301608,1.6421583026164612,1.730080403431353,0.05488979361110113,0.0,0.1815637546428985,0.19958459953535476,-0.011760849770588527,0.4742633104324341,0.9394292235374451,0.25838759541511536,0.9785634875297546,0.8300551176071167,0.5388350486755371,0.11850005052650184,-1.3860951396284293,1.6422618630514227,1.7303049467983138,0.05507217229953147,0.0,0.1815637546428985,0.19958459953535476,-0.011760849770588527,0.018436245357101505,0.0004154004646452548,0.011760849770588527,0.2,0.2,0.0,0.2700698557022626,-0.2700698557022626,False
0,357,0.11850005052650184,-1.3860951396284293,1.6422618630514227,1.7303049467983138,0.05507217229953147,0.0,0.1815637546428985,0.19958459953535476,-0.011760849770588527,0.4419923722743988,0.9654369354248047,0.46834325790405273,0.9776120781898499,0.827447772026062,0.15353742241859436,0.11860849637164937,-1.3858744276992558,1.6423341365115482,1.730533182056136,0.05526577252718853,0.0,0.1815637546428985,0.19958459953535476,-0.011760849770588527,0.018436245357101505,0.0004154004646452548,0.011760849770588527,0.2,0.2,0.0,0.2700698557022626,-0.2700698557022626,False
0,358,0.11860849637164937,-1.3858744276992558,1.6423341365115482,1.730533182056136,0.05526577252718853,0.0,0.1815637546428985,0.19958459953535476,-0.011760849770588527,0.5553877353668213,0.9581648111343384,0.7268973588943481,0.9826637506484985,0.7975540161132812,0.6535590887069702,0.11875095511717532,-1.385593051856126,1.6425176532364083,1.7308202760932068,0.05550267499635353,0.0,0.1815637546428985,0.19958459953535476,-0.011760849770588527,0.018436245357101505,0.0004154004646452548,0.011760849770588527,0.2,0.2,0.0,0.2700698557022626,-0.2700698557022626,False
0,359,0.11875095511717532,-1.385593051856126,1.6425176532364083,1.7308202760932068,0.05550267499635353,0.0,0.1815637546428985,0.19958459953535476,-0.011760849770588527,0.4780750274658203,0.9596189260482788,0.28752726316452026,0.9729533195495605,0.7516989707946777,0.41470104455947876,0.11887157026831978,-1.385370072370582,1.6426345686011106,1.731047636518818,0.05568262703763235,0.0,0.1815637546428985,0.19958459953535476,-0.011760849770588527,0.018436245357101505,0.0004154004646452548,0.011760849770588527,0.2,0.2,0.0,0.2700698557022626,-0.2700698557022626,False
0,360,0.11887157026831978,-1.385370072370582,1.6426345686011106,1.731047636518818,0.05568262703763235,0.0,0.1815637546428985,0.19958459953535476,-0.011760849770588527,0.7853914499282837,0.9542381763458252,0.36633267998695374,0.9721468091011047,0.7974416613578796,0.5560102462768555,0.11887157026831978,-1.385370072370582,1.6426345686011106,1.731047636518818,0.05568262703763235,0.0,0.1815637546428985,0.19958459953535476,-0.011760849770588527,0.018436245357101505,0.0004154004646452548,0.011760849770588527,0.2,0.2,0.0,0.2700698557022626,-0.2700698557022626,False
0,361,0.11887157026831978,-1.385370072370582,1.6426345686011106,1.731047636518818,0.05568262703763235,0.0,0.1815637546428985,0.19958459953535476,-0.011760849770588527,0.4492068886756897,0.9509877562522888,0.5258236527442932,0.9779360294342041,0.7663170099258423,0.1840101182460785,0.11887157026831978,-1.385370072370582,1.6426345686011106,1.731047636518818,0.05568262703763235,0.0,0.1815637546428985,0.19958459953535476,-0.011760849770588527,0.018436245357101505,0.0004154004646452548,0.011760849770588527,0.2,0.2,0.0,0.2700698557022626,-0.2700698557022626,False
0,362,0.11887157026831978,-1.385370072370582,1.6426345686011106,1.731047636518818,0.05568262703763235,0.0,0.1815637546428985,0.19958459953535476,-0.011760849770588527,0.08660896867513657,0.9717263579368591,0.6977957487106323,0.9801028370857239,0.7252725958824158,0.46450871229171753,0.11957179073996081,-1.3842871376240438,1.6431021528293412,1.7321501358740439,0.05656415590597252,0.0,0.1815637546428985,0.19958459953535476,-0.011760849770588527,0.018436245357101505,0.0004154004646452548,0.011760849770588527,0.2,0.2,0.0,0.2700698557022626,-0.2700698557022626,False
0,363,0.11957179073996081,-1.3842871376240438,1.6431021528293412,1.7321501358740439,0.05656415590597252,0.0,0.1815637546428985,0.19958459953535476,-0.011760849770588527,0.7545832991600037,0.9459477066993713,0.6729565858840942,0.9813171625137329,0.7651675343513489,0.6357554197311401,0.11971371116727235,-1.3840105353439225,1.643300988315018,1.7324339225377547,0.05678081617705271,0.0,0.1815637546428985,0.19958459953535476,-0.011760849770588527,0.018436245357101505,0.0004154004646452548,0.011760849770588527,0.2,0.2,0.0,0.2700698557022626,-0.2700698557022626,False
0,364,0.11971371116727235,-1.3840105353439225,1.643300988315018,1.7324339225377547,0.05678081617705271,0.0,0.1815637546428985,0.19958459953535476,-0.011760849770588527,0.6318197846412659,0.967944860458374,0.6481945514678955,0.9789876937866211,0.7312970161437988,0.46296072006225586,0.11991214540184883,-1.3837316440297527,1.6434921691182727,1.7327174543021795,0.056996236310106,0.0,0.1815637546428985,0.19958459953535476,-0.011760849770588527,0.018436245357101505,0.0004154004646452548,0.011760849770588527,0.2,0.2,0.0,0.2700698557022626,-0.2700698557022626,False
0,365,0.11991214540184883,-1.3837316440297527,1.6434921691182727,1.7327174543021795,0.056996236310106,0.0,0.1815637546428985,0.19958459953535476,-0.011760849770588527,0.5780981183052063,0.9759610891342163,0.5573111772537231,0.9773390293121338,0.7122529745101929,0.41210663318634033,0.12005036468840069,-1.3835036537104184,1.643627667342495,1.7329458655208136,0.057163648448945364,0.0,0.1815637546428985,0.19958459953535476,-0.011760849770588527,0.018436245357101505,0.0004154004646452548,0.011760849770588527,0.2,0.2,0.0,0.2700698557022626,-0.2700698557022626,False
0,366,0.12005036468840069,-1.3835036537104184,1.643627667342495,1.7329458655208136,0.057163648448945364,0.0,0.1815637546428985,0.19958459953535476,-0.011760849770588527,0.5164124369621277,0.9518553018569946,0.703628659248352,0.9844581484794617,0.7350990772247314,0.5908285975456238,0.1200836683829304,-1.3834473759508643,1.6436597510322735,1.7330022217505898,0.057204709505516704,0.0,0.1815637546428985,0.19958459953535476,-0.011760849770588527,0.018436245357101505,0.0004154004646452548,0.011760849770588527,0.2,0.2,0.0,0.2700698557022626,-0.2700698557022626,False
0,367,0.1200836683829304,-1.3834473759508643,1.6436597510322735,1.7330022217505898,0.057204709505516704,0.0,0.1815637546428985,0.19958459953535476,-0.011760849770588527,0.3727850317955017,0.9640365839004517,0.5874205827713013,0.981063187122345,0.8726672530174255,0.3366602659225464,0.12024525741122823,-1.383174317102303,1.6438154206157398,1.7332756613354887,0.057403937138548335,0.0,0.1815637546428985,0.19958459953535476,-0.011760849770588527,0.018436245357101505,0.0004154004646452548,0.011760849770588527,0.2,0.2,0.0,0.2700698557022626,-0.2700698557022626,False
0,368,0.12024525741122823,-1.383174317102303,1.6438154206157398,1.7332756613354887,0.057403937138548335,0.0,0.1815637546428985,0.19958459953535476,-0.011760849770588527,0.44456416368484497,0.9681893587112427,0.45339131355285645,0.9852061867713928,0.8221818208694458,0.5230392813682556,0.12056898139585294,-1.3825186811237327,1.6442638075705052,1.7339502744168194,0.05793789629987423,0.0,0.1815637546428985,0.19958459953535476,-0.011760849770588527,0.018436245357101505,0.0004154004646452548,0.011760849770588527,0.2,0.2,0.0,0.2700698557022626,-0.2700698557022626,False
0,369,0.12056898139585294,-1.3825186811237327,1.6442638075705052,1.7339502744168194,0.05793789629987423,0.0,0.1815637546428985,0.19958459953535476,-0.011760849770588527,0.6545020341873169,0.9264436364173889,0.6400179862976074,0.9829099178314209,0.7748653888702393,0.3621813654899597,0.12062002832428115,-1.3824074614685804,1.6443152123090954,1.7340634195620208,0.0580323808541547,0.0,0.1815637546428985,0.19958459953535476,-0.011760849770588527,0.018436245357101505,0.0004154004646452548,0.011760849770588527,0.2,0.2,0.0,0.2700698557022626,-0.2700698557022626,False
0,370,0.12062002832428115,-1.3824074614685804,1.6443152123090954,1.7340634195620208,0.0580323808541547,0.0,0.1815637546428985,0.19958459953535476,-0.011760849770588527,0.5698866844177246,0.9513634443283081,0.5133381485939026,0.9816998243331909,0.7823880910873413,0.2616036534309387,0.12062002832428115,-1.3824074614685804,1.6443152123090954,1.7340634195620208,0.0580323808541547,0.0,0.1815637546428985,0.19958459953535476,-0.011760849770588527,0.018436245357101505,0.0004154004646452548,0.011760849770588527,0.2,0.2,0.0,0.2700698557022626,-0.2700698557022626,False
0,371,0.12062002832428115,-1.3824074614685804,1.6443152123090954,1.7340634195620208,0.0580323808541547,0.0,0.1815637546428985,0.19958459953535476,-0.011760849770588527,0.4448303282260895,0.9689099788665771,0.6897854804992676,0.9795165061950684,0.8528121709823608,0.589093804359436,0.12145785228030267,-1.3809357078284432,1.6451329600575997,1.7355804927473977,0.059261942300541375,0.0,0.1815637546428985,0.19958459953535476,-0.011760849770588527,0.018436245357101505,0.0004154004646452548,0.011760849770588527,0.2,0.2,0.0,0.2700698557022626,-0.2700698557022626,False
0,372,0.12145785228030267,-1.3809357078284432,1.6451329600575997,1.7355804927473977,0.059261942300541375,0.0,0.1815637546428985,0.19958459953535476,-0.011760849770588527,0.6828125715255737,0.9675604104995728,0.6309687495231628,0.9799551963806152,0.8189214468002319,0.49437978863716125,0.12160377569276612,-1.3807096736635076,1.6452840833437872,1.7358079637663875,0.05945408385997729,0.0,0.1815637546428985,0.19958459953535476,-0.011760849770588527,0.018436245357101505,0.0004154004646452548,0.011760849770588527,0.2,0.2,0.0,0.2700698557022626,-0.2700698557022626,False
0,373,0.12160377569276612,-1.3807096736635076,1.6452840833437872,1.7358079637663875,0.05945408385997729,0.0,0.1815637546428985,0.19958459953535476,-0.011760849770588527,0.5095618367195129,0.9650512933731079,0.7844475507736206,0.977595329284668,0.858344316482544,0.6846334934234619,0.12171288910087824,-1.3805405524728078,1.6454036637599425,1.7359784268425715,0.059598978276964885,0.0,0.20836430376448345,0.20125609173076364,-0.0076345416782557,-0.008364303764483445,-0.0012560917307636202,0.0076345416782557,0.2,0.2,0.0,0.28978955082721064,-0.6841834533261713,False
0,374,0.12171288910087824,-1.3805405524728078,1.6454036637599425,1.7359784268425715,0.059598978276964885,0.0,0.20836430376448345,0.20125609173076364,-0.0076345416782557,0.530342161655426,0.9589600563049316,0.7065906524658203,0.9870278239250183,0.7049599289894104,0.3538481295108795,0.12231095265781493,-1.3794064103815529,1.6463262627085449,1.7371273446221556,0.060607934592648995,0.0,0.2087303687565585,0.20129935863191076,-0.007592866653088282,-0.008730368756558492,-0.0012993586319107468,0.007592866653088282,0.2,0.2,0.0,0.29008179924097116,-0.2959267675161816,False
0,375,0.12231095265781493,-1.3794064103815529,1.6463262627085449,1.7371273446221556,0.060607934592648995,0.0,0.2087303687565585,0.20129935863191076,-0.007592866653088282,0.5348210334777832,0.9513905644416809,0.5279325842857361,0.985687255859375,0.7574349641799927,0.3547174036502838,0.12231095265781493,-1.3794064103815529,1.6463262627085449,1.7371273446221556,0.060607934592648995,0.0,0.21022960788659703,0.20148107449374866,-0.007473484622397719,-0.010229607886597014,-0.0014810744937486585,0.007473484622397719,0.2,0.2,0.0,0.29128502258734323,-0.3153494895147847,False
0,376,0.12231095265781493,-1.3794064103815529,1.6463262627085449,1.7371273446221556,0.060607934592648995,0.0,0.21022960788659703,0.20148107449374866,-0.007473484622397719,0.6470481157302856,0.9725067615509033,0.7433305382728577,0.9811249375343323,0.8872853517532349,0.23200924694538116,0.12231095265781493,-1.3794064103815529,1.6463262627085449,1.7371273446221556,0.060607934592648995,0.0,0.21146687992139446,0.2016371373187426,-0.007390628267908761,-0.011466879921394432,-0.0016371373187425852,0.007390628267908761,0.2,0.2,0.0,0.29228478892337406,-0.3122801156439906,False
0,377,0.12231095265781493,-1.3794064103815529,1.6463262627085449,1.7371273446221556,0.060607934592648995,0.0,0.21146687992139446,0.2016371373187426,-0.007390628267908761,0.6064126491546631,0.9498278498649597,0.46896108984947205,0.9856985807418823,0.6983223557472229,0.5320268273353577,0.12231095265781493,-1.3794064103815529,1.6463262627085449,1.7371273446221556,0.060607934592648995,0.0,0.21514873284010577,0.2021381214505609,-0.007528645503700939,-0.015148732840105768,-0.0021381214505608818,0.007528645503700939,0.2,0.2,0.0,0.295305736296106,-0.35572468375074506,False
0,378,0.12231095265781493,-1.3794064103815529,1.6463262627085449,1.7371273446221556,0.060607934592648995,0.0,0.21514873284010577,0.2021381214505609,-0.007528645503700939,0.6897866725921631,0.9461748003959656,0.45147207379341125,0.9890924096107483,0.8618782758712769,0.2063446193933487,0.12231095265781493,-1.3794064103815529,1.6463262627085449,1.7371273446221556,0.060607934592648995,0.0,0.2164198491393795,0.202327656867129,-0.007322138827816346,-0.016419849139379505,-0.002327656867128984,0.007322138827816346,0.2,0.2,0.0,0.296357293738265,-0.3173884425814453,False
0,379,0.12231095265781493,-1.3794064103815529,1.6463262627085449,1.7371273446221556,0.060607934592648995,0.0,0.2164198491393795,0.202327656867129,-0.007322138827816346,0.3249395191669464,0.9448622465133667,0.5665929317474365,0.9828413128852844,0.5035535097122192,0.5369388461112976,0.12231095265781493,-1.3794064103815529,1.6463262627085449,1.7371273446221556,0.060607934592648995,0.0,0.2166266767550674,0.20236079282704952,-0.00734967314428198,-0.016626676755067384,-0.002360792827049521,0.00734967314428198,0.2,0.2,0.0,0.29653165977828455,-0.30001898057867504,False
0,380,0.12231095265781493,-1.3794064103815529,1.6463262627085449,1.7371273446221556,0.060607934592648995,0.0,0.2166266767550674,0.20236079282704952,-0.00734967314428198,0.5263877511024475,0.9638642072677612,0.6222074031829834,0.9893242120742798,0.6715598106384277,0.5544997453689575,0.12231095265781493,-1.3794064103815529,1.6463262627085449,1.7371273446221556,0.060607934592648995,0.0,0.2166121886569317,0.20236106609150098,-0.007418396349851586,-0.016612188656931683,-0.0023610660915009555,0.007418396349851586,0.2,0.2,0.0,0.2965229737285772,-0.29634925273443063,False
0,381,0.12231095265781493,-1.3794064103815529,1.6463262627085449,1.7371273446221556,0.060607934592648995,0.0,0.2166121886569317,0.20236106609150098,-0.007418396349851586,0.6422548294067383,0.9316678047180176,0.6725531816482544,0.9861188530921936,0.7764051556587219,0.2811007499694824,0.12231095265781493,-1.3794064103815529,1.6463262627085449,1.7371273446221556,0.060607934592648995,0.0,0.21666666688700656,0.20236825408971304,-0.007418569487250434,-0.016666666887006545,-0.002368254089713029,0.007418569487250434,0.2,0.2,0.0,0.2965676819487938,-0.2974618463531252,False
0,382,0.12231095265781493,-1.3794064103815529,1.6463262627085449,1.7371273446221556,0.060607934592648995,0.0,0.21666666688700656,0.20236825408971304,-0.007418569487250434,0.5851603746414185,0.9587357044219971,0.7071523070335388,0.9865554571151733,0.8157778978347778,0.1643749326467514,0.12231095265781493,-1.3794064103815529,1.6463262627085449,1.7371273446221556,0.060607934592648995,0.0,0.21716945197559467,0.20244845705571649,-0.0073242392135279,-0.017169451975594663,-0.002448457055716487,0.0073242392135279,0.2,0.2,0.0,0.2969875302359972,-0.3053844959800658,False
0,383,0.12231095265781493,-1.3794064103815529,1.6463262627085449,1.7371273446221556,0.060607934592648995,0.0,0.21716945197559467,0.20244845705571649,-0.0073242392135279,0.5301092863082886,0.9368551969528198,0.7026536464691162,0.9855974316596985,0.8084891438484192,0.6900683045387268,0.14046827456372435,-1.3511296122360483,1.6667955692130445,1.7665373976799212,0.08442386116883965,0.0,0.21728843083367927,0.2024677884229428,-0.007301604631675434,-0.017288430833679248,-0.002467788422942786,0.007301604631675434,0.2,0.2,0.0,0.2970871605324563,-0.29907976646163825,False
0,384,0.14046827456372435,-1.3511296122360483,1.6667955692130445,1.7665373976799212,0.08442386116883965,0.0,0.21728843083367927,0.2024677884229428,-0.007301604631675434,0.6429104804992676,0.9608675837516785,0.5856910943984985,0.9914770126342773,0.8499002456665039,0.8145869970321655,0.14046827456372435,-1.3511296122360483,1.6667955692130445,1.7665373976799212,0.08442386116883965,0.0,0.2174779025806054,0.20249149028138774,-0.007245391892609667,-0.01747790258060538,-0.002491490281387719,0.007245391892609667,0.2,0.2,0.0,0.2972405380342899,-0.3003080880709616,False
0,385,0.14046827456372435,-1.3511296122360483,1.6667955692130445,1.7665373976799212,0.08442386116883965,0.0,0.2174779025806054,0.20249149028138774,-0.007245391892609667,0.5665346384048462,0.9540586471557617,0.6932026147842407,0.9886314868927002,0.8714969754219055,0.42790931463241577,0.14007722121144234,-1.3511163048369046,1.6669484938781924,1.7665764562471085,0.08454363321558807,0.0,0.21757159827271016,0.20250176731627562,-0.007224452402161297,-0.017571598272710154,-0.002501767316275611,0.007224452402161297,0.2,0.2,0.0,0.2973155879762575,-0.2988165868156097,False
0,386,0.14007722121144234,-1.3511163048369046,1.6669484938781924,1.7665764562471085,0.08454363321558807,0.0,0.21757159827271016,0.20250176731627562,-0.007224452402161297,0.48671600222587585,0.9499559998512268,0.6930463314056396,0.9916523694992065,0.8580561876296997,0.3866460621356964,0.1405341161242441,-1.3503398870515144,1.6674719082904779,1.7673817381788497,0.0852397052818104,0.0,0.2177386090447931,0.20252761406429237,-0.007227551318615258,-0.017738609044793102,-0.0025276140642923658,0.007227551318615258,0.2,0.2,0.0,0.29745549889924616,-0.3002537173590192,False
0,387,0.1405341161242441,-1.3503398870515144,1.6674719082904779,1.7673817381788497,0.0852397052818104,0.0,0.2177386090447931,0.20252761406429237,-0.007227551318615258,0.5845465660095215,0.9647113084793091,0.7260090112686157,0.9898887872695923,0.8937932252883911,0.5121532082557678,0.14090246387715796,-1.3496146944710745,1.6680066508873066,1.7681279535799328,0.08589871602840973,0.0,0.21794471081986516,0.20255919027523342,-0.0072273764047072475,-0.01794471081986515,-0.002559190275233398,0.0072273764047072475,0.2,0.2,0.0,0.2976278842934717,-0.30107559217798247,False
0,388,0.14090246387715796,-1.3496146944710745,1.6680066508873066,1.7681279535799328,0.08589871602840973,0.0,0.21794471081986516,0.20255919027523342,-0.0072273764047072475,0.46649232506752014,0.9336742162704468,0.5640619993209839,0.9894796013832092,0.8651537895202637,0.6741236448287964,0.1411425999722085,-1.3491140115748033,1.668341977570459,1.768646039144157,0.08635822470185575,0.0,0.21814767461447687,0.20259012045067967,-0.007230295955459497,-0.018147674614476857,-0.0025901204506796607,0.007230295955459497,0.2,0.2,0.0,0.2977976528173587,-0.3011930232950988,False
0,389,0.1411425999722085,-1.3491140115748033,1.668341977570459,1.768646039144157,0.08635822470185575,0.0,0.21814767461447687,0.20259012045067967,-0.007230295955459497,0.31878358125686646,0.9517176747322083,0.5867148637771606,0.991710364818573,0.8500168919563293,0.7774555087089539,0.141595371862208,-1.348133441052665,1.6689362780206782,1.7696776333399256,0.0872559304812415,0.0,0.21814767461447687,0.20259012045067967,-0.007230295955459497,-0.018147674614476857,-0.0025901204506796607,0.007230295955459497,0.2,0.2,0.0,0.2977976528173587,-0.2977976528173587,False
0,390,0.141595371862208,-1.348133441052665,1.6689362780206782,1.7696776333399256,0.0872559304812415,0.0,0.21814767461447687,0.20259012045067967,-0.007230295955459497,0.29038864374160767,0.948175311088562,0.6889539361000061,0.9894701838493347,0.839657187461853,0.47934770584106445,0.141595371862208,-1.348133441052665,1.6689362780206782,1.7696776333399256,0.0872559304812415,0.0,0.22689196252441912,0.2039723815415412,-0.007656008598953795,-0.026891962524419107,-0.003972381541541205,0.007656008598953795,0.2,0.2,0.0,0.305193888466951,-0.45311860145879695,False
0,391,0.141595371862208,-1.348133441052665,1.6689362780206782,1.7696776333399256,0.0872559304812415,0.0,0.22689196252441912,0.2039723815415412,-0.007656008598953795,0.28359323740005493,0.9430378675460815,0.4929654598236084,0.9833828806877136,0.845573365688324,0.6956381797790527,0.141595371862208,-1.348133441052665,1.6689362780206782,1.7696776333399256,0.0872559304812415,0.0,0.22689196252441912,0.2039723815415412,-0.007656008598953795,-0.026891962524419107,-0.003972381541541205,0.007656008598953795,0.2,0.2,0.0,0.305193888466951,-0.305193888466951,False
0,392,0.141595371862208,-1.348133441052665,1.6689362780206782,1.7696776333399256,0.0872559304812415,0.0,0.22689196252441912,0.2039723815415412,-0.007656008598953795,0.4980807304382324,0.9591841101646423,0.6322599053382874,0.9887247681617737,0.842976450920105,0.49988579750061035,0.141595371862208,-1.348133441052665,1.6689362780206782,1.7696776333399256,0.0872559304812415,0.0,0.22689196252441912,0.2039723815415412,-0.007656008598953795,-0.026891962524419107,-0.003972381541541205,0.007656008598953795,0.2,0.2,0.0,0.305193888466951,-0.305193888466951,False
0,393,0.141595371862208,-1.348133441052665,1.6689362780206782,1.7696776333399256,0.0872559304812415,0.0,0.22689196252441912,0.2039723815415412,-0.007656008598953795,0.5785254240036011,0.9586268663406372,0.5193829536437988,0.9890950322151184,0.7803981900215149,0.7459819316864014,0.141595371862208,-1.348133441052665,1.6689362780206782,1.7696776333399256,0.0872559304812415,0.0,0.22689196252441912,0.2039723815415412,-0.007656008598953795,-0.026891962524419107,-0.003972381541541205,0.007656008598953795,0.2,0.2,0.0,0.305193888466951,-0.305193888466951,False
0,394,0.141595371862208,-1.348133441052665,1.6689362780206782,1.7696776333399256,0.0872559304812415,0.0,0.22689196252441912,0.2039723815415412,-0.007656008598953795,0.2052215039730072,0.9546685814857483,0.255862832069397,0.9867160320281982,0.8033435940742493,0.7691512107849121,0.141595371862208,-1.348133441052665,1.6689362780206782,1.7696776333399256,0.0872559304812415,0.0,0.22689132076662022,0.20397382472545666,-0.007661999708812737,-0.026891320766620205,-0.003973824725456652,0.007661999708812737,0.2,0.2,0.0,0.30519452624824467,-0.305207281874118,False
0,395,0.141595371862208,-1.348133441052665,1.6689362780206782,1.7696776333399256,0.0872559304812415,0.0,0.22689132076662022,0.20397382472545666,-0.007661999708812737,0.7169044017791748,0.9500095844268799,0.3673369288444519,0.9865163564682007,0.9079511761665344,0.4007132351398468,0.141595371862208,-1.348133441052665,1.6689362780206782,1.7696776333399256,0.0872559304812415,0.0,0.22689132076662022,0.20397382472545666,-0.007661999708812737,-0.026891320766620205,-0.003973824725456652,0.007661999708812737,0.2,0.2,0.0,0.30519452624824467,-0.30519452624824467,False
0,396,0.141595371862208,-1.348133441052665,1.6689362780206782,1.7696776333399256,0.0872559304812415,0.0,0.22689132076662022,0.20397382472545666,-0.007661999708812737,0.6512753367424011,0.9479958415031433,0.5587103962898254,0.9871178865432739,0.8584473729133606,0.6638107299804688,0.15001092389761858,-1.3206569467909668,1.6888982907235595,1.7983506950557129,0.11158788608246278,0.0,0.22689132076662022,0.20397382472545666,-0.007661999708812737,-0.026891320766620205,-0.003973824725456652,0.007661999708812737,0.2,0.2,0.0,0.30519452624824467,-0.30519452624824467,False
0,397,0.15001092389761858,-1.3206569467909668,1.6888982907235595,1.7983506950557129,0.11158788608246278,0.0,0.22689132076662022,0.20397382472545666,-0.007661999708812737,0.6668314933776855,0.9588753581047058,0.4743082523345947,0.9824251532554626,0.8528786897659302,0.6457570791244507,0.15001092389761858,-1.3206569467909668,1.6888982907235595,1.7983506950557129,0.11158788608246278,0.0,0.22689132076662022,0.20397382472545666,-0.007661999708812737,-0.026891320766620205,-0.003973824725456652,0.007661999708812737,0.2,0.2,0.0,0.30519452624824467,-0.30519452624824467,False
0,398,0.15001092389761858,-1.3206569467909668,1.6888982907235595,1.7983506950557129,0.11158788608246278,0.0,0.22689132076662022,0.20397382472545666,-0.007661999708812737,0.7000865936279297,0.9356282949447632,0.2505938410758972,0.9903528690338135,0.859238862991333,0.5988268852233887,0.1500138849707594,-1.3206472591466334,1.688905356780925,1.7983608054783355,0.11159646367142005,0.0,0.22689132076662022,0.20397382472545666,-0.007661999708812737,-0.026891320766620205,-0.003973824725456652,0.007661999708812737,0.2,0.2,0.0,0.30519452624824467,-0.30519452624824467,False
0,399,0.1500138849707594,-1.3206472591466334,1.688905356780925,1.7983608054783355,0.11159646367142005,0.0,0.22689132076662022,0.20397382472545666,-0.007661999708812737,0.6752579212188721,0.9623373746871948,0.5857199430465698,0.98980712890625,0.8459858894348145,0.4715711772441864,0.1500168164331688,-1.3206376683787435,1.6889123521777167,1.7983708147967319,0.1116049554844878,0.0,0.22689132076662022,0.20397382472545666,-0.007661999708812737,-0.026891320766620205,-0.003973824725456652,0.007661999708812737,0.2,0.2,0.0,0.30519452624824467,-0.30519452624824467,False
0,400,0.1500168164331688,-1.3206376683787435,1.6889123521777167,1.7983708147967319,0.1116049554844878,0.0,0.22689132076662022,0.20397382472545666,-0.007661999708812737,0.08695591986179352,0.9304296970367432,0.39668789505958557,0.9866071343421936,0.7431777715682983,0.5173736214637756,0.1500168164331688,-1.3206376683787435,1.6889123521777167,1.7983708147967319,0.1116049554844878,0.0,0.226994235689507,0.2039933889387259,-0.00769539614949695,-0.02699423568950698,-0.003993388938725885,0.00769539614949695,0.2,0.2,0.0,0.3052849568663144,-0.30709356922770914,False
0,401,0.1500168164331688,-1.3206376683787435,1.6889123521777167,1.7983708147967319,0.1116049554844878,0.0,0.226994235689507,0.2039933889387259,-0.00769539614949695,0.41889041662216187,0.9039757251739502,0.37978842854499817,0.9872270226478577,0.8392596244812012,0.5682117938995361,0.1500168164331688,-1.3206376683787435,1.6889123521777167,1.7983708147967319,0.1116049554844878,0.0,0.226994235689507,0.2039933889387259,-0.00769539614949695,-0.02699423568950698,-0.003993388938725885,0.00769539614949695,0.2,0.2,0.0,0.3052849568663144,-0.3052849568663144,False
0,402,0.1500168164331688,-1.3206376683787435,1.6889123521777167,1.7983708147967319,0.1116049554844878,0.0,0.226994235689507,0.2039933889387259,-0.00769539614949695,0.20897658169269562,0.9581255316734314,0.5200963020324707,0.9898054599761963,0.8878263235092163,0.423431932926178,0.1500168164331688,-1.3206376683787435,1.6889123521777167,1.7983708147967319,0.1116049554844878,0.0,0.226994235689507,0.2039933889387259,-0.00769539614949695,-0.02699423568950698,-0.003993388938725885,0.00769539614949695,0.2,0.2,0.0,0.3052849568663144,-0.3052849568663144,False
0,403,0.1500168164331688,-1.3206376683787435,1.6889123521777167,1.7983708147967319,0.1116049554844878,0.0,0.226994235689507,0.2039933889387259,-0.00769539614949695,0.6331027746200562,0.946276068687439,0.31019604206085205,0.9888927936553955,0.8289697170257568,0.43221139907836914,0.1500168164331688,-1.3206376683787435,1.6889123521777167,1.7983708147967319,0.1116049554844878,0.0,0.22727557074512797,0.20403766646778013,-0.007752949674019797,-0.02727557074512797,-0.004037666467780122,0.007752949674019797,0.2,0.2,0.0,0.30552522420217393,-0.3103305709193644,False
0,404,0.1500168164331688,-1.3206376683787435,1.6889123521777167,1.7983708147967319,0.1116049554844878,0.0,0.22727557074512797,0.20403766646778013,-0.007752949674019797,0.5624223947525024,0.9455398321151733,0.697650671005249,0.9869408011436462,0.8722079992294312,0.8134036064147949,0.1500168164331688,-1.3206376683787435,1.6889123521777167,1.7983708147967319,0.1116049554844878,0.0,0.2280443695449999,0.204191723205994,-0.007950561159526429,-0.02804436954499988,-0.004191723205993975,0.007950561159526429,0.2,0.2,0.0,0.3062053326278971,-0.31980750114236095,False
0,405,0.1500168164331688,-1.3206376683787435,1.6889123521777167,1.7983708147967319,0.1116049554844878,0.0,0.2280443695449999,0.204191723205994,-0.007950561159526429,0.7010736465454102,0.9715847969055176,0.7067723274230957,0.9868829250335693,0.8275838494300842,0.3927183151245117,0.1500168164331688,-1.3206376683787435,1.6889123521777167,1.7983708147967319,0.1116049554844878,0.0,0.2291215909975554,0.20441445747934137,-0.008241219099852596,-0.02912159099755539,-0.004414457479341358,0.008241219099852596,0.2,0.2,0.0,0.3071642745829604,-0.32634311368422636,False
0,406,0.1500168164331688,-1.3206376683787435,1.6889123521777167,1.7983708147967319,0.1116049554844878,0.0,0.2291215909975554,0.20441445747934137,-0.008241219099852596,0.6541146039962769,0.940739631652832,0.42847496271133423,0.9863941073417664,0.8602352142333984,0.6554023027420044,0.15682374020908696,-1.3098397280636467,1.6925022777689573,1.8096625763066352,0.12096929166146429,0.0,0.22977968309155436,0.20454691620182822,-0.008352099279393205,-0.02977968309155435,-0.004546916201828204,0.008352099279393205,0.2,0.2,0.0,0.3077464886098714,-0.3193907691480914,False
0,407,0.15682374020908696,-1.3098397280636467,1.6925022777689573,1.8096625763066352,0.12096929166146429,0.0,0.22977968309155436,0.20454691620182822,-0.008352099279393205,-0.06687349081039429,0.9710341095924377,0.6522771120071411,0.9893175959587097,0.8952463269233704,0.5209077596664429,0.1575538953634214,-1.3085091777667082,1.6936993074743059,1.811043092377937,0.12222592639147771,0.0,0.22990200695878224,0.20457147488444802,-0.008364405211807452,-0.029902006958782226,-0.004571474884447998,0.008364405211807452,0.2,0.2,0.0,0.30785448577959945,-0.31001442917416017,False
0,408,0.1575538953634214,-1.3085091777667082,1.6936993074743059,1.811043092377937,0.12222592639147771,0.0,0.22990200695878224,0.20457147488444802,-0.008364405211807452,0.4218443036079407,0.953220546245575,0.6644176244735718,0.9885258078575134,0.8575224876403809,0.721979022026062,0.15764747141195237,-1.3079003914209615,1.694111999594291,1.8116682208434678,0.12278047287085231,0.0,0.2301132086959369,0.20460651373553682,-0.008392644903417904,-0.030113208695936883,-0.0046065137355367925,0.008392644903417904,0.2,0.2,0.0,0.30803628157706536,-0.3116721975263836,False
0,409,0.15764747141195237,-1.3079003914209615,1.694111999594291,1.8116682208434678,0.12278047287085231,0.0,0.2301132086959369,0.20460651373553682,-0.008392644903417904,0.44409751892089844,0.9593176245689392,0.3690382242202759,0.9902251362800598,0.7771360874176025,0.09560821205377579,0.15797673827638561,-1.3071772091244198,1.694526774161847,1.812416928422014,0.12340525848025878,0.0,0.2301132086959369,0.20460651373553682,-0.008392644903417904,-0.030113208695936883,-0.0046065137355367925,0.008392644903417904,0.2,0.2,0.0,0.30803628157706536,-0.30803628157706536,False
0,410,0.15797673827638561,-1.3071772091244198,1.694526774161847,1.812416928422014,0.12340525848025878,0.0,0.2301132086959369,0.20460651373553682,-0.008392644903417904,0.6349747180938721,0.9653781056404114,0.3217598497867584,0.9900959730148315,0.8968077301979065,0.7494326829910278,0.15797673827638561,-1.3071772091244198,1.694526774161847,1.812416928422014,0.12340525848025878,0.0,0.2347155907058057,0.20564282003221182,-0.00979064083230037,-0.03471559070580568,-0.005642820032211808,0.00979064083230037,0.2,0.2,0.0,0.3122118425029439,-0.3957230610205152,False
0,411,0.15797673827638561,-1.3071772091244198,1.694526774161847,1.812416928422014,0.12340525848025878,0.0,0.2347155907058057,0.20564282003221182,-0.00979064083230037,0.24470427632331848,0.9473833441734314,0.7856045365333557,0.9885181784629822,0.8096300363540649,0.5722370743751526,0.15797673827638561,-1.3071772091244198,1.694526774161847,1.812416928422014,0.12340525848025878,0.0,0.235492202159777,0.20583181901224162,-0.010056618176877478,-0.03549220215977699,-0.005831819012241621,0.010056618176877478,0.2,0.2,0.0,0.3129288266764585,-0.32726851014674985,False
0,412,0.15797673827638561,-1.3071772091244198,1.694526774161847,1.812416928422014,0.12340525848025878,0.0,0.235492202159777,0.20583181901224162,-0.010056618176877478,0.3934156596660614,0.938285231590271,0.06263595819473267,0.9895728826522827,0.8679641485214233,0.786095380783081,0.1723457359204124,-1.285298988291272,1.701823803742199,1.834856041963346,0.14371627111595126,0.0,0.23562233689358467,0.20584438973300961,-0.010293458757713012,-0.03562233689358465,-0.005844389733009605,0.010293458757713012,0.2,0.2,0.0,0.31304273465606225,-0.31532089424813736,False
0,413,0.1723457359204124,-1.285298988291272,1.701823803742199,1.834856041963346,0.14371627111595126,0.0,0.23562233689358467,0.20584438973300961,-0.010293458757713012,0.548607587814331,0.9404811859130859,0.432891309261322,0.9909505248069763,0.8263099193572998,0.5134612321853638,0.17173334855133746,-1.2827610631980422,1.7001425177000387,1.837736594043416,0.14603905606494283,0.0,0.2356559124798755,0.20583910153370225,-0.01044738897083702,-0.03565591247987549,-0.005839101533702224,0.01044738897083702,0.2,0.2,0.0,0.31306962922524517,-0.3136075206089036,False
0,414,0.17173334855133746,-1.2827610631980422,1.7001425177000387,1.837736594043416,0.14603905606494283,0.0,0.2356559124798755,0.20583910153370225,-0.01044738897083702,0.5564777255058289,0.923687219619751,0.08407875150442123,0.9872557520866394,0.9164924025535583,0.7329524755477905,0.17189101952614824,-1.282244845455314,1.7001042123712011,1.8382994805745971,0.1465219911447955,0.0,0.23570156062999822,0.2058481175453708,-0.010477648353488717,-0.035701560629998214,-0.0058481175453708,0.010477648353488717,0.2,0.2,0.0,0.31311092969650367,-0.31393693912167364,False
0,415,0.17189101952614824,-1.282244845455314,1.7001042123712011,1.8382994805745971,0.1465219911447955,0.0,0.23570156062999822,0.2058481175453708,-0.010477648353488717,0.5600003004074097,0.9385313391685486,0.44406458735466003,0.988685131072998,0.8968266248703003,0.6097596883773804,0.1722176176575026,-1.2817045331230732,1.7002186108383583,1.8388742491904764,0.1470501557128064,0.0,0.23583187143990642,0.20588063944561566,-0.010541710606984594,-0.035831871439906404,-0.005880639445615643,0.010541710606984594,0.2,0.2,0.0,0.31323256048486653,-0.3156651762521237,False
0,416,0.1722176176575026,-1.2817045331230732,1.7002186108383583,1.8388742491904764,0.1470501557128064,0.0,0.23583187143990642,0.20588063944561566,-0.010541710606984594,0.43276533484458923,0.9414898157119751,0.08405682444572449,0.985621452331543,0.9005774259567261,0.693795382976532,0.17249980740228232,-1.281154221750542,1.7003509993568315,1.8394517088620803,0.14757592840826525,0.0,0.23597962356073432,0.20591512729686995,-0.010598943711376818,-0.03597962356073432,-0.005915127296869924,0.010598943711376818,0.2,0.2,0.0,0.31336840937361404,-0.3160853871485643,False
0,417,0.17249980740228232,-1.281154221750542,1.7003509993568315,1.8394517088620803,0.14757592840826525,0.0,0.23597962356073432,0.20591512729686995,-0.010598943711376818,0.5067835450172424,0.9559970498085022,0.4352935552597046,0.9903554320335388,0.827946662902832,0.5462472438812256,0.1727760666769018,-1.2806041233726106,1.7005223671992638,1.8400239034848918,0.14807170656240798,0.0,0.23597962356073432,0.20591512729686995,-0.010598943711376818,-0.03597962356073432,-0.005915127296869924,0.010598943711376818,0.2,0.2,0.0,0.31336840937361404,-0.31336840937361404,False
0,418,0.1727760666769018,-1.2806041233726106,1.7005223671992638,1.8400239034848918,0.14807170656240798,0.0,0.23597962356073432,0.20591512729686995,-0.010598943711376818,0.45905041694641113,0.9550371766090393,0.4297387897968292,0.9900942444801331,0.9226438999176025,0.8053476810455322,0.1727760666769018,-1.2806041233726106,1.7005223671992638,1.8400239034848918,0.14807170656240798,0.0,0.23867372879264043,0.2065468458780935,-0.01143959839342959,-0.038673728792640416,-0.006546845878093489,0.01143959839342959,0.2,0.2,0.0,0.31584428563672756,-0.36536181089899794,False
0,419,0.1727760666769018,-1.2806041233726106,1.7005223671992638,1.8400239034848918,0.14807170656240798,0.0,0.23867372879264043,0.2065468458780935,-0.01143959839342959,0.5821880102157593,0.9345897436141968,0.20438949763774872,0.9922168254852295,0.8523581027984619,0.5556429624557495,0.1727760666769018,-1.2806041233726106,1.7005223671992638,1.8400239034848918,0.14807170656240798,0.0,0.23906201290837192,0.20665005873108513,-0.011632329269800745,-0.039062012908371926,-0.00665005873108511,0.011632329269800745,0.2,0.2,0.0,0.31621227660165974,-0.3235720959003032,False
0,420,0.1727760666769018,-1.2806041233726106,1.7005223671992638,1.8400239034848918,0.14807170656240798,0.0,0.23906201290837192,0.20665005873108513,-0.011632329269800745,0.4240693747997284,0.9120263457298279,0.3487401604652405,0.9935585856437683,0.85030198097229,0.7216869592666626,0.1727760666769018,-1.2806041233726106,1.7005223671992638,1.8400239034848918,0.14807170656240798,0.0,0.24231486712803296,0.20750574873111055,-0.013281437405681579,-0.04231486712803294,-0.007505748731110533,0.013281437405681579,0.2,0.2,0.0,0.31929849227219365,-0.38102280568287183,False
0,421,0.1727760666769018,-1.2806041233726106,1.7005223671992638,1.8400239034848918,0.14807170656240798,0.0,0.24231486712803296,0.20750574873111055,-0.013281437405681579,0.07085147500038147,0.937962532043457,0.1380520612001419,0.9931613802909851,0.9058010578155518,0.5662681460380554,0.1727760666769018,-1.2806041233726106,1.7005223671992638,1.8400239034848918,0.14807170656240798,0.0,0.24249532666832505,0.20749957606527186,-0.013208254651256204,-0.04249532666832504,-0.007499576065271863,0.013208254651256204,0.2,0.2,0.0,0.31942842001640626,-0.32202697490065846,False
0,422,0.1727760666769018,-1.2806041233726106,1.7005223671992638,1.8400239034848918,0.14807170656240798,0.0,0.24249532666832505,0.20749957606527186,-0.013208254651256204,0.6841338276863098,0.954818844795227,0.32979005575180054,0.992049515247345,0.8520520329475403,0.5618964433670044,0.1865528591690188,-1.2531157856185808,1.7100041085731963,1.8697941341130841,0.17357088151413644,0.0,0.24251194086470035,0.20752585631022077,-0.013207885831376411,-0.04251194086470034,-0.007525856310220768,0.013207885831376411,0.2,0.2,0.0,0.3194580891875944,-0.32005147261135697,False
0,423,0.1865528591690188,-1.2531157856185808,1.7100041085731963,1.8697941341130841,0.17357088151413644,0.0,0.24251194086470035,0.20752585631022077,-0.013207885831376411,-0.017244357615709305,0.9375548958778381,-0.034517932683229446,0.9931765794754028,0.8641868233680725,0.3943738639354706,0.1865528591690188,-1.2531157856185808,1.7100041085731963,1.8697941341130841,0.17357088151413644,0.0,0.24253247744274362,0.207555739533321,-0.013216690011893795,-0.042532477442743605,-0.007555739533320989,0.013216690011893795,0.2,0.2,0.0,0.3194934561499018,-0.32020079539605056,False
0,424,0.1865528591690188,-1.2531157856185808,1.7100041085731963,1.8697941341130841,0.17357088151413644,0.0,0.24253247744274362,0.207555739533321,-0.013216690011893795,0.4252581000328064,0.9457554817199707,0.44298651814460754,0.9938830137252808,0.8559580445289612,0.6801803112030029,0.1865528591690188,-1.2531157856185808,1.7100041085731963,1.8697941341130841,0.17357088151413644,0.0,0.24289351415084065,0.20762821524353983,-0.013433976189938416,-0.04289351415084065,-0.007628215243539816,0.013433976189938416,0.2,0.2,0.0,0.3198237119070976,-0.3264288270510126,False
0,425,0.1865528591690188,-1.2531157856185808,1.7100041085731963,1.8697941341130841,0.17357088151413644,0.0,0.24289351415084065,0.20762821524353983,-0.013433976189938416,0.5953925848007202,0.8878656029701233,0.35374361276626587,0.9930382370948792,0.8803070783615112,-0.028842732310295105,0.1865528591690188,-1.2531157856185808,1.7100041085731963,1.8697941341130841,0.17357088151413644,0.0,0.24407326821584727,0.2079214479646288,-0.013876644776643427,-0.044073268215847256,-0.007921447964628781,0.013876644776643427,0.2,0.2,0.0,0.320929353676989,-0.34304218907481737,False
0,426,0.1865528591690188,-1.2531157856185808,1.7100041085731963,1.8697941341130841,0.17357088151413644,0.0,0.24407326821584727,0.2079214479646288,-0.013876644776643427,0.28203123807907104,0.9325399398803711,0.2703208923339844,0.9945115447044373,0.8698790073394775,0.18128369748592377,0.1865528591690188,-1.2531157856185808,1.7100041085731963,1.8697941341130841,0.17357088151413644,0.0,0.24570705206886712,0.20841290962254055,-0.01463574188096902,-0.04570705206886712,-0.008412909622540543,0.01463574188096902,0.2,0.2,0.0,0.32252457468247686,-0.3544289947922342,False
0,427,0.1865528591690188,-1.2531157856185808,1.7100041085731963,1.8697941341130841,0.17357088151413644,0.0,0.24570705206886712,0.20841290962254055,-0.01463574188096902,0.375377893447876,0.9207527041435242,0.3656384348869324,0.9931216835975647,0.8869841694831848,0.5581759214401245,0.1865528591690188,-1.2531157856185808,1.7100041085731963,1.8697941341130841,0.17357088151413644,0.0,0.24570705206886712,0.20841290962254055,-0.01463574188096902,-0.04570705206886712,-0.008412909622540543,0.01463574188096902,0.2,0.2,0.0,0.32252457468247686,-0.32252457468247686,False
0,428,0.1865528591690188,-1.2531157856185808,1.7100041085731963,1.8697941341130841,0.17357088151413644,0.0,0.24570705206886712,0.20841290962254055,-0.01463574188096902,0.4445037841796875,0.9120102524757385,0.3725356459617615,0.9906754493713379,0.8076959848403931,0.6353467702865601,0.1865528591690188,-1.2531157856185808,1.7100041085731963,1.8697941341130841,0.17357088151413644,0.0,0.245781792261916,0.2084311660358154,-0.014674749556870356,-0.04578179226191599,-0.008431166035815394,0.014674749556870356,0.2,0.2,0.0,0.3225950846759543,-0.3240052845455036,False
0,429,0.1865528591690188,-1.2531157856185808,1.7100041085731963,1.8697941341130841,0.17357088151413644,0.0,0.245781792261916,0.2084311660358154,-0.014674749556870356,0.3461977541446686,0.9401198625564575,0.16015839576721191,0.9924333095550537,0.8661351799964905,0.5094788670539856,0.1865528591690188,-1.2531157856185808,1.7100041085731963,1.8697941341130841,0.17357088151413644,0.0,0.245781792261916,0.2084311660358154,-0.014674749556870356,-0.04578179226191599,-0.008431166035815394,0.014674749556870356,0.2,0.2,0.0,0.3225950846759543,-0.3225950846759543,False
0,430,0.1865528591690188,-1.2531157856185808,1.7100041085731963,1.8697941341130841,0.17357088151413644,0.0,0.245781792261916,0.2084311660358154,-0.014674749556870356,0.4162387251853943,0.9432036280632019,0.4903755486011505,0.9927108883857727,0.8745200634002686,0.7350527048110962,0.1865528591690188,-1.2531157856185808,1.7100041085731963,1.8697941341130841,0.17357088151413644,0.0,0.2459877620880428,0.20847915558178604,-0.014749399879532304,-0.04598776208804277,-0.008479155581786031,0.014749399879532304,0.2,0.2,0.0,0.3227864343586707,-0.32661342801299853,False
0,431,0.1865528591690188,-1.2531157856185808,1.7100041085731963,1.8697941341130841,0.17357088151413644,0.0,0.2459877620880428,0.20847915558178604,-0.014749399879532304,0.1327686309814453,0.931592583656311,0.23249824345111847,0.9916113615036011,0.8550886511802673,-0.17354267835617065,0.1865528591690188,-1.2531157856185808,1.7100041085731963,1.8697941341130841,0.17357088151413644,0.0,0.2459877620880428,0.20847915558178604,-0.014749399879532304,-0.04598776208804277,-0.008479155581786031,0.014749399879532304,0.2,0.2,0.0,0.3227864343586707,-0.3227864343586707,False
0,432,0.1865528591690188,-1.2531157856185808,1.7100041085731963,1.8697941341130841,0.17357088151413644,0.0,0.2459877620880428,0.20847915558178604,-0.014749399879532304,0.7947813272476196,0.9325059056282043,0.27218198776245117,0.9913157224655151,0.8847222924232483,0.24711203575134277,0.1865528591690188,-1.2531157856185808,1.7100041085731963,1.8697941341130841,0.17357088151413644,0.0,0.2459877620880428,0.20847915558178604,-0.014749399879532304,-0.04598776208804277,-0.008479155581786031,0.014749399879532304,0.2,0.2,0.0,0.3227864343586707,-0.3227864343586707,False
0,433,0.1865528591690188,-1.2531157856185808,1.7100041085731963,1.8697941341130841,0.17357088151413644,0.0,0.2459877620880428,0.20847915558178604,-0.014749399879532304,0.5258309841156006,0.9193581938743591,0.5518834590911865,0.9913654923439026,0.8354640007019043,0.6892513632774353,0.1865528591690188,-1.2531157856185808,1.7100041085731963,1.8697941341130841,0.17357088151413644,0.0,0.2459877620880428,0.20847915558178604,-0.014749399879532304,-0.04598776208804277,-0.008479155581786031,0.014749399879532304,0.2,0.2,0.0,0.3227864343586707,-0.3227864343586707,False
0,434,0.1865528591690188,-1.2531157856185808,1.7100041085731963,1.8697941341130841,0.17357088151413644,0.0,0.2459877620880428,0.20847915558178604,-0.014749399879532304,0.40660375356674194,0.922340989112854,0.20383001863956451,0.993158757686615,0.8482435941696167,0.5001273155212402,0.1865528591690188,-1.2531157856185808,1.7100041085731963,1.8697941341130841,0.17357088151413644,0.0,0.2459877620880428,0.20847915558178604,-0.014749399879532304,-0.04598776208804277,-0.008479155581786031,0.014749399879532304,0.2,0.2,0.0,0.3227864343586707,-0.3227864343586707,False
0,435,0.1865528591690188,-1.2531157856185808,1.7100041085731963,1.8697941341130841,0.17357088151413644,0.0,0.2459877620880428,0.20847915558178604,-0.014749399879532304,0.3935391902923584,0.8810465335845947,0.5292618870735168,0.9927005767822266,0.8898406624794006,0.5655008554458618,0.1865528591690188,-1.2531157856185808,1.7100041085731963,1.8697941341130841,0.17357088151413644,0.0,0.2461011907343362,0.20850611170461358,-0.014789623403665759,-0.04610119073433619,-0.008506111704613567,0.014789623403665759,0.2,0.2,0.0,0.32289213006739137,-0.32500604424180446,False
0,436,0.1865528591690188,-1.2531157856185808,1.7100041085731963,1.8697941341130841,0.17357088151413644,0.0,0.2461011907343362,0.20850611170461358,-0.014789623403665759,0.5262436866760254,0.9491703510284424,0.3715789020061493,0.9907655119895935,0.8567708134651184,0.5191438794136047,0.1865528591690188,-1.2531157856185808,1.7100041085731963,1.8697941341130841,0.17357088151413644,0.0,0.2461011907343362,0.20850611170461358,-0.014789623403665759,-0.04610119073433619,-0.008506111704613567,0.014789623403665759,0.2,0.2,0.0,0.32289213006739137,-0.32289213006739137,False
0,437,0.1865528591690188,-1.2531157856185808,1.7100041085731963,1.8697941341130841,0.17357088151413644,0.0,0.2461011907343362,0.20850611170461358,-0.014789623403665759,0.30109819769859314,0.9107387661933899,0.38689693808555603,0.989899754524231,0.8120996356010437,0.5884471535682678,0.1865528591690188,-1.2531157856185808,1.7100041085731963,1.8697941341130841,0.17357088151413644,0.0,0.2461011907343362,0.20850611170461358,-0.014789623403665759,-0.04610119073433619,-0.008506111704613567,0.014789623403665759,0.2,0.2,0.0,0.32289213006739137,-0.32289213006739137,False
0,438,0.1865528591690188,-1.2531157856185808,1.7100041085731963,1.8697941341130841,0.17357088151413644,0.0,0.2461011907343362,0.20850611170461358,-0.014789623403665759,0.5013466477394104,0.942926824092865,0.4066428244113922,0.9904323220252991,0.8952540159225464,0.07615141570568085,0.1865528591690188,-1.2531157856185808,1.7100041085731963,1.8697941341130841,0.17357088151413644,0.0,0.2461011907343362,0.20850611170461358,-0.014789623403665759,-0.04610119073433619,-0.008506111704613567,0.014789623403665759,0.2,0.2,0.0,0.32289213006739137,-0.32289213006739137,False
0,439,0.1865528591690188,-1.2531157856185808,1.7100041085731963,1.8697941341130841,0.17357088151413644,0.0,0.2461011907343362,0.20850611170461358,-0.014789623403665759,0.47108492255210876,0.9483475089073181,0.45929020643234253,0.9933804869651794,0.8577703237533569,0.6264161467552185,0.1865528591690188,-1.2531157856185808,1.7100041085731963,1.8697941341130841,0.17357088151413644,0.0,0.2461011907343362,0.20850611170461358,-0.014789623403665759,-0.04610119073433619,-0.008506111704613567,0.014789623403665759,0.2,0.2,0.0,0.32289213006739137,-0.32289213006739137,False
0,440,0.1865528591690188,-1.2531157856185808,1.7100041085731963,1.8697941341130841,0.17357088151413644,0.0,0.2461011907343362,0.20850611170461358,-0.014789623403665759,0.40376266837120056,0.9302732944488525,-0.29301953315734863,0.9907428622245789,0.8101674318313599,-0.004072465002536774,0.1865528591690188,-1.2531157856185808,1.7100041085731963,1.8697941341130841,0.17357088151413644,0.0,0.24616222573050425,0.2085214286041052,-0.014830430640641573,-0.04616222573050424,-0.008521428604105182,0.014830430640641573,0.2,0.2,0.0,0.3229504129687397,-0.3241160709957067,False
0,441,0.1865528591690188,-1.2531157856185808,1.7100041085731963,1.8697941341130841,0.17357088151413644,0.0,0.24616222573050425,0.2085214286041052,-0.014830430640641573,0.6100988388061523,0.9190022349357605,0.05792882665991783,0.9920527935028076,0.8098424077033997,0.018181733787059784,0.1865528591690188,-1.2531157856185808,1.7100041085731963,1.8697941341130841,0.17357088151413644,0.0,0.2461469711221443,0.20852303666323335,-0.014934295798381889,-0.04614697112214429,-0.008523036663233344,0.014934295798381889,0.2,0.2,0.0,0.3229446104254652,-0.32282855955997447,False
0,442,0.1865528591690188,-1.2531157856185808,1.7100041085731963,1.8697941341130841,0.17357088151413644,0.0,0.2461469711221443,0.20852303666323335,-0.014934295798381889,0.028845591470599174,0.8953805565834045,0.20398308336734772,0.9891342520713806,0.8411587476730347,0.1770017147064209,0.19629168223129145,-1.2359381833955168,1.7151173921069487,1.8883382124541093,0.18965298525750768,0.0,0.24614942627638126,0.20852981375022006,-0.015018401107174506,-0.04614942627638126,-0.008529813750220045,0.015018401107174506,0.2,0.2,0.0,0.3229547579007145,-0.3231577074057005,False
0,443,0.19629168223129145,-1.2359381833955168,1.7151173921069487,1.8883382124541093,0.18965298525750768,0.0,0.24614942627638126,0.20852981375022006,-0.015018401107174506,0.24435046315193176,0.9193101525306702,0.12586036324501038,0.9927504062652588,0.8765493035316467,0.4200984537601471,0.19629168223129145,-1.2359381833955168,1.7151173921069487,1.8883382124541093,0.18965298525750768,0.0,0.24726105488413336,0.20857710130350035,-0.01578015520340346,-0.04726105488413335,-0.008577101303500333,0.01578015520340346,0.2,0.2,0.0,0.3238694949340375,-0.3421642356004977,False
0,444,0.19629168223129145,-1.2359381833955168,1.7151173921069487,1.8883382124541093,0.18965298525750768,0.0,0.24726105488413336,0.20857710130350035,-0.01578015520340346,0.17171438038349152,0.9137925505638123,0.15386509895324707,0.9914332628250122,0.8797314167022705,0.32866743206977844,0.19132586488162032,-1.230520105004188,1.715680643576248,1.8945654464955273,0.19477398405521834,0.0,0.24726105488413336,0.20857710130350035,-0.01578015520340346,-0.04726105488413335,-0.008577101303500333,0.01578015520340346,0.2,0.2,0.0,0.3238694949340375,-0.3238694949340375,False
0,445,0.19132586488162032,-1.230520105004188,1.715680643576248,1.8945654464955273,0.19477398405521834,0.0,0.24726105488413336,0.20857710130350035,-0.01578015520340346,0.42281654477119446,0.9212169051170349,0.34419214725494385,0.9923516511917114,0.9141724705696106,0.30048903822898865,0.19138995743038384,-1.2301293629653653,1.7157876584796874,1.8949909469328037,0.19515496603400861,0.0,0.2473036166112768,0.20858012812086987,-0.015808221283966972,-0.047303616611276814,-0.008580128120869855,0.015808221283966972,0.2,0.2,0.0,0.3239053079159073,-0.32462156755330396,False
0,446,0.19138995743038384,-1.2301293629653653,1.7157876584796874,1.8949909469328037,0.19515496603400861,0.0,0.2473036166112768,0.20858012812086987,-0.015808221283966972,0.46029457449913025,0.8788006901741028,-0.01991300843656063,0.9918581247329712,0.8922955989837646,0.15133321285247803,0.19169710042437213,-1.2294906598008146,1.7159645225691817,1.8956869986445088,0.195792534023303,0.0,0.24746976133580229,0.20862522712057366,-0.015892365705009823,-0.047469761335802274,-0.008625227120573642,0.015892365705009823,0.2,0.2,0.0,0.32406532590576803,-0.32726568570298215,False
0,447,0.19169710042437213,-1.2294906598008146,1.7159645225691817,1.8956869986445088,0.195792534023303,0.0,0.24746976133580229,0.20862522712057366,-0.015892365705009823,-0.043736182153224945,0.9160597324371338,0.16477729380130768,0.9947354197502136,0.9244030117988586,0.5257163047790527,0.19169710042437213,-1.2294906598008146,1.7159645225691817,1.8956869986445088,0.195792534023303,0.0,0.24907379576195393,0.2091127477409435,-0.017242982028294166,-0.049073795761953934,-0.009112747740943472,0.017242982028294166,0.2,0.2,0.0,0.32567348285094244,-0.35783662175443065,False
0,448,0.19169710042437213,-1.2294906598008146,1.7159645225691817,1.8956869986445088,0.195792534023303,0.0,0.24907379576195393,0.2091127477409435,-0.017242982028294166,0.38611021637916565,0.9157910943031311,0.345907986164093,0.9955664873123169,0.9231728315353394,0.06264225393533707,0.1957048216278156,-1.218559538917866,1.7162695091146556,1.9079004578946301,0.2068738409059681,0.0,0.24943496035525264,0.20916188331379026,-0.017450096372816495,-0.04943496035525265,-0.009161883313790257,0.017450096372816495,0.2,0.2,0.0,0.3259923292689855,-0.3323692576298472,False
0,449,0.1957048216278156,-1.218559538917866,1.7162695091146556,1.9079004578946301,0.2068738409059681,0.0,0.24943496035525264,0.20916188331379026,-0.017450096372816495,0.2719724774360657,0.8376717567443848,-0.04843016713857651,0.9945171475410461,0.9334110617637634,0.03741143271327019,0.19561212297100725,-1.217890437393468,1.7164168771664883,1.9086315537387761,0.207563199892041,0.0,0.24943496035525264,0.20916188331379026,-0.017450096372816495,-0.04943496035525265,-0.009161883313790257,0.017450096372816495,0.2,0.2,0.0,0.3259923292689855,-0.3259923292689855,False
0,450,0.19561212297100725,-1.217890437393468,1.7164168771664883,1.9086315537387761,0.207563199892041,0.0,0.24943496035525264,0.20916188331379026,-0.017450096372816495,0.2492813616991043,0.9037563800811768,0.21312296390533447,0.9937752485275269,0.9238911867141724,-0.04599417373538017,0.19561212297100725,-1.217890437393468,1.7164168771664883,1.9086315537387761,0.207563199892041,0.0,0.25378847303172525,0.21028609472366905,-0.020383425179285083,-0.05378847303172524,-0.01028609472366905,0.020383425179285083,0.2,0.2,0.0,0.33021858624242545,-0.4147437257112239,False
0,451,0.19561212297100725,-1.217890437393468,1.7164168771664883,1.9086315537387761,0.207563199892041,0.0,0.25378847303172525,0.21028609472366905,-0.020383425179285083,0.25328606367111206,0.906846821308136,0.28444546461105347,0.9941231608390808,0.8880986571311951,0.40987884998321533,0.19561212297100725,-1.217890437393468,1.7164168771664883,1.9086315537387761,0.207563199892041,0.0,0.2538379408166838,0.21029926942147967,-0.020418625410720925,-0.05383794081668382,-0.01029926942147965,0.020418625410720925,0.2,0.2,0.0,0.33026716939612044,-0.3312388324700203,False
0,452,0.19561212297100725,-1.217890437393468,1.7164168771664883,1.9086315537387761,0.207563199892041,0.0,0.2538379408166838,0.21029926942147967,-0.020418625410720925,-0.2093869298696518,0.8753753900527954,0.32423514127731323,0.9926607608795166,0.9166009426116943,-0.09227467328310013,0.19561212297100725,-1.217890437393468,1.7164168771664883,1.9086315537387761,0.207563199892041,0.0,0.25387862329236466,0.21030963805654856,-0.020437073446400528,-0.05387862329236462,-0.010309638056548557,0.020437073446400528,0.2,0.2,0.0,0.3303061809826701,-0.3310864127136636,False
0,453,0.19561212297100725,-1.217890437393468,1.7164168771664883,1.9086315537387761,0.207563199892041,0.0,0.25387862329236466,0.21030963805654856,-0.020437073446400528,0.020789161324501038,0.8950839638710022,0.37070780992507935,0.9936752319335938,0.8515403270721436,0.37461233139038086,0.19561212297100725,-1.217890437393468,1.7164168771664883,1.9086315537387761,0.207563199892041,0.0,0.25387862329236466,0.21030963805654856,-0.020437073446400528,-0.05387862329236462,-0.010309638056548557,0.020437073446400528,0.2,0.2,0.0,0.3303061809826701,-0.3303061809826701,False
0,454,0.19561212297100725,-1.217890437393468,1.7164168771664883,1.9086315537387761,0.207563199892041,0.0,0.25387862329236466,0.21030963805654856,-0.020437073446400528,0.45611414313316345,0.9119806289672852,0.3619559407234192,0.993608832359314,0.9051607847213745,0.4310908913612366,0.19561212297100725,-1.217890437393468,1.7164168771664883,1.9086315537387761,0.207563199892041,0.0,0.25387862329236466,0.21030963805654856,-0.020437073446400528,-0.05387862329236462,-0.010309638056548557,0.020437073446400528,0.2,0.2,0.0,0.3303061809826701,-0.3303061809826701,False
0,455,0.19561212297100725,-1.217890437393468,1.7164168771664883,1.9086315537387761,0.207563199892041,0.0,0.25387862329236466,0.21030963805654856,-0.020437073446400528,0.10087928175926208,0.9223966002464294,0.46118026971817017,0.9943003058433533,0.8104710578918457,0.4956720769405365,0.19561212297100725,-1.217890437393468,1.7164168771664883,1.9086315537387761,0.207563199892041,0.0,0.25387862329236466,0.21030963805654856,-0.020437073446400528,-0.05387862329236462,-0.010309638056548557,0.020437073446400528,0.2,0.2,0.0,0.3303061809826701,-0.3303061809826701,False
0,456,0.19561212297100725,-1.217890437393468,1.7164168771664883,1.9086315537387761,0.207563199892041,0.0,0.25387862329236466,0.21030963805654856,-0.020437073446400528,0.0404161773622036,0.8817852139472961,0.20793525874614716,0.9934399127960205,0.9360369443893433,0.4007418155670166,0.19561212297100725,-1.217890437393468,1.7164168771664883,1.9086315537387761,0.207563199892041,0.0,0.25387862329236466,0.21030963805654856,-0.020437073446400528,-0.05387862329236462,-0.010309638056548557,0.020437073446400528,0.2,0.2,0.0,0.3303061809826701,-0.3303061809826701,False
0,457,0.19561212297100725,-1.217890437393468,1.7164168771664883,1.9086315537387761,0.207563199892041,0.0,0.25387862329236466,0.21030963805654856,-0.020437073446400528,0.37092268466949463,0.8640362620353699,0.2689385414123535,0.9899314045906067,0.9017999768257141,-0.08057902008295059,0.19561212297100725,-1.217890437393468,1.7164168771664883,1.9086315537387761,0.207563199892041,0.0,0.25419701409616785,0.21031058764734073,-0.020652341917822933,-0.05419701409616784,-0.010310587647340722,0.020652341917822933,0.2,0.2,0.0,0.33056494744402015,-0.33574027667102085,False
0,458,0.19561212297100725,-1.217890437393468,1.7164168771664883,1.9086315537387761,0.207563199892041,0.0,0.25419701409616785,0.21031058764734073,-0.020652341917822933,0.4453766345977783,0.9192363619804382,0.3815627694129944,0.9931027293205261,0.8915717005729675,0.06196780130267143,0.19561212297100725,-1.217890437393468,1.7164168771664883,1.9086315537387761,0.207563199892041,0.0,0.2545964036331618,0.21055291676814805,-0.02082704575928579,-0.054596403633161844,-0.010552916768148053,0.02082704575928579,0.2,0.2,0.0,0.3310371963051493,-0.3404821735277317,False
0,459,0.19561212297100725,-1.217890437393468,1.7164168771664883,1.9086315537387761,0.207563199892041,0.0,0.2545964036331618,0.21055291676814805,-0.02082704575928579,0.051852233707904816,0.9086264967918396,0.11179619282484055,0.9972432851791382,0.8206849098205566,0.1881149560213089,0.19561212297100725,-1.217890437393468,1.7164168771664883,1.9086315537387761,0.207563199892041,0.0,0.2549422126176945,0.21071525999776544,-0.020865968767500215,-0.05494221261769448,-0.010715259997765427,0.020865968767500215,0.2,0.2,0.0,0.3314088731807553,-0.3388424106928757,False
0,460,0.19561212297100725,-1.217890437393468,1.7164168771664883,1.9086315537387761,0.207563199892041,0.0,0.2549422126176945,0.21071525999776544,-0.020865968767500215,0.3660421371459961,0.9051741361618042,0.2675402760505676,0.9935563802719116,0.9040436148643494,0.18726220726966858,0.19561212297100725,-1.217890437393468,1.7164168771664883,1.9086315537387761,0.207563199892041,0.0,0.2549563501013236,0.2107110557013568,-0.02105249667514772,-0.05495635010132359,-0.010711055701356775,0.02105249667514772,0.2,0.2,0.0,0.33142887180815445,-0.3318288443561375,False
0,461,0.19561212297100725,-1.217890437393468,1.7164168771664883,1.9086315537387761,0.207563199892041,0.0,0.2549563501013236,0.2107110557013568,-0.02105249667514772,-0.2835289537906647,0.8810787796974182,0.27050328254699707,0.99354487657547,0.8563886284828186,0.47175902128219604,0.19561212297100725,-1.217890437393468,1.7164168771664883,1.9086315537387761,0.207563199892041,0.0,0.2549588843835652,0.2107134972295498,-0.021051646835817506,-0.05495888438356514,-0.010713497229549788,0.021051646835817506,0.2,0.2,0.0,0.3314323195998236,-0.3315012754332069,False
0,462,0.19561212297100725,-1.217890437393468,1.7164168771664883,1.9086315537387761,0.207563199892041,0.0,0.2549588843835652,0.2107134972295498,-0.021051646835817506,0.564828634262085,0.919342041015625,0.0067438650876283646,0.9939258694648743,0.8449270129203796,0.24105246365070343,0.19561212297100725,-1.217890437393468,1.7164168771664883,1.9086315537387761,0.207563199892041,0.0,0.2549588843835652,0.2107134972295498,-0.021051646835817506,-0.05495888438356514,-0.010713497229549788,0.021051646835817506,0.2,0.2,0.0,0.3314323195998236,-0.3314323195998236,False
0,463,0.19561212297100725,-1.217890437393468,1.7164168771664883,1.9086315537387761,0.207563199892041,0.0,0.2549588843835652,0.2107134972295498,-0.021051646835817506,0.27208685874938965,0.9242905378341675,0.3242109715938568,0.9926835298538208,0.9205682277679443,-0.0458514541387558,0.19561212297100725,-1.217890437393468,1.7164168771664883,1.9086315537387761,0.207563199892041,0.0,0.2549588843835652,0.2107134972295498,-0.021051646835817506,-0.05495888438356514,-0.010713497229549788,0.021051646835817506,0.2,0.2,0.0,0.3314323195998236,-0.3314323195998236,False
0,464,0.19561212297100725,-1.217890437393468,1.7164168771664883,1.9086315537387761,0.207563199892041,0.0,0.2549588843835652,0.2107134972295498,-0.021051646835817506,0.2503904700279236,0.8795399069786072,0.20838232338428497,0.9928093552589417,0.8771852254867554,-0.10205399990081787,0.19561212297100725,-1.217890437393468,1.7164168771664883,1.9086315537387761,0.207563199892041,0.0,0.2549588843835652,0.2107134972295498,-0.021051646835817506,-0.05495888438356514,-0.010713497229549788,0.021051646835817506,0.2,0.2,0.0,0.3314323195998236,-0.3314323195998236,False
0,465,0.19561212297100725,-1.217890437393468,1.7164168771664883,1.9086315537387761,0.207563199892041,0.0,0.2549588843835652,0.2107134972295498,-0.021051646835817506,0.7889511585235596,0.9129816293716431,0.09495363384485245,0.9951933026313782,0.8821853995323181,0.499072790145874,0.19561212297100725,-1.217890437393468,1.7164168771664883,1.9086315537387761,0.207563199892041,0.0,0.25494433410017975,0.2107050145294148,-0.02105482964590427,-0.05494433410017975,-0.010705014529414806,0.02105482964590427,0.2,0.2,0.0,0.33141593578016587,-0.3310882593870111,False
0,466,0.19561212297100725,-1.217890437393468,1.7164168771664883,1.9086315537387761,0.207563199892041,0.0,0.25494433410017975,0.2107050145294148,-0.02105482964590427,-0.24684475362300873,0.910216212272644,0.0479884073138237,0.9944728016853333,0.8393281698226929,0.41676411032676697,0.19561212297100725,-1.217890437393468,1.7164168771664883,1.9086315537387761,0.207563199892041,0.0,0.25494433410017975,0.2107050145294148,-0.02105482964590427,-0.05494433410017975,-0.010705014529414806,0.02105482964590427,0.2,0.2,0.0,0.33141593578016587,-0.33141593578016587,False
0,467,0.19561212297100725,-1.217890437393468,1.7164168771664883,1.9086315537387761,0.207563199892041,0.0,0.25494433410017975,0.2107050145294148,-0.02105482964590427,-0.03899535909295082,0.9039915204048157,-0.08218707144260406,0.991370677947998,0.835065484046936,-0.0345446951687336,0.20571703212735204,-1.1907384206544134,1.72407370275142,1.9384384734522326,0.23445329358180506,0.0,0.25494433410017975,0.2107050145294148,-0.02105482964590427,-0.05494433410017975,-0.010705014529414806,0.02105482964590427,0.2,0.2,0.0,0.33141593578016587,-0.33141593578016587,False
0,468,0.20571703212735204,-1.1907384206544134,1.72407370275142,1.9384384734522326,0.23445329358180506,0.0,0.25494433410017975,0.2107050145294148,-0.02105482964590427,0.007529920898377895,0.7722825407981873,0.3076777160167694,0.996266782283783,0.966076672077179,0.6192656755447388,0.20571703212735204,-1.1907384206544134,1.72407370275142,1.9384384734522326,0.23445329358180506,0.0,0.25494433410017975,0.2107050145294148,-0.02105482964590427,-0.05494433410017975,-0.010705014529414806,0.02105482964590427,0.2,0.2,0.0,0.33141593578016587,-0.33141593578016587,False
0,469,0.20571703212735204,-1.1907384206544134,1.72407370275142,1.9384384734522326,0.23445329358180506,0.0,0.25494433410017975,0.2107050145294148,-0.02105482964590427,-0.12077692151069641,0.8970813751220703,0.07867440581321716,0.9967883229255676,0.9724606275558472,0.46047884225845337,0.20571703212735204,-1.1907384206544134,1.72407370275142,1.9384384734522326,0.23445329358180506,0.0,0.25494433410017975,0.2107050145294148,-0.02105482964590427,-0.05494433410017975,-0.010705014529414806,0.02105482964590427,0.2,0.2,0.0,0.33141593578016587,-0.33141593578016587,False
0,470,0.20571703212735204,-1.1907384206544134,1.72407370275142,1.9384384734522326,0.23445329358180506,0.0,0.25494433410017975,0.2107050145294148,-0.02105482964590427,-0.022168699651956558,0.8908936381340027,0.27011388540267944,0.9966772794723511,0.9521767497062683,-0.3254925310611725,0.20571703212735204,-1.1907384206544134,1.72407370275142,1.9384384734522326,0.23445329358180506,0.0,0.25539223735485905,0.2107993153934673,-0.021373570247640264,-0.055392237354859014,-0.010799315393467278,0.021373570247640264,0.2,0.2,0.0,0.3318408892475519,-0.3403399585952724,False
0,471,0.20571703212735204,-1.1907384206544134,1.72407370275142,1.9384384734522326,0.23445329358180506,0.0,0.25539223735485905,0.2107993153934673,-0.021373570247640264,-0.2846289873123169,0.9318699240684509,0.5484035015106201,0.9968914985656738,0.9711982011795044,0.033126506954431534,0.20571703212735204,-1.1907384206544134,1.72407370275142,1.9384384734522326,0.23445329358180506,0.0,0.257198630090398,0.21116106252247951,-0.022635598352122338,-0.05719863009039801,-0.01116106252247951,0.022635598352122338,0.2,0.2,0.0,0.33354534917872636,-0.3676345478022156,False
0,472,0.20571703212735204,-1.1907384206544134,1.72407370275142,1.9384384734522326,0.23445329358180506,0.0,0.257198630090398,0.21116106252247951,-0.022635598352122338,0.1602521389722824,0.8856975436210632,0.19654721021652222,0.9978752732276917,0.9570251703262329,0.42763644456863403,0.2054292043363277,-1.1793627292020232,1.7274427950632407,1.951165314098858,0.24659041379615607,0.0,0.257198630090398,0.21116106252247951,-0.022635598352122338,-0.05719863009039801,-0.01116106252247951,0.022635598352122338,0.2,0.2,0.0,0.33354534917872636,-0.33354534917872636,False
0,473,0.2054292043363277,-1.1793627292020232,1.7274427950632407,1.951165314098858,0.24659041379615607,0.0,0.257198630090398,0.21116106252247951,-0.022635598352122338,-0.27562272548675537,0.8918927907943726,0.4020445644855499,0.9972020983695984,0.9822017550468445,0.4786663055419922,0.20538699597566998,-1.1789774680773895,1.7275823432843276,1.9515971555440694,0.24701281652190724,0.0,0.25726889573156764,0.21117573749862015,-0.02268374723905947,-0.057268895731567626,-0.011175737498620133,0.02268374723905947,0.2,0.2,0.0,0.3336120939172198,-0.3349469886870886,False
0,474,0.20538699597566998,-1.1789774680773895,1.7275823432843276,1.9515971555440694,0.24701281652190724,0.0,0.25726889573156764,0.21117573749862015,-0.02268374723905947,-0.31050217151641846,0.894201934337616,0.27291080355644226,0.9970229268074036,0.9534197449684143,0.14456994831562042,0.20520226282849152,-1.17840390713039,1.7278181008180316,1.952237656234207,0.2476386084765055,0.0,0.25743332172434574,0.21119845042183594,-0.0227856375224985,-0.057433321724345746,-0.011198450421835916,0.0227856375224985,0.2,0.2,0.0,0.33376022212349077,-0.33672278624891017,False
0,475,0.20520226282849152,-1.17840390713039,1.7278181008180316,1.952237656234207,0.2476386084765055,0.0,0.25743332172434574,0.21119845042183594,-0.0227856375224985,-0.42981651425361633,0.8853836059570312,0.5878622531890869,0.9966374039649963,0.9416519403457642,0.29467537999153137,0.20494292655735327,-1.177679346620294,1.728056622412866,1.9530460708686352,0.24841061779790613,0.0,0.25760416714054246,0.2112192732156737,-0.022904768690247643,-0.05760416714054242,-0.011219273215673665,0.022904768690247643,0.2,0.2,0.0,0.33391333716203025,-0.33697563793282,False
0,476,0.20494292655735327,-1.177679346620294,1.728056622412866,1.9530460708686352,0.24841061779790613,0.0,0.25760416714054246,0.2112192732156737,-0.022904768690247643,0.07624894380569458,0.9150688052177429,0.14390113949775696,0.9965010285377502,0.9838453531265259,0.5423715114593506,0.20472443318570846,-1.1771691758867988,1.7283729314114806,1.9536184944834367,0.2489538171577,0.0,0.25760416714054246,0.2112192732156737,-0.022904768690247643,-0.05760416714054242,-0.011219273215673665,0.022904768690247643,0.2,0.2,0.0,0.33391333716203025,-0.33391333716203025,False
0,477,0.20472443318570846,-1.1771691758867988,1.7283729314114806,1.9536184944834367,0.2489538171577,0.0,0.25760416714054246,0.2112192732156737,-0.022904768690247643,-0.7336146831512451,0.8972264528274536,0.226437509059906,0.996639609336853,0.9723663926124573,0.5486668348312378,0.20472443318570846,-1.1771691758867988,1.7283729314114806,1.9536184944834367,0.2489538171577,0.0,0.25836889591706225,0.21138275702175827,-0.023529033353896736,-0.05836889591706225,-0.011382757021758245,0.023529033353896736,0.2,0.2,0.0,0.3346502230002099,-0.34938793976380306,False
0,478,0.20472443318570846,-1.1771691758867988,1.7283729314114806,1.9536184944834367,0.2489538171577,0.0,0.25836889591706225,0.21138275702175827,-0.023529033353896736,-0.30663958191871643,0.8701730370521545,0.08914072066545486,0.9974753856658936,0.9842557907104492,0.4875716269016266,0.20472443318570846,-1.1771691758867988,1.7283729314114806,1.9536184944834367,0.2489538171577,0.0,0.2607731806622413,0.21130368756166307,-0.02535575577171023,-0.06077318066224131,-0.011303687561663056,0.02535575577171023,0.2,0.2,0.0,0.3365929507292354,-0.3754475053097451,False
0,479,0.20472443318570846,-1.1771691758867988,1.7283729314114806,1.9536184944834367,0.2489538171577,0.0,0.2607731806622413,0.21130368756166307,-0.02535575577171023,-0.3013037443161011,0.9275317192077637,0.18190458416938782,0.9982303977012634,0.968630313873291,-0.058152079582214355,0.20472443318570846,-1.1771691758867988,1.7283729314114806,1.9536184944834367,0.2489538171577,0.0,0.261935173716105,0.2112312362932795,-0.026293133706295116,-0.06193517371610495,-0.01123123629327948,0.026293133706295116,0.2,0.2,0.0,0.33752036871242375,-0.35606872837619075,False
0,480,0.20472443318570846,-1.1771691758867988,1.7283729314114806,1.9536184944834367,0.2489538171577,0.0,0.261935173716105,0.2112312362932795,-0.026293133706295116,-0.06771784275770187,0.8501507639884949,0.10374122112989426,0.9962701797485352,0.9692174196243286,-0.1012306660413742,0.20472443318570846,-1.1771691758867988,1.7283729314114806,1.9536184944834367,0.2489538171577,0.0,0.2622007278544338,0.21194501180037062,-0.027128391261265858,-0.06220072785443383,-0.011945011800370605,0.027128391261265858,0.2,0.2,0.0,0.3382393521263876,-0.352619020405665,False
0,481,0.20472443318570846,-1.1771691758867988,1.7283729314114806,1.9536184944834367,0.2489538171577,0.0,0.2622007278544338,0.21194501180037062,-0.027128391261265858,0.35349977016448975,0.9200519919395447,0.2924515902996063,0.998049259185791,0.9550226330757141,-0.022350328043103218,0.20078498992614233,-1.1512140557945847,1.7320657307077223,1.9833988258098234,0.2779105707560498,0.0,0.2622007278544338,0.21194501180037062,-0.027128391261265858,-0.06220072785443383,-0.011945011800370605,0.027128391261265858,0.2,0.2,0.0,0.3382393521263876,-0.3382393521263876,False
0,482,0.20078498992614233,-1.1512140557945847,1.7320657307077223,1.9833988258098234,0.2779105707560498,0.0,0.2622007278544338,0.21194501180037062,-0.027128391261265858,-0.3019096851348877,0.8900105357170105,-0.0979045182466507,0.9974661469459534,0.9892933964729309,0.35175007581710815,0.20095851598655778,-1.1511467319609339,1.7320089780597796,1.9835290626551954,0.2780400394891485,0.0,0.26219445182468715,0.21194847787351656,-0.0271287322199866,-0.062194451824687164,-0.011948477873516564,0.0271287322199866,0.2,0.2,0.0,0.3382366862899595,-0.3381833695613974,False
0,483,0.20095851598655778,-1.1511467319609339,1.7320089780597796,1.9835290626551954,0.2780400394891485,0.0,0.26219445182468715,0.21194847787351656,-0.0271287322199866,-0.6217304468154907,0.8553716540336609,0.3275032937526703,0.9979146718978882,0.9936226606369019,0.13532023131847382,0.20082996521190094,-1.1508883993294072,1.7320311692280501,1.9838229447210671,0.2783319788745153,0.0,0.2622515874342228,0.21195258850315782,-0.02718977904113512,-0.062251587434222766,-0.011952588503157795,0.02718977904113512,0.2,0.2,0.0,0.33828845527044593,-0.33932383488017437,False
0,484,0.20082996521190094,-1.1508883993294072,1.7320311692280501,1.9838229447210671,0.2783319788745153,0.0,0.2622515874342228,0.21195258850315782,-0.02718977904113512,0.004952628631144762,0.8499349355697632,0.43431752920150757,0.9989812970161438,0.9965329170227051,0.4168780446052551,0.20027118185582424,-1.1501228402146924,1.7323273082765382,1.9847163756313406,0.27922159393965046,0.0,0.2622515874342228,0.21195258850315782,-0.02718977904113512,-0.062251587434222766,-0.011952588503157795,0.02718977904113512,0.2,0.2,0.0,0.33828845527044593,-0.33828845527044593,False
0,485,0.20027118185582424,-1.1501228402146924,1.7323273082765382,1.9847163756313406,0.27922159393965046,0.0,0.2622515874342228,0.21195258850315782,-0.02718977904113512,-0.5699673891067505,0.9117997884750366,0.2810691297054291,0.9989217519760132,0.9939143657684326,0.040856074541807175,0.20027118185582424,-1.1501228402146924,1.7323273082765382,1.9847163756313406,0.27922159393965046,0.0,0.26243541870527337,0.2119598089516061,-0.027326836735632548,-0.062435418705273346,-0.011959808951606081,0.027326836735632548,0.2,0.2,0.0,0.3384465476375692,-0.3416083949800347,False
0,486,0.20027118185582424,-1.1501228402146924,1.7323273082765382,1.9847163756313406,0.27922159393965046,0.0,0.26243541870527337,0.2119598089516061,-0.027326836735632548,-0.8234224319458008,0.934847891330719,0.021024346351623535,0.9985959529876709,0.9938534498214722,0.024821355938911438,0.20026543654284318,-1.1491496705969704,1.7328174091656947,1.9858560978285964,0.28035843599012966,0.0,0.26262845371112997,0.2119980132235965,-0.02746360078501689,-0.06262845371112995,-0.011998013223596487,0.02746360078501689,0.2,0.2,0.0,0.3386312325783464,-0.34232493139388975,False
0,487,0.20026543654284318,-1.1491496705969704,1.7328174091656947,1.9858560978285964,0.28035843599012966,0.0,0.26262845371112997,0.2119980132235965,-0.02746360078501689,0.212281733751297,0.8714116811752319,0.3033961355686188,0.9990928173065186,0.9892308712005615,-0.018592212349176407,0.20006312681600655,-1.1487825260840585,1.7328693487565836,1.986256735044648,0.2807565111436011,0.0,0.26262845371112997,0.2119980132235965,-0.02746360078501689,-0.06262845371112995,-0.011998013223596487,0.02746360078501689,0.2,0.2,0.0,0.3386312325783464,-0.3386312325783464,False
0,488,0.20006312681600655,-1.1487825260840585,1.7328693487565836,1.986256735044648,0.2807565111436011,0.0,0.26262845371112997,0.2119980132235965,-0.02746360078501689,-0.584735631942749,0.8243781328201294,-0.3279244005680084,0.9988455176353455,0.9906451106071472,0.2226264625787735,0.20006312681600655,-1.1487825260840585,1.7328693487565836,1.986256735044648,0.2807565111436011,0.0,0.262950987537566,0.21207048501164466,-0.027739330947188612,-0.06295098753756599,-0.012070485011644642,0.027739330947188612,0.2,0.2,0.0,0.33894923357555046,-0.3453092535196321,False
0,489,0.20006312681600655,-1.1487825260840585,1.7328693487565836,1.986256735044648,0.2807565111436011,0.0,0.262950987537566,0.21207048501164466,-0.027739330947188612,-0.6396923065185547,0.8543235063552856,0.18068237602710724,0.9977307915687561,0.9817632436752319,0.22211846709251404,0.20006312681600655,-1.1487825260840585,1.7328693487565836,1.986256735044648,0.2807565111436011,0.0,0.2642301835271841,0.21171255790147672,-0.030574495825851228,-0.06423018352718407,-0.011712557901476704,0.030574495825851228,0.2,0.2,0.0,0.33996264038126384,-0.3602307764955314,False
0,490,0.20006312681600655,-1.1487825260840585,1.7328693487565836,1.986256735044648,0.2807565111436011,0.0,0.2642301835271841,0.21171255790147672,-0.030574495825851228,-0.7078600525856018,0.9140684008598328,0.22653163969516754,0.9989904761314392,0.9948711395263672,-0.1333274245262146,0.20006312681600655,-1.1487825260840585,1.7328693487565836,1.986256735044648,0.2807565111436011,0.0,0.2665154302284815,0.21174001189264627,-0.031513835600344514,-0.06651543022848151,-0.011740011892646264,0.031513835600344514,0.2,0.2,0.0,0.3418441589678199,-0.37947453069894094,False
0,491,0.20006312681600655,-1.1487825260840585,1.7328693487565836,1.986256735044648,0.2807565111436011,0.0,0.2665154302284815,0.21174001189264627,-0.031513835600344514,-0.1506975144147873,0.9370432496070862,0.3291480839252472,0.9982086420059204,0.9952909350395203,-0.14334656298160553,0.20006312681600655,-1.1487825260840585,1.7328693487565836,1.986256735044648,0.2807565111436011,0.0,0.2669877078573236,0.21174046563905358,-0.031711063929072456,-0.06698770785732361,-0.01174046563905358,0.031711063929072456,0.2,0.2,0.0,0.3422309929148214,-0.34996767185485156,False
0,492,0.20006312681600655,-1.1487825260840585,1.7328693487565836,1.986256735044648,0.2807565111436011,0.0,0.2669877078573236,0.21174046563905358,-0.031711063929072456,-0.354898065328598,0.9118775129318237,0.2590107023715973,0.9994564056396484,0.9834778308868408,-0.2593301832675934,0.20006312681600655,-1.1487825260840585,1.7328693487565836,1.986256735044648,0.2807565111436011,0.0,0.267322121099648,0.21173382857091147,-0.0318718773321342,-0.06732212109964798,-0.011733828570911455,0.0318718773321342,0.2,0.2,0.0,0.3425027695584163,-0.3479383024303143,False
0,493,0.20006312681600655,-1.1487825260840585,1.7328693487565836,1.986256735044648,0.2807565111436011,0.0,0.267322121099648,0.21173382857091147,-0.0318718773321342,-0.2234247475862503,0.9319225549697876,0.12034201622009277,0.9968342781066895,0.9903088808059692,-0.31037819385528564,0.20006312681600655,-1.1487825260840585,1.7328693487565836,1.986256735044648,0.2807565111436011,0.0,0.26738101640968687,0.21178746569417345,-0.031955138246891876,-0.06738101640968687,-0.011787465694173447,0.031955138246891876,0.2,0.2,0.0,0.3425896516560532,-0.3443272936087914,False
0,494,0.20006312681600655,-1.1487825260840585,1.7328693487565836,1.986256735044648,0.2807565111436011,0.0,0.26738101640968687,0.21178746569417345,-0.031955138246891876,-0.568737268447876,0.8693482875823975,0.25016599893569946,0.9992809891700745,0.973927915096283,-0.49788010120391846,0.1839562270515859,-1.121469881565118,1.738381518490717,2.015944833685282,0.3103221634370609,0.0,0.2673510404167916,0.21198569370085896,-0.03197891742935137,-0.06735104041679155,-0.011985693700858939,0.03197891742935137,0.2,0.2,0.0,0.34269106248300174,-0.3447192790219724,False
0,495,0.1839562270515859,-1.121469881565118,1.738381518490717,2.015944833685282,0.3103221634370609,0.0,0.2673510404167916,0.21198569370085896,-0.03197891742935137,-0.637818455696106,0.8674315810203552,0.3139705955982208,0.9994121193885803,0.9977695345878601,-0.02874189056456089,0.18387172095444904,-1.121375530877012,1.7382763276192756,2.0160670323300596,0.31043912931254064,0.0,0.2673510404167916,0.21198569370085896,-0.03197891742935137,-0.06735104041679155,-0.011985693700858939,0.03197891742935137,0.2,0.2,0.0,0.34269106248300174,-0.34269106248300174,False
0,496,0.18387172095444904,-1.121375530877012,1.7382763276192756,2.0160670323300596,0.31043912931254064,0.0,0.2673510404167916,0.21198569370085896,-0.03197891742935137,-0.7857469320297241,0.8946402072906494,0.40754035115242004,0.9967921376228333,0.9985274076461792,-0.3172156512737274,0.18387172095444904,-1.121375530877012,1.7382763276192756,2.0160670323300596,0.31043912931254064,0.0,0.2696551182013305,0.21173976185238236,-0.034677079485003204,-0.06965511820133048,-0.011739761852382343,0.034677079485003204,0.2,0.2,0.0,0.34460137748286257,-0.38280767748007916,False
0,497,0.18387172095444904,-1.121375530877012,1.7382763276192756,2.0160670323300596,0.31043912931254064,0.0,0.2696551182013305,0.21173976185238236,-0.034677079485003204,-0.8152339458465576,0.9291903972625732,0.27059173583984375,0.9962428212165833,0.9954818487167358,-0.39699235558509827,0.18387172095444904,-1.121375530877012,1.7382763276192756,2.0160670323300596,0.31043912931254064,0.0,0.2696551182013305,0.21173976185238236,-0.034677079485003204,-0.06965511820133048,-0.011739761852382343,0.034677079485003204,0.2,0.2,0.0,0.34460137748286257,-0.34460137748286257,False
0,498,0.18387172095444904,-1.121375530877012,1.7382763276192756,2.0160670323300596,0.31043912931254064,0.0,0.2696551182013305,0.21173976185238236,-0.034677079485003204,-0.7366162538528442,0.8867618441581726,0.3303596079349518,0.999652624130249,0.9957596063613892,-0.32827484607696533,0.18387172095444904,-1.121375530877012,1.7382763276192756,2.0160670323300596,0.31043912931254064,0.0,0.2696551182013305,0.21173976185238236,-0.034677079485003204,-0.06965511820133048,-0.011739761852382343,0.034677079485003204,0.2,0.2,0.0,0.34460137748286257,-0.34460137748286257,False
0,499,0.18387172095444904,-1.121375530877012,1.7382763276192756,2.0160670323300596,0.31043912931254064,0.0,0.2696551182013305,0.21173976185238236,-0.034677079485003204,-0.6366330981254578,0.8817899227142334,0.16438552737236023,0.9981718063354492,0.9983171820640564,-0.005986887030303478,0.18387172095444904,-1.121375530877012,1.7382763276192756,2.0160670323300596,0.31043912931254064,0.0,0.2696551182013305,0.21173976185238236,-0.034677079485003204,-0.06965511820133048,-0.011739761852382343,0.034677079485003204,0.2,0.2,0.0,0.34460137748286257,-0.34460137748286257,False
0,500,0.18387172095444904,-1.121375530877012,1.7382763276192756,2.0160670323300596,0.31043912931254064,0.0,0.2696551182013305,0.21173976185238236,-0.034677079485003204,-0.806393563747406,0.8849419951438904,0.2853128910064697,0.9996697306632996,0.9988473057746887,-0.39152464270591736,0.18387172095444904,-1.121375530877012,1.7382763276192756,2.0160670323300596,0.31043912931254064,0.0,0.26977071388706186,0.21171592478731752,-0.03480275531271426,-0.06977071388706188,-0.011715924787317505,0.03480275531271426,0.2,0.2,0.0,0.34468986445359945,-0.346459603868337,False
0,501,0.18387172095444904,-1.121375530877012,1.7382763276192756,2.0160670323300596,0.31043912931254064,0.0,0.26977071388706186,0.21171592478731752,-0.03480275531271426,-0.8688084483146667,0.8529416918754578,0.5274713635444641,0.9978944063186646,0.9988159537315369,-0.07087528705596924,0.18387172095444904,-1.121375530877012,1.7382763276192756,2.0160670323300596,0.31043912931254064,0.0,0.26977071388706186,0.21171592478731752,-0.03480275531271426,-0.06977071388706188,-0.011715924787317505,0.03480275531271426,0.2,0.2,0.0,0.34468986445359945,-0.34468986445359945,False
0,502,0.18387172095444904,-1.121375530877012,1.7382763276192756,2.0160670323300596,0.31043912931254064,0.0,0.26977071388706186,0.21171592478731752,-0.03480275531271426,-0.6688625812530518,0.9046790599822998,0.00443002674728632,0.9995319247245789,0.997856616973877,-0.032972123473882675,0.18387172095444904,-1.121375530877012,1.7382763276192756,2.0160670323300596,0.31043912931254064,0.0,0.26977071388706186,0.21171592478731752,-0.03480275531271426,-0.06977071388706188,-0.011715924787317505,0.03480275531271426,0.2,0.2,0.0,0.34468986445359945,-0.34468986445359945,False
0,503,0.18387172095444904,-1.121375530877012,1.7382763276192756,2.0160670323300596,0.31043912931254064,0.0,0.26977071388706186,0.21171592478731752,-0.03480275531271426,-0.716749906539917,0.8914486169815063,0.4551129639148712,0.9993442893028259,0.9991007447242737,-0.48257991671562195,0.18387172095444904,-1.121375530877012,1.7382763276192756,2.0160670323300596,0.31043912931254064,0.0,0.26986569337632615,0.21169489081624632,-0.034895665166616074,-0.06986569337632617,-0.011694890816246296,0.034895665166616074,0.2,0.2,0.0,0.34476068033725704,-0.3461769980104089,False
0,504,0.18387172095444904,-1.121375530877012,1.7382763276192756,2.0160670323300596,0.31043912931254064,0.0,0.26986569337632615,0.21169489081624632,-0.034895665166616074,-0.6187628507614136,0.9140497446060181,0.35460492968559265,0.9990907907485962,0.9983539581298828,-0.38474175333976746,0.18387172095444904,-1.121375530877012,1.7382763276192756,2.0160670323300596,0.31043912931254064,0.0,0.27002748779232977,0.21166619985135957,-0.03508696972374761,-0.07002748779232977,-0.011666199851359558,0.03508696972374761,0.2,0.2,0.0,0.34488914127201464,-0.3474583599671667,False
0,505,0.18387172095444904,-1.121375530877012,1.7382763276192756,2.0160670323300596,0.31043912931254064,0.0,0.27002748779232977,0.21166619985135957,-0.03508696972374761,-0.6829814314842224,0.9097359776496887,0.2392229586839676,0.9980953931808472,0.9980926513671875,-0.4990040957927704,0.17092725350860338,-1.1044149110955823,1.740582956734185,2.0354571533840984,0.3298250825393237,0.0,0.27002748779232977,0.21166619985135957,-0.03508696972374761,-0.07002748779232977,-0.011666199851359558,0.03508696972374761,0.2,0.2,0.0,0.34488914127201464,-0.34488914127201464,False
0,506,0.17092725350860338,-1.1044149110955823,1.740582956734185,2.0354571533840984,0.3298250825393237,0.0,0.27002748779232977,0.21166619985135957,-0.03508696972374761,-0.871127724647522,0.8842847943305969,-0.09415237605571747,0.9989765882492065,0.9989240765571594,-0.57108074426651,0.1704031129124207,-1.103767386383282,1.7405798889779949,2.036152063892155,0.33051961637552757,0.0,0.27007918469153797,0.2116624946589273,-0.0351347905790865,-0.07007918469153794,-0.011662494658927288,0.0351347905790865,0.2,0.2,0.0,0.34493221240980465,-0.3457936351656048,False
0,507,0.1704031129124207,-1.103767386383282,1.7405798889779949,2.036152063892155,0.33051961637552757,0.0,0.27007918469153797,0.2116624946589273,-0.0351347905790865,-0.7330954670906067,0.9101608991622925,-0.07968638837337494,0.999768853187561,0.999941885471344,-0.5201557278633118,0.16981091804767612,-1.1031486506136303,1.7405149408287277,2.03684837845535,0.33121592813850587,0.0,0.27014537651049364,0.21163866630888006,-0.03524347704790097,-0.07014537651049364,-0.011638666308880063,0.03524347704790097,0.2,0.2,0.0,0.34498050988631773,-0.34594645941657937,False
0,508,0.16981091804767612,-1.1031486506136303,1.7405149408287277,2.03684837845535,0.33121592813850587,0.0,0.27014537651049364,0.21163866630888006,-0.03524347704790097,-0.6414303779602051,0.8909940719604492,0.564656138420105,0.9991453886032104,0.9987246990203857,-0.40397554636001587,0.16924176134089958,-1.1024166973395448,1.7406045778095869,2.0376568832508393,0.33202443399891723,0.0,0.27024270854313653,0.2116195425093345,-0.03537586521936066,-0.07024270854313652,-0.011619542509334498,0.03537586521936066,0.2,0.2,0.0,0.3450585517453654,-0.3466193889263193,False
0,509,0.16924176134089958,-1.1024166973395448,1.7406045778095869,2.0376568832508393,0.33202443399891723,0.0,0.27024270854313653,0.2116195425093345,-0.03537586521936066,-0.823678731918335,0.9230505228042603,0.30715417861938477,0.9998313784599304,0.999782919883728,-0.39578181505203247,0.16883916479265643,-1.1018961843393102,1.7408906130458408,2.0382344489086384,0.3326018178215256,0.0,0.2703758365135472,0.21161283769185046,-0.035481334828705996,-0.07037583651354717,-0.01161283769185045,0.035481334828705996,0.2,0.2,0.0,0.34516953974478193,-0.34738929973311194,False
0,510,0.16883916479265643,-1.1018961843393102,1.7408906130458408,2.0382344489086384,0.3326018178215256,0.0,0.2703758365135472,0.21161283769185046,-0.035481334828705996,-0.9479038119316101,0.9378607273101807,0.028795236721634865,0.9988659620285034,0.9995079040527344,-0.5435291528701782,0.16883916479265643,-1.1018961843393102,1.7408906130458408,2.0382344489086384,0.3326018178215256,0.0,0.2739581095919873,0.21038595214951455,-0.04049830097838906,-0.07395810959198726,-0.010385952149514533,0.04049830097838906,0.2,0.2,0.0,0.3477864388604152,-0.40012442117308095,False
0,511,0.16883916479265643,-1.1018961843393102,1.7408906130458408,2.0382344489086384,0.3326018178215256,0.0,0.2739581095919873,0.21038595214951455,-0.04049830097838906,-0.9206550717353821,0.8764024972915649,0.6070091724395752,0.9995760917663574,0.9962453246116638,-0.4848286211490631,0.16883916479265643,-1.1018961843393102,1.7408906130458408,2.0382344489086384,0.3326018178215256,0.0,0.2739592517763234,0.21038550341342072,-0.040500001272925246,-0.07395925177632337,-0.010385503413420693,0.040500001272925246,0.2,0.2,0.0,0.34778726512549074,-0.34780379042700127,False
0,512,0.16883916479265643,-1.1018961843393102,1.7408906130458408,2.0382344489086384,0.3326018178215256,0.0,0.2739592517763234,0.21038550341342072,-0.040500001272925246,-0.7926154136657715,0.8951440453529358,0.42013829946517944,0.9992053508758545,0.9964805841445923,-0.4218606650829315,0.14058444470476375,-1.07393595802778,1.7418060354234706,2.0680201301784686,0.36240620139030716,0.0,0.27396033794459157,0.2103850766456592,-0.04050161825440052,-0.07396033794459156,-0.010385076645659195,0.04050161825440052,0.2,0.2,0.0,0.3477880508630794,-0.3478037656148526,False
0,513,0.14058444470476375,-1.07393595802778,1.7418060354234706,2.0680201301784686,0.36240620139030716,0.0,0.27396033794459157,0.2103850766456592,-0.04050161825440052,-0.9487436413764954,0.9726396799087524,-0.5537171363830566,0.9997506737709045,0.9973131418228149,-0.533372163772583,0.1404016940839322,-1.0737144856478942,1.7417879012476207,2.0682607315862698,0.3626452396988383,0.0,0.27398452586812955,0.21039190105741357,-0.04049837829529995,-0.07398452586812952,-0.010391901057413565,0.04049837829529995,0.2,0.2,0.0,0.34781085533704303,-0.3482669448163157,False
0,514,0.1404016940839322,-1.0737144856478942,1.7417879012476207,2.0682607315862698,0.3626452396988383,0.0,0.27398452586812955,0.21039190105741357,-0.04049837829529995,-0.9428355693817139,0.9711145162582397,-0.4361892640590668,0.9987107515335083,0.9999343156814575,-0.6467803716659546,0.13973337957976648,-1.0730288710840064,1.7414234978640053,2.0689653491749067,0.36334903060784673,0.0,0.2740117608438745,0.21034475977886358,-0.04064993883020476,-0.07401176084387452,-0.010344759778863557,0.04064993883020476,0.2,0.2,0.0,0.34782147802297647,-0.3480339317416452,False
0,515,0.13973337957976648,-1.0730288710840064,1.7414234978640053,2.0689653491749067,0.36334903060784673,0.0,0.2740117608438745,0.21034475977886358,-0.04064993883020476,-0.6817253232002258,0.9577472805976868,-0.2066172957420349,0.9996998906135559,0.9999823570251465,-0.736818790435791,0.13848824283934533,-1.0717462591352218,1.7408500508620905,2.0702844317485596,0.36466980875785654,0.0,0.2740671259434093,0.21028199282451657,-0.04085887614468962,-0.07406712594340928,-0.010281992824516563,0.04085887614468962,0.2,0.2,0.0,0.3478516261122516,-0.34845458789775463,False
0,516,0.13848824283934533,-1.0717462591352218,1.7408500508620905,2.0702844317485596,0.36466980875785654,0.0,0.2740671259434093,0.21028199282451657,-0.04085887614468962,-0.9910306930541992,0.9568617939949036,-0.5114767551422119,0.9999468922615051,0.999580979347229,-0.853481650352478,0.13820101113034833,-1.07141745846016,1.740726997469331,2.0706280182120747,0.3650133643683461,0.0,0.27410014001036026,0.21025065568080661,-0.04097162833915971,-0.07410014001036024,-0.010250655680806606,0.04097162833915971,0.2,0.2,0.0,0.3478719581924798,-0.3482785997970432,False
0,517,0.13820101113034833,-1.07141745846016,1.740726997469331,2.0706280182120747,0.3650133643683461,0.0,0.27410014001036026,0.21025065568080661,-0.04097162833915971,-0.9868263602256775,0.9747424721717834,-0.5811479687690735,0.9995483756065369,0.9999133944511414,-0.5670804381370544,0.13762071805771797,-1.0708544544201126,1.7404142321619616,2.0712129495663216,0.3655982109041088,0.0,0.27410014001036026,0.21025065568080661,-0.04097162833915971,-0.07410014001036024,-0.010250655680806606,0.04097162833915971,0.2,0.2,0.0,0.3478719581924798,-0.3478719581924798,False
0,518,0.13762071805771797,-1.0708544544201126,1.7404142321619616,2.0712129495663216,0.3655982109041088,0.0,0.27410014001036026,0.21025065568080661,-0.04097162833915971,-0.9819836616516113,0.978968620300293,-0.4394875764846802,0.9999195337295532,0.9997181296348572,-0.7273893356323242,0.13716106964707328,-1.0703976721058086,1.7401846205295597,2.0716801162050973,0.3660653819232401,0.0,0.27412399240405005,0.21020513371724614,-0.04111044723282799,-0.07412399240405003,-0.010205133717246136,0.04111044723282799,0.2,0.2,0.0,0.3478796204498104,-0.3480328655964228,False
0,519,0.13716106964707328,-1.0703976721058086,1.7401846205295597,2.0716801162050973,0.3660653819232401,0.0,0.27412399240405005,0.21020513371724614,-0.04111044723282799,-0.9679906368255615,0.9796269536018372,-0.2490597516298294,0.9999753832817078,0.9999094009399414,-0.5006776452064514,0.13716106964707328,-1.0703976721058086,1.7401846205295597,2.0716801162050973,0.3660653819232401,0.0,0.2743996739735377,0.20988755155902292,-0.04212324454542868,-0.0743996739735377,-0.009887551559022911,0.04212324454542868,0.2,0.2,0.0,0.34802633967454144,-0.350960724169162,False
0,520,0.13716106964707328,-1.0703976721058086,1.7401846205295597,2.0716801162050973,0.3660653819232401,0.0,0.2743996739735377,0.20988755155902292,-0.04212324454542868,-0.8807476162910461,0.9370613098144531,-0.17469973862171173,0.9996986985206604,0.9995794892311096,-0.5851144790649414,0.13716106964707328,-1.0703976721058086,1.7401846205295597,2.0716801162050973,0.3660653819232401,0.0,0.27638758500022653,0.20876151913852997,-0.046358456733592734,-0.07638758500022651,-0.008761519138529971,0.046358456733592734,0.2,0.2,0.0,0.34945754466888346,-0.3780816445557238,False
0,521,0.13716106964707328,-1.0703976721058086,1.7401846205295597,2.0716801162050973,0.3660653819232401,0.0,0.27638758500022653,0.20876151913852997,-0.046358456733592734,-0.9917799830436707,0.9682644009590149,-0.7497239708900452,0.9997531175613403,0.99998539686203,-0.7968443632125854,0.13716106964707328,-1.0703976721058086,1.7401846205295597,2.0716801162050973,0.3660653819232401,0.0,0.27634438500667313,0.20874976651153765,-0.046372027042752464,-0.07634438500667315,-0.00874976651153765,0.046372027042752464,0.2,0.2,0.0,0.349418157850149,-0.34863042147546014,False
0,522,0.13716106964707328,-1.0703976721058086,1.7401846205295597,2.0716801162050973,0.3660653819232401,0.0,0.27634438500667313,0.20874976651153765,-0.046372027042752464,-0.9837136268615723,0.9680581092834473,-0.6732175946235657,0.9997111558914185,0.9999552369117737,-0.7103935480117798,0.13716106964707328,-1.0703976721058086,1.7401846205295597,2.0716801162050973,0.3660653819232401,0.0,0.2753055354998681,0.2085239924856692,-0.04653474369943863,-0.07530553549986807,-0.00852399248566918,0.04653474369943863,0.2,0.2,0.0,0.34848368066554425,-0.32979413697344895,False
0,523,0.13716106964707328,-1.0703976721058086,1.7401846205295597,2.0716801162050973,0.3660653819232401,0.0,0.2753055354998681,0.2085239924856692,-0.04653474369943863,-0.9867143630981445,0.9564993381500244,-0.33759671449661255,0.999920666217804,0.9999962449073792,-0.6540223360061646,0.13716106964707328,-1.0703976721058086,1.7401846205295597,2.0716801162050973,0.3660653819232401,0.0,0.2753055354998681,0.2085239924856692,-0.04653474369943863,-0.07530553549986807,-0.00852399248566918,0.04653474369943863,0.2,0.2,0.0,0.34848368066554425,-0.34848368066554425,False
0,524,0.13716106964707328,-1.0703976721058086,1.7401846205295597,2.0716801162050973,0.3660653819232401,0.0,0.2753055354998681,0.2085239924856692,-0.04653474369943863,-0.9770265817642212,0.9644101858139038,-0.7309994697570801,0.9998483657836914,0.9999387264251709,-0.7280643582344055,0.13716106964707328,-1.0703976721058086,1.7401846205295597,2.0716801162050973,0.3660653819232401,0.0,0.27559476145998973,0.2084762914911639,-0.04655597579025273,-0.07559476145998971,-0.008476291491163874,0.04655597579025273,0.2,0.2,0.0,0.348686529048485,-0.3527434967073004,False
0,525,0.13716106964707328,-1.0703976721058086,1.7401846205295597,2.0716801162050973,0.3660653819232401,0.0,0.27559476145998973,0.2084762914911639,-0.04655597579025273,-0.9614959359169006,0.9562210440635681,-0.6826884746551514,0.999866783618927,0.9999767541885376,-0.6937416791915894,0.13716106964707328,-1.0703976721058086,1.7401846205295597,2.0716801162050973,0.3660653819232401,0.0,0.27527201910748983,0.20842901303065825,-0.04659635275549236,-0.07527201910748983,-0.008429013030658237,0.04659635275549236,0.2,0.2,0.0,0.3484086079111175,-0.3428501851637671,False
0,526,0.13716106964707328,-1.0703976721058086,1.7401846205295597,2.0716801162050973,0.3660653819232401,0.0,0.27527201910748983,0.20842901303065825,-0.04659635275549236,-0.9577374458312988,0.9153603911399841,-0.7013884782791138,0.9999905824661255,0.9999871253967285,-0.46920543909072876,0.10803815338270488,-1.0417244066466003,1.7258161674038945,2.1016107165606694,0.39599825058176896,0.0,0.2751872277852047,0.2084194489309107,-0.04660535474313185,-0.07518722778520469,-0.008419448930910664,0.04660535474313185,0.2,0.2,0.0,0.34833710126758505,-0.3469069683969361,False
0,527,0.10803815338270488,-1.0417244066466003,1.7258161674038945,2.1016107165606694,0.39599825058176896,0.0,0.2751872277852047,0.2084194489309107,-0.04660535474313185,-0.9961093068122864,0.9842281341552734,-0.5751737356185913,0.9997013807296753,0.9999973177909851,-0.8247735500335693,0.10803815338270488,-1.0417244066466003,1.7258161674038945,2.1016107165606694,0.39599825058176896,0.0,0.27515485925275496,0.2083782851303046,-0.046715807308169446,-0.07515485925275495,-0.008378285130304594,0.046715807308169446,0.2,0.2,0.0,0.3483016981536322,-0.3475936358745755,False
0,528,0.10803815338270488,-1.0417244066466003,1.7258161674038945,2.1016107165606694,0.39599825058176896,0.0,0.27515485925275496,0.2083782851303046,-0.046715807308169446,-0.9807737469673157,0.9837712645530701,-0.7368050813674927,0.9945105910301208,0.9996490478515625,-0.8340091705322266,0.10803815338270488,-1.0417244066466003,1.7258161674038945,2.1016107165606694,0.39599825058176896,0.0,0.27540769383586294,0.20738798542641465,-0.0495987136283816,-0.07540769383586295,-0.007387985426414636,0.0495987136283816,0.2,0.2,0.0,0.3483090678073216,-0.34845646088110993,False
0,529,0.10803815338270488,-1.0417244066466003,1.7258161674038945,2.1016107165606694,0.39599825058176896,0.0,0.27540769383586294,0.20738798542641465,-0.0495987136283816,-0.9765049815177917,0.9548203349113464,-0.8642945289611816,0.9950368404388428,0.9995731115341187,-0.8348456621170044,0.10803815338270488,-1.0417244066466003,1.7258161674038945,2.1016107165606694,0.39599825058176896,0.0,0.27540769383586294,0.20738798542641465,-0.0495987136283816,-0.07540769383586295,-0.007387985426414636,0.0495987136283816,0.2,0.2,0.0,0.3483090678073216,-0.3483090678073216,False
0,530,0.10803815338270488,-1.0417244066466003,1.7258161674038945,2.1016107165606694,0.39599825058176896,0.0,0.27540769383586294,0.20738798542641465,-0.0495987136283816,-0.9803861975669861,0.9860507845878601,-0.7772095203399658,0.9999850988388062,0.9999997615814209,-0.933048665523529,0.10803815338270488,-1.0417244066466003,1.7258161674038945,2.1016107165606694,0.39599825058176896,0.0,0.27471453558725323,0.2064686437839953,-0.05220501450881917,-0.07471453558725324,-0.006468643783995283,0.05220501450881917,0.2,0.2,0.0,0.3475956565735374,-0.3333274318978532,False
0,531,0.10803815338270488,-1.0417244066466003,1.7258161674038945,2.1016107165606694,0.39599825058176896,0.0,0.27471453558725323,0.2064686437839953,-0.05220501450881917,-0.9818782806396484,0.9256541728973389,-0.7933931350708008,0.9986001253128052,0.9999951720237732,-0.898716151714325,0.10803815338270488,-1.0417244066466003,1.7258161674038945,2.1016107165606694,0.39599825058176896,0.0,0.2747133217569033,0.2064642252278335,-0.05221838690840312,-0.07471332175690328,-0.006464225227833496,0.05221838690840312,0.2,0.2,0.0,0.34759408133763886,-0.3475625766196678,False
0,532,0.10803815338270488,-1.0417244066466003,1.7258161674038945,2.1016107165606694,0.39599825058176896,0.0,0.2747133217569033,0.2064642252278335,-0.05221838690840312,-0.9952373504638672,0.982512354850769,-0.9041355848312378,0.9999668598175049,0.9999979138374329,-0.8524121642112732,0.10803815338270488,-1.0417244066466003,1.7258161674038945,2.1016107165606694,0.39599825058176896,0.0,0.27471298531714505,0.20646300156839373,-0.052222090226200876,-0.07471298531714507,-0.00646300156839373,0.052222090226200876,0.2,0.2,0.0,0.34759364497367035,-0.34758491769430006,False
0,533,0.10803815338270488,-1.0417244066466003,1.7258161674038945,2.1016107165606694,0.39599825058176896,0.0,0.27471298531714505,0.20646300156839373,-0.052222090226200876,-0.9734004139900208,0.9652103781700134,-0.713895320892334,0.9981379508972168,0.9999845027923584,-0.8867878913879395,0.10803815338270488,-1.0417244066466003,1.7258161674038945,2.1016107165606694,0.39599825058176896,0.0,0.27471281999631847,0.20646240044794653,-0.052223909476229444,-0.07471281999631843,-0.006462400447946527,0.052223909476229444,0.2,0.2,0.0,0.3475934305910273,-0.3475891429381668,False
0,534,0.10803815338270488,-1.0417244066466003,1.7258161674038945,2.1016107165606694,0.39599825058176896,0.0,0.27471281999631847,0.20646240044794653,-0.052223909476229444,-0.9850271940231323,0.9899401068687439,-0.6302095651626587,0.9991310834884644,0.9999959468841553,-0.7604219913482666,0.10803815338270488,-1.0417244066466003,1.7258161674038945,2.1016107165606694,0.39599825058176896,0.0,0.2747118078663705,0.20646191556287996,-0.052224419830289456,-0.07471180786637051,-0.006461915562879938,0.052224419830289456,0.2,0.2,0.0,0.3475924193444296,-0.34757219441247483,False
0,535,0.10803815338270488,-1.0417244066466003,1.7258161674038945,2.1016107165606694,0.39599825058176896,0.0,0.2747118078663705,0.20646191556287996,-0.052224419830289456,-0.9742052555084229,0.9452109932899475,-0.9313992857933044,0.9999522566795349,0.9999486804008484,-0.7659205198287964,0.07852529959659914,-1.0126530855604534,1.7015864019128466,2.131596270829962,0.4259954740415986,0.0,0.27456378437192025,0.20644327201294083,-0.05220203370799506,-0.07456378437192022,-0.006443272012940825,0.05220203370799506,0.2,0.2,0.0,0.34746100295038873,-0.3448326750695717,False
0,536,0.07852529959659914,-1.0126530855604534,1.7015864019128466,2.131596270829962,0.4259954740415986,0.0,0.27456378437192025,0.20644327201294083,-0.05220203370799506,-0.997787594795227,0.989328145980835,-0.9415397644042969,0.9996728897094727,1.0,-0.9103898406028748,0.0784732350096787,-1.0126060379358395,1.7014233452889356,2.13165614663539,0.4260556734169846,0.0,0.2745516589153265,0.20644285263704076,-0.05220175699880322,-0.07455165891532649,-0.006442852637040758,0.05220175699880322,0.2,0.2,0.0,0.34745113073904194,-0.34725368651210603,False
0,537,0.0784732350096787,-1.0126060379358395,1.7014233452889356,2.13165614663539,0.4260556734169846,0.0,0.2745516589153265,0.20644285263704076,-0.05220175699880322,-0.9975090026855469,0.9927375316619873,-0.8264092206954956,0.9999873042106628,0.9999926090240479,-0.8683054447174072,0.077883317548854,-1.012020769234111,1.7008760533062235,2.1322470429470917,0.4266467397875374,0.0,0.27452113072595424,0.20640242212869345,-0.052313795881486366,-0.07452113072595425,-0.006402422128693448,0.052313795881486366,0.2,0.2,0.0,0.34741983868970067,-0.3467939977028753,False
0,538,0.077883317548854,-1.012020769234111,1.7008760533062235,2.1322470429470917,0.4266467397875374,0.0,0.27452113072595424,0.20640242212869345,-0.052313795881486366,-0.9969669580459595,0.9779775142669678,-0.8436439633369446,0.7949815988540649,0.9988257884979248,-0.961117684841156,0.07741934016931024,-1.011561536439068,1.7004893172584659,2.132675499329324,0.42711176496670267,0.0,0.2745053603074381,0.2063676366917727,-0.052407487042843925,-0.0745053603074381,-0.006367636691772668,0.052407487042843925,0.2,0.2,0.0,0.3474008333458769,-0.34702072646940163,False
0,539,0.07741934016931024,-1.011561536439068,1.7004893172584659,2.132675499329324,0.42711176496670267,0.0,0.2745053603074381,0.2063676366917727,-0.052407487042843925,-0.9982088208198547,0.9872441291809082,-0.8448402285575867,0.9999306201934814,0.8508588075637817,-0.9369134902954102,0.07683756127492061,-1.0109894655263392,1.6999968824788116,2.1331749911834104,0.4276654125781589,0.0,0.2745053603074381,0.2063676366917727,-0.052407487042843925,-0.0745053603074381,-0.006367636691772668,0.052407487042843925,0.2,0.2,0.0,0.3474008333458769,-0.3474008333458769,False
0,540,0.07683756127492061,-1.0109894655263392,1.6999968824788116,2.1331749911834104,0.4276654125781589,0.0,0.2745053603074381,0.2063676366917727,-0.052407487042843925,-0.9958703517913818,0.9685929417610168,-0.8970462083816528,0.995405912399292,0.9999960660934448,-0.927432119846344,0.07683756127492061,-1.0109894655263392,1.6999968824788116,2.1331749911834104,0.4276654125781589,0.0,0.27323414224695286,0.20437376929966827,-0.05800623106954135,-0.07323414224695285,-0.00437376929966825,0.05800623106954135,0.2,0.2,0.0,0.3461072910385956,-0.32023644489296976,False
0,541,0.07683756127492061,-1.0109894655263392,1.6999968824788116,2.1331749911834104,0.4276654125781589,0.0,0.27323414224695286,0.20437376929966827,-0.05800623106954135,-0.9965327978134155,0.988882839679718,-0.8367161750793457,0.9995615482330322,0.9999958276748657,-0.9310775399208069,0.07683756127492061,-1.0109894655263392,1.6999968824788116,2.1331749911834104,0.4276654125781589,0.0,0.27323414224695286,0.20437376929966827,-0.05800623106954135,-0.07323414224695285,-0.00437376929966825,0.05800623106954135,0.2,0.2,0.0,0.3461072910385956,-0.3461072910385956,False
0,542,0.07683756127492061,-1.0109894655263392,1.6999968824788116,2.1331749911834104,0.4276654125781589,0.0,0.27323414224695286,0.20437376929966827,-0.05800623106954135,-0.9988663792610168,0.9929758906364441,-0.9830607771873474,0.9955592155456543,0.999975323677063,-0.9327378869056702,0.04732296746263735,-0.9822794660950523,1.6734050281989903,2.1626756937430702,0.45730108081547166,0.0,0.2732339661771796,0.20437277514778984,-0.058009205704031126,-0.07323396617717957,-0.004372775147789821,0.058009205704031126,0.2,0.2,0.0,0.3461070635524993,-0.34610251383057344,False
0,543,0.04732296746263735,-0.9822794660950523,1.6734050281989903,2.1626756937430702,0.45730108081547166,0.0,0.2732339661771796,0.20437277514778984,-0.058009205704031126,-0.9996541142463684,0.9689929485321045,-0.9112975597381592,0.9996976256370544,0.9999744296073914,-0.9714312553405762,0.047018981442070965,-0.9819772852983847,1.673098690987894,2.1629786399938564,0.45760408251528545,0.0,0.27321425966228663,0.204352615176252,-0.05806677931030635,-0.07321425966228663,-0.004352615176251987,0.05806677931030635,0.2,0.2,0.0,0.3460892570879029,-0.34573312779597437,False
0,544,0.047018981442070965,-0.9819772852983847,1.673098690987894,2.1629786399938564,0.45760408251528545,0.0,0.27321425966228663,0.204352615176252,-0.05806677931030635,-0.9985946416854858,0.9872939586639404,-0.9182071685791016,0.9999658465385437,0.9999999403953552,-0.9676403403282166,0.047018981442070965,-0.9819772852983847,1.673098690987894,2.1629786399938564,0.45760408251528545,0.0,0.27310633783493776,0.20420737749440948,-0.05848162088767791,-0.07310633783493775,-0.004207377494409479,0.05848162088767791,0.2,0.2,0.0,0.3459881858827054,-0.34396676177875585,False
0,545,0.047018981442070965,-0.9819772852983847,1.673098690987894,2.1629786399938564,0.45760408251528545,0.0,0.27310633783493776,0.20420737749440948,-0.05848162088767791,-0.999607503414154,0.9967131614685059,-0.9438260793685913,0.9999046921730042,0.9999341368675232,-0.9704647064208984,0.047018981442070965,-0.9819772852983847,1.673098690987894,2.1629786399938564,0.45760408251528545,0.0,0.2726863602598967,0.203666552883907,-0.060046237328477775,-0.07268636025989669,-0.0036665528839069875,0.060046237328477775,0.2,0.2,0.0,0.3456059409974188,-0.33796104329168686,False
0,546,0.047018981442070965,-0.9819772852983847,1.673098690987894,2.1629786399938564,0.45760408251528545,0.0,0.2726863602598967,0.203666552883907,-0.060046237328477775,-0.9990999102592468,0.9914653897285461,-0.9638596773147583,0.9953352808952332,0.9999998807907104,-0.9850625395774841,0.035316940231327344,-0.9704301765525455,1.6623425544011083,2.1746946478615325,0.46932106789151,0.0,0.2726376195003653,0.20360575724557575,-0.06022308701879707,-0.0726376195003653,-0.003605757245575733,0.06022308701879707,0.2,0.2,0.0,0.34556243453310126,-0.34469230524675015,False
0,547,0.035316940231327344,-0.9704301765525455,1.6623425544011083,2.1746946478615325,0.46932106789151,0.0,0.2726376195003653,0.20360575724557575,-0.06022308701879707,-0.9996523261070251,0.9916510581970215,-0.9539598226547241,0.9541292786598206,1.0,-0.9831141233444214,0.034900056011986924,-0.9700159312573172,1.6619376436900832,2.175099418996547,0.4697381533689743,0.0,0.2726181474803746,0.20358487240953904,-0.060283715517875716,-0.07261814748037458,-0.003584872409539029,0.060283715517875716,0.2,0.2,0.0,0.3455453385104185,-0.34520341805676374,False
0,548,0.034900056011986924,-0.9700159312573172,1.6619376436900832,2.175099418996547,0.4697381533689743,0.0,0.2726181474803746,0.20358487240953904,-0.060283715517875716,-0.9997653365135193,0.9922347068786621,-0.8258640766143799,0.9999971985816956,0.9999922513961792,-0.9595892429351807,0.034027139157893335,-0.9691499355088609,1.6611278173614208,2.1759406080006016,0.4706113506428624,0.0,0.2725639799722666,0.20352467258390322,-0.06045376522771782,-0.07256397997226662,-0.0035246725839032118,0.06045376522771782,0.2,0.2,0.0,0.34549684985382306,-0.3445270767219139,False
0,549,0.034027139157893335,-0.9691499355088609,1.6611278173614208,2.1759406080006016,0.4706113506428624,0.0,0.2725639799722666,0.20352467258390322,-0.06045376522771782,-0.9996708035469055,0.9809985756874084,-0.9481747150421143,0.9997184872627258,0.9997032284736633,-0.9847611784934998,0.033450239539999795,-0.9685793746671282,1.660630742118738,2.1765181241724942,0.4711883449826546,0.0,0.27253857856099317,0.2034845594342377,-0.06057109424704525,-0.07253857856099313,-0.0034845594342377056,0.06057109424704525,0.2,0.2,0.0,0.34547373299641304,-0.3450113958482126,False
0,550,0.033450239539999795,-0.9685793746671282,1.660630742118738,2.1765181241724942,0.4711883449826546,0.0,0.27253857856099317,0.2034845594342377,-0.06057109424704525,-0.9992119073867798,0.9849475622177124,-0.9399968385696411,0.9932860732078552,1.0,-0.9891400933265686,0.033450239539999795,-0.9685793746671282,1.660630742118738,2.1765181241724942,0.4711883449826546,0.0,0.27076498603129984,0.20161601380093608,-0.06610390159819426,-0.07076498603129984,-0.0016160138009360691,0.06610390159819426,0.2,0.2,0.0,0.34399479718160414,-0.3144160808854261,False
0,551,0.033450239539999795,-0.9685793746671282,1.660630742118738,2.1765181241724942,0.4711883449826546,0.0,0.27076498603129984,0.20161601380093608,-0.06610390159819426,-0.9993038773536682,0.9912741184234619,-0.9461881518363953,0.9999440908432007,0.9999999403953552,-0.9708606004714966,0.0035642597000440663,-0.9391196699787778,1.6325154725257047,2.20622727200648,0.5010978888863097,0.0,0.27076438311327194,0.2016154344190445,-0.0661056583375021,-0.07076438311327195,-0.0016154344190444916,0.0661056583375021,0.2,0.2,0.0,0.34399432062597385,-0.34398478951336803,False
0,552,0.0035642597000440663,-0.9391196699787778,1.6325154725257047,2.20622727200648,0.5010978888863097,0.0,0.27076438311327194,0.2016154344190445,-0.0661056583375021,-0.9876024723052979,0.9593539834022522,-0.921007513999939,0.9999914169311523,0.9987961649894714,-0.9882345199584961,0.003561694366132408,-0.9391119771165378,1.6325080044118285,2.2062352595232744,0.5011003800309982,0.0,0.2707638342731259,0.2016152670540787,-0.0661072150414362,-0.07076383427312585,-0.0016152670540786971,0.0661072150414362,0.2,0.2,0.0,0.3439940896877546,-0.3439894709233692,False
0,553,0.003561694366132408,-0.9391119771165378,1.6325080044118285,2.2062352595232744,0.5011003800309982,0.0,0.2707638342731259,0.2016152670540787,-0.0661072150414362,-0.9992972612380981,0.9797797799110413,-0.9147307872772217,0.964835524559021,0.9998820424079895,-0.9706225395202637,0.0031496554227642757,-0.9387101600466476,1.632126893392178,2.2066439710218053,0.5015151633258511,0.0,0.2707638342731259,0.2016152670540787,-0.0661072150414362,-0.07076383427312585,-0.0016152670540786971,0.0661072150414362,0.2,0.2,0.0,0.3439940896877546,-0.3439940896877546,False
0,554,0.0031496554227642757,-0.9387101600466476,1.632126893392178,2.2066439710218053,0.5015151633258511,0.0,0.2707638342731259,0.2016152670540787,-0.0661072150414362,-0.9997440576553345,0.9109916090965271,-0.8627066016197205,0.992596447467804,1.0,-0.9888324737548828,-0.00606989179285486,-0.9302893063794572,1.6241561820781854,2.215789679454766,0.5107349025914694,0.0,0.27066218131597686,0.2015094898586207,-0.06642170491490787,-0.07066218131597683,-0.0015094898586206773,0.06642170491490787,0.2,0.2,0.0,0.3439126833683332,-0.3422845569799055,False
0,555,-0.00606989179285486,-0.9302893063794572,1.6241561820781854,2.215789679454766,0.5107349025914694,0.0,0.27066218131597686,0.2015094898586207,-0.06642170491490787,-0.9997522234916687,0.9529356360435486,-0.8718023300170898,0.9999882578849792,0.9999995827674866,-0.9800994992256165,-0.00606989179285486,-0.9302893063794572,1.6241561820781854,2.215789679454766,0.5107349025914694,0.0,0.26971568934849627,0.20053271962822722,-0.06934793491363461,-0.06971568934849626,-0.0005327196282271951,0.06934793491363461,0.2,0.2,0.0,0.34317497111388157,-0.328420726024849,False
0,556,-0.00606989179285486,-0.9302893063794572,1.6241561820781854,2.215789679454766,0.5107349025914694,0.0,0.26971568934849627,0.20053271962822722,-0.06934793491363461,-0.9995089173316956,0.9402493238449097,-0.90888512134552,0.9999977946281433,0.9977194666862488,-0.9849772453308105,-0.00606989179285486,-0.9302893063794572,1.6241561820781854,2.215789679454766,0.5107349025914694,0.0,0.2693833420633225,0.20021219442485477,-0.07032639518231006,-0.06938334206332247,-0.00021219442485475128,0.07032639518231006,0.2,0.2,0.0,0.34292580777328396,-0.3379425409613319,False
0,557,-0.00606989179285486,-0.9302893063794572,1.6241561820781854,2.215789679454766,0.5107349025914694,0.0,0.2693833420633225,0.20021219442485477,-0.07032639518231006,-0.9995075464248657,0.9486015439033508,-0.9053695797920227,0.9999957084655762,0.9999814033508301,-0.963835597038269,-0.00606989179285486,-0.9302893063794572,1.6241561820781854,2.215789679454766,0.5107349025914694,0.0,0.2689254407124674,0.19978842020628476,-0.07168545270561726,-0.06892544071246734,0.0002115797937152495,0.07168545270561726,0.2,0.2,0.0,0.34260051027476174,-0.3360945603043172,False
0,558,-0.00606989179285486,-0.9302893063794572,1.6241561820781854,2.215789679454766,0.5107349025914694,0.0,0.2689254407124674,0.19978842020628476,-0.07168545270561726,-0.9999416470527649,0.9601323008537292,-0.9195230603218079,0.8704515695571899,1.0,-0.9750893712043762,-0.028596611154739833,-0.9090952689534578,1.6045449929337823,2.238290289203135,0.5332821447382374,0.0,0.2688586624735093,0.19973053093831455,-0.07187184354720097,-0.06885866247350929,0.0002694690616854529,0.07187184354720097,0.2,0.2,0.0,0.3425533933138289,-0.34161105409517195,False
0,559,-0.028596611154739833,-0.9090952689534578,1.6045449929337823,2.238290289203135,0.5332821447382374,0.0,0.2688586624735093,0.19973053093831455,-0.07187184354720097,-0.9995728135108948,0.8670128583908081,-0.8591762781143188,0.9999837875366211,0.9999998211860657,-0.9848402738571167,-0.028744856005205256,-0.9089533312710428,1.6043992153094433,2.238392723128082,0.5334299563351461,0.0,0.2688586624735093,0.19973053093831455,-0.07187184354720097,-0.06885866247350929,0.0002694690616854529,0.07187184354720097,0.2,0.2,0.0,0.3425533933138289,-0.3425533933138289,False
0,560,-0.028744856005205256,-0.9089533312710428,1.6043992153094433,2.238392723128082,0.5334299563351461,0.0,0.2688586624735093,0.19973053093831455,-0.07187184354720097,-0.9998704195022583,0.9128240346908569,-0.8662651777267456,1.0,1.0,-0.9691726565361023,-0.028744856005205256,-0.9089533312710428,1.6043992153094433,2.238392723128082,0.5334299563351461,0.0,0.26823579868652025,0.19919234167816494,-0.07356838519252318,-0.06823579868652024,0.0008076583218350657,0.07356838519252318,0.2,0.2,0.0,0.3421115899528423,-0.33327552273311045,False
0,561,-0.028744856005205256,-0.9089533312710428,1.6043992153094433,2.238392723128082,0.5334299563351461,0.0,0.26823579868652025,0.19919234167816494,-0.07356838519252318,-0.9999676942825317,0.8547083139419556,-0.8488589525222778,-0.5155288577079773,0.9997193813323975,-0.9903071522712708,-0.03841730921022014,-0.9001686471665256,1.5960266868899762,2.2480683052875534,0.5431037362943667,0.0,0.26804184634076417,0.19905088233129203,-0.07389499114639955,-0.06804184634076417,0.0009491176687079811,0.07389499114639955,0.2,0.2,0.0,0.34194759081350196,-0.3386676080266951,False
0,562,-0.03841730921022014,-0.9001686471665256,1.5960266868899762,2.2480683052875534,0.5431037362943667,0.0,0.26804184634076417,0.19905088233129203,-0.07389499114639955,-0.9998485445976257,0.7891764640808105,-0.779374361038208,0.9998370409011841,1.0,-0.9770827293395996,-0.03841730921022014,-0.9001686471665256,1.5960266868899762,2.2480683052875534,0.5431037362943667,0.0,0.2675573070396834,0.19884260218309538,-0.07340953829212624,-0.0675573070396834,0.0011573978169046335,0.07340953829212624,0.2,0.2,0.0,0.34134184230113845,-0.3292268720538684,False
0,563,-0.03841730921022014,-0.9001686471665256,1.5960266868899762,2.2480683052875534,0.5431037362943667,0.0,0.2675573070396834,0.19884260218309538,-0.07340953829212624,-0.9997746348381042,0.8162087798118591,-0.8466141819953918,0.9999445676803589,0.9999997019767761,-0.9878776669502258,-0.046992684821071114,-0.8930548108993952,1.5889535191191408,2.246733810799403,0.5516777926188535,0.0,0.2673930497455219,0.19864565879748286,-0.07420788893343824,-0.0673930497455219,0.0013543412025171623,0.07420788893343824,0.2,0.2,0.0,0.34127108226636294,-0.33985588157085256,False
0,564,-0.046992684821071114,-0.8930548108993952,1.5889535191191408,2.246733810799403,0.5516777926188535,0.0,0.2673930497455219,0.19864565879748286,-0.07420788893343824,-0.9999716877937317,0.7838101983070374,-0.8010169267654419,0.05091171711683273,0.9999999403953552,-0.9649803638458252,-0.04887048446840664,-0.8915486129854373,1.5874334161777974,2.249369275365905,0.5535959164547916,0.0,0.2673930497455219,0.19864565879748286,-0.07420788893343824,-0.0673930497455219,0.0013543412025171623,0.07420788893343824,0.2,0.2,0.0,0.34127108226636294,-0.34127108226636294,False
0,565,-0.04887048446840664,-0.8915486129854373,1.5874334161777974,2.249369275365905,0.5535959164547916,0.0,0.2673930497455219,0.19864565879748286,-0.07420788893343824,-0.9999239444732666,0.7913684844970703,-0.8011425733566284,0.9999998807907104,0.9999903440475464,-0.9800981283187866,-0.04887048446840664,-0.8915486129854373,1.5874334161777974,2.249369275365905,0.5535959164547916,0.0,0.26712510252496724,0.1984744361647388,-0.07443411853312545,-0.0671251025249672,0.0015255638352611898,0.07443411853312545,0.2,0.2,0.0,0.34101079192847933,-0.3358049851708072,False
0,566,-0.04887048446840664,-0.8915486129854373,1.5874334161777974,2.249369275365905,0.5535959164547916,0.0,0.26712510252496724,0.1984744361647388,-0.07443411853312545,-0.9999815821647644,0.6985697746276855,-0.7917737364768982,0.9988161325454712,0.999974250793457,-0.971485435962677,-0.04887048446840664,-0.8915486129854373,1.5874334161777974,2.249369275365905,0.5535959164547916,0.0,0.2669664759462895,0.19836692202584086,-0.07460689053648262,-0.06696647594628954,0.0016330779741591556,0.07460689053648262,0.2,0.2,0.0,0.34086173611702075,-0.33788061988784923,False
0,567,-0.04887048446840664,-0.8915486129854373,1.5874334161777974,2.249369275365905,0.5535959164547916,0.0,0.2669664759462895,0.19836692202584086,-0.07460689053648262,-0.9998541474342346,0.7087640166282654,-0.786350429058075,0.9999966025352478,1.0,-0.985537052154541,-0.05419477767810627,-0.8874036331323253,1.583177312280159,2.2504964215573904,0.5589104048127489,0.0,0.2669664759462895,0.19836692202584086,-0.07460689053648262,-0.06696647594628954,0.0016330779741591556,0.07460689053648262,0.2,0.2,0.0,0.34086173611702075,-0.34086173611702075,False
0,568,-0.05419477767810627,-0.8874036331323253,1.583177312280159,2.2504964215573904,0.5589104048127489,0.0,0.2669664759462895,0.19836692202584086,-0.07460689053648262,-0.9999725222587585,0.5429060459136963,-0.7696017622947693,0.9999933838844299,0.999998152256012,-0.9773033857345581,-0.054685293086736,-0.8871083644285972,1.5827978783288135,2.2510184580006394,0.5594000656950846,0.0,0.26692874667932326,0.19833253555588226,-0.07472587399400818,-0.06692874667932325,0.0016674644441177521,0.07472587399400818,0.2,0.2,0.0,0.3408382412640753,-0.3403683442051663,False
0,569,-0.054685293086736,-0.8871083644285972,1.5827978783288135,2.2510184580006394,0.5594000656950846,0.0,0.26692874667932326,0.19833253555588226,-0.07472587399400818,-0.9999613165855408,0.7011027336120605,-0.775230884552002,0.875223696231842,1.0,-0.9756471514701843,-0.055327646381206595,-0.8867222248479393,1.5823026398165285,2.251629763196856,0.5600418796212115,0.0,0.26687823234411684,0.19828992772286907,-0.07485216755230142,-0.06687823234411681,0.0017100722771309367,0.07485216755230142,0.2,0.2,0.0,0.34080160404953913,-0.3400688597588157,False
0,570,-0.055327646381206595,-0.8867222248479393,1.5823026398165285,2.251629763196856,0.5600418796212115,0.0,0.26687823234411684,0.19828992772286907,-0.07485216755230142,-0.9998772144317627,0.6338745951652527,-0.7405047416687012,0.999958336353302,1.0,-0.9752448201179504,-0.055327646381206595,-0.8867222248479393,1.5823026398165285,2.251629763196856,0.5600418796212115,0.0,0.26515582171120544,0.19682160496638076,-0.0793748926749181,-0.06515582171120546,0.003178395033619243,0.0793748926749181,0.2,0.2,0.0,0.33962733629088426,-0.3161419811177869,False
0,571,-0.055327646381206595,-0.8867222248479393,1.5823026398165285,2.251629763196856,0.5600418796212115,0.0,0.26515582171120544,0.19682160496638076,-0.0793748926749181,-0.999763548374176,0.545090913772583,-0.7773933410644531,0.9999978542327881,0.9999945163726807,-0.9847151041030884,-0.08394086317238375,-0.8685872490431025,1.561117505124804,2.280235761682933,0.5886504244861459,0.0,0.26512654929493595,0.19679858015961227,-0.07944884916772388,-0.06512654929493591,0.0032014198403877334,0.07944884916772388,0.2,0.2,0.0,0.3396084332403352,-0.3392303722293536,False
0,572,-0.08394086317238375,-0.8685872490431025,1.561117505124804,2.280235761682933,0.5886504244861459,0.0,0.26512654929493595,0.19679858015961227,-0.07944884916772388,-0.9999696612358093,-0.134842649102211,-0.484788715839386,0.9999727606773376,0.9999995231628418,-0.9543562531471252,-0.08414007596390391,-0.8685224351358081,1.5609781589546619,2.280435973645369,0.5888504995339559,0.0,0.2651224696052962,0.19679537567487726,-0.07945914885740452,-0.06512246960529619,0.0032046243251227457,0.07945914885740452,0.2,0.2,0.0,0.33960580106024457,-0.33955315745843234,False
0,573,-0.08414007596390391,-0.8685224351358081,1.5609781589546619,2.280435973645369,0.5888504995339559,0.0,0.2651224696052962,0.19679537567487726,-0.07945914885740452,-0.999908983707428,-0.23846322298049927,-0.4437969923019409,0.9999746084213257,0.9999984502792358,-0.9627740383148193,-0.0846711416619732,-0.8686196874764481,1.5607309768964666,2.280967045668342,0.5893815865631209,0.0,0.2651047772086323,0.19677688793204987,-0.07950065611720619,-0.06510477720863228,0.0032231120679501526,0.07950065611720619,0.2,0.2,0.0,0.33959099052555464,-0.33929477983175593,False
0,574,-0.0846711416619732,-0.8686196874764481,1.5607309768964666,2.280967045668342,0.5893815865631209,0.0,0.2651047772086323,0.19677688793204987,-0.07950065611720619,-0.9999435544013977,-0.40391823649406433,-0.45523178577423096,0.999958872795105,0.9999813437461853,-0.9579856991767883,-0.08531279254347301,-0.8688128257982133,1.5604436521561054,2.281608727108692,0.5900232829373464,0.0,0.26507487553621856,0.19674089516407672,-0.07957715794817811,-0.06507487553621852,0.003259104835923295,0.07957715794817811,0.2,0.2,0.0,0.3395647118556539,-0.33903913845763917,False
0,575,-0.08531279254347301,-0.8688128257982133,1.5604436521561054,2.281608727108692,0.5900232829373464,0.0,0.26507487553621856,0.19674089516407672,-0.07957715794817811,-0.9999454021453857,-0.3694067597389221,-0.4566821753978729,0.997912585735321,0.9999992251396179,-0.9563922882080078,-0.08606503480213694,-0.8691164000440531,1.560100971958763,2.2823608574498686,0.5907755540257126,0.0,0.26503149397432346,0.19669358224818412,-0.07967109609278082,-0.06503149397432342,0.0033064177518158976,0.07967109609278082,0.2,0.2,0.0,0.3395254653903152,-0.3387405360835411,False
0,576,-0.08606503480213694,-0.8691164000440531,1.560100971958763,2.2823608574498686,0.5907755540257126,0.0,0.26503149397432346,0.19669358224818412,-0.07967109609278082,-0.999977707862854,-0.15107965469360352,-0.46955037117004395,0.9989389777183533,0.9999974966049194,-0.950684130191803,-0.08663461731995568,-0.86931314177466,1.559840048607891,2.2829293097675447,0.5913451654234555,0.0,0.26503149397432346,0.19669358224818412,-0.07967109609278082,-0.06503149397432342,0.0033064177518158976,0.07967109609278082,0.2,0.2,0.0,0.3395254653903152,-0.3395254653903152,False
0,577,-0.08663461731995568,-0.86931314177466,1.559840048607891,2.2829293097675447,0.5913451654234555,0.0,0.26503149397432346,0.19669358224818412,-0.07967109609278082,-0.9999316334724426,-0.28146108984947205,-0.461610347032547,0.8698316216468811,0.9999974966049194,-0.9579679369926453,-0.08663461731995568,-0.86931314177466,1.559840048607891,2.2829293097675447,0.5913451654234555,0.0,0.26488420909436955,0.19652398024965623,-0.08004767953849476,-0.06488420909436954,0.0034760197503437944,0.08004767953849476,0.2,0.2,0.0,0.3394008692390379,-0.3369089462134919,False
0,578,-0.08663461731995568,-0.86931314177466,1.559840048607891,2.2829293097675447,0.5913451654234555,0.0,0.26488420909436955,0.19652398024965623,-0.08004767953849476,-0.9999398589134216,-0.33271509408950806,-0.4266375005245209,0.9973623752593994,0.9999992847442627,-0.9549842476844788,-0.09054402543270385,-0.8699473642404378,1.558008925591804,2.28678875429249,0.5952546675326579,0.0,0.26484188991100616,0.1964758827943726,-0.08015267902570425,-0.06484188991100616,0.003524117205627396,0.08015267902570425,0.2,0.2,0.0,0.3393647759070748,-0.33864290926781315,False
0,579,-0.09054402543270385,-0.8699473642404378,1.558008925591804,2.28678875429249,0.5952546675326579,0.0,0.26484188991100616,0.1964758827943726,-0.08015267902570425,-0.9999679327011108,-0.27388983964920044,-0.40220844745635986,0.9986830353736877,0.9999998807907104,-0.9400145411491394,-0.09102927230921248,-0.8701061529309945,1.5578082344791306,2.2872736291455853,0.5957399399174399,0.0,0.26481714225385766,0.1964466129533998,-0.08021034208758751,-0.06481714225385762,0.003553387046600206,0.08021034208758751,0.2,0.2,0.0,0.33934214231387555,-0.3388894704498903,False
0,580,-0.09102927230921248,-0.8701061529309945,1.5578082344791306,2.2872736291455853,0.5957399399174399,0.0,0.26481714225385766,0.1964466129533998,-0.08021034208758751,-0.9999797940254211,-0.42616596817970276,-0.39901798963546753,0.999994158744812,0.9999849796295166,-0.9418327808380127,-0.09102927230921248,-0.8701061529309945,1.5578082344791306,2.2872736291455853,0.5957399399174399,0.0,0.2636385961152715,0.1949633909361427,-0.0831907580657506,-0.06363859611527149,0.005036609063857303,0.0831907580657506,0.2,0.2,0.0,0.3382849913822733,-0.3171419727502284,False
0,581,-0.09102927230921248,-0.8701061529309945,1.5578082344791306,2.2872736291455853,0.5957399399174399,0.0,0.2636385961152715,0.1949633909361427,-0.0831907580657506,-0.9999025464057922,-0.46034446358680725,-0.3844575881958008,0.9999781250953674,0.9999993443489075,-0.9288875460624695,-0.09102927230921248,-0.8701061529309945,1.5578082344791306,2.2872736291455853,0.5957399399174399,0.0,0.2636375670438079,0.19496211156288396,-0.08319339333911069,-0.06363756704380791,0.005037888437116059,0.08319339333911069,0.2,0.2,0.0,0.3382841001246034,-0.33826627497120565,False
0,582,-0.09102927230921248,-0.8701061529309945,1.5578082344791306,2.2872736291455853,0.5957399399174399,0.0,0.2636375670438079,0.19496211156288396,-0.08319339333911069,-0.9999068975448608,-0.46653956174850464,-0.42791226506233215,0.9999362826347351,0.9999357461929321,-0.9567702412605286,-0.09102927230921248,-0.8701061529309945,1.5578082344791306,2.2872736291455853,0.5957399399174399,0.0,0.2636375670438079,0.19496211156288396,-0.08319339333911069,-0.06363756704380791,0.005037888437116059,0.08319339333911069,0.2,0.2,0.0,0.3382841001246034,-0.3382841001246034,False
0,583,-0.09102927230921248,-0.8701061529309945,1.5578082344791306,2.2872736291455853,0.5957399399174399,0.0,0.2636375670438079,0.19496211156288396,-0.08319339333911069,-0.999978244304657,-0.4898580312728882,-0.4137102961540222,0.9998905062675476,0.9999986290931702,-0.9458944201469421,-0.09102927230921248,-0.8701061529309945,1.5578082344791306,2.2872736291455853,0.5957399399174399,0.0,0.2636367331873224,0.19496130080865348,-0.08319487815029819,-0.06363673318732235,0.0050386991913465235,0.08319487815029819,0.2,0.2,0.0,0.3382833481700343,-0.3382683090786521,False
0,584,-0.09102927230921248,-0.8701061529309945,1.5578082344791306,2.2872736291455853,0.5957399399174399,0.0,0.2636367331873224,0.19496130080865348,-0.08319487815029819,-0.9999887347221375,-0.47896796464920044,-0.39342957735061646,0.9977544546127319,0.9999725222587585,-0.9503368735313416,-0.09102927230921248,-0.8701061529309945,1.5578082344791306,2.2872736291455853,0.5957399399174399,0.0,0.2636367331873224,0.19496130080865348,-0.08319487815029819,-0.06363673318732235,0.0050386991913465235,0.08319487815029819,0.2,0.2,0.0,0.3382833481700343,-0.3382833481700343,False
0,585,-0.09102927230921248,-0.8701061529309945,1.5578082344791306,2.2872736291455853,0.5957399399174399,0.0,0.2636367331873224,0.19496130080865348,-0.08319487815029819,-0.9999249577522278,-0.4111579656600952,-0.42671215534210205,0.999994158744812,0.999998927116394,-0.9600491523742676,-0.09102927230921248,-0.8701061529309945,1.5578082344791306,2.2872736291455853,0.5957399399174399,0.0,0.2636367331873224,0.19496130080865348,-0.08319487815029819,-0.06363673318732235,0.0050386991913465235,0.08319487815029819,0.2,0.2,0.0,0.3382833481700343,-0.3382833481700343,False
0,586,-0.09102927230921248,-0.8701061529309945,1.5578082344791306,2.2872736291455853,0.5957399399174399,0.0,0.2636367331873224,0.19496130080865348,-0.08319487815029819,-0.9999181628227234,-0.4227791726589203,-0.36652156710624695,0.8637453317642212,0.9999984502792358,-0.9412715435028076,-0.09102927230921248,-0.8701061529309945,1.5578082344791306,2.2872736291455853,0.5957399399174399,0.0,0.2636367331873224,0.19496130080865348,-0.08319487815029819,-0.06363673318732235,0.0050386991913465235,0.08319487815029819,0.2,0.2,0.0,0.3382833481700343,-0.3382833481700343,False
0,587,-0.09102927230921248,-0.8701061529309945,1.5578082344791306,2.2872736291455853,0.5957399399174399,0.0,0.2636367331873224,0.19496130080865348,-0.08319487815029819,-0.9999825358390808,-0.38987258076667786,-0.38305824995040894,0.9999943971633911,0.9999992847442627,-0.940793514251709,-0.09102927230921248,-0.8701061529309945,1.5578082344791306,2.2872736291455853,0.5957399399174399,0.0,0.2636367331873224,0.19496130080865348,-0.08319487815029819,-0.06363673318732235,0.0050386991913465235,0.08319487815029819,0.2,0.2,0.0,0.3382833481700343,-0.3382833481700343,False
0,588,-0.09102927230921248,-0.8701061529309945,1.5578082344791306,2.2872736291455853,0.5957399399174399,0.0,0.2636367331873224,0.19496130080865348,-0.08319487815029819,-0.999975323677063,-0.403655469417572,-0.3502427637577057,0.9997832179069519,0.9999576807022095,-0.9569360613822937,-0.09102927230921248,-0.8701061529309945,1.5578082344791306,2.2872736291455853,0.5957399399174399,0.0,0.2636347607119378,0.194960969447285,-0.08319385597196904,-0.06363476071193781,0.005039030552715014,0.08319385597196904,0.2,0.2,0.0,0.3382813685897446,-0.3382417769839508,False
0,589,-0.09102927230921248,-0.8701061529309945,1.5578082344791306,2.2872736291455853,0.5957399399174399,0.0,0.2636347607119378,0.194960969447285,-0.08319385597196904,-0.999829888343811,-0.4104264974594116,-0.3819974958896637,0.9967026710510254,0.9999936819076538,-0.9502273797988892,-0.09102927230921248,-0.8701061529309945,1.5578082344791306,2.2872736291455853,0.5957399399174399,0.0,0.2636357399280784,0.19496024070219586,-0.08319627636643157,-0.06363573992807842,0.005039759297804153,0.08319627636643157,0.2,0.2,0.0,0.33828230699125134,-0.3383010750213858,False
0,590,-0.09102927230921248,-0.8701061529309945,1.5578082344791306,2.2872736291455853,0.5957399399174399,0.0,0.2636357399280784,0.19496024070219586,-0.08319627636643157,-0.9999011158943176,-0.42962396144866943,-0.37862879037857056,0.9844133853912354,0.9999987483024597,-0.94830721616745,-0.09102927230921248,-0.8701061529309945,1.5578082344791306,2.2872736291455853,0.5957399399174399,0.0,0.2636461359327157,0.19495311723179332,-0.08319373103911436,-0.0636461359327157,0.005046882768206685,0.08319373103911436,0.2,0.2,0.0,0.33828567778558677,-0.33835309367229544,False
0,591,-0.09102927230921248,-0.8701061529309945,1.5578082344791306,2.2872736291455853,0.5957399399174399,0.0,0.2636461359327157,0.19495311723179332,-0.08319373103911436,-0.9999768733978271,-0.44678500294685364,-0.35435929894447327,0.9999802112579346,0.9999454617500305,-0.9509587287902832,-0.09102927230921248,-0.8701061529309945,1.5578082344791306,2.2872736291455853,0.5957399399174399,0.0,0.2636582190984549,0.1949446771836572,-0.08318807608706606,-0.06365821909845484,0.005055322816342802,0.08318807608706606,0.2,0.2,0.0,0.3382888405837187,-0.33835209654635773,False
0,592,-0.09102927230921248,-0.8701061529309945,1.5578082344791306,2.2872736291455853,0.5957399399174399,0.0,0.2636582190984549,0.1949446771836572,-0.08318807608706606,-0.9999280571937561,-0.33566901087760925,-0.3973076045513153,0.9987350106239319,0.9999614953994751,-0.9517454504966736,-0.12080521520610386,-0.8828544284021412,1.5462587331159923,2.316821232301163,0.6255178709774377,0.0,0.26366034503904334,0.19494415443148888,-0.08318871403016513,-0.06366034503904332,0.005055845568511134,0.08318871403016513,0.2,0.2,0.0,0.33829035315111805,-0.33832060449910467,False
0,593,-0.12080521520610386,-0.8828544284021412,1.5462587331159923,2.316821232301163,0.6255178709774377,0.0,0.26366034503904334,0.19494415443148888,-0.08318871403016513,-0.9999664425849915,-0.5942077040672302,-0.14676059782505035,0.999986469745636,0.9999709725379944,-0.8825051188468933,-0.12098720697050615,-0.8829294656322598,1.546227995040017,2.317005479606513,0.6256998521402696,0.0,0.26366034503904334,0.19494415443148888,-0.08318871403016513,-0.06366034503904332,0.005055845568511134,0.08318871403016513,0.2,0.2,0.0,0.33829035315111805,-0.33829035315111805,False
0,594,-0.12098720697050615,-0.8829294656322598,1.546227995040017,2.317005479606513,0.6256998521402696,0.0,0.26366034503904334,0.19494415443148888,-0.08318871403016513,-0.9999709725379944,-0.6453547477722168,-0.13440853357315063,0.9460922479629517,0.9999824166297913,-0.8906722664833069,-0.12116538630379796,-0.8830356083733959,1.5462018765364531,2.3171836445673812,0.6258780323600857,0.0,0.26365594985812535,0.19492525110930256,-0.08322332291961872,-0.06365594985812531,0.005074748890697456,0.08322332291961872,0.2,0.2,0.0,0.33828454722821455,-0.3381684287701445,False
0,595,-0.12116538630379796,-0.8830356083733959,1.5462018765364531,2.3171836445673812,0.6258780323600857,0.0,0.26365594985812535,0.19492525110930256,-0.08322332291961872,-0.9999725222587585,-0.5207926034927368,-0.15778085589408875,0.998797595500946,0.9998225569725037,-0.8483726382255554,-0.12116538630379796,-0.8830356083733959,1.5462018765364531,2.3171836445673812,0.6258780323600857,0.0,0.2634136125530838,0.1939204910864652,-0.08478629026360457,-0.0634136125530838,0.006079508913534806,0.08478629026360457,0.2,0.2,0.0,0.33790620467541904,-0.3303393536195089,False
0,596,-0.12116538630379796,-0.8830356083733959,1.5462018765364531,2.3171836445673812,0.6258780323600857,0.0,0.2634136125530838,0.1939204910864652,-0.08478629026360457,-0.9999632835388184,-0.5365994572639465,-0.14348173141479492,0.9970178604125977,0.9999644160270691,-0.8744007349014282,-0.12116538630379796,-0.8830356083733959,1.5462018765364531,2.3171836445673812,0.6258780323600857,0.0,0.2633737268363587,0.1937561913886325,-0.08504273224741488,-0.06337372683635867,0.006243808611367492,0.08504273224741488,0.2,0.2,0.0,0.33784530187233147,-0.33662724581058007,False
0,597,-0.12116538630379796,-0.8830356083733959,1.5462018765364531,2.3171836445673812,0.6258780323600857,0.0,0.2633737268363587,0.1937561913886325,-0.08504273224741488,-0.9999714493751526,-0.6685032248497009,-0.15927188098430634,0.9991005063056946,0.9999825954437256,-0.8629897832870483,-0.12116538630379796,-0.8830356083733959,1.5462018765364531,2.3171836445673812,0.6258780323600857,0.0,0.2633066735218034,0.19349392744540134,-0.08561550819609515,-0.0633066735218034,0.006506072554598666,0.08561550819609515,0.2,0.2,0.0,0.3377873880461487,-0.33662911152249364,False
0,598,-0.12116538630379796,-0.8830356083733959,1.5462018765364531,2.3171836445673812,0.6258780323600857,0.0,0.2633066735218034,0.19349392744540134,-0.08561550819609515,-0.9999902844429016,-0.6399457454681396,-0.16536381840705872,0.9348101019859314,0.9998754262924194,-0.868786096572876,-0.12116538630379796,-0.8830356083733959,1.5462018765364531,2.3171836445673812,0.6258780323600857,0.0,0.26325635908370004,0.19341103493114134,-0.08578515235670353,-0.06325635908370002,0.006588965068858659,0.08578515235670353,0.2,0.2,0.0,0.33774373627945203,-0.33687070094551835,False
0,599,-0.12116538630379796,-0.8830356083733959,1.5462018765364531,2.3171836445673812,0.6258780323600857,0.0,0.26325635908370004,0.19341103493114134,-0.08578515235670353,-0.9999741911888123,-0.5785689353942871,-0.13411110639572144,0.9999264478683472,0.9999914765357971,-0.8662675023078918,-0.12116538630379796,-0.8830356083733959,1.5462018765364531,2.3171836445673812,0.6258780323600857,0.0,0.2632375991291364,0.19339250873168198,-0.08580384107518851,-0.0632375991291364,0.006607491268318038,0.08580384107518851,0.2,0.2,0.0,0.33772325234141315,-0.33731357358063546,False
0,600,-0.12116538630379796,-0.8830356083733959,1.5462018765364531,2.3171836445673812,0.6258780323600857,0.0,0.2632375991291364,0.19339250873168198,-0.08580384107518851,-0.9999485611915588,-0.5727168917655945,-0.10188204795122147,0.9997327923774719,0.9999247193336487,-0.89365154504776,-0.12116538630379796,-0.8830356083733959,1.5462018765364531,2.3171836445673812,0.6258780323600857,0.0,0.26343980275818146,0.19333284330118677,-0.0859638672375169,-0.06343980275818147,0.00666715669881324,0.0859638672375169,0.2,0.2,0.0,0.3378874138623992,-0.34117064428211974,False
0,601,-0.12116538630379796,-0.8830356083733959,1.5462018765364531,2.3171836445673812,0.6258780323600857,0.0,0.26343980275818146,0.19333284330118677,-0.0859638672375169,-0.9999159574508667,-0.4359343647956848,-0.10518429428339005,0.9999984502792358,0.9999493956565857,-0.8764321804046631,-0.12116538630379796,-0.8830356083733959,1.5462018765364531,2.3171836445673812,0.6258780323600857,0.0,0.26343983813722177,0.19333283309908175,-0.085963895395554,-0.06343983813722176,0.006667166900918264,0.085963895395554,0.2,0.2,0.0,0.3378874427726795,-0.33788802097828624,False
0,602,-0.12116538630379796,-0.8830356083733959,1.5462018765364531,2.3171836445673812,0.6258780323600857,0.0,0.26343983813722177,0.19333283309908175,-0.085963895395554,-0.9999814033508301,-0.5985347032546997,-0.11651454120874405,0.9998986721038818,0.9999693632125854,-0.8636077046394348,-0.12116538630379796,-0.8830356083733959,1.5462018765364531,2.3171836445673812,0.6258780323600857,0.0,0.2634462671552784,0.19333185136168962,-0.08601032211869551,-0.06344626715527843,0.006668148638310382,0.08601032211869551,0.2,0.2,0.0,0.33790370808848863,-0.33822901440467096,False
0,603,-0.12116538630379796,-0.8830356083733959,1.5462018765364531,2.3171836445673812,0.6258780323600857,0.0,0.2634462671552784,0.19333185136168962,-0.08601032211869551,-0.9998837113380432,-0.5260904431343079,-0.10039103031158447,0.9990518689155579,0.9999091029167175,-0.8490276336669922,-0.1511630869957327,-0.89939341014595,1.5431002281612352,2.347176572363155,0.6558754046908605,0.0,0.2634444606788734,0.193332124054764,-0.08600806360654284,-0.06344446067887337,0.006667875945236008,0.08600806360654284,0.2,0.2,0.0,0.33790188081639355,-0.337865335374492,False
0,604,-0.1511630869957327,-0.89939341014595,1.5431002281612352,2.347176572363155,0.6558754046908605,0.0,0.2634444606788734,0.193332124054764,-0.08600806360654284,-0.9999855160713196,-0.5241261720657349,-0.0160842202603817,0.9976457953453064,0.9999149441719055,-0.6538331508636475,-0.15134246807763532,-0.899510956178598,1.54309762582418,2.347415117272039,0.65611478285753,0.0,0.2634444606788734,0.193332124054764,-0.08600806360654284,-0.06344446067887337,0.006667875945236008,0.08600806360654284,0.2,0.2,0.0,0.33790188081639355,-0.33790188081639355,False
0,605,-0.15134246807763532,-0.899510956178598,1.54309762582418,2.347415117272039,0.65611478285753,0.0,0.2634444606788734,0.193332124054764,-0.08600806360654284,-0.9999844431877136,-0.34914642572402954,-0.027177002280950546,0.9968060851097107,0.9999513626098633,-0.706463634967804,-0.15134246807763532,-0.899510956178598,1.54309762582418,2.347415117272039,0.65611478285753,0.0,0.26345228418733463,0.19318413650463623,-0.08627827006700761,-0.06345228418733462,0.006815863495363772,0.08627827006700761,0.2,0.2,0.0,0.33789222619989584,-0.3376991338699416,False
0,606,-0.15134246807763532,-0.899510956178598,1.54309762582418,2.347415117272039,0.65611478285753,0.0,0.26345228418733463,0.19318413650463623,-0.08627827006700761,-0.9999935030937195,-0.30424121022224426,0.0012834661174565554,0.9998968839645386,0.9997069835662842,-0.7042652368545532,-0.15547769948848889,-0.901026370655288,1.5429898002556457,2.351484974685009,0.6601971162272042,0.0,0.2634562826173508,0.1931104503045705,-0.08641641965069369,-0.06345628261735083,0.006889549695429505,0.08641641965069369,0.2,0.2,0.0,0.33788852666616576,-0.3378145359915641,False
0,607,-0.15547769948848889,-0.901026370655288,1.5429898002556457,2.351484974685009,0.6601971162272042,0.0,0.2634562826173508,0.1931104503045705,-0.08641641965069369,-0.9998591542243958,-0.48075491189956665,-0.07396424561738968,0.9999988675117493,0.9998833537101746,-0.6672762632369995,-0.1563471918762377,-0.9013196506706609,1.5429733363479954,2.3523546326936953,0.6610681445502692,0.0,0.2634595974936922,0.19305976822333618,-0.0865116714690324,-0.06345959749369219,0.006940231776663839,0.0865116714690324,0.2,0.2,0.0,0.3378865237300126,-0.3378464650069495,False
0,608,-0.1563471918762377,-0.9013196506706609,1.5429733363479954,2.3523546326936953,0.6610681445502692,0.0,0.2634595974936922,0.19305976822333618,-0.0865116714690324,-0.9997824430465698,-0.5858323574066162,0.05464800074696541,0.999992311000824,0.9999724626541138,-0.7182503938674927,-0.15709683458032067,-0.9017077204770373,1.5429476106470872,2.3531043919818635,0.6618178153726242,0.0,0.2634582817761877,0.1930206326313156,-0.08658260327901131,-0.0634582817761877,0.006979367368684411,0.08658260327901131,0.2,0.2,0.0,0.33788130763394575,-0.3377769857126087,False
0,609,-0.15709683458032067,-0.9017077204770373,1.5429476106470872,2.3531043919818635,0.6618178153726242,0.0,0.2634582817761877,0.1930206326313156,-0.08658260327901131,-0.999973475933075,-0.36601367592811584,0.05696393549442291,0.9993116855621338,0.9999116063117981,-0.6837403774261475,-0.1581332832795681,-0.9023169426723044,1.5430067442593154,2.3541410597420476,0.6628544652758162,0.0,0.2634677795214595,0.19296570594127402,-0.08667030105462256,-0.06346777952145949,0.007034294058725982,0.08667030105462256,0.2,0.2,0.0,0.337879824198311,-0.3378501554856155,False
0,610,-0.1581332832795681,-0.9023169426723044,1.5430067442593154,2.3541410597420476,0.6628544652758162,0.0,0.2634677795214595,0.19296570594127402,-0.08667030105462256,-0.9999654293060303,-0.415289968252182,-0.006019234657287598,0.9999087452888489,0.9994444847106934,-0.5564630031585693,-0.1581332832795681,-0.9023169426723044,1.5430067442593154,2.3541410597420476,0.6628544652758162,0.0,0.26349886723080507,0.1925758007549586,-0.08736748263631894,-0.06349886723080503,0.007424199245041436,0.08736748263631894,0.2,0.2,0.0,0.33786116836733165,-0.33748805174774527,False
0,611,-0.1581332832795681,-0.9023169426723044,1.5430067442593154,2.3541410597420476,0.6628544652758162,0.0,0.26349886723080507,0.1925758007549586,-0.08736748263631894,-0.9999529123306274,-0.4091656506061554,0.015390715561807156,0.9928447604179382,0.9991664290428162,-0.6676820516586304,-0.16538308017771217,-0.9053198423561836,1.542971122306426,2.3613903618983634,0.6701005419279731,0.0,0.2635030113519231,0.19251310720613654,-0.0874800095170615,-0.06350301135192313,0.0074868927938634595,0.0874800095170615,0.2,0.2,0.0,0.3378577888739555,-0.33779019900643265,False
0,612,-0.16538308017771217,-0.9053198423561836,1.542971122306426,2.3613903618983634,0.6701005419279731,0.0,0.2635030113519231,0.19251310720613654,-0.0874800095170615,-0.9999959468841553,-0.5075674653053284,0.12374202907085419,0.999900221824646,0.9997315406799316,-0.4604991674423218,-0.16636103015379675,-0.9057417403387175,1.5429920157336507,2.3623664228444805,0.6710773903998595,0.0,0.2635030113519231,0.19251310720613654,-0.0874800095170615,-0.06350301135192313,0.0074868927938634595,0.0874800095170615,0.2,0.2,0.0,0.3378577888739555,-0.3378577888739555,False
0,613,-0.16636103015379675,-0.9057417403387175,1.5429920157336507,2.3623664228444805,0.6710773903998595,0.0,0.2635030113519231,0.19251310720613654,-0.0874800095170615,-0.9999198913574219,-0.3530515134334564,0.033001795411109924,0.9999920725822449,0.9995445609092712,-0.5648528337478638,-0.16699747078917848,-0.9060288670236236,1.5430504716048348,2.363002628680706,0.6717134022824036,0.0,0.2635099410071055,0.19248602595768535,-0.08752458036790675,-0.06350994100710548,0.007513974042314669,0.08752458036790675,0.2,0.2,0.0,0.3378593070600973,-0.33788967078293336,False
0,614,-0.16699747078917848,-0.9060288670236236,1.5430504716048348,2.363002628680706,0.6717134022824036,0.0,0.2635099410071055,0.19248602595768535,-0.08752458036790675,-0.9996443390846252,-0.13991832733154297,0.07117239385843277,0.9996709823608398,0.999270498752594,-0.3758217692375183,-0.1674630562628658,-0.9061921221770339,1.543065157756468,2.363468252612763,0.6721788162062858,0.0,0.26360607750623155,0.19208387215831227,-0.08830630962764721,-0.06360607750623155,0.007916127841687734,0.08830630962764721,0.2,0.2,0.0,0.33790883735351773,-0.3388994432219261,False
0,615,-0.1674630562628658,-0.9061921221770339,1.543065157756468,2.363468252612763,0.6721788162062858,0.0,0.26360607750623155,0.19208387215831227,-0.08830630962764721,-0.9999848008155823,-0.5156498551368713,0.07289225608110428,0.9897511005401611,0.9997397065162659,-0.6738308668136597,-0.1760809420170709,-0.9074359389078572,1.5436760514065662,2.372085756124002,0.6807934871699204,0.0,0.26363669385354893,0.19195587707389075,-0.08855913436569782,-0.06363669385354893,0.00804412292610927,0.08855913436569782,0.2,0.2,0.0,0.33792615372125057,-0.33827248107590724,False
0,616,-0.1760809420170709,-0.9074359389078572,1.5436760514065662,2.372085756124002,0.6807934871699204,0.0,0.26363669385354893,0.19195587707389075,-0.08855913436569782,-0.999993085861206,-0.10268004238605499,0.08910868316888809,0.9971261024475098,0.9995302557945251,-0.46242591738700867,-0.17616495221251258,-0.9074925011073438,1.5436822450146388,2.3721685434602,0.6808774813370195,0.0,0.2636431971363911,0.19192007610358744,-0.08861786037777244,-0.0636431971363911,0.008079923896412572,0.08861786037777244,0.2,0.2,0.0,0.33792628809525777,-0.33792897557540175,False
0,617,-0.17616495221251258,-0.9074925011073438,1.5436822450146388,2.3721685434602,0.6808774813370195,0.0,0.2636431971363911,0.19192007610358744,-0.08861786037777244,-0.9994703531265259,-0.37124893069267273,0.044783707708120346,0.9971785545349121,0.9996887445449829,-0.4839586615562439,-0.17616495221251258,-0.9074925011073438,1.5436822450146388,2.3721685434602,0.6808774813370195,0.0,0.26385260154902196,0.19107135493238564,-0.09030289833627696,-0.06385260154902196,0.008928645067614384,0.09030289833627696,0.2,0.2,0.0,0.3380548350013894,-0.3406257731240218,False
0,618,-0.17616495221251258,-0.9074925011073438,1.5436822450146388,2.3721685434602,0.6808774813370195,0.0,0.26385260154902196,0.19107135493238564,-0.09030289833627696,-0.9998676776885986,-0.15884371101856232,0.08310452848672867,0.9999958872795105,0.9997023344039917,-0.32893431186676025,-0.17616495221251258,-0.9074925011073438,1.5436822450146388,2.3721685434602,0.6808774813370195,0.0,0.263858773476581,0.19096577096856263,-0.09048163418382577,-0.06385877347658098,0.009034229031437382,0.09048163418382577,0.2,0.2,0.0,0.33804778382169415,-0.33790676022778937,False
0,619,-0.17616495221251258,-0.9074925011073438,1.5436822450146388,2.3721685434602,0.6808774813370195,0.0,0.263858773476581,0.19096577096856263,-0.09048163418382577,-0.9998506903648376,-0.2589068114757538,0.08054931461811066,0.9999427795410156,0.9987253546714783,-0.3307059109210968,-0.1937285699787485,-0.9104367141053638,1.5450669697155754,2.389682565605216,0.6984327430237087,0.0,0.26385807093722147,0.19093028880094182,-0.0905368126798796,-0.06385807093722143,0.009069711199058205,0.0905368126798796,0.2,0.2,0.0,0.3380419666706405,-0.33792562364956785,False
0,620,-0.1937285699787485,-0.9104367141053638,1.5450669697155754,2.389682565605216,0.6984327430237087,0.0,0.26385807093722147,0.19093028880094182,-0.0905368126798796,-0.999989926815033,-0.014921451918780804,0.20222431421279907,0.9999982118606567,0.9995816946029663,-0.08858265727758408,-0.1937285699787485,-0.9104367141053638,1.5450669697155754,2.389682565605216,0.6984327430237087,0.0,0.2638959048371001,0.1908361310364195,-0.0907201111946852,-0.06389590483710013,0.00916386896358051,0.0907201111946852,0.2,0.2,0.0,0.33806747266472903,-0.33857759254649933,False
0,621,-0.1937285699787485,-0.9104367141053638,1.5450669697155754,2.389682565605216,0.6984327430237087,0.0,0.2638959048371001,0.1908361310364195,-0.0907201111946852,-0.9999601244926453,0.42911338806152344,0.24582113325595856,0.9999868273735046,0.9975337386131287,-0.15584880113601685,-0.1937285699787485,-0.9104367141053638,1.5450669697155754,2.389682565605216,0.6984327430237087,0.0,0.26414196352983393,0.19020835896836039,-0.09194693591970274,-0.06414196352983394,0.009791641031639629,0.09194693591970274,0.2,0.2,0.0,0.33823724771801034,-0.3416327487836365,False
0,622,-0.1937285699787485,-0.9104367141053638,1.5450669697155754,2.389682565605216,0.6984327430237087,0.0,0.26414196352983393,0.19020835896836039,-0.09194693591970274,-0.999998927116394,-0.21896009147167206,0.1690552532672882,0.9999883770942688,0.9986374378204346,-0.2130892276763916,-0.20659617992346868,-0.9106371786138225,1.5476643295897314,2.402549831498047,0.7112942548496193,0.0,0.2641618863716575,0.19015444018264455,-0.09205217336237598,-0.06416188637165747,0.009845559817355454,0.09205217336237598,0.2,0.2,0.0,0.3382511137503384,-0.33852843439689956,False
0,623,-0.20659617992346868,-0.9106371786138225,1.5476643295897314,2.402549831498047,0.7112942548496193,0.0,0.2641618863716575,0.19015444018264455,-0.09205217336237598,-0.9999948740005493,-0.40597066283226013,0.2830406129360199,0.999939501285553,0.9994944334030151,-0.008864129893481731,-0.20700264029224524,-0.9107968423186982,1.5477561727337334,2.402956278863006,0.7117002572242987,0.0,0.26416813932927596,0.19013462533509892,-0.09208693561758385,-0.06416813932927594,0.0098653746649011,0.09208693561758385,0.2,0.2,0.0,0.33825432044461345,-0.33831845433011465,False
0,624,-0.20700264029224524,-0.9107968423186982,1.5477561727337334,2.402956278863006,0.7117002572242987,0.0,0.26416813932927596,0.19013462533509892,-0.09208693561758385,-0.9999756813049316,-0.24899554252624512,0.27708086371421814,0.9998582005500793,0.9991977214813232,0.08181340247392654,-0.2077642102269095,-0.9110592137414715,1.54797036773757,2.403717787919384,0.7124613676952668,0.0,0.2641951242866801,0.19007625948146584,-0.09218021845614618,-0.06419512428668014,0.009923740518534164,0.09218021845614618,0.2,0.2,0.0,0.33826800142777724,-0.338541621091053,False
0,625,-0.2077642102269095,-0.9110592137414715,1.54797036773757,2.403717787919384,0.7124613676952668,0.0,0.2641951242866801,0.19007625948146584,-0.09218021845614618,-0.9999725818634033,-0.05523844063282013,0.2805026173591614,0.9998573064804077,0.99906325340271,0.15723386406898499,-0.2088621267821603,-0.9112726425220072,1.5482755196250597,2.4048155753490974,0.7135583870788627,0.0,0.2642269129541668,0.190007908725327,-0.09229883186758688,-0.06422691295416674,0.00999209127467302,0.09229883186758688,0.2,0.2,0.0,0.33828677371659405,-0.3386622194929301,False
0,626,-0.2088621267821603,-0.9112726425220072,1.5482755196250597,2.4048155753490974,0.7135583870788627,0.0,0.2642269129541668,0.190007908725327,-0.09229883186758688,-0.9999933838844299,0.019888056442141533,0.18889795243740082,0.9999954104423523,0.9986870884895325,-0.07169090956449509,-0.20943674762911213,-0.9112927451489189,1.5484257619642294,2.405390144092002,0.714132436041776,0.0,0.2642269129541668,0.190007908725327,-0.09229883186758688,-0.06422691295416674,0.00999209127467302,0.09229883186758688,0.2,0.2,0.0,0.33828677371659405,-0.33828677371659405,False
0,627,-0.20943674762911213,-0.9112927451489189,1.5484257619642294,2.405390144092002,0.714132436041776,0.0,0.2642269129541668,0.190007908725327,-0.09229883186758688,-0.9999914765357971,-0.044525396078825,0.13422061502933502,0.9997920393943787,0.9992891550064087,-0.11611775308847427,-0.20955238098098636,-0.9112890097951911,1.548458519408087,2.4055653177062037,0.7143073786219516,0.0,0.26425175877120843,0.1899506603607782,-0.09241517458661536,-0.06425175877120842,0.010049339639221793,0.09241517458661536,0.2,0.2,0.0,0.3383057934458812,-0.338686188031624,False
0,628,-0.20955238098098636,-0.9112890097951911,1.548458519408087,2.4055653177062037,0.7143073786219516,0.0,0.26425175877120843,0.1899506603607782,-0.09241517458661536,-0.9999953508377075,-0.2635740637779236,0.2859155237674713,0.9999489784240723,0.9990096688270569,0.029489539563655853,-0.20955238098098636,-0.9112890097951911,1.548458519408087,2.4055653177062037,0.7143073786219516,0.0,0.26441040252958903,0.18922521491551986,-0.0938517533085057,-0.06441040252958903,0.010774785084480163,0.0938517533085057,0.2,0.2,0.0,0.3384186675181566,-0.34067614896366444,False
0,629,-0.20955238098098636,-0.9112890097951911,1.548458519408087,2.4055653177062037,0.7143073786219516,0.0,0.26441040252958903,0.18922521491551986,-0.0938517533085057,-0.9999988675117493,0.3591928482055664,0.21955536305904388,0.9999169707298279,0.9997833371162415,-0.10828463733196259,-0.22352706056049462,-0.9119643561540357,1.5503846931392,2.4195082840407482,0.7282430629595519,0.0,0.2644320521296136,0.18913496608567693,-0.09402435964433373,-0.0644320521296136,0.010865033914323089,0.09402435964433373,0.2,0.2,0.0,0.3384330447758255,-0.3387205899292034,False
0,630,-0.22352706056049462,-0.9119643561540357,1.5503846931392,2.4195082840407482,0.7282430629595519,0.0,0.2644320521296136,0.18913496608567693,-0.09402435964433373,-0.9999927282333374,0.08679254353046417,0.3362332284450531,0.999986469745636,0.9991220831871033,-0.18509122729301453,-0.22352706056049462,-0.9119643561540357,1.5503846931392,2.4195082840407482,0.7282430629595519,0.0,0.265119558036231,0.18762025599281437,-0.09692155167591938,-0.06511955803623097,0.012379744007185643,0.09692155167591938,0.2,0.2,0.0,0.3389447266021461,-0.34917836312855827,False
0,631,-0.22352706056049462,-0.9119643561540357,1.5503846931392,2.4195082840407482,0.7282430629595519,0.0,0.265119558036231,0.18762025599281437,-0.09692155167591938,-0.9999963641166687,0.08038212358951569,0.3752681612968445,0.999890923500061,0.9984701871871948,-0.11420353502035141,-0.22352706056049462,-0.9119643561540357,1.5503846931392,2.4195082840407482,0.7282430629595519,0.0,0.2651894590142774,0.1874420984772705,-0.09726265867458468,-0.06518945901427733,0.012557901522729523,0.09726265867458468,0.2,0.2,0.0,0.33899854605336677,-0.3400749350777804,False
0,632,-0.22352706056049462,-0.9119643561540357,1.5503846931392,2.4195082840407482,0.7282430629595519,0.0,0.2651894590142774,0.1874420984772705,-0.09726265867458468,-0.9999940395355225,0.0582616850733757,0.307494580745697,0.9999927878379822,0.9994556903839111,0.05682474374771118,-0.22352706056049462,-0.9119643561540357,1.5503846931392,2.4195082840407482,0.7282430629595519,0.0,0.265219815520072,0.187363431181968,-0.09741314489506339,-0.06521981552007203,0.01263656881803201,0.09741314489506339,0.2,0.2,0.0,0.33902201504788404,-0.3394913949382295,False
0,633,-0.22352706056049462,-0.9119643561540357,1.5503846931392,2.4195082840407482,0.7282430629595519,0.0,0.265219815520072,0.187363431181968,-0.09741314489506339,-0.9999412298202515,0.3081413507461548,0.28124022483825684,0.9999354481697083,0.9980747699737549,-0.18059147894382477,-0.22352706056049462,-0.9119643561540357,1.5503846931392,2.4195082840407482,0.7282430629595519,0.0,0.26522244580945786,0.18735957962174918,-0.09741928703656737,-0.06522244580945785,0.012640420378250826,0.09741928703656737,0.2,0.2,0.0,0.3390237090881735,-0.3390575898939622,False
0,634,-0.22352706056049462,-0.9119643561540357,1.5503846931392,2.4195082840407482,0.7282430629595519,0.0,0.26522244580945786,0.18735957962174918,-0.09741928703656737,-1.0,0.09878870099782944,0.33475151658058167,0.9996510148048401,0.9988924264907837,0.12401138991117477,-0.22352706056049462,-0.9119643561540357,1.5503846931392,2.4195082840407482,0.7282430629595519,0.0,0.26522244580945786,0.18735957962174918,-0.09741928703656737,-0.06522244580945785,0.012640420378250826,0.09741928703656737,0.2,0.2,0.0,0.3390237090881735,-0.3390237090881735,False
0,635,-0.22352706056049462,-0.9119643561540357,1.5503846931392,2.4195082840407482,0.7282430629595519,0.0,0.26522244580945786,0.18735957962174918,-0.09741928703656737,-0.9999942183494568,0.2534565031528473,0.3069712519645691,0.9997281432151794,0.99781733751297,-0.2620217800140381,-0.22352706056049462,-0.9119643561540357,1.5503846931392,2.4195082840407482,0.7282430629595519,0.0,0.26522244580945786,0.18735957962174918,-0.09741928703656737,-0.06522244580945785,0.012640420378250826,0.09741928703656737,0.2,0.2,0.0,0.3390237090881735,-0.3390237090881735,False
0,636,-0.22352706056049462,-0.9119643561540357,1.5503846931392,2.4195082840407482,0.7282430629595519,0.0,0.26522244580945786,0.18735957962174918,-0.09741928703656737,-0.999996542930603,-0.10902043431997299,0.2983153760433197,0.999996542930603,0.9989221692085266,0.03836093470454216,-0.22352706056049462,-0.9119643561540357,1.5503846931392,2.4195082840407482,0.7282430629595519,0.0,0.26522071174398704,0.1873571914712345,-0.09743209095553176,-0.06522071174398704,0.012642808528765512,0.09743209095553176,0.2,0.2,0.0,0.33902471219948394,-0.33904477442569314,False
0,637,-0.22352706056049462,-0.9119643561540357,1.5503846931392,2.4195082840407482,0.7282430629595519,0.0,0.26522071174398704,0.1873571914712345,-0.09743209095553176,-0.9999297857284546,0.5188148021697998,0.40725281834602356,0.9998544454574585,0.9992022514343262,-0.1274285465478897,-0.22352706056049462,-0.9119643561540357,1.5503846931392,2.4195082840407482,0.7282430629595519,0.0,0.26522071174398704,0.1873571914712345,-0.09743209095553176,-0.06522071174398704,0.012642808528765512,0.09743209095553176,0.2,0.2,0.0,0.33902471219948394,-0.33902471219948394,False
0,638,-0.22352706056049462,-0.9119643561540357,1.5503846931392,2.4195082840407482,0.7282430629595519,0.0,0.26522071174398704,0.1873571914712345,-0.09743209095553176,-0.9999692440032959,-0.05838331952691078,0.3539426028728485,0.9997668266296387,0.9985007643699646,0.08817248791456223,-0.22352706056049462,-0.9119643561540357,1.5503846931392,2.4195082840407482,0.7282430629595519,0.0,0.26522154359543254,0.18734853073905222,-0.0974334323814727,-0.06522154359543253,0.012651469260947797,0.0974334323814727,0.2,0.2,0.0,0.33902096233545875,-0.3389459650549551,False
0,639,-0.22352706056049462,-0.9119643561540357,1.5503846931392,2.4195082840407482,0.7282430629595519,0.0,0.26522154359543254,0.18734853073905222,-0.0974334323814727,-0.9998104572296143,-0.11949183791875839,0.2767711281776428,0.9999971985816956,0.9974855780601501,-0.06769164651632309,-0.22352706056049462,-0.9119643561540357,1.5503846931392,2.4195082840407482,0.7282430629595519,0.0,0.26522154359543254,0.18734853073905222,-0.0974334323814727,-0.06522154359543253,0.012651469260947797,0.0974334323814727,0.2,0.2,0.0,0.33902096233545875,-0.33902096233545875,False
0,640,-0.22352706056049462,-0.9119643561540357,1.5503846931392,2.4195082840407482,0.7282430629595519,0.0,0.26522154359543254,0.18734853073905222,-0.0974334323814727,-0.9988484978675842,0.32722651958465576,0.30482882261276245,0.9996650815010071,0.9990549683570862,-0.08008918911218643,-0.22352706056049462,-0.9119643561540357,1.5503846931392,2.4195082840407482,0.7282430629595519,0.0,0.2652246462928346,0.18734306031025874,-0.09743892784471561,-0.06522464629283456,0.01265693968974127,0.09743892784471561,0.2,0.2,0.0,0.3390219460552667,-0.3390416204514256,False
0,641,-0.22352706056049462,-0.9119643561540357,1.5503846931392,2.4195082840407482,0.7282430629595519,0.0,0.2652246462928346,0.18734306031025874,-0.09743892784471561,-0.9999310970306396,0.0717267096042633,0.3454321622848511,0.9999727606773376,0.9946674704551697,-0.18092070519924164,-0.25148158465414483,-0.9093204786360776,1.5596958919962756,2.4474636045432145,0.7561770642287997,0.0,0.26522329192746136,0.18733871746559036,-0.09746478880815394,-0.06522329192746135,0.01266128253440966,0.09746478880815394,0.2,0.2,0.0,0.33902592039534346,-0.3391054071968787,False
0,642,-0.25148158465414483,-0.9093204786360776,1.5596958919962756,2.4474636045432145,0.7561770642287997,0.0,0.26522329192746136,0.18733871746559036,-0.09746478880815394,-0.9999935030937195,0.05172045901417732,0.48581141233444214,0.999951183795929,0.9992254972457886,-0.10232456028461456,-0.25148158465414483,-0.9093204786360776,1.5596958919962756,2.4474636045432145,0.7561770642287997,0.0,0.26526992622469703,0.1872569326569912,-0.0976025658432161,-0.06526992622469704,0.012743067343008806,0.0976025658432161,0.2,0.2,0.0,0.3390568587221625,-0.33967562525854356,False
0,643,-0.25148158465414483,-0.9093204786360776,1.5596958919962756,2.4474636045432145,0.7561770642287997,0.0,0.26526992622469703,0.1872569326569912,-0.0976025658432161,-0.9959632754325867,0.48311758041381836,0.47092798352241516,0.9999970197677612,0.9949750900268555,0.028115222230553627,-0.25148158465414483,-0.9093204786360776,1.5596958919962756,2.4474636045432145,0.7561770642287997,0.0,0.26533144927205676,0.18714872394675397,-0.09779002296475175,-0.06533144927205674,0.012851276053246034,0.09779002296475175,0.2,0.2,0.0,0.33909926487557446,-0.33994738794381335,False
0,644,-0.25148158465414483,-0.9093204786360776,1.5596958919962756,2.4474636045432145,0.7561770642287997,0.0,0.26533144927205676,0.18714872394675397,-0.09779002296475175,-0.9999439716339111,0.07382672280073166,0.5518165826797485,0.9999982118606567,0.998183012008667,-0.01805488020181656,-0.2531281676472601,-0.9096297910498868,1.5605348054350527,2.4491104040626563,0.7577327329932189,0.0,0.2656517245706753,0.18663010927190793,-0.09869527829716612,-0.06565172457067532,0.013369890728092087,0.09869527829716612,0.2,0.2,0.0,0.339326383313136,-0.3438687520643674,False
0,645,-0.2531281676472601,-0.9096297910498868,1.5605348054350527,2.4491104040626563,0.7577327329932189,0.0,0.2656517245706753,0.18663010927190793,-0.09869527829716612,-0.9999999403953552,0.4355175495147705,0.4500875473022461,0.999975323677063,0.9959267973899841,-0.027393203228712082,-0.2531281676472601,-0.9096297910498868,1.5605348054350527,2.4491104040626563,0.7577327329932189,0.0,0.26597971585105723,0.18607346646910236,-0.09965909025376546,-0.06597971585105722,0.01392653353089765,0.09965909025376546,0.2,0.2,0.0,0.3395592414266551,-0.3442164036970368,False
0,646,-0.2531281676472601,-0.9096297910498868,1.5605348054350527,2.4491104040626563,0.7577327329932189,0.0,0.26597971585105723,0.18607346646910236,-0.09965909025376546,-0.9999921321868896,-0.004388110712170601,0.4993007481098175,0.999990701675415,0.9945187568664551,0.11281569302082062,-0.2531281676472601,-0.9096297910498868,1.5605348054350527,2.4491104040626563,0.7577327329932189,0.0,0.26626861449405126,0.18554779806853022,-0.10056950579414604,-0.06626861449405126,0.01445220193146979,0.10056950579414604,0.2,0.2,0.0,0.3397663696252773,-0.3439089335977208,False
0,647,-0.2531281676472601,-0.9096297910498868,1.5605348054350527,2.4491104040626563,0.7577327329932189,0.0,0.26626861449405126,0.18554779806853022,-0.10056950579414604,-0.9999995231628418,0.37181809544563293,0.5291013121604919,0.9999991655349731,0.9983795881271362,0.0672268196940422,-0.2531281676472601,-0.9096297910498868,1.5605348054350527,2.4491104040626563,0.7577327329932189,0.0,0.26631340435429496,0.18543224456848956,-0.10080135724257719,-0.06631340435429497,0.014567755431510454,0.10080135724257719,0.2,0.2,0.0,0.3398070927547393,-0.34062155534397964,False
0,648,-0.2531281676472601,-0.9096297910498868,1.5605348054350527,2.4491104040626563,0.7577327329932189,0.0,0.26631340435429496,0.18543224456848956,-0.10080135724257719,-0.9999819397926331,0.2309163361787796,0.41889771819114685,0.9999979138374329,0.9990507960319519,0.00048304718802683055,-0.2531281676472601,-0.9096297910498868,1.5605348054350527,2.4491104040626563,0.7577327329932189,0.0,0.26631340435429496,0.18543224456848956,-0.10080135724257719,-0.06631340435429497,0.014567755431510454,0.10080135724257719,0.2,0.2,0.0,0.3398070927547393,-0.3398070927547393,False
0,649,-0.2531281676472601,-0.9096297910498868,1.5605348054350527,2.4491104040626563,0.7577327329932189,0.0,0.26631340435429496,0.18543224456848956,-0.10080135724257719,-0.99998539686203,0.6192152500152588,0.5238559246063232,0.9999884366989136,0.9984789490699768,-0.005896514747291803,-0.2531281676472601,-0.9096297910498868,1.5605348054350527,2.4491104040626563,0.7577327329932189,0.0,0.26631340435429496,0.18543224456848956,-0.10080135724257719,-0.06631340435429497,0.014567755431510454,0.10080135724257719,0.2,0.2,0.0,0.3398070927547393,-0.3398070927547393,False
0,650,-0.2531281676472601,-0.9096297910498868,1.5605348054350527,2.4491104040626563,0.7577327329932189,0.0,0.26631340435429496,0.18543224456848956,-0.10080135724257719,-0.9999991655349731,-0.20293095707893372,0.46989157795906067,0.9999175071716309,0.9984646439552307,-0.1699499636888504,-0.2531281676472601,-0.9096297910498868,1.5605348054350527,2.4491104040626563,0.7577327329932189,0.0,0.2662884501913275,0.1851643708701645,-0.10086003302325071,-0.0662884501913275,0.014835629129835513,0.10086003302325071,0.2,0.2,0.0,0.33965884237937066,-0.33669383487199783,False
0,651,-0.2531281676472601,-0.9096297910498868,1.5605348054350527,2.4491104040626563,0.7577327329932189,0.0,0.2662884501913275,0.1851643708701645,-0.10086003302325071,-0.9999996423721313,0.5454790592193604,0.5357365608215332,0.9999805092811584,0.9977105855941772,0.018397131934762,-0.2531281676472601,-0.9096297910498868,1.5605348054350527,2.4491104040626563,0.7577327329932189,0.0,0.2662888904695108,0.185164071295029,-0.10086511318185208,-0.06628889046951081,0.014835928704971014,0.10086511318185208,0.2,0.2,0.0,0.3396605328018278,-0.33969434125097026,False
0,652,-0.2531281676472601,-0.9096297910498868,1.5605348054350527,2.4491104040626563,0.7577327329932189,0.0,0.2662888904695108,0.185164071295029,-0.10086511318185208,-0.9999998807907104,0.1895357370376587,0.575461208820343,0.9999416470527649,0.9975185990333557,-0.05920713394880295,-0.2531281676472601,-0.9096297910498868,1.5605348054350527,2.4491104040626563,0.7577327329932189,0.0,0.2662935534604315,0.1851626444899112,-0.10091708685749903,-0.0662935534604315,0.014837355510088811,0.10091708685749903,0.2,0.2,0.0,0.3396788482506453,-0.3400451572269959,False
0,653,-0.2531281676472601,-0.9096297910498868,1.5605348054350527,2.4491104040626563,0.7577327329932189,0.0,0.2662935534604315,0.1851626444899112,-0.10091708685749903,-0.9999976754188538,0.35559213161468506,0.5906875133514404,0.9999988675117493,0.9984123706817627,0.009129872545599937,-0.2531281676472601,-0.9096297910498868,1.5605348054350527,2.4491104040626563,0.7577327329932189,0.0,0.2662935534604315,0.1851626444899112,-0.10091708685749903,-0.0662935534604315,0.014837355510088811,0.10091708685749903,0.2,0.2,0.0,0.3396788482506453,-0.3396788482506453,False
0,654,-0.2531281676472601,-0.9096297910498868,1.5605348054350527,2.4491104040626563,0.7577327329932189,0.0,0.2662935534604315,0.1851626444899112,-0.10091708685749903,-0.9999994039535522,0.6018226146697998,0.5503576993942261,0.9999914169311523,0.9989338517189026,0.064162977039814,-0.2531281676472601,-0.9096297910498868,1.5605348054350527,2.4491104040626563,0.7577327329932189,0.0,0.2662935534604315,0.1851626444899112,-0.10091708685749903,-0.0662935534604315,0.014837355510088811,0.10091708685749903,0.2,0.2,0.0,0.3396788482506453,-0.3396788482506453,False
0,655,-0.2531281676472601,-0.9096297910498868,1.5605348054350527,2.4491104040626563,0.7577327329932189,0.0,0.2662935534604315,0.1851626444899112,-0.10091708685749903,-0.9998038411140442,0.23943684995174408,0.5385918021202087,0.9999913573265076,0.9947606921195984,-0.016284624114632607,-0.2831013703840269,-0.9142120772635284,1.5747822461017116,2.4790813133575518,0.7876586680118428,0.0,0.26629746881005023,0.18516146994600086,-0.10093788521674353,-0.06629746881005025,0.014838530053999148,0.10093788521674353,0.2,0.2,0.0,0.33968745711202225,-0.33985963433956096,False
0,656,-0.2831013703840269,-0.9142120772635284,1.5747822461017116,2.4790813133575518,0.7876586680118428,0.0,0.26629746881005023,0.18516146994600086,-0.10093788521674353,-0.9999717473983765,0.16648411750793457,0.43649324774742126,0.999957263469696,0.9991884231567383,0.010556726716458797,-0.2836355053937773,-0.9140556204085886,1.575026325111939,2.479615486196726,0.7881917858244903,0.0,0.26630327884344646,0.1851489044873437,-0.10096855857687906,-0.06630327884344646,0.014851095512656311,0.10096855857687906,0.2,0.2,0.0,0.3396942786929544,-0.3398307103115969,False
0,657,-0.2836355053937773,-0.9140556204085886,1.575026325111939,2.479615486196726,0.7881917858244903,0.0,0.26630327884344646,0.1851489044873437,-0.10096855857687906,-0.9999948143959045,-0.49248144030570984,0.6056632995605469,0.999907374382019,0.9974362254142761,-0.11719565838575363,-0.28422496428804106,-0.9141938007392827,1.5753421925882938,2.480200737788655,0.7887759849313429,0.0,0.2663252050403667,0.18509603395743696,-0.10105936811550545,-0.06632520504036671,0.014903966042563055,0.10105936811550545,0.2,0.2,0.0,0.33970965913625606,-0.3400172680022897,False
0,658,-0.28422496428804106,-0.9141938007392827,1.5753421925882938,2.480200737788655,0.7887759849313429,0.0,0.2663252050403667,0.18509603395743696,-0.10105936811550545,-0.9999998807907104,0.20613828301429749,0.6262373328208923,0.9999939799308777,0.9989838004112244,-0.05262231081724167,-0.2849252537396297,-0.9143320103941815,1.5757724518271423,2.480899691936353,0.7894736405990482,0.0,0.26636234105366274,0.18503198821989647,-0.10114909583897899,-0.06636234105366276,0.014968011780103537,0.10114909583897899,0.2,0.2,0.0,0.3397305888277336,-0.3401491826572845,False
0,659,-0.2849252537396297,-0.9143320103941815,1.5757724518271423,2.480899691936353,0.7894736405990482,0.0,0.26636234105366274,0.18503198821989647,-0.10114909583897899,-0.999995768070221,-0.18864905834197998,0.45421987771987915,0.9999523162841797,0.9992771744728088,-0.0679771900177002,-0.28585204731821395,-0.9141802353434618,1.5763324402119527,2.481826513055631,0.7903995826472647,0.0,0.26636234105366274,0.18503198821989647,-0.10114909583897899,-0.06636234105366276,0.014968011780103537,0.10114909583897899,0.2,0.2,0.0,0.3397305888277336,-0.3397305888277336,False
0,660,-0.28585204731821395,-0.9141802353434618,1.5763324402119527,2.481826513055631,0.7903995826472647,0.0,0.26636234105366274,0.18503198821989647,-0.10114909583897899,-0.9998604655265808,0.2999681830406189,0.5584123134613037,0.999938428401947,0.9982994794845581,0.027136970311403275,-0.28585204731821395,-0.9141802353434618,1.5763324402119527,2.481826513055631,0.7903995826472647,0.0,0.2667676118711376,0.1841080092514075,-0.10281953838478552,-0.0667676118711376,0.01589199074859251,0.10281953838478552,0.2,0.2,0.0,0.34004790146037756,-0.3463941541132566,False
0,661,-0.28585204731821395,-0.9141802353434618,1.5763324402119527,2.481826513055631,0.7903995826472647,0.0,0.2667676118711376,0.1841080092514075,-0.10281953838478552,-0.9999911785125732,0.5012003779411316,0.6038840413093567,0.9999880790710449,0.9988092184066772,-0.050930459052324295,-0.2990206656877702,-0.911816462614146,1.5833409588126832,2.494995741369009,0.8035504655734097,0.0,0.2667949924310919,0.1840458228013298,-0.10294247053237326,-0.06679499243109187,0.0159541771986702,0.10294247053237326,0.2,0.2,0.0,0.34007291147081004,-0.34057311167945964,False
0,662,-0.2990206656877702,-0.911816462614146,1.5833409588126832,2.494995741369009,0.8035504655734097,0.0,0.2667949924310919,0.1840458228013298,-0.10294247053237326,-0.9999998211860657,0.46401533484458923,0.5398728251457214,0.9999628067016602,0.9992278814315796,0.006958971731364727,-0.29947521163652824,-0.9115773080708249,1.583598050524886,2.495450269934697,0.8040046338251149,0.0,0.2668070871345416,0.18401889079439757,-0.1030002556209676,-0.06680708713454162,0.015981109205602438,0.1030002556209676,0.2,0.2,0.0,0.3400853224889365,-0.34033354285146633,False
0,663,-0.29947521163652824,-0.9115773080708249,1.583598050524886,2.495450269934697,0.8040046338251149,0.0,0.2668070871345416,0.18401889079439757,-0.1030002556209676,-0.9999974370002747,-0.11138992011547089,0.4791029989719391,0.9999487400054932,0.9993436336517334,-0.05876385048031807,-0.2998886576484006,-0.9114889709430744,1.5838102407021946,2.4958604211372,0.8044145071287606,0.0,0.2668070871345416,0.18401889079439757,-0.1030002556209676,-0.06680708713454162,0.015981109205602438,0.1030002556209676,0.2,0.2,0.0,0.3400853224889365,-0.3400853224889365,False
0,664,-0.2998886576484006,-0.9114889709430744,1.5838102407021946,2.4958604211372,0.8044145071287606,0.0,0.2668070871345416,0.18401889079439757,-0.1030002556209676,-0.9999982714653015,-0.3067547678947449,0.574204683303833,0.9999480247497559,0.9990659952163696,0.0072600627318024635,-0.2998886576484006,-0.9114889709430744,1.5838102407021946,2.4958604211372,0.8044145071287606,0.0,0.2669452994021525,0.18370336367336376,-0.10346834199291051,-0.06694529940215252,0.016296636326636256,0.10346834199291051,0.2,0.2,0.0,0.3401652781995465,-0.3417643924117461,False
0,665,-0.2998886576484006,-0.9114889709430744,1.5838102407021946,2.4958604211372,0.8044145071287606,0.0,0.2669452994021525,0.18370336367336376,-0.10346834199291051,-0.9999998211860657,0.04410174489021301,0.6426253914833069,0.9999805092811584,0.9993531107902527,0.02490905672311783,-0.2998886576484006,-0.9114889709430744,1.5838102407021946,2.4958604211372,0.8044145071287606,0.0,0.26741916459868664,0.1826242844745337,-0.10501848620610449,-0.0674191645986866,0.01737571552546633,0.10501848620610449,0.2,0.2,0.0,0.3404313753453354,-0.34575331826111344,False
0,666,-0.2998886576484006,-0.9114889709430744,1.5838102407021946,2.4958604211372,0.8044145071287606,0.0,0.26741916459868664,0.1826242844745337,-0.10501848620610449,-0.9999980926513672,0.47151339054107666,0.561829686164856,0.999965250492096,0.9975548982620239,0.09610103070735931,-0.32250609607795294,-0.9139300686608383,1.5976548631260534,2.518476559554899,0.8270139806926433,0.0,0.2675823538124546,0.1822856120610448,-0.1056811196283497,-0.06758235381245457,0.017714387938955217,0.1056811196283497,0.2,0.2,0.0,0.3405831168484206,-0.34361794691012393,False
0,667,-0.32250609607795294,-0.9139300686608383,1.5976548631260534,2.518476559554899,0.8270139806926433,0.0,0.2675823538124546,0.1822856120610448,-0.1056811196283497,-0.9999703168869019,0.3775861859321594,0.5227523446083069,0.9999293684959412,0.9954614043235779,0.0034709507599473,-0.3234659743931908,-0.9134397232632431,1.5983177066582408,2.5194355764145073,0.8279718633827569,0.0,0.2675916899120887,0.18226445843850483,-0.10572458337528726,-0.06759168991208866,0.017735541561495177,0.10572458337528726,0.2,0.2,0.0,0.34059262007531366,-0.3407826846131753,False
0,668,-0.3234659743931908,-0.9134397232632431,1.5983177066582408,2.5194355764145073,0.8279718633827569,0.0,0.2675916899120887,0.18226445843850483,-0.10572458337528726,-0.9999988079071045,0.41919127106666565,0.5235114097595215,0.9999958872795105,0.9978330731391907,0.013302643783390522,-0.3240434467777535,-0.913216319543788,1.5986172427716123,2.520012654970729,0.8285467324909193,0.0,0.26760214200446375,0.18222057039782902,-0.10581398880001765,-0.06760214200446375,0.017779429602171007,0.10581398880001765,0.2,0.2,0.0,0.3406051128612981,-0.34085496858098646,False
0,669,-0.3240434467777535,-0.913216319543788,1.5986172427716123,2.520012654970729,0.8285467324909193,0.0,0.26760214200446375,0.18222057039782902,-0.10581398880001765,-0.9999507665634155,-0.10123340785503387,0.5165099501609802,0.9999765157699585,0.9997034072875977,-0.06474762409925461,-0.3246249005287187,-0.9130656212780243,1.598920436283814,2.5205941183039102,0.829127293627702,0.0,0.2676142522580392,0.18217212471529365,-0.10590864483630281,-0.0676142522580392,0.017827875284706356,0.10590864483630281,0.2,0.2,0.0,0.34061813235054894,-0.34087852213556624,False
0,670,-0.3246249005287187,-0.9130656212780243,1.598920436283814,2.5205941183039102,0.829127293627702,0.0,0.2676142522580392,0.18217212471529365,-0.10590864483630281,-0.9514631628990173,0.22105778753757477,0.5440431833267212,0.9999834299087524,0.9992599487304688,-0.03971691057085991,-0.3246249005287187,-0.9130656212780243,1.598920436283814,2.5205941183039102,0.829127293627702,0.0,0.2680658779779721,0.180170686953576,-0.1098665639921778,-0.06806587797797209,0.01982931304642401,0.1098665639921778,0.2,0.2,0.0,0.3411619164808285,-0.35203759908641963,False
0,671,-0.3246249005287187,-0.9130656212780243,1.598920436283814,2.5205941183039102,0.829127293627702,0.0,0.2680658779779721,0.180170686953576,-0.1098665639921778,-0.9999999403953552,0.34636858105659485,0.6691204309463501,0.9999732971191406,0.9986647367477417,-0.003267254214733839,-0.3246249005287187,-0.9130656212780243,1.598920436283814,2.5205941183039102,0.829127293627702,0.0,0.2680870711145813,0.18015439186425017,-0.10988591697793335,-0.06808707111458127,0.019845608135749843,0.10988591697793335,0.2,0.2,0.0,0.3411761969376727,-0.34146180607455684,False
0,672,-0.3246249005287187,-0.9130656212780243,1.598920436283814,2.5205941183039102,0.829127293627702,0.0,0.2680870711145813,0.18015439186425017,-0.10988591697793335,-1.0,0.6491379737854004,0.646392822265625,0.9999579787254333,0.9987989068031311,0.008809332735836506,-0.3246249005287187,-0.9130656212780243,1.598920436283814,2.5205941183039102,0.829127293627702,0.0,0.2680980209171798,0.18014616006942358,-0.1098955246271334,-0.06809802091717984,0.019853839930576433,0.1098955246271334,0.2,0.2,0.0,0.34118354904734177,-0.3413305912407231,False
0,673,-0.3246249005287187,-0.9130656212780243,1.598920436283814,2.5205941183039102,0.829127293627702,0.0,0.2680980209171798,0.18014616006942358,-0.1098955246271334,-0.9999678134918213,0.6320162415504456,0.6439002752304077,0.9999389052391052,0.9986869096755981,-0.06670732796192169,-0.3246249005287187,-0.9130656212780243,1.598920436283814,2.5205941183039102,0.829127293627702,0.0,0.2681132402900137,0.18011460593392603,-0.11013015537356208,-0.06811324029001373,0.019885394066073994,0.11013015537356208,0.2,0.2,0.0,0.34125449742406183,-0.342673464958463,False
0,674,-0.3246249005287187,-0.9130656212780243,1.598920436283814,2.5205941183039102,0.829127293627702,0.0,0.2681132402900137,0.18011460593392603,-0.11013015537356208,-0.9625291228294373,0.18672367930412292,0.6442221403121948,0.999733030796051,0.9982170462608337,0.07654640078544617,-0.3537605943694374,-0.9020056638561038,1.6165539892772094,2.5505909700910947,0.8590967117511161,0.0,0.2681132402900137,0.18011460593392603,-0.11013015537356208,-0.06811324029001373,0.019885394066073994,0.11013015537356208,0.2,0.2,0.0,0.34125449742406183,-0.34125449742406183,False
0,675,-0.3537605943694374,-0.9020056638561038,1.6165539892772094,2.5505909700910947,0.8590967117511161,0.0,0.2681132402900137,0.18011460593392603,-0.11013015537356208,-0.9992137551307678,-0.6880281567573547,0.559157133102417,0.9998913407325745,0.9993820786476135,-0.07010459899902344,-0.3537605943694374,-0.9020056638561038,1.6165539892772094,2.5505909700910947,0.8590967117511161,0.0,0.2681193328760753,0.18011017671979357,-0.11014565403486945,-0.06811933287607529,0.01988982328020643,0.11014565403486945,0.2,0.2,0.0,0.341261948542049,-0.34141097090179234,False
0,676,-0.3537605943694374,-0.9020056638561038,1.6165539892772094,2.5505909700910947,0.8590967117511161,0.0,0.2681193328760753,0.18011017671979357,-0.11014565403486945,-0.9999999403953552,0.24999716877937317,0.599379301071167,0.9999670386314392,0.9998507499694824,-0.04587729275226593,-0.35379751433014867,-0.901685083723057,1.6166550095382681,2.5505909950263836,0.8590961600415769,0.0,0.2681193328760753,0.18011017671979357,-0.11014565403486945,-0.06811933287607529,0.01988982328020643,0.11014565403486945,0.2,0.2,0.0,0.341261948542049,-0.341261948542049,False
0,677,-0.35379751433014867,-0.901685083723057,1.6166550095382681,2.5505909950263836,0.8590961600415769,0.0,0.2681193328760753,0.18011017671979357,-0.11014565403486945,-1.0,-0.7893477082252502,0.7266880869865417,0.9999745488166809,0.9995280504226685,-0.061365850269794464,-0.3541457999654362,-0.9020145818022429,1.6169456314142054,2.5509479814100744,0.859452518160454,0.0,0.26812691828213076,0.18009604981638744,-0.11015890078667506,-0.06812691828213074,0.019903950183612573,0.11015890078667506,0.2,0.2,0.0,0.3412647284579343,-0.3413203267756407,False
0,678,-0.3541457999654362,-0.9020145818022429,1.6169456314142054,2.5509479814100744,0.859452518160454,0.0,0.26812691828213076,0.18009604981638744,-0.11015890078667506,-0.9999986290931702,0.9459289312362671,0.45061197876930237,0.9999354481697083,0.9988131523132324,-0.08484894037246704,-0.3549084537862273,-0.9020974658524615,1.6174167950479705,2.5517081167532214,0.8602121193839681,0.0,0.26814674374323094,0.18002701659645298,-0.11025692545079208,-0.06814674374323094,0.019972983403547036,0.11025692545079208,0.2,0.2,0.0,0.3412755374980443,-0.3414917183002437,False
0,679,-0.3549084537862273,-0.9020974658524615,1.6174167950479705,2.5517081167532214,0.8602121193839681,0.0,0.26814674374323094,0.18002701659645298,-0.11025692545079208,-0.9926267266273499,-0.2963421046733856,0.451493501663208,0.9997622966766357,0.9989297389984131,-0.1357581913471222,-0.35600416356585846,-0.9014073318786444,1.6179081810943532,2.5528055213135197,0.8613083693990429,0.0,0.26814041791322757,0.17995746898295895,-0.11042949273003143,-0.06814041791322757,0.020042531017041072,0.11042949273003143,0.2,0.2,0.0,0.3412896822730582,-0.34157257777333694,False
0,680,-0.35600416356585846,-0.9014073318786444,1.6179081810943532,2.5528055213135197,0.8613083693990429,0.0,0.26814041791322757,0.17995746898295895,-0.11042949273003143,-0.9999999403953552,0.9342541098594666,0.5709097385406494,0.999880313873291,0.9976798892021179,-0.23382963240146637,-0.35600416356585846,-0.9014073318786444,1.6179081810943532,2.5528055213135197,0.8613083693990429,0.0,0.2681212457236607,0.17933306169682509,-0.11210125178890294,-0.06812124572366068,0.02066693830317493,0.11210125178890294,0.2,0.2,0.0,0.3414909077539312,-0.3455154173713908,False
0,681,-0.35600416356585846,-0.9014073318786444,1.6179081810943532,2.5528055213135197,0.8613083693990429,0.0,0.2681212457236607,0.17933306169682509,-0.11210125178890294,-0.9940226078033447,0.6364514231681824,0.6257224082946777,0.9999375939369202,0.9998121857643127,-0.19327601790428162,-0.35600416356585846,-0.9014073318786444,1.6179081810943532,2.5528055213135197,0.8613083693990429,0.0,0.26808121051017203,0.1789477229842042,-0.11316856034207148,-0.06808121051017203,0.02105227701579583,0.11316856034207148,0.2,0.2,0.0,0.34160934711996355,-0.3439781344406104,False
0,682,-0.35600416356585846,-0.9014073318786444,1.6179081810943532,2.5528055213135197,0.8613083693990429,0.0,0.26808121051017203,0.1789477229842042,-0.11316856034207148,-0.9148352146148682,0.6831703186035156,0.7367451190948486,0.999978244304657,0.9995697736740112,-0.06316067278385162,-0.35600416356585846,-0.9014073318786444,1.6179081810943532,2.5528055213135197,0.8613083693990429,0.0,0.2680547519612946,0.17868415269512825,-0.1138719680039073,-0.06805475196129458,0.02131584730487176,0.1138719680039073,0.2,0.2,0.0,0.34168435956374993,-0.34318460843947757,False
0,683,-0.35600416356585846,-0.9014073318786444,1.6179081810943532,2.5528055213135197,0.8613083693990429,0.0,0.2680547519612946,0.17868415269512825,-0.1138719680039073,-0.989910364151001,0.5937178134918213,0.6796369552612305,0.9999649524688721,0.9999264478683472,-0.21321764588356018,-0.35600416356585846,-0.9014073318786444,1.6179081810943532,2.5528055213135197,0.8613083693990429,0.0,0.2682301464174942,0.17839796503367442,-0.11443660836777292,-0.06823014641749421,0.021602034966325588,0.11443660836777292,0.2,0.2,0.0,0.34186105760970426,-0.3453950185287908,False
0,684,-0.35600416356585846,-0.9014073318786444,1.6179081810943532,2.5528055213135197,0.8613083693990429,0.0,0.2682301464174942,0.17839796503367442,-0.11443660836777292,-0.9988012909889221,0.45187628269195557,0.6033492088317871,0.9999664425849915,0.9955415725708008,-0.08451113104820251,-0.3804101122997831,-0.8819519673903706,1.6356493887322,2.578705277892409,0.8871846946456258,0.0,0.26831233817358785,0.1782668661881003,-0.11469665157633312,-0.06831233817358782,0.02173313381189971,0.11469665157633312,0.2,0.2,0.0,0.34194430581532803,-0.34360926992780355,False
0,685,-0.3804101122997831,-0.8819519673903706,1.6356493887322,2.578705277892409,0.8871846946456258,0.0,0.26831233817358785,0.1782668661881003,-0.11469665157633312,-0.9999923706054688,0.8559526801109314,0.693327784538269,0.9999861717224121,0.999698281288147,-0.27489155530929565,-0.38059560007012,-0.8818863175241299,1.635755288664054,2.578874725974393,0.8873538580896206,0.0,0.26831233817358785,0.1782668661881003,-0.11469665157633312,-0.06831233817358782,0.02173313381189971,0.11469665157633312,0.2,0.2,0.0,0.34194430581532803,-0.34194430581532803,False
0,686,-0.38059560007012,-0.8818863175241299,1.635755288664054,2.578874725974393,0.8873538580896206,0.0,0.26831233817358785,0.1782668661881003,-0.11469665157633312,-0.9999992251396179,0.8214004039764404,0.5171863436698914,0.9999344348907471,0.9982744455337524,-0.29109781980514526,-0.38136053714431867,-0.8812335309358323,1.6362650530604443,2.5796386020825994,0.8881173563929671,0.0,0.2683105126236214,0.1782302651993052,-0.11478895020199438,-0.06831051262362137,0.021769734800694794,0.11478895020199438,0.2,0.2,0.0,0.34195476558434024,-0.34216396096458435,False
0,687,-0.38136053714431867,-0.8812335309358323,1.6362650530604443,2.5796386020825994,0.8881173563929671,0.0,0.2683105126236214,0.1782302651993052,-0.11478895020199438,-0.9999998211860657,0.7054821848869324,0.6112421751022339,0.999975323677063,0.9947282075881958,-0.1767454743385315,-0.38205343516765966,-0.8806788618155282,1.6366320476309881,2.5803291715197267,0.8888063251101251,0.0,0.2682980223970901,0.17817306800087854,-0.11494599165489078,-0.0682980223970901,0.021826931999121477,0.11494599165489078,0.2,0.2,0.0,0.34196791074684385,-0.34223081399691613,False
0,688,-0.38205343516765966,-0.8806788618155282,1.6366320476309881,2.5803291715197267,0.8888063251101251,0.0,0.2682980223970901,0.17817306800087854,-0.11494599165489078,-0.9999741315841675,0.4109993875026703,0.5999459624290466,0.9998806118965149,0.9996675848960876,-0.26609721779823303,-0.3828629410366328,-0.8801387899019317,1.637161148192272,2.5811969445678056,0.8896679488381245,0.0,0.26829345166278584,0.17812440431982166,-0.1150761763791668,-0.06829345166278585,0.02187559568017835,0.1150761763791668,0.2,0.2,0.0,0.34198275685986274,-0.34227967912024043,False
0,689,-0.3828629410366328,-0.8801387899019317,1.637161148192272,2.5811969445678056,0.8896679488381245,0.0,0.26829345166278584,0.17812440431982166,-0.1150761763791668,-1.0,0.3368106782436371,0.6253399848937988,0.9999446868896484,0.997405469417572,-0.23198430240154266,-0.38344047757784255,-0.8799296574510563,1.6375163897024039,2.5817740013741823,0.8902436116068885,0.0,0.26829148073051,0.17807462363110813,-0.11518288676019155,-0.06829148073051,0.02192537636889188,0.11518288676019155,0.2,0.2,0.0,0.34199120985244863,-0.3421602697041665,False
0,690,-0.38344047757784255,-0.8799296574510563,1.6375163897024039,2.5817740013741823,0.8902436116068885,0.0,0.26829148073051,0.17807462363110813,-0.11518288676019155,-0.9998957514762878,0.6822595000267029,0.6651962399482727,0.9998846650123596,0.999879777431488,-0.19418224692344666,-0.38344047757784255,-0.8799296574510563,1.6375163897024039,2.5817740013741823,0.8902436116068885,0.0,0.26812722023420915,0.17682981789882993,-0.11830483105701964,-0.06812722023420915,0.023170182101170073,0.11830483105701964,0.2,0.2,0.0,0.3422820821779712,-0.3480995286884222,False
0,691,-0.38344047757784255,-0.8799296574510563,1.6375163897024039,2.5817740013741823,0.8902436116068885,0.0,0.26812722023420915,0.17682981789882993,-0.11830483105701964,-0.9999999403953552,0.29291608929634094,0.6405603885650635,0.9999527931213379,0.9992517232894897,-0.3426611125469208,-0.4037181784335768,-0.8661893116622311,1.6509990468282598,2.6020514683737495,0.9105206657444936,0.0,0.26811632011952313,0.17677480222995157,-0.11844162124789878,-0.06811632011952314,0.02322519777004844,0.11844162124789878,0.2,0.2,0.0,0.34229243266789267,-0.34249944246632236,False
0,692,-0.4037181784335768,-0.8661893116622311,1.6509990468282598,2.6020514683737495,0.9105206657444936,0.0,0.26811632011952313,0.17677480222995157,-0.11844162124789878,-0.9999997615814209,0.35127386450767517,0.36229175329208374,0.9999714493751526,0.998110294342041,-0.38928452134132385,-0.4037181784335768,-0.8661893116622311,1.6509990468282598,2.6020514683737495,0.9105206657444936,0.0,0.2680958706381605,0.17670098244382168,-0.11858494953169457,-0.06809587063816047,0.023299017556178324,0.11858494953169457,0.2,0.2,0.0,0.34228792456830787,-0.3421977625766119,False
0,693,-0.4037181784335768,-0.8661893116622311,1.6509990468282598,2.6020514683737495,0.9105206657444936,0.0,0.2680958706381605,0.17670098244382168,-0.11858494953169457,-0.9999867677688599,0.814966082572937,0.7377865314483643,0.9999492764472961,0.9975874423980713,-0.38329267501831055,-0.4037181784335768,-0.8661893116622311,1.6509990468282598,2.6020514683737495,0.9105206657444936,0.0,0.2677139421622518,0.17609041690611382,-0.12018345289592529,-0.06771394216225181,0.023909583093886196,0.12018345289592529,0.2,0.2,0.0,0.34223186891961066,-0.34111075594566653,False
0,694,-0.4037181784335768,-0.8661893116622311,1.6509990468282598,2.6020514683737495,0.9105206657444936,0.0,0.2677139421622518,0.17609041690611382,-0.12018345289592529,-0.9916896820068359,0.9274260997772217,0.7453579306602478,0.9999001026153564,0.9991710186004639,-0.31991302967071533,-0.4037181784335768,-0.8661893116622311,1.6509990468282598,2.6020514683737495,0.9105206657444936,0.0,0.26750441625930477,0.17578895902299463,-0.1209913392413479,-0.06750441625930477,0.024211040977005376,0.1209913392413479,0.2,0.2,0.0,0.34219771332379534,-0.3415146014074889,False
0,695,-0.4037181784335768,-0.8661893116622311,1.6509990468282598,2.6020514683737495,0.9105206657444936,0.0,0.26750441625930477,0.17578895902299463,-0.1209913392413479,-0.9998576045036316,-0.07237904518842697,0.40083688497543335,0.9999169707298279,0.9999260306358337,-0.3438243269920349,-0.4037181784335768,-0.8661893116622311,1.6509990468282598,2.6020514683737495,0.9105206657444936,0.0,0.2675078425194489,0.17574336447053962,-0.12114320328362516,-0.06750784251944889,0.02425663552946039,0.12114320328362516,0.2,0.2,0.0,0.3422306994801211,-0.34289042260663594,False
0,696,-0.4037181784335768,-0.8661893116622311,1.6509990468282598,2.6020514683737495,0.9105206657444936,0.0,0.2675078425194489,0.17574336447053962,-0.12114320328362516,-0.9969158172607422,-0.7613018751144409,0.8085569143295288,0.9999676942825317,0.9983780980110168,-0.3938840329647064,-0.4037181784335768,-0.8661893116622311,1.6509990468282598,2.6020514683737495,0.9105206657444936,0.0,0.26748216221055054,0.17549044657616505,-0.12145137906315394,-0.06748216221055055,0.02450955342383495,0.12145137906315394,0.2,0.2,0.0,0.34219006621565595,-0.3413774009263534,False
0,697,-0.4037181784335768,-0.8661893116622311,1.6509990468282598,2.6020514683737495,0.9105206657444936,0.0,0.26748216221055054,0.17549044657616505,-0.12145137906315394,-0.9999987483024597,0.9717385172843933,0.20315271615982056,0.9999268054962158,0.9995033144950867,-0.3420398235321045,-0.4037181784335768,-0.8661893116622311,1.6509990468282598,2.6020514683737495,0.9105206657444936,0.0,0.26740958942471427,0.17540820416556888,-0.12164774249648946,-0.06740958942471423,0.024591795834431135,0.12164774249648946,0.2,0.2,0.0,0.34216092684492244,-0.3415781394302522,False
0,698,-0.4037181784335768,-0.8661893116622311,1.6509990468282598,2.6020514683737495,0.9105206657444936,0.0,0.26740958942471427,0.17540820416556888,-0.12164774249648946,-0.9999963641166687,0.6385010480880737,0.6953744292259216,0.9999645352363586,0.9989200234413147,-0.3702816367149353,-0.4037181784335768,-0.8661893116622311,1.6509990468282598,2.6020514683737495,0.9105206657444936,0.0,0.26678509412040846,0.17548690935963057,-0.1228028882750353,-0.06678509412040846,0.024513090640369432,0.1228028882750353,0.2,0.2,0.0,0.3421264257114922,-0.3414364030428876,False
0,699,-0.4037181784335768,-0.8661893116622311,1.6509990468282598,2.6020514683737495,0.9105206657444936,0.0,0.26678509412040846,0.17548690935963057,-0.1228028882750353,-0.9999997615814209,0.8107448816299438,0.7677662968635559,0.9999188780784607,0.9998118281364441,-0.33929604291915894,-0.4037181784335768,-0.8661893116622311,1.6509990468282598,2.6020514683737495,0.9105206657444936,0.0,0.26683268892028567,0.17540623417209106,-0.12303281518844975,-0.06683268892028568,0.02459376582790894,0.12303281518844975,0.2,0.2,0.0,0.34220476980319786,-0.3437716516373109,False
0,700,-0.4037181784335768,-0.8661893116622311,1.6509990468282598,2.6020514683737495,0.9105206657444936,0.0,0.26683268892028567,0.17540623417209106,-0.12303281518844975,-0.9999730587005615,0.9007582664489746,0.5923039317131042,0.9999319314956665,0.9937818646430969,-0.3646984100341797,-0.4037181784335768,-0.8661893116622311,1.6509990468282598,2.6020514683737495,0.9105206657444936,0.0,0.26716888439192654,0.17514187405715023,-0.12365151285679428,-0.06716888439192652,0.02485812594284978,0.12365151285679428,0.2,0.2,0.0,0.34255449999562293,-0.3495491038441243,False
0,701,-0.4037181784335768,-0.8661893116622311,1.6509990468282598,2.6020514683737495,0.9105206657444936,0.0,0.26716888439192654,0.17514187405715023,-0.12365151285679428,-0.9927269816398621,0.9683817028999329,0.27004626393318176,0.9998758435249329,0.9997959733009338,-0.5437091588973999,-0.4037181784335768,-0.8661893116622311,1.6509990468282598,2.6020514683737495,0.9105206657444936,0.0,0.26716888439192654,0.17514187405715023,-0.12365151285679428,-0.06716888439192652,0.02485812594284978,0.12365151285679428,0.2,0.2,0.0,0.34255449999562293,-0.34255449999562293,False
0,702,-0.4037181784335768,-0.8661893116622311,1.6509990468282598,2.6020514683737495,0.9105206657444936,0.0,0.26716888439192654,0.17514187405715023,-0.12365151285679428,-0.9744539856910706,0.7310444116592407,0.45247283577919006,0.999781608581543,0.9996477365493774,-0.5077338814735413,-0.4037181784335768,-0.8661893116622311,1.6509990468282598,2.6020514683737495,0.9105206657444936,0.0,0.26716888439192654,0.17514187405715023,-0.12365151285679428,-0.06716888439192652,0.02485812594284978,0.12365151285679428,0.2,0.2,0.0,0.34255449999562293,-0.34255449999562293,False
0,703,-0.4037181784335768,-0.8661893116622311,1.6509990468282598,2.6020514683737495,0.9105206657444936,0.0,0.26716888439192654,0.17514187405715023,-0.12365151285679428,-1.0,0.9172912836074829,0.2307094782590866,0.9998686909675598,0.9993493556976318,-0.5271174907684326,-0.4037181784335768,-0.8661893116622311,1.6509990468282598,2.6020514683737495,0.9105206657444936,0.0,0.26716888439192654,0.17514187405715023,-0.12365151285679428,-0.06716888439192652,0.02485812594284978,0.12365151285679428,0.2,0.2,0.0,0.34255449999562293,-0.34255449999562293,False
0,704,-0.4037181784335768,-0.8661893116622311,1.6509990468282598,2.6020514683737495,0.9105206657444936,0.0,0.26716888439192654,0.17514187405715023,-0.12365151285679428,-1.0,0.6460673809051514,0.598304033279419,0.9998741745948792,0.999250590801239,-0.43267080187797546,-0.4037181784335768,-0.8661893116622311,1.6509990468282598,2.6020514683737495,0.9105206657444936,0.0,0.26716888439192654,0.17514187405715023,-0.12365151285679428,-0.06716888439192652,0.02485812594284978,0.12365151285679428,0.2,0.2,0.0,0.34255449999562293,-0.34255449999562293,False
0,705,-0.4037181784335768,-0.8661893116622311,1.6509990468282598,2.6020514683737495,0.9105206657444936,0.0,0.26716888439192654,0.17514187405715023,-0.12365151285679428,-0.9999063611030579,0.84249347448349,0.6837590932846069,0.9998844265937805,0.9991862773895264,-0.5046864748001099,-0.4037181784335768,-0.8661893116622311,1.6509990468282598,2.6020514683737495,0.9105206657444936,0.0,0.2671614393955179,0.17514546545927875,-0.12365229475622651,-0.0671614393955179,0.02485453454072125,0.12365229475622651,0.2,0.2,0.0,0.34255081195249426,-0.3424770510899209,False
0,706,-0.4037181784335768,-0.8661893116622311,1.6509990468282598,2.6020514683737495,0.9105206657444936,0.0,0.2671614393955179,0.17514546545927875,-0.12365229475622651,-0.999841034412384,0.8080352544784546,0.6380884051322937,0.9998023509979248,0.9984170198440552,-0.5195056796073914,-0.4037181784335768,-0.8661893116622311,1.6509990468282598,2.6020514683737495,0.9105206657444936,0.0,0.2671614393955179,0.17514546545927875,-0.12365229475622651,-0.0671614393955179,0.02485453454072125,0.12365229475622651,0.2,0.2,0.0,0.34255081195249426,-0.34255081195249426,False
0,707,-0.4037181784335768,-0.8661893116622311,1.6509990468282598,2.6020514683737495,0.9105206657444936,0.0,0.2671614393955179,0.17514546545927875,-0.12365229475622651,-0.9899097681045532,0.14908230304718018,0.49084335565567017,0.9999368190765381,0.9994670152664185,-0.5436570048332214,-0.4037181784335768,-0.8661893116622311,1.6509990468282598,2.6020514683737495,0.9105206657444936,0.0,0.26716700806078253,0.17514287458678157,-0.12363939135509078,-0.06716700806078249,0.024857125413218432,0.12363939135509078,0.2,0.2,0.0,0.3425491728341037,-0.34251639046629223,False
0,708,-0.4037181784335768,-0.8661893116622311,1.6509990468282598,2.6020514683737495,0.9105206657444936,0.0,0.26716700806078253,0.17514287458678157,-0.12363939135509078,-0.9999887943267822,-0.006939657498151064,0.5182678699493408,0.9999452829360962,0.9983478784561157,-0.4769686162471771,-0.4037181784335768,-0.8661893116622311,1.6509990468282598,2.6020514683737495,0.9105206657444936,0.0,0.2671707902707721,0.1751411213114636,-0.12363625308693166,-0.06717079027077212,0.02485887868853641,0.12363625308693166,0.2,0.2,0.0,0.342550093600223,-0.34256850892260887,False
0,709,-0.4037181784335768,-0.8661893116622311,1.6509990468282598,2.6020514683737495,0.9105206657444936,0.0,0.2671707902707721,0.1751411213114636,-0.12363625308693166,-0.9907859563827515,-0.25939732789993286,0.4157821238040924,0.9999436140060425,0.9995001554489136,-0.49029093980789185,-0.43371528551016225,-0.839360511880957,1.668685217965957,2.6320493587543075,0.9403406679277333,0.0,0.2671786671370066,0.17513786853264957,-0.123607522624108,-0.06717866713700661,0.024862131467350453,0.123607522624108,0.2,0.2,0.0,0.3425442056385371,-0.3424264464048195,False
0,710,-0.43371528551016225,-0.839360511880957,1.668685217965957,2.6320493587543075,0.9403406679277333,0.0,0.2671786671370066,0.17513786853264957,-0.123607522624108,-0.9998403191566467,0.20338918268680573,0.47031131386756897,0.9998978972434998,0.9994810819625854,-0.5741738677024841,-0.43371528551016225,-0.839360511880957,1.668685217965957,2.6320493587543075,0.9403406679277333,0.0,0.2671290418566342,0.17504803223461066,-0.12380706441131714,-0.06712904185663418,0.02495196776538936,0.12380706441131714,0.2,0.2,0.0,0.34253164494773436,-0.3422804311316795,False
0,711,-0.43371528551016225,-0.839360511880957,1.668685217965957,2.6320493587543075,0.9403406679277333,0.0,0.2671290418566342,0.17504803223461066,-0.12380706441131714,-0.9999958872795105,0.9445977807044983,0.5695623159408569,0.9998574256896973,0.9970572590827942,-0.6426980495452881,-0.43371528551016225,-0.839360511880957,1.668685217965957,2.6320493587543075,0.9403406679277333,0.0,0.2671290418566342,0.17504803223461066,-0.12380706441131714,-0.06712904185663418,0.02495196776538936,0.12380706441131714,0.2,0.2,0.0,0.34253164494773436,-0.34253164494773436,False
0,712,-0.43371528551016225,-0.839360511880957,1.668685217965957,2.6320493587543075,0.9403406679277333,0.0,0.2671290418566342,0.17504803223461066,-0.12380706441131714,-1.0,0.997437596321106,0.7157711982727051,0.9999485015869141,0.999942421913147,-0.6638618111610413,-0.4364064479007869,-0.8393252670308449,1.6699574338880683,2.634747402382385,0.9430450909412025,0.0,0.2670972122183687,0.1749973968309262,-0.12393726249485006,-0.06709721221836867,0.025002603169073837,0.12393726249485006,0.2,0.2,0.0,0.34252803492143863,-0.342455834395524,False
0,713,-0.4364064479007869,-0.8393252670308449,1.6699574338880683,2.634747402382385,0.9430450909412025,0.0,0.2670972122183687,0.1749973968309262,-0.12393726249485006,-0.9999998211860657,0.9820774793624878,0.31302520632743835,0.9998541474342346,0.9993974566459656,-0.662605345249176,-0.43692220045215896,-0.8388009834654062,1.6701863893066997,2.6352630540668627,0.9435605419410709,0.0,0.2670656116889742,0.1749690746369636,-0.12404981480089888,-0.06706561168897417,0.02503092536303642,0.12404981480089888,0.2,0.2,0.0,0.3425296696320752,-0.34256236384480676,False
0,714,-0.43692220045215896,-0.8388009834654062,1.6701863893066997,2.6352630540668627,0.9435605419410709,0.0,0.2670656116889742,0.1749690746369636,-0.12404981480089888,-0.9998930096626282,-0.9203877449035645,0.16332218050956726,0.9999568462371826,0.9993262887001038,-0.6153957843780518,-0.4376813392438671,-0.8386242239063784,1.6703779741869975,2.6360221453696497,0.9443192338886132,0.0,0.2670656116889742,0.1749690746369636,-0.12404981480089888,-0.06706561168897417,0.02503092536303642,0.12404981480089888,0.2,0.2,0.0,0.3425296696320752,-0.3425296696320752,False
0,715,-0.4376813392438671,-0.8386242239063784,1.6703779741869975,2.6360221453696497,0.9443192338886132,0.0,0.2670656116889742,0.1749690746369636,-0.12404981480089888,-1.0,-0.06823529303073883,0.16537828743457794,0.9998311400413513,0.9991685748100281,-0.6437956094741821,-0.43785466796558675,-0.8387907394706527,1.6704154013336492,2.6362550137098726,0.9445519546716543,0.0,0.2670219787887515,0.1749251094412088,-0.12416536373244723,-0.06702197878875149,0.02507489055879123,0.12416536373244723,0.2,0.2,0.0,0.3425150633477165,-0.34222293766054185,False
0,716,-0.43785466796558675,-0.8387907394706527,1.6704154013336492,2.6362550137098726,0.9445519546716543,0.0,0.2670219787887515,0.1749251094412088,-0.12416536373244723,-0.9830247759819031,0.7293903231620789,0.48877668380737305,0.9999166131019592,0.9999606609344482,-0.6601362824440002,-0.438887143482627,-0.8396137080295266,1.6705821026768954,2.6372854108504913,0.9455816939961572,0.0,0.2669899100613086,0.17486895122000173,-0.12423404290932308,-0.06698991006130861,0.025131048779998267,0.12423404290932308,0.2,0.2,0.0,0.34248629110217615,-0.34191084619136974,False
0,717,-0.438887143482627,-0.8396137080295266,1.6705821026768954,2.6372854108504913,0.9455816939961572,0.0,0.2669899100613086,0.17486895122000173,-0.12423404290932308,-0.9997923374176025,0.9923542141914368,0.2937116324901581,0.999877393245697,0.9994334578514099,-0.6328375935554504,-0.44013564122701765,-0.8393035481712408,1.670845987531966,2.638532989700008,0.9468285519204904,0.0,0.26694276190475363,0.17482491052996202,-0.1243457177373131,-0.06694276190475361,0.025175089470038,0.1243457177373131,0.2,0.2,0.0,0.3424675823997868,-0.34209340835199986,False
0,718,-0.44013564122701765,-0.8393035481712408,1.670845987531966,2.638532989700008,0.9468285519204904,0.0,0.26694276190475363,0.17482491052996202,-0.1243457177373131,-0.9994305372238159,0.9325195550918579,0.16606587171554565,0.9999834895133972,0.9997510313987732,-0.6442104578018188,-0.44076768459041754,-0.8386777005811098,1.671002464042164,2.6391652069107194,0.947460541182606,0.0,0.2668932321588858,0.17479688251338424,-0.12447838254817674,-0.06689323215888576,0.025203117486615766,0.12447838254817674,0.2,0.2,0.0,0.3424628669365848,-0.34236855767254437,False
0,719,-0.44076768459041754,-0.8386777005811098,1.671002464042164,2.6391652069107194,0.947460541182606,0.0,0.2668932321588858,0.17479688251338424,-0.12447838254817674,-0.999970555305481,-0.26012423634529114,0.6112328767776489,0.9999749660491943,0.9979916214942932,-0.6716856956481934,-0.4414665244740266,-0.838382775372756,1.6712506957191398,2.6398642724276216,0.948158922410496,0.0,0.2668471882641719,0.1747582845015687,-0.12460796192707452,-0.0668471882641719,0.02524171549843133,0.12460796192707452,0.2,0.2,0.0,0.34245441165510615,-0.3422853060255334,False
0,720,-0.4414665244740266,-0.838382775372756,1.6712506957191398,2.6398642724276216,0.948158922410496,0.0,0.2668471882641719,0.1747582845015687,-0.12460796192707452,-0.9901285767555237,0.28380733728408813,0.35699617862701416,0.9999719858169556,0.9977664947509766,-0.6134260296821594,-0.4414665244740266,-0.838382775372756,1.6712506957191398,2.6398642724276216,0.948158922410496,0.0,0.2656480825009511,0.1736039868590003,-0.12797734223888552,-0.06564808250095112,0.026396013140999697,0.12797734223888552,0.2,0.2,0.0,0.342177509658804,-0.33663946973276104,False
0,721,-0.4414665244740266,-0.838382775372756,1.6712506957191398,2.6398642724276216,0.948158922410496,0.0,0.2656480825009511,0.1736039868590003,-0.12797734223888552,-0.999999463558197,0.2892404794692993,0.7964588403701782,0.9998725056648254,0.9998292922973633,-0.6781163215637207,-0.4669330332141301,-0.8311251812662298,1.6805044039137074,2.6655820021577465,0.9738202044788434,0.0,0.2656365983491527,0.17359444732592383,-0.12800691070287884,-0.06563659834915268,0.02640555267407619,0.12800691070287884,0.2,0.2,0.0,0.34217481455039445,-0.3421209123822033,False
0,722,-0.4669330332141301,-0.8311251812662298,1.6805044039137074,2.6655820021577465,0.9738202044788434,0.0,0.2656365983491527,0.17359444732592383,-0.12800691070287884,-0.9999958872795105,0.9912675023078918,0.3426801562309265,0.9999371767044067,0.9998926520347595,-0.7127891182899475,-0.46721630527513064,-0.8308741264279015,1.6807293265555359,2.6658627642653507,0.9741014956990096,0.0,0.2656393274104013,0.1735816474635634,-0.12803187230940238,-0.06563932741040131,0.026418352536436634,0.12803187230940238,0.2,0.2,0.0,0.34217977866943905,-0.3422790610503311,False
0,723,-0.46721630527513064,-0.8308741264279015,1.6807293265555359,2.6658627642653507,0.9741014956990096,0.0,0.2656393274104013,0.1735816474635634,-0.12803187230940238,-0.9999963045120239,0.9109244346618652,0.4089703857898712,0.9997307658195496,0.9999294281005859,-0.729057788848877,-0.467393542886125,-0.8306981865604359,1.6807889922198294,2.666040012335209,0.9742787313447742,0.0,0.26555473287461906,0.1735430897415401,-0.12823655621262597,-0.06555473287461908,0.02645691025845992,0.12823655621262597,0.2,0.2,0.0,0.34217120641343346,-0.34199976129332166,False
0,724,-0.467393542886125,-0.8306981865604359,1.6807889922198294,2.666040012335209,0.9742787313447742,0.0,0.26555473287461906,0.1735430897415401,-0.12823655621262597,-0.9999989867210388,0.39732375741004944,0.7473191618919373,0.9999533295631409,0.9993276596069336,-0.7154186367988586,-0.4687812877550953,-0.8294070044547076,1.6813200780375583,2.6674277344991646,0.9756663448334887,0.0,0.26555473287461906,0.1735430897415401,-0.12823655621262597,-0.06555473287461908,0.02645691025845992,0.12823655621262597,0.2,0.2,0.0,0.34217120641343346,-0.34217120641343346,False
0,725,-0.4687812877550953,-0.8294070044547076,1.6813200780375583,2.6674277344991646,0.9756663448334887,0.0,0.26555473287461906,0.1735430897415401,-0.12823655621262597,-1.0,0.036913543939590454,-0.039733223617076874,0.999835193157196,0.9972924590110779,-0.7065805196762085,-0.4691851878826353,-0.8293368935164415,1.6814375229334584,2.6678315876618304,0.9760694838548113,0.0,0.2655156222992807,0.17351170605093497,-0.12835442575156966,-0.06551562229928073,0.026488293949065055,0.12835442575156966,0.2,0.2,0.0,0.3421691342475174,-0.3421276909291958,False
0,726,-0.4691851878826353,-0.8293368935164415,1.6814375229334584,2.6678315876618304,0.9760694838548113,0.0,0.2655156222992807,0.17351170605093497,-0.12835442575156966,-0.9964655041694641,-0.8280436396598816,0.15094220638275146,0.9999272227287292,0.9976908564567566,-0.7072425484657288,-0.46976840331431724,-0.8294715992118896,1.6814459096501486,2.668415357088275,0.9766518175187296,0.0,0.26546895751684363,0.17349087686186296,-0.1284278488265434,-0.0654689575168436,0.026509123138137053,0.1284278488265434,0.2,0.2,0.0,0.34214991467716505,-0.34176552327011833,False
0,727,-0.46976840331431724,-0.8294715992118896,1.6814459096501486,2.668415357088275,0.9766518175187296,0.0,0.26546895751684363,0.17349087686186296,-0.1284278488265434,-0.9981188774108887,0.8611500263214111,0.46686625480651855,0.999927818775177,0.9999462962150574,-0.7175784111022949,-0.4704652967569821,-0.8296532664281971,1.6816282879964664,2.669114301850819,0.977349739872537,0.0,0.26543981933238303,0.17345348388282822,-0.12848743315137856,-0.06543981933238303,0.026546516117171806,0.12848743315137856,0.2,0.2,0.0,0.3421307195154049,-0.34174681628020226,False
0,728,-0.4704652967569821,-0.8296532664281971,1.6816282879964664,2.669114301850819,0.977349739872537,0.0,0.26543981933238303,0.17345348388282822,-0.12848743315137856,-0.9994181990623474,-0.7139273881912231,0.5900737643241882,0.9998474717140198,0.9997201561927795,-0.6849046945571899,-0.4710438887979151,-0.8294238163963409,1.6819233056660805,2.6696936814443766,0.977929121262575,0.0,0.2654067380179499,0.17342230949178225,-0.1285874090568823,-0.06540673801794991,0.026577690508217754,0.1285874090568823,0.2,0.2,0.0,0.34212681242889187,-0.342048670698631,False
0,729,-0.4710438887979151,-0.8294238163963409,1.6819233056660805,2.6696936814443766,0.977929121262575,0.0,0.2654067380179499,0.17342230949178225,-0.1285874090568823,-0.9999611377716064,0.9985166788101196,0.7196100950241089,0.9999167323112488,0.997533917427063,-0.7092519402503967,-0.4719716997742497,-0.8296937635054888,1.6825032849468222,2.670621763028113,0.9788565427105425,0.0,0.26538978563283283,0.17336674582925216,-0.12867818443405904,-0.06538978563283282,0.026633254170747862,0.12867818443405904,0.2,0.2,0.0,0.3421196311627136,-0.3419760058391482,False
0,730,-0.4719716997742497,-0.8296937635054888,1.6825032849468222,2.670621763028113,0.9788565427105425,0.0,0.26538978563283283,0.17336674582925216,-0.12867818443405904,-0.9619470238685608,0.8783573508262634,0.01618822105228901,0.9998225569725037,0.9991085529327393,-0.7607319355010986,-0.4719716997742497,-0.8296937635054888,1.6825032849468222,2.670621763028113,0.9788565427105425,0.0,0.2628036541443594,0.17293300634273098,-0.13312263599857788,-0.06280365414435941,0.02706699365726902,0.13312263599857788,0.2,0.2,0.0,0.3416038956592459,-0.33128918558989245,False
0,731,-0.4719716997742497,-0.8296937635054888,1.6825032849468222,2.670621763028113,0.9788565427105425,0.0,0.2628036541443594,0.17293300634273098,-0.13312263599857788,-0.9999951720237732,0.8656325340270996,0.6300947666168213,0.9996927380561829,0.9996486306190491,-0.704512357711792,-0.4989802500667562,-0.8050262826359609,1.6829894688086375,2.6986919745160622,1.0069066307077732,0.0,0.2628969504783114,0.172777433945915,-0.13335826665651976,-0.06289695047831141,0.027222566054085004,0.13335826665651976,0.2,0.2,0.0,0.34168885778930835,-0.3433881003905569,False
0,732,-0.4989802500667562,-0.8050262826359609,1.6829894688086375,2.6986919745160622,1.0069066307077732,0.0,0.2628969504783114,0.172777433945915,-0.13335826665651976,-0.9998195171356201,0.7290449142456055,0.014035852625966072,0.9998570084571838,0.999716579914093,-0.753009021282196,-0.4989802500667562,-0.8050262826359609,1.6829894688086375,2.6986919745160622,1.0069066307077732,0.0,0.26310027982275686,0.17262670912529943,-0.13343375927356346,-0.06310027982275687,0.027373290874700577,0.13343375927356346,0.2,0.2,0.0,0.34179863378913466,-0.3439941537856609,False
0,733,-0.4989802500667562,-0.8050262826359609,1.6829894688086375,2.6986919745160622,1.0069066307077732,0.0,0.26310027982275686,0.17262670912529943,-0.13343375927356346,-0.9999997615814209,0.9999844431877136,0.8619195818901062,0.9999042749404907,0.9999744892120361,-0.7464573383331299,-0.4989802500667562,-0.8050262826359609,1.6829894688086375,2.6986919745160622,1.0069066307077732,0.0,0.2631163425865598,0.17260957234683272,-0.13345100068535576,-0.0631163425865598,0.0273904276531673,0.13345100068535576,0.2,0.2,0.0,0.34180907504893315,-0.3420179002449029,False
0,734,-0.4989802500667562,-0.8050262826359609,1.6829894688086375,2.6986919745160622,1.0069066307077732,0.0,0.2631163425865598,0.17260957234683272,-0.13345100068535576,-0.9998721480369568,0.9804211854934692,0.6809442043304443,0.9998854398727417,0.9999958276748657,-0.7219786643981934,-0.5016058550764667,-0.8034574958656417,1.690609385518354,2.70087953992934,1.009101707345363,0.0,0.2629797674712237,0.1726038655430379,-0.13363079559029195,-0.0629797674712237,0.02739613445696213,0.13363079559029195,0.2,0.2,0.0,0.34177133002888405,-0.3410164296279019,False
0,735,-0.5016058550764667,-0.8034574958656417,1.690609385518354,2.70087953992934,1.009101707345363,0.0,0.2629797674712237,0.1726038655430379,-0.13363079559029195,-0.9999017119407654,0.7208864688873291,0.7889878749847412,0.9998725056648254,0.9999921917915344,-0.7594113349914551,-0.5018905972604543,-0.8032192398884459,1.6908125092530975,2.701165957983348,1.0093881289289164,0.0,0.2629797674712237,0.1726038655430379,-0.13363079559029195,-0.0629797674712237,0.02739613445696213,0.13363079559029195,0.2,0.2,0.0,0.34177133002888405,-0.34177133002888405,False
0,736,-0.5018905972604543,-0.8032192398884459,1.6908125092530975,2.701165957983348,1.0093881289289164,0.0,0.2629797674712237,0.1726038655430379,-0.13363079559029195,-0.9999984502792358,0.9960347414016724,0.837553858757019,0.999879002571106,0.9999613761901855,-0.7756673097610474,-0.5023606935093152,-0.8028643651122265,1.6911867556517575,2.7016360067372407,1.0098582322073066,0.0,0.26295510044909676,0.17258583730187732,-0.1337047655229242,-0.06295510044909675,0.027414162698122677,0.1337047655229242,0.2,0.2,0.0,0.34177217618308947,-0.34178909926719797,False
0,737,-0.5023606935093152,-0.8028643651122265,1.6911867556517575,2.7016360067372407,1.0098582322073066,0.0,0.26295510044909676,0.17258583730187732,-0.1337047655229242,-0.9999997615814209,0.8470402359962463,0.9325546622276306,0.9997299909591675,0.9987828135490417,-0.770018994808197,-0.502941732364655,-0.802291796654393,1.6916795846251866,2.70221696692939,1.0104391781162225,0.0,0.2629122749175919,0.17255358764784387,-0.13384166958132782,-0.06291227491759188,0.027446412352156148,0.13384166958132782,0.2,0.2,0.0,0.3417765314190003,-0.3418636361372163,False
0,738,-0.502941732364655,-0.802291796654393,1.6916795846251866,2.70221696692939,1.0104391781162225,0.0,0.2629122749175919,0.17255358764784387,-0.13384166958132782,-0.9999998211860657,-0.8974525928497314,0.8818182349205017,0.9998544454574585,0.9999377131462097,-0.7738908529281616,-0.5034071043916976,-0.8022117054418173,1.6921051615674019,2.7026822346199415,1.0109041823005878,0.0,0.2628990134624045,0.1725251942923673,-0.13390884508149484,-0.06289901346240451,0.027474805707632728,0.13390884508149484,0.2,0.2,0.0,0.34177830934128106,-0.3418138677868968,False
0,739,-0.5034071043916976,-0.8022117054418173,1.6921051615674019,2.7026822346199415,1.0109041823005878,0.0,0.2628990134624045,0.1725251942923673,-0.13390884508149484,-0.999996542930603,0.7265949845314026,0.8653913736343384,0.9999182820320129,0.999468207359314,-0.763914942741394,-0.5045128933892165,-0.8032233203136282,1.6930796795953675,2.7037878643013773,1.012009915724395,0.0,0.2628990134624045,0.1725251942923673,-0.13390884508149484,-0.06289901346240451,0.027474805707632728,0.13390884508149484,0.2,0.2,0.0,0.34177830934128106,-0.34177830934128106,False
0,740,-0.5045128933892165,-0.8032233203136282,1.6930796795953675,2.7037878643013773,1.012009915724395,0.0,0.2628990134624045,0.1725251942923673,-0.13390884508149484,-1.0,0.9967953562736511,0.8762466907501221,0.9999393224716187,0.9999363422393799,-0.7502850294113159,-0.5045128933892165,-0.8032233203136282,1.6930796795953675,2.7037878643013773,1.012009915724395,0.0,0.2611007725294191,0.17142681549116112,-0.13908192591867657,-0.06110077252941909,0.028573184508838882,0.13908192591867657,0.2,0.2,0.0,0.34191307170412233,-0.3446083189609477,False
0,741,-0.5045128933892165,-0.8032233203136282,1.6930796795953675,2.7037878643013773,1.012009915724395,0.0,0.2611007725294191,0.17142681549116112,-0.13908192591867657,-0.9297976493835449,0.9105169177055359,0.5002737641334534,0.9999107122421265,0.9971707463264465,-0.6971471905708313,-0.534509828432056,-0.7733225686119626,1.7193643939471333,2.7337829795201576,1.0420049416364168,0.0,0.26110076169413293,0.17142681110837088,-0.13908195260000009,-0.061100761694132935,0.02857318889162913,0.13908195260000009,0.2,0.2,0.0,0.341913072085684,-0.3419130797169174,False
0,742,-0.534509828432056,-0.7733225686119626,1.7193643939471333,2.7337829795201576,1.0420049416364168,0.0,0.26110076169413293,0.17142681110837088,-0.13908195260000009,-0.9999999403953552,0.9916161298751831,0.8444247245788574,0.9992538094520569,0.9997627139091492,-0.7692950963973999,-0.5346768437281628,-0.7731598972080659,1.7194494778800622,2.7339622582070136,1.0421838280908802,0.0,0.26110076169413293,0.17142681110837088,-0.13908195260000009,-0.061100761694132935,0.02857318889162913,0.13908195260000009,0.2,0.2,0.0,0.341913072085684,-0.341913072085684,False
0,743,-0.5346768437281628,-0.7731598972080659,1.7194494778800622,2.7339622582070136,1.0421838280908802,0.0,0.26110076169413293,0.17142681110837088,-0.13908195260000009,-0.9999999403953552,0.9802181124687195,-0.44081130623817444,0.9998170137405396,0.9999895691871643,-0.7253580093383789,-0.5353249649492374,-0.7725198865356083,1.7196900679788147,2.7346098123631553,1.0428316399550563,0.0,0.26107285446573975,0.17141971077700546,-0.13914036949974035,-0.06107285446573975,0.028580289222994555,0.13914036949974035,0.2,0.2,0.0,0.3419119696738998,-0.34188992143821595,False
0,744,-0.5353249649492374,-0.7725198865356083,1.7196900679788147,2.7346098123631553,1.0428316399550563,0.0,0.26107285446573975,0.17141971077700546,-0.13914036949974035,-0.999902069568634,0.9698299765586853,0.9269355535507202,0.9998127222061157,0.9999544620513916,-0.7480875849723816,-0.53620097393159,-0.7716626344660389,1.7194616048274927,2.7354856853218847,1.0437076561319836,0.0,0.26091166009298805,0.17143169727060373,-0.1393338977086835,-0.06091166009298807,0.028568302729396276,0.1393338977086835,0.2,0.2,0.0,0.34187374314540847,-0.34110921257558174,False
0,745,-0.53620097393159,-0.7716626344660389,1.7194616048274927,2.7354856853218847,1.0437076561319836,0.0,0.26091166009298805,0.17143169727060373,-0.1393338977086835,-0.14664442837238312,-0.7460582256317139,0.465056836605072,0.9998277425765991,0.9985522031784058,-0.7908875942230225,-0.5367536245519179,-0.7712861349452406,1.7200563304513292,2.736191351290406,1.044413167458842,0.0,0.2608709243106047,0.17141080901919856,-0.1394463053729481,-0.060870924310604715,0.028589190980801447,0.1394463053729481,0.2,0.2,0.0,0.34187801432886983,-0.341963437998097,False
0,746,-0.5367536245519179,-0.7712861349452406,1.7200563304513292,2.736191351290406,1.044413167458842,0.0,0.2608709243106047,0.17141080901919856,-0.1394463053729481,-0.9999972581863403,-0.9018784165382385,-0.35848769545555115,0.9998232126235962,0.9999637007713318,-0.7470983266830444,-0.5369023777734084,-0.7718750575066358,1.7203465395021265,2.736936453150839,1.045157384234753,0.0,0.2608629240118713,0.17140334096240528,-0.13949893185523166,-0.06086292401187127,0.02859665903759472,0.13949893185523166,0.2,0.2,0.0,0.3418896348324243,-0.3421220449035136,False
0,747,-0.5369023777734084,-0.7718750575066358,1.7203465395021265,2.736936453150839,1.045157384234753,0.0,0.2608629240118713,0.17140334096240528,-0.13949893185523166,-0.9949739575386047,0.1412574052810669,-0.2323651760816574,0.9998438954353333,0.9998660087585449,-0.7670121192932129,-0.5376655294630918,-0.772304515737573,1.7200950196797662,2.7376873247891336,1.0459083551827075,0.0,0.2608000789635535,0.17138872763444,-0.13954981892213147,-0.06080007896355348,0.028611272365560016,0.13954981892213147,0.2,0.2,0.0,0.34185512883200636,-0.3411650088236477,False
0,748,-0.5376655294630918,-0.772304515737573,1.7200950196797662,2.7376873247891336,1.0459083551827075,0.0,0.2608000789635535,0.17138872763444,-0.13954981892213147,-0.9999996423721313,0.9966425895690918,-0.13882197439670563,0.9997712969779968,0.999975860118866,-0.7525259852409363,-0.5382419970539596,-0.7720605685896849,1.7199785772093106,2.7382659513558636,1.0464870259390178,0.0,0.2608000789635535,0.17138872763444,-0.13954981892213147,-0.06080007896355348,0.028611272365560016,0.13954981892213147,0.2,0.2,0.0,0.34185512883200636,-0.34185512883200636,False
0,749,-0.5382419970539596,-0.7720605685896849,1.7199785772093106,2.7382659513558636,1.0464870259390178,0.0,0.2608000789635535,0.17138872763444,-0.13954981892213147,-0.9984567761421204,-0.8527332544326782,-0.1501999795436859,0.99981290102005,0.9995875358581543,-0.7681943774223328,-0.538882755474736,-0.7718586909890278,1.7198874722891082,2.738906903657609,1.047128007731689,0.0,0.2607131767969865,0.17138934453340354,-0.13965050122168,-0.06071317679698651,0.028610655466596455,0.13965050122168,0.2,0.2,0.0,0.34183026558020413,-0.3413330005441595,False
0,750,-0.538882755474736,-0.7718586909890278,1.7198874722891082,2.738906903657609,1.047128007731689,0.0,0.2607131767969865,0.17138934453340354,-0.13965050122168,-0.999986469745636,0.74349045753479,0.21872244775295258,0.999584436416626,0.9995695352554321,-0.7557201385498047,-0.538882755474736,-0.7718586909890278,1.7198874722891082,2.738906903657609,1.047128007731689,0.0,0.25760610903955905,0.17126339151793216,-0.1440223058922866,-0.05760610903955904,0.028736608482067855,0.1440223058922866,0.2,0.2,0.0,0.3412249716583724,-0.3291190932217378,False
0,751,-0.538882755474736,-0.7718586909890278,1.7198874722891082,2.738906903657609,1.047128007731689,0.0,0.25760610903955905,0.17126339151793216,-0.1440223058922866,-0.9999300241470337,0.990506649017334,-0.8337359428405762,0.9997626543045044,0.9999892115592957,-0.7297340631484985,-0.538882755474736,-0.7718586909890278,1.7198874722891082,2.738906903657609,1.047128007731689,0.0,0.2576058547492085,0.17126339591853076,-0.1440226474605088,-0.0576058547492085,0.028736604081469237,0.1440226474605088,0.2,0.2,0.0,0.3412249260592663,-0.34122401407714426,False
0,752,-0.538882755474736,-0.7718586909890278,1.7198874722891082,2.738906903657609,1.047128007731689,0.0,0.2576058547492085,0.17126339591853076,-0.1440226474605088,-0.9414710998535156,0.9989188313484192,-0.5355847477912903,0.999716579914093,0.9997721314430237,-0.701448380947113,-0.5688375809705463,-0.7495740816623845,1.7263758182206836,2.768849702274724,1.0770703743310586,0.0,0.2576058547492085,0.17126339591853076,-0.1440226474605088,-0.0576058547492085,0.028736604081469237,0.1440226474605088,0.2,0.2,0.0,0.3412249260592663,-0.3412249260592663,False
0,753,-0.5688375809705463,-0.7495740816623845,1.7263758182206836,2.768849702274724,1.0770703743310586,0.0,0.2576058547492085,0.17126339591853076,-0.1440226474605088,-0.9990929961204529,0.5627774000167847,0.8314683437347412,0.9995164275169373,0.9999775886535645,-0.7479822635650635,-0.5688375809705463,-0.7495740816623845,1.7263758182206836,2.768849702274724,1.0770703743310586,0.0,0.2574072891268908,0.1714046963212991,-0.14405569781156113,-0.057407289126890804,0.028595303678700917,0.14405569781156113,0.2,0.2,0.0,0.34115997199060055,-0.33986089061728564,False
0,754,-0.5688375809705463,-0.7495740816623845,1.7263758182206836,2.768849702274724,1.0770703743310586,0.0,0.2574072891268908,0.1714046963212991,-0.14405569781156113,-0.9999999403953552,-0.9978811144828796,0.9614095687866211,0.9997072219848633,0.9999890327453613,-0.7400610446929932,-0.5686752140846923,-0.7483355679437589,1.7227695084316172,2.76897707372287,1.0771981355275206,0.0,0.2573532021271968,0.17143902286310791,-0.14407227866155686,-0.05735320212719677,0.028560977136892096,0.14407227866155686,0.2,0.2,0.0,0.34114341659207253,-0.3408123086215122,False
0,755,-0.5686752140846923,-0.7483355679437589,1.7227695084316172,2.76897707372287,1.0771981355275206,0.0,0.2573532021271968,0.17143902286310791,-0.14407227866155686,-0.9999996423721313,-0.8448935151100159,-0.8621635437011719,0.9996680617332458,0.9999949336051941,-0.7672255039215088,-0.5693848506223361,-0.7490140981447487,1.7229539694934175,2.76968254624697,1.077903815397864,0.0,0.2573464878976896,0.17140409335173834,-0.1441016793985296,-0.057346487897689605,0.028595906648261664,0.1441016793985296,0.2,0.2,0.0,0.34113321746274394,-0.3409292348761721,False
0,756,-0.5693848506223361,-0.7490140981447487,1.7229539694934175,2.76968254624697,1.077903815397864,0.0,0.2573464878976896,0.17140409335173834,-0.1441016793985296,-0.9999445080757141,0.9914894700050354,0.9773471355438232,0.9998061656951904,0.9991533160209656,-0.7348313331604004,-0.5699640917448049,-0.7491727776284386,1.7227716546781733,2.7702616936892106,1.0784829768036677,0.0,0.2572734578219818,0.171401004636601,-0.14415739394884253,-0.0572734578219818,0.028598995363399014,0.14415739394884253,0.2,0.2,0.0,0.3411001183233992,-0.3404381355365044,False
0,757,-0.5699640917448049,-0.7491727776284386,1.7227716546781733,2.7702616936892106,1.0784829768036677,0.0,0.2572734578219818,0.171401004636601,-0.14415739394884253,0.7554428577423096,0.9995680451393127,-0.3590247333049774,0.9998259544372559,0.9987999796867371,-0.7398508787155151,-0.5701832651097988,-0.7485254508938362,1.7230891570458986,2.7708999702048036,1.0791207407811039,0.0,0.2572734578219818,0.171401004636601,-0.14415739394884253,-0.0572734578219818,0.028598995363399014,0.14415739394884253,0.2,0.2,0.0,0.3411001183233992,-0.3411001183233992,False
0,758,-0.5701832651097988,-0.7485254508938362,1.7230891570458986,2.7708999702048036,1.0791207407811039,0.0,0.2572734578219818,0.171401004636601,-0.14415739394884253,-1.0,-0.23308280110359192,0.9918590188026428,0.9997465014457703,0.996918797492981,-0.7408542633056641,-0.5700468277294065,-0.7481677762285098,1.7231128039434522,2.771479098568998,1.079698948822134,0.0,0.2572039224071313,0.17143900723055905,-0.14428421459156882,-0.05720392240713129,0.02856099276944097,0.14428421459156882,0.2,0.2,0.0,0.3411203973410549,-0.34152597769416937,False
0,759,-0.5700468277294065,-0.7481677762285098,1.7231128039434522,2.771479098568998,1.079698948822134,0.0,0.2572039224071313,0.17143900723055905,-0.14428421459156882,-0.9999558925628662,-0.9963561296463013,-0.19805705547332764,0.9995560050010681,0.999893069267273,-0.764162540435791,-0.570640468485569,-0.7484486450228899,1.7234854343890564,2.7720603454942725,1.0802791071525364,0.0,0.2571674024024494,0.17143396474054587,-0.14437291259918433,-0.0571674024024494,0.028566035259454142,0.14437291259918433,0.2,0.2,0.0,0.34112785728734873,-0.3412770562132249,False
0,760,-0.570640468485569,-0.7484486450228899,1.7234854343890564,2.7720603454942725,1.0802791071525364,0.0,0.2571674024024494,0.17143396474054587,-0.14437291259918433,-0.9999563097953796,0.9924731850624084,-0.640721321105957,0.9997552633285522,0.9999730587005615,-0.747826337814331,-0.570640468485569,-0.7484486450228899,1.7234854343890564,2.7720603454942725,1.0802791071525364,0.0,0.25228522516138546,0.1727562935565644,-0.14869864744593506,-0.052285225161385465,0.027243706443435597,0.14869864744593506,0.2,0.2,0.0,0.3400056757620133,-0.31756204525530446,False
0,761,-0.570640468485569,-0.7484486450228899,1.7234854343890564,2.7720603454942725,1.0802791071525364,0.0,0.25228522516138546,0.1727562935565644,-0.14869864744593506,-0.999996542930603,0.7772365808486938,-0.11815796047449112,0.9997745752334595,0.9999192357063293,-0.8030007481575012,-0.570640468485569,-0.7484486450228899,1.7234854343890564,2.7720603454942725,1.0802791071525364,0.0,0.2522835179937824,0.17275683132340647,-0.14870012090237592,-0.052283517993782405,0.027243168676593536,0.14870012090237592,0.2,0.2,0.0,0.3400053266885745,-0.3399983452197992,False
0,762,-0.570640468485569,-0.7484486450228899,1.7234854343890564,2.7720603454942725,1.0802791071525364,0.0,0.2522835179937824,0.17275683132340647,-0.14870012090237592,-0.9996780157089233,0.23614601790905,0.9806908965110779,0.9997774362564087,0.999998927116394,-0.8001309037208557,-0.570640468485569,-0.7484486450228899,1.7234854343890564,2.7720603454942725,1.0802791071525364,0.0,0.2522827266344396,0.17275708062072812,-0.14870080391478077,-0.05228272663443963,0.027242919379271893,0.14870080391478077,0.2,0.2,0.0,0.3400051648837209,-0.34000192878664837,False
0,763,-0.570640468485569,-0.7484486450228899,1.7234854343890564,2.7720603454942725,1.0802791071525364,0.0,0.2522827266344396,0.17275708062072812,-0.14870080391478077,-0.9891364574432373,-0.9846650958061218,0.5110148787498474,0.9995991587638855,0.9998273253440857,-0.7819626331329346,-0.6005466903776244,-0.7187705910972099,1.7043239671279562,2.80196055511372,1.1101858312534347,0.0,0.2522827266344396,0.17275708062072812,-0.14870080391478077,-0.05228272663443963,0.027242919379271893,0.14870080391478077,0.2,0.2,0.0,0.3400051648837209,-0.3400051648837209,False
0,764,-0.6005466903776244,-0.7187705910972099,1.7043239671279562,2.80196055511372,1.1101858312534347,0.0,0.2522827266344396,0.17275708062072812,-0.14870080391478077,0.997701108455658,0.8929364085197449,0.614177405834198,0.9997863173484802,0.9999746084213257,-0.8253796696662903,-0.6005466903776244,-0.7187705910972099,1.7043239671279562,2.80196055511372,1.1101858312534347,0.0,0.25438173087298677,0.1713264745232036,-0.14731668439552173,-0.054381730872986755,0.028673525476796427,0.14731668439552173,0.2,0.2,0.0,0.34024260664381284,-0.3449914418456516,False
0,765,-0.6005466903776244,-0.7187705910972099,1.7043239671279562,2.80196055511372,1.1101858312534347,0.0,0.25438173087298677,0.1713264745232036,-0.14731668439552173,-0.42375147342681885,0.9950868487358093,0.11999095976352692,0.9997408390045166,0.9998427629470825,-0.8217442035675049,-0.6005466903776244,-0.7187705910972099,1.7043239671279562,2.80196055511372,1.1101858312534347,0.0,0.2539816345322249,0.17202779860762762,-0.14842919982063152,-0.05398163453222489,0.027972201392372394,0.14842919982063152,0.2,0.2,0.0,0.34078066484593883,-0.35154182888845864,False
0,766,-0.6005466903776244,-0.7187705910972099,1.7043239671279562,2.80196055511372,1.1101858312534347,0.0,0.2539816345322249,0.17202779860762762,-0.14842919982063152,-0.9998552203178406,-0.9443172812461853,0.9221361875534058,0.9996533989906311,0.9999778866767883,-0.8003689050674438,-0.6005466903776244,-0.7187705910972099,1.7043239671279562,2.80196055511372,1.1101858312534347,0.0,0.25383666821464457,0.172191898127385,-0.14865582245961828,-0.05383666821464453,0.027808101872615024,0.14865582245961828,0.2,0.2,0.0,0.34085430533025224,-0.3423271150165204,False
0,767,-0.6005466903776244,-0.7187705910972099,1.7043239671279562,2.80196055511372,1.1101858312534347,0.0,0.25383666821464457,0.172191898127385,-0.14865582245961828,-0.9999844431877136,0.976248025894165,0.01633153110742569,0.9997445344924927,0.9994463324546814,-0.8048941493034363,-0.593327315475564,-0.7402148698122026,1.7249811174231555,2.80912806276312,1.11735482623621,0.0,0.25383666821464457,0.172191898127385,-0.14865582245961828,-0.05383666821464453,0.027808101872615024,0.14865582245961828,0.2,0.2,0.0,0.34085430533025224,-0.34085430533025224,False
0,768,-0.593327315475564,-0.7402148698122026,1.7249811174231555,2.80912806276312,1.11735482623621,0.0,0.25383666821464457,0.172191898127385,-0.14865582245961828,-1.0,0.9909401535987854,0.14983709156513214,0.9995923638343811,0.9993632435798645,-0.7600630521774292,-0.593327315475564,-0.7402148698122026,1.7249811174231555,2.80912806276312,1.11735482623621,0.0,0.253740147829116,0.1722872981101643,-0.14879730177768621,-0.053740147829116,0.02771270188983572,0.14879730177768621,0.2,0.2,0.0,0.3408923770440784,-0.34165381132060113,False
0,769,-0.593327315475564,-0.7402148698122026,1.7249811174231555,2.80912806276312,1.11735482623621,0.0,0.253740147829116,0.1722872981101643,-0.14879730177768621,-0.9645058512687683,-0.8502511382102966,-0.6086375117301941,0.9997442960739136,0.9999340176582336,-0.7789691686630249,-0.593327315475564,-0.7402148698122026,1.7249811174231555,2.80912806276312,1.11735482623621,0.0,0.25366730975952945,0.17229248298868946,-0.14887960869243783,-0.05366730975952941,0.027707517011310544,0.14887960869243783,0.2,0.2,0.0,0.34087672496000415,-0.34056368327851966,False
0,770,-0.593327315475564,-0.7402148698122026,1.7249811174231555,2.80912806276312,1.11735482623621,0.0,0.25366730975952945,0.17229248298868946,-0.14887960869243783,-0.9999986290931702,-0.8234568238258362,-0.6591622829437256,0.9996775388717651,0.9994527697563171,-0.7771918177604675,-0.593327315475564,-0.7402148698122026,1.7249811174231555,2.80912806276312,1.11735482623621,0.0,0.2529311792079824,0.17219615390824378,-0.14924988566843908,-0.05293117920798242,0.02780384609175624,0.14924988566843908,0.2,0.2,0.0,0.3404426900498441,-0.3317619918466435,False
0,771,-0.593327315475564,-0.7402148698122026,1.7249811174231555,2.80912806276312,1.11735482623621,0.0,0.2529311792079824,0.17219615390824378,-0.14924988566843908,-0.9998113512992859,0.9908342361450195,0.38774505257606506,0.99969482421875,0.9998472332954407,-0.7617576122283936,-0.593327315475564,-0.7402148698122026,1.7249811174231555,2.80912806276312,1.11735482623621,0.0,0.25264384451793415,0.17215185826735357,-0.14938250320022556,-0.05264384451793415,0.02784814173264643,0.14938250320022556,0.2,0.2,0.0,0.34026505365680804,-0.33671232579608634,False
0,772,-0.593327315475564,-0.7402148698122026,1.7249811174231555,2.80912806276312,1.11735482623621,0.0,0.25264384451793415,0.17215185826735357,-0.14938250320022556,0.3706906735897064,-0.12965480983257294,-0.8138064742088318,0.9997755289077759,0.9989882111549377,-0.7836787104606628,-0.6062552480482285,-0.7480998218184781,1.7164703672829447,2.823916244955317,1.132140174832895,0.0,0.25264384451793415,0.17215185826735357,-0.14938250320022556,-0.05264384451793415,0.02784814173264643,0.14938250320022556,0.2,0.2,0.0,0.34026505365680804,-0.34026505365680804,False
0,773,-0.6062552480482285,-0.7480998218184781,1.7164703672829447,2.823916244955317,1.132140174832895,0.0,0.25264384451793415,0.17215185826735357,-0.14938250320022556,-0.9999994039535522,-0.18548326194286346,0.9447915554046631,0.9997520446777344,0.9998642802238464,-0.7708277702331543,-0.6062552480482285,-0.7480998218184781,1.7164703672829447,2.823916244955317,1.132140174832895,0.0,0.2521255471757104,0.17303737460791016,-0.15003748672280545,-0.052125547175710385,0.02696262539208985,0.15003748672280545,0.2,0.2,0.0,0.340617779882298,-0.34767230439209773,False
0,774,-0.6062552480482285,-0.7480998218184781,1.7164703672829447,2.823916244955317,1.132140174832895,0.0,0.2521255471757104,0.17303737460791016,-0.15003748672280545,0.5529811382293701,0.9971624612808228,-0.4507443606853485,0.9998154640197754,0.9999642968177795,-0.738527238368988,-0.5966689118724203,-0.7465085837741987,1.7101305665728053,2.8299764942818504,1.1381921384078708,0.0,0.25208829665685956,0.17310421397392578,-0.15008534812603663,-0.05208829665685953,0.02689578602607424,0.15008534812603663,0.2,0.2,0.0,0.3406452552568451,-0.34119476274778626,False
0,775,-0.5966689118724203,-0.7465085837741987,1.7101305665728053,2.8299764942818504,1.1381921384078708,0.0,0.25208829665685956,0.17310421397392578,-0.15008534812603663,-1.0,-0.31225889921188354,0.9460993409156799,0.9997938275337219,0.9999774694442749,-0.7693691253662109,-0.5963194359143903,-0.7462937245916825,1.7099677134814562,2.830794820247535,1.1390100532292144,0.0,0.2520588015190005,0.17311040521258683,-0.15013549778217908,-0.05205880151900047,0.026889594787413172,0.15013549778217908,0.2,0.2,0.0,0.34064867460532355,-0.340717061574893,False
0,776,-0.5963194359143903,-0.7462937245916825,1.7099677134814562,2.830794820247535,1.1390100532292144,0.0,0.2520588015190005,0.17311040521258683,-0.15013549778217908,-0.9999997019767761,0.7624390125274658,0.954431414604187,0.999699592590332,0.9999178647994995,-0.7588260173797607,-0.5984666990391704,-0.7468777060376578,1.7119846986062095,2.832966384471846,1.1411820885856294,0.0,0.25198755019454633,0.17302816762122994,-0.1503189838377067,-0.051987550194546345,0.02697183237877006,0.1503189838377067,0.2,0.2,0.0,0.3406350967610504,-0.34036353987558765,False
0,777,-0.5984666990391704,-0.7468777060376578,1.7119846986062095,2.832966384471846,1.1411820885856294,0.0,0.25198755019454633,0.17302816762122994,-0.1503189838377067,0.9897383451461792,-0.7961586117744446,-0.006432206369936466,0.9997251629829407,0.9986559152603149,-0.7681962251663208,-0.5984666990391704,-0.7468777060376578,1.7119846986062095,2.832966384471846,1.1411820885856294,0.0,0.25171208239169746,0.17300043848541766,-0.15079532680505608,-0.051712082391697445,0.026999561514582354,0.15079532680505608,0.2,0.2,0.0,0.340627883069421,-0.34048360923683246,False
0,778,-0.5984666990391704,-0.7468777060376578,1.7119846986062095,2.832966384471846,1.1411820885856294,0.0,0.25171208239169746,0.17300043848541766,-0.15079532680505608,0.9999529719352722,0.9981063008308411,0.07863481342792511,0.9997720122337341,0.999391496181488,-0.7984442710876465,-0.5984666990391704,-0.7468777060376578,1.7119846986062095,2.832966384471846,1.1411820885856294,0.0,0.2517642391330103,0.17355397353831564,-0.15119585621516934,-0.05176423913301033,0.02644602646168437,0.15119585621516934,0.2,0.2,0.0,0.34112519809272396,-0.35107149855878333,False
0,779,-0.5984666990391704,-0.7468777060376578,1.7119846986062095,2.832966384471846,1.1411820885856294,0.0,0.2517642391330103,0.17355397353831564,-0.15119585621516934,-0.9662749767303467,0.9892339706420898,0.18171441555023193,0.9997750520706177,0.9999868273735046,-0.7735280990600586,-0.5984666990391704,-0.7468777060376578,1.7119846986062095,2.832966384471846,1.1411820885856294,0.0,0.2515099226038871,0.1736296515707577,-0.15147951673304816,-0.05150992260388709,0.02637034842924233,0.15147951673304816,0.2,0.2,0.0,0.3411019511267472,-0.3406370118072117,False
0,780,-0.5984666990391704,-0.7468777060376578,1.7119846986062095,2.832966384471846,1.1411820885856294,0.0,0.2515099226038871,0.1736296515707577,-0.15147951673304816,0.9999999403953552,-0.8816171288490295,0.14505264163017273,0.999826192855835,0.9999955892562866,-0.7647573351860046,-0.5984666990391704,-0.7468777060376578,1.7119846986062095,2.832966384471846,1.1411820885856294,0.0,0.2511082349099732,0.17430523526932934,-0.1526041950700462,-0.05110823490997318,0.025694764730670682,0.1526041950700462,0.2,0.2,0.0,0.3416514320691123,-0.35264105091641473,False
0,781,-0.5984666990391704,-0.7468777060376578,1.7119846986062095,2.832966384471846,1.1411820885856294,0.0,0.2511082349099732,0.17430523526932934,-0.1526041950700462,-0.9999999403953552,0.6454652547836304,-0.9459452033042908,0.9997816681861877,0.9990008473396301,-0.7634941339492798,-0.5984666990391704,-0.7468777060376578,1.7119846986062095,2.832966384471846,1.1411820885856294,0.0,0.2511082349099732,0.17430523526932934,-0.1526041950700462,-0.05110823490997318,0.025694764730670682,0.1526041950700462,0.2,0.2,0.0,0.3416514320691123,-0.3416514320691123,False
0,782,-0.5984666990391704,-0.7468777060376578,1.7119846986062095,2.832966384471846,1.1411820885856294,0.0,0.2511082349099732,0.17430523526932934,-0.1526041950700462,-0.9995999932289124,0.07916504144668579,0.20013341307640076,0.9997327923774719,0.9999977946281433,-0.8010308146476746,-0.5864656038301096,-0.7562230624755367,1.716570558190576,2.8622394213044746,1.1704599361776773,0.0,0.25116424372244184,0.1743162781621631,-0.15256917116797503,-0.0511642437224418,0.025683721837836918,0.15256917116797503,0.2,0.2,0.0,0.3416825926907276,-0.3423058051230334,False
0,783,-0.5864656038301096,-0.7562230624755367,1.716570558190576,2.8622394213044746,1.1704599361776773,0.0,0.25116424372244184,0.1743162781621631,-0.15256917116797503,-0.9992333054542542,-0.7104660272598267,-0.6558821201324463,0.9998365044593811,0.9999793171882629,-0.767654538154602,-0.5864656038301096,-0.7562230624755367,1.716570558190576,2.8622394213044746,1.1704599361776773,0.0,0.25111031701207515,0.17427353817466573,-0.1525910005890238,-0.05111031701207515,0.025726461825334293,0.1525910005890238,0.2,0.2,0.0,0.341630898600494,-0.3405970167958222,False
0,784,-0.5864656038301096,-0.7562230624755367,1.716570558190576,2.8622394213044746,1.1704599361776773,0.0,0.25111031701207515,0.17427353817466573,-0.1525910005890238,-0.9633768796920776,-0.8069857358932495,-0.9503793120384216,0.9998356699943542,0.9999038577079773,-0.8032885193824768,-0.5864656038301096,-0.7562230624755367,1.716570558190576,2.8622394213044746,1.1704599361776773,0.0,0.25111031701207515,0.17427353817466573,-0.1525910005890238,-0.05111031701207515,0.025726461825334293,0.1525910005890238,0.2,0.2,0.0,0.341630898600494,-0.341630898600494,False
0,785,-0.5864656038301096,-0.7562230624755367,1.716570558190576,2.8622394213044746,1.1704599361776773,0.0,0.25111031701207515,0.17427353817466573,-0.1525910005890238,-0.9999731779098511,0.834464430809021,-0.9953126907348633,0.9998038411140442,0.9997812509536743,-0.7992289662361145,-0.5858612722542621,-0.7574116515391317,1.7165816936757796,2.86231603581938,1.1705366419817578,0.0,0.2510371378339717,0.1742517255565326,-0.15262753588813685,-0.051037137833971694,0.025748274443467424,0.15262753588813685,0.2,0.2,0.0,0.3415823080058248,-0.34061049611244043,False
0,786,-0.5858612722542621,-0.7574116515391317,1.7165816936757796,2.86231603581938,1.1705366419817578,0.0,0.2510371378339717,0.1742517255565326,-0.15262753588813685,-1.0,0.8141212463378906,0.5194563269615173,0.9998136758804321,0.9991586208343506,-0.8160589933395386,-0.5884232646113647,-0.7565262852547154,1.715297538160656,2.8636781222030256,1.1718988161654036,0.0,0.25087211892215733,0.17430826464154628,-0.15275356532390366,-0.050872118922157344,0.025691735358453743,0.15275356532390366,0.2,0.2,0.0,0.3415462529350959,-0.34082515152051784,False
0,787,-0.5884232646113647,-0.7565262852547154,1.715297538160656,2.8636781222030256,1.1718988161654036,0.0,0.25087211892215733,0.17430826464154628,-0.15275356532390366,-0.23854506015777588,0.36601564288139343,0.9914578795433044,0.9998302459716797,0.9999492168426514,-0.7963870167732239,-0.5886924058511541,-0.7562569160403436,1.7156706932814294,2.8641374839473257,1.1723580525007733,0.0,0.25087211892215733,0.17430826464154628,-0.15275356532390366,-0.050872118922157344,0.025691735358453743,0.15275356532390366,0.2,0.2,0.0,0.3415462529350959,-0.3415462529350959,False
0,788,-0.5886924058511541,-0.7562569160403436,1.7156706932814294,2.8641374839473257,1.1723580525007733,0.0,0.25087211892215733,0.17430826464154628,-0.15275356532390366,-0.9999999403953552,-0.9774793982505798,0.970087468624115,0.9998040199279785,0.9977512359619141,-0.7670642733573914,-0.5889501115035511,-0.7558559849090064,1.716770425043938,2.8652430942061966,1.1734638014052823,0.0,0.25083014505183127,0.1743166694644957,-0.15283490909639885,-0.05083014505183127,0.025683330535504298,0.15283490909639885,0.2,0.2,0.0,0.34155610426168853,-0.34175313079354147,False
0,789,-0.5889501115035511,-0.7558559849090064,1.716770425043938,2.8652430942061966,1.1734638014052823,0.0,0.25083014505183127,0.1743166694644957,-0.15283490909639885,-0.9976069331169128,0.9988812208175659,0.547066330909729,0.9997643232345581,0.9998354911804199,-0.7927156090736389,-0.5892593068039907,-0.7554742610157331,1.717423898418443,2.865980906522998,1.1742016963339101,0.0,0.2507692646268257,0.17433580250237218,-0.1529926624805708,-0.0507692646268257,0.025664197497627834,0.1529926624805708,0.2,0.2,0.0,0.3415917898435484,-0.3423055014807453,False
0,790,-0.5892593068039907,-0.7554742610157331,1.717423898418443,2.865980906522998,1.1742016963339101,0.0,0.2507692646268257,0.17433580250237218,-0.1529926624805708,-0.9891217350959778,-0.46764981746673584,-0.8601422309875488,0.9997774362564087,0.9999887943267822,-0.7975883483886719,-0.5892593068039907,-0.7554742610157331,1.717423898418443,2.865980906522998,1.1742016963339101,0.0,0.24770039166372482,0.17481325726935434,-0.15514191495938767,-0.047700391663724806,0.025186742730645664,0.15514191495938767,0.2,0.2,0.0,0.3405644912857916,-0.3200185201306557,False
0,791,-0.5892593068039907,-0.7554742610157331,1.717423898418443,2.865980906522998,1.1742016963339101,0.0,0.24770039166372482,0.17481325726935434,-0.15514191495938767,-0.9995161294937134,0.8394071459770203,0.9060291051864624,0.9997943043708801,0.9998877644538879,-0.7955077886581421,-0.5892593068039907,-0.7554742610157331,1.717423898418443,2.865980906522998,1.1742016963339101,0.0,0.24769379239969874,0.17481438429266077,-0.15514659973468586,-0.04769379239969873,0.025185615707339223,0.15514659973468586,0.2,0.2,0.0,0.3405624042054583,-0.3405206625987927,False
0,792,-0.5892593068039907,-0.7554742610157331,1.717423898418443,2.865980906522998,1.1742016963339101,0.0,0.24769379239969874,0.17481438429266077,-0.15514659973468586,0.9993669986724854,0.15951509773731232,0.8988605737686157,0.9998641014099121,0.9999818205833435,-0.7905521988868713,-0.5892593068039907,-0.7554742610157331,1.717423898418443,2.865980906522998,1.1742016963339101,0.0,0.24769379239969874,0.17481438429266077,-0.15514659973468586,-0.04769379239969873,0.025185615707339223,0.15514659973468586,0.2,0.2,0.0,0.3405624042054583,-0.3405624042054583,False
0,793,-0.5892593068039907,-0.7554742610157331,1.717423898418443,2.865980906522998,1.1742016963339101,0.0,0.24769379239969874,0.17481438429266077,-0.15514659973468586,-0.9998250603675842,0.9918513894081116,0.6501617431640625,0.9998135566711426,0.9999812841415405,-0.8065618276596069,-0.5892593068039907,-0.7554742610157331,1.717423898418443,2.865980906522998,1.1742016963339101,0.0,0.24770036336240941,0.17481742373325154,-0.15522504121908406,-0.04770036336240939,0.025182576266748455,0.15522504121908406,0.2,0.2,0.0,0.34060448480909233,-0.34144609688177296,False
0,794,-0.5892593068039907,-0.7554742610157331,1.717423898418443,2.865980906522998,1.1742016963339101,0.0,0.24770036336240941,0.17481742373325154,-0.15522504121908406,0.9678360223770142,0.5281941294670105,-0.4925501048564911,0.9998550415039062,0.9999241232872009,-0.7899730205535889,-0.5892593068039907,-0.7554742610157331,1.717423898418443,2.865980906522998,1.1742016963339101,0.0,0.24770036336240941,0.17481742373325154,-0.15522504121908406,-0.04770036336240939,0.025182576266748455,0.15522504121908406,0.2,0.2,0.0,0.34060448480909233,-0.34060448480909233,False
0,795,-0.5892593068039907,-0.7554742610157331,1.717423898418443,2.865980906522998,1.1742016963339101,0.0,0.24770036336240941,0.17481742373325154,-0.15522504121908406,-0.9999997615814209,0.9765906929969788,-0.9921770095825195,0.9997767806053162,0.9998703598976135,-0.7976906299591064,-0.5892593068039907,-0.7554742610157331,1.717423898418443,2.865980906522998,1.1742016963339101,0.0,0.24768741818947523,0.17482200000657422,-0.15531123322071727,-0.04768741818947522,0.02517799999342578,0.15531123322071727,0.2,0.2,0.0,0.3406367096779304,-0.34128120705469206,False
0,796,-0.5892593068039907,-0.7554742610157331,1.717423898418443,2.865980906522998,1.1742016963339101,0.0,0.24768741818947523,0.17482200000657422,-0.15531123322071727,-0.9970980286598206,0.986775279045105,0.1747150719165802,0.9997549057006836,0.9991896152496338,-0.8149104714393616,-0.5892593068039907,-0.7554742610157331,1.717423898418443,2.865980906522998,1.1742016963339101,0.0,0.24768741818947523,0.17482200000657422,-0.15531123322071727,-0.04768741818947522,0.02517799999342578,0.15531123322071727,0.2,0.2,0.0,0.3406367096779304,-0.3406367096779304,False
0,797,-0.5892593068039907,-0.7554742610157331,1.717423898418443,2.865980906522998,1.1742016963339101,0.0,0.24768741818947523,0.17482200000657422,-0.15531123322071727,0.9999982118606567,-0.6643262505531311,0.35447555780410767,0.9997252821922302,0.9999842047691345,-0.8044512271881104,-0.6175760505826409,-0.7665505259057215,1.6954156704079455,2.8948111247843005,1.2030377256433507,0.0,0.24766146107688242,0.17483836243314968,-0.15535231115021764,-0.047661461076882405,0.025161637566850324,0.15535231115021764,0.2,0.2,0.0,0.34064496599943406,-0.3408100924295069,False
0,798,-0.6175760505826409,-0.7665505259057215,1.6954156704079455,2.8948111247843005,1.2030377256433507,0.0,0.24766146107688242,0.17483836243314968,-0.15535231115021764,-0.998540997505188,0.4471414089202881,0.4658886790275574,0.9997789263725281,0.9996405839920044,-0.8121631145477295,-0.6142745652114036,-0.7644807594117133,1.6994379726774196,2.8949528646473355,1.203179269828596,0.0,0.24772098957184552,0.1748584080137484,-0.15535156009732226,-0.04772098957184552,0.0251415919862516,0.15535156009732226,0.2,0.2,0.0,0.3406981930568885,-0.34176273420597686,False
0,799,-0.6142745652114036,-0.7644807594117133,1.6994379726774196,2.8949528646473355,1.203179269828596,0.0,0.24772098957184552,0.1748584080137484,-0.15535156009732226,0.9997231364250183,0.9954930543899536,-0.9995339512825012,0.9997634887695312,0.9999900460243225,-0.8103694915771484,-0.6144196999497911,-0.7643521591683548,1.699433089265934,2.89518991305994,1.2034163080633031,0.0,0.2478405340557835,0.17489237609407188,-0.1553373692584355,-0.04784053405578349,0.02510762390592813,0.1553373692584355,0.2,0.2,0.0,0.34079608540154593,-0.3427539322946951,False
0,800,-0.6144196999497911,-0.7643521591683548,1.699433089265934,2.89518991305994,1.2034163080633031,0.0,0.2478405340557835,0.17489237609407188,-0.1553373692584355,-0.7249603271484375,0.9862157106399536,-0.5605527758598328,0.9997446537017822,0.9999995827674866,-0.7798538208007812,-0.6144196999497911,-0.7643521591683548,1.699433089265934,2.89518991305994,1.2034163080633031,0.0,0.24561707547148115,0.1759370623241332,-0.15732731135868058,-0.04561707547148115,0.024062937675866827,0.15732731135868058,0.2,0.2,0.0,0.3406368749295361,-0.3374526654893393,False
0,801,-0.6144196999497911,-0.7643521591683548,1.699433089265934,2.89518991305994,1.2034163080633031,0.0,0.24561707547148115,0.1759370623241332,-0.15732731135868058,-0.9956035017967224,0.45706406235694885,-0.8534639477729797,0.9997181296348572,0.9988561868667603,-0.8749579787254333,-0.6144196999497911,-0.7643521591683548,1.699433089265934,2.89518991305994,1.2034163080633031,0.0,0.2437551244623143,0.17679714566948285,-0.15892675182437946,-0.04375512446231428,0.023202854330517178,0.15892675182437946,0.2,0.2,0.0,0.3404871566798997,-0.33749279168717194,False
0,802,-0.6144196999497911,-0.7643521591683548,1.699433089265934,2.89518991305994,1.2034163080633031,0.0,0.2437551244623143,0.17679714566948285,-0.15892675182437946,-0.9993845820426941,0.9090235233306885,-0.6057679653167725,0.9997580051422119,0.9979225993156433,-0.8822158575057983,-0.6144196999497911,-0.7643521591683548,1.699433089265934,2.89518991305994,1.2034163080633031,0.0,0.24356389345641655,0.17661549027540902,-0.15887079993905884,-0.043563893456416536,0.023384509724590996,0.15887079993905884,0.2,0.2,0.0,0.34022982331675183,-0.3350831560537944,False
0,803,-0.6144196999497911,-0.7643521591683548,1.699433089265934,2.89518991305994,1.2034163080633031,0.0,0.24356389345641655,0.17661549027540902,-0.15887079993905884,-0.543538510799408,0.6811974048614502,-0.5439268946647644,0.9997909665107727,0.9999921321868896,-0.8819761872291565,-0.6144196999497911,-0.7643521591683548,1.699433089265934,2.89518991305994,1.2034163080633031,0.0,0.24349197044907642,0.17654342619551175,-0.15884918408095328,-0.043491970449076406,0.023456573804488262,0.15884918408095328,0.2,0.2,0.0,0.3401308340759605,-0.338151049260134,False
0,804,-0.6144196999497911,-0.7643521591683548,1.699433089265934,2.89518991305994,1.2034163080633031,0.0,0.24349197044907642,0.17654342619551175,-0.15884918408095328,-0.9991604089736938,0.9998604655265808,-0.7181496620178223,0.9997889995574951,0.9998927116394043,-0.8700478076934814,-0.6144196999497911,-0.7643521591683548,1.699433089265934,2.89518991305994,1.2034163080633031,0.0,0.24341627973455143,0.17656964369142764,-0.15890776251665234,-0.04341627973455142,0.02343035630857239,0.15890776251665234,0.2,0.2,0.0,0.3401176286245332,-0.3398535195959872,False
0,805,-0.6144196999497911,-0.7643521591683548,1.699433089265934,2.89518991305994,1.2034163080633031,0.0,0.24341627973455143,0.17656964369142764,-0.15890776251665234,-1.0,0.6878054141998291,-0.8845217227935791,0.9997650980949402,0.9995297789573669,-0.8723050355911255,-0.6144196999497911,-0.7643521591683548,1.699433089265934,2.89518991305994,1.2034163080633031,0.0,0.24310066068121777,0.17676764804498635,-0.159182202835638,-0.04310066068121775,0.02323235195501366,0.159182202835638,0.2,0.2,0.0,0.340123075251602,-0.34023200779297813,False
0,806,-0.6144196999497911,-0.7643521591683548,1.699433089265934,2.89518991305994,1.2034163080633031,0.0,0.24310066068121777,0.17676764804498635,-0.159182202835638,-0.9999074935913086,-0.2857801616191864,-0.9675372838973999,0.999710738658905,0.9997036457061768,-0.8782092332839966,-0.6435804811085523,-0.7415622864175762,1.6766254889360166,2.9250588183665718,1.2332757486207686,0.0,0.24310066068121777,0.17676764804498635,-0.159182202835638,-0.04310066068121775,0.02323235195501366,0.159182202835638,0.2,0.2,0.0,0.340123075251602,-0.340123075251602,False
0,807,-0.6435804811085523,-0.7415622864175762,1.6766254889360166,2.9250588183665718,1.2332757486207686,0.0,0.24310066068121777,0.17676764804498635,-0.159182202835638,-0.9999908804893494,-0.9870343804359436,-0.9907236099243164,0.9997692704200745,0.9999509453773499,-0.8965604901313782,-0.6435804811085523,-0.7415622864175762,1.6766254889360166,2.9250588183665718,1.2332757486207686,0.0,0.24319465472396423,0.17669037248501482,-0.15909148025624079,-0.043194654723964235,0.02330962751498519,0.15909148025624079,0.2,0.2,0.0,0.3401076695773315,-0.3397995560919216,False
0,808,-0.6435804811085523,-0.7415622864175762,1.6766254889360166,2.9250588183665718,1.2332757486207686,0.0,0.24319465472396423,0.17669037248501482,-0.15909148025624079,-1.0,-0.23772890865802765,0.82623690366745,0.9997796416282654,0.997962236404419,-0.88737553358078,-0.6435804811085523,-0.7415622864175762,1.6766254889360166,2.9250588183665718,1.2332757486207686,0.0,0.2429874766825731,0.17671702626396643,-0.15924528635314264,-0.04298747668257308,0.02328297373603357,0.15924528635314264,0.2,0.2,0.0,0.3400454122934727,-0.338800266616296,False
0,809,-0.6435804811085523,-0.7415622864175762,1.6766254889360166,2.9250588183665718,1.2332757486207686,0.0,0.2429874766825731,0.17671702626396643,-0.15924528635314264,-0.9999281167984009,0.9994922876358032,-0.4576365649700165,0.9997552633285522,0.9999289512634277,-0.8917120099067688,-0.6435804811085523,-0.7415622864175762,1.6766254889360166,2.9250588183665718,1.2332757486207686,0.0,0.24295273822442773,0.176702164410288,-0.1593094299136591,-0.04295273822442772,0.02329783558971201,0.1593094299136591,0.2,0.2,0.0,0.34004291255287594,-0.33999291774094115,False
0,810,-0.6435804811085523,-0.7415622864175762,1.6766254889360166,2.9250588183665718,1.2332757486207686,0.0,0.24295273822442773,0.176702164410288,-0.1593094299136591,-0.7457093596458435,0.30302688479423523,0.909016489982605,0.9997540712356567,0.9999580383300781,-0.8984811902046204,-0.6435804811085523,-0.7415622864175762,1.6766254889360166,2.9250588183665718,1.2332757486207686,0.0,0.241213922254241,0.177091073963456,-0.16190625192971717,-0.04121392225424096,0.022908926036544004,0.16190625192971717,0.2,0.2,0.0,0.34023380076167375,-0.34405156493763,False
0,811,-0.6435804811085523,-0.7415622864175762,1.6766254889360166,2.9250588183665718,1.2332757486207686,0.0,0.241213922254241,0.177091073963456,-0.16190625192971717,-0.6093199253082275,0.7833393216133118,0.9942505359649658,0.9997360110282898,0.99969482421875,-0.9285904765129089,-0.6435804811085523,-0.7415622864175762,1.6766254889360166,2.9250588183665718,1.2332757486207686,0.0,0.2412067704361046,0.17709282746724803,-0.16191655069874658,-0.041206770436104614,0.022907172532751995,0.16191655069874658,0.2,0.2,0.0,0.3402345441526182,-0.3402494119715076,False
0,812,-0.6435804811085523,-0.7415622864175762,1.6766254889360166,2.9250588183665718,1.2332757486207686,0.0,0.2412067704361046,0.17709282746724803,-0.16191655069874658,-0.9999985098838806,-0.0665137767791748,0.7329833507537842,0.9996804594993591,0.9995154738426208,-0.9238882064819336,-0.6435804811085523,-0.7415622864175762,1.6766254889360166,2.9250588183665718,1.2332757486207686,0.0,0.24120153084002016,0.1770979989549641,-0.16192207494024052,-0.041201530840020165,0.022902001045035918,0.16192207494024052,0.2,0.2,0.0,0.34023615044021194,-0.3402682761920862,False
0,813,-0.6435804811085523,-0.7415622864175762,1.6766254889360166,2.9250588183665718,1.2332757486207686,0.0,0.24120153084002016,0.1770979989549641,-0.16192207494024052,-0.9761746525764465,0.16120633482933044,0.9952502250671387,0.9996334314346313,0.9977503418922424,-0.9296287298202515,-0.6654326970806944,-0.7315434974502631,1.7036731974730337,2.9547127124311525,1.262935029551837,0.0,0.24116164454639982,0.17714026666912405,-0.16196045813537632,-0.041161644546399825,0.022859733330875955,0.16196045813537632,0.2,0.2,0.0,0.340248148966829,-0.3404881194991698,False
0,814,-0.6654326970806944,-0.7315434974502631,1.7036731974730337,2.9547127124311525,1.262935029551837,0.0,0.24116164454639982,0.17714026666912405,-0.16196045813537632,-0.9999974966049194,0.9838259220123291,0.9940826892852783,0.9996597766876221,0.9998653531074524,-0.938655436038971,-0.666033337016563,-0.7319619038009059,1.7039007328473283,2.954739793745531,1.2629570979160654,0.0,0.24117573805076592,0.17710039305255906,-0.16194538143361034,-0.04117573805076591,0.022899606947440938,0.16194538143361034,0.2,0.2,0.0,0.3402302050250391,-0.3398713261892413,False
0,815,-0.666033337016563,-0.7319619038009059,1.7039007328473283,2.954739793745531,1.2629570979160654,0.0,0.24117573805076592,0.17710039305255906,-0.16194538143361034,-0.999999463558197,0.9740551710128784,0.9062389731407166,0.999713659286499,0.9999868273735046,-0.9422762989997864,-0.6665917235695895,-0.731793358647584,1.7042894193393345,2.955048799373122,1.2632640030290503,0.0,0.24116937723008747,0.17708667225329622,-0.16195246115787612,-0.04116937723008744,0.02291332774670378,0.16195246115787612,0.2,0.2,0.0,0.3402219241589054,-0.34005630683623156,False
0,816,-0.6665917235695895,-0.731793358647584,1.7042894193393345,2.955048799373122,1.2632640030290503,0.0,0.24116937723008747,0.17708667225329622,-0.16195246115787612,-0.9999997019767761,0.9086108207702637,-0.9913661479949951,0.9996472001075745,0.9998139142990112,-0.9353681802749634,-0.6674045540084217,-0.7310057883865765,1.7046880406297757,2.955866726782936,1.2640821817195966,0.0,0.24107792225360292,0.17711809443459042,-0.16204926487409052,-0.04107792225360292,0.022881905565409588,0.16204926487409052,0.2,0.2,0.0,0.34021955884470817,-0.3401722525607636,False
0,817,-0.6674045540084217,-0.7310057883865765,1.7046880406297757,2.955866726782936,1.2640821817195966,0.0,0.24107792225360292,0.17711809443459042,-0.16204926487409052,-0.9999949336051941,0.8577044606208801,-0.33252307772636414,0.9996482729911804,0.9994907379150391,-0.9389475584030151,-0.6683817941079092,-0.7301196041852895,1.703617886800328,2.95690082708264,1.265116450238679,0.0,0.24091884748415965,0.177200433734522,-0.1621632479067411,-0.04091884748415963,0.022799566265478015,0.1621632479067411,0.2,0.2,0.0,0.3402040619399799,-0.33989412384541395,False
0,818,-0.6683817941079092,-0.7301196041852895,1.703617886800328,2.95690082708264,1.265116450238679,0.0,0.24091884748415965,0.177200433734522,-0.1621632479067411,-0.9999939203262329,-0.28698402643203735,0.8708270788192749,0.9996944069862366,0.9996796250343323,-0.9224257469177246,-0.6683817941079092,-0.7301196041852895,1.703617886800328,2.95690082708264,1.265116450238679,0.0,0.2382188238578461,0.17848886372548278,-0.16429460584724834,-0.03821882385784607,0.02151113627451723,0.16429460584724834,0.2,0.2,0.0,0.33999882356374733,-0.3358940560390965,False
0,819,-0.6683817941079092,-0.7301196041852895,1.703617886800328,2.95690082708264,1.265116450238679,0.0,0.2382188238578461,0.17848886372548278,-0.16429460584724834,-0.9884586930274963,0.8111037015914917,0.08442475646734238,0.9996941089630127,0.9999284148216248,-0.9393001198768616,-0.689540641267796,-0.7124163125225084,1.6976117115171492,2.978013778126567,1.2862259593227559,0.0,0.23780801162742804,0.1786849768143126,-0.16462303031997164,-0.03780801162742804,0.021315023185687412,0.16462303031997164,0.2,0.2,0.0,0.33997310694384736,-0.3394587745458479,False
0,820,-0.689540641267796,-0.7124163125225084,1.6976117115171492,2.978013778126567,1.2862259593227559,0.0,0.23780801162742804,0.1786849768143126,-0.16462303031997164,-0.9994390606880188,0.9923252463340759,0.9964055418968201,0.9996975660324097,0.9993886351585388,-0.9481160044670105,-0.689540641267796,-0.7124163125225084,1.6976117115171492,2.978013778126567,1.2862259593227559,0.0,0.2366089774847278,0.17918328873267797,-0.16577454239579834,-0.036608977484727814,0.02081671126732205,0.16577454239579834,0.2,0.2,0.0,0.3399583181714532,-0.3396625427235705,False
0,821,-0.689540641267796,-0.7124163125225084,1.6976117115171492,2.978013778126567,1.2862259593227559,0.0,0.2366089774847278,0.17918328873267797,-0.16577454239579834,-0.9999534487724304,0.9771087765693665,-0.9972906708717346,0.999509334564209,0.9999567270278931,-0.9600629806518555,-0.689540641267796,-0.7124163125225084,1.6976117115171492,2.978013778126567,1.2862259593227559,0.0,0.23580540484353246,0.17956676580814326,-0.1664667006124482,-0.035805404843532465,0.020433234191856758,0.1664667006124482,0.2,0.2,0.0,0.3399405459032701,-0.33958510053960783,False
0,822,-0.689540641267796,-0.7124163125225084,1.6976117115171492,2.978013778126567,1.2862259593227559,0.0,0.23580540484353246,0.17956676580814326,-0.1664667006124482,-0.9997894167900085,-0.8131706118583679,-0.3484008312225342,0.9996222853660583,0.9976291060447693,-0.9601905345916748,-0.689540641267796,-0.7124163125225084,1.6976117115171492,2.978013778126567,1.2862259593227559,0.0,0.2340709526514839,0.18078037338473169,-0.1673879245414981,-0.03407095265148388,0.019219626615268326,0.1673879245414981,0.2,0.2,0.0,0.3398374193031228,-0.3377748873001762,False
0,823,-0.689540641267796,-0.7124163125225084,1.6976117115171492,2.978013778126567,1.2862259593227559,0.0,0.2340709526514839,0.18078037338473169,-0.1673879245414981,-0.7018803358078003,0.9903477430343628,0.38455167412757874,0.99967360496521,0.9999816417694092,-0.9550313353538513,-0.689540641267796,-0.7124163125225084,1.6976117115171492,2.978013778126567,1.2862259593227559,0.0,0.23421294459016362,0.18054357858042736,-0.16733744833319672,-0.034212944590163614,0.019456421419572646,0.16733744833319672,0.2,0.2,0.0,0.33978450346489797,-0.3387261867004018,False
0,824,-0.689540641267796,-0.7124163125225084,1.6976117115171492,2.978013778126567,1.2862259593227559,0.0,0.23421294459016362,0.18054357858042736,-0.16733744833319672,-0.9999988079071045,-0.3532107472419739,-0.9875282049179077,0.9996722936630249,0.9999359250068665,-0.957257866859436,-0.689540641267796,-0.7124163125225084,1.6976117115171492,2.978013778126567,1.2862259593227559,0.0,0.23517384565152488,0.17963527872784466,-0.16683207946792666,-0.03517384565152487,0.020364721272155363,0.16683207946792666,0.2,0.2,0.0,0.3397182859101792,-0.3383939348158042,False
0,825,-0.689540641267796,-0.7124163125225084,1.6976117115171492,2.978013778126567,1.2862259593227559,0.0,0.23517384565152488,0.17963527872784466,-0.16683207946792666,-0.9998594522476196,-0.94631028175354,0.257830411195755,0.9996259808540344,0.9981694221496582,-0.9517824053764343,-0.689540641267796,-0.7124163125225084,1.6976117115171492,2.978013778126567,1.2862259593227559,0.0,0.2348162608315548,0.17992169741499794,-0.1670056310209087,-0.034816260831554785,0.020078302585002056,0.1670056310209087,0.2,0.2,0.0,0.3397077778684185,-0.33949761703320397,False
0,826,-0.689540641267796,-0.7124163125225084,1.6976117115171492,2.978013778126567,1.2862259593227559,0.0,0.2348162608315548,0.17992169741499794,-0.1670056310209087,-1.0,0.980593204498291,-0.9999712109565735,0.9996584057807922,0.9998222589492798,-0.9584548473358154,-0.689540641267796,-0.7124163125225084,1.6976117115171492,2.978013778126567,1.2862259593227559,0.0,0.234710516236514,0.17998854673751424,-0.16703972191526897,-0.03471051623651399,0.020011453262485768,0.16703972191526897,0.2,0.2,0.0,0.3396868735854002,-0.3392687879250338,False
0,827,-0.689540641267796,-0.7124163125225084,1.6976117115171492,2.978013778126567,1.2862259593227559,0.0,0.234710516236514,0.17998854673751424,-0.16703972191526897,-0.9999998807907104,0.9975293278694153,0.02572244592010975,0.9995834231376648,0.9998670816421509,-0.9598886966705322,-0.689540641267796,-0.7124163125225084,1.6976117115171492,2.978013778126567,1.2862259593227559,0.0,0.2356415086007504,0.17916704798915062,-0.16658411656527913,-0.035641508600750396,0.0208329520108494,0.16658411656527913,0.2,0.2,0.0,0.33967340130280826,-0.3394039556509701,False
0,828,-0.689540641267796,-0.7124163125225084,1.6976117115171492,2.978013778126567,1.2862259593227559,0.0,0.2356415086007504,0.17916704798915062,-0.16658411656527913,0.9676714539527893,0.9955635070800781,-0.03945045545697212,0.9995681643486023,0.9996422529220581,-0.9604306221008301,-0.689540641267796,-0.7124163125225084,1.6976117115171492,2.978013778126567,1.2862259593227559,0.0,0.23630579976591062,0.17858258993921083,-0.16625654963440137,-0.03630579976591061,0.021417410060789184,0.16625654963440137,0.2,0.2,0.0,0.33966661998014924,-0.3395309935269688,False
0,829,-0.689540641267796,-0.7124163125225084,1.6976117115171492,2.978013778126567,1.2862259593227559,0.0,0.23630579976591062,0.17858258993921083,-0.16625654963440137,-0.9999997615814209,-0.2815317213535309,-0.9831192493438721,0.9996145963668823,0.9995374083518982,-0.9581103920936584,-0.689540641267796,-0.7124163125225084,1.6976117115171492,2.978013778126567,1.2862259593227559,0.0,0.23502862415145853,0.17970064352833323,-0.1670383393466681,-0.03502862415145851,0.020299356471666773,0.1670383393466681,0.2,0.2,0.0,0.3397537082457192,-0.34149547355711857,False
0,830,-0.689540641267796,-0.7124163125225084,1.6976117115171492,2.978013778126567,1.2862259593227559,0.0,0.23502862415145853,0.17970064352833323,-0.1670383393466681,-0.9999998807907104,0.4654094874858856,0.9907919764518738,0.999671220779419,0.9982211589813232,-0.9593318700790405,-0.689540641267796,-0.7124163125225084,1.6976117115171492,2.978013778126567,1.2862259593227559,0.0,0.2352138316100309,0.17959623789348572,-0.1671672820597436,-0.0352138316100309,0.020403762106514296,0.1671672820597436,0.2,0.2,0.0,0.3398900637521011,-0.3426171738797394,False
0,831,-0.689540641267796,-0.7124163125225084,1.6976117115171492,2.978013778126567,1.2862259593227559,0.0,0.2352138316100309,0.17959623789348572,-0.1671672820597436,-0.4877389073371887,0.9783363938331604,-0.4369050860404968,0.99961918592453,0.9996726512908936,-0.9583226442337036,-0.7181479160429551,-0.7000905581960036,1.7207992237412921,3.0080032042340195,1.3161775277193553,0.0,0.2352138316100309,0.17959623789348572,-0.1671672820597436,-0.0352138316100309,0.020403762106514296,0.1671672820597436,0.2,0.2,0.0,0.3398900637521011,-0.3398900637521011,False
0,832,-0.7181479160429551,-0.7000905581960036,1.7207992237412921,3.0080032042340195,1.3161775277193553,0.0,0.2352138316100309,0.17959623789348572,-0.1671672820597436,-0.9956047534942627,0.7892718315124512,0.9102898836135864,0.9993523955345154,0.9997957944869995,-0.9631394147872925,-0.7181922218188871,-0.6997856876602876,1.7206134320521471,3.008182479810255,1.3163572622512203,0.0,0.23520635364330988,0.1796044162446984,-0.16717211613957725,-0.03520635364330986,0.02039558375530163,0.16717211613957725,0.2,0.2,0.0,0.339891587926746,-0.3399220714196437,False
0,833,-0.7181922218188871,-0.6997856876602876,1.7206134320521471,3.008182479810255,1.3163572622512203,0.0,0.23520635364330988,0.1796044162446984,-0.16717211613957725,-0.9994916915893555,0.9519203901290894,0.15712305903434753,0.9992944598197937,0.9999597072601318,-0.9643575549125671,-0.7187809185678468,-0.6992950395356226,1.721019844876076,3.008770348014304,1.3169454245170422,0.0,0.23513427874350967,0.1796448120163875,-0.16723124075037307,-0.03513427874350965,0.020355187983612508,0.16723124075037307,0.2,0.2,0.0,0.3398921526124764,-0.33990344632708436,False
0,834,-0.7187809185678468,-0.6992950395356226,1.721019844876076,3.008770348014304,1.3169454245170422,0.0,0.23513427874350967,0.1796448120163875,-0.16723124075037307,-0.935088574886322,-0.16146036982536316,0.5809149742126465,0.9994780421257019,0.9998878836631775,-0.964612603187561,-0.7192402870423983,-0.6989194594477416,1.721112719311626,3.009233511774465,1.3174088829608264,0.0,0.23505060990265284,0.17969037302070437,-0.16729487567093707,-0.03505060990265283,0.020309626979295635,0.16729487567093707,0.2,0.2,0.0,0.3398896803341979,-0.3398402347686282,False
0,835,-0.7192402870423983,-0.6989194594477416,1.721112719311626,3.009233511774465,1.3174088829608264,0.0,0.23505060990265284,0.17969037302070437,-0.16729487567093707,-1.0,0.9681591391563416,0.8882542252540588,0.9994181394577026,0.9998538494110107,-0.9649618268013,-0.7192402870423983,-0.6989194594477416,1.721112719311626,3.009233511774465,1.3174088829608264,0.0,0.23498173274536005,0.17970581107662606,-0.16736462544465444,-0.03498173274536004,0.02029418892337395,0.16736462544465444,0.2,0.2,0.0,0.3398845555610748,-0.3397820600986119,False
0,836,-0.7192402870423983,-0.6989194594477416,1.721112719311626,3.009233511774465,1.3174088829608264,0.0,0.23498173274536005,0.17970581107662606,-0.16736462544465444,-0.9999785423278809,-0.6265956163406372,0.9999794363975525,0.9994019865989685,0.9982072710990906,-0.9649140238761902,-0.7192402870423983,-0.6989194594477416,1.721112719311626,3.009233511774465,1.3174088829608264,0.0,0.2347751336039338,0.17979191631962924,-0.1675481247298314,-0.03477513360393378,0.020208083680370772,0.1675481247298314,0.2,0.2,0.0,0.33987772894544394,-0.33974119663282715,False
0,837,-0.7192402870423983,-0.6989194594477416,1.721112719311626,3.009233511774465,1.3174088829608264,0.0,0.2347751336039338,0.17979191631962924,-0.1675481247298314,-0.9999040961265564,0.999596357345581,0.9852567315101624,0.9994683265686035,0.999763011932373,-0.9662666320800781,-0.7236099773836394,-0.698391309055639,1.7246135196008419,3.013734715501892,1.321910443769657,0.0,0.23473275414823122,0.17979286116288817,-0.16759702692132855,-0.03473275414823121,0.020207138837111838,0.16759702692132855,0.2,0.2,0.0,0.3398730678180018,-0.3397798452691592,False
0,838,-0.7236099773836394,-0.698391309055639,1.7246135196008419,3.013734715501892,1.321910443769657,0.0,0.23473275414823122,0.17979286116288817,-0.16759702692132855,-0.9984928369522095,0.9481918215751648,0.16712433099746704,0.999449610710144,0.9998093247413635,-0.9669176936149597,-0.7237106351387557,-0.6982726660798817,1.724715837784338,3.0138348056147892,1.32201056988881,0.0,0.23466065561284485,0.17982128295644273,-0.16766268997228023,-0.03466065561284485,0.020178717043557295,0.16766268997228023,0.2,0.2,0.0,0.3398707029231737,-0.339823405026611,False
0,839,-0.7237106351387557,-0.6982726660798817,1.724715837784338,3.0138348056147892,1.32201056988881,0.0,0.23466065561284485,0.17982128295644273,-0.16766268997228023,-0.999968945980072,0.9741684198379517,-0.3915175199508667,0.999419093132019,0.9989923238754272,-0.9655508399009705,-0.7239140306875737,-0.6980379065853408,1.7249226333367849,3.0140370537215784,1.3222128861918625,0.0,0.23454772268739496,0.17988170135812614,-0.16775348629817846,-0.03454772268739495,0.020118298641873873,0.16775348629817846,0.2,0.2,0.0,0.33986952329758896,-0.3398459307858947,False
0,840,-0.7239140306875737,-0.6980379065853408,1.7249226333367849,3.0140370537215784,1.3222128861918625,0.0,0.23454772268739496,0.17988170135812614,-0.16775348629817846,-0.9963812828063965,0.7890876531600952,0.9424031376838684,0.9993407726287842,0.9994208216667175,-0.9650425314903259,-0.7239140306875737,-0.6980379065853408,1.7249226333367849,3.0140370537215784,1.3222128861918625,0.0,0.23225257101328517,0.18104366939443836,-0.16959937277651385,-0.03225257101328516,0.01895633060556165,0.16959937277651385,0.2,0.2,0.0,0.3398264471995532,-0.33896492523883764,False
0,841,-0.7239140306875737,-0.6980379065853408,1.7249226333367849,3.0140370537215784,1.3222128861918625,0.0,0.23225257101328517,0.18104366939443836,-0.16959937277651385,-0.9821241497993469,0.8951755166053772,-0.9542705416679382,0.9995627403259277,0.9973626732826233,-0.9602727293968201,-0.7472213266800605,-0.6794684091759339,1.74680251120157,3.0374112853996365,1.3455890957946914,0.0,0.2322169876012854,0.18106282522759015,-0.1696264246090023,-0.0322169876012854,0.018937174772409852,0.1696264246090023,0.2,0.2,0.0,0.33982583765165053,-0.3398136466935975,False
0,842,-0.7472213266800605,-0.6794684091759339,1.74680251120157,3.0374112853996365,1.3455890957946914,0.0,0.2322169876012854,0.18106282522759015,-0.1696264246090023,-1.0,0.8807303309440613,-0.7706412672996521,0.9992635846138,0.9992787837982178,-0.9584959745407104,-0.7474360661256875,-0.6792623215994689,1.746365936679694,3.037628576302194,1.3458059890547251,0.0,0.2322169876012854,0.18106282522759015,-0.1696264246090023,-0.0322169876012854,0.018937174772409852,0.1696264246090023,0.2,0.2,0.0,0.33982583765165053,-0.33982583765165053,False
0,843,-0.7474360661256875,-0.6792623215994689,1.746365936679694,3.037628576302194,1.3458059890547251,0.0,0.2322169876012854,0.18106282522759015,-0.1696264246090023,-0.9999969005584717,0.9502105712890625,-0.9706464409828186,0.9992651343345642,0.9999505281448364,-0.9648715257644653,-0.7474360661256875,-0.6792623215994689,1.746365936679694,3.037628576302194,1.3458059890547251,0.0,0.23147623417425675,0.18157230435196348,-0.17007923263245286,-0.03147623417425673,0.018427695648036528,0.17007923263245286,0.2,0.2,0.0,0.3398186193663046,-0.3396742536593857,False
0,844,-0.7474360661256875,-0.6792623215994689,1.746365936679694,3.037628576302194,1.3458059890547251,0.0,0.23147623417425675,0.18157230435196348,-0.17007923263245286,-0.9999926090240479,0.9460298418998718,-0.9987818598747253,0.9993591904640198,0.9902531504631042,-0.9685131907463074,-0.7474360661256875,-0.6792623215994689,1.746365936679694,3.037628576302194,1.3458059890547251,0.0,0.22947524680376322,0.18300754282138038,-0.17128683085272065,-0.029475246803763195,0.01699245717861963,0.17128683085272065,0.2,0.2,0.0,0.3398379438037135,-0.3402244325518921,False
0,845,-0.7474360661256875,-0.6792623215994689,1.746365936679694,3.037628576302194,1.3458059890547251,0.0,0.22947524680376322,0.18300754282138038,-0.17128683085272065,-0.999807596206665,0.964094877243042,0.9901325702667236,0.9993752837181091,0.9998615384101868,-0.9651007056236267,-0.7474360661256875,-0.6792623215994689,1.746365936679694,3.037628576302194,1.3458059890547251,0.0,0.22887398280601784,0.1834636145522261,-0.17163963144197583,-0.028873982806017818,0.016536385447773923,0.17163963144197583,0.2,0.2,0.0,0.3398563828319169,-0.3402251633959842,False
0,846,-0.7474360661256875,-0.6792623215994689,1.746365936679694,3.037628576302194,1.3458059890547251,0.0,0.22887398280601784,0.1834636145522261,-0.17163963144197583,-0.9999995827674866,0.451344758272171,-0.681351363658905,0.9994246363639832,0.9999667406082153,-0.965814471244812,-0.7668655481710296,-0.661383358461767,1.7289965622688603,3.0570436842929203,1.3651685890538392,0.0,0.22885303491483916,0.18347146164122297,-0.1716583101436205,-0.028853034914839135,0.016528538358777052,0.1716583101436205,0.2,0.2,0.0,0.3398559463476588,-0.3398472166624974,False
0,847,-0.7668655481710296,-0.661383358461767,1.7289965622688603,3.0570436842929203,1.3651685890538392,0.0,0.22885303491483916,0.18347146164122297,-0.1716583101436205,-0.9940881133079529,0.9633496999740601,-0.9985323548316956,0.9993806481361389,0.9992778897285461,-0.9696950316429138,-0.7679104334333862,-0.6603500605169546,1.7309228020456748,3.058089458298038,1.3662118603630575,0.0,0.22883801498913262,0.1834726023039906,-0.17167514251066027,-0.028838014989132604,0.016527397696009423,0.17167514251066027,0.2,0.2,0.0,0.33985495061337606,-0.3398350359277211,False
0,848,-0.7679104334333862,-0.6603500605169546,1.7309228020456748,3.058089458298038,1.3662118603630575,0.0,0.22883801498913262,0.1834726023039906,-0.17167514251066027,-0.6746222972869873,0.9906752109527588,-0.9585487246513367,0.9994197487831116,0.9994523525238037,-0.9675911068916321,-0.768425913614611,-0.6597901909811429,1.730313794621038,3.0586653719208434,1.3667877710993441,0.0,0.22871886721919976,0.1835651005367399,-0.1717457275266678,-0.02871886721919976,0.0164348994632601,0.1717457275266678,0.2,0.2,0.0,0.33986035555910576,-0.33996845447369983,False
0,849,-0.768425913614611,-0.6597901909811429,1.730313794621038,3.0586653719208434,1.3667877710993441,0.0,0.22871886721919976,0.1835651005367399,-0.1717457275266678,-0.9971843361854553,0.9998827576637268,-0.9999977350234985,0.9993354678153992,0.9996998906135559,-0.9679994583129883,-0.7691253948343056,-0.6588686444059803,1.729416165642861,3.059592516766002,1.367715026046156,0.0,0.22856314900741953,0.18369046236325517,-0.17183957185524368,-0.02856314900741951,0.016309537636744836,0.17183957185524368,0.2,0.2,0.0,0.3398707658843399,-0.34007897238902257,False
0,850,-0.7691253948343056,-0.6588686444059803,1.729416165642861,3.059592516766002,1.367715026046156,0.0,0.22856314900741953,0.18369046236325517,-0.17183957185524368,-0.9998530745506287,0.9841312170028687,0.8603196740150452,0.9994273781776428,0.9980183839797974,-0.9686272740364075,-0.7691253948343056,-0.6588686444059803,1.729416165642861,3.059592516766002,1.367715026046156,0.0,0.22604349551014774,0.1854701205760685,-0.17338880612160718,-0.02604349551014773,0.01452987942393152,0.17338880612160718,0.2,0.2,0.0,0.3399389733131873,-0.34130312189013506,False
0,851,-0.7691253948343056,-0.6588686444059803,1.729416165642861,3.059592516766002,1.367715026046156,0.0,0.22604349551014774,0.1854701205760685,-0.17338880612160718,-0.9999043941497803,0.999860405921936,0.9999831318855286,0.9993349313735962,0.9998895525932312,-0.9654099345207214,-0.7908109658275689,-0.6375220504709406,1.7478751338224858,3.081268106412652,1.3893603751013446,0.0,0.22599298539132512,0.1855075704524169,-0.1734177370284029,-0.025992985391325097,0.014492429547583122,0.1734177370284029,0.2,0.2,0.0,0.3399405825394997,-0.33997276706574825,False
0,852,-0.7908109658275689,-0.6375220504709406,1.7478751338224858,3.081268106412652,1.3893603751013446,0.0,0.22599298539132512,0.1855075704524169,-0.1734177370284029,-0.9577468037605286,0.8551110029220581,0.9440068602561951,0.9994217753410339,0.9998480677604675,-0.9690976142883301,-0.7911202262751131,-0.6371827421902153,1.7482128180670657,3.0816471496396005,1.3896800801817197,0.0,0.2259496018997309,0.1855411387914953,-0.17344347809317304,-0.02594960189973089,0.014458861208504717,0.17344347809317304,0.2,0.2,0.0,0.33994319654281774,-0.3399954766091782,False
0,853,-0.7911202262751131,-0.6371827421902153,1.7482128180670657,3.0816471496396005,1.3896800801817197,0.0,0.2259496018997309,0.1855411387914953,-0.17344347809317304,-0.9994044303894043,0.19217181205749512,0.9981439113616943,0.99946528673172,0.9998997449874878,-0.9671458601951599,-0.7911202262751131,-0.6371827421902153,1.7482128180670657,3.0816471496396005,1.3896800801817197,0.0,0.2259496018997309,0.1855411387914953,-0.17344347809317304,-0.02594960189973089,0.014458861208504717,0.17344347809317304,0.2,0.2,0.0,0.33994319654281774,-0.33994319654281774,False
0,854,-0.7911202262751131,-0.6371827421902153,1.7482128180670657,3.0816471496396005,1.3896800801817197,0.0,0.2259496018997309,0.1855411387914953,-0.17344347809317304,-0.9820988774299622,0.9953321218490601,0.99949049949646,0.9994520545005798,0.9935877919197083,-0.9691802859306335,-0.7927294044826386,-0.6357841395632324,1.7497997399611007,3.08331895935127,1.3913556906195503,0.0,0.2258108195462159,0.1856429642557103,-0.17352450337484374,-0.025810819546215905,0.014357035744289716,0.17352450337484374,0.2,0.2,0.0,0.3399479220016895,-0.34004243117912464,False
0,855,-0.7927294044826386,-0.6357841395632324,1.7497997399611007,3.08331895935127,1.3913556906195503,0.0,0.2258108195462159,0.1856429642557103,-0.17352450337484374,-0.9999999403953552,0.45229417085647583,0.9999871253967285,0.9994831681251526,0.9997972249984741,-0.9705081582069397,-0.7927294044826386,-0.6357841395632324,1.7497997399611007,3.08331895935127,1.3913556906195503,0.0,0.2256544896245373,0.18575429473596033,-0.1736179958562514,-0.025654489624537275,0.014245705264039687,0.1736179958562514,0.2,0.2,0.0,0.33995266609589303,-0.3400475479799637,False
0,856,-0.7927294044826386,-0.6357841395632324,1.7497997399611007,3.08331895935127,1.3913556906195503,0.0,0.2256544896245373,0.18575429473596033,-0.1736179958562514,0.41016581654548645,0.9999052286148071,0.9421390295028687,0.9994300603866577,0.9999037981033325,-0.9685804843902588,-0.7934583997028801,-0.6351750149951952,1.75059431095413,3.0841117280704853,1.3920895366104509,0.0,0.22553345032493566,0.18583363438584566,-0.1736929691166388,-0.025533450324935633,0.014166365614154349,0.1736929691166388,0.2,0.2,0.0,0.33995400336674375,-0.33998074878375817,False
0,857,-0.7934583997028801,-0.6351750149951952,1.75059431095413,3.0841117280704853,1.3920895366104509,0.0,0.22553345032493566,0.18583363438584566,-0.1736929691166388,-0.9965174198150635,0.9510636925697327,-0.5385595560073853,0.999462366104126,0.9997835159301758,-0.9697797894477844,-0.7957288416299882,-0.6339602250658565,1.7531016493284173,3.086628289954017,1.394612026477609,0.0,0.22545363958867046,0.18589716525075767,-0.17374152303088017,-0.02545363958867045,0.014102834749242342,0.17374152303088017,0.2,0.2,0.0,0.33996061018467344,-0.3400927465432672,False
0,858,-0.7957288416299882,-0.6339602250658565,1.7531016493284173,3.086628289954017,1.394612026477609,0.0,0.22545363958867046,0.18589716525075767,-0.17374152303088017,-0.9907004237174988,0.9999604225158691,-0.9977266788482666,0.9993919134140015,0.9990922212600708,-0.9659197926521301,-0.7966007995080573,-0.6331020094188874,1.7525107185975723,3.0874914347995737,1.3954752812297606,0.0,0.22545363958867046,0.18589716525075767,-0.17374152303088017,-0.02545363958867045,0.014102834749242342,0.17374152303088017,0.2,0.2,0.0,0.33996061018467344,-0.33996061018467344,False
0,859,-0.7966007995080573,-0.6331020094188874,1.7525107185975723,3.0874914347995737,1.3954752812297606,0.0,0.22545363958867046,0.18589716525075767,-0.17374152303088017,-1.0,0.971451461315155,-0.8384178876876831,0.9994633793830872,0.9994063973426819,-0.9711048603057861,-0.7971148823910456,-0.632589565414862,1.7520182918205223,3.0880086195875176,1.3959923480740237,0.0,0.22532206869613386,0.18600652841527965,-0.17381174032327681,-0.025322068696133838,0.013993471584720377,0.17381174032327681,0.2,0.2,0.0,0.33996909319644886,-0.3401387534319572,False
0,860,-0.7971148823910456,-0.632589565414862,1.7520182918205223,3.0880086195875176,1.3959923480740237,0.0,0.22532206869613386,0.18600652841527965,-0.17381174032327681,-0.9932370185852051,0.6299532651901245,-0.9824159145355225,0.9994284510612488,0.9999960064888,-0.9711127281188965,-0.7971148823910456,-0.632589565414862,1.7520182918205223,3.0880086195875176,1.3959923480740237,0.0,0.2225354273060412,0.18838238591311654,-0.17535998283421958,-0.022535427306041175,0.011617614086883478,0.17535998283421958,0.2,0.2,0.0,0.3402367753612453,-0.3455904186571742,False
0,861,-0.7971148823910456,-0.632589565414862,1.7520182918205223,3.0880086195875176,1.3959923480740237,0.0,0.2225354273060412,0.18838238591311654,-0.17535998283421958,0.5010579824447632,0.5120431780815125,-0.9978209137916565,0.9996635317802429,0.9979761242866516,-0.967035174369812,-0.7971148823910456,-0.632589565414862,1.7520182918205223,3.0880086195875176,1.3959923480740237,0.0,0.22245213400882438,0.18845614274916575,-0.17540671131230648,-0.022452134008824377,0.01154385725083426,0.17540671131230648,0.2,0.2,0.0,0.340247239574949,-0.3404565238490232,False
0,862,-0.7971148823910456,-0.632589565414862,1.7520182918205223,3.0880086195875176,1.3959923480740237,0.0,0.22245213400882438,0.18845614274916575,-0.17540671131230648,-0.9999996423721313,0.921747624874115,-0.30688241124153137,0.9996796250343323,0.7054710388183594,-0.966992974281311,-0.7971148823910456,-0.632589565414862,1.7520182918205223,3.0880086195875176,1.3959923480740237,0.0,0.22245213400882438,0.18845614274916575,-0.17540671131230648,-0.022452134008824377,0.01154385725083426,0.17540671131230648,0.2,0.2,0.0,0.340247239574949,-0.340247239574949,False
0,863,-0.7971148823910456,-0.632589565414862,1.7520182918205223,3.0880086195875176,1.3959923480740237,0.0,0.22245213400882438,0.18845614274916575,-0.17540671131230648,-0.9999951720237732,0.9866817593574524,0.983210563659668,0.9995856285095215,0.9999910593032837,-0.9690379500389099,-0.7971148823910456,-0.632589565414862,1.7520182918205223,3.0880086195875176,1.3959923480740237,0.0,0.22222519531490392,0.188677247373836,-0.17552230381699402,-0.022225195314903922,0.011322752626163994,0.17552230381699402,0.2,0.2,0.0,0.3402810900513575,-0.3409580995795269,False
0,864,-0.7971148823910456,-0.632589565414862,1.7520182918205223,3.0880086195875176,1.3959923480740237,0.0,0.22222519531490392,0.188677247373836,-0.17552230381699402,-1.0,0.9983070492744446,0.9092433452606201,0.999674916267395,0.9999843835830688,-0.9674038887023926,-0.7971148823910456,-0.632589565414862,1.7520182918205223,3.0880086195875176,1.3959923480740237,0.0,0.22222519531490392,0.188677247373836,-0.17552230381699402,-0.022225195314903922,0.011322752626163994,0.17552230381699402,0.2,0.2,0.0,0.3402810900513575,-0.3402810900513575,False
0,865,-0.7971148823910456,-0.632589565414862,1.7520182918205223,3.0880086195875176,1.3959923480740237,0.0,0.22222519531490392,0.188677247373836,-0.17552230381699402,0.48218363523483276,0.9999800324440002,-0.9999598264694214,0.9996364116668701,0.9994778037071228,-0.9648309946060181,-0.8167544696234996,-0.6182923814929776,1.7349602915449776,3.1087476809213874,1.4156467578667067,0.0,0.2222165224777334,0.18868439175904406,-0.1755243270605904,-0.022216522477733404,0.011315608240955946,0.1755243270605904,0.2,0.2,0.0,0.3402804313292942,-0.3402672568880285,False
0,866,-0.8167544696234996,-0.6182923814929776,1.7349602915449776,3.1087476809213874,1.4156467578667067,0.0,0.2222165224777334,0.18868439175904406,-0.1755243270605904,-0.999997615814209,-0.4719996154308319,0.9700424075126648,0.9996126890182495,0.9998065829277039,-0.9692540168762207,-0.8162092835618984,-0.6180425376428257,1.7347879392828105,3.1089715208245985,1.415889739286861,0.0,0.2222165224777334,0.18868439175904406,-0.1755243270605904,-0.022216522477733404,0.011315608240955946,0.1755243270605904,0.2,0.2,0.0,0.3402804313292942,-0.3402804313292942,False
0,867,-0.8162092835618984,-0.6180425376428257,1.7347879392828105,3.1089715208245985,1.415889739286861,0.0,0.2222165224777334,0.18868439175904406,-0.1755243270605904,-0.9999999403953552,0.9951404333114624,0.9998654127120972,0.9995648860931396,0.9999179244041443,-0.9700604677200317,-0.8165155603462768,-0.6181869945826456,1.7350799306644962,3.1092666628395316,1.416184664813511,0.0,0.22218398642120815,0.1887278748696112,-0.17554708956297985,-0.02218398642120814,0.011272125130388815,0.17554708956297985,0.2,0.2,0.0,0.34029504144029504,-0.34058724366031196,False
0,868,-0.8165155603462768,-0.6181869945826456,1.7350799306644962,3.1092666628395316,1.416184664813511,0.0,0.22218398642120815,0.1887278748696112,-0.17554708956297985,-0.999675452709198,0.9999967217445374,-0.9996292591094971,0.999568521976471,0.9997353553771973,-0.9708235263824463,-0.8178744638362484,-0.618477793154159,1.736033263065933,3.1105963756712494,1.417513926783923,0.0,0.22213947241627988,0.18874219764631836,-0.1755874901375355,-0.022139472416279875,0.011257802353681654,0.1755874901375355,0.2,0.2,0.0,0.340294767915324,-0.34028929741590275,False
0,869,-0.8178744638362484,-0.618477793154159,1.736033263065933,3.1105963756712494,1.417513926783923,0.0,0.22213947241627988,0.18874219764631836,-0.1755874901375355,-0.9999990463256836,-0.916001558303833,-0.8981112241744995,0.9995689988136292,0.9989718198776245,-0.9685016870498657,-0.8184460993950983,-0.6182271805543288,1.7354475848057072,3.111168289643426,1.4180858082934702,0.0,0.22203560471115139,0.18883738555543428,-0.1756412281527676,-0.022035604711151367,0.011162614444565736,0.1756412281527676,0.2,0.2,0.0,0.34030752117734775,-0.3405625864178231,False
0,870,-0.8184460993950983,-0.6182271805543288,1.7354475848057072,3.111168289643426,1.4180858082934702,0.0,0.22203560471115139,0.18883738555543428,-0.1756412281527676,-0.9608829617500305,0.9973787665367126,0.9956987500190735,0.9995762705802917,0.9999973177909851,-0.9686661958694458,-0.8184460993950983,-0.6182271805543288,1.7354475848057072,3.111168289643426,1.4180858082934702,0.0,0.22050722187607386,0.19017440559986337,-0.1763467867403268,-0.020507221876073834,0.009825594400136632,0.1763467867403268,0.2,0.2,0.0,0.340423161136847,-0.3427359603268322,False
0,871,-0.8184460993950983,-0.6182271805543288,1.7354475848057072,3.111168289643426,1.4180858082934702,0.0,0.22050722187607386,0.19017440559986337,-0.1763467867403268,0.4149554669857025,-0.3867303729057312,-0.3601507246494293,0.9997434020042419,0.9999858736991882,-0.973430335521698,-0.8184460993950983,-0.6182271805543288,1.7354475848057072,3.111168289643426,1.4180858082934702,0.0,0.21962126547257182,0.19099061167662776,-0.1766990620307967,-0.019621265472571803,0.00900938832337226,0.1766990620307967,0.2,0.2,0.0,0.3404900476063135,-0.3418277769956437,False
0,872,-0.8184460993950983,-0.6182271805543288,1.7354475848057072,3.111168289643426,1.4180858082934702,0.0,0.21962126547257182,0.19099061167662776,-0.1766990620307967,-0.9711106419563293,0.9954425692558289,-0.08328136801719666,0.9997386932373047,0.9971938729286194,-0.9757556319236755,-0.8184460993950983,-0.6182271805543288,1.7354475848057072,3.111168289643426,1.4180858082934702,0.0,0.2191376263612391,0.19144729949693837,-0.1768781667117111,-0.019137626361239078,0.008552700503061644,0.1768781667117111,0.2,0.2,0.0,0.34052790433561286,-0.3412850389215998,False
0,873,-0.8184460993950983,-0.6182271805543288,1.7354475848057072,3.111168289643426,1.4180858082934702,0.0,0.2191376263612391,0.19144729949693837,-0.1768781667117111,-0.9999716877937317,0.9989192485809326,-0.909237802028656,0.9997560381889343,0.9997825622558594,-0.9754360318183899,-0.8184460993950983,-0.6182271805543288,1.7354475848057072,3.111168289643426,1.4180858082934702,0.0,0.21909327283914015,0.1914997816714744,-0.1769112457686179,-0.019093272839140148,0.008500218328525613,0.1769112457686179,0.2,0.2,0.0,0.34054605777044694,-0.3409091264671285,False
0,874,-0.8184460993950983,-0.6182271805543288,1.7354475848057072,3.111168289643426,1.4180858082934702,0.0,0.21909327283914015,0.1914997816714744,-0.1769112457686179,-0.9997239112854004,0.9998652338981628,0.863463819026947,0.9997639656066895,0.9999993443489075,-0.9763641953468323,-0.8184460993950983,-0.6182271805543288,1.7354475848057072,3.111168289643426,1.4180858082934702,0.0,0.21909327283914015,0.1914997816714744,-0.1769112457686179,-0.019093272839140148,0.008500218328525613,0.1769112457686179,0.2,0.2,0.0,0.34054605777044694,-0.34054605777044694,False
0,875,-0.8184460993950983,-0.6182271805543288,1.7354475848057072,3.111168289643426,1.4180858082934702,0.0,0.21909327283914015,0.1914997816714744,-0.1769112457686179,-0.9999374747276306,0.9998501539230347,0.9172993302345276,0.9997425675392151,0.9999939799308777,-0.9770268797874451,-0.8184460993950983,-0.6182271805543288,1.7354475848057072,3.111168289643426,1.4180858082934702,0.0,0.21909327283914015,0.1914997816714744,-0.1769112457686179,-0.019093272839140148,0.008500218328525613,0.1769112457686179,0.2,0.2,0.0,0.34054605777044694,-0.34054605777044694,False
0,876,-0.8184460993950983,-0.6182271805543288,1.7354475848057072,3.111168289643426,1.4180858082934702,0.0,0.21909327283914015,0.1914997816714744,-0.1769112457686179,-0.6516090631484985,0.9831395149230957,0.9383224248886108,0.9997776746749878,0.9996418952941895,-0.9768001437187195,-0.8184460993950983,-0.6182271805543288,1.7354475848057072,3.111168289643426,1.4180858082934702,0.0,0.21909327283914015,0.1914997816714744,-0.1769112457686179,-0.019093272839140148,0.008500218328525613,0.1769112457686179,0.2,0.2,0.0,0.34054605777044694,-0.34054605777044694,False
0,877,-0.8184460993950983,-0.6182271805543288,1.7354475848057072,3.111168289643426,1.4180858082934702,0.0,0.21909327283914015,0.1914997816714744,-0.1769112457686179,-0.9965046048164368,-0.34141474962234497,-0.9509850740432739,0.9997602701187134,0.9995672702789307,-0.9748080968856812,-0.8184460993950983,-0.6182271805543288,1.7354475848057072,3.111168289643426,1.4180858082934702,0.0,0.21909327283914015,0.1914997816714744,-0.1769112457686179,-0.019093272839140148,0.008500218328525613,0.1769112457686179,0.2,0.2,0.0,0.34054605777044694,-0.34054605777044694,False
0,878,-0.8184460993950983,-0.6182271805543288,1.7354475848057072,3.111168289643426,1.4180858082934702,0.0,0.21909327283914015,0.1914997816714744,-0.1769112457686179,-0.9999995827674866,0.9999794363975525,-0.9999419450759888,0.999758243560791,0.9999457597732544,-0.9734802842140198,-0.8184460993950983,-0.6182271805543288,1.7354475848057072,3.111168289643426,1.4180858082934702,0.0,0.2190657581005602,0.19152919961057277,-0.1769274053499826,-0.01906575810056019,0.008470800389427241,0.1769274053499826,0.2,0.2,0.0,0.3405532960338467,-0.34069806130184205,False
0,879,-0.8184460993950983,-0.6182271805543288,1.7354475848057072,3.111168289643426,1.4180858082934702,0.0,0.2190657581005602,0.19152919961057277,-0.1769274053499826,0.996116578578949,0.9351565837860107,0.9400162100791931,0.9997870326042175,0.9997910857200623,-0.9749041795730591,-0.8184460993950983,-0.6182271805543288,1.7354475848057072,3.111168289643426,1.4180858082934702,0.0,0.2190657581005602,0.19152919961057277,-0.1769274053499826,-0.01906575810056019,0.008470800389427241,0.1769274053499826,0.2,0.2,0.0,0.3405532960338467,-0.3405532960338467,False
0,880,-0.8184460993950983,-0.6182271805543288,1.7354475848057072,3.111168289643426,1.4180858082934702,0.0,0.2190657581005602,0.19152919961057277,-0.1769274053499826,0.9996744394302368,0.9168757796287537,-0.33472180366516113,0.9997210502624512,0.9995222687721252,-0.9765337705612183,-0.8184460993950983,-0.6182271805543288,1.7354475848057072,3.111168289643426,1.4180858082934702,0.0,0.21905330527394717,0.19155393963126952,-0.17694028630866723,-0.019053305273947163,0.008446060368730503,0.17694028630866723,0.2,0.2,0.0,0.3405658926825971,-0.3408178256576055,False
0,881,-0.8184460993950983,-0.6182271805543288,1.7354475848057072,3.111168289643426,1.4180858082934702,0.0,0.21905330527394717,0.19155393963126952,-0.17694028630866723,-0.9990591406822205,0.9992512464523315,-0.5588696002960205,0.9997926950454712,0.999991238117218,-0.9841521978378296,-0.8184460993950983,-0.6182271805543288,1.7354475848057072,3.111168289643426,1.4180858082934702,0.0,0.21905330527394717,0.19155393963126952,-0.17694028630866723,-0.019053305273947163,0.008446060368730503,0.17694028630866723,0.2,0.2,0.0,0.3405658926825971,-0.3405658926825971,False
0,882,-0.8184460993950983,-0.6182271805543288,1.7354475848057072,3.111168289643426,1.4180858082934702,0.0,0.21905330527394717,0.19155393963126952,-0.17694028630866723,-0.9999999403953552,0.751461386680603,-0.9978656768798828,0.9997872114181519,0.999994695186615,-0.9839770197868347,-0.8184460993950983,-0.6182271805543288,1.7354475848057072,3.111168289643426,1.4180858082934702,0.0,0.21877746641508072,0.19188656933264486,-0.1771479682619237,-0.018777466415080716,0.008113430667355159,0.1771479682619237,0.2,0.2,0.0,0.3406837800080615,-0.3430415265173487,False
0,883,-0.8184460993950983,-0.6182271805543288,1.7354475848057072,3.111168289643426,1.4180858082934702,0.0,0.21877746641508072,0.19188656933264486,-0.1771479682619237,-1.0,0.9047276973724365,-0.5487349033355713,0.9997768998146057,0.9999396800994873,-0.9839720129966736,-0.8184460993950983,-0.6182271805543288,1.7354475848057072,3.111168289643426,1.4180858082934702,0.0,0.21804973422316726,0.19262731595716118,-0.17768842816415395,-0.018049734223167236,0.007372684042838839,0.17768842816415395,0.2,0.2,0.0,0.340916627566186,-0.34557357872867656,False
0,884,-0.8184460993950983,-0.6182271805543288,1.7354475848057072,3.111168289643426,1.4180858082934702,0.0,0.21804973422316726,0.19262731595716118,-0.17768842816415395,-1.0,0.9873639345169067,-0.8988072276115417,0.9998061060905457,0.9999904632568359,-0.9846882224082947,-0.8184460993950983,-0.6182271805543288,1.7354475848057072,3.111168289643426,1.4180858082934702,0.0,0.21787247145564315,0.19280621118965177,-0.17776694064539575,-0.017872471455643135,0.007193788810348243,0.17776694064539575,0.2,0.2,0.0,0.34094535350686667,-0.3415198723204797,False
0,885,-0.8184460993950983,-0.6182271805543288,1.7354475848057072,3.111168289643426,1.4180858082934702,0.0,0.21787247145564315,0.19280621118965177,-0.17776694064539575,0.9781486392021179,0.992819607257843,0.4568949043750763,0.99979567527771,0.9999216794967651,-0.9843318462371826,-0.8184460993950983,-0.6182271805543288,1.7354475848057072,3.111168289643426,1.4180858082934702,0.0,0.21787247145564315,0.19280621118965177,-0.17776694064539575,-0.017872471455643135,0.007193788810348243,0.17776694064539575,0.2,0.2,0.0,0.34094535350686667,-0.34094535350686667,False
0,886,-0.8184460993950983,-0.6182271805543288,1.7354475848057072,3.111168289643426,1.4180858082934702,0.0,0.21787247145564315,0.19280621118965177,-0.17776694064539575,-0.9995088577270508,0.9983954429626465,-0.9999986290931702,0.9998177886009216,0.999988317489624,-0.9845592379570007,-0.8467843264103233,-0.5929742804823448,1.7214980641067905,3.1405628735862776,1.4474865872881777,0.0,0.21781853709001014,0.19286614652562106,-0.1777957094397382,-0.017818537090010148,0.007133853474378957,0.1777957094397382,0.2,0.2,0.0,0.34095979216156014,-0.34124856525542957,False
0,887,-0.8467843264103233,-0.5929742804823448,1.7214980641067905,3.1405628735862776,1.4474865872881777,0.0,0.21781853709001014,0.19286614652562106,-0.1777957094397382,-0.9999948143959045,0.9992125630378723,0.9986738562583923,0.9997784495353699,0.9550522565841675,-0.9849129319190979,-0.8467843264103233,-0.5929742804823448,1.7214980641067905,3.1405628735862776,1.4474865872881777,0.0,0.2177579264409577,0.19293249001509527,-0.1778291213046765,-0.017757926440957708,0.007067509984904737,0.1778291213046765,0.2,0.2,0.0,0.3409760352506958,-0.3413008970334092,False
0,888,-0.8467843264103233,-0.5929742804823448,1.7214980641067905,3.1405628735862776,1.4474865872881777,0.0,0.2177579264409577,0.19293249001509527,-0.1778291213046765,-1.0,0.7907247543334961,-0.1950732171535492,0.99981290102005,0.9989138841629028,-0.9861063957214355,-0.8470301423133492,-0.5921771212774497,1.7191118057809265,3.140688364086612,1.4476118350507086,0.0,0.2177579264409577,0.19293249001509527,-0.1778291213046765,-0.017757926440957708,0.007067509984904737,0.1778291213046765,0.2,0.2,0.0,0.3409760352506958,-0.3409760352506958,False
0,889,-0.8470301423133492,-0.5921771212774497,1.7191118057809265,3.140688364086612,1.4476118350507086,0.0,0.2177579264409577,0.19293249001509527,-0.1778291213046765,-1.0,0.9932669997215271,-0.781031608581543,0.9997852444648743,0.9999750256538391,-0.9864534735679626,-0.8473491099333307,-0.5917155030657802,1.7182428366067182,3.1409537818968025,1.4478746087761891,0.0,0.21772909979032384,0.1929632928165449,-0.17784386239562547,-0.01772909979032382,0.007036707183455107,0.17784386239562547,0.2,0.2,0.0,0.3409827454020256,-0.34111694842862167,False
0,890,-0.8473491099333307,-0.5917155030657802,1.7182428366067182,3.1409537818968025,1.4478746087761891,0.0,0.21772909979032384,0.1929632928165449,-0.17784386239562547,-0.8555893898010254,0.9984778165817261,-0.9923124313354492,0.9997783303260803,0.9997888803482056,-0.987001359462738,-0.8473491099333307,-0.5917155030657802,1.7182428366067182,3.1409537818968025,1.4478746087761891,0.0,0.21333003340639564,0.19776041956547616,-0.18001353799617578,-0.013330033406395637,0.0022395804345238498,0.18001353799617578,0.2,0.2,0.0,0.3420873580853108,-0.36417961175101504,False
0,891,-0.8473491099333307,-0.5917155030657802,1.7182428366067182,3.1409537818968025,1.4478746087761891,0.0,0.21333003340639564,0.19776041956547616,-0.18001353799617578,-0.9999756217002869,0.9961629509925842,-0.9985761046409607,0.999841570854187,0.9999988675117493,-0.9910981059074402,-0.8473491099333307,-0.5917155030657802,1.7182428366067182,3.1409537818968025,1.4478746087761891,0.0,0.21310549549469154,0.19801850671827084,-0.1801221727282451,-0.013105495494691529,0.001981493281729176,0.1801221727282451,0.2,0.2,0.0,0.34215388105546257,-0.3434843404584976,False
0,892,-0.8473491099333307,-0.5917155030657802,1.7182428366067182,3.1409537818968025,1.4478746087761891,0.0,0.21310549549469154,0.19801850671827084,-0.1801221727282451,-0.9999999403953552,0.6461127996444702,0.9564669132232666,0.9998292922973633,0.9989755749702454,-0.9914477467536926,-0.8473491099333307,-0.5917155030657802,1.7182428366067182,3.1409537818968025,1.4478746087761891,0.0,0.2131014683869339,0.1980231475575398,-0.18012411893271082,-0.01310146838693389,0.0019768524424602072,0.18012411893271082,0.2,0.2,0.0,0.3421550832861437,-0.34217912789976607,False
0,893,-0.8473491099333307,-0.5917155030657802,1.7182428366067182,3.1409537818968025,1.4478746087761891,0.0,0.2131014683869339,0.1980231475575398,-0.18012411893271082,-0.9999930262565613,0.9996320009231567,-0.9956127405166626,0.9998164176940918,0.9995830059051514,-0.991722822189331,-0.8750115713386308,-0.5618606584562789,1.6887422000828605,3.170943356217856,1.4778663502948366,0.0,0.2130991990968699,0.19802576287471982,-0.18012521559237724,-0.013099199096869888,0.001974237125280205,0.18012521559237724,0.2,0.2,0.0,0.3421557608897482,-0.3421693129618383,False
0,894,-0.8750115713386308,-0.5618606584562789,1.6887422000828605,3.170943356217856,1.4778663502948366,0.0,0.2130991990968699,0.19802576287471982,-0.18012521559237724,-0.9998621344566345,0.9992759823799133,0.9949426651000977,0.9998031258583069,0.99998939037323,-0.9926090240478516,-0.8752510673655274,-0.5625424580554262,1.6929264286838157,3.171003749419918,1.4779247301507887,0.0,0.21309488728664913,0.1980234698240607,-0.18012715424728706,-0.013094887286649124,0.0019765301759393232,0.18012715424728706,0.2,0.2,0.0,0.34215276892945984,-0.3420929297236927,False
0,895,-0.8752510673655274,-0.5625424580554262,1.6929264286838157,3.171003749419918,1.4779247301507887,0.0,0.21309488728664913,0.1980234698240607,-0.18012715424728706,-1.0,0.999833881855011,-0.9985367655754089,0.9998019337654114,0.999965488910675,-0.9931454062461853,-0.8758387810309798,-0.5619386729024336,1.6933219900622705,3.1715946960547403,1.4785158217480907,0.0,0.2131729657248123,0.19792411042512623,-0.1800428921251239,-0.013172965724812306,0.0020758895748737884,0.1800428921251239,0.2,0.2,0.0,0.34209956125120733,-0.34103540768615714,False
0,896,-0.8758387810309798,-0.5619386729024336,1.6933219900622705,3.1715946960547403,1.4785158217480907,0.0,0.2131729657248123,0.19792411042512623,-0.1800428921251239,-0.9896555542945862,0.969275176525116,0.9993630051612854,0.9998018741607666,0.9992823004722595,-0.9928010106086731,-0.876300597080559,-0.5614807872713201,1.6932036226971792,3.1720582292773702,1.4789793075709756,0.0,0.21310283253725826,0.19800472496548752,-0.1800726100711798,-0.01310283253725826,0.0019952750345124883,0.1800726100711798,0.2,0.2,0.0,0.34211815684337515,-0.34249006868673165,False
0,897,-0.876300597080559,-0.5614807872713201,1.6932036226971792,3.1720582292773702,1.4789793075709756,0.0,0.21310283253725826,0.19800472496548752,-0.1800726100711798,-0.9999043345451355,0.8853726387023926,-0.8741615414619446,0.9998149871826172,0.9993388652801514,-0.9925215244293213,-0.8768790259033531,-0.5609312327589286,1.6934612439451515,3.172640792510298,1.4795615720720943,0.0,0.21310283253725826,0.19800472496548752,-0.1800726100711798,-0.01310283253725826,0.0019952750345124883,0.1800726100711798,0.2,0.2,0.0,0.34211815684337515,-0.34211815684337515,False
0,898,-0.8768790259033531,-0.5609312327589286,1.6934612439451515,3.172640792510298,1.4795615720720943,0.0,0.21310283253725826,0.19800472496548752,-0.1800726100711798,-0.7292066812515259,0.8275856375694275,0.38188979029655457,0.9998244643211365,0.9999885559082031,-0.9928016662597656,-0.8774548191886368,-0.5603785914911275,1.6931882719973235,3.1732811020338767,1.480201729937283,0.0,0.21301143844113954,0.1981095306604175,-0.18010744154148642,-0.013011438441139538,0.0018904693395825085,0.18010744154148642,0.2,0.2,0.0,0.3421402483542008,-0.34258207857071404,False
0,899,-0.8774548191886368,-0.5603785914911275,1.6931882719973235,3.1732811020338767,1.480201729937283,0.0,0.21301143844113954,0.1981095306604175,-0.18010744154148642,-1.0,0.9862329363822937,-1.0,0.999792754650116,0.999983549118042,-0.9927514791488647,-0.8781328746436745,-0.5596330256202754,1.6932854329904776,3.1741481802227427,1.4810689621220017,0.0,0.2129092851213042,0.19822755436762327,-0.1801484772540438,-0.012909285121304178,0.001772445632376743,0.1801484772540438,0.2,0.2,0.0,0.3421666273299963,-0.3426942068459062,False
0,900,-0.8781328746436745,-0.5596330256202754,1.6932854329904776,3.1741481802227427,1.4810689621220017,0.0,0.2129092851213042,0.19822755436762327,-0.1801484772540438,-0.9985992908477783,0.8479247689247131,0.1171559989452362,0.9998148679733276,0.9992910027503967,-0.9929613471031189,-0.8781328746436745,-0.5596330256202754,1.6932854329904776,3.1741481802227427,1.4810689621220017,0.0,0.21182093313638128,0.19950433125309783,-0.18056966732372448,-0.011820933136381264,0.000495668746902176,0.18056966732372448,0.2,0.2,0.0,0.34245509291133874,-0.3482244045381874,False
0,901,-0.8781328746436745,-0.5596330256202754,1.6932854329904776,3.1741481802227427,1.4810689621220017,0.0,0.21182093313638128,0.19950433125309783,-0.18056966732372448,-1.0,0.9881124496459961,-0.9405953884124756,0.9997098445892334,0.9999741315841675,-0.9933105707168579,-0.8873337537734306,-0.5517547085489063,1.6938065427759021,3.1833531196175957,1.4902694242709718,0.0,0.21182093313638128,0.19950433125309783,-0.18056966732372448,-0.011820933136381264,0.000495668746902176,0.18056966732372448,0.2,0.2,0.0,0.34245509291133874,-0.34245509291133874,False
0,902,-0.8873337537734306,-0.5517547085489063,1.6938065427759021,3.1833531196175957,1.4902694242709718,0.0,0.21182093313638128,0.19950433125309783,-0.18056966732372448,0.535234808921814,0.9845253229141235,-0.9284408092498779,0.9996916651725769,0.9999811053276062,-0.993834912776947,-0.8873337537734306,-0.5517547085489063,1.6938065427759021,3.1833531196175957,1.4902694242709718,0.0,0.21142005733712324,0.1999886004400816,-0.18074266841206646,-0.011420057337123219,1.1399559918408937e-05,0.18074266841206646,0.2,0.2,0.0,0.34258107527288967,-0.34510072250390816,False
0,903,-0.8873337537734306,-0.5517547085489063,1.6938065427759021,3.1833531196175957,1.4902694242709718,0.0,0.21142005733712324,0.1999886004400816,-0.18074266841206646,-0.9999999403953552,0.997591495513916,0.9971977472305298,0.9997141361236572,0.9999852180480957,-0.9938580989837646,-0.8856099665792362,-0.5466741333194751,1.6895769679802963,3.188578213778856,1.49549563289072,0.0,0.21103826447298293,0.20044935424320762,-0.18091557635612188,-0.011038264472982912,-0.00044935424320760337,0.18091557635612188,0.2,0.2,0.0,0.34270619845073624,-0.34520866200766775,False
0,904,-0.8856099665792362,-0.5466741333194751,1.6895769679802963,3.188578213778856,1.49549563289072,0.0,0.21103826447298293,0.20044935424320762,-0.18091557635612188,-1.0,0.9981754422187805,-0.999973714351654,0.9997064471244812,0.9998922944068909,-0.9940381050109863,-0.8864827397379602,-0.5459948093088385,1.6905173457388887,3.189255281051773,1.496172891956443,0.0,0.21097004930758617,0.20053185480877755,-0.18092243516015383,-0.010970049307586157,-0.0005318548087775526,0.18092243516015383,0.2,0.2,0.0,0.3427160837226261,-0.3429137891604227,False
0,905,-0.8864827397379602,-0.5459948093088385,1.6905173457388887,3.189255281051773,1.496172891956443,0.0,0.21097004930758617,0.20053185480877755,-0.18092243516015383,-0.9999980926513672,0.7537956833839417,-0.9980976581573486,0.9997498393058777,0.9997595548629761,-0.993840754032135,-0.8868352359657036,-0.545684740279293,1.6901455695447793,3.1896097780150514,1.4965274225007001,0.0,0.21097004930758617,0.20053185480877755,-0.18092243516015383,-0.010970049307586157,-0.0005318548087775526,0.18092243516015383,0.2,0.2,0.0,0.3427160837226261,-0.3427160837226261,False
0,906,-0.8868352359657036,-0.545684740279293,1.6901455695447793,3.1896097780150514,1.4965274225007001,0.0,0.21097004930758617,0.20053185480877755,-0.18092243516015383,-0.9922326803207397,0.9992997646331787,-0.9987110495567322,0.9997259378433228,0.9059235453605652,-0.9939441680908203,-0.8868352359657036,-0.545684740279293,1.6901455695447793,3.1896097780150514,1.4965274225007001,0.0,0.20974793758974872,0.20204354755789752,-0.1815310369920724,-0.00974793758974871,-0.0020435475578975256,0.1815310369920724,0.2,0.2,0.0,0.3431753339393009,-0.3523603382727971,False
0,907,-0.8868352359657036,-0.545684740279293,1.6901455695447793,3.1896097780150514,1.4965274225007001,0.0,0.20974793758974872,0.20204354755789752,-0.1815310369920724,-1.0,0.9953640699386597,0.6386497616767883,0.9997410178184509,0.9999790787696838,-0.9938159584999084,-0.8868352359657036,-0.545684740279293,1.6901455695447793,3.1896097780150514,1.4965274225007001,0.0,0.20845990227009414,0.20370086285894942,-0.1821763857193122,-0.00845990227009413,-0.003700862858949411,0.1821763857193122,0.2,0.2,0.0,0.3437118093660579,-0.35444131790119787,False
0,908,-0.8868352359657036,-0.545684740279293,1.6901455695447793,3.1896097780150514,1.4965274225007001,0.0,0.20845990227009414,0.20370086285894942,-0.1821763857193122,-0.9999994039535522,0.8887910842895508,0.940534234046936,0.9997401833534241,0.9999964833259583,-0.9944711327552795,-0.8868352359657036,-0.545684740279293,1.6901455695447793,3.1896097780150514,1.4965274225007001,0.0,0.2082998357624706,0.20391145486463447,-0.182249406975089,-0.008299835762470582,-0.003911454864634467,0.182249406975089,0.2,0.2,0.0,0.3437783433354342,-0.34510902272296096,False
0,909,-0.8868352359657036,-0.545684740279293,1.6901455695447793,3.1896097780150514,1.4965274225007001,0.0,0.2082998357624706,0.20391145486463447,-0.182249406975089,-0.9999973177909851,0.9980263113975525,-0.41603222489356995,0.9997441172599792,0.9999931454658508,-0.9944568276405334,-0.8868352359657036,-0.545684740279293,1.6901455695447793,3.1896097780150514,1.4965274225007001,0.0,0.2082998357624706,0.20391145486463447,-0.182249406975089,-0.008299835762470582,-0.003911454864634467,0.182249406975089,0.2,0.2,0.0,0.3437783433354342,-0.3437783433354342,False
0,910,-0.8868352359657036,-0.545684740279293,1.6901455695447793,3.1896097780150514,1.4965274225007001,0.0,0.2082998357624706,0.20391145486463447,-0.182249406975089,-0.9999815225601196,-0.8605501651763916,-0.9811041355133057,0.9997226595878601,0.999972939491272,-0.9941624999046326,-0.8868352359657036,-0.545684740279293,1.6901455695447793,3.1896097780150514,1.4965274225007001,0.0,0.2084087068710542,0.20377899847114633,-0.18232613374194584,-0.008408706871054177,-0.003778998471146329,0.18232613374194584,0.2,0.2,0.0,0.34380646934409825,-0.3443689895173789,False
0,911,-0.8868352359657036,-0.545684740279293,1.6901455695447793,3.1896097780150514,1.4965274225007001,0.0,0.2084087068710542,0.20377899847114633,-0.18232613374194584,-0.9976666569709778,0.8684549331665039,-0.9513838291168213,0.9995682835578918,0.9999635219573975,-0.991703450679779,-0.8868352359657036,-0.545684740279293,1.6901455695447793,3.1896097780150514,1.4965274225007001,0.0,0.2084087068710542,0.20377899847114633,-0.18232613374194584,-0.008408706871054177,-0.003778998471146329,0.18232613374194584,0.2,0.2,0.0,0.34380646934409825,-0.34380646934409825,False
0,912,-0.8868352359657036,-0.545684740279293,1.6901455695447793,3.1896097780150514,1.4965274225007001,0.0,0.2084087068710542,0.20377899847114633,-0.18232613374194584,-0.9994934797286987,0.9997189044952393,-0.9999776482582092,0.9995507597923279,0.9975799322128296,-0.9913802742958069,-0.8868352359657036,-0.545684740279293,1.6901455695447793,3.1896097780150514,1.4965274225007001,0.0,0.2084659064510757,0.20370778127474373,-0.18236470282496167,-0.008465906451075707,-0.003707781274743731,0.18236470282496167,0.2,0.2,0.0,0.34381939901754244,-0.3440779924864261,False
0,913,-0.8868352359657036,-0.545684740279293,1.6901455695447793,3.1896097780150514,1.4965274225007001,0.0,0.2084659064510757,0.20370778127474373,-0.18236470282496167,-0.9999600648880005,0.88376384973526,-0.1055838018655777,0.9995678663253784,0.9999985098838806,-0.9914272427558899,-0.8868352359657036,-0.545684740279293,1.6901455695447793,3.1896097780150514,1.4965274225007001,0.0,0.2079863874910176,0.204337900564826,-0.18246202674440515,-0.00798638749101759,-0.004337900564826006,0.18246202674440515,0.2,0.2,0.0,0.34395451180712905,-0.34665676759886127,False
0,914,-0.8868352359657036,-0.545684740279293,1.6901455695447793,3.1896097780150514,1.4965274225007001,0.0,0.2079863874910176,0.204337900564826,-0.18246202674440515,-0.99799644947052,0.9974352717399597,-0.7732453346252441,0.9995867609977722,0.9982337355613708,-0.9913151860237122,-0.911364302049142,-0.5297182690784393,1.6697814270832363,3.2141372918395694,1.5210096168161238,0.0,0.20782442150471106,0.20455464651579922,-0.18243193763950602,-0.00782442150471106,-0.004554646515799199,0.18243193763950602,0.2,0.2,0.0,0.3439694833206516,-0.34426891359110223,False
0,915,-0.911364302049142,-0.5297182690784393,1.6697814270832363,3.2141372918395694,1.5210096168161238,0.0,0.20782442150471106,0.20455464651579922,-0.18243193763950602,-1.0,0.998490571975708,-0.8652400970458984,0.999479353427887,0.9990221261978149,-0.9927786588668823,-0.911364302049142,-0.5297182690784393,1.6697814270832363,3.2141372918395694,1.5210096168161238,0.0,0.20719926076133993,0.20538599708908858,-0.1825678612960259,-0.00719926076133991,-0.005385997089088582,0.1825678612960259,0.2,0.2,0.0,0.34415979637158345,-0.3479660573902208,False
0,916,-0.911364302049142,-0.5297182690784393,1.6697814270832363,3.2141372918395694,1.5210096168161238,0.0,0.20719926076133993,0.20538599708908858,-0.1825678612960259,-1.0,0.999163806438446,-0.9997944831848145,0.9995235800743103,0.9999616146087646,-0.9924902319908142,-0.911364302049142,-0.5297182690784393,1.6697814270832363,3.2141372918395694,1.5210096168161238,0.0,0.20559077788174385,0.20764339989784894,-0.183314510535334,-0.005590777881743834,-0.007643399897848935,0.183314510535334,0.2,0.2,0.0,0.34494573376687476,-0.36066448167270104,False
0,917,-0.911364302049142,-0.5297182690784393,1.6697814270832363,3.2141372918395694,1.5210096168161238,0.0,0.20559077788174385,0.20764339989784894,-0.183314510535334,-0.999374508857727,0.8480470776557922,-0.9985558390617371,0.9995188117027283,0.9988584518432617,-0.9925501942634583,-0.911364302049142,-0.5297182690784393,1.6697814270832363,3.2141372918395694,1.5210096168161238,0.0,0.2049235398882863,0.20861938828762036,-0.18364002034874613,-0.004923539888286282,-0.00861938828762036,0.18364002034874613,0.2,0.2,0.0,0.34531053190358224,-0.3526064946377318,False
0,918,-0.911364302049142,-0.5297182690784393,1.6697814270832363,3.2141372918395694,1.5210096168161238,0.0,0.2049235398882863,0.20861938828762036,-0.18364002034874613,-0.9999996423721313,0.893541157245636,0.9533894062042236,0.9995571374893188,0.9998449683189392,-0.993033766746521,-0.911364302049142,-0.5297182690784393,1.6697814270832363,3.2141372918395694,1.5210096168161238,0.0,0.2049235398882863,0.20861938828762036,-0.18364002034874613,-0.004923539888286282,-0.00861938828762036,0.18364002034874613,0.2,0.2,0.0,0.34531053190358224,-0.34531053190358224,False
0,919,-0.911364302049142,-0.5297182690784393,1.6697814270832363,3.2141372918395694,1.5210096168161238,0.0,0.2049235398882863,0.20861938828762036,-0.18364002034874613,-0.999756395816803,0.7687421441078186,-0.9315472841262817,0.9995126128196716,0.9998282194137573,-0.9927505850791931,-0.911364302049142,-0.5297182690784393,1.6697814270832363,3.2141372918395694,1.5210096168161238,0.0,0.2049235398882863,0.20861938828762036,-0.18364002034874613,-0.004923539888286282,-0.00861938828762036,0.18364002034874613,0.2,0.2,0.0,0.34531053190358224,-0.34531053190358224,False
0,920,-0.911364302049142,-0.5297182690784393,1.6697814270832363,3.2141372918395694,1.5210096168161238,0.0,0.2049235398882863,0.20861938828762036,-0.18364002034874613,-0.7567697167396545,0.9474604725837708,-0.9999989867210388,0.9995384812355042,0.9691175818443298,-0.9928522109985352,-0.911364302049142,-0.5297182690784393,1.6697814270832363,3.2141372918395694,1.5210096168161238,0.0,0.20485773253658193,0.20871359506307435,-0.18367170138343347,-0.004857732536581926,-0.008713595063074347,0.18367170138343347,0.2,0.2,0.0,0.34534526091039364,-0.34603984104662155,False
0,921,-0.911364302049142,-0.5297182690784393,1.6697814270832363,3.2141372918395694,1.5210096168161238,0.0,0.20485773253658193,0.20871359506307435,-0.18367170138343347,-0.9294297099113464,0.7936652302742004,0.4137004315853119,0.9989443421363831,0.9997216463088989,-0.9909963607788086,-0.911364302049142,-0.5297182690784393,1.6697814270832363,3.2141372918395694,1.5210096168161238,0.0,0.20485773253658193,0.20871359506307435,-0.18367170138343347,-0.004857732536581926,-0.008713595063074347,0.18367170138343347,0.2,0.2,0.0,0.34534526091039364,-0.34534526091039364,False
0,922,-0.911364302049142,-0.5297182690784393,1.6697814270832363,3.2141372918395694,1.5210096168161238,0.0,0.20485773253658193,0.20871359506307435,-0.18367170138343347,-0.9999993443489075,0.9934852719306946,0.5682169198989868,0.998912513256073,0.9997145533561707,-0.9910833835601807,-0.911364302049142,-0.5297182690784393,1.6697814270832363,3.2141372918395694,1.5210096168161238,0.0,0.20483278716302925,0.20874770450838256,-0.18368131498335888,-0.0048327871630292375,-0.008747704508382552,0.18368131498335888,0.2,0.2,0.0,0.3453561933837437,-0.3455748428507446,False
0,923,-0.911364302049142,-0.5297182690784393,1.6697814270832363,3.2141372918395694,1.5210096168161238,0.0,0.20483278716302925,0.20874770450838256,-0.18368131498335888,-0.9951642155647278,0.8428319096565247,-0.42679792642593384,0.9990581274032593,0.9995301961898804,-0.9911644458770752,-0.911364302049142,-0.5297182690784393,1.6697814270832363,3.2141372918395694,1.5210096168161238,0.0,0.20483278716302925,0.20874770450838256,-0.18368131498335888,-0.0048327871630292375,-0.008747704508382552,0.18368131498335888,0.2,0.2,0.0,0.3453561933837437,-0.3453561933837437,False
0,924,-0.911364302049142,-0.5297182690784393,1.6697814270832363,3.2141372918395694,1.5210096168161238,0.0,0.20483278716302925,0.20874770450838256,-0.18368131498335888,-0.9996926188468933,0.9819139838218689,0.9439166784286499,0.9988473057746887,0.9999733567237854,-0.990881621837616,-0.911364302049142,-0.5297182690784393,1.6697814270832363,3.2141372918395694,1.5210096168161238,0.0,0.20483650760290753,0.20874551217300086,-0.1836592155026561,-0.004836507602907516,-0.008745512173000833,0.1836592155026561,0.2,0.2,0.0,0.34534532158171116,-0.3451278855410608,False
0,925,-0.911364302049142,-0.5297182690784393,1.6697814270832363,3.2141372918395694,1.5210096168161238,0.0,0.20483650760290753,0.20874551217300086,-0.1836592155026561,-0.9999012351036072,-0.23236264288425446,-0.943152666091919,0.9989107251167297,0.9999870657920837,-0.9912064671516418,-0.9343771341851816,-0.5050078559709916,1.6533561998714748,3.237667729067942,1.5444793386490916,0.0,0.20484191960667528,0.2087411040406995,-0.1836318392442329,-0.004841919606675267,-0.008741104040699513,0.1836318392442329,0.2,0.2,0.0,0.34533130893172365,-0.3450510559319733,False
0,926,-0.9343771341851816,-0.5050078559709916,1.6533561998714748,3.237667729067942,1.5444793386490916,0.0,0.20484191960667528,0.2087411040406995,-0.1836318392442329,-0.9996284246444702,0.04263116419315338,0.9999997019767761,0.9987408518791199,0.9999680519104004,-0.9917840957641602,-0.9345966268950291,-0.5051874334527731,1.6534594868833368,3.23788391490298,1.5446962792117778,0.0,0.2048425234152657,0.20874481476827303,-0.18362746992533482,-0.004842523415265685,-0.00874481476827303,0.18362746992533482,0.2,0.2,0.0,0.345331586743747,-0.3453371429842136,False
0,927,-0.9345966268950291,-0.5051874334527731,1.6534594868833368,3.23788391490298,1.5446962792117778,0.0,0.2048425234152657,0.20874481476827303,-0.18362746992533482,-0.9999391436576843,-0.8874158263206482,-0.402582585811615,0.998779833316803,0.9948970079421997,-0.9916236996650696,-0.935184013655723,-0.5053259039048916,1.653797456654586,3.2384707864276567,1.5452829464559088,0.0,0.2048425234152657,0.20874481476827303,-0.18362746992533482,-0.004842523415265685,-0.00874481476827303,0.18362746992533482,0.2,0.2,0.0,0.345331586743747,-0.345331586743747,False
0,928,-0.935184013655723,-0.5053259039048916,1.653797456654586,3.2384707864276567,1.5452829464559088,0.0,0.2048425234152657,0.20874481476827303,-0.18362746992533482,-0.9937739968299866,0.9139312505722046,0.9841987490653992,0.9987350702285767,0.999967634677887,-0.9918628334999084,-0.935184013655723,-0.5053259039048916,1.653797456654586,3.2384707864276567,1.5452829464559088,0.0,0.20478543244379907,0.2088558236637672,-0.18373290057844974,-0.004785432443799069,-0.008855823663767201,0.18373290057844974,0.2,0.2,0.0,0.3454209130530966,-0.3472074392400886,False
0,929,-0.935184013655723,-0.5053259039048916,1.653797456654586,3.2384707864276567,1.5452829464559088,0.0,0.20478543244379907,0.2088558236637672,-0.18373290057844974,-0.9999986290931702,0.9935336112976074,0.9330533742904663,0.9987592101097107,0.9997224807739258,-0.9921036958694458,-0.9374506811266307,-0.5070437393641504,1.653090580736174,3.2407359103823032,1.5475400281001315,0.0,0.2047421833921995,0.20892867157551231,-0.18376328927388547,-0.004742183392199466,-0.00892867157551229,0.18376328927388547,0.2,0.2,0.0,0.3454554934449169,-0.346147101281323,False
0,930,-0.9374506811266307,-0.5070437393641504,1.653090580736174,3.2407359103823032,1.5475400281001315,0.0,0.2047421833921995,0.20892867157551231,-0.18376328927388547,-0.9999997615814209,0.5632166862487793,-0.9999983310699463,0.9986790418624878,0.9998018741607666,-0.9921494722366333,-0.9374506811266307,-0.5070437393641504,1.653090580736174,3.2407359103823032,1.5475400281001315,0.0,0.20168139814898492,0.21385908841807752,-0.18553190672717232,-0.0016813981489849188,-0.013859088418077498,0.18553190672717232,0.2,0.2,0.0,0.3476106794564296,-0.3907143996866838,False
0,931,-0.9374506811266307,-0.5070437393641504,1.653090580736174,3.2407359103823032,1.5475400281001315,0.0,0.20168139814898492,0.21385908841807752,-0.18553190672717232,-0.999798059463501,-0.44320371747016907,0.9719845056533813,0.9987759590148926,0.9948319792747498,-0.98488450050354,-0.9671419982409717,-0.49025814367233145,1.6236238809587424,3.270388042645099,1.5772255240685396,0.0,0.2024151616498455,0.21279769386655087,-0.18510927895757448,-0.0024151616498454785,-0.012797693866550868,0.18510927895757448,0.2,0.2,0.0,0.3471601954960397,-0.3381505162882421,False
0,932,-0.9671419982409717,-0.49025814367233145,1.6236238809587424,3.270388042645099,1.5772255240685396,0.0,0.2024151616498455,0.21279769386655087,-0.18510927895757448,-0.9999997615814209,0.992964506149292,0.5136688947677612,0.9983815550804138,0.9998358488082886,-0.9860261082649231,-0.9671419982409717,-0.49025814367233145,1.6236238809587424,3.270388042645099,1.5772255240685396,0.0,0.2031781515528732,0.21169287207484092,-0.18466173774338843,-0.0031781515528731923,-0.011692872074840904,0.18466173774338843,0.2,0.2,0.0,0.34669178060944167,-0.33732348287748076,False
0,933,-0.9671419982409717,-0.49025814367233145,1.6236238809587424,3.270388042645099,1.5772255240685396,0.0,0.2031781515528732,0.21169287207484092,-0.18466173774338843,-0.9995412826538086,0.8828566670417786,-0.4220638871192932,0.9982659220695496,0.9977945685386658,-0.9854813814163208,-0.9671419982409717,-0.49025814367233145,1.6236238809587424,3.270388042645099,1.5772255240685396,0.0,0.20180286751865142,0.213943281519506,-0.18500476718514616,-0.0018028675186514062,-0.013943281519505996,0.18500476718514616,0.2,0.2,0.0,0.34745199514078934,-0.3626562857677427,False
0,934,-0.9671419982409717,-0.49025814367233145,1.6236238809587424,3.270388042645099,1.5772255240685396,0.0,0.20180286751865142,0.213943281519506,-0.18500476718514616,-0.9989513754844666,0.7390763759613037,-0.9932194352149963,0.9983610510826111,0.9999561905860901,-0.9863333106040955,-0.9755667017122482,-0.4952574849977831,1.6528331593464751,3.278803296668677,1.585585153556082,0.0,0.20180286751865142,0.213943281519506,-0.18500476718514616,-0.0018028675186514062,-0.013943281519505996,0.18500476718514616,0.2,0.2,0.0,0.34745199514078934,-0.34745199514078934,False
0,935,-0.9755667017122482,-0.4952574849977831,1.6528331593464751,3.278803296668677,1.585585153556082,0.0,0.20180286751865142,0.213943281519506,-0.18500476718514616,0.9807925224304199,0.16405805945396423,0.9855992794036865,0.9983929395675659,0.999818742275238,-0.9851484298706055,-0.977533146751586,-0.49219336257720975,1.6488646483911777,3.281016366943453,1.5878025474176203,0.0,0.20167008157610838,0.2141630945567815,-0.1850666279452449,-0.0016700815761083818,-0.014163094556781504,0.1850666279452449,0.2,0.2,0.0,0.347543248606666,-0.3493683179241997,False
0,936,-0.977533146751586,-0.49219336257720975,1.6488646483911777,3.281016366943453,1.5878025474176203,0.0,0.20167008157610838,0.2141630945567815,-0.1850666279452449,-0.9987059235572815,0.9998745322227478,-0.7377079725265503,0.9982792139053345,0.9995935559272766,-0.9859247803688049,-0.977266731137103,-0.49205175479402824,1.6491847420483676,3.281472235890107,1.5882590389327127,0.0,0.20162725531954165,0.21421273158978565,-0.1850661801288234,-0.001627255319541639,-0.014212731589785636,0.1850661801288234,0.2,0.2,0.0,0.34754875268129404,-0.34765883417385435,False
0,937,-0.977266731137103,-0.49205175479402824,1.6491847420483676,3.281472235890107,1.5882590389327127,0.0,0.20162725531954165,0.21421273158978565,-0.1850661801288234,-0.9992610812187195,0.6257742047309875,-0.9999962449073792,0.9983091950416565,0.999992311000824,-0.9860498905181885,-0.9779210947336625,-0.49151328120586024,1.6486223681089234,3.282112461133472,1.5889002166755297,0.0,0.20155768443382913,0.21433425944119555,-0.18509593375093183,-0.0015576844338291047,-0.01433425944119553,0.18509593375093183,0.2,0.2,0.0,0.3475991651538624,-0.34860741460522987,False
0,938,-0.9779210947336625,-0.49151328120586024,1.6486223681089234,3.282112461133472,1.5889002166755297,0.0,0.20155768443382913,0.21433425944119555,-0.18509593375093183,-0.9999894499778748,0.9272112846374512,-0.9999845027923584,0.9983433485031128,0.9999566078186035,-0.9856997132301331,-0.9783923235783529,-0.4911313328226265,1.648154444675868,3.2825790010322993,1.5893675232657378,0.0,0.20155768443382913,0.21433425944119555,-0.18509593375093183,-0.0015576844338291047,-0.01433425944119553,0.18509593375093183,0.2,0.2,0.0,0.3475991651538624,-0.3475991651538624,False
0,939,-0.9783923235783529,-0.4911313328226265,1.648154444675868,3.2825790010322993,1.5893675232657378,0.0,0.20155768443382913,0.21433425944119555,-0.18509593375093183,-0.9999757409095764,0.6412301063537598,-0.9559291005134583,0.9983825087547302,0.9948256611824036,-0.9855822324752808,-0.9790945691101599,-0.4905655184396677,1.6474663253431103,3.2832791569695856,1.590067265506928,0.0,0.20148631380403886,0.21445856221034837,-0.18512830115916398,-0.001486313804038842,-0.014458562210348355,0.18512830115916398,0.2,0.2,0.0,0.34765168983588673,-0.3487021834763732,False
0,940,-0.9790945691101599,-0.4905655184396677,1.6474663253431103,3.2832791569695856,1.590067265506928,0.0,0.20148631380403886,0.21445856221034837,-0.18512830115916398,0.24298468232154846,0.7687026262283325,0.37125062942504883,0.9982442855834961,0.9999868869781494,-0.9850075840950012,-0.9790945691101599,-0.4905655184396677,1.6474663253431103,3.2832791569695856,1.590067265506928,0.0,0.19949637291971978,0.21721544823374608,-0.18517678042506394,0.0005036270802802438,-0.017215448233746065,0.18517678042506394,0.2,0.2,0.0,0.34824099955074717,-0.3600271938479558,False
0,941,-0.9790945691101599,-0.4905655184396677,1.6474663253431103,3.2832791569695856,1.590067265506928,0.0,0.19949637291971978,0.21721544823374608,-0.18517678042506394,-0.9999979138374329,0.9991092085838318,-0.710303544998169,0.9981296062469482,0.9999006986618042,-0.9692796468734741,-0.9745886347648655,-0.47544897828601546,1.654492081350727,3.3029193013918774,1.6097408309185393,0.0,0.19944103633446758,0.21729020968558535,-0.1851745643904313,0.0005589636655324234,-0.017290209685585332,0.1851745643904313,0.2,0.2,0.0,0.3482547652173019,-0.348530078548397,False
0,942,-0.9745886347648655,-0.47544897828601546,1.654492081350727,3.3029193013918774,1.6097408309185393,0.0,0.19944103633446758,0.21729020968558535,-0.1851745643904313,-1.0,-0.35648322105407715,0.7004212141036987,0.9985595345497131,0.9999701380729675,-0.9688316583633423,-0.9753286055057419,-0.4751785031653974,1.6539755613142544,3.3031811612205177,1.610003161827204,0.0,0.19940137884283507,0.2173748821707011,-0.18519532918042123,0.0005986211571649379,-0.01737488217070111,0.18519532918042123,0.2,0.2,0.0,0.3482959362860764,-0.34911935766156627,False
0,943,-0.9753286055057419,-0.4751785031653974,1.6539755613142544,3.3031811612205177,1.610003161827204,0.0,0.19940137884283507,0.2173748821707011,-0.18519532918042123,-0.9999408721923828,-0.635097861289978,-0.9998277425765991,0.9986042976379395,0.9999381899833679,-0.9687747359275818,-0.976254072884889,-0.4756048088581042,1.654141195834801,3.3041170524697168,1.610940349696942,0.0,0.19938376653644824,0.21742889652332162,-0.18520961036532885,0.0006162334635517758,-0.0174288965233216,0.18520961036532885,0.2,0.2,0.0,0.3483271611190938,-0.34895165777944126,False
0,944,-0.976254072884889,-0.4756048088581042,1.654141195834801,3.3041170524697168,1.610940349696942,0.0,0.19938376653644824,0.21742889652332162,-0.18520961036532885,-0.9988047480583191,0.9977450370788574,-0.9893547296524048,0.9984826445579529,0.9999968409538269,-0.9681031703948975,-0.976835917377678,-0.47539206688680813,1.653553542326824,3.304698383320445,1.611522521201039,0.0,0.19932748967943775,0.21753855193338237,-0.18525476516235434,0.0006725103205622619,-0.01753855193338236,0.18525476516235434,0.2,0.2,0.0,0.34838742476521495,-0.3495926976876382,False
0,945,-0.976835917377678,-0.47539206688680813,1.653553542326824,3.304698383320445,1.611522521201039,0.0,0.19932748967943775,0.21753855193338237,-0.18525476516235434,-0.8423963785171509,0.9568911790847778,-0.8979889750480652,0.9985072612762451,0.9999479651451111,-0.9689533114433289,-0.977364111150316,-0.4748195944634511,1.6530077253243014,3.305282333254911,1.6121073307975387,0.0,0.19932748967943775,0.21753855193338237,-0.18525476516235434,0.0006725103205622619,-0.01753855193338236,0.18525476516235434,0.2,0.2,0.0,0.34838742476521495,-0.34838742476521495,False
0,946,-0.977364111150316,-0.4748195944634511,1.6530077253243014,3.305282333254911,1.6121073307975387,0.0,0.19932748967943775,0.21753855193338237,-0.18525476516235434,-0.9999220371246338,0.3085274398326874,-0.8532150983810425,0.9985889792442322,0.9987092018127441,-0.968557596206665,-0.977364111150316,-0.4748195944634511,1.6530077253243014,3.305282333254911,1.6121073307975387,0.0,0.19849832425908925,0.21899666307218354,-0.18552418188843028,0.0015016757409107642,-0.018996663072183544,0.18552418188843028,0.2,0.2,0.0,0.3489704073926461,-0.36063005994126957,False
0,947,-0.977364111150316,-0.4748195944634511,1.6530077253243014,3.305282333254911,1.6121073307975387,0.0,0.19849832425908925,0.21899666307218354,-0.18552418188843028,-0.9622443318367004,0.983452558517456,-0.9999971389770508,0.9986292719841003,0.9975410103797913,-0.9688493609428406,-0.9825870017417077,-0.4688809352981801,1.6474364649906648,3.31148214637031,1.6183160856430834,0.0,0.19849832425908925,0.21899666307218354,-0.18552418188843028,0.0015016757409107642,-0.018996663072183544,0.18552418188843028,0.2,0.2,0.0,0.3489704073926461,-0.3489704073926461,False
0,948,-0.9825870017417077,-0.4688809352981801,1.6474364649906648,3.31148214637031,1.6183160856430834,0.0,0.19849832425908925,0.21899666307218354,-0.18552418188843028,-0.999524712562561,0.8883117437362671,-0.4153388440608978,0.998560905456543,0.9975578784942627,-0.9690094590187073,-0.9839910056959402,-0.4673844993346741,1.6460697481213167,3.3130948464384495,1.6199304478015635,0.0,0.19839433930308067,0.21918329512255452,-0.18555887005655658,0.0016056606969193261,-0.019183295122554504,0.18555887005655658,0.2,0.2,0.0,0.3490468807838752,-0.3505763486084566,False
0,949,-0.9839910056959402,-0.4673844993346741,1.6460697481213167,3.3130948464384495,1.6199304478015635,0.0,0.19839433930308067,0.21918329512255452,-0.18555887005655658,-0.7700153589248657,0.9998833537101746,0.9976900815963745,0.9985905289649963,0.9998862147331238,-0.9702073335647583,-0.9845774475625418,-0.46681062034637405,1.6460748457629781,3.31371840030708,1.6205537362803677,0.0,0.19832893617456054,0.21930779962078967,-0.18557224563711325,0.0016710638254394776,-0.019307799620789656,0.18557224563711325,0.2,0.2,0.0,0.34909502467014114,-0.35005790239546014,False
0,950,-0.9845774475625418,-0.46681062034637405,1.6460748457629781,3.31371840030708,1.6205537362803677,0.0,0.19832893617456054,0.21930779962078967,-0.18557224563711325,-0.9998403787612915,0.8161687850952148,-1.0,0.9986399412155151,0.9999804496765137,-0.9708935618400574,-0.9845774475625418,-0.46681062034637405,1.6460748457629781,3.31371840030708,1.6205537362803677,0.0,0.1955164222988706,0.2249706960471661,-0.18670793047616505,0.0044835777011294105,-0.024970696047166098,0.18670793047616505,0.2,0.2,0.0,0.3517077434052159,-0.4039621181067106,False
0,951,-0.9845774475625418,-0.46681062034637405,1.6460748457629781,3.31371840030708,1.6205537362803677,0.0,0.1955164222988706,0.2249706960471661,-0.18670793047616505,-0.2830723822116852,-0.43356603384017944,-0.9999934434890747,0.9982980489730835,0.9904979467391968,-0.971027135848999,-0.9845774475625418,-0.46681062034637405,1.6460748457629781,3.31371840030708,1.6205537362803677,0.0,0.1955164222988706,0.2249706960471661,-0.18670793047616505,0.0044835777011294105,-0.024970696047166098,0.18670793047616505,0.2,0.2,0.0,0.3517077434052159,-0.3517077434052159,False
0,952,-0.9845774475625418,-0.46681062034637405,1.6460748457629781,3.31371840030708,1.6205537362803677,0.0,0.1955164222988706,0.2249706960471661,-0.18670793047616505,0.9079461693763733,0.08239015936851501,0.9992755651473999,0.9982867240905762,0.9999569654464722,-0.9719052910804749,-0.9845774475625418,-0.46681062034637405,1.6460748457629781,3.31371840030708,1.6205537362803677,0.0,0.1955081483005689,0.2249886050832527,-0.1867114818492993,0.004491851699431101,-0.024988605083252666,0.1867114818492993,0.2,0.2,0.0,0.35171648514618464,-0.35189131996555995,False
0,953,-0.9845774475625418,-0.46681062034637405,1.6460748457629781,3.31371840030708,1.6205537362803677,0.0,0.1955081483005689,0.2249886050832527,-0.1867114818492993,-0.9999573230743408,0.9861688613891602,-1.0,0.9982300400733948,0.9999794363975525,-0.9721897840499878,-0.9845774475625418,-0.46681062034637405,1.6460748457629781,3.31371840030708,1.6205537362803677,0.0,0.1955081483005689,0.2249886050832527,-0.1867114818492993,0.004491851699431101,-0.024988605083252666,0.1867114818492993,0.2,0.2,0.0,0.35171648514618464,-0.35171648514618464,False
0,954,-0.9845774475625418,-0.46681062034637405,1.6460748457629781,3.31371840030708,1.6205537362803677,0.0,0.1955081483005689,0.2249886050832527,-0.1867114818492993,-0.9300777912139893,0.9683282971382141,-0.5449414253234863,0.9981430172920227,0.9999971389770508,-0.972433865070343,-0.9845774475625418,-0.46681062034637405,1.6460748457629781,3.31371840030708,1.6205537362803677,0.0,0.1955081483005689,0.2249886050832527,-0.1867114818492993,0.004491851699431101,-0.024988605083252666,0.1867114818492993,0.2,0.2,0.0,0.35171648514618464,-0.35171648514618464,False
0,955,-0.9845774475625418,-0.46681062034637405,1.6460748457629781,3.31371840030708,1.6205537362803677,0.0,0.1955081483005689,0.2249886050832527,-0.1867114818492993,-0.9985669255256653,0.9997746348381042,-0.9999539852142334,0.9981838464736938,0.9998515844345093,-0.9736654758453369,-0.9845774475625418,-0.46681062034637405,1.6460748457629781,3.31371840030708,1.6205537362803677,0.0,0.1955081483005689,0.2249886050832527,-0.1867114818492993,0.004491851699431101,-0.024988605083252666,0.1867114818492993,0.2,0.2,0.0,0.35171648514618464,-0.35171648514618464,False
0,956,-0.9845774475625418,-0.46681062034637405,1.6460748457629781,3.31371840030708,1.6205537362803677,0.0,0.1955081483005689,0.2249886050832527,-0.1867114818492993,-0.9938284754753113,0.8662716746330261,0.9999578595161438,0.9983298778533936,0.9996170401573181,-0.9732779264450073,-0.9845774475625418,-0.46681062034637405,1.6460748457629781,3.31371840030708,1.6205537362803677,0.0,0.1955081483005689,0.2249886050832527,-0.1867114818492993,0.004491851699431101,-0.024988605083252666,0.1867114818492993,0.2,0.2,0.0,0.35171648514618464,-0.35171648514618464,False
0,957,-0.9845774475625418,-0.46681062034637405,1.6460748457629781,3.31371840030708,1.6205537362803677,0.0,0.1955081483005689,0.2249886050832527,-0.1867114818492993,-0.9999868273735046,-0.06321026384830475,0.9997942447662354,0.998236894607544,0.998752236366272,-0.9713261127471924,-1.0127735620570166,-0.44377851259235074,1.6179494488836204,3.3418902692357633,1.648763420468455,0.0,0.1955081483005689,0.2249886050832527,-0.1867114818492993,0.004491851699431101,-0.024988605083252666,0.1867114818492993,0.2,0.2,0.0,0.35171648514618464,-0.35171648514618464,False
0,958,-1.0127735620570166,-0.44377851259235074,1.6179494488836204,3.3418902692357633,1.648763420468455,0.0,0.1955081483005689,0.2249886050832527,-0.1867114818492993,-0.9787802696228027,0.9954192042350769,-0.9999386668205261,0.9976275563240051,0.9999898076057434,-0.9747745394706726,-1.0127735620570166,-0.44377851259235074,1.6179494488836204,3.3418902692357633,1.648763420468455,0.0,0.19551389296428762,0.22495897761223088,-0.18669752940676412,0.004486107035712384,-0.024958977612230857,0.18669752940676412,0.2,0.2,0.0,0.35169332014836546,-0.35123002019198185,False
0,959,-1.0127735620570166,-0.44377851259235074,1.6179494488836204,3.3418902692357633,1.648763420468455,0.0,0.19551389296428762,0.22495897761223088,-0.18669752940676412,-0.6056005954742432,-0.9657605886459351,0.9999406933784485,0.997999906539917,0.9998125433921814,-0.9739625453948975,-1.0127735620570166,-0.44377851259235074,1.6179494488836204,3.3418902692357633,1.648763420468455,0.0,0.19556417252600217,0.22488129074048893,-0.1866555668627766,0.004435827473997844,-0.02488129074048892,0.1866555668627766,0.2,0.2,0.0,0.35164931557128437,-0.35076922402966254,False
0,960,-1.0127735620570166,-0.44377851259235074,1.6179494488836204,3.3418902692357633,1.648763420468455,0.0,0.19556417252600217,0.22488129074048893,-0.1866555668627766,-0.9516956806182861,0.9999191761016846,-0.9671545624732971,0.9979546070098877,0.999954879283905,-0.9757362008094788,-1.0127735620570166,-0.44377851259235074,1.6179494488836204,3.3418902692357633,1.648763420468455,0.0,0.1952665756693563,0.22550916242669528,-0.1867518744012959,0.004733424330643731,-0.025509162426695264,0.1867518744012959,0.2,0.2,0.0,0.3519370405405255,-0.3576915399253479,False
0,961,-1.0127735620570166,-0.44377851259235074,1.6179494488836204,3.3418902692357633,1.648763420468455,0.0,0.1952665756693563,0.22550916242669528,-0.1867518744012959,-0.9610998034477234,-0.7952662110328674,-0.963295578956604,0.9951320886611938,0.9970101118087769,-0.9862866401672363,-1.0143041755170372,-0.4427805182316223,1.618104110723804,3.34388681833631,1.6507630189023026,0.0,0.1951274083080814,0.22608696474247,-0.18732161336980327,0.004872591691918626,-0.02608696474247,0.18732161336980327,0.2,0.2,0.0,0.3525328466043379,-0.36444896788058656,False
0,962,-1.0143041755170372,-0.4427805182316223,1.618104110723804,3.34388681833631,1.6507630189023026,0.0,0.1951274083080814,0.22608696474247,-0.18732161336980327,-0.9996296763420105,-0.9244803190231323,-0.9361626505851746,0.9950780868530273,1.0,-0.9871997833251953,-1.0143041755170372,-0.4427805182316223,1.618104110723804,3.34388681833631,1.6507630189023026,0.0,0.1950916116958083,0.22674090851237008,-0.18839342092609226,0.00490838830419171,-0.026740908512370067,0.18839342092609226,0.2,0.2,0.0,0.3535028395859343,-0.3729026992178621,False
0,963,-1.0143041755170372,-0.4427805182316223,1.618104110723804,3.34388681833631,1.6507630189023026,0.0,0.1950916116958083,0.22674090851237008,-0.18839342092609226,-0.9992369413375854,0.9761263728141785,0.9999993443489075,0.9957356452941895,0.9929370880126953,-0.9873965382575989,-1.0143041755170372,-0.4427805182316223,1.618104110723804,3.34388681833631,1.6507630189023026,0.0,0.19511187580243192,0.2270619170366393,-0.18897931055519906,0.004888124197568091,-0.027061917036639304,0.18897931055519906,0.2,0.2,0.0,0.35403239691505023,-0.36462354349736853,False
0,964,-1.0143041755170372,-0.4427805182316223,1.618104110723804,3.34388681833631,1.6507630189023026,0.0,0.19511187580243192,0.2270619170366393,-0.18897931055519906,-0.9997494220733643,0.9165312051773071,0.9994568824768066,0.9948809742927551,0.9992956519126892,-0.9882158637046814,-1.0143041755170372,-0.4427805182316223,1.618104110723804,3.34388681833631,1.6507630189023026,0.0,0.19432778232443892,0.22863242117981064,-0.18720093098243654,0.0056722176755610865,-0.028632421179810637,0.18720093098243654,0.2,0.2,0.0,0.3536668765354876,-0.3463564689442354,False
0,965,-1.0143041755170372,-0.4427805182316223,1.618104110723804,3.34388681833631,1.6507630189023026,0.0,0.19432778232443892,0.22863242117981064,-0.18720093098243654,-0.9999629259109497,-0.8524864912033081,-0.9999943971633911,0.9955882430076599,0.9742474555969238,-0.986924409866333,-1.0143041755170372,-0.4427805182316223,1.618104110723804,3.34388681833631,1.6507630189023026,0.0,0.1938388828354637,0.22954785268180466,-0.18593943997257883,0.006161117164536319,-0.029547852681804668,0.18593943997257883,0.2,0.2,0.0,0.3533259182497717,-0.34650675253545377,False
0,966,-1.0143041755170372,-0.4427805182316223,1.618104110723804,3.34388681833631,1.6507630189023026,0.0,0.1938388828354637,0.22954785268180466,-0.18593943997257883,-0.9876009821891785,0.9375171661376953,0.7397302389144897,0.9956563711166382,0.9999390840530396,-0.9872176051139832,-1.0143041755170372,-0.4427805182316223,1.618104110723804,3.34388681833631,1.6507630189023026,0.0,0.19363445720932265,0.22993348313920425,-0.18538902455544307,0.006365542790677345,-0.02993348313920425,0.18538902455544307,0.2,0.2,0.0,0.3531753107351849,-0.35016316044344803,False
0,967,-1.0143041755170372,-0.4427805182316223,1.618104110723804,3.34388681833631,1.6507630189023026,0.0,0.19363445720932265,0.22993348313920425,-0.18538902455544307,-0.999999463558197,0.9026109576225281,-0.9981433749198914,0.9957242608070374,0.9694641828536987,-0.9870140552520752,-1.0143041755170372,-0.4427805182316223,1.618104110723804,3.34388681833631,1.6507630189023026,0.0,0.19372321726047542,0.22978389022246343,-0.18565958996484447,0.0062767827395245925,-0.029783890222463416,0.18565958996484447,0.2,0.2,0.0,0.353268742542321,-0.35513737868504325,False
0,968,-1.0143041755170372,-0.4427805182316223,1.618104110723804,3.34388681833631,1.6507630189023026,0.0,0.19372321726047542,0.22978389022246343,-0.18565958996484447,-0.9999917149543762,0.9999006986618042,0.9837448596954346,0.9958687424659729,0.99930739402771,-0.9864377379417419,-1.0143041755170372,-0.4427805182316223,1.618104110723804,3.34388681833631,1.6507630189023026,0.0,0.19372321726047542,0.22978389022246343,-0.18565958996484447,0.0062767827395245925,-0.029783890222463416,0.18565958996484447,0.2,0.2,0.0,0.353268742542321,-0.353268742542321,False
0,969,-1.0143041755170372,-0.4427805182316223,1.618104110723804,3.34388681833631,1.6507630189023026,0.0,0.19372321726047542,0.22978389022246343,-0.18565958996484447,0.8856199979782104,0.9999763369560242,-0.9843974113464355,0.9961528778076172,0.999994695186615,-0.9868583083152771,-1.0143041755170372,-0.4427805182316223,1.618104110723804,3.34388681833631,1.6507630189023026,0.0,0.19363478500138778,0.229836288590223,-0.18571217213195948,0.006365214998612239,-0.029836288590223005,0.18571217213195948,0.2,0.2,0.0,0.35328198424690793,-0.35354681833864676,False
0,970,-1.0143041755170372,-0.4427805182316223,1.618104110723804,3.34388681833631,1.6507630189023026,0.0,0.19363478500138778,0.229836288590223,-0.18571217213195948,-0.9638111591339111,0.9646883010864258,0.9944327473640442,0.995551586151123,0.9997273683547974,-0.9864786267280579,-1.0143041755170372,-0.4427805182316223,1.618104110723804,3.34388681833631,1.6507630189023026,0.0,0.19349430732924425,0.2299105796685425,-0.18573967337912162,0.006505692670755757,-0.0299105796685425,0.18573967337912162,0.2,0.2,0.0,0.353267813251267,-0.3529843933384482,False
0,971,-1.0143041755170372,-0.4427805182316223,1.618104110723804,3.34388681833631,1.6507630189023026,0.0,0.19349430732924425,0.2299105796685425,-0.18573967337912162,-0.929832935333252,-0.6346279382705688,-0.9759341478347778,0.9939852356910706,0.9982308149337769,-0.994753897190094,-1.0402572540588106,-0.42003181849523313,1.6369319693509705,3.373516543691942,1.680338434417653,0.0,0.19349304662937522,0.22992315195539909,-0.18570431201075202,0.006506953370624787,-0.029923151955399074,0.18570431201075202,0.2,0.2,0.0,0.3532567145836153,-0.3530347412305813,False
0,972,-1.0402572540588106,-0.42003181849523313,1.6369319693509705,3.373516543691942,1.680338434417653,0.0,0.19349304662937522,0.22992315195539909,-0.18570431201075202,-0.9999955296516418,0.9929844737052917,-0.6000205874443054,0.9937868118286133,0.9999333620071411,-0.9949532747268677,-1.0405368759547746,-0.419979800597784,1.6366122425675727,3.373757876212084,1.680584053832794,0.0,0.19347896183607383,0.2299656414063837,-0.18571942530389352,0.006521038163926185,-0.0299656414063837,0.18571942530389352,0.2,0.2,0.0,0.3532846017530666,-0.3538423451420924,False
0,973,-1.0405368759547746,-0.419979800597784,1.6366122425675727,3.373757876212084,1.680584053832794,0.0,0.19347896183607383,0.2299656414063837,-0.18571942530389352,-0.9998044967651367,-0.22125808894634247,-0.18965858221054077,0.9933923482894897,0.999933660030365,-0.9950226545333862,-1.0411233255608372,-0.4196111571291006,1.6363371348548343,3.374341187518166,1.6811710018114794,0.0,0.19347896183607383,0.2299656414063837,-0.18571942530389352,0.006521038163926185,-0.0299656414063837,0.18571942530389352,0.2,0.2,0.0,0.3532846017530666,-0.3532846017530666,False
0,974,-1.0411233255608372,-0.4196111571291006,1.6363371348548343,3.374341187518166,1.6811710018114794,0.0,0.19347896183607383,0.2299656414063837,-0.18571942530389352,-0.8970534801483154,-0.45308756828308105,0.9792736172676086,0.9928710460662842,0.9818017482757568,-0.9950700998306274,-1.0416860857533004,-0.4197898751053586,1.636439390725064,3.3749185497080245,1.6817490106116402,0.0,0.19343545988209748,0.2300900808900663,-0.1857311548172619,0.006564540117902518,-0.03009008089006628,0.1857311548172619,0.2,0.2,0.0,0.35334796494892895,-0.35461522886617625,False
0,975,-1.0416860857533004,-0.4197898751053586,1.636439390725064,3.3749185497080245,1.6817490106116402,0.0,0.19343545988209748,0.2300900808900663,-0.1857311548172619,-0.9999919533729553,-0.8817915916442871,-0.9906578660011292,0.9937776327133179,1.0,-0.9947291612625122,-1.0422780204489148,-0.42015832810672976,1.636721198494486,3.3755542502103157,1.682380600746999,0.0,0.1934313595213715,0.2301502521511948,-0.18572865435938088,0.006568640478628523,-0.03015025215119479,0.18572865435938088,0.2,0.2,0.0,0.35338359110418666,-0.3540961142093408,False
0,976,-1.0422780204489148,-0.42015832810672976,1.636721198494486,3.3755542502103157,1.682380600746999,0.0,0.1934313595213715,0.2301502521511948,-0.18572865435938088,-0.9986220598220825,0.86676025390625,0.9999956488609314,0.9939171075820923,0.9999991059303284,-0.9947138428688049,-1.0432046875637195,-0.4206661936430578,1.636136277926727,3.37647412831532,1.6833064347944904,0.0,0.19342383535928154,0.23022490753192673,-0.1858110041251528,0.006576164640718481,-0.03022490753192671,0.1858110041251528,0.2,0.2,0.0,0.35347138128450545,-0.3552271848908813,False
0,977,-1.0432046875637195,-0.4206661936430578,1.636136277926727,3.37647412831532,1.6833064347944904,0.0,0.19342383535928154,0.23022490753192673,-0.1858110041251528,-0.9999951720237732,0.28188666701316833,0.9364479184150696,0.9932901859283447,0.9484503865242004,-0.9947981238365173,-1.0437804510561215,-0.4202506523085273,1.636725330292859,3.3770468599346306,1.6838735312304418,0.0,0.1933906596446197,0.23032385887129367,-0.18577076296633607,0.006609340355380314,-0.030323858871293657,0.18577076296633607,0.2,0.2,0.0,0.3534965396948595,-0.3539997079019406,False
0,978,-1.0437804510561215,-0.4202506523085273,1.636725330292859,3.3770468599346306,1.6838735312304418,0.0,0.1933906596446197,0.23032385887129367,-0.18577076296633607,-0.9981450438499451,-0.5644326210021973,0.9996286034584045,0.9935241937637329,0.9999272227287292,-0.9948675632476807,-1.0443616062289898,-0.42024288846220137,1.637280353067384,3.3776244759816088,1.684433921649416,0.0,0.1933781125447188,0.23039218680642476,-0.18574930031639048,0.006621887455281226,-0.030392186806424755,0.18574930031639048,0.2,0.2,0.0,0.3535229224828753,-0.3540505782431915,False
0,979,-1.0443616062289898,-0.42024288846220137,1.637280353067384,3.3776244759816088,1.684433921649416,0.0,0.1933781125447188,0.23039218680642476,-0.18574930031639048,-0.9987952709197998,0.9223938584327698,-0.9999297261238098,0.9932864308357239,0.998266875743866,-0.9950186610221863,-1.0451142893004683,-0.4205883694966222,1.637914870972377,3.378373644364286,1.6851883985116145,0.0,0.1933781125447188,0.23039218680642476,-0.18574930031639048,0.006621887455281226,-0.030392186806424755,0.18574930031639048,0.2,0.2,0.0,0.3535229224828753,-0.3535229224828753,False
0,980,-1.0451142893004683,-0.4205883694966222,1.637914870972377,3.378373644364286,1.6851883985116145,0.0,0.1933781125447188,0.23039218680642476,-0.18574930031639048,-0.9999923706054688,-0.5325114727020264,0.5790636539459229,0.9933907985687256,0.9997848868370056,-0.9947413206100464,-1.0451142893004683,-0.4205883694966222,1.637914870972377,3.378373644364286,1.6851883985116145,0.0,0.19336025639267984,0.23053644421618683,-0.18575313199604707,0.006639743607320163,-0.030536444216186825,0.18575313199604707,0.2,0.2,0.0,0.35360920082829683,-0.35533476773672723,False
0,981,-1.0451142893004683,-0.4205883694966222,1.637914870972377,3.378373644364286,1.6851883985116145,0.0,0.19336025639267984,0.23053644421618683,-0.18575313199604707,-0.9994474053382874,-0.5512950420379639,0.8770012259483337,0.9948163032531738,1.0,-0.99776291847229,-1.0451142893004683,-0.4205883694966222,1.637914870972377,3.378373644364286,1.6851883985116145,0.0,0.19337375240741592,0.23078927203882513,-0.18577468399506042,0.006626247592584105,-0.03078927203882511,0.18577468399506042,0.2,0.2,0.0,0.35379277751503063,-0.3574643112497066,False
0,982,-1.0451142893004683,-0.4205883694966222,1.637914870972377,3.378373644364286,1.6851883985116145,0.0,0.19337375240741592,0.23078927203882513,-0.18577468399506042,-0.9274924993515015,0.5842311978340149,1.0,0.9947435855865479,0.9999998211860657,-0.9977749586105347,-1.0451142893004683,-0.4205883694966222,1.637914870972377,3.378373644364286,1.6851883985116145,0.0,0.19352664005214618,0.2315437265801784,-0.18560924615220095,0.0064733599478538455,-0.03154372658017841,0.18560924615220095,0.2,0.2,0.0,0.35428216154034303,-0.36406984204659104,False
0,983,-1.0451142893004683,-0.4205883694966222,1.637914870972377,3.378373644364286,1.6851883985116145,0.0,0.19352664005214618,0.2315437265801784,-0.18560924615220095,-0.9999985694885254,0.748963475227356,0.9993423819541931,0.9955897927284241,0.9995967745780945,-0.9979170560836792,-1.0451142893004683,-0.4205883694966222,1.637914870972377,3.378373644364286,1.6851883985116145,0.0,0.1932402149058953,0.23244701869539403,-0.1851721969300261,0.006759785094104718,-0.032447018695394,0.1851721969300261,0.2,0.2,0.0,0.3544885607084463,-0.35861654407051186,False
0,984,-1.0451142893004683,-0.4205883694966222,1.637914870972377,3.378373644364286,1.6851883985116145,0.0,0.1932402149058953,0.23244701869539403,-0.1851721969300261,-0.9999987483024597,0.15560154616832733,1.0,0.9955050945281982,0.9996004104614258,-0.9979070425033569,-1.0451142893004683,-0.4205883694966222,1.637914870972377,3.378373644364286,1.6851883985116145,0.0,0.19275138461573804,0.23344582407536585,-0.1846138738362931,0.0072486153842619624,-0.03344582407536585,0.1846138738362931,0.2,0.2,0.0,0.3545875511948404,-0.3565673609227227,False
0,985,-1.0451142893004683,-0.4205883694966222,1.637914870972377,3.378373644364286,1.6851883985116145,0.0,0.19275138461573804,0.23344582407536585,-0.1846138738362931,-0.9201669096946716,0.2586926519870758,-0.9998376369476318,0.9954046010971069,0.760012686252594,-0.9978047013282776,-1.0451142893004683,-0.4205883694966222,1.637914870972377,3.378373644364286,1.6851883985116145,0.0,0.19275138461573804,0.23344582407536585,-0.1846138738362931,0.0072486153842619624,-0.03344582407536585,0.1846138738362931,0.2,0.2,0.0,0.3545875511948404,-0.3545875511948404,False
0,986,-1.0451142893004683,-0.4205883694966222,1.637914870972377,3.378373644364286,1.6851883985116145,0.0,0.19275138461573804,0.23344582407536585,-0.1846138738362931,-0.9999989867210388,0.7130653858184814,-0.7823145389556885,0.994839608669281,0.9856711626052856,-0.9978144764900208,-1.0451142893004683,-0.4205883694966222,1.637914870972377,3.378373644364286,1.6851883985116145,0.0,0.1927511696361867,0.23345356742028603,-0.18461565288282256,0.007248830363813331,-0.03345356742028601,0.18461565288282256,0.2,0.2,0.0,0.3545934585221883,-0.3547116050691463,False
0,987,-1.0451142893004683,-0.4205883694966222,1.637914870972377,3.378373644364286,1.6851883985116145,0.0,0.1927511696361867,0.23345356742028603,-0.18461565288282256,-0.9988653659820557,0.999697744846344,0.9999755620956421,0.9957597851753235,0.9993788599967957,-0.9977811574935913,-1.0451142893004683,-0.4205883694966222,1.637914870972377,3.378373644364286,1.6851883985116145,0.0,0.1927511696361867,0.23345356742028603,-0.18461565288282256,0.007248830363813331,-0.03345356742028601,0.18461565288282256,0.2,0.2,0.0,0.3545934585221883,-0.3545934585221883,False
0,988,-1.0451142893004683,-0.4205883694966222,1.637914870972377,3.378373644364286,1.6851883985116145,0.0,0.1927511696361867,0.23345356742028603,-0.18461565288282256,-0.9999662041664124,-0.8585768938064575,0.9999960660934448,0.9954683184623718,0.9999626874923706,-0.997853696346283,-1.0451142893004683,-0.4205883694966222,1.637914870972377,3.378373644364286,1.6851883985116145,0.0,0.1927511696361867,0.23345356742028603,-0.18461565288282256,0.007248830363813331,-0.03345356742028601,0.18461565288282256,0.2,0.2,0.0,0.3545934585221883,-0.3545934585221883,False
0,989,-1.0451142893004683,-0.4205883694966222,1.637914870972377,3.378373644364286,1.6851883985116145,0.0,0.1927511696361867,0.23345356742028603,-0.18461565288282256,-0.8620609045028687,0.9994210600852966,0.9947937726974487,0.995419442653656,0.9832831621170044,-0.9978039860725403,-1.0451142893004683,-0.4205883694966222,1.637914870972377,3.378373644364286,1.6851883985116145,0.0,0.1927511696361867,0.23345356742028603,-0.18461565288282256,0.007248830363813331,-0.03345356742028601,0.18461565288282256,0.2,0.2,0.0,0.3545934585221883,-0.3545934585221883,False
0,990,-1.0451142893004683,-0.4205883694966222,1.637914870972377,3.378373644364286,1.6851883985116145,0.0,0.1927511696361867,0.23345356742028603,-0.18461565288282256,-0.9999685883522034,-0.4097477197647095,-0.9999998807907104,0.9955211877822876,0.999973714351654,-0.9978598356246948,-1.0451142893004683,-0.4205883694966222,1.637914870972377,3.378373644364286,1.6851883985116145,0.0,0.19272258199502776,0.23354236005388546,-0.18504248703484705,0.007277418004972246,-0.03354236005388543,0.18504248703484705,0.2,0.2,0.0,0.3548587741037417,-0.3601650857348098,False
0,991,-1.0451142893004683,-0.4205883694966222,1.637914870972377,3.378373644364286,1.6851883985116145,0.0,0.19272258199502776,0.23354236005388546,-0.18504248703484705,-0.9996363520622253,-0.4102601706981659,-0.9459701180458069,0.9981366991996765,0.951423168182373,-0.9979429841041565,-1.0451142893004683,-0.4205883694966222,1.637914870972377,3.378373644364286,1.6851883985116145,0.0,0.19268852002272735,0.23367550313568508,-0.18589806160281855,0.007311479977272651,-0.03367550313568507,0.18589806160281855,0.2,0.2,0.0,0.35537472591892333,-0.3656937622225554,False
0,992,-1.0451142893004683,-0.4205883694966222,1.637914870972377,3.378373644364286,1.6851883985116145,0.0,0.19268852002272735,0.23367550313568508,-0.18589806160281855,-0.9998801350593567,-0.09258051961660385,-0.9999479651451111,0.9980783462524414,0.9995861053466797,-0.9980617761611938,-1.0451142893004683,-0.4205883694966222,1.637914870972377,3.378373644364286,1.6851883985116145,0.0,0.19228901870135798,0.23456014463122796,-0.1873803388377139,0.007710981298642023,-0.034560144631227946,0.1873803388377139,0.2,0.2,0.0,0.356517768905689,-0.379378628641002,False
0,993,-1.0451142893004683,-0.4205883694966222,1.637914870972377,3.378373644364286,1.6851883985116145,0.0,0.19228901870135798,0.23456014463122796,-0.1873803388377139,-0.999997615814209,0.045481279492378235,0.9139814972877502,0.9981231689453125,0.9990576505661011,-0.9980481863021851,-1.0451142893004683,-0.4205883694966222,1.637914870972377,3.378373644364286,1.6851883985116145,0.0,0.19225409897500395,0.23463759613576424,-0.18750778135139692,0.007745901024996071,-0.03463759613576421,0.18750778135139692,0.2,0.2,0.0,0.35661689270193564,-0.3585993686268688,False
0,994,-1.0451142893004683,-0.4205883694966222,1.637914870972377,3.378373644364286,1.6851883985116145,0.0,0.19225409897500395,0.23463759613576424,-0.18750778135139692,-0.9996212124824524,0.7334317564964294,0.21682894229888916,0.997966468334198,0.99956876039505,-0.9980767965316772,-1.0451142893004683,-0.4205883694966222,1.637914870972377,3.378373644364286,1.6851883985116145,0.0,0.19224173382259274,0.2346650521575666,-0.1875531397657292,0.007758266177407269,-0.03466505215756661,0.1875531397657292,0.2,0.2,0.0,0.3566521430795183,-0.3573571506311718,False
0,995,-1.0451142893004683,-0.4205883694966222,1.637914870972377,3.378373644364286,1.6851883985116145,0.0,0.19224173382259274,0.2346650521575666,-0.1875531397657292,-0.9992350339889526,0.8900795578956604,0.9999992847442627,0.9981564283370972,0.9999744892120361,-0.9980508089065552,-1.0451142893004683,-0.4205883694966222,1.637914870972377,3.378373644364286,1.6851883985116145,0.0,0.19223824646282353,0.2346727984964963,-0.18756595424493935,0.007761753537176473,-0.03467279849649629,0.18756595424493935,0.2,0.2,0.0,0.3566620991205726,-0.3568612199416587,False
0,996,-1.0451142893004683,-0.4205883694966222,1.637914870972377,3.378373644364286,1.6851883985116145,0.0,0.19223824646282353,0.2346727984964963,-0.18756595424493935,-0.9964497089385986,0.1909559965133667,-0.19686102867126465,0.9980226755142212,0.9999588131904602,-0.9981918931007385,-1.0451142893004683,-0.4205883694966222,1.637914870972377,3.378373644364286,1.6851883985116145,0.0,0.1922356680704907,0.23467852659815588,-0.18757543491557066,0.007764331929509313,-0.03467852659815587,0.18757543491557066,0.2,0.2,0.0,0.3566694642222049,-0.3568167662548508,False
0,997,-1.0451142893004683,-0.4205883694966222,1.637914870972377,3.378373644364286,1.6851883985116145,0.0,0.1922356680704907,0.23467852659815588,-0.18757543491557066,-0.9991836547851562,0.19264493882656097,0.2792200744152069,0.9981769919395447,0.9987613558769226,-0.9981205463409424,-1.0451142893004683,-0.4205883694966222,1.637914870972377,3.378373644364286,1.6851883985116145,0.0,0.1922332435366141,0.23468391352577028,-0.18758435469770063,0.007766756463385902,-0.03468391352577027,0.18758435469770063,0.2,0.2,0.0,0.35667639298912285,-0.35681496832748155,False
0,998,-1.0451142893004683,-0.4205883694966222,1.637914870972377,3.378373644364286,1.6851883985116145,0.0,0.1922332435366141,0.23468391352577028,-0.18758435469770063,-0.8596727848052979,0.8188955783843994,0.9418092370033264,0.9979116916656494,0.9985243082046509,-0.9981164932250977,-1.0451142893004683,-0.4205883694966222,1.637914870972377,3.378373644364286,1.6851883985116145,0.0,0.19225562345922098,0.2346427302536957,-0.18718111792573577,0.0077443765407790265,-0.034642730253695686,0.18718111792573577,0.2,0.2,0.0,0.3564494445507393,-0.35191047578306817,False
0,999,-1.0451142893004683,-0.4205883694966222,1.637914870972377,3.378373644364286,1.6851883985116145,0.0,0.19225562345922098,0.2346427302536957,-0.18718111792573577,-0.9998605847358704,0.6660153865814209,0.9961926937103271,0.9981213212013245,0.9819207191467285,-0.9980206489562988,-1.0451142893004683,-0.4205883694966222,1.637914870972377,3.378373644364286,1.6851883985116145,0.0,0.19225562345922098,0.2346427302536957,-0.18718111792573577,0.0077443765407790265,-0.034642730253695686,0.18718111792573577,0.2,0.2,0.0,0.3564494445507393,-0.3564494445507393,False
0,1000,-1.0451142893004683,-0.4205883694966222,1.637914870972377,3.378373644364286,1.6851883985116145,0.0,0.19225562345922098,0.2346427302536957,-0.18718111792573577,-0.9999496340751648,0.5405301451683044,-0.3208925426006317,0.9982362985610962,0.9999819993972778,-0.9981439113616943,-1.0451142893004683,-0.4205883694966222,1.637914870972377,3.378373644364286,1.6851883985116145,0.0,0.1917279346764503,0.23562038154241347,-0.18588316428320037,0.008272065323549703,-0.03562038154241346,0.18588316428320037,0.2,0.2,0.0,0.35613075674171274,-0.3497570005611817,True
