episode,timestep,s1,s2,s3,s4,s5,g_s,n_s1,n_s2,n_s3,n_s4,n_s5,n_g_s,a1,a2,a3,a4,a5,g_a,jp_x,jp_y,jp_z,bp_x,bp_y,bp_z,reward,done
0,0,4.363577800749281e-15,-1.5700000000294692,1.5700000000772252,1.5700000000408436,1.2785059688977373e-13,0.0,0.16227085568621802,0.2015999999999998,-0.01846012944567897,0.02122144214808941,-0.0998864620923996,-0.2172689437866211,0.08563116192817688,-0.019201179966330528,0.2178216427564621,4.363577800749281e-15,-1.5700000000294692,1.5700000000772252,1.5700000000408436,1.2785059688977373e-13,0.0,0.16227085568604893,0.2015999999999998,-0.01846012944583625,0.037729144313951066,-0.0015999999999997865,0.01846012944583625,0.2,0.2,0.0,0.0,False
0,1,4.363577800749281e-15,-1.5700000000294692,1.5700000000772252,1.5700000000408436,1.2785059688977373e-13,0.0,0.16227085568604893,0.2015999999999998,-0.01846012944583625,0.10232553631067276,-0.06443820148706436,0.3870719075202942,-0.5470089316368103,0.5847230553627014,0.06321395933628082,4.363577800749281e-15,-1.5700000000294692,1.5700000000772252,1.5700000000408436,1.2785059688977373e-13,0.0,0.162270855686033,0.2015999999999998,-0.01846012944585107,0.03772914431396701,-0.0015999999999997865,0.01846012944585107,0.2,0.2,0.0,-0.25945166598837266,False
0,2,4.363577800749281e-15,-1.5700000000294692,1.5700000000772252,1.5700000000408436,1.2785059688977373e-13,0.0,0.162270855686033,0.2015999999999998,-0.01846012944585107,-0.37399446964263916,-0.024106092751026154,0.437503844499588,-0.1994892656803131,-0.4600364863872528,0.17955103516578674,-9.105610607055854e-05,-1.57010496107447,1.5699181847028258,1.5700241552036223,-0.00015634204246861135,0.0,0.16225004834311602,0.20160080840192526,-0.018492657854686775,0.037749951656883995,-0.0016008084019252442,0.018492657854686775,0.2,0.2,0.0,-0.25924022841017935,False
0,3,-9.105610607055854e-05,-1.57010496107447,1.5699181847028258,1.5700241552036223,-0.00015634204246861135,0.0,0.16225004834311602,0.20160080840192526,-0.018492657854686775,0.526889443397522,0.1605840027332306,-0.07974137365818024,0.2918405830860138,-0.43980419635772705,0.27423417568206787,-0.00018870148151951422,-1.570071804016589,1.570195884412273,1.569974131907302,-0.0006010256417734542,0.0,0.16228503146534926,0.20160923950171586,-0.01843189789546379,0.037714968534650756,-0.0016092395017158613,0.01843189789546379,0.2,0.2,0.0,-0.2599478413631557,False
0,4,-0.00018870148151951422,-1.570071804016589,1.570195884412273,1.569974131907302,-0.0006010256417734542,0.0,0.16228503146534926,0.20160923950171586,-0.01843189789546379,0.4959041476249695,0.6055471301078796,0.17541511356830597,0.12654146552085876,0.41436147689819336,0.11448922008275986,0.0005814395297932815,-1.5697029025529827,1.5701471645611573,1.5703563058696088,-0.000982096333993745,0.0,0.16235258946059672,0.20157156860825093,-0.01842172567157195,0.037647410539403306,-0.0015715686082509092,0.01842172567157195,0.2,0.2,0.0,-0.2597234295499911,False
0,5,0.0005814395297932815,-1.5697029025529827,1.5701471645611573,1.5703563058696088,-0.000982096333993745,0.0,0.16235258946059672,0.20157156860825093,-0.01842172567157195,-0.22598271071910858,0.5667592287063599,0.0926460400223732,-0.17942975461483002,0.0656810849905014,0.07085054367780685,0.0007719258483517137,-1.5689588852478085,1.5703225474584006,1.5703293659435662,-0.0006548291098651141,0.0,0.16242960664459805,0.20156231440261174,-0.018356970686645015,0.03757039335540198,-0.0015623144026117182,0.018356970686645015,0.2,0.2,0.0,-0.260242789730381,False
0,6,0.0007719258483517137,-1.5689588852478085,1.5703225474584006,1.5703293659435662,-0.0006548291098651141,0.0,0.16242960664459805,0.20156231440261174,-0.018356970686645015,-0.035383325070142746,0.025288613513112068,0.5643129944801331,-0.20768629014492035,-0.0050667873583734035,0.07806417346000671,0.0005581756353912106,-1.5684647211839498,1.5705698108345512,1.5701092969126385,-0.0006044779614097579,0.0,0.16242960664459805,0.20156231440261174,-0.018356970686645015,0.03757039335540198,-0.0015623144026117182,0.018356970686645015,0.2,0.2,0.0,-0.2595143966620089,False
0,7,0.0005581756353912106,-1.5684647211839498,1.5705698108345512,1.5701092969126385,-0.0006044779614097579,0.0,0.16242960664459805,0.20156231440261174,-0.018356970686645015,-0.0982281044125557,0.39268216490745544,-0.16108153760433197,-0.3168584406375885,-0.20055991411209106,0.19878749549388885,0.00045962672630723834,-1.56814365537899,1.5708211279979378,1.5697199361423715,-0.0007481640319692606,0.0,0.16248570264161427,0.2015732122487661,-0.01826560284086684,0.037514297358385726,-0.0015732122487660844,0.01826560284086684,0.2,0.2,0.0,-0.26029415553778873,False
0,8,0.00045962672630723834,-1.56814365537899,1.5708211279979378,1.5697199361423715,-0.0007481640319692606,0.0,0.16248570264161427,0.2015732122487661,-0.01826560284086684,-0.15184761583805084,0.033394765108823776,-0.06887152045965195,-0.15840382874011993,0.29753920435905457,-0.1294701099395752,0.00032933481691184446,-1.5677929421588042,1.5706535735927138,1.5694000830920591,-0.0008336235008435384,0.0,0.1624705397156253,0.2015794486470683,-0.018239656250484487,0.03752946028437469,-0.0015794486470682952,0.018239656250484487,0.2,0.2,0.0,-0.25941558930432307,False
0,9,0.00032933481691184446,-1.5677929421588042,1.5706535735927138,1.5694000830920591,-0.0008336235008435384,0.0,0.1624705397156253,0.2015794486470683,-0.018239656250484487,0.3519083857536316,0.11327791959047318,-0.116393081843853,-0.4301142990589142,-0.010334395803511143,0.31354495882987976,0.0002617317632692548,-1.5677645154737558,1.5705971648034665,1.5692529855996327,-0.0006274088074285209,0.0,0.16243406920734146,0.2015889740923099,-0.018252786899411233,0.03756593079265855,-0.00158897409230991,0.018252786899411233,0.2,0.2,0.0,-0.25924042078042675,False
0,10,0.0002617317632692548,-1.5677645154737558,1.5705971648034665,1.5692529855996327,-0.0006274088074285209,0.0,0.16243406920734146,0.2015889740923099,-0.018252786899411233,-0.07441296428442001,0.12015786021947861,0.3237621784210205,-0.1019359901547432,-0.20634250342845917,0.03343573585152626,0.0005774750970306905,-1.567664115942566,1.57049467089376,1.5688727232349735,-0.0006416991127389339,0.0,0.16243406920734146,0.2015889740923099,-0.018252786899411233,0.03756593079265855,-0.00158897409230991,0.018252786899411233,0.2,0.2,0.0,-0.25953054838388623,False
0,11,0.0005774750970306905,-1.567664115942566,1.57049467089376,1.5688727232349735,-0.0006416991127389339,0.0,0.16243406920734146,0.2015889740923099,-0.018252786899411233,0.5844202637672424,0.43607819080352783,0.20954331755638123,-0.3266502916812897,-0.004987004678696394,0.05862057954072952,0.0005268784961142708,-1.56759448836483,1.5706896664830274,1.5688194980724075,-0.0007644054784003027,0.0,0.16238147404903552,0.20157222862484325,-0.018259810560877304,0.03761852595096449,-0.0015722286248432526,0.018259810560877304,0.2,0.2,0.0,-0.2585765380555546,False
0,12,0.0005268784961142708,-1.56759448836483,1.5706896664830274,1.5688194980724075,-0.0007644054784003027,0.0,0.16238147404903552,0.20157222862484325,-0.018259810560877304,-0.06707344204187393,0.27249616384506226,-0.17470353841781616,-0.50440514087677,0.09570234268903732,0.1548883616924286,0.000876237851414513,-1.5673360322781889,1.5708105082504265,1.568625932285223,-0.0007648273049838011,0.0,0.16241140283405892,0.20155720590786647,-0.018198520093014117,0.03758859716594111,-0.0015572059078664598,0.018198520093014117,0.2,0.2,0.0,-0.2595429839531071,False
0,13,0.000876237851414513,-1.5673360322781889,1.5708105082504265,1.568625932285223,-0.0007648273049838011,0.0,0.16241140283405892,0.20155720590786647,-0.018198520093014117,-0.2218736857175827,0.08848118782043457,0.22203171253204346,0.11925585567951202,0.259657084941864,0.06197436898946762,0.0008296599137345153,-1.5672496243977652,1.5707792998922603,1.5684906317810627,-0.0007104465336315903,0.0,0.16241140283405892,0.20155720590786647,-0.018198520093014117,0.03758859716594111,-0.0015572059078664598,0.018198520093014117,0.2,0.2,0.0,-0.2594878747793216,False
0,14,0.0008296599137345153,-1.5672496243977652,1.5707792998922603,1.5684906317810627,-0.0007104465336315903,0.0,0.16241140283405892,0.20155720590786647,-0.018198520093014117,-0.7061751484870911,0.23614440858364105,0.11606352776288986,-0.1532633751630783,-0.5040101408958435,-0.05439896881580353,0.0005632753465874132,-1.5671496833114065,1.5709887946535477,1.568584631764498,-0.000531747551597042,0.0,0.16242295228374948,0.2015648443572177,-0.018179293759827575,0.03757704771625053,-0.001564844357217669,0.018179293759827575,0.2,0.2,0.0,-0.259735975025105,False
0,15,0.0005632753465874132,-1.5671496833114065,1.5709887946535477,1.568584631764498,-0.000531747551597042,0.0,0.16242295228374948,0.2015648443572177,-0.018179293759827575,0.3232308626174927,0.37654557824134827,0.41734644770622253,-0.026508929207921028,0.23440934717655182,-0.13531601428985596,4.348753172094896e-05,-1.5668312107465778,1.5712111175400185,1.5684394604685024,-0.0009100318396148948,0.0,0.16245569571126123,0.20160296297725758,-0.018134388811348462,0.03754430428873877,-0.0016029629772575558,0.018134388811348462,0.2,0.2,0.0,-0.2604858798564863,False
0,16,4.348753172094896e-05,-1.5668312107465778,1.5712111175400185,1.5684394604685024,-0.0009100318396148948,0.0,0.16245569571126123,0.20160296297725758,-0.018134388811348462,-0.4713466763496399,0.4605354070663452,-0.20044465363025665,-0.3147062361240387,0.2700730562210083,-0.13125860691070557,0.00013287457344941727,-1.5664402802783213,1.5714339848367769,1.568329537679976,-0.0006622320017209041,0.0,0.16252899423049505,0.20158887232750877,-0.018051498264487792,0.03747100576950495,-0.0015888723275087713,0.018051498264487792,0.2,0.2,0.0,-0.26015911501342137,False
0,17,0.00013287457344941727,-1.5664402802783213,1.5714339848367769,1.568329537679976,-0.0006622320017209041,0.0,0.16252899423049505,0.20158887232750877,-0.018051498264487792,0.3641548156738281,-0.185601145029068,-0.06027395278215408,-0.09331442415714264,0.1398731768131256,0.007584806531667709,-8.336394262819507e-05,-1.5661862754284495,1.5712745448600374,1.5680874563514788,-0.00043922371555453113,0.0,0.16249603573343818,0.2016040641739151,-0.018067228186794904,0.03750396426656184,-0.0016040641739150918,0.018067228186794904,0.2,0.2,0.0,-0.2594132442539636,False
0,18,-8.336394262819507e-05,-1.5661862754284495,1.5712745448600374,1.5680874563514788,-0.00043922371555453113,0.0,0.16249603573343818,0.2016040641739151,-0.018067228186794904,0.47028693556785583,0.05893581733107567,0.0799659863114357,-0.1627057045698166,-0.20085948705673218,-0.19969455897808075,0.0004910386300226274,-1.5663936043066777,1.5712318920075208,1.5679356313665063,-0.0003408738507247475,0.0,0.16245531871259877,0.2015760400245617,-0.018084199479515173,0.03754468128740124,-0.001576040024561674,0.018084199479515173,0.2,0.2,0.0,-0.25860053062902716,False
0,19,0.0004910386300226274,-1.5663936043066777,1.5712318920075208,1.5679356313665063,-0.0003408738507247475,0.0,0.16245531871259877,0.2015760400245617,-0.018084199479515173,0.1503129005432129,0.25697967410087585,-0.28462138772010803,-0.21980440616607666,-0.2605710029602051,0.130445197224617,0.0008494471461810784,-1.566272975804067,1.5712023579267531,1.5677607052020526,-0.0005582168440747373,0.0,0.16245531871259877,0.2015760400245617,-0.018084199479515173,0.03754468128740124,-0.001576040024561674,0.018084199479515173,0.2,0.2,0.0,-0.2595220005333086,False
0,20,0.0008494471461810784,-1.566272975804067,1.5712023579267531,1.5677607052020526,-0.0005582168440747373,0.0,0.16245531871259877,0.2015760400245617,-0.018084199479515173,0.028436964377760887,0.22818520665168762,0.07388369739055634,0.14430375397205353,-0.06558936834335327,-0.09533526003360748,0.0010249927935657682,-1.5659059594859628,1.570890730198295,1.5675502126197318,-0.000878242751250372,0.0,0.1624270597254431,0.2015564745330328,-0.018093075888663254,0.037572940274556904,-0.0015564745330327858,0.018093075888663254,0.2,0.2,0.0,-0.25884438314065605,False
0,21,0.0010249927935657682,-1.5659059594859628,1.570890730198295,1.5675502126197318,-0.000878242751250372,0.0,0.1624270597254431,0.2015564745330328,-0.018093075888663254,0.30293548107147217,-0.3755553066730499,0.005746673792600632,-0.14813831448554993,-0.10880950093269348,0.01945461891591549,0.0010249927935657682,-1.5659059594859628,1.570890730198295,1.5675502126197318,-0.000878242751250372,0.0,0.16241751429293866,0.20154961007152103,-0.018108581276419802,0.03758248570706135,-0.0015496100715210067,0.018108581276419802,0.2,0.2,0.0,-0.25927500371115386,False
0,22,0.0010249927935657682,-1.5659059594859628,1.570890730198295,1.5675502126197318,-0.000878242751250372,0.0,0.16241751429293866,0.20154961007152103,-0.018108581276419802,-0.18016140162944794,0.03763457387685776,-0.13890281319618225,-0.11423881351947784,0.011011792346835136,0.3352782130241394,0.0010249927935657682,-1.5659059594859628,1.570890730198295,1.5675502126197318,-0.000878242751250372,0.0,0.16227146402556714,0.20149871933594402,-0.018159496886381896,0.037728535974432875,-0.001498719335944013,0.018159496886381896,0.2,0.2,0.0,-0.25680465119248597,False
0,23,0.0010249927935657682,-1.5659059594859628,1.570890730198295,1.5675502126197318,-0.000878242751250372,0.0,0.16227146402556714,0.20149871933594402,-0.018159496886381896,-0.35547319054603577,-0.07759850472211838,0.43486666679382324,-0.47454190254211426,0.3389640152454376,0.10099133104085922,0.0026013385692039595,-1.5677275191658546,1.5709560574192225,1.5668567971091167,-0.0014796750009536074,0.0,0.1621808256943202,0.20147235783842374,-0.018194049508162058,0.0378191743056798,-0.0014723578384237379,0.018194049508162058,0.2,0.2,0.0,-0.2577820974566355,False
0,24,0.0026013385692039595,-1.5677275191658546,1.5709560574192225,1.5668567971091167,-0.0014796750009536074,0.0,0.1621808256943202,0.20147235783842374,-0.018194049508162058,0.5356000661849976,-0.24076107144355774,0.1272462010383606,-0.16330669820308685,-0.016811732202768326,0.25080442428588867,0.002534199468852783,-1.567823880882208,1.5712494202818572,1.5665371164697273,-0.0012782562778066494,0.0,0.1621808256943202,0.20147235783842374,-0.018194049508162058,0.0378191743056798,-0.0014723578384237379,0.018194049508162058,0.2,0.2,0.0,-0.2592773700756986,False
0,25,0.002534199468852783,-1.567823880882208,1.5712494202818572,1.5665371164697273,-0.0012782562778066494,0.0,0.1621808256943202,0.20147235783842374,-0.018194049508162058,-0.1548028290271759,-0.1601678729057312,-0.21052269637584686,-0.36874860525131226,0.6169624924659729,0.36804676055908203,0.002851400658303414,-1.5680330707331858,1.5712677123861811,1.5663216606606014,-0.0011084918023355863,0.0,0.16216342282007448,0.2014677114621979,-0.01814896392492241,0.03783657717992553,-0.0014677114621978967,0.01814896392492241,0.2,0.2,0.0,-0.25890659454034676,False
0,26,0.002851400658303414,-1.5680330707331858,1.5712677123861811,1.5663216606606014,-0.0011084918023355863,0.0,0.16216342282007448,0.2014677114621979,-0.01814896392492241,-0.6456899046897888,0.23110729455947876,0.18114250898361206,-0.16695484519004822,0.035369861871004105,0.38062044978141785,0.0025482157209422906,-1.5680688029652148,1.571179111161026,1.5660258772519373,-0.0006833218009326314,0.0,0.16207480170461253,0.20146527930536406,-0.01818733971557038,0.037925198295387486,-0.0014652793053640484,0.01818733971557038,0.2,0.2,0.0,-0.2581126387164856,False
0,27,0.0025482157209422906,-1.5680688029652148,1.571179111161026,1.5660258772519373,-0.0006833218009326314,0.0,0.16207480170461253,0.20146527930536406,-0.01818733971557038,-0.011927680112421513,0.2885302007198334,0.13020147383213043,0.05227481201291084,-0.2055322527885437,0.4237128496170044,0.0017939170358352119,-1.5677099504320982,1.5714333195866128,1.5658532364547775,-0.0007146342418967375,0.0,0.16210838083192836,0.2015121098489558,-0.018125912081130763,0.03789161916807167,-0.0015121098489557815,0.018125912081130763,0.2,0.2,0.0,-0.2603200457033316,False
0,28,0.0017939170358352119,-1.5677099504320982,1.5714333195866128,1.5658532364547775,-0.0007146342418967375,0.0,0.16210838083192836,0.2015121098489558,-0.018125912081130763,-0.1624063402414322,-0.42554914951324463,0.19587664306163788,-0.044460128992795944,0.01075035985559225,0.0053640203550457954,0.0017817023655870776,-1.5675588586045215,1.5715387914669117,1.5658877429689468,-0.000855154192822382,0.0,0.16215017117039263,0.20151252058079772,-0.01809140726535861,0.037849828829607385,-0.0015125205807977114,0.01809140726535861,0.2,0.2,0.0,-0.2597630660821457,False
0,29,0.0017817023655870776,-1.5675588586045215,1.5715387914669117,1.5658877429689468,-0.000855154192822382,0.0,0.16215017117039263,0.20151252058079772,-0.01809140726535861,-0.2172929346561432,0.3786717355251312,-0.27769923210144043,0.10512610524892807,0.14072825014591217,-0.007689218502491713,0.001573844618784717,-1.56782450534851,1.5716258934080776,1.5658791389711983,-0.0008001828305594925,0.0,0.16213900391223662,0.20152270832862298,-0.018090330982369687,0.037860996087763374,-0.0015227083286229691,0.018090330982369687,0.2,0.2,0.0,-0.2593002740416065,False
0,30,0.001573844618784717,-1.56782450534851,1.5716258934080776,1.5658791389711983,-0.0008001828305594925,0.0,0.16213900391223662,0.20152270832862298,-0.018090330982369687,0.057631947100162506,0.410441130399704,0.4640415906906128,-0.3381323516368866,-0.1667555570602417,0.14274214208126068,0.0014453374991589974,-1.5674375646206085,1.5715726316588334,1.5658503265627832,-0.0007543547570019471,0.0,0.16213900391223662,0.20152270832862298,-0.018090330982369687,0.037860996087763374,-0.0015227083286229691,0.018090330982369687,0.2,0.2,0.0,-0.25928308590574745,False
0,31,0.0014453374991589974,-1.5674375646206085,1.5715726316588334,1.5658503265627832,-0.0007543547570019471,0.0,0.16213900391223662,0.20152270832862298,-0.018090330982369687,-0.07860913872718811,-0.22419525682926178,-0.07375788688659668,-0.18746750056743622,0.059373050928115845,-0.2952779233455658,0.0014930158045217171,-1.5670325935277385,1.5720973881316007,1.565397644701591,-0.000933817342627287,0.0,0.16217419563013885,0.20152817092985428,-0.018051507101482345,0.03782580436986116,-0.001528170929854259,0.018051507101482345,0.2,0.2,0.0,-0.25977759097896863,False
0,32,0.0014930158045217171,-1.5670325935277385,1.5720973881316007,1.565397644701591,-0.000933817342627287,0.0,0.16217419563013885,0.20152817092985428,-0.018051507101482345,0.7015342712402344,0.1901748925447464,-0.29789024591445923,-0.07487980276346207,-0.3853035569190979,0.20712368190288544,0.0016480592309444284,-1.5671361311660879,1.5719492274792866,1.565253914951003,-0.001005379776734105,0.0,0.162185943463715,0.201527919740336,-0.017982757413797457,0.037814056536285015,-0.001527919740335984,0.017982757413797457,0.2,0.2,0.0,-0.2593565180344475,False
0,33,0.0016480592309444284,-1.5671361311660879,1.5719492274792866,1.565253914951003,-0.001005379776734105,0.0,0.162185943463715,0.201527919740336,-0.017982757413797457,-0.14605557918548584,0.2932237386703491,0.4034225344657898,0.02175971120595932,0.0307619571685791,0.1654285192489624,0.0020833707055402245,-1.5669161290951792,1.5718678657097012,1.5652114686032714,-0.0012594847140085248,0.0,0.16213571473912236,0.20149520208266408,-0.018030806047357725,0.037864285260877664,-0.0014952020826640706,0.018030806047357725,0.2,0.2,0.0,-0.2581854026290518,False
0,34,0.0020833707055402245,-1.5669161290951792,1.5718678657097012,1.5652114686032714,-0.0012594847140085248,0.0,0.16213571473912236,0.20149520208266408,-0.018030806047357725,0.41795113682746887,0.05843234807252884,-0.20199070870876312,-0.29340413212776184,-0.007484251633286476,0.07475221902132034,0.002100633753968654,-1.5667011041222247,1.5720858244131848,1.5651394048838771,-0.0012362651830820598,0.0,0.1622048964673757,0.20150109458068124,-0.017954356865571966,0.0377951035326243,-0.001501094580681238,0.017954356865571966,0.2,0.2,0.0,-0.260148957300988,False
0,35,0.002100633753968654,-1.5667011041222247,1.5720858244131848,1.5651394048838771,-0.0012362651830820598,0.0,0.1622048964673757,0.20150109458068124,-0.017954356865571966,-0.3130001127719879,0.18164296448230743,0.011880561709403992,-0.18929560482501984,0.15239840745925903,0.15584708750247955,0.002497793477245478,-1.5665838879428882,1.5718461328944975,1.5647399053828792,-0.0012001159218968562,0.0,0.16212566742213913,0.20147408455614318,-0.017996219234610204,0.03787433257786087,-0.0014740845561431756,0.017996219234610204,0.2,0.2,0.0,-0.25787750707989265,False
0,36,0.002497793477245478,-1.5665838879428882,1.5718461328944975,1.5647399053828792,-0.0012001159218968562,0.0,0.16212566742213913,0.20147408455614318,-0.017996219234610204,-0.7571569085121155,0.3157617151737213,-0.09075503796339035,-0.266401082277298,0.32902878522872925,0.00465603219345212,0.0020188112457309297,-1.5663489105855872,1.5718324730340423,1.564518566494321,-0.0009827248092956898,0.0,0.16211624302000782,0.20150081057199293,-0.017984519688760105,0.037883756979992175,-0.0015008105719929192,0.017984519688760105,0.2,0.2,0.0,-0.25952580285000276,False
0,37,0.0020188112457309297,-1.5663489105855872,1.5718324730340423,1.564518566494321,-0.0009827248092956898,0.0,0.16211624302000782,0.20150081057199293,-0.017984519688760105,0.06873302161693573,0.09214358776807785,0.05560551956295967,-0.5259441137313843,0.20663724839687347,-0.2452942430973053,0.0015276145925653798,-1.566108528541967,1.5717870314125462,1.5641821326738552,-0.0006987098875456931,0.0,0.16211624302000782,0.20150081057199293,-0.017984519688760105,0.037883756979992175,-0.0015008105719929192,0.017984519688760105,0.2,0.2,0.0,-0.2592444712246103,False
0,38,0.0015276145925653798,-1.566108528541967,1.5717870314125462,1.5641821326738552,-0.0006987098875456931,0.0,0.16211624302000782,0.20150081057199293,-0.017984519688760105,-0.275443971157074,0.19679716229438782,-0.2805623412132263,-0.4973677396774292,-0.1686713993549347,-0.08564703166484833,0.0015276145925653798,-1.566108528541967,1.5717870314125462,1.5641821326738552,-0.0006987098875456931,0.0,0.16196224265645792,0.20151441311076135,-0.017944827681890763,0.03803775734354209,-0.0015144131107613426,0.017944827681890763,0.2,0.2,0.0,-0.2573870309989669,False
0,39,0.0015276145925653798,-1.566108528541967,1.5717870314125462,1.5641821326738552,-0.0006987098875456931,0.0,0.16196224265645792,0.20151441311076135,-0.017944827681890763,0.6463979482650757,-0.16963481903076172,-0.07806016504764557,0.038989052176475525,-0.263389527797699,-0.2981659173965454,0.0015839680072253382,-1.5660485357773886,1.5718265314590996,1.5638217798024336,-0.0005597588285230152,0.0,0.16196224265645792,0.20151441311076135,-0.017944827681890763,0.03803775734354209,-0.0015144131107613426,0.017944827681890763,0.2,0.2,0.0,-0.25915602169005586,False
0,40,0.0015839680072253382,-1.5660485357773886,1.5718265314590996,1.5638217798024336,-0.0005597588285230152,0.0,0.16196224265645792,0.20151441311076135,-0.017944827681890763,0.36652007699012756,0.3438990116119385,0.4277014136314392,-0.2659398019313812,-0.08960887789726257,-0.35548529028892517,0.00226162612904219,-1.5658275443952026,1.5720087822022948,1.5621117536023768,-6.422670254728504e-05,0.0,0.16188946979189484,0.2014994146912861,-0.017932757596248825,0.03811053020810516,-0.0014994146912860752,0.017932757596248825,0.2,0.2,0.0,-0.25793856885066047,False
0,41,0.00226162612904219,-1.5658275443952026,1.5720087822022948,1.5621117536023768,-6.422670254728504e-05,0.0,0.16188946979189484,0.2014994146912861,-0.017932757596248825,-0.25280943512916565,0.07528211176395416,0.061330582946538925,-0.2400127351284027,0.16050688922405243,0.02886386029422283,0.0024947887719330582,-1.5655053392457787,1.5724010027071664,1.5618355354444244,-0.0001029405737789563,0.0,0.1619345591633508,0.20147305804210516,-0.017854401790159957,0.038065440836649186,-0.0014730580421051498,0.017854401790159957,0.2,0.2,0.0,-0.2591457005556356,False
0,42,0.0024947887719330582,-1.5655053392457787,1.5724010027071664,1.5618355354444244,-0.0001029405737789563,0.0,0.1619345591633508,0.20147305804210516,-0.017854401790159957,-0.764789342880249,0.23311923444271088,-0.3421817421913147,-0.30681556463241577,-0.1328292340040207,0.0014887758297845721,0.0020888027880388463,-1.5653892258741016,1.5723343830582397,1.561583580622659,-3.186558126189741e-05,0.0,0.1619127304209558,0.20148950440863475,-0.017847570541513428,0.03808726957904421,-0.0014895044086347408,0.017847570541513428,0.2,0.2,0.0,-0.25907252499416145,False
0,43,0.0020888027880388463,-1.5653892258741016,1.5723343830582397,1.561583580622659,-3.186558126189741e-05,0.0,0.1619127304209558,0.20148950440863475,-0.017847570541513428,-0.20905353128910065,-0.37404850125312805,0.004102941136807203,-0.43571704626083374,-0.57444828748703,-0.0636226087808609,0.0014503571747519822,-1.565455406197333,1.5721049741074207,1.5611192551251016,-0.00046588526140531143,0.0,0.1618362527079781,0.20152547737908086,-0.017891973659750385,0.038163747292021905,-0.0015254773790808558,0.017891973659750385,0.2,0.2,0.0,-0.2587474277866939,False
0,44,0.0014503571747519822,-1.565455406197333,1.5721049741074207,1.5611192551251016,-0.00046588526140531143,0.0,0.1618362527079781,0.20152547737908086,-0.017891973659750385,-0.06806453317403793,0.22655370831489563,0.14476287364959717,-0.16153867542743683,-0.37782636284828186,-0.04753667488694191,0.0011415954858749549,-1.5659353291810214,1.5721610284893228,1.5604443802131427,-0.0014101652215345042,0.0,0.1616944483516397,0.20154284169668146,-0.017919059684402078,0.0383055516483603,-0.001542841696681445,0.017919059684402078,0.2,0.2,0.0,-0.25754566869503104,False
0,45,0.0011415954858749549,-1.5659353291810214,1.5721610284893228,1.5604443802131427,-0.0014101652215345042,0.0,0.1616944483516397,0.20154284169668146,-0.017919059684402078,0.23201459646224976,0.12556320428848267,0.2357306182384491,-0.20595067739486694,-0.42102453112602234,0.3084132671356201,0.001169100057081569,-1.5657348339009742,1.5723299582021015,1.5602825290798374,-0.0017805047852723229,0.0,0.16171462884840215,0.20154208672565227,-0.017874708856455604,0.038285371151597844,-0.0015420867256522575,0.017874708856455604,0.2,0.2,0.0,-0.2591969672748208,False
0,46,0.001169100057081569,-1.5657348339009742,1.5723299582021015,1.5602825290798374,-0.0017805047852723229,0.0,0.16171462884840215,0.20154208672565227,-0.017874708856455604,-0.3676935136318207,0.48622041940689087,-0.07547798752784729,-0.3726569414138794,0.05021979659795761,0.03395821899175644,0.0011074577522092778,-1.5653629433989278,1.5724426135163785,1.5599229389292248,-0.0020309620794709033,0.0,0.16171462884840215,0.20154208672565227,-0.017874708856455604,0.038285371151597844,-0.0015420867256522575,0.017874708856455604,0.2,0.2,0.0,-0.25901802856559974,False
0,47,0.0011074577522092778,-1.5653629433989278,1.5724426135163785,1.5599229389292248,-0.0020309620794709033,0.0,0.16171462884840215,0.20154208672565227,-0.017874708856455604,-0.36876028776168823,-0.19910798966884613,-0.36244112253189087,-0.3913709223270416,-0.3856915831565857,0.11503955721855164,0.0006772183446791245,-1.5650047781753296,1.5722662175173256,1.559487173367597,-0.0020977414597717126,0.0,0.1617083853647427,0.201552381303197,-0.017833833552200504,0.038291614635257334,-0.0015523813031969888,0.017833833552200504,0.2,0.2,0.0,-0.2590452213379904,False
0,48,0.0006772183446791245,-1.5650047781753296,1.5722662175173256,1.559487173367597,-0.0020977414597717126,0.0,0.1617083853647427,0.201552381303197,-0.017833833552200504,-0.4180615246295929,0.24834749102592468,0.17931689321994781,-0.520050048828125,-0.36742639541625977,-0.06121588125824928,7.448915041292704e-05,-1.5653519055737655,1.5716647628709348,1.558846722680678,-0.002742220076659257,0.0,0.1615954372583207,0.2015787493718074,-0.017897116319523454,0.03840456274167932,-0.0015787493718073878,0.017897116319523454,0.2,0.2,0.0,-0.2580615155090219,False
0,49,7.448915041292704e-05,-1.5653519055737655,1.5716647628709348,1.558846722680678,-0.002742220076659257,0.0,0.1615954372583207,0.2015787493718074,-0.017897116319523454,-0.4855971932411194,0.22033454477787018,-0.10066018998622894,-0.28568634390830994,0.130039781332016,-0.07853924483060837,-0.000359840613639865,-1.5653079681134985,1.5715220078361098,1.5584317644827435,-0.0029887028175420833,0.0,0.1614355781870604,0.20161082701943575,-0.017984336150075955,0.038564421812939606,-0.001610827019435746,0.017984336150075955,0.2,0.2,0.0,-0.25753108565647775,False
0,50,-0.000359840613639865,-1.5653079681134985,1.5715220078361098,1.5584317644827435,-0.0029887028175420833,0.0,0.1614355781870604,0.20161082701943575,-0.017984336150075955,0.4029761552810669,0.07507135719060898,-0.11223693937063217,-0.014014548622071743,-0.39278799295425415,-0.14379464089870453,-0.0005658284034004294,-1.5651353789645466,1.5714211690977529,1.5582379926563181,-0.003013221048269608,0.0,0.16140788341436368,0.20163231390555844,-0.017991113244958168,0.03859211658563633,-0.0016323139055584375,0.017991113244958168,0.2,0.2,0.0,-0.25890368564514127,False
0,51,-0.0005658284034004294,-1.5651353789645466,1.5714211690977529,1.5582379926563181,-0.003013221048269608,0.0,0.16140788341436368,0.20163231390555844,-0.017991113244958168,0.3742644786834717,-0.24086683988571167,-0.038691289722919464,-0.05823560059070587,0.44086557626724243,0.25490665435791016,2.5216345857628707e-05,-1.5651237988567266,1.571280395074034,1.5582093088681899,-0.0033423821705651216,0.0,0.1613908019703722,0.20160229129896148,-0.0180128000764877,0.03860919802962781,-0.0016022912989614774,0.0180128000764877,0.2,0.2,0.0,-0.2582219893760037,False
0,52,2.5216345857628707e-05,-1.5651237988567266,1.571280395074034,1.5582093088681899,-0.0033423821705651216,0.0,0.1613908019703722,0.20160229129896148,-0.0180128000764877,-0.6621687412261963,0.3141031265258789,0.0971723422408104,-0.25556230545043945,0.1956295222043991,-0.009551992639899254,0.0002081455240714145,-1.5652591086879661,1.571265652730069,1.5581439579661478,-0.003012659339034804,0.0,0.1613908019703722,0.20160229129896148,-0.0180128000764877,0.03860919802962781,-0.0016022912989614774,0.0180128000764877,0.2,0.2,0.0,-0.2588724314874543,False
0,53,0.0002081455240714145,-1.5652591086879661,1.571265652730069,1.5581439579661478,-0.003012659339034804,0.0,0.1613908019703722,0.20160229129896148,-0.0180128000764877,0.6712767481803894,0.21230579912662506,-0.12871727347373962,-0.13595490157604218,-0.48190972208976746,-0.10663613677024841,-0.0005117111719717908,-1.564916370918533,1.5713709739240032,1.5578696938019356,-0.0028100391164739462,0.0,0.16136684985768807,0.20159925777912072,-0.018016396158154178,0.03863315014231196,-0.0015992577791207158,0.018016396158154178,0.2,0.2,0.0,-0.2585145021872021,False
0,54,-0.0005117111719717908,-1.564916370918533,1.5713709739240032,1.5578696938019356,-0.0028100391164739462,0.0,0.16136684985768807,0.20159925777912072,-0.018016396158154178,0.5563405156135559,0.12188079208135605,-0.3050414025783539,0.08496861904859543,0.19742195308208466,-0.26796677708625793,0.00011785609491050135,-1.5647491874247277,1.571171701300263,1.5578286743838796,-0.0030181750138061976,0.0,0.16136270546151293,0.20160490051872032,-0.01799838169187945,0.03863729453848708,-0.001604900518720318,0.01799838169187945,0.2,0.2,0.0,-0.2588671047082121,False
0,55,0.00011785609491050135,-1.5647491874247277,1.571171701300263,1.5578286743838796,-0.0030181750138061976,0.0,0.16136270546151293,0.20160490051872032,-0.01799838169187945,-0.8168171048164368,0.23728589713573456,-0.07739535719156265,-0.1620015949010849,-0.16439756751060486,0.04061730206012726,8.167842092802673e-05,-1.5645503214948748,1.5709275391660933,1.5578068784179426,-0.002961975495381374,0.0,0.16134198617896092,0.20158361443949746,-0.018045467768897202,0.03865801382103909,-0.0015836144394974453,0.018045467768897202,0.2,0.2,0.0,-0.2583054213295981,False
0,56,8.167842092802673e-05,-1.5645503214948748,1.5709275391660933,1.5578068784179426,-0.002961975495381374,0.0,0.16134198617896092,0.20158361443949746,-0.018045467768897202,0.5233248472213745,-0.425748348236084,-0.11563622206449509,-0.44868114590644836,0.03247141093015671,-0.2754804193973541,-0.0003021574813496657,-1.5645757644702876,1.5708148493014702,1.557461406117493,-0.003075481898994901,0.0,0.16128241375007935,0.2016150905866437,-0.01806539579309299,0.038717586249920666,-0.0016150905866436866,0.01806539579309299,0.2,0.2,0.0,-0.25859407952504754,False
0,57,-0.0003021574813496657,-1.5645757644702876,1.5708148493014702,1.557461406117493,-0.003075481898994901,0.0,0.16128241375007935,0.2016150905866437,-0.01806539579309299,0.026109760627150536,-0.4305793344974518,-0.2306036800146103,-0.28418073058128357,-0.1801430881023407,-0.07986465096473694,0.00012775766918206015,-1.5650820440730167,1.5706350666178306,1.557004629452565,-0.003119421925343205,0.0,0.16116449393387672,0.20159359342087974,-0.018120440016568318,0.03883550606612329,-0.001593593420879723,0.018120440016568318,0.2,0.2,0.0,-0.2570048173431915,False
0,58,0.00012775766918206015,-1.5650820440730167,1.5706350666178306,1.557004629452565,-0.003119421925343205,0.0,0.16116449393387672,0.20159359342087974,-0.018120440016568318,0.024346893653273582,0.3540973961353302,0.11295121163129807,-0.2577352523803711,-0.11667894572019577,-0.07805733382701874,0.00014503178293781845,-1.5650302700730676,1.5706256472032523,1.5567975588109635,-0.003229369165363841,0.0,0.16116449393387672,0.20159359342087974,-0.018120440016568318,0.03883550606612329,-0.001593593420879723,0.018120440016568318,0.2,0.2,0.0,-0.258732142107817,False
0,59,0.00014503178293781845,-1.5650302700730676,1.5706256472032523,1.5567975588109635,-0.003229369165363841,0.0,0.16116449393387672,0.20159359342087974,-0.018120440016568318,-0.23192133009433746,-0.15726912021636963,0.12380351126194,-0.23608049750328064,0.31988704204559326,-0.004228262230753899,8.061805258994018e-05,-1.5646793314641139,1.570808000132905,1.5564066892046444,-0.0032469111168743434,0.0,0.1611455983041536,0.20159236634944655,-0.0181088583991498,0.03885440169584643,-0.0015923663494465314,0.0181088583991498,0.2,0.2,0.0,-0.2584478710639782,False
0,60,8.061805258994018e-05,-1.5646793314641139,1.570808000132905,1.5564066892046444,-0.0032469111168743434,0.0,0.1611455983041536,0.20159236634944655,-0.0181088583991498,0.23350152373313904,-0.21879048645496368,-0.15907809138298035,-0.048754408955574036,0.0131831094622612,-0.2876136004924774,-0.00021422467266167636,-1.5649281904875085,1.5709577464278963,1.5560871549400772,-0.0028036994938637353,0.0,0.16113521234342643,0.2016005671862723,-0.018068270959783042,0.03886478765657357,-0.0016005671862723027,0.018068270959783042,0.2,0.2,0.0,-0.25865736228799663,False
0,61,-0.00021422467266167636,-1.5649281904875085,1.5709577464278963,1.5560871549400772,-0.0028036994938637353,0.0,0.16113521234342643,0.2016005671862723,-0.018068270959783042,0.38598811626434326,-0.15026453137397766,-0.10393892973661423,-0.32413196563720703,-0.3464805781841278,-0.09702573716640472,-0.00021422467266167636,-1.5649281904875085,1.5709577464278963,1.5560871549400772,-0.0028036994938637353,0.0,0.1605428918350406,0.20144811778743202,-0.01856132409493179,0.03945710816495941,-0.0014481177874320053,0.01856132409493179,0.2,0.2,0.0,-0.249213685509804,False
0,62,-0.00021422467266167636,-1.5649281904875085,1.5709577464278963,1.5560871549400772,-0.0028036994938637353,0.0,0.1605428918350406,0.20144811778743202,-0.01856132409493179,-0.2497556358575821,0.18210166692733765,-0.5149134993553162,-0.15166939795017242,-0.2951793074607849,0.04203477129340172,-0.00021422467266167636,-1.5649281904875085,1.5709577464278963,1.5560871549400772,-0.0028036994938637353,0.0,0.1605428918350406,0.20144811778743202,-0.01856132409493179,0.03945710816495941,-0.0014481177874320053,0.01856132409493179,0.2,0.2,0.0,-0.25826321269397573,False
0,63,-0.00021422467266167636,-1.5649281904875085,1.5709577464278963,1.5560871549400772,-0.0028036994938637353,0.0,0.1605428918350406,0.20144811778743202,-0.01856132409493179,0.3514940142631531,-0.07293257117271423,-0.2954043447971344,-0.2035706490278244,-0.18844254314899445,0.062086377292871475,0.0034811084061738065,-1.5680973418642001,1.568397100509443,1.5553084253214546,-0.002913448547247009,0.0,0.1604773868530936,0.2014288324726109,-0.018616652487756458,0.039522613146906416,-0.0014288324726108854,0.018616652487756458,0.2,0.2,0.0,-0.2571759147729693,False
0,64,0.0034811084061738065,-1.5680973418642001,1.568397100509443,1.5553084253214546,-0.002913448547247009,0.0,0.1604773868530936,0.2014288324726109,-0.018616652487756458,-0.09873455762863159,-0.13036563992500305,-0.36799004673957825,-0.2913075089454651,-0.02372872456908226,0.26678863167762756,0.003659288057478355,-1.568156934013412,1.5680591651315847,1.555044978844258,-0.0030687005694771674,0.0,0.16042420941072108,0.20141743693110759,-0.01865695513424999,0.03957579058927893,-0.0014174369311075806,0.01865695513424999,0.2,0.2,0.0,-0.2573918598363893,False
0,65,0.003659288057478355,-1.568156934013412,1.5680591651315847,1.555044978844258,-0.0030687005694771674,0.0,0.16042420941072108,0.20141743693110759,-0.01865695513424999,0.09352817386388779,0.22000128030776978,0.09211830049753189,-0.17934244871139526,-0.2288602590560913,-0.1987328976392746,0.0036253855863866698,-1.5681484446434635,1.567822728789563,1.554732112021367,-0.0031985273288926337,0.0,0.16029793351327448,0.20141771620161,-0.01875222298789811,0.039702066486725515,-0.001417716201609997,0.01875222298789811,0.2,0.2,0.0,-0.25667458912344626,False
0,66,0.0036253855863866698,-1.5681484446434635,1.567822728789563,1.554732112021367,-0.0031985273288926337,0.0,0.16029793351327448,0.20141771620161,-0.01875222298789811,0.4555601179599762,0.16041605174541473,-0.13174127042293549,-0.05667804554104805,0.14731177687644958,-0.048161618411540985,0.003790797375200974,-1.5679422503083518,1.5678729904827446,1.5545855871285184,-0.0033465562571474974,0.0,0.16030728633508226,0.2014091777518149,-0.018718618303304402,0.03969271366491775,-0.0014091777518148868,0.018718618303304402,0.2,0.2,0.0,-0.2580319189007414,False
0,67,0.003790797375200974,-1.5679422503083518,1.5678729904827446,1.5545855871285184,-0.0033465562571474974,0.0,0.16030728633508226,0.2014091777518149,-0.018718618303304402,-0.6494580507278442,0.6608485579490662,-0.04955698549747467,-0.326575368642807,-0.022709889337420464,0.21823251247406006,0.0041708351619668335,-1.5677223851181368,1.5677369554264102,1.5545008793015251,-0.0031998804821765235,0.0,0.1602966723322552,0.20138748656236574,-0.01873133000581069,0.03970332766774483,-0.0013874865623657246,0.01873133000581069,0.2,0.2,0.0,-0.25762325310772793,False
0,68,0.0041708351619668335,-1.5677223851181368,1.5677369554264102,1.5545008793015251,-0.0031998804821765235,0.0,0.1602966723322552,0.20138748656236574,-0.01873133000581069,-0.8180394768714905,-0.029290558770298958,-0.32830730080604553,-0.47389325499534607,0.1030706837773323,0.32259389758110046,0.0034403558690874808,-1.5674165025826123,1.5675510599447529,1.5541061866134829,-0.0031616705942392096,0.0,0.1602966723322552,0.20138748656236574,-0.01873133000581069,0.03970332766774483,-0.0013874865623657246,0.01873133000581069,0.2,0.2,0.0,-0.25807519374881427,False
0,69,0.0034403558690874808,-1.5674165025826123,1.5675510599447529,1.5541061866134829,-0.0031616705942392096,0.0,0.1602966723322552,0.20138748656236574,-0.01873133000581069,0.08744578063488007,0.2292579859495163,-0.23447935283184052,-0.24672842025756836,-0.5243264436721802,-0.1697337031364441,0.0032020574428857904,-1.5672263936073698,1.5672409630241995,1.5537323470659548,-0.003537731891767417,0.0,0.16016423296312626,0.20143406141387477,-0.01880216522712584,0.03983576703687376,-0.001434061413874764,0.01880216522712584,0.2,0.2,0.0,-0.2572198455775017,False
0,70,0.0032020574428857904,-1.5672263936073698,1.5672409630241995,1.5537323470659548,-0.003537731891767417,0.0,0.16016423296312626,0.20143406141387477,-0.01880216522712584,-0.054940760135650635,-0.12341700494289398,0.4044455885887146,-0.6164433360099792,0.18918778002262115,0.05668668821454048,0.0033389964982029736,-1.5668915804462829,1.5669019596356297,1.5533770464407837,-0.004305213490840826,0.0,0.16016423296312626,0.20143406141387477,-0.01880216522712584,0.03983576703687376,-0.001434061413874764,0.01880216522712584,0.2,0.2,0.0,-0.25803446288351367,False
0,71,0.0033389964982029736,-1.5668915804462829,1.5669019596356297,1.5533770464407837,-0.004305213490840826,0.0,0.16016423296312626,0.20143406141387477,-0.01880216522712584,0.32816416025161743,0.16101905703544617,0.49702808260917664,-0.370757520198822,0.22606946527957916,0.36420243978500366,0.0035436311448117336,-1.5667153577176063,1.5671396755303408,1.5529577338067828,-0.004395179647869473,0.0,0.16009851182960894,0.2014255502457684,-0.018826232718629793,0.03990148817039109,-0.0014255502457683777,0.018826232718629793,0.2,0.2,0.0,-0.2570752124526876,False
0,72,0.0035436311448117336,-1.5667153577176063,1.5671396755303408,1.5529577338067828,-0.004395179647869473,0.0,0.16009851182960894,0.2014255502457684,-0.018826232718629793,0.4949341416358948,0.036993272602558136,-0.004700205288827419,-0.3745444118976593,0.4469118118286133,0.08407189697027206,0.004017932783740372,-1.5665861556552034,1.5674828271024657,1.5525171443142205,-0.004012689550700622,0.0,0.1601280789367024,0.20140203579392052,-0.018718674540845553,0.039871921063297636,-0.001402035793920498,0.018718674540845553,0.2,0.2,0.0,-0.2578242600805522,False
0,73,0.004017932783740372,-1.5665861556552034,1.5674828271024657,1.5525171443142205,-0.004012689550700622,0.0,0.1601280789367024,0.20140203579392052,-0.018718674540845553,0.10339727252721786,-0.14742779731750488,0.03214656561613083,-0.14650607109069824,-0.09733358025550842,-0.14286451041698456,0.004400294067655636,-1.566636440335319,1.5674897740007876,1.5521951881519405,-0.003761616496917545,0.0,0.16007307723162092,0.20137480920717923,-0.01872119529446506,0.039926922768379086,-0.001374809207179231,0.01872119529446506,0.2,0.2,0.0,-0.25682152908877426,False
0,74,0.004400294067655636,-1.566636440335319,1.5674897740007876,1.5521951881519405,-0.003761616496917545,0.0,0.16007307723162092,0.20137480920717923,-0.01872119529446506,0.2344609647989273,0.567295491695404,0.15797509253025055,-0.35100576281547546,-0.02639676071703434,-0.09846257418394089,0.004535677121377588,-1.5667526764391415,1.5675465780392397,1.5519606392972307,-0.0038984753677073374,0.0,0.16007307723162092,0.20137480920717923,-0.01872119529446506,0.039926922768379086,-0.001374809207179231,0.01872119529446506,0.2,0.2,0.0,-0.25792573929501844,False
0,75,0.004535677121377588,-1.5667526764391415,1.5675465780392397,1.5519606392972307,-0.0038984753677073374,0.0,0.16007307723162092,0.20137480920717923,-0.01872119529446506,0.14476758241653442,0.16362114250659943,0.12149341404438019,-0.18850275874137878,-0.1518564522266388,-0.05527496710419655,0.004535677121377588,-1.5667526764391415,1.5675465780392397,1.5519606392972307,-0.0038984753677073374,0.0,0.16009959814809943,0.201336732988193,-0.018575403235395055,0.03990040185190058,-0.0013367329881929894,0.018575403235395055,0.2,0.2,0.0,-0.25742580456576164,False
0,76,0.004535677121377588,-1.5667526764391415,1.5675465780392397,1.5519606392972307,-0.0038984753677073374,0.0,0.16009959814809943,0.201336732988193,-0.018575403235395055,0.07846155762672424,-0.2688713073730469,-0.4702860414981842,0.0017162843141704798,-0.5516690611839294,0.2193618267774582,0.005712132550304717,-1.5640123636284076,1.5681938780914755,1.5502399211140965,-0.004188874070348163,0.0,0.16015039208742404,0.2013095090086179,-0.018449727263895904,0.039849607912575954,-0.0013095090086178913,0.018449727263895904,0.2,0.2,0.0,-0.2579284760070743,False
0,77,0.005712132550304717,-1.5640123636284076,1.5681938780914755,1.5502399211140965,-0.004188874070348163,0.0,0.16015039208742404,0.2013095090086179,-0.018449727263895904,0.5273571014404297,0.1993042528629303,0.4529065489768982,-0.3126973509788513,0.20645315945148468,0.232595294713974,0.005712132550304717,-1.5640123636284076,1.5681938780914755,1.5502399211140965,-0.004188874070348163,0.0,0.15904293952077805,0.2012629103320709,-0.019776944475799113,0.04095706047922196,-0.0012629103320708846,0.019776944475799113,0.2,0.2,0.0,-0.24479748658424721,False
0,78,0.005712132550304717,-1.5640123636284076,1.5681938780914755,1.5502399211140965,-0.004188874070348163,0.0,0.15904293952077805,0.2012629103320709,-0.019776944475799113,0.19037023186683655,-0.10332616418600082,-0.28522905707359314,-0.27208948135375977,0.173786923289299,-0.04225440323352814,0.005712132550304717,-1.5640123636284076,1.5681938780914755,1.5502399211140965,-0.004188874070348163,0.0,0.15904293952077805,0.2012629103320709,-0.019776944475799113,0.04095706047922196,-0.0012629103320708846,0.019776944475799113,0.2,0.2,0.0,-0.2572791153971576,False
0,79,0.005712132550304717,-1.5640123636284076,1.5681938780914755,1.5502399211140965,-0.004188874070348163,0.0,0.15904293952077805,0.2012629103320709,-0.019776944475799113,0.006298708263784647,0.1455307900905609,-0.16379676759243011,-0.14344342052936554,-0.4798380434513092,-0.1976955085992813,0.006330748708610402,-1.5676577734687687,1.5627515036196116,1.5506469024511549,-0.010336483940467076,0.0,0.15904293952077805,0.2012629103320709,-0.019776944475799113,0.04095706047922196,-0.0012629103320708846,0.019776944475799113,0.2,0.2,0.0,-0.2572791153971576,False
0,80,0.006330748708610402,-1.5676577734687687,1.5627515036196116,1.5506469024511549,-0.010336483940467076,0.0,0.15904293952077805,0.2012629103320709,-0.019776944475799113,-0.35576605796813965,0.1750742644071579,0.3516978323459625,-0.48633700609207153,0.16952915489673615,-0.001748175942339003,0.006330748708610402,-1.5676577734687687,1.5627515036196116,1.5506469024511549,-0.010336483940467076,0.0,0.15904293952077805,0.2012629103320709,-0.019776944475799113,0.04095706047922196,-0.0012629103320708846,0.019776944475799113,0.2,0.2,0.0,-0.2572791153971576,False
0,81,0.006330748708610402,-1.5676577734687687,1.5627515036196116,1.5506469024511549,-0.010336483940467076,0.0,0.15904293952077805,0.2012629103320709,-0.019776944475799113,0.006521016824990511,-0.09480053186416626,0.25721806287765503,-0.4959559440612793,0.1633802056312561,0.1378011703491211,0.006330748708610402,-1.5676577734687687,1.5627515036196116,1.5506469024511549,-0.010336483940467076,0.0,0.15904293952077805,0.2012629103320709,-0.019776944475799113,0.04095706047922196,-0.0012629103320708846,0.019776944475799113,0.2,0.2,0.0,-0.2572791153971576,False
0,82,0.006330748708610402,-1.5676577734687687,1.5627515036196116,1.5506469024511549,-0.010336483940467076,0.0,0.15904293952077805,0.2012629103320709,-0.019776944475799113,0.5608988404273987,0.10658612847328186,-0.0031683859415352345,-0.3103666603565216,0.10129863768815994,0.007722236681729555,0.006330748708610402,-1.5676577734687687,1.5627515036196116,1.5506469024511549,-0.010336483940467076,0.0,0.15901272112565001,0.20124739338141961,-0.019790956273441004,0.04098727887434998,-0.0012473933814195935,0.019790956273441004,0.2,0.2,0.0,-0.25665456031912626,False
0,83,0.006330748708610402,-1.5676577734687687,1.5627515036196116,1.5506469024511549,-0.010336483940467076,0.0,0.15901272112565001,0.20124739338141961,-0.019790956273441004,0.592943549156189,-0.09804272651672363,-0.5189101099967957,-0.3500872552394867,-0.1255972981452942,0.08525819331407547,0.006330748708610402,-1.5676577734687687,1.5627515036196116,1.5506469024511549,-0.010336483940467076,0.0,0.15901272112565001,0.20124739338141961,-0.019790956273441004,0.04098727887434998,-0.0012473933814195935,0.019790956273441004,0.2,0.2,0.0,-0.2572493746791561,False
0,84,0.006330748708610402,-1.5676577734687687,1.5627515036196116,1.5506469024511549,-0.010336483940467076,0.0,0.15901272112565001,0.20124739338141961,-0.019790956273441004,0.22436431050300598,-0.07861469686031342,0.28308653831481934,0.12678295373916626,-0.3164331316947937,-0.06365273892879486,0.006330748708610402,-1.5676577734687687,1.5627515036196116,1.5506469024511549,-0.010336483940467076,0.0,0.15901272112565001,0.20124739338141961,-0.019790956273441004,0.04098727887434998,-0.0012473933814195935,0.019790956273441004,0.2,0.2,0.0,-0.2572493746791561,False
0,85,0.006330748708610402,-1.5676577734687687,1.5627515036196116,1.5506469024511549,-0.010336483940467076,0.0,0.15901272112565001,0.20124739338141961,-0.019790956273441004,0.8333051204681396,-0.1366153061389923,-0.5002077221870422,-0.04498245567083359,0.09892668575048447,-0.06163231283426285,0.006330748708610402,-1.5676577734687687,1.5627515036196116,1.5506469024511549,-0.010336483940467076,0.0,0.15901272112565001,0.20124739338141961,-0.019790956273441004,0.04098727887434998,-0.0012473933814195935,0.019790956273441004,0.2,0.2,0.0,-0.2572493746791561,False
0,86,0.006330748708610402,-1.5676577734687687,1.5627515036196116,1.5506469024511549,-0.010336483940467076,0.0,0.15901272112565001,0.20124739338141961,-0.019790956273441004,-0.33869847655296326,0.3118131756782532,-0.3794524073600769,-0.4350683093070984,-0.5223532319068909,0.21025852859020233,0.006330748708610402,-1.5676577734687687,1.5627515036196116,1.5506469024511549,-0.010336483940467076,0.0,0.15901272112565001,0.20124739338141961,-0.019790956273441004,0.04098727887434998,-0.0012473933814195935,0.019790956273441004,0.2,0.2,0.0,-0.2572493746791561,False
0,87,0.006330748708610402,-1.5676577734687687,1.5627515036196116,1.5506469024511549,-0.010336483940467076,0.0,0.15901272112565001,0.20124739338141961,-0.019790956273441004,-0.11132654547691345,0.05898192897439003,-0.16867178678512573,-0.3622822165489197,0.06865240633487701,-0.28891775012016296,0.006475314088500105,-1.5685095699929852,1.5614798193814137,1.5507419804686973,-0.01177299240458775,0.0,0.15901272112565001,0.20124739338141961,-0.019790956273441004,0.04098727887434998,-0.0012473933814195935,0.019790956273441004,0.2,0.2,0.0,-0.2572493746791561,False
0,88,0.006475314088500105,-1.5685095699929852,1.5614798193814137,1.5507419804686973,-0.01177299240458775,0.0,0.15901272112565001,0.20124739338141961,-0.019790956273441004,-0.4127291440963745,-0.07918375730514526,-0.22275830805301666,0.20353882014751434,0.22982344031333923,-0.029548536986112595,0.006475314088500105,-1.5685095699929852,1.5614798193814137,1.5507419804686973,-0.01177299240458775,0.0,0.15901272112565001,0.20124739338141961,-0.019790956273441004,0.04098727887434998,-0.0012473933814195935,0.019790956273441004,0.2,0.2,0.0,-0.2572493746791561,False
0,89,0.006475314088500105,-1.5685095699929852,1.5614798193814137,1.5507419804686973,-0.01177299240458775,0.0,0.15901272112565001,0.20124739338141961,-0.019790956273441004,-0.11755824089050293,0.0926494300365448,-0.030083289369940758,-0.13607412576675415,0.05290674790740013,-0.3534938395023346,0.006748562891131841,-1.5684794955665373,1.5616017770315223,1.5505945562097716,-0.011786589214920838,0.0,0.1589594602920219,0.20123070960126985,-0.019830220288051092,0.04104053970797812,-0.0012307096012698457,0.019830220288051092,0.2,0.2,0.0,-0.25634747543876274,False
0,90,0.006748562891131841,-1.5684794955665373,1.5616017770315223,1.5505945562097716,-0.011786589214920838,0.0,0.1589594602920219,0.20123070960126985,-0.019830220288051092,-0.06121792644262314,-0.08133364468812943,0.07900940626859665,-0.09798438847064972,0.3171451985836029,-0.3010861575603485,0.006806042435858264,-1.56849587503066,1.5615789967798233,1.5505111607732394,-0.011777776989802383,0.0,0.1589594602920219,0.20123070960126985,-0.019830220288051092,0.04104053970797812,-0.0012307096012698457,0.019830220288051092,0.2,0.2,0.0,-0.2572064270962802,False
0,91,0.006806042435858264,-1.56849587503066,1.5615789967798233,1.5505111607732394,-0.011777776989802383,0.0,0.1589594602920219,0.20123070960126985,-0.019830220288051092,0.312448650598526,0.43737873435020447,0.3114181160926819,-0.31861740350723267,-0.01938539370894432,0.0809783935546875,0.007024817905842877,-1.5684987347561106,1.5613497402871734,1.5503619897819332,-0.011843270969929947,0.0,0.1589594602920219,0.20123070960126985,-0.019830220288051092,0.04104053970797812,-0.0012307096012698457,0.019830220288051092,0.2,0.2,0.0,-0.2572064270962802,False
0,92,0.007024817905842877,-1.5684987347561106,1.5613497402871734,1.5503619897819332,-0.011843270969929947,0.0,0.1589594602920219,0.20123070960126985,-0.019830220288051092,0.7574180960655212,0.41138795018196106,-0.3220987915992737,-0.36816778779029846,-0.427984356880188,-0.13526691496372223,0.007024817905842877,-1.5684987347561106,1.5613497402871734,1.5503619897819332,-0.011843270969929947,0.0,0.1589594602920219,0.20123070960126985,-0.019830220288051092,0.04104053970797812,-0.0012307096012698457,0.019830220288051092,0.2,0.2,0.0,-0.2572064270962802,False
0,93,0.007024817905842877,-1.5684987347561106,1.5613497402871734,1.5503619897819332,-0.011843270969929947,0.0,0.1589594602920219,0.20123070960126985,-0.019830220288051092,-0.11929637938737869,0.097767174243927,0.06351802498102188,0.032003793865442276,0.28405633568763733,0.14327378571033478,0.007011602052337452,-1.568489661205293,1.561347643565587,1.5503495140912276,-0.011837548244588403,0.0,0.1589594602920219,0.20123070960126985,-0.019830220288051092,0.04104053970797812,-0.0012307096012698457,0.019830220288051092,0.2,0.2,0.0,-0.2572064270962802,False
0,94,0.007011602052337452,-1.568489661205293,1.561347643565587,1.5503495140912276,-0.011837548244588403,0.0,0.1589594602920219,0.20123070960126985,-0.019830220288051092,-0.15855754911899567,-0.20021411776542664,-0.4133210778236389,-0.2982920706272125,-0.2264622002840042,0.14373046159744263,0.007011602052337452,-1.568489661205293,1.561347643565587,1.5503495140912276,-0.011837548244588403,0.0,0.1589594602920219,0.20123070960126985,-0.019830220288051092,0.04104053970797812,-0.0012307096012698457,0.019830220288051092,0.2,0.2,0.0,-0.2572064270962802,False
0,95,0.007011602052337452,-1.568489661205293,1.561347643565587,1.5503495140912276,-0.011837548244588403,0.0,0.1589594602920219,0.20123070960126985,-0.019830220288051092,0.2638251781463623,-0.16649824380874634,-0.037273433059453964,0.1500980406999588,0.4220883548259735,0.13526837527751923,0.007011602052337452,-1.568489661205293,1.561347643565587,1.5503495140912276,-0.011837548244588403,0.0,0.15894771568303076,0.20123023667251144,-0.019835082510187618,0.04105228431696925,-0.0012302366725114348,0.019835082510187618,0.2,0.2,0.0,-0.25705410652359323,False
0,96,0.007011602052337452,-1.568489661205293,1.561347643565587,1.5503495140912276,-0.011837548244588403,0.0,0.15894771568303076,0.20123023667251144,-0.019835082510187618,0.31254586577415466,0.15846869349479675,0.30910661816596985,-0.5564460158348083,-0.18869982659816742,-0.2758754789829254,0.007011602052337452,-1.568489661205293,1.561347643565587,1.5503495140912276,-0.011837548244588403,0.0,0.1589391408749947,0.20121739550266612,-0.019856957380419635,0.04106085912500532,-0.0012173955026661045,0.019856957380419635,0.2,0.2,0.0,-0.25691235602717316,False
0,97,0.007011602052337452,-1.568489661205293,1.561347643565587,1.5503495140912276,-0.011837548244588403,0.0,0.1589391408749947,0.20121739550266612,-0.019856957380419635,0.5346357226371765,0.33966943621635437,-0.019511237740516663,-0.11635500937700272,-0.42053326964378357,0.6103216409683228,0.007080893573747403,-1.5684566443244357,1.5613237796019994,1.5503036058000428,-0.011848905176176651,0.0,0.1589391408749947,0.20121739550266612,-0.019856957380419635,0.04106085912500532,-0.0012173955026661045,0.019856957380419635,0.2,0.2,0.0,-0.2571855157495569,False
0,98,0.007080893573747403,-1.5684566443244357,1.5613237796019994,1.5503036058000428,-0.011848905176176651,0.0,0.1589391408749947,0.20121739550266612,-0.019856957380419635,0.3969973921775818,0.29455432295799255,0.5621453523635864,-0.27394822239875793,0.06890847533941269,0.009224538691341877,0.007068245115333717,-1.5684472814076234,1.561330441646215,1.5503072165458331,-0.0118201432523869,0.0,0.1589391408749947,0.20121739550266612,-0.019856957380419635,0.04106085912500532,-0.0012173955026661045,0.019856957380419635,0.2,0.2,0.0,-0.2571855157495569,False
0,99,0.007068245115333717,-1.5684472814076234,1.561330441646215,1.5503072165458331,-0.0118201432523869,0.0,0.1589391408749947,0.20121739550266612,-0.019856957380419635,0.35531720519065857,-0.23589378595352173,0.4330075681209564,-0.28857743740081787,-0.3069264888763428,0.2664390802383423,0.00713081950753858,-1.5685175506823255,1.5612790320879342,1.5503234052900465,-0.01171656032177347,0.0,0.1589391408749947,0.20121739550266612,-0.019856957380419635,0.04106085912500532,-0.0012173955026661045,0.019856957380419635,0.2,0.2,0.0,-0.2571855157495569,False
0,100,0.00713081950753858,-1.5685175506823255,1.5612790320879342,1.5503234052900465,-0.01171656032177347,0.0,0.1589391408749947,0.20121739550266612,-0.019856957380419635,-0.059083182364702225,-0.03968309238553047,-0.18147730827331543,-0.3123851418495178,-0.19831717014312744,-0.16121912002563477,0.007209052055866474,-1.568567089196806,1.5612684407174369,1.5503685121592257,-0.011591189122369753,0.0,0.1589391408749947,0.20121739550266612,-0.019856957380419635,0.04106085912500532,-0.0012173955026661045,0.019856957380419635,0.2,0.2,0.0,-0.2571855157495569,False
0,101,0.007209052055866474,-1.568567089196806,1.5612684407174369,1.5503685121592257,-0.011591189122369753,0.0,0.1589391408749947,0.20121739550266612,-0.019856957380419635,-0.6404004096984863,-0.15558618307113647,0.04277723282575607,-0.3832748830318451,-0.25614216923713684,-0.014171783812344074,0.007209052055866474,-1.568567089196806,1.5612684407174369,1.5503685121592257,-0.011591189122369753,0.0,0.1587302665439645,0.2012036555849943,-0.019967400058983814,0.04126973345603553,-0.001203655584994295,0.019967400058983814,0.2,0.2,0.0,-0.2544296767951404,False
0,102,0.007209052055866474,-1.568567089196806,1.5612684407174369,1.5503685121592257,-0.011591189122369753,0.0,0.1587302665439645,0.2012036555849943,-0.019967400058983814,-0.16775213181972504,0.09775033593177795,0.44166871905326843,-0.16837191581726074,0.039007075130939484,-0.16540725529193878,0.007209052055866474,-1.568567089196806,1.5612684407174369,1.5503685121592257,-0.011591189122369753,0.0,0.1587302665439645,0.2012036555849943,-0.019967400058983814,0.04126973345603553,-0.001203655584994295,0.019967400058983814,0.2,0.2,0.0,-0.2570542853231561,False
0,103,0.007209052055866474,-1.568567089196806,1.5612684407174369,1.5503685121592257,-0.011591189122369753,0.0,0.1587302665439645,0.2012036555849943,-0.019967400058983814,0.2277301549911499,-0.18330621719360352,-0.021311042830348015,-0.22927325963974,-0.11727563291788101,-0.18875129520893097,0.007209052055866474,-1.568567089196806,1.5612684407174369,1.5503685121592257,-0.011591189122369753,0.0,0.1586792931513172,0.20121270628830354,-0.01998483889647569,0.0413207068486828,-0.0012127062883035247,0.01998483889647569,0.2,0.2,0.0,-0.25657060710196433,False
0,104,0.007209052055866474,-1.568567089196806,1.5612684407174369,1.5503685121592257,-0.011591189122369753,0.0,0.1586792931513172,0.20121270628830354,-0.01998483889647569,-0.7022345066070557,0.29189926385879517,-0.2308146208524704,0.2432919293642044,0.43034055829048157,-0.2629813253879547,0.010992080579223793,-1.571832945653415,1.5604932139515135,1.5458389756107158,-0.013607584740501673,0.0,0.1579285089704458,0.20098299633893651,-0.020205404521023235,0.04207149102955422,-0.0009829963389364961,0.020205404521023235,0.2,0.2,0.0,-0.2438927615583127,False
0,105,0.010992080579223793,-1.571832945653415,1.5604932139515135,1.5458389756107158,-0.013607584740501673,0.0,0.1579285089704458,0.20098299633893651,-0.020205404521023235,-0.5209835171699524,-0.23378965258598328,-0.11196250468492508,-0.15508706867694855,0.014480640180408955,-0.13968980312347412,0.010222655072778513,-1.5717743435447615,1.560087658056786,1.5457884166660973,-0.013139596383789228,0.0,0.15799153949196323,0.2010554836438379,-0.020234493409957505,0.04200846050803678,-0.0010554836438378973,0.020234493409957505,0.2,0.2,0.0,-0.2584622408596714,False
0,106,0.010222655072778513,-1.5717743435447615,1.560087658056786,1.5457884166660973,-0.013139596383789228,0.0,0.15799153949196323,0.2010554836438379,-0.020234493409957505,-0.01209304016083479,0.15779566764831543,0.13055884838104248,0.05213544890284538,0.4989820122718811,0.0946166142821312,0.009677785350387812,-1.571981486691401,1.560015717969387,1.5456368340159554,-0.012986722601635317,0.0,0.15794955911620917,0.2010840936714577,-0.020258171251394896,0.042050440883790854,-0.0010840936714576793,0.020258171251394896,0.2,0.2,0.0,-0.2564708248908708,False
0,107,0.009677785350387812,-1.571981486691401,1.560015717969387,1.5456368340159554,-0.012986722601635317,0.0,0.15794955911620917,0.2010840936714577,-0.020258171251394896,-0.416998952627182,-0.16604870557785034,0.4106192886829376,-0.11440306156873703,-0.0104595348238945,-0.23675359785556793,0.009264851472373286,-1.5720835783597158,1.5604729707199714,1.5455448499345004,-0.012806817338092915,0.0,0.1579855667964334,0.2011064362741698,-0.020187892009154412,0.0420144332035666,-0.0011064362741697868,0.020187892009154412,0.2,0.2,0.0,-0.2572191087299609,False
0,108,0.009264851472373286,-1.5720835783597158,1.5604729707199714,1.5455448499345004,-0.012806817338092915,0.0,0.1579855667964334,0.2011064362741698,-0.020187892009154412,0.43011724948883057,0.16491256654262543,-0.25940531492233276,-0.2448294460773468,0.2950243055820465,0.11070062220096588,0.009279893778369321,-1.572081347930746,1.560539078121904,1.5453688020144152,-0.012667302387601153,0.0,0.1579855667964334,0.2011064362741698,-0.020187892009154412,0.0420144332035666,-0.0011064362741697868,0.020187892009154412,0.2,0.2,0.0,-0.2565361358769176,False
0,109,0.009279893778369321,-1.572081347930746,1.560539078121904,1.5453688020144152,-0.012667302387601153,0.0,0.1579855667964334,0.2011064362741698,-0.020187892009154412,-0.27261340618133545,0.023249845951795578,-0.5048185586929321,-0.39358004927635193,0.21072809398174286,-0.10803189873695374,0.009481107667537157,-1.571940499418005,1.5600829736084139,1.544984270800364,-0.012333755693662614,0.0,0.15795368021021072,0.20109618481445693,-0.020191843536835757,0.042046319789789274,-0.0010961848144569282,0.020191843536835757,0.2,0.2,0.0,-0.2559615383164908,False
0,110,0.009481107667537157,-1.571940499418005,1.5600829736084139,1.544984270800364,-0.012333755693662614,0.0,0.15795368021021072,0.20109618481445693,-0.020191843536835757,0.09958458691835403,0.22789886593818665,0.14379988610744476,0.0195697583258152,-0.3388822376728058,0.10680233687162399,0.009410809124969393,-1.5718422362541316,1.5599483565605483,1.5448428285332318,-0.012389517724106654,0.0,0.15784625048230524,0.20109897710300226,-0.020276934699078514,0.042153749517694766,-0.0010989771030022436,0.020276934699078514,0.2,0.2,0.0,-0.25530682120490183,False
0,111,0.009410809124969393,-1.5718422362541316,1.5599483565605483,1.5448428285332318,-0.012389517724106654,0.0,0.15784625048230524,0.20109897710300226,-0.020276934699078514,0.47535866498947144,0.05044452100992203,-0.24005983769893646,-0.19107685983181,0.1927385777235031,0.16011710464954376,0.009716590858051648,-1.5716633469247832,1.5599296663002284,1.5447637996284447,-0.01252394685294657,0.0,0.1578738948747959,0.2010888276359239,-0.020247843922198708,0.04212610512520412,-0.0010888276359238887,0.020247843922198708,0.2,0.2,0.0,-0.25659348726191455,False
0,112,0.009716590858051648,-1.5716633469247832,1.5599296663002284,1.5447637996284447,-0.01252394685294657,0.0,0.1578738948747959,0.2010888276359239,-0.020247843922198708,0.3509388267993927,0.09182734787464142,-0.15583020448684692,-0.43683162331581116,-0.342598021030426,0.05473346263170242,0.010255590750474683,-1.5715818881030845,1.5596655135079265,1.5443993336241462,-0.012541406449550995,0.0,0.15780885062445835,0.20105729191799826,-0.02029417357861213,0.042191149375541664,-0.0010572919179982485,0.02029417357861213,0.2,0.2,0.0,-0.2551751344183815,False
0,113,0.010255590750474683,-1.5715818881030845,1.5596655135079265,1.5443993336241462,-0.012541406449550995,0.0,0.15780885062445835,0.20105729191799826,-0.02029417357861213,0.16874876618385315,0.18014992773532867,-0.4242613911628723,-0.10985513031482697,0.0904412642121315,-0.012170509435236454,0.010652466337494837,-1.5713691258889768,1.5592127040114125,1.5439816450356934,-0.012733727439149937,0.0,0.15771564492197448,0.20103221763183987,-0.020348828093952803,0.042284355078025526,-0.0010322176318398593,0.020348828093952803,0.2,0.2,0.0,-0.25487071593252403,False
0,114,0.010652466337494837,-1.5713691258889768,1.5592127040114125,1.5439816450356934,-0.012733727439149937,0.0,0.15771564492197448,0.20103221763183987,-0.020348828093952803,-0.18712906539440155,0.0972972959280014,-0.2899656891822815,-0.6340287923812866,-0.03791626915335655,0.05895049497485161,0.010716099130608154,-1.5712258005051765,1.5588384449616595,1.5435545141762452,-0.012710582291642339,0.0,0.1576166405351616,0.2010252002216116,-0.020423617764379315,0.042383359464838385,-0.0010252002216115828,0.020423617764379315,0.2,0.2,0.0,-0.2550548362268958,False
0,115,0.010716099130608154,-1.5712258005051765,1.5588384449616595,1.5435545141762452,-0.012710582291642339,0.0,0.1576166405351616,0.2010252002216116,-0.020423617764379315,0.3164261281490326,0.17502117156982422,-0.08954666554927826,-0.5563066005706787,0.409328430891037,-0.11064530909061432,0.010870217966306288,-1.5710061399006499,1.5585686155156355,1.542634974393863,-0.012371270843913583,0.0,0.1574911447634476,0.20101557859776628,-0.0204612907891885,0.0425088552365524,-0.0010155785977662703,0.0204612907891885,0.2,0.2,0.0,-0.25454810496862085,False
0,116,0.010870217966306288,-1.5710061399006499,1.5585686155156355,1.542634974393863,-0.012371270843913583,0.0,0.1574911447634476,0.20101557859776628,-0.0204612907891885,0.45846855640411377,0.3623088598251343,-0.20980070531368256,-0.17119914293289185,-0.08967044949531555,0.08890468627214432,0.011584011594635554,-1.5705168483103829,1.5582995186117548,1.5419595760285936,-0.012060331790422688,0.0,0.1574153232093985,0.2009763415736995,-0.02048321439033096,0.0425846767906015,-0.0009763415736994869,0.02048321439033096,0.2,0.2,0.0,-0.25459379205959815,False
0,117,0.011584011594635554,-1.5705168483103829,1.5582995186117548,1.5419595760285936,-0.012060331790422688,0.0,0.1574153232093985,0.2009763415736995,-0.02048321439033096,0.8168596625328064,-0.104903943836689,0.12106653302907944,-0.4034569561481476,0.06711667776107788,-0.07773155719041824,0.012459159827565954,-1.5698223075739386,1.5578967728471775,1.5416488929551944,-0.012249252700694093,0.0,0.1574153232093985,0.2009763415736995,-0.02048321439033096,0.0425846767906015,-0.0009763415736994869,0.02048321439033096,0.2,0.2,0.0,-0.2561066885601155,False
0,118,0.012459159827565954,-1.5698223075739386,1.5578967728471775,1.5416488929551944,-0.012249252700694093,0.0,0.1574153232093985,0.2009763415736995,-0.02048321439033096,-0.12913307547569275,0.13117016851902008,0.0368194580078125,-0.42984768748283386,0.14183112978935242,0.18172253668308258,0.012628234222427537,-1.5697955638221377,1.5579553031734397,1.5413247702194652,-0.01215797335185837,0.0,0.15737847141418249,0.20092456310956647,-0.020513104865152537,0.04262152858581751,-0.0009245631095664594,0.020513104865152537,0.2,0.2,0.0,-0.25482799184936894,False
0,119,0.012628234222427537,-1.5697955638221377,1.5579553031734397,1.5413247702194652,-0.01215797335185837,0.0,0.15737847141418249,0.20092456310956647,-0.020513104865152537,0.550685703754425,-0.061650365591049194,-0.10510555654764175,-0.3238316476345062,0.051559776067733765,-0.07791092991828918,0.012636512410289976,-1.5696605981448566,1.5579654581360187,1.5407319468868916,-0.011978438805016705,0.0,0.15732720604849712,0.2009240339103711,-0.020497496504327736,0.04267279395150289,-0.00092403391037111,0.020497496504327736,0.2,0.2,0.0,-0.2553491753391598,False
0,120,0.012636512410289976,-1.5696605981448566,1.5579654581360187,1.5407319468868916,-0.011978438805016705,0.0,0.15732720604849712,0.2009240339103711,-0.020497496504327736,0.23513275384902954,0.20946455001831055,0.36975476145744324,0.06088263541460037,-0.21953395009040833,-0.1651308387517929,0.013135915991885334,-1.569602499671658,1.5580714099621316,1.5406356157548784,-0.012047138323196295,0.0,0.1572774296775467,0.20089432683738206,-0.020500642107011746,0.04272257032245329,-0.0008943268373820409,0.020500642107011746,0.2,0.2,0.0,-0.2548859558605674,False
0,121,0.013135915991885334,-1.569602499671658,1.5580714099621316,1.5406356157548784,-0.012047138323196295,0.0,0.1572774296775467,0.20089432683738206,-0.020500642107011746,0.11098696291446686,0.44675135612487793,-0.14761988818645477,-0.04678892716765404,-0.3871493339538574,-0.05817120522260666,0.013497183524173569,-1.5690961276100879,1.5584989292697382,1.540698136875772,-0.012468966024118424,0.0,0.157390342497327,0.20087571760968428,-0.020377576057853647,0.04260965750267301,-0.0008757176096842699,0.020377576057853647,0.2,0.2,0.0,-0.25690333254963343,False
0,122,0.013497183524173569,-1.5690961276100879,1.5584989292697382,1.540698136875772,-0.012468966024118424,0.0,0.157390342497327,0.20087571760968428,-0.020377576057853647,-0.4930248558521271,0.18883031606674194,0.07918842136859894,-0.3787821829319,-0.1494482457637787,-0.1875726282596588,0.013321248309258698,-1.5687050060288448,1.5584295641482462,1.5404763241788697,-0.012801262094226223,0.0,0.15739528087803611,0.20087461521352257,-0.020377780357773823,0.04260471912196391,-0.0008746152135225673,0.020377780357773823,0.2,0.2,0.0,-0.2560498795402323,False
0,123,0.013321248309258698,-1.5687050060288448,1.5584295641482462,1.5404763241788697,-0.012801262094226223,0.0,0.15739528087803611,0.20087461521352257,-0.020377780357773823,-0.03872713819146156,-0.051946062594652176,-0.3950710892677307,-0.035909537225961685,-0.5086497664451599,0.07987909018993378,0.012732032247405725,-1.568515440568966,1.5583667185719574,1.5402043366073648,-0.01314969208037785,0.0,0.15737428243771376,0.20091379718451274,-0.020359118253045608,0.04262571756228625,-0.0009137971845127463,0.020359118253045608,0.2,0.2,0.0,-0.2563495344117549,False
0,124,0.012732032247405725,-1.568515440568966,1.5583667185719574,1.5402043366073648,-0.01314969208037785,0.0,0.15737428243771376,0.20091379718451274,-0.020359118253045608,0.05312424153089523,-0.33741167187690735,-0.2287459820508957,-0.32217851281166077,0.09200228750705719,-0.10456209629774094,0.012748409076650551,-1.5687046974309407,1.5581005803044985,1.5400330184073416,-0.013298175579884532,0.0,0.1568719351294624,0.20089326738817126,-0.020696170093007546,0.04312806487053762,-0.0008932673881712513,0.020696170093007546,0.2,0.2,0.0,-0.24977387030099613,False
0,125,0.012748409076650551,-1.5687046974309407,1.5581005803044985,1.5400330184073416,-0.013298175579884532,0.0,0.1568719351294624,0.20089326738817126,-0.020696170093007546,-0.26977458596229553,-0.5240090489387512,-0.29933062195777893,-0.16307272017002106,-0.2606562376022339,0.15201926231384277,0.013108032516238096,-1.5711999127087395,1.5564349811802782,1.5376827907519688,-0.012628508858160381,0.0,0.15667135688910372,0.20088426711009189,-0.020823644909591196,0.043328643110896306,-0.0008842671100918634,0.020823644909591196,0.2,0.2,0.0,-0.25321093858083077,False
0,126,0.013108032516238096,-1.5711999127087395,1.5564349811802782,1.5376827907519688,-0.012628508858160381,0.0,0.15667135688910372,0.20088426711009189,-0.020823644909591196,0.08407700806856155,0.08037446439266205,-0.3774711489677429,-0.5327305793762207,0.3122539222240448,0.10144167393445969,0.012925067802974676,-1.5715166090082116,1.5562152707535473,1.5375516127377957,-0.01278692743537396,0.0,0.15656838054683447,0.20089371571883188,-0.020904378912780533,0.04343161945316554,-0.0008937157188318782,0.020904378912780533,0.2,0.2,0.0,-0.2545743986863221,False
0,127,0.012925067802974676,-1.5715166090082116,1.5562152707535473,1.5375516127377957,-0.01278692743537396,0.0,0.15656838054683447,0.20089371571883188,-0.020904378912780533,-0.6140920519828796,0.49754568934440613,-0.013293330557644367,-0.08612799644470215,0.018460724502801895,0.028814267367124557,0.012723789089544713,-1.5712742863060336,1.556028111076943,1.537258094216406,-0.012624375183226183,0.0,0.15652001957866915,0.20090359170617772,-0.020930200139607863,0.04347998042133086,-0.0009035917061777058,0.020930200139607863,0.2,0.2,0.0,-0.2551414292066074,False
0,128,0.012723789089544713,-1.5712742863060336,1.556028111076943,1.537258094216406,-0.012624375183226183,0.0,0.15652001957866915,0.20090359170617772,-0.020930200139607863,0.7225432991981506,0.0553126186132431,0.29940518736839294,0.1251905858516693,-0.07614532113075256,0.12363135814666748,0.011962709866542943,-1.5706598490407688,1.5560167148205146,1.5371587207489483,-0.012605842540465888,0.0,0.15652001957866915,0.20090359170617772,-0.020930200139607863,0.04347998042133086,-0.0009035917061777058,0.020930200139607863,0.2,0.2,0.0,-0.25553638286403285,False
0,129,0.011962709866542943,-1.5706598490407688,1.5560167148205146,1.5371587207489483,-0.012605842540465888,0.0,0.15652001957866915,0.20090359170617772,-0.020930200139607863,-0.5276811122894287,0.17358893156051636,0.28046029806137085,-0.344725638628006,0.20664425194263458,-0.06523261964321136,0.01172202757376206,-1.570554019133219,1.5562129800359983,1.536965894558848,-0.012490160313713887,0.0,0.15656022317405793,0.20094448538720752,-0.020888440020839838,0.04343977682594208,-0.0009444853872075164,0.020888440020839838,0.2,0.2,0.0,-0.2566569410992664,False
0,130,0.01172202757376206,-1.570554019133219,1.5562129800359983,1.536965894558848,-0.012490160313713887,0.0,0.15656022317405793,0.20094448538720752,-0.020888440020839838,0.31314313411712646,0.024465274065732956,0.3689841628074646,-0.45817041397094727,0.05175154656171799,0.24850863218307495,0.011182557910599454,-1.5703265979126328,1.5567461718144748,1.5363068029490081,-0.012206076066518854,0.0,0.15657014807270903,0.2009957683577342,-0.02079231930875411,0.04342985192729097,-0.0009957683577341886,0.02079231930875411,0.2,0.2,0.0,-0.25639956543134373,False
0,131,0.011182557910599454,-1.5703265979126328,1.5567461718144748,1.5363068029490081,-0.012206076066518854,0.0,0.15657014807270903,0.2009957683577342,-0.02079231930875411,0.498992383480072,0.06530424952507019,-0.3506689965724945,-0.2641846835613251,0.0002946779131889343,0.33585676550865173,0.011685550194504008,-1.5702788170421835,1.5568508520495632,1.5358283585971828,-0.012170598562489619,0.0,0.15654341678661488,0.20096870639778036,-0.020728696660833906,0.043456583213385136,-0.0009687063977803639,0.020728696660833906,0.2,0.2,0.0,-0.2547291113482013,False
0,132,0.011685550194504008,-1.5702788170421835,1.5568508520495632,1.5358283585971828,-0.012170598562489619,0.0,0.15654341678661488,0.20096870639778036,-0.020728696660833906,0.7123193740844727,0.1074109598994255,-0.09398966282606125,-0.24988773465156555,0.03996529430150986,-0.15815813839435577,0.012459728444827897,-1.570164718289605,1.556665589123009,1.5355334797379103,-0.01213517411445715,0.0,0.15648669204320811,0.20093296458022436,-0.0207682572197245,0.0435133079567919,-0.0009329645802243376,0.0207682572197245,0.2,0.2,0.0,-0.2543331732912874,False
0,133,0.012459728444827897,-1.570164718289605,1.556665589123009,1.5355334797379103,-0.01213517411445715,0.0,0.15648669204320811,0.20093296458022436,-0.0207682572197245,0.5871725082397461,0.13546612858772278,0.0561319999396801,-0.22370804846286774,0.11743103712797165,-0.0729556456208229,0.01314775868302761,-1.5700329758478537,1.5566552429261378,1.5352817757927872,-0.01204613861944831,0.0,0.1564517073277984,0.20087950595883783,-0.02076858269555265,0.04354829267220163,-0.0008795059588378292,0.02076858269555265,0.2,0.2,0.0,-0.2541937039656607,False
0,134,0.01314775868302761,-1.5700329758478537,1.5566552429261378,1.5352817757927872,-0.01204613861944831,0.0,0.1564517073277984,0.20087950595883783,-0.02076858269555265,-0.031717460602521896,0.008126512169837952,0.29787129163742065,-0.13607744872570038,0.22054411470890045,0.2890668511390686,0.01357889852913117,-1.5699252876287568,1.556847800749871,1.5350435260214408,-0.011845971188305543,0.0,0.1564517073277984,0.20087950595883783,-0.02076858269555265,0.04354829267220163,-0.0008795059588378292,0.02076858269555265,0.2,0.2,0.0,-0.25546241732832614,False
0,135,0.01357889852913117,-1.5699252876287568,1.556847800749871,1.5350435260214408,-0.011845971188305543,0.0,0.1564517073277984,0.20087950595883783,-0.02076858269555265,-0.405219703912735,0.4727121889591217,-0.45940569043159485,-0.054046664386987686,-0.21953734755516052,0.024538058787584305,0.01357889852913117,-1.5699252876287568,1.556847800749871,1.5350435260214408,-0.011845971188305543,0.0,0.15650825055411854,0.20086275029246048,-0.020598006478080633,0.04349174944588148,-0.00086275029246046,0.020598006478080633,0.2,0.2,0.0,-0.2556230474640939,False
0,136,0.01357889852913117,-1.5699252876287568,1.556847800749871,1.5350435260214408,-0.011845971188305543,0.0,0.15650825055411854,0.20086275029246048,-0.020598006478080633,-0.2681308090686798,-0.1289646327495575,-0.4795461893081665,-0.19194450974464417,-0.47575005888938904,0.0747695341706276,0.01357889852913117,-1.5699252876287568,1.556847800749871,1.5350435260214408,-0.011845971188305543,0.0,0.15650825055411854,0.20086275029246048,-0.020598006478080633,0.04349174944588148,-0.00086275029246046,0.020598006478080633,0.2,0.2,0.0,-0.2554700663824103,False
0,137,0.01357889852913117,-1.5699252876287568,1.556847800749871,1.5350435260214408,-0.011845971188305543,0.0,0.15650825055411854,0.20086275029246048,-0.020598006478080633,0.40641334652900696,0.21508833765983582,0.5762235522270203,-0.5392748117446899,-0.07866503298282623,0.052150171250104904,0.013367975970402471,-1.5698427581282597,1.5581547794423392,1.534366077638308,-0.010934208538694076,0.0,0.15654254671007786,0.2008695144464134,-0.02051267907712684,0.04345745328992215,-0.0008695144464134003,0.02051267907712684,0.2,0.2,0.0,-0.2558788363688755,False
0,138,0.013367975970402471,-1.5698427581282597,1.5581547794423392,1.534366077638308,-0.010934208538694076,0.0,0.15654254671007786,0.2008695144464134,-0.02051267907712684,-0.2340255081653595,0.15469932556152344,-0.41926541924476624,-0.38631024956703186,-0.17096637189388275,-0.012298274785280228,0.013468431530906122,-1.5696258424044898,1.5582264318640302,1.5338290415024838,-0.01109229735975162,0.0,0.15653740607482558,0.20085656297823828,-0.02045828835047346,0.04346259392517442,-0.0008565629782382715,0.02045828835047346,0.2,0.2,0.0,-0.2551179632682229,False
0,139,0.013468431530906122,-1.5696258424044898,1.5582264318640302,1.5338290415024838,-0.01109229735975162,0.0,0.15653740607482558,0.20085656297823828,-0.02045828835047346,-0.10374830663204193,0.07911527156829834,0.44934436678886414,-0.17832550406455994,-0.14341849088668823,0.10125444829463959,0.013335676749350612,-1.569536371543026,1.5582417259019148,1.5336132152473656,-0.01121411335639935,0.0,0.15647017846205571,0.20086839840654627,-0.02050064877794075,0.0435298215379443,-0.0008683984065462685,0.02050064877794075,0.2,0.2,0.0,-0.2548736648745313,False
0,140,0.013335676749350612,-1.569536371543026,1.5582417259019148,1.5336132152473656,-0.01121411335639935,0.0,0.15647017846205571,0.20086839840654627,-0.02050064877794075,0.5638418793678284,0.3506503701210022,-0.17192627489566803,-0.24390825629234314,0.10985930263996124,-0.16184423863887787,0.013478397353392325,-1.5692561129303257,1.5587705161161605,1.5332540636502374,-0.011352079118728806,0.0,0.15652601130200147,0.20087165466658896,-0.020378732798840893,0.04347398869799854,-0.0008716546665889485,0.020378732798840893,0.2,0.2,0.0,-0.25601056374420733,False
0,141,0.013478397353392325,-1.5692561129303257,1.5587705161161605,1.5332540636502374,-0.011352079118728806,0.0,0.15652601130200147,0.20087165466658896,-0.020378732798840893,-0.09797943383455276,0.5046373009681702,-0.05915781110525131,0.14858955144882202,0.12702637910842896,-0.08083228021860123,0.013868580167789161,-1.5687350691852218,1.558597453251363,1.5331432350842122,-0.011200465106358694,0.0,0.1565249166733021,0.20084104564558183,-0.020383995055575824,0.043475083326697916,-0.0008410456455818314,0.020383995055575824,0.2,0.2,0.0,-0.25495969624907105,False
0,142,0.013868580167789161,-1.5687350691852218,1.558597453251363,1.5331432350842122,-0.011200465106358694,0.0,0.1565249166733021,0.20084104564558183,-0.020383995055575824,0.4087105095386505,0.30267533659935,-0.34782692790031433,-0.10692980885505676,-0.2531665563583374,0.07625832408666611,0.013690091261355737,-1.5679079497574933,1.5585045702391742,1.53339640397653,-0.010993009278971604,0.0,0.1565249166733021,0.20084104564558183,-0.020383995055575824,0.043475083326697916,-0.0008410456455818314,0.020383995055575824,0.2,0.2,0.0,-0.255446045986272,False
0,143,0.013690091261355737,-1.5679079497574933,1.5585045702391742,1.53339640397653,-0.010993009278971604,0.0,0.1565249166733021,0.20084104564558183,-0.020383995055575824,-0.25770366191864014,0.11343254894018173,-0.3087156414985657,-0.3891662061214447,0.21798452734947205,-0.00181910942774266,0.013751584459626508,-1.567741498757309,1.5582476316557257,1.533197435154591,-0.011007357364708568,0.0,0.1566051197019831,0.20084963768022332,-0.02035726807427679,0.043394880298016913,-0.0008496376802232972,0.02035726807427679,0.2,0.2,0.0,-0.256575333832049,False
0,144,0.013751584459626508,-1.567741498757309,1.5582476316557257,1.533197435154591,-0.011007357364708568,0.0,0.1566051197019831,0.20084963768022332,-0.02035726807427679,-0.7859649658203125,0.11955176293849945,-0.007334246300160885,-0.08845095336437225,-0.12887834012508392,0.3536689579486847,0.012874146811584023,-1.5675809365146323,1.5581241520754319,1.5329622203321183,-0.011051107870967277,0.0,0.15653758000373252,0.2008532802041733,-0.020406768074861442,0.0434624199962675,-0.0008532802041733026,0.020406768074861442,0.2,0.2,0.0,-0.25477366793375944,False
0,145,0.012874146811584023,-1.5675809365146323,1.5581241520754319,1.5329622203321183,-0.011051107870967277,0.0,0.15653758000373252,0.2008532802041733,-0.020406768074861442,0.19097474217414856,0.20858976244926453,-0.17344176769256592,-0.21260395646095276,-0.0018881798023357987,0.20915043354034424,0.012298276330301578,-1.5672823410149694,1.55796456854328,1.5326915077466474,-0.011176374554231394,0.0,0.1565363167429345,0.20091661987596504,-0.020398753892721097,0.043463683257065525,-0.0009166198759650358,0.020398753892721097,0.2,0.2,0.0,-0.25648139952283244,False
0,146,0.012298276330301578,-1.5672823410149694,1.55796456854328,1.5326915077466474,-0.011176374554231394,0.0,0.1565363167429345,0.20091661987596504,-0.020398753892721097,0.3957773745059967,0.31775832176208496,0.14291225373744965,-0.30551695823669434,0.17793163657188416,-0.1436377316713333,0.012614084021356654,-1.5669897384421922,1.5578412715024024,1.5323981068805692,-0.011122571146814347,0.0,0.1564937678179039,0.20092103715010745,-0.020422600772898286,0.04350623218209612,-0.0009210371501074527,0.020422600772898286,0.2,0.2,0.0,-0.2550792284494397,False
0,147,0.012614084021356654,-1.5669897384421922,1.5578412715024024,1.5323981068805692,-0.011122571146814347,0.0,0.1564937678179039,0.20092103715010745,-0.020422600772898286,-0.007923910394310951,-0.27185243368148804,-0.14941203594207764,0.011286568827927113,-0.0050962683744728565,0.38764071464538574,0.01290842882173618,-1.566991264445403,1.5578212952012298,1.5321764705454834,-0.010989897824143426,0.0,0.15648522206689996,0.20089228135322917,-0.020387948108053958,0.04351477793310003,-0.0008922813532291727,0.020387948108053958,0.2,0.2,0.0,-0.254850013926917,False
0,148,0.01290842882173618,-1.566991264445403,1.5578212952012298,1.5321764705454834,-0.010989897824143426,0.0,0.15648522206689996,0.20089228135322917,-0.020387948108053958,-0.06366124004125595,0.1873256415128708,-0.44628316164016724,-0.12165433168411255,0.1869092732667923,-0.0730270966887474,0.01288164812262431,-1.5673743280423855,1.5575564026315476,1.532187540740089,-0.010982662241870734,0.0,0.1564151460225825,0.20089291878813836,-0.020463930966853866,0.043584853977417515,-0.0008929187881383421,0.020463930966853866,0.2,0.2,0.0,-0.25469914917853925,False
0,149,0.01288164812262431,-1.5673743280423855,1.5575564026315476,1.532187540740089,-0.010982662241870734,0.0,0.1564151460225825,0.20089291878813836,-0.020463930966853866,-0.3296256363391876,0.00804070197045803,0.03155480697751045,-0.29151350259780884,-0.022883176803588867,0.2769445776939392,0.012701196495358145,-1.5672168761984537,1.557225184223137,1.5319761296556773,-0.010845703069020432,0.0,0.15635138023660058,0.20089555275500182,-0.020540124968769446,0.04364861976339943,-0.000895552755001818,0.020540124968769446,0.2,0.2,0.0,-0.25477803858134423,False
0,150,0.012701196495358145,-1.5672168761984537,1.557225184223137,1.5319761296556773,-0.010845703069020432,0.0,0.15635138023660058,0.20089555275500182,-0.020540124968769446,0.009330240078270435,0.08180046826601028,-0.055869147181510925,-0.22132885456085205,-0.2696254551410675,0.14231817424297333,0.012481920120374267,-1.5671812274808057,1.5572297743879178,1.5316914268515764,-0.01097113835379104,0.0,0.1563167780628949,0.20091457741451807,-0.02053497675311096,0.04368322193710511,-0.0009145774145180587,0.02053497675311096,0.2,0.2,0.0,-0.2552559167586448,False
0,151,0.012481920120374267,-1.5671812274808057,1.5572297743879178,1.5316914268515764,-0.01097113835379104,0.0,0.1563167780628949,0.20091457741451807,-0.02053497675311096,0.4037684500217438,-0.16422884166240692,-0.541268527507782,-0.18115441501140594,0.38946786522865295,0.2092704474925995,0.012619493370873376,-1.5671351707958923,1.5570021650909793,1.5313860184709203,-0.011166667677790485,0.0,0.15626734041712353,0.20091054707413067,-0.020554351573550553,0.04373265958287646,-0.0009105470741306559,0.020554351573550553,0.2,0.2,0.0,-0.254719259584052,False
0,152,0.012619493370873376,-1.5671351707958923,1.5570021650909793,1.5313860184709203,-0.011166667677790485,0.0,0.15626734041712353,0.20091054707413067,-0.020554351573550553,0.44555503129959106,-0.2751724421977997,-0.17895428836345673,0.030213722959160805,-0.15480750799179077,-0.06337757408618927,0.013291708369139886,-1.5674122539714612,1.556102587391666,1.5310936789352052,-0.010505850766659644,0.0,0.1560851462123118,0.2008667747087831,-0.02074257455679998,0.043914853787688224,-0.0008667747087831077,0.02074257455679998,0.2,0.2,0.0,-0.25261237161291744,False
0,153,0.013291708369139886,-1.5674122539714612,1.556102587391666,1.5310936789352052,-0.010505850766659644,0.0,0.1560851462123118,0.2008667747087831,-0.02074257455679998,0.4751884937286377,0.3218819499015808,0.039789829403162,-0.2532246708869934,-0.2777473032474518,-0.31781044602394104,0.013698385830018192,-1.5672975454599192,1.5560831426005124,1.5309543705495579,-0.010722731192097797,0.0,0.15607416779225192,0.2008441910219477,-0.02074039510239692,0.043925832207748094,-0.0008441910219476947,0.02074039510239692,0.2,0.2,0.0,-0.2547079967240768,False
0,154,0.013698385830018192,-1.5672975454599192,1.5560831426005124,1.5309543705495579,-0.010722731192097797,0.0,0.15607416779225192,0.2008441910219477,-0.02074039510239692,-0.5828083157539368,-0.138896182179451,0.41513869166374207,-0.3596743941307068,0.3190902769565582,-0.19267280399799347,0.013642966218389146,-1.5671285828750392,1.5564483726252336,1.5304495865893328,-0.010707836951773088,0.0,0.1560697540317066,0.20084718823921388,-0.020672771240038218,0.04393024596829341,-0.0008471882392138727,0.020672771240038218,0.2,0.2,0.0,-0.2550789153801556,False
0,155,0.013642966218389146,-1.5671285828750392,1.5564483726252336,1.5304495865893328,-0.010707836951773088,0.0,0.1560697540317066,0.20084718823921388,-0.020672771240038218,-0.16474317014217377,0.14812849462032318,-0.6206223964691162,-0.05450204014778137,-0.250154048204422,0.24029892683029175,0.01302238588763825,-1.5672240296252211,1.5566633646763628,1.5300899484255417,-0.010469528012832258,0.0,0.1560697540317066,0.20084718823921388,-0.020672771240038218,0.04393024596829341,-0.0008471882392138727,0.020672771240038218,0.2,0.2,0.0,-0.255195463552663,False
0,156,0.01302238588763825,-1.5672240296252211,1.5566633646763628,1.5300899484255417,-0.010469528012832258,0.0,0.1560697540317066,0.20084718823921388,-0.020672771240038218,-0.15113893151283264,-0.1656886339187622,-0.5378791689872742,-0.03370993584394455,-0.23004865646362305,0.06803847849369049,0.01302238588763825,-1.5672240296252211,1.5566633646763628,1.5300899484255417,-0.010469528012832258,0.0,0.1555544977930486,0.20093539450970085,-0.021341216654721246,0.0444455022069514,-0.0009353945097008531,0.021341216654721246,0.2,0.2,0.0,-0.2512011663435,False
0,157,0.01302238588763825,-1.5672240296252211,1.5566633646763628,1.5300899484255417,-0.010469528012832258,0.0,0.1555544977930486,0.20093539450970085,-0.021341216654721246,0.15047502517700195,0.17272378504276276,-0.0645855963230133,-0.28101646900177,-0.2156161218881607,0.11224596947431564,0.011718297269269134,-1.5660269532445679,1.551151208769912,1.5295951332005169,-0.012781279600592351,0.0,0.15544733933313326,0.2009469659803375,-0.02148959524638816,0.04455266066686675,-0.0009469659803374945,0.02148959524638816,0.2,0.2,0.0,-0.2540861017784042,False
0,158,0.011718297269269134,-1.5660269532445679,1.551151208769912,1.5295951332005169,-0.012781279600592351,0.0,0.15544733933313326,0.2009469659803375,-0.02148959524638816,0.2768489420413971,0.13407187163829803,0.05114548280835152,-0.20249004662036896,-0.014657844789326191,-0.28585803508758545,0.011922325642874999,-1.5658845394753031,1.5511985417859264,1.5293487711714324,-0.012901457884531644,0.0,0.15541108284397856,0.20093874512033033,-0.021499740226417124,0.04458891715602145,-0.0009387451203303335,0.021499740226417124,0.2,0.2,0.0,-0.25437920237144956,False
0,159,0.011922325642874999,-1.5658845394753031,1.5511985417859264,1.5293487711714324,-0.012901457884531644,0.0,0.15541108284397856,0.20093874512033033,-0.021499740226417124,0.09704091399908066,0.22388461232185364,0.29380476474761963,-0.37722301483154297,0.10291735082864761,0.11680521070957184,0.012165206116910006,-1.5656622278566645,1.551407675234956,1.5289902453905657,-0.012848062497966177,0.0,0.15540374986961142,0.20092309436081804,-0.021479567134953026,0.04459625013038861,-0.0009230943608180165,0.021479567134953026,0.2,0.2,0.0,-0.2545451191079529,False
0,160,0.012165206116910006,-1.5656622278566645,1.551407675234956,1.5289902453905657,-0.012848062497966177,0.0,0.15540374986961142,0.20092309436081804,-0.021479567134953026,0.45388782024383545,-0.18300612270832062,-0.47878655791282654,-0.18957002460956573,-0.1300746500492096,0.1433822363615036,0.012382066228979981,-1.565523381622457,1.5515200857040015,1.5286071250263997,-0.012797058423033164,0.0,0.15540331790834405,0.20091346938997773,-0.021407311191068062,0.04459668209165597,-0.000913469389977724,0.021407311191068062,0.2,0.2,0.0,-0.2546227656236421,False
0,161,0.012382066228979981,-1.565523381622457,1.5515200857040015,1.5286071250263997,-0.012797058423033164,0.0,0.15540331790834405,0.20091346938997773,-0.021407311191068062,-0.22067491710186005,0.07406952977180481,-0.25840815901756287,-0.25702914595603943,-0.22808465361595154,0.16213323175907135,0.01288964758611692,-1.5657355992017519,1.5509263869654006,1.5283680591285254,-0.012974689064299818,0.0,0.15526881098870868,0.20087838047810286,-0.02153982547353589,0.044731189011291334,-0.0008783804781028583,0.02153982547353589,0.2,0.2,0.0,-0.2528332791303299,False
0,162,0.01288964758611692,-1.5657355992017519,1.5509263869654006,1.5283680591285254,-0.012974689064299818,0.0,0.15526881098870868,0.20087838047810286,-0.02153982547353589,-0.22967934608459473,0.01763780042529106,0.2679852247238159,-0.24534407258033752,0.35121652483940125,0.2047208696603775,0.011909340989409543,-1.5654026783791928,1.5498887324365225,1.5273033280077772,-0.013922728441346965,0.0,0.15516944790681103,0.20090153910059264,-0.02161184930157485,0.04483055209318898,-0.0009015391005926176,0.02161184930157485,0.2,0.2,0.0,-0.2540431812568268,False
0,163,0.011909340989409543,-1.5654026783791928,1.5498887324365225,1.5273033280077772,-0.013922728441346965,0.0,0.15516944790681103,0.20090153910059264,-0.02161184930157485,-0.6774893999099731,-0.0799873098731041,-0.06947420537471771,-0.12561053037643433,-0.024895451962947845,-0.020397135987877846,0.011909340989409543,-1.5654026783791928,1.5498887324365225,1.5273033280077772,-0.013922728441346965,0.0,0.15486637448597898,0.20129353440152875,-0.021574165289650976,0.04513362551402103,-0.0012935344015287396,0.021574165289650976,0.2,0.2,0.0,-0.2573241252504741,False
0,164,0.011909340989409543,-1.5654026783791928,1.5498887324365225,1.5273033280077772,-0.013922728441346965,0.0,0.15486637448597898,0.20129353440152875,-0.021574165289650976,0.30781090259552,-0.13681000471115112,0.46289026737213135,0.15879079699516296,-0.029554937034845352,-0.00635879673063755,0.011909340989409543,-1.5654026783791928,1.5498887324365225,1.5273033280077772,-0.013922728441346965,0.0,0.15441414234224476,0.20185759625548466,-0.021935329868482872,0.04558585765775523,-0.001857596255484638,0.021935329868482872,0.2,0.2,0.0,-0.2591400860911202,False
0,165,0.011909340989409543,-1.5654026783791928,1.5498887324365225,1.5273033280077772,-0.013922728441346965,0.0,0.15441414234224476,0.20185759625548466,-0.021935329868482872,-0.0011086012236773968,-0.05955655872821808,0.010309450328350067,-0.5126259326934814,-0.40865397453308105,0.15350671112537384,0.011909340989409543,-1.5654026783791928,1.5498887324365225,1.5273033280077772,-0.013922728441346965,0.0,0.15575876185027893,0.20127603393619628,-0.020556081009810143,0.04424123814972107,-0.0012760339361962596,0.020556081009810143,0.2,0.2,0.0,-0.26019300040625637,False
0,166,0.011909340989409543,-1.5654026783791928,1.5498887324365225,1.5273033280077772,-0.013922728441346965,0.0,0.15575876185027893,0.20127603393619628,-0.020556081009810143,-0.20674793422222137,0.260860800743103,0.0543096624314785,-0.20021389424800873,-0.16104501485824585,-0.16655567288398743,0.011909340989409543,-1.5654026783791928,1.5498887324365225,1.5273033280077772,-0.013922728441346965,0.0,0.1556475162914197,0.2012661229908218,-0.020595241206545864,0.04435248370858029,-0.0012661229908217852,0.020595241206545864,0.2,0.2,0.0,-0.2538112695997501,False
0,167,0.011909340989409543,-1.5654026783791928,1.5498887324365225,1.5273033280077772,-0.013922728441346965,0.0,0.1556475162914197,0.2012661229908218,-0.020595241206545864,-0.552074670791626,0.13355277478694916,0.41272422671318054,-0.272280216217041,-0.17560067772865295,0.12898971140384674,0.011909340989409543,-1.5654026783791928,1.5498887324365225,1.5273033280077772,-0.013922728441346965,0.0,0.1556475162914197,0.2012661229908218,-0.020595241206545864,0.04435248370858029,-0.0012661229908217852,0.020595241206545864,0.2,0.2,0.0,-0.25526136713533476,False
0,168,0.011909340989409543,-1.5654026783791928,1.5498887324365225,1.5273033280077772,-0.013922728441346965,0.0,0.1556475162914197,0.2012661229908218,-0.020595241206545864,0.24694864451885223,-0.35745513439178467,0.022021502256393433,-0.18245548009872437,-0.052804894745349884,0.3308779001235962,0.005399851165820995,-1.5692525536717505,1.5576570304884214,1.5275946597447916,-0.014185410859028802,0.0,0.1556475162914197,0.2012661229908218,-0.020595241206545864,0.04435248370858029,-0.0012661229908217852,0.020595241206545864,0.2,0.2,0.0,-0.25526136713533476,False
0,169,0.005399851165820995,-1.5692525536717505,1.5576570304884214,1.5275946597447916,-0.014185410859028802,0.0,0.1556475162914197,0.2012661229908218,-0.020595241206545864,0.6500816941261292,-0.12071169912815094,0.4183048903942108,-0.3267582952976227,-0.009670110419392586,-0.2704503834247589,0.005399851165820995,-1.5692525536717505,1.5576570304884214,1.5275946597447916,-0.014185410859028802,0.0,0.1556475162914197,0.2012661229908218,-0.020595241206545864,0.04435248370858029,-0.0012661229908217852,0.020595241206545864,0.2,0.2,0.0,-0.25526136713533476,False
0,170,0.005399851165820995,-1.5692525536717505,1.5576570304884214,1.5275946597447916,-0.014185410859028802,0.0,0.1556475162914197,0.2012661229908218,-0.020595241206545864,0.2363518476486206,0.09680220484733582,0.24665343761444092,-0.06200731545686722,-0.04940231889486313,-0.01682094670832157,0.00561885151534754,-1.5692824599242459,1.5578107926423717,1.527671141826406,-0.01419756150358461,0.0,0.1556475162914197,0.2012661229908218,-0.020595241206545864,0.04435248370858029,-0.0012661229908217852,0.020595241206545864,0.2,0.2,0.0,-0.25526136713533476,False
0,171,0.00561885151534754,-1.5692824599242459,1.5578107926423717,1.527671141826406,-0.01419756150358461,0.0,0.1556475162914197,0.2012661229908218,-0.020595241206545864,0.7207318544387817,0.41405928134918213,-0.028003619983792305,-0.2654510736465454,0.04536828026175499,0.35420459508895874,0.005847698359513647,-1.5693099671355588,1.5579466817549383,1.5276941036927218,-0.014249786083103188,0.0,0.1556475162914197,0.2012661229908218,-0.020595241206545864,0.04435248370858029,-0.0012661229908217852,0.020595241206545864,0.2,0.2,0.0,-0.25526136713533476,False
0,172,0.005847698359513647,-1.5693099671355588,1.5579466817549383,1.5276941036927218,-0.014249786083103188,0.0,0.1556475162914197,0.2012661229908218,-0.020595241206545864,0.4282422959804535,0.019482817500829697,0.06847143918275833,-0.17085200548171997,0.3646678328514099,-0.0207607951015234,0.006002023044599638,-1.5692856835588198,1.5577508179294313,1.5270244602711494,-0.01476622072192102,0.0,0.1556475162914197,0.2012661229908218,-0.020595241206545864,0.04435248370858029,-0.0012661229908217852,0.020595241206545864,0.2,0.2,0.0,-0.25526136713533476,False
0,173,0.006002023044599638,-1.5692856835588198,1.5577508179294313,1.5270244602711494,-0.01476622072192102,0.0,0.1556475162914197,0.2012661229908218,-0.020595241206545864,0.31951218843460083,0.10622565448284149,-0.6401392817497253,-0.25143301486968994,-0.140996515750885,0.06820154935121536,0.006118475613494156,-1.5692676705340773,1.5576046203334686,1.5265199469224011,-0.015156045944735299,0.0,0.1556475162914197,0.2012661229908218,-0.020595241206545864,0.04435248370858029,-0.0012661229908217852,0.020595241206545864,0.2,0.2,0.0,-0.25526136713533476,False
0,174,0.006118475613494156,-1.5692676705340773,1.5576046203334686,1.5265199469224011,-0.015156045944735299,0.0,0.1556475162914197,0.2012661229908218,-0.020595241206545864,-0.5706212520599365,-0.17805598676204681,0.11728177219629288,-0.486481636762619,0.17182275652885437,0.12092925608158112,0.006118475613494156,-1.5692676705340773,1.5576046203334686,1.5265199469224011,-0.015156045944735299,0.0,0.1555715022974722,0.2012557427408686,-0.02060951674762572,0.04442849770252781,-0.0012557427408685807,0.02060951674762572,0.2,0.2,0.0,-0.25414046103510507,False
0,175,0.006118475613494156,-1.5692676705340773,1.5576046203334686,1.5265199469224011,-0.015156045944735299,0.0,0.1555715022974722,0.2012557427408686,-0.02060951674762572,0.46632981300354004,0.1921354979276657,0.02435060404241085,0.15557600557804108,-0.1356620192527771,0.23147901892662048,0.006074386406157773,-1.5692466569625914,1.5576310428343625,1.5264962935755175,-0.015169587913029605,0.0,0.1555715022974722,0.2012557427408686,-0.02060951674762572,0.04442849770252781,-0.0012557427408685807,0.02060951674762572,0.2,0.2,0.0,-0.25520799065437144,False
0,176,0.006074386406157773,-1.5692466569625914,1.5576310428343625,1.5264962935755175,-0.015169587913029605,0.0,0.1555715022974722,0.2012557427408686,-0.02060951674762572,-0.5142185091972351,-0.13357645273208618,0.3917209506034851,-0.589409589767456,-0.2755067050457001,-0.11079125106334686,0.006074386406157773,-1.5692466569625914,1.5576310428343625,1.5264962935755175,-0.015169587913029605,0.0,0.1555715022974722,0.2012557427408686,-0.02060951674762572,0.04442849770252781,-0.0012557427408685807,0.02060951674762572,0.2,0.2,0.0,-0.25520799065437144,False
0,177,0.006074386406157773,-1.5692466569625914,1.5576310428343625,1.5264962935755175,-0.015169587913029605,0.0,0.1555715022974722,0.2012557427408686,-0.02060951674762572,0.6802768707275391,-0.19772878289222717,-0.19760119915008545,-0.03174366056919098,0.08284246176481247,0.12862713634967804,0.006074386406157773,-1.5692466569625914,1.5576310428343625,1.5264962935755175,-0.015169587913029605,0.0,0.1555715022974722,0.2012557427408686,-0.02060951674762572,0.04442849770252781,-0.0012557427408685807,0.02060951674762572,0.2,0.2,0.0,-0.25520799065437144,False
0,178,0.006074386406157773,-1.5692466569625914,1.5576310428343625,1.5264962935755175,-0.015169587913029605,0.0,0.1555715022974722,0.2012557427408686,-0.02060951674762572,-0.14707662165164948,0.1822049468755722,-0.33748260140419006,-0.15161487460136414,-0.13777369260787964,0.05770580470561981,0.006074386406157773,-1.5692466569625914,1.5576310428343625,1.5264962935755175,-0.015169587913029605,0.0,0.1555715022974722,0.2012557427408686,-0.02060951674762572,0.04442849770252781,-0.0012557427408685807,0.02060951674762572,0.2,0.2,0.0,-0.25520799065437144,False
0,179,0.006074386406157773,-1.5692466569625914,1.5576310428343625,1.5264962935755175,-0.015169587913029605,0.0,0.1555715022974722,0.2012557427408686,-0.02060951674762572,0.4253249764442444,0.2802121639251709,0.2804592251777649,-0.22374024987220764,-0.1624164581298828,0.3368299603462219,0.006074386406157773,-1.5692466569625914,1.5576310428343625,1.5264962935755175,-0.015169587913029605,0.0,0.1555715022974722,0.2012557427408686,-0.02060951674762572,0.04442849770252781,-0.0012557427408685807,0.02060951674762572,0.2,0.2,0.0,-0.25520799065437144,False
0,180,0.006074386406157773,-1.5692466569625914,1.5576310428343625,1.5264962935755175,-0.015169587913029605,0.0,0.1555715022974722,0.2012557427408686,-0.02060951674762572,0.010423927567899227,-0.1367301344871521,-0.22954219579696655,-0.36499807238578796,0.22752803564071655,0.03358211740851402,0.006074386406157773,-1.5692466569625914,1.5576310428343625,1.5264962935755175,-0.015169587913029605,0.0,0.1555424177918171,0.20126494560581326,-0.02061150064428395,0.044457582208182925,-0.001264945605813251,0.02061150064428395,0.2,0.2,0.0,-0.25499147282348655,False
0,181,0.006074386406157773,-1.5692466569625914,1.5576310428343625,1.5264962935755175,-0.015169587913029605,0.0,0.1555424177918171,0.20126494560581326,-0.02061150064428395,0.7463257908821106,0.00860503688454628,0.24538294970989227,-0.21602044999599457,0.1733981817960739,0.14562304317951202,0.006074386406157773,-1.5692466569625914,1.5576310428343625,1.5264962935755175,-0.015169587913029605,0.0,0.1555424177918171,0.20126494560581326,-0.02061150064428395,0.044457582208182925,-0.001264945605813251,0.02061150064428395,0.2,0.2,0.0,-0.25519768028147216,False
0,182,0.006074386406157773,-1.5692466569625914,1.5576310428343625,1.5264962935755175,-0.015169587913029605,0.0,0.1555424177918171,0.20126494560581326,-0.02061150064428395,-0.2741643488407135,0.2039114534854889,0.31653985381126404,-0.33129164576530457,-0.16244621574878693,0.030139721930027008,0.006074386406157773,-1.5692466569625914,1.5576310428343625,1.5264962935755175,-0.015169587913029605,0.0,0.1555424177918171,0.20126494560581326,-0.02061150064428395,0.044457582208182925,-0.001264945605813251,0.02061150064428395,0.2,0.2,0.0,-0.25519768028147216,False
0,183,0.006074386406157773,-1.5692466569625914,1.5576310428343625,1.5264962935755175,-0.015169587913029605,0.0,0.1555424177918171,0.20126494560581326,-0.02061150064428395,-0.384073942899704,0.3711162507534027,-0.4300227165222168,-0.5294084548950195,0.14111541211605072,0.02872919663786888,0.006180128957089337,-1.5692569638628906,1.5576797756335856,1.5264516170256297,-0.015130182942582442,0.0,0.15553951183350914,0.20123771709330115,-0.02058617204085446,0.04446048816649087,-0.0012377170933011304,0.02058617204085446,0.2,0.2,0.0,-0.25466660014338605,False
0,184,0.006180128957089337,-1.5692569638628906,1.5576797756335856,1.5264516170256297,-0.015130182942582442,0.0,0.15553951183350914,0.20123771709330115,-0.02058617204085446,0.61341792345047,-0.1859542578458786,0.03554791957139969,-0.31434938311576843,-0.16729231178760529,0.05359731614589691,0.006180128957089337,-1.5692569638628906,1.5576797756335856,1.5264516170256297,-0.015130182942582442,0.0,0.15553951183350914,0.20123771709330115,-0.02058617204085446,0.04446048816649087,-0.0012377170933011304,0.02058617204085446,0.2,0.2,0.0,-0.2551723907510871,False
0,185,0.006180128957089337,-1.5692569638628906,1.5576797756335856,1.5264516170256297,-0.015130182942582442,0.0,0.15553951183350914,0.20123771709330115,-0.02058617204085446,0.194282665848732,0.3124034106731415,0.2694568932056427,-0.3935476541519165,-0.11595392227172852,-0.35514625906944275,0.006180128957089337,-1.5692569638628906,1.5576797756335856,1.5264516170256297,-0.015130182942582442,0.0,0.15553951183350914,0.20123771709330115,-0.02058617204085446,0.04446048816649087,-0.0012377170933011304,0.02058617204085446,0.2,0.2,0.0,-0.2551723907510871,False
0,186,0.006180128957089337,-1.5692569638628906,1.5576797756335856,1.5264516170256297,-0.015130182942582442,0.0,0.15553951183350914,0.20123771709330115,-0.02058617204085446,-0.005614396650344133,-0.09844739735126495,0.5633203387260437,-0.09055854380130768,-0.4395506680011749,-0.31295502185821533,0.006180128957089337,-1.5692569638628906,1.5576797756335856,1.5264516170256297,-0.015130182942582442,0.0,0.15553951183350914,0.20123771709330115,-0.02058617204085446,0.04446048816649087,-0.0012377170933011304,0.02058617204085446,0.2,0.2,0.0,-0.2551723907510871,False
0,187,0.006180128957089337,-1.5692569638628906,1.5576797756335856,1.5264516170256297,-0.015130182942582442,0.0,0.15553951183350914,0.20123771709330115,-0.02058617204085446,-0.22221706807613373,0.10753621906042099,-0.39812803268432617,-0.0011437381617724895,-0.6683201789855957,0.2577736973762512,0.006180128957089337,-1.5692569638628906,1.5576797756335856,1.5264516170256297,-0.015130182942582442,0.0,0.15553951183350914,0.20123771709330115,-0.02058617204085446,0.04446048816649087,-0.0012377170933011304,0.02058617204085446,0.2,0.2,0.0,-0.2551723907510871,False
0,188,0.006180128957089337,-1.5692569638628906,1.5576797756335856,1.5264516170256297,-0.015130182942582442,0.0,0.15553951183350914,0.20123771709330115,-0.02058617204085446,0.2041430026292801,0.4118110239505768,-0.21585841476917267,0.0789053663611412,0.01594669744372368,0.0931067243218422,0.006180128957089337,-1.5692569638628906,1.5576797756335856,1.5264516170256297,-0.015130182942582442,0.0,0.155536547316788,0.20121504420509675,-0.020600554233966534,0.04446345268321199,-0.0012150442050967388,0.020600554233966534,0.2,0.2,0.0,-0.25478333252974994,False
0,189,0.006180128957089337,-1.5692569638628906,1.5576797756335856,1.5264516170256297,-0.015130182942582442,0.0,0.155536547316788,0.20121504420509675,-0.020600554233966534,0.1338474303483963,0.3715694844722748,-0.14447979629039764,-0.2469228208065033,0.044790055602788925,0.010815816931426525,0.006180128957089337,-1.5692569638628906,1.5576797756335856,1.5264516170256297,-0.015130182942582442,0.0,0.155536547316788,0.20121504420509675,-0.020600554233966534,0.04446345268321199,-0.0012150442050967388,0.020600554233966534,0.2,0.2,0.0,-0.25515386416911867,False
0,190,0.006180128957089337,-1.5692569638628906,1.5576797756335856,1.5264516170256297,-0.015130182942582442,0.0,0.155536547316788,0.20121504420509675,-0.020600554233966534,0.19142615795135498,0.2635004222393036,-0.5335105061531067,-0.27633386850357056,-0.26748090982437134,-0.09850701689720154,0.007371560344500083,-1.5677096775719155,1.5570441062810176,1.5261353800303046,-0.014927072692476978,0.0,0.15557581918842295,0.2011894521999287,-0.02063274510856135,0.04442418081157705,-0.0011894521999286898,0.02063274510856135,0.2,0.2,0.0,-0.25528748035354326,False
0,191,0.007371560344500083,-1.5677096775719155,1.5570441062810176,1.5261353800303046,-0.014927072692476978,0.0,0.15557581918842295,0.2011894521999287,-0.02063274510856135,0.5020081400871277,-0.04612819850444794,-0.24366706609725952,-0.1830347329378128,0.256717324256897,0.3852366805076599,0.007470244969499332,-1.5676479289674188,1.556866582235188,1.5260363391893255,-0.01498208077101525,0.0,0.15557581918842295,0.2011894521999287,-0.02063274510856135,0.04442418081157705,-0.0011894521999286898,0.02063274510856135,0.2,0.2,0.0,-0.25516022684456746,False
0,192,0.007470244969499332,-1.5676479289674188,1.556866582235188,1.5260363391893255,-0.01498208077101525,0.0,0.15557581918842295,0.2011894521999287,-0.02063274510856135,-0.2741297781467438,0.33111822605133057,0.0768699049949646,-0.554713785648346,0.002419757656753063,-0.14237818121910095,0.007728424142594594,-1.5676728403387294,1.5567434306790868,1.5259432554804921,-0.014848291766948277,0.0,0.15551952822397055,0.2011691541056214,-0.020682705726264614,0.04448047177602946,-0.0011691541056213733,0.020682705726264614,0.2,0.2,0.0,-0.25418837417863926,False
0,193,0.007728424142594594,-1.5676728403387294,1.5567434306790868,1.5259432554804921,-0.014848291766948277,0.0,0.15551952822397055,0.2011691541056214,-0.020682705726264614,-0.4731069803237915,-0.11933732777833939,-0.0062043690122663975,-0.5211654305458069,-0.03739292174577713,-0.25420185923576355,0.007559230456021354,-1.567474931658448,1.5567920200734606,1.525614736537812,-0.014849857684551205,0.0,0.15551952822397055,0.2011691541056214,-0.020682705726264614,0.04448047177602946,-0.0011691541056213733,0.020682705726264614,0.2,0.2,0.0,-0.25511394814618993,False
0,194,0.007559230456021354,-1.567474931658448,1.5567920200734606,1.525614736537812,-0.014849857684551205,0.0,0.15551952822397055,0.2011691541056214,-0.020682705726264614,-0.003011299530044198,-0.18454374372959137,-0.03187160566449165,-0.4678531885147095,0.2859906256198883,-0.2859291732311249,0.007559230456021354,-1.567474931658448,1.5567920200734606,1.525614736537812,-0.014849857684551205,0.0,0.15532598468004732,0.201241263459987,-0.02069427370056945,0.0446740153199527,-0.0012412634599869856,0.02069427370056945,0.2,0.2,0.0,-0.2538516483018457,False
0,195,0.007559230456021354,-1.567474931658448,1.5567920200734606,1.525614736537812,-0.014849857684551205,0.0,0.15532598468004732,0.201241263459987,-0.02069427370056945,-0.3129614293575287,0.14795665442943573,0.4926038384437561,-0.44732820987701416,-0.07771926373243332,-0.2580587863922119,0.007095818888297619,-1.5675989322386987,1.5567844478644257,1.5251106266594576,-0.014886829807696789,0.0,0.15515873992685564,0.201301591255271,-0.0207216362390613,0.04484126007314436,-0.0013015912552709944,0.0207216362390613,0.2,0.2,0.0,-0.2539624036262841,False
0,196,0.007095818888297619,-1.5675989322386987,1.5567844478644257,1.5251106266594576,-0.014886829807696789,0.0,0.15515873992685564,0.201301591255271,-0.0207216362390613,0.3243907690048218,0.008968716487288475,-0.3797045946121216,-0.16092082858085632,-0.1733226627111435,0.0751841813325882,0.00553136634648729,-1.568187429628792,1.5565448500701864,1.5227895392443855,-0.014892732683278126,0.0,0.15507931319752793,0.20128914322748784,-0.020767070860134323,0.04492068680247209,-0.0012891432274878365,0.020767070860134323,0.2,0.2,0.0,-0.2538583787776025,False
0,197,0.00553136634648729,-1.568187429628792,1.5565448500701864,1.5227895392443855,-0.014892732683278126,0.0,0.15507931319752793,0.20128914322748784,-0.020767070860134323,-0.47131016850471497,0.47538620233535767,0.38627657294273376,-0.2719722390174866,0.003063434502109885,0.3111557066440582,0.005397569833083407,-1.5677951590619452,1.5565980428699404,1.5224971099440197,-0.015008604455792905,0.0,0.1550805009088584,0.2012966613633684,-0.02073815836538459,0.04491949909114164,-0.0012966613633683926,0.02073815836538459,0.2,0.2,0.0,-0.25503781629736644,False
0,198,0.005397569833083407,-1.5677951590619452,1.5565980428699404,1.5224971099440197,-0.015008604455792905,0.0,0.1550805009088584,0.2012966613633684,-0.02073815836538459,-0.03375333175063133,0.08923670649528503,-0.08185672014951706,0.027616480365395546,0.1651991307735443,0.24323323369026184,0.004924297318487532,-1.5673008215335094,1.5569433371635486,1.5222470191605015,-0.014937410509471597,0.0,0.1550805009088584,0.2012966613633684,-0.02073815836538459,0.04491949909114164,-0.0012966613633683926,0.02073815836538459,0.2,0.2,0.0,-0.25495171866565014,False
0,199,0.004924297318487532,-1.5673008215335094,1.5569433371635486,1.5222470191605015,-0.014937410509471597,0.0,0.1550805009088584,0.2012966613633684,-0.02073815836538459,-0.2179986834526062,0.2929050922393799,-0.19366028904914856,-0.1818040907382965,-0.15914854407310486,0.0013821213506162167,0.004924297318487532,-1.5673008215335094,1.5569433371635486,1.5222470191605015,-0.014937410509471597,0.0,0.15505816960463853,0.2013633193091495,-0.020718051050155284,0.044941830395361496,-0.0013633193091494862,0.020718051050155284,0.2,0.2,0.0,-0.25573750268436624,False
0,200,0.004924297318487532,-1.5673008215335094,1.5569433371635486,1.5222470191605015,-0.014937410509471597,0.0,0.15505816960463853,0.2013633193091495,-0.020718051050155284,-0.37916460633277893,0.37822043895721436,-0.4318141043186188,0.15641473233699799,-0.06340451538562775,0.07414334267377853,0.004924297318487532,-1.5673008215335094,1.5569433371635486,1.5222470191605015,-0.014937410509471597,0.0,0.15471118281710713,0.20155239334617428,-0.02098802937244512,0.045288817182892877,-0.0015523933461742713,0.02098802937244512,0.2,0.2,0.0,-0.2541636461522073,False
0,201,0.004924297318487532,-1.5673008215335094,1.5569433371635486,1.5222470191605015,-0.014937410509471597,0.0,0.15471118281710713,0.20155239334617428,-0.02098802937244512,0.19874431192874908,-0.12069514393806458,-0.412535160779953,-0.3989710807800293,-0.3258265256881714,0.26315897703170776,0.0008375276922981881,-1.56178636503142,1.5532784388597691,1.5188647304290477,-0.017832045843139663,0.0,0.15468413212505283,0.20156917280564057,-0.02101380524312127,0.045315867874947194,-0.0015691728056405677,0.02101380524312127,0.2,0.2,0.0,-0.25492830634852087,False
0,202,0.0008375276922981881,-1.56178636503142,1.5532784388597691,1.5188647304290477,-0.017832045843139663,0.0,0.15468413212505283,0.20156917280564057,-0.02101380524312127,0.15069474279880524,0.2451060712337494,0.33094868063926697,-0.4175932705402374,0.44835740327835083,0.2853884696960449,0.0002172764135767417,-1.5609986286135655,1.5525918931146965,1.5188200711305606,-0.017923440446477625,0.0,0.1546823529769173,0.20159019929268393,-0.021080703469819523,0.04531764702308273,-0.0015901992926839123,0.021080703469819523,0.2,0.2,0.0,-0.255391218590234,False
0,203,0.0002172764135767417,-1.5609986286135655,1.5525918931146965,1.5188200711305606,-0.017923440446477625,0.0,0.1546823529769173,0.20159019929268393,-0.021080703469819523,-0.11790766566991806,-0.5114468336105347,0.05588012933731079,-0.5348733067512512,0.0948391780257225,-0.12607993185520172,0.0003733708884656799,-1.56088207899743,1.553013533159239,1.5181710170051639,-0.017366284529064507,0.0,0.15469575954868822,0.20157651997268966,-0.02097882433357287,0.04530424045131179,-0.00157651997268966,0.02097882433357287,0.2,0.2,0.0,-0.25473709466871386,False
0,204,0.0003733708884656799,-1.56088207899743,1.553013533159239,1.5181710170051639,-0.017366284529064507,0.0,0.15469575954868822,0.20157651997268966,-0.02097882433357287,-0.6949105858802795,-0.11415369808673859,-0.17970071732997894,-0.19876554608345032,0.11859718710184097,-0.024207264184951782,-0.00012355152390846653,-1.5613000714918386,1.5529377069107004,1.5176989168954529,-0.01723997802469598,0.0,0.15459504747368036,0.2015873067263078,-0.021007987719282,0.04540495252631965,-0.0015873067263077892,0.021007987719282,0.2,0.2,0.0,-0.25390538208805935,False
0,205,-0.00012355152390846653,-1.5613000714918386,1.5529377069107004,1.5176989168954529,-0.01723997802469598,0.0,0.15459504747368036,0.2015873067263078,-0.021007987719282,-0.0312645398080349,-0.17794829607009888,-0.5494845509529114,-0.12657712399959564,0.354350209236145,0.42167696356773376,-0.0007373289030145964,-1.5614462523089476,1.552616118801544,1.5174943819409303,-0.017031652077758596,0.0,0.15451547042121672,0.20164149799647085,-0.021070569609060258,0.045484529578783295,-0.0016414979964708546,0.021070569609060258,0.2,0.2,0.0,-0.2549039581778998,False
0,206,-0.0007373289030145964,-1.5614462523089476,1.552616118801544,1.5174943819409303,-0.017031652077758596,0.0,0.15451547042121672,0.20164149799647085,-0.021070569609060258,0.6346714496612549,-0.4858940541744232,0.0635644942522049,-0.1654210239648819,0.3670051693916321,-0.24267281591892242,-0.0003700073411759313,-1.5618545414457792,1.5522853077742296,1.5173130563627053,-0.01657516565413869,0.0,0.15441925855794447,0.20163152351217623,-0.021166881712382873,0.04558074144205554,-0.0016315235121762068,0.021166881712382873,0.2,0.2,0.0,-0.253685802064303,False
0,207,-0.0003700073411759313,-1.5618545414457792,1.5522853077742296,1.5173130563627053,-0.01657516565413869,0.0,0.15441925855794447,0.20163152351217623,-0.021166881712382873,0.30849695205688477,-0.004082180093973875,-0.0469437837600708,-0.503531813621521,0.05883476510643959,-0.09105698019266129,0.00039272857858139575,-1.5622750333170952,1.5523145160648,1.5168221924993193,-0.016221623401223198,0.0,0.15433604697748157,0.201582377028508,-0.021190905339775037,0.04566395302251844,-0.0015823770285079842,0.021190905339775037,0.2,0.2,0.0,-0.253016810302758,False
0,208,0.00039272857858139575,-1.5622750333170952,1.5523145160648,1.5168221924993193,-0.016221623401223198,0.0,0.15433604697748157,0.201582377028508,-0.021190905339775037,-0.31437182426452637,0.2994525134563446,0.48274070024490356,-0.19369889795780182,0.14471985399723053,0.09188775718212128,0.0005252019346145063,-1.562151278666797,1.5524651638247506,1.5163098252231444,-0.01611859055204181,0.0,0.15428220763743378,0.2015698727804614,-0.021165703550209122,0.04571779236256622,-0.0015698727804614031,0.021165703550209122,0.2,0.2,0.0,-0.2538262164305752,False
0,209,0.0005252019346145063,-1.562151278666797,1.5524651638247506,1.5163098252231444,-0.01611859055204181,0.0,0.15428220763743378,0.2015698727804614,-0.021165703550209122,0.06442538648843765,0.3062559962272644,-0.23872512578964233,-0.32581618428230286,-0.49681439995765686,-0.30064666271209717,0.00017153696868679223,-1.5617111607076393,1.5529569739174272,1.515998509933271,-0.016099849021153634,0.0,0.1543374095973165,0.20159003005057166,-0.02105957745199702,0.04566259040268349,-0.0015900300505716624,0.02105957745199702,0.2,0.2,0.0,-0.2555707539245241,False
0,210,0.00017153696868679223,-1.5617111607076393,1.5529569739174272,1.515998509933271,-0.016099849021153634,0.0,0.1543374095973165,0.20159003005057166,-0.02105957745199702,-0.028790215030312538,0.19370248913764954,-0.40474560856819153,-0.015719326213002205,0.22983431816101074,0.13207308948040009,0.00021285212985184494,-1.561450181106766,1.5526641829656724,1.5157752468142223,-0.016372376613894464,0.0,0.1543374095973165,0.20159003005057166,-0.02105957745199702,0.04566259040268349,-0.0015900300505716624,0.02105957745199702,0.2,0.2,0.0,-0.2547588703449929,False
0,211,0.00021285212985184494,-1.561450181106766,1.5526641829656724,1.5157752468142223,-0.016372376613894464,0.0,0.1543374095973165,0.20159003005057166,-0.02105957745199702,0.52398282289505,0.4063839018344879,-0.3579493463039398,-0.17550785839557648,0.3946927785873413,-0.0300789475440979,0.0003345790524827709,-1.56110801981624,1.552089317889584,1.515710286202795,-0.015976930977989905,0.0,0.15428506349514173,0.20158817288054182,-0.021113146959750112,0.04571493650485828,-0.0015881728805418138,0.021113146959750112,0.2,0.2,0.0,-0.25415524510109805,False
0,212,0.0003345790524827709,-1.56110801981624,1.552089317889584,1.515710286202795,-0.015976930977989905,0.0,0.15428506349514173,0.20158817288054182,-0.021113146959750112,-0.3414957821369171,-0.14101800322532654,0.10977441072463989,0.03884464129805565,-0.31796079874038696,-0.09242895990610123,0.0005900946788794275,-1.5608768267178263,1.5518857800963066,1.5156025074736674,-0.015807523031954505,0.0,0.154236057537035,0.20157183508293008,-0.021185736587591736,0.045763942462965015,-0.001571835082930077,0.021185736587591736,0.2,0.2,0.0,-0.25396190746775116,False
0,213,0.0005900946788794275,-1.5608768267178263,1.5518857800963066,1.5156025074736674,-0.015807523031954505,0.0,0.154236057537035,0.20157183508293008,-0.021185736587591736,-0.0630035474896431,0.3655919134616852,-0.21733678877353668,-0.2912638485431671,-0.38833343982696533,0.19314135611057281,0.0003338977640951392,-1.560867662301006,1.5518991561985083,1.5155437536941951,-0.016143474911210057,0.0,0.15423106412096016,0.2015799566574487,-0.02118893060061508,0.04576893587903985,-0.0015799566574487044,0.02118893060061508,0.2,0.2,0.0,-0.2547706063483974,False
0,214,0.0003338977640951392,-1.560867662301006,1.5518991561985083,1.5155437536941951,-0.016143474911210057,0.0,0.15423106412096016,0.2015799566574487,-0.02118893060061508,-0.32438287138938904,0.22729474306106567,0.1435791701078415,-0.12228839844465256,0.25038856267929077,0.05770852789282799,0.00017034076323996732,-1.5603700158901284,1.5516860942211559,1.5151663750193407,-0.01651543594258101,0.0,0.15418116703972023,0.20158456911909423,-0.02121647633720085,0.04581883296027976,-0.0015845691190942122,0.02121647633720085,0.2,0.2,0.0,-0.2541875940494824,False
0,215,0.00017034076323996732,-1.5603700158901284,1.5516860942211559,1.5151663750193407,-0.01651543594258101,0.0,0.15418116703972023,0.20158456911909423,-0.02121647633720085,0.47857666015625,-0.32063454389572144,-0.6532443165779114,-0.0883442685008049,0.32871532440185547,0.19703008234500885,9.346886478856387e-05,-1.5603179384021513,1.551592747287271,1.5150621332146499,-0.01623930679359072,0.0,0.1541912889682846,0.20159998187509381,-0.02119295960228547,0.045808711031715424,-0.0015999818750938068,0.02119295960228547,0.2,0.2,0.0,-0.2550167130264546,False
0,216,9.346886478856387e-05,-1.5603179384021513,1.551592747287271,1.5150621332146499,-0.01623930679359072,0.0,0.1541912889682846,0.20159998187509381,-0.02119295960228547,-0.46399569511413574,0.15796570479869843,0.03597146272659302,-0.09616740047931671,-0.026846062391996384,-0.11005953699350357,0.0002846074948937668,-1.5604917248040424,1.5511566208311942,1.5149745084337634,-0.016026371226434757,0.0,0.154093058872374,0.20158352729926163,-0.021303648359364658,0.045906941127626014,-0.0015835272992616274,0.021303648359364658,0.2,0.2,0.0,-0.2533611108057416,False
0,217,0.0002846074948937668,-1.5604917248040424,1.5511566208311942,1.5149745084337634,-0.016026371226434757,0.0,0.154093058872374,0.20158352729926163,-0.021303648359364658,0.6899460554122925,0.38104555010795593,-0.1991511434316635,-0.29559198021888733,0.12466415762901306,-0.29057732224464417,0.0003766656876279132,-1.5601541213793935,1.5510698020328908,1.514734339499251,-0.015973955761549714,0.0,0.154093058872374,0.20158352729926163,-0.021303648359364658,0.045906941127626014,-0.0015835272992616274,0.021303648359364658,0.2,0.2,0.0,-0.2546260683914287,False
0,218,0.0003766656876279132,-1.5601541213793935,1.5510698020328908,1.514734339499251,-0.015973955761549714,0.0,0.154093058872374,0.20158352729926163,-0.021303648359364658,-0.2900221347808838,-0.16639576852321625,-0.04549891874194145,0.08738615363836288,-0.03710942715406418,0.10924790799617767,0.0012970254550160386,-1.5596546747109594,1.550792951083265,1.514342106612378,-0.01580715681883513,0.0,0.15407949084357875,0.20157826181385585,-0.021300984867020256,0.04592050915642125,-0.0015782618138558298,0.021300984867020256,0.2,0.2,0.0,-0.25436141909038484,False
0,219,0.0012970254550160386,-1.5596546747109594,1.550792951083265,1.514342106612378,-0.01580715681883513,0.0,0.15407949084357875,0.20157826181385585,-0.021300984867020256,0.5822978019714355,0.2413281500339508,-0.06062183529138565,-0.39149945974349976,-0.32042190432548523,-0.08595675230026245,0.0014320639974602634,-1.5596320341760128,1.5507301669219762,1.5141744548079126,-0.01602602916767053,0.0,0.15403441127817966,0.20153095457609693,-0.02132733513516126,0.045965588721820355,-0.0015309545760969264,0.02132733513516126,0.2,0.2,0.0,-0.2533004058942369,False
0,220,0.0014320639974602634,-1.5596320341760128,1.5507301669219762,1.5141744548079126,-0.01602602916767053,0.0,0.15403441127817966,0.20153095457609693,-0.02132733513516126,-0.16004879772663116,-0.3023182451725006,0.6197938323020935,-0.2146829217672348,-0.06881354749202728,0.030796969309449196,0.0014958715952656373,-1.5598389371845562,1.551321081349874,1.5138131452234689,-0.016215197678960125,0.0,0.15399509004346568,0.20150455301165465,-0.021333002855623423,0.04600490995653432,-0.001504553011654628,0.021333002855623423,0.2,0.2,0.0,-0.25362229660862085,False
0,221,0.0014958715952656373,-1.5598389371845562,1.551321081349874,1.5138131452234689,-0.016215197678960125,0.0,0.15399509004346568,0.20150455301165465,-0.021333002855623423,0.0030006265733391047,-0.08952820301055908,-0.06421083956956863,-0.2838093042373657,-0.0554560087621212,-0.3214370012283325,0.001419393274718127,-1.5600369588579381,1.5515777700810114,1.513543344509743,-0.016279799372585155,0.0,0.154032792042529,0.20151881604786712,-0.021205273155094212,0.045967207957471015,-0.0015188160478671131,0.021205273155094212,0.2,0.2,0.0,-0.2549988088773139,False
0,222,0.001419393274718127,-1.5600369588579381,1.5515777700810114,1.513543344509743,-0.016279799372585155,0.0,0.154032792042529,0.20151881604786712,-0.021205273155094212,-0.38839852809906006,-0.22468514740467072,0.20638097822666168,-0.18742652237415314,0.07533788681030273,-0.07467784732580185,0.0011151485793105328,-1.5602685778347913,1.551734938258072,1.513272793073266,-0.016232899952466927,0.0,0.15398323382808754,0.2015182846192993,-0.0212227238322059,0.04601676617191246,-0.0015182846192992945,0.0212227238322059,0.2,0.2,0.0,-0.25392211639762224,False
0,223,0.0011151485793105328,-1.5602685778347913,1.551734938258072,1.513272793073266,-0.016232899952466927,0.0,0.15398323382808754,0.2015182846192993,-0.0212227238322059,-0.6010148525238037,0.21424362063407898,0.25693491101264954,-0.4543932378292084,-0.5125773549079895,-0.031662411987781525,0.00047918713059791606,-1.5603555490079324,1.5520418688995425,1.5128864714756267,-0.0164226238847813,0.0,0.15396007815770635,0.20155549472387835,-0.021187790164389902,0.04603992184229368,-0.0015554947238783446,0.021187790164389902,0.2,0.2,0.0,-0.25476466839068107,False
0,224,0.00047918713059791606,-1.5603555490079324,1.5520418688995425,1.5128864714756267,-0.0164226238847813,0.0,0.15396007815770635,0.20155549472387835,-0.021187790164389902,0.539910078048706,-0.09550457447767258,0.12500695884227753,-0.1719604730606079,0.005659009329974651,-0.07244081050157547,0.00045159597201210557,-1.560263276362078,1.5523352160929786,1.5124063295042416,-0.016813062147955818,0.0,0.15394807513237144,0.2015926642649551,-0.021118688109307282,0.046051924867628574,-0.0015926642649550773,0.021118688109307282,0.2,0.2,0.0,-0.2548588536846935,False
0,225,0.00045159597201210557,-1.560263276362078,1.5523352160929786,1.5124063295042416,-0.016813062147955818,0.0,0.15394807513237144,0.2015926642649551,-0.021118688109307282,-0.25832831859588623,0.4202881157398224,-0.4566856920719147,-0.1901807337999344,0.3689740300178528,-0.053488291800022125,0.000745890914842907,-1.5599825133629737,1.552043115421649,1.5120787853126463,-0.016470478803920104,0.0,0.15391777426737624,0.2015462323835905,-0.021108573528580712,0.04608222573262376,-0.0015462323835905092,0.021108573528580712,0.2,0.2,0.0,-0.25335541645135845,False
0,226,0.000745890914842907,-1.5599825133629737,1.552043115421649,1.5120787853126463,-0.016470478803920104,0.0,0.15391777426737624,0.2015462323835905,-0.021108573528580712,-0.7471412420272827,0.15085779130458832,-0.49700799584388733,-0.1931125521659851,0.6809667348861694,-0.01848636195063591,0.00017240386771148433,-1.5596914222868088,1.5515281671031043,1.5118746003695085,-0.015888932332029367,0.0,0.1538457171618126,0.20157723214343767,-0.021196698142996573,0.046154282838187385,-0.0015772321434376563,0.021196698142996573,0.2,0.2,0.0,-0.25422865506674674,False
0,227,0.00017240386771148433,-1.5596914222868088,1.5515281671031043,1.5118746003695085,-0.015888932332029367,0.0,0.1538457171618126,0.20157723214343767,-0.021196698142996573,0.35200923681259155,0.20918238162994385,-0.4176379144191742,-0.2367456704378128,-0.14982225000858307,0.139987513422966,-0.0015585872205391206,-1.559350503345269,1.5503832302168963,1.5114299359623677,-0.014314139969748733,0.0,0.15369952969631295,0.20166915055425852,-0.021361547423512997,0.04630047030368707,-0.001669150554258496,0.021361547423512997,0.2,0.2,0.0,-0.25442632081850153,False
0,228,-0.0015585872205391206,-1.559350503345269,1.5503832302168963,1.5114299359623677,-0.014314139969748733,0.0,0.15369952969631295,0.20166915055425852,-0.021361547423512997,0.24717441201210022,0.44195637106895447,-0.07799597084522247,-0.35100820660591125,0.22599512338638306,-0.1427707076072693,-0.00030642893378124295,-1.5586364130107577,1.5491485839443007,1.510655411532109,-0.014840181660847364,0.0,0.15347857907420542,0.20161752672902214,-0.021573748117123565,0.046521420925794574,-0.0016175267290221343,0.021573748117123565,0.2,0.2,0.0,-0.2511760614413836,False
0,229,-0.00030642893378124295,-1.5586364130107577,1.5491485839443007,1.510655411532109,-0.014840181660847364,0.0,0.15347857907420542,0.20161752672902214,-0.021573748117123565,0.038778308779001236,0.3234339952468872,-0.2590761184692383,-0.450448602437973,-0.23402321338653564,0.018756814301013947,-0.00014724455905707468,-1.5582789196036664,1.5490615210683634,1.5103359990271559,-0.014723828590696814,0.0,0.15347857907420542,0.20161752672902214,-0.021573748117123565,0.046521420925794574,-0.0016175267290221343,0.021573748117123565,0.2,0.2,0.0,-0.25430440013256983,False
0,230,-0.00014724455905707468,-1.5582789196036664,1.5490615210683634,1.5103359990271559,-0.014723828590696814,0.0,0.15347857907420542,0.20161752672902214,-0.021573748117123565,0.05704595893621445,-0.1729169487953186,-0.4736805260181427,-0.1667301505804062,-0.39593514800071716,-0.12432940304279327,-8.19094439317902e-05,-1.5582334828034565,1.5485358352962209,1.509946247730826,-0.015176451207529314,0.0,0.1534388085862765,0.201607741569896,-0.02157940361327859,0.0465611914137235,-0.0016077415698959837,0.02157940361327859,0.2,0.2,0.0,-0.253647539939012,False
0,231,-8.19094439317902e-05,-1.5582334828034565,1.5485358352962209,1.509946247730826,-0.015176451207529314,0.0,0.1534388085862765,0.201607741569896,-0.02157940361327859,-0.6572492718696594,0.030133267864584923,-0.028248459100723267,-0.34205320477485657,-0.37270376086235046,-0.2657615840435028,-0.0004465947352492062,-1.5582998545195639,1.54829429378481,1.5096652732999705,-0.015586282331826408,0.0,0.15330613907611,0.20160294229466125,-0.02170617225984678,0.046693860923890024,-0.00160294229466123,0.02170617225984678,0.2,0.2,0.0,-0.252739087579735,False
0,232,-0.0004465947352492062,-1.5582998545195639,1.54829429378481,1.5096652732999705,-0.015586282331826408,0.0,0.15330613907611,0.20160294229466125,-0.02170617225984678,-0.43789854645729065,0.3809790313243866,0.22704258561134338,-0.10523901134729385,-0.3788744807243347,0.1883966028690338,-0.0014684964708110795,-1.5581426511893823,1.54833052334163,1.5091727975226674,-0.01619883824848062,0.0,0.15324650077847685,0.20165943942121556,-0.02171292112347767,0.046753499221523165,-0.0016594394212155336,0.02171292112347767,0.2,0.2,0.0,-0.2543980859799939,False
0,233,-0.0014684964708110795,-1.5581426511893823,1.54833052334163,1.5091727975226674,-0.01619883824848062,0.0,0.15324650077847685,0.20165943942121556,-0.02171292112347767,0.08164846152067184,0.3133085072040558,-0.48286929726600647,-0.3795400857925415,-0.26216527819633484,0.21712809801101685,-0.0016933987423628932,-1.5576698014873325,1.548147171895391,1.5088452300020394,-0.016627596330688336,0.0,0.1532710564912082,0.2017016458976849,-0.021655959944652053,0.046728943508791795,-0.001701645897684888,0.021655959944652053,0.2,0.2,0.0,-0.25512146260191626,False
0,234,-0.0016933987423628932,-1.5576698014873325,1.548147171895391,1.5088452300020394,-0.016627596330688336,0.0,0.1532710564912082,0.2017016458976849,-0.021655959944652053,-0.6844350695610046,-0.41709980368614197,-0.008152240887284279,0.2818564176559448,0.11831026524305344,0.2990131974220276,-0.0021530886460615862,-1.55770553470342,1.5476747427913229,1.5087063511120506,-0.016780235939273386,0.0,0.1531356612077263,0.20169320364057325,-0.021771242787247333,0.046864338792273724,-0.001693203640573248,0.021771242787247333,0.2,0.2,0.0,-0.2526055172496036,False
0,235,-0.0021530886460615862,-1.55770553470342,1.5476747427913229,1.5087063511120506,-0.016780235939273386,0.0,0.1531356612077263,0.20169320364057325,-0.021771242787247333,-0.0712713971734047,0.22034355998039246,0.09814633429050446,-0.14694060385227203,0.2862953543663025,0.0066125825978815556,-0.0024496099541749237,-1.5577572648187437,1.5477244774678192,1.50874369979411,-0.016590790748317215,0.0,0.15314248773848205,0.20174078639741053,-0.021793682711570644,0.04685751226151798,-0.0017407863974105257,0.021793682711570644,0.2,0.2,0.0,-0.25509416859050105,False
0,236,-0.0024496099541749237,-1.5577572648187437,1.5477244774678192,1.50874369979411,-0.016590790748317215,0.0,0.15314248773848205,0.20174078639741053,-0.021793682711570644,-0.19441154599189758,0.21929903328418732,0.10814923793077469,-0.2839655876159668,-0.1583210974931717,0.19817687571048737,-0.002602675868604906,-1.5573224413958724,1.5479173999707996,1.5084260728688592,-0.016124528662079154,0.0,0.15316117570185106,0.20174691073332773,-0.021745985541177376,0.046838824298148965,-0.0017469107333277277,0.021745985541177376,0.2,0.2,0.0,-0.2544709841580538,False
0,237,-0.002602675868604906,-1.5573224413958724,1.5479173999707996,1.5084260728688592,-0.016124528662079154,0.0,0.15316117570185106,0.20174691073332773,-0.021745985541177376,-0.7321975231170654,0.1107713058590889,-0.38919857144355774,-0.47942987084388733,0.07751399278640747,0.28235602378845215,-0.003022013485549822,-1.557206662855418,1.5477540585023586,1.508107475012121,-0.016135203818083782,0.0,0.15314533963689117,0.20176274487182186,-0.021731515895798498,0.04685466036310884,-0.0017627448718218574,0.021731515895798498,0.2,0.2,0.0,-0.2542678687424299,False
0,238,-0.003022013485549822,-1.557206662855418,1.5477540585023586,1.508107475012121,-0.016135203818083782,0.0,0.15314533963689117,0.20176274487182186,-0.021731515895798498,0.027809269726276398,0.10856744647026062,0.0021466915495693684,-0.12170343101024628,-0.45172426104545593,0.006785742938518524,-0.003858691921024545,-1.5570366239591078,1.5473025339392414,1.507507330965498,-0.016224444264807677,0.0,0.15300687083986547,0.20182541326858025,-0.021825449606445807,0.04699312916013455,-0.0018254132685802404,0.021825449606445807,0.2,0.2,0.0,-0.25369479380038773,False
0,239,-0.003858691921024545,-1.5570366239591078,1.5473025339392414,1.507507330965498,-0.016224444264807677,0.0,0.15300687083986547,0.20182541326858025,-0.021825449606445807,-0.06476189941167831,0.21352124214172363,0.25059881806373596,-0.2857241630554199,-0.3921196758747101,-0.32163864374160767,-0.0038741631810734136,-1.5567856461307532,1.5475109227241612,1.5071969129158491,-0.016882874647088274,0.0,0.15300669632655634,0.20182392033410101,-0.021796614062205552,0.04699330367344369,-0.0018239203341010148,0.021796614062205552,0.2,0.2,0.0,-0.2541274570926846,False
0,240,-0.0038741631810734136,-1.5567856461307532,1.5475109227241612,1.5071969129158491,-0.016882874647088274,0.0,0.15300669632655634,0.20182392033410101,-0.021796614062205552,0.5724260807037354,0.23596763610839844,0.10636895895004272,0.17130440473556519,-0.08328612893819809,-0.02818887308239937,-0.0036458848785642173,-1.5564846153333896,1.5477808834780973,1.5070361732213635,-0.017257350337916758,0.0,0.1530456436894522,0.20181197970825068,-0.021713626972746536,0.04695435631054781,-0.0018119797082506808,0.021713626972746536,0.2,0.2,0.0,-0.2543468795719184,False
0,241,-0.0036458848785642173,-1.5564846153333896,1.5477808834780973,1.5070361732213635,-0.017257350337916758,0.0,0.1530456436894522,0.20181197970825068,-0.021713626972746536,-0.525789737701416,-0.11794521659612656,0.19446656107902527,-0.29056334495544434,0.3532404601573944,-0.3266910910606384,-0.0026388325771504436,-1.5560543087107994,1.5479696835501024,1.5073631732720065,-0.017398895147423404,0.0,0.1530456436894522,0.20181197970825068,-0.021713626972746536,0.04695435631054781,-0.0018119797082506808,0.021713626972746536,0.2,0.2,0.0,-0.25420960997254555,False
0,242,-0.0026388325771504436,-1.5560543087107994,1.5479696835501024,1.5073631732720065,-0.017398895147423404,0.0,0.1530456436894522,0.20181197970825068,-0.021713626972746536,0.3453141152858734,-0.026533231139183044,-0.3142819106578827,0.04993395134806633,0.03312225639820099,-0.045468252152204514,-0.0027001333697296683,-1.5561010417430436,1.5479311853802566,1.5072894569603021,-0.017283642392666655,0.0,0.1531357441705769,0.2017564200539521,-0.02165140005160579,0.04686425582942311,-0.0017564200539520985,0.02165140005160579,0.2,0.2,0.0,-0.25431148643685747,False
0,243,-0.0027001333697296683,-1.5561010417430436,1.5479311853802566,1.5072894569603021,-0.017283642392666655,0.0,0.1531357441705769,0.2017564200539521,-0.02165140005160579,0.722350001335144,0.2642454504966736,-0.031441476196050644,-0.30756664276123047,-0.12264851480722427,-0.27384471893310547,-0.002211846912676183,-1.5560420154891899,1.547675674004446,1.5072380576548976,-0.017296581494223806,0.0,0.15309464770558,0.20174075092210222,-0.021706823592417684,0.046905352294419986,-0.0017407509221022037,0.021706823592417684,0.2,0.2,0.0,-0.2535327259882525,False
0,244,-0.002211846912676183,-1.5560420154891899,1.547675674004446,1.5072380576548976,-0.017296581494223806,0.0,0.15309464770558,0.20174075092210222,-0.021706823592417684,-0.21907496452331543,0.15742667019367218,0.05378515273332596,-0.2821238934993744,0.037895724177360535,0.3416130542755127,-0.0020392213073226707,-1.5558597298778591,1.5476924388002595,1.5069790054162093,-0.017325223684396637,0.0,0.1530770746037068,0.20171449378427428,-0.021697594600995268,0.04692292539629321,-0.0017144937842742765,0.021697594600995268,0.2,0.2,0.0,-0.25350553893884215,False
0,245,-0.0020392213073226707,-1.5558597298778591,1.5476924388002595,1.5069790054162093,-0.017325223684396637,0.0,0.1530770746037068,0.20171449378427428,-0.021697594600995268,0.5336028337478638,0.3937230706214905,0.398407518863678,-0.21084168553352356,-0.008034242317080498,0.31582239270210266,-0.002001078702684949,-1.5555826229286802,1.5478928939052836,1.5066800413174049,-0.017298297962079615,0.0,0.15308154624177778,0.2017161636334091,-0.02164512775846253,0.04691845375822222,-0.0017161636334091057,0.02164512775846253,0.2,0.2,0.0,-0.254140226991411,False
0,246,-0.002001078702684949,-1.5555826229286802,1.5478928939052836,1.5066800413174049,-0.017298297962079615,0.0,0.15308154624177778,0.2017161636334091,-0.02164512775846253,-0.31403112411499023,0.08758719265460968,0.043729837983846664,-0.5209617614746094,-0.08738221228122711,0.14532747864723206,-0.0014488336058850184,-1.5550548745875246,1.548411238396462,1.506213300275737,-0.01734408513917466,0.0,0.15312620402917942,0.20168397279907282,-0.021530029083725755,0.04687379597082057,-0.0016839727990728118,0.021530029083725755,0.2,0.2,0.0,-0.2539724760501277,False
0,247,-0.0014488336058850184,-1.5550548745875246,1.548411238396462,1.506213300275737,-0.01734408513917466,0.0,0.15312620402917942,0.20168397279907282,-0.021530029083725755,0.4682776927947998,0.31978994607925415,0.1282179206609726,-0.6755568981170654,-0.0028894611168652773,0.02314448170363903,-0.0015181275810999002,-1.5548679947732607,1.5484876518842903,1.5055440309121662,-0.0174129532594539,0.0,0.15312620402917942,0.20168397279907282,-0.021530029083725755,0.04687379597082057,-0.0016839727990728118,0.021530029083725755,0.2,0.2,0.0,-0.25414090854632027,False
0,248,-0.0015181275810999002,-1.5548679947732607,1.5484876518842903,1.5055440309121662,-0.0174129532594539,0.0,0.15312620402917942,0.20168397279907282,-0.021530029083725755,0.15210890769958496,-0.2283836007118225,-0.0791652575135231,-0.29594680666923523,-0.34164756536483765,0.14893652498722076,-0.0007303274545426939,-1.5543075619103666,1.5487122986304132,1.504370385588412,-0.01741550344760448,0.0,0.15305261641797635,0.20167992428512552,-0.021498232997279293,0.04694738358202365,-0.0016799242851255002,0.021498232997279293,0.2,0.2,0.0,-0.2530859277109509,False
0,249,-0.0007303274545426939,-1.5543075619103666,1.5487122986304132,1.504370385588412,-0.01741550344760448,0.0,0.15305261641797635,0.20167992428512552,-0.021498232997279293,-0.09014841169118881,-0.107501320540905,-0.07675037533044815,-0.38833123445510864,-0.2573823630809784,-0.27089452743530273,-0.0006949166509913417,-1.5544601919535803,1.5486471240878932,1.5041269965182287,-0.017659931628103653,0.0,0.1529776993294355,0.20164012298319622,-0.021460531412140132,0.04702230067056451,-0.0016401229831962006,0.021460531412140132,0.2,0.2,0.0,-0.25241269400278066,False
0,250,-0.0006949166509913417,-1.5544601919535803,1.5486471240878932,1.5041269965182287,-0.017659931628103653,0.0,0.1529776993294355,0.20164012298319622,-0.021460531412140132,0.17116394639015198,0.18473337590694427,-0.2794141471385956,-0.01980021968483925,0.5211779475212097,0.07141491770744324,-0.0006281602522122401,-1.5543904745944017,1.5484513843163756,1.5039666886460172,-0.017447026007361015,0.0,0.15291963474146264,0.20164138434356663,-0.021485849323162262,0.04708036525853737,-0.0016413843435666017,0.021485849323162262,0.2,0.2,0.0,-0.25334248260897807,False
