episode,timestep,s1,s2,s3,s4,s5,g_s,rb_x,rb_y,rb_z,a1,a2,a3,a4,a5,g_a,ns1,ns2,ns3,ns4,ns5,ng_s,nrb_x,nrb_y,nrb_z,jp_x,jp_y,jp_z,bp_x,bp_y,bp_z,distance,reward,done
0,0,4.3406400467954185e-15,-1.5700000000292762,1.570000000076782,1.570000000040591,1.2722741531592682e-13,0.0,0.16227085568594393,0.2015999999999998,-0.018460129445925913,0.19924652576446533,0.9762128591537476,0.13575787842273712,0.6331145763397217,-0.9639448523521423,-0.8565646409988403,4.3406400467954185e-15,-1.5700000000292762,1.570000000076782,1.570000000040591,1.2722741531592682e-13,0.0,0.14810850602957915,0.19964139228455877,-0.045759623325182804,0.05189149397042088,0.00035860771544124384,0.045759623325182804,0.2,0.2,0.0,0.2527582999596523,0.0,False
0,1,4.3406400467954185e-15,-1.5700000000292762,1.570000000076782,1.570000000040591,1.2722741531592682e-13,0.0,0.14810850602957915,0.19964139228455877,-0.045759623325182804,-0.5821283459663391,-0.5495166182518005,0.7809640169143677,0.7120957374572754,0.9115724563598633,-0.9306008219718933,0.029297390487772405,-1.3204000000539218,1.322272473280137,1.5672776864488531,0.24716408802054754,0.0,0.14643458327024106,0.199440859037923,-0.04810764307839832,0.05356541672975895,0.0005591409620770174,0.04810764307839832,0.2,0.2,0.0,0.25205969283856633,-0.14904377520842324,False
0,2,0.029297390487772405,-1.3204000000539218,1.322272473280137,1.5672776864488531,0.24716408802054754,0.0,0.14643458327024106,0.199440859037923,-0.04810764307839832,-0.8383133411407471,0.5405970811843872,0.20889480412006378,-0.8712084889411926,0.12970590591430664,0.14902156591415405,0.027073701327103374,-1.2780051548520284,1.281860695013418,1.5646209806674387,0.29719909399611544,0.0,0.14643458327024106,0.199440859037923,-0.04810764307839832,0.05356541672975895,0.0005591409620770174,0.04810764307839832,0.2,0.2,0.0,0.25205969283856633,-0.15602984641928316,False
0,3,0.027073701327103374,-1.2780051548520284,1.281860695013418,1.5646209806674387,0.29719909399611544,0.0,0.14643458327024106,0.199440859037923,-0.04810764307839832,-0.7791870832443237,-0.817021906375885,-0.1922600269317627,-0.547328770160675,0.20136789977550507,-0.31131497025489807,-0.0004296055087609571,-1.2588051548532224,1.263305220546363,1.5454209806745263,0.3163990939815245,0.0,0.1449368272009547,0.19996469736672717,-0.04899395978609918,0.05506317279904531,3.530263327284396e-05,0.04899395978609918,0.2,0.2,0.0,0.2517796103094293,-0.15308897986334438,False
0,4,-0.0004296055087609571,-1.2588051548532224,1.263305220546363,1.5454209806745263,0.3163990939815245,0.0,0.1449368272009547,0.19996469736672717,-0.04899395978609918,0.24154822528362274,0.8387669920921326,-0.21845299005508423,0.9658104181289673,-0.7869136929512024,-0.5549758076667786,-0.0044131113189861135,-1.2517588743130714,1.246676424600597,1.5411947176600784,0.32995407068419713,0.0,0.1403477721869431,0.20188239663619212,-0.05192762355991695,0.059652227813056916,-0.001882396636192121,0.05192762355991695,0.2,0.2,0.0,0.25129758717104966,-0.15082856220172844,False
0,5,-0.0044131113189861135,-1.2517588743130714,1.246676424600597,1.5411947176600784,0.32995407068419713,0.0,0.1403477721869431,0.20188239663619212,-0.05192762355991695,0.6470997929573059,-0.310438871383667,-0.831987738609314,-0.6517690420150757,0.8902453184127808,-0.5427349209785461,7.16862495722636e-05,-1.23973997788028,1.2274764246047836,1.538817528554399,0.34808046931396447,0.0,0.13903799428742597,0.20163850400289654,-0.054276005532125124,0.060962005712574055,-0.001638504002896527,0.054276005532125124,0.2,0.2,0.0,0.2508695575962131,-0.1511544830497409,False
0,6,7.16862495722636e-05,-1.23973997788028,1.2274764246047836,1.538817528554399,0.34808046931396447,0.0,0.13903799428742597,0.20163850400289654,-0.054276005532125124,0.341794490814209,-0.7984701991081238,-0.3802913427352905,-0.9379512667655945,-0.5606663823127747,0.5919218063354492,0.007035405324554643,-1.23477326980468,1.2138051392063693,1.5264726952402816,0.359768131879374,0.0,0.13903799428742597,0.20163850400289654,-0.054276005532125124,0.060962005712574055,-0.001638504002896527,0.054276005532125124,0.2,0.2,0.0,0.2508695575962131,-0.15543477879810655,False
0,7,0.007035405324554643,-1.23477326980468,1.2138051392063693,1.5264726952402816,0.359768131879374,0.0,0.13903799428742597,0.20163850400289654,-0.054276005532125124,0.32492926716804504,-0.9627907872200012,-0.42556101083755493,-0.012251107022166252,0.5120100378990173,-0.6515533924102783,0.01238079206794748,-1.244814753041732,1.1946051392105974,1.507272695247614,0.37837058038705407,0.0,0.13391670426141622,0.20089278895242943,-0.05794106986693574,0.06608329573858378,-0.0008927889524294114,0.05794106986693574,0.2,0.2,0.0,0.24829169118327357,-0.12836718146224152,False
0,8,0.01238079206794748,-1.244814753041732,1.1946051392105974,1.507272695247614,0.37837058038705407,0.0,0.13391670426141622,0.20089278895242943,-0.05794106986693574,0.7651864290237427,0.7719721794128418,-0.6539634466171265,-0.4803989827632904,0.21816344559192657,0.04897478222846985,0.016782850556391605,-1.2393398405937908,1.1760149143399914,1.4985111930169888,0.3940920092102419,0.0,0.12875839141211265,0.2003769584204846,-0.0631792461306253,0.07124160858788738,-0.0003769584204846015,0.0631792461306253,0.2,0.2,0.0,0.24641685406342148,-0.13446005583318982,False
0,9,0.016782850556391605,-1.2393398405937908,1.1760149143399914,1.4985111930169888,0.3940920092102419,0.0,0.12875839141211265,0.2003769584204846,-0.0631792461306253,0.3242524564266205,0.4515399932861328,-0.31492289900779724,0.8343820571899414,0.306589275598526,-0.3941241502761841,0.024913563710875858,-1.2265673900063288,1.1626855048374254,1.489463224522031,0.4066455034431531,0.0,0.12524804109932877,0.1993269219553399,-0.06564018358945967,0.07475195890067124,0.0006730780446600897,0.06564018358945967,0.2,0.2,0.0,0.24439093133147818,-0.13193623834630613,False
0,10,0.024913563710875858,-1.2265673900063288,1.1626855048374254,1.489463224522031,0.4066455034431531,0.0,0.12524804109932877,0.1993269219553399,-0.06564018358945967,-0.709087610244751,0.1391870230436325,-0.5150583386421204,0.9030441045761108,-0.34812456369400024,-0.8885400295257568,0.024913563710875858,-1.2265673900063288,1.1626855048374254,1.489463224522031,0.4066455034431531,0.0,0.12488022549998752,0.22741184621373353,-0.08134159183623141,0.07511977450001249,-0.027411846213733514,0.08134159183623141,0.2,0.2,0.0,0.27189643815563047,-0.44100328731933813,False
0,11,0.024913563710875858,-1.2265673900063288,1.1626855048374254,1.489463224522031,0.4066455034431531,0.0,0.12488022549998752,0.22741184621373353,-0.08134159183623141,0.9292187690734863,0.3092527389526367,-0.8399581909179688,0.24702808260917664,-0.13678258657455444,0.539546012878418,-0.30392248289521356,-1.0159652836963666,0.9470607639318445,1.5951881175636546,0.6171239713203202,0.0,0.12488022549998752,0.22741184621373353,-0.08134159183623141,0.07511977450001249,-0.027411846213733514,0.08134159183623141,0.2,0.2,0.0,0.27189643815563047,-0.16594821907781523,False
0,12,-0.30392248289521356,-1.0159652836963666,0.9470607639318445,1.5951881175636546,0.6171239713203202,0.0,0.12488022549998752,0.22741184621373353,-0.08134159183623141,0.6920305490493774,0.6882601976394653,0.45820650458335876,-0.9813499450683594,-0.6994998455047607,0.5020327568054199,-0.2854032120588166,-0.9934662331537683,0.9346629428113183,1.5787979332042803,0.6345070792892833,0.0,0.12337134426043551,0.22852472531002951,-0.08336234650265677,0.0766286557395645,-0.028524725310029496,0.08336234650265677,0.2,0.2,0.0,0.2727513876721443,-0.1749251890012104,False
0,13,-0.2854032120588166,-0.9934662331537683,0.9346629428113183,1.5787979332042803,0.6345070792892833,0.0,0.12337134426043551,0.22852472531002951,-0.08336234650265677,-0.7067615985870361,-0.18087294697761536,0.8455570936203003,0.8756362199783325,0.8234736919403076,0.4170352816581726,-0.27863073183303233,-0.9817695188151965,0.9332563384576127,1.5705442350683145,0.6519506247451334,0.0,0.1198875887227235,0.2276676136059504,-0.08291342811542621,0.08011241127727652,-0.02766761360595037,0.08291342811542621,0.2,0.2,0.0,0.27033352137060096,-0.1409880976698671,False
0,14,-0.27863073183303233,-0.9817695188151965,0.9332563384576127,1.5705442350683145,0.6519506247451334,0.0,0.1198875887227235,0.2276676136059504,-0.08291342811542621,-0.6722981929779053,0.38011568784713745,0.5226297974586487,0.31545186042785645,0.3484521210193634,0.7926415205001831,-0.28750864402104837,-0.9695395858089478,0.9390012238458855,1.5717191280710743,0.6688346377801152,0.0,0.12092135270707519,0.2277834180080819,-0.08061684756143431,0.07907864729292483,-0.027783418008081907,0.08061684756143431,0.2,0.2,0.0,0.2701968452271362,-0.16373166117892068,False
0,15,-0.28750864402104837,-0.9695395858089478,0.9390012238458855,1.5717191280710743,0.6688346377801152,0.0,0.12092135270707519,0.2277834180080819,-0.08061684756143431,-0.012900309637188911,-0.9230619668960571,0.347210556268692,0.8415044546127319,0.4377359449863434,0.13954298198223114,-0.2963034596980429,-0.9602169438536506,0.9333595337329411,1.5658169559035426,0.690573893664315,0.0,0.12021001318993516,0.22920533296410323,-0.07920847572026693,0.07978998681006486,-0.029205332964103208,0.07920847572026693,0.2,0.2,0.0,0.2706649488874352,-0.1700135110467074,False
0,16,-0.2963034596980429,-0.9602169438536506,0.9333595337329411,1.5658169559035426,0.690573893664315,0.0,0.12021001318993516,0.22920533296410323,-0.07920847572026693,-0.4460351765155792,-0.6667498350143433,0.050550613552331924,-0.02216603234410286,-0.17959298193454742,0.21750836074352264,-0.2932832462664984,-0.9770259824388358,0.9171403824762436,1.5666392506171545,0.7104456293437961,0.0,0.11897457192978386,0.22900886696789335,-0.08322849437902505,0.08102542807021615,-0.029008866967893336,0.08322849437902505,0.2,0.2,0.0,0.27115861076571585,-0.1705159241656644,False
0,17,-0.2932832462664984,-0.9770259824388358,0.9171403824762436,1.5666392506171545,0.7104456293437961,0.0,0.11897457192978386,0.22900886696789335,-0.08322849437902505,0.6215953826904297,-0.09748951345682144,0.27245640754699707,-0.49513834714889526,0.6056545972824097,0.022653883323073387,-0.2917210922555897,-0.9797322379482803,0.8996050192291457,1.552285252067644,0.7274967238172946,0.0,0.11515732538933357,0.23042310303121624,-0.08762348699834241,0.08484267461066644,-0.030423103031216238,0.08762348699834241,0.2,0.2,0.0,0.2720916968139749,-0.1753767088895778,False
0,18,-0.2917210922555897,-0.9797322379482803,0.8996050192291457,1.552285252067644,0.7274967238172946,0.0,0.11515732538933357,0.23042310303121624,-0.08762348699834241,0.5504094362258911,0.9635618925094604,-0.670620858669281,0.5829707384109497,0.037316422909498215,0.7498748302459717,-0.276372347775163,-0.9638461833222225,0.8828328283797553,1.5378830993339025,0.7438764057611443,0.0,0.11071435544222004,0.22973880398784857,-0.08926318576090836,0.08928564455777997,-0.02973880398784855,0.08926318576090836,0.2,0.2,0.0,0.2701953050867831,-0.1461337352714735,False
0,19,-0.276372347775163,-0.9638461833222225,0.8828328283797553,1.5378830993339025,0.7438764057611443,0.0,0.11071435544222004,0.22973880398784857,-0.08926318576090836,0.5616717338562012,0.265482634305954,0.7769628763198853,-0.5660617351531982,0.6903382539749146,0.7144542932510376,-0.26371876594698435,-0.947421405057003,0.8692907456224844,1.5354539761580694,0.7601337608124086,0.0,0.11071435544222004,0.22973880398784857,-0.08926318576090836,0.08928564455777997,-0.02973880398784855,0.08926318576090836,0.2,0.2,0.0,0.2701953050867831,-0.16509765254339154,False
0,20,-0.26371876594698435,-0.947421405057003,0.8692907456224844,1.5354539761580694,0.7601337608124086,0.0,0.11071435544222004,0.22973880398784857,-0.08926318576090836,-0.023411884903907776,0.8228979110717773,-0.6150569915771484,-0.5885934829711914,-0.9235129356384277,0.7659655809402466,-0.26371876594698435,-0.947421405057003,0.8692907456224844,1.5354539761580694,0.7601337608124086,0.0,0.05722824566278731,0.22983251810332314,-0.08856359688288765,0.1427717543372127,-0.029832518103323137,0.08856359688288765,0.2,0.2,0.0,0.2528667023793155,0.016852675885017793,False
0,21,-0.26371876594698435,-0.947421405057003,0.8692907456224844,1.5354539761580694,0.7601337608124086,0.0,0.05722824566278731,0.22983251810332314,-0.08856359688288765,-0.45864465832710266,0.9824503064155579,0.10811863839626312,0.5097488760948181,0.6907777786254883,0.7696943283081055,-0.18391440717947807,-0.6001784831971702,0.6512341911426919,1.2432310019128376,0.977655555780035,0.0,0.05165569675012632,0.23037325919376817,-0.0900731101085922,0.1483443032498737,-0.03037325919376814,0.0900731101085922,0.2,0.2,0.0,0.2526921342719925,-0.154600386062766,False
0,22,-0.18391440717947807,-0.6001784831971702,0.6512341911426919,1.2432310019128376,0.977655555780035,0.0,0.05165569675012632,0.23037325919376817,-0.0900731101085922,0.3955419957637787,-0.22750763595104218,0.1298370212316513,-0.1940910369157791,0.35179293155670166,-0.850071132183075,-0.19088063672198874,-0.5860366211849384,0.6371351376262013,1.247312928013315,0.9938822487213824,0.0,0.04993591337272746,0.23167450300151168,-0.08956162227389418,0.15006408662727255,-0.031674503001511665,0.08956162227389418,0.2,0.2,0.0,0.2533534191000739,-0.16328955783085117,False
0,23,-0.19088063672198874,-0.5860366211849384,0.6371351376262013,1.247312928013315,0.9938822487213824,0.0,0.04993591337272746,0.23167450300151168,-0.08956162227389418,-0.9511277675628662,-0.7840239405632019,-0.5244770646095276,-0.46583569049835205,0.7792478799819946,0.40912187099456787,-0.19110646145771218,-0.5930633544737627,0.6235587729145698,1.2389587523816357,1.0092251352240142,0.0,0.04764712316885958,0.23200303286304824,-0.09230163425153334,0.15235287683114043,-0.03200303286304822,0.09230163425153334,0.2,0.2,0.0,0.25419529360203535,-0.16551639182063205,False
0,24,-0.19110646145771218,-0.5930633544737627,0.6235587729145698,1.2389587523816357,1.0092251352240142,0.0,0.04764712316885958,0.23200303286304824,-0.09230163425153334,-0.7034001350402832,-0.8837225437164307,-0.19379061460494995,-0.38192883133888245,-0.4020936191082001,-0.3223392069339752,-0.21786337391311433,-0.6141150313696453,0.5883691189560257,1.2219263240846654,1.0264565612406582,0.0,0.04260587939503743,0.2378292365222659,-0.10355412204488482,0.15739412060496258,-0.037829236522265886,0.10355412204488482,0.2,0.2,0.0,0.2628715711070242,-0.24819856060340048,False
0,25,-0.21786337391311433,-0.6141150313696453,0.5883691189560257,1.2219263240846654,1.0264565612406582,0.0,0.04260587939503743,0.2378292365222659,-0.10355412204488482,0.907421886920929,-0.9086443185806274,-0.7527143955230713,-0.2310512512922287,0.3771173655986786,-0.7983142733573914,-0.21935001817820837,-0.6305046510881995,0.5602722647357988,1.2113558889507159,1.0384893121351886,0.0,0.03826613329238274,0.23939648130638166,-0.11449009992446088,0.16173386670761727,-0.03939648130638165,0.11449009992446088,0.2,0.2,0.0,0.26810996848259894,-0.2164389579970469,False
0,26,-0.21935001817820837,-0.6305046510881995,0.5602722647357988,1.2113558889507159,1.0384893121351886,0.0,0.03826613329238274,0.23939648130638166,-0.11449009992446088,0.6672576665878296,0.28206536173820496,-0.21261735260486603,-0.16614888608455658,-0.008049403317272663,0.7169029712677002,-0.20084041035167405,-0.6403336386547607,0.5252552901595033,1.1989950881568059,1.056847011253984,0.0,0.033249403608994504,0.2370410020269497,-0.12436654563724718,0.1667505963910055,-0.03704100202694968,0.12436654563724718,0.2,0.2,0.0,0.269742464502784,-0.1811961924532426,False
0,27,-0.20084041035167405,-0.6403336386547607,0.5252552901595033,1.1989950881568059,1.056847011253984,0.0,0.033249403608994504,0.2370410020269497,-0.12436654563724718,0.6366281509399414,-0.8116374015808105,-0.6896140575408936,-0.2780141532421112,-0.2792236804962158,0.21581929922103882,-0.18804277157905652,-0.6370051061113832,0.5070577254663462,1.1913026216337257,1.0686122282642612,0.0,0.033249403608994504,0.2370410020269497,-0.12436654563724718,0.1667505963910055,-0.03704100202694968,0.12436654563724718,0.2,0.2,0.0,0.269742464502784,-0.164871232251392,False
0,28,-0.18804277157905652,-0.6370051061113832,0.5070577254663462,1.1913026216337257,1.0686122282642612,0.0,0.033249403608994504,0.2370410020269497,-0.12436654563724718,0.5843091607093811,-0.4723518192768097,-0.20974044501781464,0.37601691484451294,-0.8620815277099609,-0.7928735613822937,-0.17230432551087455,-0.6517090109252899,0.47713300988649826,1.1868741386094648,1.07759847562328,0.0,0.029292781664861878,0.23467106775460078,-0.13128556474318165,0.17070721833513813,-0.034671067754600764,0.13128556474318165,0.2,0.2,0.0,0.2704893280864992,-0.1727132998804019,False
0,29,-0.17230432551087455,-0.6517090109252899,0.47713300988649826,1.1868741386094648,1.07759847562328,0.0,0.029292781664861878,0.23467106775460078,-0.13128556474318165,-0.664413332939148,-0.38435548543930054,-0.5760401487350464,0.25794652104377747,-0.2874881327152252,0.709334671497345,-0.16607290653142928,-0.6610362573534846,0.45944685637055066,1.189618453090136,1.0836631248967854,0.0,0.027266542004511674,0.23189323610369206,-0.13935588433948704,0.17273345799548834,-0.03189323610369205,0.13935588433948704,0.2,0.2,0.0,0.27191542759388804,-0.18021870887083213,False
0,30,-0.16607290653142928,-0.6610362573534846,0.45944685637055066,1.189618453090136,1.0836631248967854,0.0,0.027266542004511674,0.23189323610369206,-0.13935588433948704,0.8606616258621216,0.715298056602478,0.8529317378997803,0.5116531848907471,0.43979525566101074,0.8527539372444153,-0.16607290653142928,-0.6610362573534846,0.45944685637055066,1.189618453090136,1.0836631248967854,0.0,0.12901991390215092,0.1892369689562778,-0.011136950789493238,0.07098008609784909,0.01076303104372221,0.011136950789493238,0.2,0.2,0.0,0.22930503761576038,0.2814513809733964,False
0,31,-0.16607290653142928,-0.6610362573534846,0.45944685637055066,1.189618453090136,1.0836631248967854,0.0,0.12901991390215092,0.1892369689562778,-0.011136950789493238,0.9544664621353149,0.9562038779258728,-0.31996262073516846,0.1598069816827774,-0.48400822281837463,-0.5562233924865723,0.14078045131217548,-0.348481792972418,0.9810157341881225,1.331405824037017,1.4699679722829784,0.0,0.1291810996760821,0.18863313155996558,-0.01141438170221028,0.07081890032391792,0.01136686844003442,0.01141438170221028,0.2,0.2,0.0,0.22891156140589514,-0.14052101860429517,False
0,32,0.14078045131217548,-0.348481792972418,0.9810157341881225,1.331405824037017,1.4699679722829784,0.0,0.1291810996760821,0.18863313155996558,-0.01141438170221028,-0.5017587542533875,-0.6313179731369019,0.8740761876106262,-0.9783037900924683,-0.0010699029080569744,-0.8414103388786316,0.15017810560870776,-0.3362950898540245,0.9681043285158126,1.3347454596594988,1.4703085609468263,0.0,0.12758652940565504,0.18750259858824314,-0.011636163153612267,0.07241347059434497,0.012497401411756884,0.011636163153612267,0.2,0.2,0.0,0.227092376041252,-0.1253543343741945,False
0,33,0.15017810560870776,-0.3362950898540245,0.9681043285158126,1.3347454596594988,1.4703085609468263,0.0,0.12758652940565504,0.18750259858824314,-0.011636163153612267,-0.11714191734790802,0.16502046585083008,-0.7903753519058228,0.542356550693512,-0.9071550965309143,0.7285175323486328,0.1363213507893867,-0.34819440512714434,0.9672559411644264,1.3213715402268265,1.4734396807147092,0.0,0.12758652940565504,0.18750259858824314,-0.011636163153612267,0.07241347059434497,0.012497401411756884,0.011636163153612267,0.2,0.2,0.0,0.227092376041252,-0.143546188020626,False
0,34,0.1363213507893867,-0.34819440512714434,0.9672559411644264,1.3213715402268265,1.4734396807147092,0.0,0.12758652940565504,0.18750259858824314,-0.011636163153612267,0.6226465106010437,0.030033612623810768,0.3613424599170685,0.7239260673522949,0.31294065713882446,0.7331897020339966,0.12813669820692744,-0.34170621613001284,0.9528559411675154,1.3251872915728626,1.4676274033867966,0.0,0.12476493773572163,0.1882936418353367,-0.012108650776905441,0.07523506226427838,0.0117063581646633,0.012108650776905441,0.2,0.2,0.0,0.2262021323229505,-0.13419862897846038,False
0,35,0.12813669820692744,-0.34170621613001284,0.9528559411675154,1.3251872915728626,1.4676274033867966,0.0,0.12476493773572163,0.1882936418353367,-0.012108650776905441,0.09753270447254181,-0.8879804015159607,-0.3926346004009247,0.6651644110679626,-0.2879445254802704,-0.5624454021453857,0.12589764404230372,-0.3463915017801381,0.9371575742994395,1.3301860905994163,1.4684906414687662,0.0,0.1220042084805533,0.1889137293299154,-0.013314647499261822,0.07799579151944672,0.011086270670084608,0.013314647499261822,0.2,0.2,0.0,0.22527916870925382,-0.13340994821766017,False
0,36,0.12589764404230372,-0.3463915017801381,0.9371575742994395,1.3301860905994163,1.4684906414687662,0.0,0.1220042084805533,0.1889137293299154,-0.013314647499261822,0.8258021473884583,-0.7769603729248047,-0.35065022110939026,-0.5023235082626343,-0.8850296139717102,-0.47170504927635193,0.12697887519694961,-0.3631397178036935,0.9145752792638798,1.32900300759319,1.4685333714825717,0.0,0.11735787764910181,0.18846889216896015,-0.016967677275756557,0.0826421223508982,0.011531107831039871,0.016967677275756557,0.2,0.2,0.0,0.22266858070646364,-0.11522841032533,False
0,37,0.12697887519694961,-0.3631397178036935,0.9145752792638798,1.32900300759319,1.4685333714825717,0.0,0.11735787764910181,0.18846889216896015,-0.016967677275756557,0.2897278666496277,0.17260009050369263,0.24433864653110504,0.1470707654953003,-0.7414591312408447,-0.5455654859542847,0.13888698020092174,-0.37560031320198034,0.8824340441318329,1.3135525853144117,1.4623156766564607,0.0,0.10549095795952121,0.18539322247120932,-0.022723620089053986,0.0945090420404788,0.014606777528790684,0.022723620089053986,0.2,0.2,0.0,0.21451189258273873,-0.05568906505412022,False
0,38,0.13888698020092174,-0.37560031320198034,0.8824340441318329,1.3135525853144117,1.4623156766564607,0.0,0.10549095795952121,0.18539322247120932,-0.022723620089053986,0.47185781598091125,0.03366542607545853,0.5282202363014221,0.4193258285522461,0.07077385485172272,-0.5150036215782166,0.1401567798690676,-0.3707554263010939,0.8742165791331126,1.311287819857362,1.4622258542982807,0.0,0.10336195236700423,0.18503446093864695,-0.023175004170207333,0.09663804763299579,0.014965539061353058,0.023175004170207333,0.2,0.2,0.0,0.21321005077215202,-0.12358660728020894,False
0,39,0.1401567798690676,-0.3707554263010939,0.8742165791331126,1.311287819857362,1.4622258542982807,0.0,0.10336195236700423,0.18503446093864695,-0.023175004170207333,-0.2305808812379837,0.7889556884765625,-0.26873618364334106,0.7616475820541382,-0.11967230588197708,-0.29508838057518005,0.14164509702623654,-0.36135188233901766,0.8652309137423929,1.3148582022443118,1.4706549143914582,0.0,0.10322045450012346,0.18455689228775596,-0.02319399618590981,0.09677954549987655,0.01544310771224405,0.02319399618590981,0.2,0.2,0.0,0.2127291004474903,-0.13155504697712794,False
0,40,0.14164509702623654,-0.36135188233901766,0.8652309137423929,1.3148582022443118,1.4706549143914582,0.0,0.10322045450012346,0.18455689228775596,-0.02319399618590981,0.631638765335083,-0.7554978132247925,0.6396912336349487,0.4168681204319,-0.8706158399581909,-0.9268741011619568,0.14164509702623654,-0.36135188233901766,0.8652309137423929,1.3148582022443118,1.4706549143914582,0.0,0.10368350620120159,0.1712056049114113,-0.04271035071829092,0.09631649379879842,0.02879439508858872,0.04271035071829092,0.2,0.2,0.0,0.2046602127179005,-0.05164122906305223,False
0,41,0.14164509702623654,-0.36135188233901766,0.8652309137423929,1.3148582022443118,1.4706549143914582,0.0,0.10368350620120159,0.1712056049114113,-0.04271035071829092,-0.766624391078949,0.5054808259010315,0.24930942058563232,0.19953249394893646,0.5589854121208191,-0.19471783936023712,0.2661853972331614,-0.6036565913661194,0.9245227829291561,1.3387266801558064,1.3835778662773663,0.0,0.10371439596057015,0.1701065531966823,-0.04467762370615279,0.09628560403942986,0.029893446803317715,0.04467762370615279,0.2,0.2,0.0,0.20417885647135509,-0.12727586577022343,False
0,42,0.2661853972331614,-0.6036565913661194,0.9245227829291561,1.3387266801558064,1.3835778662773663,0.0,0.10371439596057015,0.1701065531966823,-0.04467762370615279,-0.7950689792633057,-0.3789900243282318,0.7691047787666321,-0.8387200236320496,0.787509024143219,0.6401288509368896,0.25630108263189905,-0.6135087243182523,0.923325869165384,1.3311789786356438,1.390799475685742,0.0,0.10182764086274072,0.171620373428818,-0.04429460864680222,0.09817235913725929,0.028379626571182016,0.04429460864680222,0.2,0.2,0.0,0.2044124100310243,-0.13454174061220442,False
0,43,0.25630108263189905,-0.6135087243182523,0.923325869165384,1.3311789786356438,1.390799475685742,0.0,0.10182764086274072,0.171620373428818,-0.04429460864680222,-0.8054705262184143,-0.7522751092910767,0.9413030743598938,0.44891709089279175,0.1908056139945984,0.574358344078064,0.24035382068287528,-0.6233817454010531,0.9319339489050765,1.3220906856627417,1.402749257422089,0.0,0.10182764086274072,0.171620373428818,-0.04429460864680222,0.09817235913725929,0.028379626571182016,0.04429460864680222,0.2,0.2,0.0,0.2044124100310243,-0.13220620501551217,False
0,44,0.24035382068287528,-0.6233817454010531,0.9319339489050765,1.3220906856627417,1.402749257422089,0.0,0.10182764086274072,0.171620373428818,-0.04429460864680222,-0.7087349891662598,0.1696338653564453,0.6879096031188965,0.4078656733036041,0.03368890658020973,0.8332506418228149,0.22502015032472975,-0.6295427826747123,0.9415661964279339,1.323350689897422,1.4107275601935803,0.0,0.10155569289620571,0.1739433848061257,-0.0440639815634713,0.0984443071037943,0.026056615193874318,0.0440639815634713,0.2,0.2,0.0,0.20618315728658904,-0.15079905119894177,False
0,45,0.22502015032472975,-0.6295427826747123,0.9415661964279339,1.323350689897422,1.4107275601935803,0.0,0.10155569289620571,0.1739433848061257,-0.0440639815634713,0.11185956746339798,-0.8043447732925415,0.3042089343070984,-0.790054202079773,-0.20727938413619995,-0.9608378410339355,0.21417422462882416,-0.6276680955157926,0.9407678829159274,1.3175439645978881,1.416571403266294,0.0,0.10291360195091437,0.17654780109589913,-0.042175461342968484,0.09708639804908564,0.023452198904100878,0.042175461342968484,0.2,0.2,0.0,0.20866026233521473,-0.1591011816538643,False
0,46,0.21417422462882416,-0.6276680955157926,0.9407678829159274,1.3175439645978881,1.416571403266294,0.0,0.10291360195091437,0.17654780109589913,-0.042175461342968484,-0.562125563621521,-0.31312745809555054,0.7753108739852905,0.375497043132782,0.9135177135467529,0.5575653910636902,0.20629349815138984,-0.6383581800453111,0.9355389941098717,1.3081388350000296,1.424181314210249,0.0,0.09845612881586002,0.1762569118834781,-0.045276185607145185,0.10154387118413999,0.023743088116521906,0.045276185607145185,0.2,0.2,0.0,0.2069058753908116,-0.11590906825137444,False
0,47,0.20629349815138984,-0.6383581800453111,0.9355389941098717,1.3081388350000296,1.424181314210249,0.0,0.09845612881586002,0.1762569118834781,-0.045276185607145185,0.594132661819458,0.8037651777267456,-0.3738762438297272,0.8919380903244019,0.4694637954235077,-0.685173749923706,0.19337187158574845,-0.6349382208402647,0.9352701688893599,1.3115940117339535,1.4418094926469007,0.0,0.09913433168745467,0.17837148394307442,-0.044648804633135405,0.10086566831254534,0.021628516056925583,0.044648804633135405,0.2,0.2,0.0,0.20889594959773783,-0.15434871686813126,False
0,48,0.19337187158574845,-0.6349382208402647,0.9352701688893599,1.3115940117339535,1.4418094926469007,0.0,0.09913433168745467,0.17837148394307442,-0.044648804633135405,-0.4947507977485657,-0.9154702425003052,0.7674492597579956,0.6976410746574402,0.09128817170858383,0.00360119272954762,0.19071546163548272,-0.6345949622775783,0.9283951371551558,1.3207233858367455,1.4519833809025493,0.0,0.09875342101596199,0.17847435665721198,-0.0458652823948308,0.10124657898403802,0.02152564334278802,0.0458652823948308,0.2,0.2,0.0,0.20906687512783828,-0.13624269286492366,False
0,49,0.19071546163548272,-0.6345949622775783,0.9283951371551558,1.3207233858367455,1.4519833809025493,0.0,0.09875342101596199,0.17847435665721198,-0.0458652823948308,-0.9461451768875122,0.9076467752456665,-0.2867209017276764,-0.4792591631412506,0.7140926122665405,-0.503061056137085,0.17190229373539775,-0.6537949622745859,0.9395637238538513,1.3307870795282721,1.462976975910181,0.0,0.09875342101596199,0.17847435665721198,-0.0458652823948308,0.10124657898403802,0.02152564334278802,0.0458652823948308,0.2,0.2,0.0,0.20906687512783828,-0.13453343756391914,False
0,50,0.17190229373539775,-0.6537949622745859,0.9395637238538513,1.3307870795282721,1.462976975910181,0.0,0.09875342101596199,0.17847435665721198,-0.0458652823948308,-0.723312258720398,0.07574040442705154,-0.2886575162410736,-0.7823201417922974,0.6133705973625183,-0.7457099556922913,0.17190229373539775,-0.6537949622745859,0.9395637238538513,1.3307870795282721,1.462976975910181,0.0,0.06334208558940954,0.19547649224006663,-0.05581493339227563,0.13665791441059047,0.004523507759933371,0.05581493339227563,0.2,0.2,0.0,0.2129285927602986,-0.17508147270475252,False
0,51,0.17190229373539775,-0.6537949622745859,0.9395637238538513,1.3307870795282721,1.462976975910181,0.0,0.06334208558940954,0.19547649224006663,-0.05581493339227563,0.9183040857315063,0.9037523865699768,-0.3750250041484833,0.14848719537258148,0.5668055415153503,0.22106847167015076,0.17190229373539775,-0.6537949622745859,0.9395637238538513,1.3307870795282721,1.462976975910181,0.0,0.001674862731885246,0.24426474381585758,-0.09982175041985619,0.19832513726811477,-0.04426474381585757,0.09982175041985619,0.2,0.2,0.0,0.2638796166691949,-0.6714500474235605,False
0,52,0.17190229373539775,-0.6537949622745859,0.9395637238538513,1.3307870795282721,1.462976975910181,0.0,0.001674862731885246,0.24426474381585758,-0.09982175041985619,0.31541717052459717,0.7055847644805908,-0.7715965509414673,0.044211022555828094,0.7567976713180542,0.9643449187278748,0.17190229373539775,-0.6537949622745859,0.9395637238538513,1.3307870795282721,1.462976975910181,0.0,-0.018582454954056193,0.2680375306040711,-0.13444256880616495,0.2185824549540562,-0.06803753060407111,0.13444256880616495,0.2,0.2,0.0,0.3004400601644998,-0.545824465035299,False
0,53,0.17190229373539775,-0.6537949622745859,0.9395637238538513,1.3307870795282721,1.462976975910181,0.0,-0.018582454954056193,0.2680375306040711,-0.13444256880616495,0.08456283807754517,0.7261924743652344,0.5343665480613708,-0.9456377625465393,0.3521444499492645,0.8341012001037598,-0.2816960616222318,-0.3869367726852046,0.3684327572881153,0.8785022358559983,1.8250173001597596,0.0,-0.018582454954056193,0.2680375306040711,-0.13444256880616495,0.2185824549540562,-0.06803753060407111,0.13444256880616495,0.2,0.2,0.0,0.3004400601644998,-0.1802200300822499,False
0,54,-0.2816960616222318,-0.3869367726852046,0.3684327572881153,0.8785022358559983,1.8250173001597596,0.0,-0.018582454954056193,0.2680375306040711,-0.13444256880616495,0.16895385086536407,-0.6080570220947266,0.05400262027978897,0.7734527587890625,0.5182384848594666,0.9098083972930908,-0.2706143410701601,-0.3587407354365614,0.31047815612004714,0.8776548431228726,1.841328026349783,0.0,-0.02169741043736287,0.26465531609703025,-0.13433983237429276,0.22169741043736288,-0.06465531609703024,0.13433983237429276,0.2,0.2,0.0,0.2975910020824881,-0.15030492022112715,False
0,55,-0.2706143410701601,-0.3587407354365614,0.31047815612004714,0.8776548431228726,1.841328026349783,0.0,-0.02169741043736287,0.26465531609703025,-0.13433983237429276,0.6644141674041748,0.012509691528975964,-0.4303194284439087,-0.870244026184082,0.3453987240791321,-0.600157618522644,-0.26159255431714024,-0.3873227984726167,0.299667998182602,0.8906304034805606,1.8456217042541068,0.0,-0.020053570909413482,0.26184460347746275,-0.14361235591501462,0.2200535709094135,-0.06184460347746274,0.14361235591501462,0.2,0.2,0.0,0.2993146352050788,-0.196893648828446,False
0,56,-0.26159255431714024,-0.3873227984726167,0.299667998182602,0.8906304034805606,1.8456217042541068,0.0,-0.020053570909413482,0.26184460347746275,-0.14361235591501462,-0.3436536490917206,-0.6423951387405396,-0.60306715965271,-0.29801174998283386,0.7523205876350403,0.5335646271705627,-0.2503841178776479,-0.39172947923878976,0.2679051780908815,0.8780146366494433,1.8487259879189906,0.0,-0.023965186835238683,0.25953590191224946,-0.1520421802630748,0.2239651868352387,-0.05953590191224943,0.1520421802630748,0.2,0.2,0.0,0.3017449902493859,-0.20517604556776403,False
0,57,-0.2503841178776479,-0.39172947923878976,0.2679051780908815,0.8780146366494433,1.8487259879189906,0.0,-0.023965186835238683,0.25953590191224946,-0.1520421802630748,-0.1365365833044052,-0.4771853983402252,-0.361111581325531,0.3359907269477844,-0.49891039729118347,0.7424081563949585,-0.252488157732981,-0.4053783040387838,0.2520319035173991,0.8783367396741875,1.8504398505000326,0.0,-0.024044830958955266,0.26024857222814046,-0.16144639711561698,0.22404483095895528,-0.06024857222814044,0.16144639711561698,0.2,0.2,0.0,0.30720093161356765,-0.23815987944860142,False
0,58,-0.252488157732981,-0.4053783040387838,0.2520319035173991,0.8783367396741875,1.8504398505000326,0.0,-0.024044830958955266,0.26024857222814046,-0.16144639711561698,-0.07455643266439438,-0.32723286747932434,0.7736931443214417,-0.5257309675216675,0.13610966503620148,-0.2922925055027008,-0.2517065420452898,-0.42941989265922353,0.23973946973913293,0.8874248135140036,1.8409842516461392,0.0,-0.024044830958955266,0.26024857222814046,-0.16144639711561698,0.22404483095895528,-0.06024857222814044,0.16144639711561698,0.2,0.2,0.0,0.30720093161356765,-0.18360046580678382,False
0,59,-0.2517065420452898,-0.42941989265922353,0.23973946973913293,0.8874248135140036,1.8409842516461392,0.0,-0.024044830958955266,0.26024857222814046,-0.16144639711561698,-0.7859591841697693,0.48836231231689453,0.2669760286808014,-0.753307044506073,-0.18690630793571472,0.638068675994873,-0.250604302722808,-0.43924042256183815,0.25842269341343016,0.8758691601827272,1.8396249546456342,0.0,-0.022248951794218957,0.25952634440374167,-0.1690079581369122,0.22224895179421897,-0.05952634440374168,0.1690079581369122,0.2,0.2,0.0,0.3105038312309838,-0.21828091178965334,False
0,60,-0.250604302722808,-0.43924042256183815,0.25842269341343016,0.8758691601827272,1.8396249546456342,0.0,-0.022248951794218957,0.25952634440374167,-0.1690079581369122,-0.1301921010017395,0.027338843792676926,0.8858951926231384,-0.1434142142534256,0.2674848437309265,-0.33621206879615784,-0.250604302722808,-0.43924042256183815,0.25842269341343016,0.8758691601827272,1.8396249546456342,0.0,-0.005432652564956536,0.2531737461615231,-0.0968682827155411,0.20543265256495655,-0.05317374616152311,0.0968682827155411,0.2,0.2,0.0,0.2711271355943718,0.2282033885689341,False
0,61,-0.250604302722808,-0.43924042256183815,0.25842269341343016,0.8758691601827272,1.8396249546456342,0.0,-0.005432652564956536,0.2531737461615231,-0.0968682827155411,0.12688298523426056,0.16128256916999817,0.8562842607498169,-0.7790312767028809,0.5869085788726807,0.9731383323669434,-0.250604302722808,-0.43924042256183815,0.25842269341343016,0.8758691601827272,1.8396249546456342,0.0,-0.0026151731940175227,0.25223324783965384,-0.09061797342463507,0.20261517319401753,-0.05223324783965384,0.09061797342463507,0.2,0.2,0.0,0.26802997510383575,-0.13304338264655743,False
0,62,-0.250604302722808,-0.43924042256183815,0.25842269341343016,0.8758691601827272,1.8396249546456342,0.0,-0.0026151731940175227,0.25223324783965384,-0.09061797342463507,-0.18106253445148468,0.15194575488567352,-0.7760436534881592,-0.5618789196014404,0.807353138923645,-0.07551857084035873,-0.24046575535056547,-0.368630557220014,0.5370160236950786,0.8640659276831312,1.855368511959895,0.0,-0.0026151731940175227,0.25223324783965384,-0.09061797342463507,0.20261517319401753,-0.05223324783965384,0.09061797342463507,0.2,0.2,0.0,0.26802997510383575,-0.16401498755191787,False
0,63,-0.24046575535056547,-0.368630557220014,0.5370160236950786,0.8640659276831312,1.855368511959895,0.0,-0.0026151731940175227,0.25223324783965384,-0.09061797342463507,0.876361072063446,0.5114912986755371,-0.4948749840259552,-0.6698565483093262,0.675389289855957,-0.0869247242808342,-0.24046575535056547,-0.368630557220014,0.5370160236950786,0.8640659276831312,1.855368511959895,0.0,-0.0013632469243019807,0.25168410518532913,-0.08735458307887965,0.201363246924302,-0.05168410518532912,0.08735458307887965,0.2,0.2,0.0,0.2664161602268176,-0.14706993134322707,False
0,64,-0.24046575535056547,-0.368630557220014,0.5370160236950786,0.8640659276831312,1.855368511959895,0.0,-0.0013632469243019807,0.25168410518532913,-0.08735458307887965,-0.31015878915786743,-0.3820417523384094,-0.11569778621196747,-0.5716679096221924,0.547184407711029,-0.750133752822876,-0.24052184524108117,-0.36809180663186575,0.5328074971336473,0.8633047864206996,1.8560069533469021,0.0,-0.005531273952499832,0.2503939055765048,-0.09014199824553847,0.20553127395249984,-0.05039390557650482,0.09014199824553847,0.2,0.2,0.0,0.2661827995740744,-0.16075779325960568,False
0,65,-0.24052184524108117,-0.36809180663186575,0.5328074971336473,0.8633047864206996,1.8560069533469021,0.0,-0.005531273952499832,0.2503939055765048,-0.09014199824553847,0.2959491014480591,-0.4858488142490387,-0.7991352081298828,0.8817483186721802,-0.4700619578361511,0.8826886415481567,-0.21127203877072112,-0.33642767874241364,0.4913066920352608,0.8361259686574165,1.8710900603269414,0.0,-0.010761475627230038,0.24721912214711303,-0.09196201831013547,0.21076147562723005,-0.04721912214711302,0.09196201831013547,0.2,0.2,0.0,0.2639888568188785,-0.14005500085748016,False
0,66,-0.21127203877072112,-0.33642767874241364,0.4913066920352608,0.8361259686574165,1.8710900603269414,0.0,-0.010761475627230038,0.24721912214711303,-0.09196201831013547,-0.07307617366313934,0.6121361255645752,-0.5393139719963074,-0.37529951333999634,-0.30864885449409485,0.4629867970943451,-0.20478824078732863,-0.35271335400682663,0.45981904727058637,0.8480592466833796,1.8622897110520549,0.0,-0.012328565480456272,0.2460043457912532,-0.1008063568631438,0.21232856548045628,-0.046004345791253176,0.1008063568631438,0.2,0.2,0.0,0.2661429188594126,-0.18461207983504718,False
0,67,-0.20478824078732863,-0.35271335400682663,0.45981904727058637,0.8480592466833796,1.8622897110520549,0.0,-0.012328565480456272,0.2460043457912532,-0.1008063568631438,-0.03444274514913559,0.9415773153305054,-0.3934229612350464,0.5860701203346252,-0.5193959474563599,-0.14111514389514923,-0.20390896196656963,-0.335367893171139,0.4428350743913078,0.8493108034770142,1.8556575880174513,0.0,-0.014994914757939903,0.2463863860440384,-0.10134091257040986,0.21499491475793991,-0.046386386044038386,0.10134091257040986,0.2,0.2,0.0,0.26683530361824925,-0.17034149939749113,False
0,68,-0.20390896196656963,-0.335367893171139,0.4428350743913078,0.8493108034770142,1.8556575880174513,0.0,-0.014994914757939903,0.2463863860440384,-0.10134091257040986,0.1299622505903244,-0.8865628838539124,0.7645423412322998,0.6313294768333435,0.271026611328125,-0.07108965516090393,-0.20167620905922887,-0.3334256340749938,0.43821897452951025,0.8622668780215643,1.8501661552594049,0.0,-0.014678442382318468,0.24574203460656352,-0.10087699191636142,0.21467844238231848,-0.045742034606563495,0.10087699191636142,0.2,0.2,0.0,0.2660465593489947,-0.15513583698195163,False
0,69,-0.20167620905922887,-0.3334256340749938,0.43821897452951025,0.8622668780215643,1.8501661552594049,0.0,-0.014678442382318468,0.24574203460656352,-0.10087699191636142,-0.9491666555404663,0.6048749685287476,-0.6413108110427856,-0.9099120497703552,0.026052307337522507,0.1819404512643814,-0.20325074185783457,-0.33721426558807455,0.44246045035955384,0.8669246853631042,1.849963588556744,0.0,-0.014678442382318468,0.24574203460656352,-0.10087699191636142,0.21467844238231848,-0.045742034606563495,0.10087699191636142,0.2,0.2,0.0,0.2660465593489947,-0.16302327967449734,False
0,70,-0.20325074185783457,-0.33721426558807455,0.44246045035955384,0.8669246853631042,1.849963588556744,0.0,-0.014678442382318468,0.24574203460656352,-0.10087699191636142,0.6926522254943848,-0.7536494135856628,0.7770237922668457,-0.972951352596283,0.7913734316825867,0.6799048185348511,-0.20325074185783457,-0.33721426558807455,0.44246045035955384,0.8669246853631042,1.849963588556744,0.0,-0.028166731628927022,0.254833386679117,-0.11374914185320764,0.22816673162892703,-0.05483338667911698,0.11374914185320764,0.2,0.2,0.0,0.2804858053616003,-0.3146353628068561,False
0,71,-0.20325074185783457,-0.33721426558807455,0.44246045035955384,0.8669246853631042,1.849963588556744,0.0,-0.028166731628927022,0.254833386679117,-0.11374914185320764,0.5268683433532715,-0.41064631938934326,0.05999726057052612,0.8398525714874268,-0.7061675190925598,0.6508573293685913,-0.20325074185783457,-0.33721426558807455,0.44246045035955384,0.8669246853631042,1.849963588556744,0.0,-0.028863642983651072,0.22523001480230317,-0.1236394654195502,0.22886364298365108,-0.025230014802303163,0.1236394654195502,0.2,0.2,0.0,0.25855054991889986,0.060077279467554257,False
0,72,-0.20325074185783457,-0.33721426558807455,0.44246045035955384,0.8669246853631042,1.849963588556744,0.0,-0.028863642983651072,0.22523001480230317,-0.1236394654195502,0.21871419250965118,-0.37549278140068054,0.7186050415039062,-0.2749951481819153,0.15405848622322083,-0.1076681911945343,-0.09263157468187379,-0.45017371872943795,0.5354763976107588,0.6145639104219539,1.9387452144173078,0.0,-0.028863642983651072,0.22523001480230317,-0.1236394654195502,0.22886364298365108,-0.025230014802303163,0.1236394654195502,0.2,0.2,0.0,0.25855054991889986,-0.15927527495944993,False
0,73,-0.09263157468187379,-0.45017371872943795,0.5354763976107588,0.6145639104219539,1.9387452144173078,0.0,-0.028863642983651072,0.22523001480230317,-0.1236394654195502,0.2221246212720871,0.4735173285007477,0.21945002675056458,0.5717477798461914,0.88532555103302,-0.05327131599187851,-0.09263157468187379,-0.45017371872943795,0.5354763976107588,0.6145639104219539,1.9387452144173078,0.0,-0.028387332067046078,0.22138578854670396,-0.1250068311835757,0.2283873320670461,-0.021385788546703956,0.1250068311835757,0.2,0.2,0.0,0.25582067124235613,-0.13061154885574078,False
0,74,-0.09263157468187379,-0.45017371872943795,0.5354763976107588,0.6145639104219539,1.9387452144173078,0.0,-0.028387332067046078,0.22138578854670396,-0.1250068311835757,0.4794027507305145,0.5440065860748291,-0.35640421509742737,-0.07779344171285629,0.9148655533790588,-0.9304583072662354,-0.08339824636664843,-0.4662070353806215,0.552993751828654,0.6239731340757985,1.9339352391855755,0.0,-0.025770511909000454,0.2195213992225158,-0.12362197837582552,0.22577051190900047,-0.019521399222515765,0.12362197837582552,0.2,0.2,0.0,0.2532511748012557,-0.13093062298962346,False
0,75,-0.08339824636664843,-0.4662070353806215,0.552993751828654,0.6239731340757985,1.9339352391855755,0.0,-0.025770511909000454,0.2195213992225158,-0.12362197837582552,0.5710563659667969,-0.03512713685631752,0.24083948135375977,-0.3024159371852875,-0.7895476222038269,-0.7945374250411987,-0.07326924868891514,-0.45238323346531645,0.5372236006795502,0.6296744048363135,1.9354180001740922,0.0,-0.027433590251045192,0.21762452324722603,-0.12327896394348407,0.2274335902510452,-0.017624523247226014,0.12327896394348407,0.2,0.2,0.0,0.25161625135039173,-0.1394588911665562,False
0,76,-0.07326924868891514,-0.45238323346531645,0.5372236006795502,0.6296744048363135,1.9354180001740922,0.0,-0.027433590251045192,0.21762452324722603,-0.12327896394348407,-0.47325459122657776,0.44362783432006836,0.5933163166046143,-0.38197219371795654,-0.5375063419342041,-0.6189860105514526,-0.06942046706985791,-0.4467078135822748,0.5363994451592833,0.6308946710716146,1.9238944526176893,0.0,-0.027866732886467405,0.2156220084568805,-0.1234337320589211,0.22786673288646742,-0.015622008456880488,0.1234337320589211,0.2,0.2,0.0,0.25001058286148264,-0.13894860654165048,False
0,77,-0.06942046706985791,-0.4467078135822748,0.5363994451592833,0.6308946710716146,1.9238944526176893,0.0,-0.027866732886467405,0.2156220084568805,-0.1234337320589211,-0.285592645406723,0.46640652418136597,0.25973352789878845,-0.6015347242355347,0.7464337348937988,-0.7647507786750793,-0.07914728576680878,-0.4226693840876483,0.5395061405413413,0.6288012082248086,1.9198603196681556,0.0,-0.027694077651646637,0.21800185149442733,-0.11662646386562002,0.22769407765164665,-0.01800185149442732,0.11662646386562002,0.2,0.2,0.0,0.24878404544056387,-0.14212664851109422,False
0,78,-0.07914728576680878,-0.4226693840876483,0.5395061405413413,0.6288012082248086,1.9198603196681556,0.0,-0.027694077651646637,0.21800185149442733,-0.11662646386562002,0.24520471692085266,-0.43297410011291504,-0.6658868193626404,-0.1871330887079239,0.6384567022323608,0.9119004607200623,-0.0829372282012228,-0.4167645187168113,0.5272280836248898,0.6266553081916212,1.9247732814832565,0.0,-0.02942941591631973,0.21945065594382734,-0.1177118277200491,0.22942941591631974,-0.01945065594382734,0.1177118277200491,0.2,0.2,0.0,0.25076035432369753,-0.17514326599318536,False
0,79,-0.0829372282012228,-0.4167645187168113,0.5272280836248898,0.6266553081916212,1.9247732814832565,0.0,-0.02942941591631973,0.21945065594382734,-0.1177118277200491,0.29857051372528076,-0.09321984648704529,0.5632562041282654,0.6406781077384949,-0.032409727573394775,0.4199313819408417,-0.07873063660566278,-0.4254613512473747,0.51990728217815,0.634942241320838,1.9256587574150394,0.0,-0.02942941591631973,0.21945065594382734,-0.1177118277200491,0.22942941591631974,-0.01945065594382734,0.1177118277200491,0.2,0.2,0.0,0.25076035432369753,-0.15538017716184876,False
0,80,-0.07873063660566278,-0.4254613512473747,0.51990728217815,0.634942241320838,1.9256587574150394,0.0,-0.02942941591631973,0.21945065594382734,-0.1177118277200491,-0.6410360336303711,-0.15254369378089905,-0.064797043800354,0.8275703191757202,0.45940646529197693,0.8761678338050842,-0.07873063660566278,-0.4254613512473747,0.51990728217815,0.634942241320838,1.9256587574150394,0.0,-0.01854297094353105,0.2539187645732274,-0.15273533402246048,0.21854297094353106,-0.05391876457322736,0.15273533402246048,0.2,0.2,0.0,0.29689503706320064,-0.6397943459266314,False
0,81,-0.07873063660566278,-0.4254613512473747,0.51990728217815,0.634942241320838,1.9256587574150394,0.0,-0.01854297094353105,0.2539187645732274,-0.15273533402246048,-0.10016494989395142,-0.13653968274593353,0.9128748774528503,-0.6683329343795776,-0.7256563901901245,0.7496066689491272,-0.23289248398524554,-0.4711845234467076,0.3678624024698589,0.8285374376590957,1.936029448670037,0.0,-0.0165785763481211,0.258730675732138,-0.15782372653571367,0.2165785763481211,-0.058730675732137964,0.15782372653571367,0.2,0.2,0.0,0.30352057659433723,-0.24801568360853454,False
0,82,-0.23289248398524554,-0.4711845234467076,0.3678624024698589,0.8285374376590957,1.936029448670037,0.0,-0.0165785763481211,0.258730675732138,-0.15782372653571367,0.330585777759552,0.5899182558059692,-0.12093789130449295,0.6211584806442261,-0.9246894121170044,-0.9445022344589233,-0.2608163268589934,-0.4776866434268711,0.3495930250170388,0.8539706354938245,1.9258379978717048,0.0,-0.015524272411118506,0.26029325202555276,-0.15755608152102446,0.21552427241111852,-0.06029325202555272,0.15755608152102446,0.2,0.2,0.0,0.30465964437088194,-0.19372049995088808,False
0,83,-0.2608163268589934,-0.4776866434268711,0.3495930250170388,0.8539706354938245,1.9258379978717048,0.0,-0.015524272411118506,0.26029325202555276,-0.15755608152102446,0.8616529107093811,0.8134843707084656,-0.10459794849157333,-0.11136765033006668,0.19652694463729858,0.5608745813369751,-0.24603474600386288,-0.4562170475701417,0.33448634237910724,0.8611925847504673,1.9179868234083282,0.0,-0.016677362856620415,0.25872854866542583,-0.15525516858722066,0.21667736285662043,-0.05872854866542583,0.15525516858722066,0.2,0.2,0.0,0.3021965646717635,-0.1564674853446971,False
0,84,-0.24603474600386288,-0.4562170475701417,0.33448634237910724,0.8611925847504673,1.9179868234083282,0.0,-0.016677362856620415,0.25872854866542583,-0.15525516858722066,0.4544551968574524,0.3472670614719391,0.4493989050388336,-0.05318582057952881,0.4809397757053375,-0.8199043273925781,-0.23327687513555428,-0.4427502730357503,0.3270736895100826,0.8621242770169787,1.9170642748144873,0.0,-0.019772961635207253,0.2548508556982614,-0.15420041455093147,0.21977296163520726,-0.05485085569826136,0.15420041455093147,0.2,0.2,0.0,0.29852587242924616,-0.14255601378944993,False
0,85,-0.23327687513555428,-0.4427502730357503,0.3270736895100826,0.8621242770169787,1.9170642748144873,0.0,-0.019772961635207253,0.2548508556982614,-0.15420041455093147,0.8026834726333618,-0.4534015655517578,-0.20549911260604858,0.3209247887134552,0.7684281468391418,0.5596072673797607,-0.21981245007679562,-0.43691805019852403,0.3275715196705329,0.8658493112766903,1.920199576281893,0.0,-0.020605866581553445,0.2512405737228174,-0.15136866479298416,0.22060586658155346,-0.05124057372281737,0.15136866479298416,0.2,0.2,0.0,0.29403894351489906,-0.13215018261397854,False
0,86,-0.21981245007679562,-0.43691805019852403,0.3275715196705329,0.8658493112766903,1.920199576281893,0.0,-0.020605866581553445,0.2512405737228174,-0.15136866479298416,-0.28217288851737976,-0.5616228580474854,0.9716030359268188,0.052643343806266785,-0.24039702117443085,0.33713895082473755,-0.21233281583765068,-0.45949923478728194,0.330241861613005,0.8738443606063596,1.9188877418894805,0.0,-0.011353856403420376,0.2507114159395456,-0.1532212201886456,0.2113538564034204,-0.05071141593954559,0.1532212201886456,0.2,0.2,0.0,0.29404398727696973,-0.17707243125919153,False
0,87,-0.21233281583765068,-0.45949923478728194,0.330241861613005,0.8738443606063596,1.9188877418894805,0.0,-0.011353856403420376,0.2507114159395456,-0.1532212201886456,-0.4973906874656677,-0.6095974445343018,0.1455622762441635,0.6129130125045776,0.4945811927318573,0.631442666053772,-0.21233281583765068,-0.45949923478728194,0.330241861613005,0.8738443606063596,1.9188877418894805,0.0,-0.011353856403420376,0.2507114159395456,-0.1532212201886456,0.2113538564034204,-0.05071141593954559,0.1532212201886456,0.2,0.2,0.0,0.29404398727696973,-0.17702199363848486,False
0,88,-0.21233281583765068,-0.45949923478728194,0.330241861613005,0.8738443606063596,1.9188877418894805,0.0,-0.011353856403420376,0.2507114159395456,-0.1532212201886456,-0.8386074304580688,-0.9275741577148438,0.3950991630554199,-0.8604044318199158,-0.48517751693725586,0.5998620986938477,-0.23445517430401375,-0.5355171065525458,0.40200924146744876,0.8964899283246249,1.8733782680368256,0.0,-0.007646573962218156,0.2513609519802757,-0.15211243720266748,0.20764657396221817,-0.05136095198027567,0.15211243720266748,0.2,0.2,0.0,0.29390303133095713,-0.17554195620535257,False
0,89,-0.23445517430401375,-0.5355171065525458,0.40200924146744876,0.8964899283246249,1.8733782680368256,0.0,-0.007646573962218156,0.2513609519802757,-0.15211243720266748,-0.6735213994979858,0.42073068022727966,0.898842453956604,0.3098216652870178,-0.31141334772109985,-0.49877670407295227,-0.24336455576635177,-0.5398345660418375,0.4103330437177659,0.8919635614144052,1.8674650174977723,0.0,-0.006812036567964003,0.2532329531099857,-0.15438098732793648,0.206812036567964,-0.05323295310998574,0.15438098732793648,0.2,0.2,0.0,0.2966594371183158,-0.20589377643274487,False
0,90,-0.24336455576635177,-0.5398345660418375,0.4103330437177659,0.8919635614144052,1.8674650174977723,0.0,-0.006812036567964003,0.2532329531099857,-0.15438098732793648,0.5103594064712524,0.28134533762931824,0.023462168872356415,-0.13108743727207184,-0.13783559203147888,-0.23355604708194733,-0.24336455576635177,-0.5398345660418375,0.4103330437177659,0.8919635614144052,1.8674650174977723,0.0,-0.007487509357673949,0.2515845455424796,-0.1414862730082212,0.20748750935767396,-0.051584545542479585,0.1414862730082212,0.2,0.2,0.0,0.2887372712379788,-0.09514697681561934,False
0,91,-0.24336455576635177,-0.5398345660418375,0.4103330437177659,0.8919635614144052,1.8674650174977723,0.0,-0.007487509357673949,0.2515845455424796,-0.1414862730082212,0.827621579170227,0.14771448075771332,-0.7043211460113525,-0.6505377292633057,0.14477194845676422,0.916071891784668,-0.24336455576635177,-0.5398345660418375,0.4103330437177659,0.8919635614144052,1.8674650174977723,0.0,-0.011588337168013774,0.24695803120278634,-0.1420098214896588,0.21158833716801378,-0.04695803120278633,0.1420098214896588,0.2,0.2,0.0,0.28511286911221795,-0.13631241329850025,False
0,92,-0.24336455576635177,-0.5398345660418375,0.4103330437177659,0.8919635614144052,1.8674650174977723,0.0,-0.011588337168013774,0.24695803120278634,-0.1420098214896588,0.6255256533622742,0.9309148192405701,-0.16076797246932983,-0.946735143661499,-0.5206863880157471,-0.8878275156021118,-0.24336455576635177,-0.5398345660418375,0.4103330437177659,0.8919635614144052,1.8674650174977723,0.0,-0.04359231718730425,0.2113782729212603,-0.16986251137863267,0.24359231718730426,-0.011378272921260282,0.16986251137863267,0.2,0.2,0.0,0.27465312150563564,-0.06272908468699478,False
0,93,-0.24336455576635177,-0.5398345660418375,0.4103330437177659,0.8919635614144052,1.8674650174977723,0.0,-0.04359231718730425,0.2113782729212603,-0.16986251137863267,-0.2152697890996933,0.9570850133895874,0.48156410455703735,0.3144035339355469,0.7089638710021973,0.4782853126525879,-0.0750304239897825,-0.38869425596288465,0.25669888041460837,0.7873920974254045,1.831953054319666,0.0,-0.04359231718730425,0.2113782729212603,-0.16986251137863267,0.24359231718730426,-0.011378272921260282,0.16986251137863267,0.2,0.2,0.0,0.27465312150563564,-0.16732656075281782,False
0,94,-0.0750304239897825,-0.38869425596288465,0.25669888041460837,0.7873920974254045,1.831953054319666,0.0,-0.04359231718730425,0.2113782729212603,-0.16986251137863267,0.35197609663009644,0.3680030405521393,-0.17662712931632996,0.4871924817562103,0.9057090282440186,0.4162009060382843,-0.02994134832150995,-0.3475654443623112,0.20761436141905373,0.7550486898961023,1.82868270197205,0.0,-0.04690455070883584,0.20756114722379523,-0.17116688019426682,0.24690455070883585,-0.0075611472237952105,0.17116688019426682,0.2,0.2,0.0,0.2730929651043656,-0.15094491853948228,False
0,95,-0.02994134832150995,-0.3475654443623112,0.20761436141905373,0.7550486898961023,1.82868270197205,0.0,-0.04690455070883584,0.20756114722379523,-0.17116688019426682,0.05506323277950287,-0.6677014827728271,0.13448688387870789,0.7636040449142456,-0.09473947435617447,0.029359648004174232,-0.02994134832150995,-0.3475654443623112,0.20761436141905373,0.7550486898961023,1.82868270197205,0.0,-0.04878954064286281,0.20343952875492183,-0.16666743159543557,0.24878954064286282,-0.003439528754921821,0.16666743159543557,0.2,0.2,0.0,0.2674810159446562,-0.10762101637523391,False
0,96,-0.02994134832150995,-0.3475654443623112,0.20761436141905373,0.7550486898961023,1.82868270197205,0.0,-0.04878954064286281,0.20343952875492183,-0.16666743159543557,-0.9118868112564087,-0.1253567934036255,0.054390799254179,-0.7962754964828491,0.7720054388046265,-0.7022408246994019,-0.019531166823277664,-0.3249594972848388,0.1843922412298449,0.7782821158845875,1.846034273858474,0.0,-0.04615711227255906,0.20304529311159802,-0.1716839350944304,0.24615711227255907,-0.0030452931115980226,0.1716839350944304,0.2,0.2,0.0,0.2698763487925998,-0.18889150287573622,False
0,97,-0.019531166823277664,-0.3249594972848388,0.1843922412298449,0.7782821158845875,1.846034273858474,0.0,-0.04615711227255906,0.20304529311159802,-0.1716839350944304,0.2690160274505615,0.10158255696296692,0.00039060410927049816,0.8549151420593262,0.2640838623046875,0.32147181034088135,-0.015260959369538493,-0.3544640141321313,0.16523474516828743,0.8216772207391425,1.851096035277897,0.0,-0.04387155232650594,0.20345102050130726,-0.17594533418773242,0.24387155232650595,-0.0034510205013072335,0.17594533418773242,0.2,0.2,0.0,0.27253218428103776,-0.1928244470248984,False
0,98,-0.015260959369538493,-0.3544640141321313,0.16523474516828743,0.8216772207391425,1.851096035277897,0.0,-0.04387155232650594,0.20345102050130726,-0.17594533418773242,0.45314258337020874,0.5606243014335632,-0.3475272059440613,-0.8488257527351379,-0.27194130420684814,0.5199105143547058,-0.011272108783791543,-0.3466261165404441,0.1554009709290859,0.8275458108467938,1.8498158951222898,0.0,-0.04387155232650594,0.20345102050130726,-0.17594533418773242,0.24387155232650595,-0.0034510205013072335,0.17594533418773242,0.2,0.2,0.0,0.27253218428103776,-0.16626609214051888,False
0,99,-0.011272108783791543,-0.3466261165404441,0.1554009709290859,0.8275458108467938,1.8498158951222898,0.0,-0.04387155232650594,0.20345102050130726,-0.17594533418773242,0.019140100106596947,-0.6950407028198242,-0.9401600956916809,-0.2635765075683594,0.39555999636650085,-0.11965586990118027,-0.00744281479386252,-0.3436484943505689,0.1370272496969552,0.8187377276125589,1.8467092846483435,0.0,-0.045332968021029346,0.20197553726337486,-0.17623601863106536,0.24533296802102936,-0.001975537263374845,0.17623601863106536,0.2,0.2,0.0,0.27186086497573314,-0.15921723943482038,False
0,100,-0.00744281479386252,-0.3436484943505689,0.1370272496969552,0.8187377276125589,1.8467092846483435,0.0,-0.045332968021029346,0.20197553726337486,-0.17623601863106536,0.3602098822593689,0.38775309920310974,-0.5298910140991211,-0.5423834323883057,0.5706212520599365,0.1593131422996521,-0.00744281479386252,-0.3436484943505689,0.1370272496969552,0.8187377276125589,1.8467092846483435,0.0,-0.09969550006026284,0.15757201189325848,-0.22310935493127643,0.29969550006026285,0.04242798810674152,0.22310935493127643,0.2,0.2,0.0,0.29076780413623055,-0.3644532936730893,False
0,101,-0.00744281479386252,-0.3436484943505689,0.1370272496969552,0.8187377276125589,1.8467092846483435,0.0,-0.09969550006026284,0.15757201189325848,-0.22310935493127643,-0.3930750787258148,-0.24685119092464447,0.5331219434738159,-0.23721101880073547,0.2704678475856781,-0.49303165078163147,-0.00744281479386252,-0.3436484943505689,0.1370272496969552,0.8187377276125589,1.8467092846483435,0.0,-0.10342661317220131,0.15209390111379584,-0.2374449676134543,0.3034266131722013,0.04790609888620416,0.2374449676134543,0.2,0.2,0.0,0.3003493494470058,-0.27599012783125554,False
0,102,-0.00744281479386252,-0.3436484943505689,0.1370272496969552,0.8187377276125589,1.8467092846483435,0.0,-0.10342661317220131,0.15209390111379584,-0.2374449676134543,0.5796486735343933,0.5686672925949097,0.7705553770065308,-0.9473240375518799,0.27051976323127747,-0.6046480536460876,-0.00744281479386252,-0.3436484943505689,0.1370272496969552,0.8187377276125589,1.8467092846483435,0.0,-0.10295570478890165,0.15511298129370843,-0.24159761189859102,0.30295570478890166,0.04488701870629157,0.24159761189859102,0.2,0.2,0.0,0.30500708219565004,-0.2290808685842673,False
0,103,-0.00744281479386252,-0.3436484943505689,0.1370272496969552,0.8187377276125589,1.8467092846483435,0.0,-0.10295570478890165,0.15511298129370843,-0.24159761189859102,-0.5760505199432373,-0.23008982837200165,0.8198437690734863,-0.5073980689048767,0.7616517543792725,0.678695023059845,-0.00744281479386252,-0.3436484943505689,0.1370272496969552,0.8187377276125589,1.8467092846483435,0.0,-0.1136031069631096,0.144629080006008,-0.20459932260395247,0.3136031069631096,0.05537091999399203,0.20459932260395247,0.2,0.2,0.0,0.2751074690099347,0.13144239735218588,False
0,104,-0.00744281479386252,-0.3436484943505689,0.1370272496969552,0.8187377276125589,1.8467092846483435,0.0,-0.1136031069631096,0.144629080006008,-0.20459932260395247,0.7076855897903442,0.8611644506454468,0.0554627999663353,-0.7913408875465393,0.8680086731910706,-0.7438315153121948,0.15514767426210163,0.13480052722599595,-0.36257785483151683,0.5379384799443822,1.9757227361584622,0.0,-0.11327696277641591,0.1486044986209511,-0.2024097279254639,0.3132769627764159,0.051395501379048913,0.2024097279254639,0.2,0.2,0.0,0.27547171409256177,-0.17137830787255146,False
0,105,0.15514767426210163,0.13480052722599595,-0.36257785483151683,0.5379384799443822,1.9757227361584622,0.0,-0.11327696277641591,0.1486044986209511,-0.2024097279254639,-0.29173246026039124,-0.924599826335907,0.49701645970344543,0.39568671584129333,0.9519802927970886,0.5856592059135437,0.13258620133428922,0.11246324707427768,-0.3346647883682065,0.5375020095539528,1.9861680804470743,0.0,-0.11188384494609338,0.15672860382400072,-0.2037903056039574,0.3118838449460934,0.043271396175999295,0.2037903056039574,0.2,0.2,0.0,0.28037891981155855,-0.21926151709574704,False
0,106,0.13258620133428922,0.11246324707427768,-0.3346647883682065,0.5375020095539528,1.9861680804470743,0.0,-0.11188384494609338,0.15672860382400072,-0.2037903056039574,-0.9067003726959229,-0.9038556814193726,-0.8152738809585571,0.09873813390731812,0.9200239777565002,0.5686576962471008,0.11751431777535278,0.08478007822756677,-0.3281412115216134,0.5534293199198987,1.992421344138325,0.0,-0.11085806443083263,0.15801380293585504,-0.20189015033305416,0.31085806443083264,0.041986197064144956,0.20189015033305416,0.2,0.2,0.0,0.2793161383971665,-0.15903025505466292,False
0,107,0.11751431777535278,0.08478007822756677,-0.3281412115216134,0.5534293199198987,1.992421344138325,0.0,-0.11085806443083263,0.15801380293585504,-0.20189015033305416,0.027956213802099228,-0.03504437953233719,0.5158461928367615,-0.6101384162902832,0.14635425806045532,0.37962475419044495,0.08791024197930347,0.06297739158672779,-0.3308650909048937,0.5598889519452706,1.994697469495277,0.0,-0.1075242995950274,0.17098336601093933,-0.21551230604225807,0.3075242995950274,0.029016633989060688,0.21551230604225807,0.2,0.2,0.0,0.2953681440363601,-0.3382041284101157,False
0,108,0.08791024197930347,0.06297739158672779,-0.3308650909048937,0.5598889519452706,1.994697469495277,0.0,-0.1075242995950274,0.17098336601093933,-0.21551230604225807,0.13031233847141266,-0.9278616309165955,-0.18635648488998413,-0.7182958722114563,0.8939074873924255,0.16272549331188202,0.0852504959048836,0.048221861223602794,-0.3222961163368084,0.5568196349332453,1.993540712211173,0.0,-0.10636591407461443,0.17210902528318955,-0.21549571347891577,0.30636591407461444,0.027890974716810464,0.21549571347891577,0.2,0.2,0.0,0.2955903022574401,-0.1800167333395202,False
0,109,0.0852504959048836,0.048221861223602794,-0.3222961163368084,0.5568196349332453,1.993540712211173,0.0,-0.10636591407461443,0.17210902528318955,-0.21549571347891577,-0.051995739340782166,-0.7503130435943604,0.5867680907249451,0.27842649817466736,0.048626724630594254,0.4782734215259552,0.0821356074035322,0.025951663396827494,-0.3188053721473213,0.5557536325435163,1.9975476667959737,0.0,-0.10386332108842272,0.17309897165327148,-0.22365250762613367,0.30386332108842273,0.026901028346728535,0.22365250762613367,0.2,0.2,0.0,0.3012827370135811,-0.23756571606820062,False
0,110,0.0821356074035322,0.025951663396827494,-0.3188053721473213,0.5557536325435163,1.9975476667959737,0.0,-0.10386332108842272,0.17309897165327148,-0.22365250762613367,0.1052718311548233,0.22257490456104279,-0.5145969390869141,-0.1384042203426361,0.25015711784362793,0.8016576766967773,0.0821356074035322,0.025951663396827494,-0.3188053721473213,0.5557536325435163,1.9975476667959737,0.0,-0.06334288956366174,0.19526882272904028,-0.3313751209007151,0.26334288956366175,0.004731177270959724,0.3313751209007151,0.2,0.2,0.0,0.3898098325340488,-1.1101758714717012,False
0,111,0.0821356074035322,0.025951663396827494,-0.3188053721473213,0.5557536325435163,1.9975476667959737,0.0,-0.06334288956366174,0.19526882272904028,-0.3313751209007151,0.34624791145324707,-0.14871756732463837,-0.934661865234375,-0.3958302140235901,0.9222865700721741,0.5520581603050232,0.0821356074035322,0.025951663396827494,-0.3188053721473213,0.5557536325435163,1.9975476667959737,0.0,-0.06334288956366174,0.19526882272904028,-0.3313751209007151,0.26334288956366175,0.004731177270959724,0.3313751209007151,0.2,0.2,0.0,0.3898098325340488,-0.22490491626702439,False
0,112,0.0821356074035322,0.025951663396827494,-0.3188053721473213,0.5557536325435163,1.9975476667959737,0.0,-0.06334288956366174,0.19526882272904028,-0.3313751209007151,-0.3729874789714813,0.9010748267173767,-0.3432258069515228,-0.8648881912231445,-0.47786974906921387,0.23655834794044495,0.0821356074035322,0.025951663396827494,-0.3188053721473213,0.5557536325435163,1.9975476667959737,0.0,-0.06185548125539192,0.19563331616194654,-0.3337078301495331,0.26185548125539193,0.004366683838053481,0.3337078301495331,0.2,0.2,0.0,0.3917389575431143,-0.24516072886221216,False
0,113,0.0821356074035322,0.025951663396827494,-0.3188053721473213,0.5557536325435163,1.9975476667959737,0.0,-0.06185548125539192,0.19563331616194654,-0.3337078301495331,0.944068193435669,-0.7981639504432678,0.5227084755897522,-0.18342889845371246,0.2053988128900528,0.8307585120201111,0.0821356074035322,0.025951663396827494,-0.3188053721473213,0.5557536325435163,1.9975476667959737,0.0,-0.05675468361051261,0.19473947137266678,-0.3412182196290985,0.2567546836105126,0.0052605286273332275,0.3412182196290985,0.2,0.2,0.0,0.39695645759842074,-0.2806532293522751,False
0,114,0.0821356074035322,0.025951663396827494,-0.3188053721473213,0.5557536325435163,1.9975476667959737,0.0,-0.05675468361051261,0.19473947137266678,-0.3412182196290985,0.4709368944168091,0.5679649710655212,0.26282575726509094,0.5217400193214417,-0.017169516533613205,-0.5654898285865784,0.0821356074035322,0.025951663396827494,-0.3188053721473213,0.5557536325435163,1.9975476667959737,0.0,-0.05675468361051261,0.19473947137266678,-0.3412182196290985,0.2567546836105126,0.0052605286273332275,0.3412182196290985,0.2,0.2,0.0,0.39695645759842074,-0.22847822879921037,False
0,115,0.0821356074035322,0.025951663396827494,-0.3188053721473213,0.5557536325435163,1.9975476667959737,0.0,-0.05675468361051261,0.19473947137266678,-0.3412182196290985,-0.7477172613143921,-0.4450194835662842,0.44638505578041077,0.5025290250778198,-0.7412809729576111,-0.976423978805542,0.0821356074035322,0.025951663396827494,-0.3188053721473213,0.5557536325435163,1.9975476667959737,0.0,-0.05675468361051261,0.19473947137266678,-0.3412182196290985,0.2567546836105126,0.0052605286273332275,0.3412182196290985,0.2,0.2,0.0,0.39695645759842074,-0.22847822879921037,False
0,116,0.0821356074035322,0.025951663396827494,-0.3188053721473213,0.5557536325435163,1.9975476667959737,0.0,-0.05675468361051261,0.19473947137266678,-0.3412182196290985,-0.2609158456325531,0.8166522979736328,-0.3051135540008545,0.6662683486938477,-0.5603695511817932,0.6956785917282104,0.0821356074035322,0.025951663396827494,-0.3188053721473213,0.5557536325435163,1.9975476667959737,0.0,-0.05675468361051261,0.19473947137266678,-0.3412182196290985,0.2567546836105126,0.0052605286273332275,0.3412182196290985,0.2,0.2,0.0,0.39695645759842074,-0.22847822879921037,False
0,117,0.0821356074035322,0.025951663396827494,-0.3188053721473213,0.5557536325435163,1.9975476667959737,0.0,-0.05675468361051261,0.19473947137266678,-0.3412182196290985,-0.6705306768417358,-0.3446956276893616,0.7345393896102905,0.1303543895483017,0.2850797474384308,0.8311170935630798,0.0821356074035322,0.025951663396827494,-0.3188053721473213,0.5557536325435163,1.9975476667959737,0.0,-0.05675468361051261,0.19473947137266678,-0.3412182196290985,0.2567546836105126,0.0052605286273332275,0.3412182196290985,0.2,0.2,0.0,0.39695645759842074,-0.22847822879921037,False
0,118,0.0821356074035322,0.025951663396827494,-0.3188053721473213,0.5557536325435163,1.9975476667959737,0.0,-0.05675468361051261,0.19473947137266678,-0.3412182196290985,0.3727611303329468,-0.5491220355033875,-0.28023701906204224,-0.662551760673523,0.049190130084753036,-0.5585002899169922,0.0821356074035322,0.025951663396827494,-0.3188053721473213,0.5557536325435163,1.9975476667959737,0.0,-0.05403957065698628,0.193234659137323,-0.34375350091196055,0.2540395706569863,0.006765340862677015,0.34375350091196055,0.2,0.2,0.0,0.39802811217040696,-0.2397306018050656,False
0,119,0.0821356074035322,0.025951663396827494,-0.3188053721473213,0.5557536325435163,1.9975476667959737,0.0,-0.05403957065698628,0.193234659137323,-0.34375350091196055,0.712630033493042,-0.713603138923645,0.849799633026123,0.5730645656585693,0.6299951076507568,0.856204628944397,0.0821356074035322,0.025951663396827494,-0.3188053721473213,0.5557536325435163,1.9975476667959737,0.0,-0.04876399607436269,0.1953377162424309,-0.3478061167887764,0.2487639960743627,0.004662283757569102,0.3478061167887764,0.2,0.2,0.0,0.401875410513802,-0.26941068869085133,False
0,120,0.0821356074035322,0.025951663396827494,-0.3188053721473213,0.5557536325435163,1.9975476667959737,0.0,-0.04876399607436269,0.1953377162424309,-0.3478061167887764,-0.6938955783843994,0.04371073469519615,-0.36894604563713074,-0.1040467694401741,-0.2823055386543274,-0.08656800538301468,0.0821356074035322,0.025951663396827494,-0.3188053721473213,0.5557536325435163,1.9975476667959737,0.0,-0.042474629339075726,0.19680195615362547,-0.35462926312625986,0.24247462933907574,0.0031980438463745263,0.35462926312625986,0.2,0.2,0.0,0.40779531428016613,-0.29309669480372447,False
0,121,0.0821356074035322,0.025951663396827494,-0.3188053721473213,0.5557536325435163,1.9975476667959737,0.0,-0.042474629339075726,0.19680195615362547,-0.35462926312625986,-0.26406171917915344,0.2816423773765564,-0.26283711194992065,0.7464586496353149,0.46492376923561096,0.9450280666351318,0.0821356074035322,0.025951663396827494,-0.3188053721473213,0.5557536325435163,1.9975476667959737,0.0,-0.042474629339075726,0.19680195615362547,-0.35462926312625986,0.24247462933907574,0.0031980438463745263,0.35462926312625986,0.2,0.2,0.0,0.40779531428016613,-0.23389765714008307,False
0,122,0.0821356074035322,0.025951663396827494,-0.3188053721473213,0.5557536325435163,1.9975476667959737,0.0,-0.042474629339075726,0.19680195615362547,-0.35462926312625986,0.7215613126754761,-0.8167096972465515,-0.4438275396823883,0.3636026978492737,0.6049994230270386,-0.1978425532579422,0.0821356074035322,0.025951663396827494,-0.3188053721473213,0.5557536325435163,1.9975476667959737,0.0,-0.042474629339075726,0.19680195615362547,-0.35462926312625986,0.24247462933907574,0.0031980438463745263,0.35462926312625986,0.2,0.2,0.0,0.40779531428016613,-0.23389765714008307,False
0,123,0.0821356074035322,0.025951663396827494,-0.3188053721473213,0.5557536325435163,1.9975476667959737,0.0,-0.042474629339075726,0.19680195615362547,-0.35462926312625986,-0.818511426448822,-0.8159319162368774,-0.11600883305072784,0.8632182478904724,0.3912977874279022,0.9037033915519714,-0.009313918676882672,-0.08402755124194893,-0.8181811950814027,0.7713222930251328,1.881763731587084,0.0,-0.041635730801125675,0.20214842292285717,-0.35437388086126576,0.2416357308011257,-0.0021484229228571697,0.35437388086126576,0.2,0.2,0.0,0.41009555765238026,-0.2580502125483314,False
0,124,-0.009313918676882672,-0.08402755124194893,-0.8181811950814027,0.7713222930251328,1.881763731587084,0.0,-0.041635730801125675,0.20214842292285717,-0.35437388086126576,-0.25779539346694946,-0.3421662449836731,-0.8895066976547241,-0.6861881613731384,-0.7418723106384277,-0.30527007579803467,-0.020906310314006617,-0.10284882479280026,-0.8193744165638445,0.7787135128813181,1.8780395803077568,0.0,-0.03777602137915281,0.20441144763378016,-0.3566629647022246,0.23777602137915282,-0.004411447633780144,0.3566629647022246,0.2,0.2,0.0,0.41281901373986657,-0.2636440677447964,False
0,125,-0.020906310314006617,-0.10284882479280026,-0.8193744165638445,0.7787135128813181,1.8780395803077568,0.0,-0.03777602137915281,0.20441144763378016,-0.3566629647022246,-0.2777125835418701,0.6556103229522705,0.42224884033203125,-0.4771605432033539,0.27650779485702515,0.352446973323822,-0.02717483258623163,-0.10733714946467654,-0.8259703337959517,0.7716988131538045,1.8704315928504018,0.0,-0.03353489273908211,0.2061811771745412,-0.36252811385952366,0.23353489273908212,-0.006181177174541192,0.36252811385952366,0.2,0.2,0.0,0.41840399160457953,-0.2950517744494193,False
0,126,-0.02717483258623163,-0.10733714946467654,-0.8259703337959517,0.7716988131538045,1.8704315928504018,0.0,-0.03353489273908211,0.2061811771745412,-0.36252811385952366,-0.845871090888977,0.34500959515571594,-0.5678290128707886,-0.21898385882377625,0.35545140504837036,0.27543026208877563,-0.03333206719803252,-0.08762245013349597,-0.8171354649145849,0.7687709255393715,1.8707437951550745,0.0,-0.03353489273908211,0.2061811771745412,-0.36252811385952366,0.23353489273908212,-0.006181177174541192,0.36252811385952366,0.2,0.2,0.0,0.41840399160457953,-0.23920199580228976,False
0,127,-0.03333206719803252,-0.08762245013349597,-0.8171354649145849,0.7687709255393715,1.8707437951550745,0.0,-0.03353489273908211,0.2061811771745412,-0.36252811385952366,-0.9143334627151489,0.06831996887922287,-0.7619548439979553,0.7706799507141113,0.17243720591068268,-0.6040430068969727,-0.057537721989046456,-0.08375193747674728,-0.8297263300001766,0.7758049827623082,1.8713379638198047,0.0,-0.04017148793243405,0.21115464187876962,-0.35615384073174905,0.24017148793243406,-0.011154641878769606,0.35615384073174905,0.2,0.2,0.0,0.41598748718877737,-0.21382869943636712,False
0,128,-0.057537721989046456,-0.08375193747674728,-0.8297263300001766,0.7758049827623082,1.8713379638198047,0.0,-0.04017148793243405,0.21115464187876962,-0.35615384073174905,0.4903656840324402,-0.6941832304000854,0.5512977838516235,-0.013509553857147694,0.8937870860099792,-0.4894729554653168,-0.07108548485409247,-0.08863584169357225,-0.8356995886253706,0.7857485581789199,1.8713545614310232,0.0,-0.03674460736237803,0.21718368584376255,-0.3583417843079233,0.23674460736237804,-0.017183685843762543,0.3583417843079233,0.2,0.2,0.0,0.42062780928973736,-0.2867171256544686,False
0,129,-0.07108548485409247,-0.08863584169357225,-0.8356995886253706,0.7857485581789199,1.8713545614310232,0.0,-0.03674460736237803,0.21718368584376255,-0.3583417843079233,-0.17691805958747864,-0.8680012226104736,-0.45102691650390625,0.777971088886261,-0.5849619507789612,0.3011755645275116,-0.06509993105994864,-0.11100367726306501,-0.8222332219782548,0.7944480171611101,1.8747269094800292,0.0,-0.03674460736237803,0.21718368584376255,-0.3583417843079233,0.23674460736237804,-0.017183685843762543,0.3583417843079233,0.2,0.2,0.0,0.42062780928973736,-0.24031390464486868,False
0,130,-0.06509993105994864,-0.11100367726306501,-0.8222332219782548,0.7944480171611101,1.8747269094800292,0.0,-0.03674460736237803,0.21718368584376255,-0.3583417843079233,0.29519060254096985,-0.12183331698179245,0.851658046245575,0.7673110365867615,-0.5754299163818359,0.7703256011009216,-0.06509993105994864,-0.11100367726306501,-0.8222332219782548,0.7944480171611101,1.8747269094800292,0.0,-0.024079485061132555,0.20332498353893155,-0.340850830179351,0.22407948506113257,-0.0033249835389315523,0.340850830179351,0.2,0.2,0.0,0.3976181069391444,0.0012879700363574442,False
0,131,-0.06509993105994864,-0.11100367726306501,-0.8222332219782548,0.7944480171611101,1.8747269094800292,0.0,-0.024079485061132555,0.20332498353893155,-0.340850830179351,0.6071951985359192,-0.08124855160713196,-0.6570920348167419,-0.4322327673435211,-0.1936398148536682,0.8498640060424805,-0.06509993105994864,-0.11100367726306501,-0.8222332219782548,0.7944480171611101,1.8747269094800292,0.0,-0.023234317896109996,0.20132116686326193,-0.33620613959600465,0.22323431789611,-0.00132116686326193,0.33620613959600465,0.2,0.2,0.0,0.3925616054294294,-0.17571578761756487,False
0,132,-0.06509993105994864,-0.11100367726306501,-0.8222332219782548,0.7944480171611101,1.8747269094800292,0.0,-0.023234317896109996,0.20132116686326193,-0.33620613959600465,-0.28264421224594116,-0.14536632597446442,0.38428279757499695,0.7606271505355835,0.717886209487915,-0.15862736105918884,-0.06509993105994864,-0.11100367726306501,-0.8222332219782548,0.7944480171611101,1.8747269094800292,0.0,0.019337163713807226,0.17694174115367434,-0.39331080683279884,0.18066283628619279,0.023058258846325688,0.39331080683279884,0.2,0.2,0.0,0.43171251595761695,-0.6373653632606838,False
0,133,-0.06509993105994864,-0.11100367726306501,-0.8222332219782548,0.7944480171611101,1.8747269094800292,0.0,0.019337163713807226,0.17694174115367434,-0.39331080683279884,0.799727201461792,0.9225355982780457,-0.8240478038787842,0.6296768188476562,-0.6245043277740479,-0.07933514565229416,0.12164172347006974,-0.30386605479468615,-0.8239189633754401,0.8583332624012473,1.70892729207778,0.0,0.032331431352882606,0.17362753087114183,-0.4058247672344396,0.1676685686471174,0.026372469128858177,0.4058247672344396,0.2,0.2,0.0,0.4425896323126227,-0.360065979706369,False
0,134,0.12164172347006974,-0.30386605479468615,-0.8239189633754401,0.8583332624012473,1.70892729207778,0.0,0.032331431352882606,0.17362753087114183,-0.4058247672344396,0.9711963534355164,0.6364598870277405,0.9627019166946411,0.6159545183181763,0.2811316251754761,-0.13352510333061218,0.12164172347006974,-0.30386605479468615,-0.8239189633754401,0.8583332624012473,1.70892729207778,0.0,0.028735891191369434,0.1717461720285333,-0.40262887548965764,0.17126410880863058,0.02825382797146672,0.40262887548965764,0.2,0.2,0.0,0.4386713011208768,-0.21015233864297947,False
0,135,0.12164172347006974,-0.30386605479468615,-0.8239189633754401,0.8583332624012473,1.70892729207778,0.0,0.028735891191369434,0.1717461720285333,-0.40262887548965764,-0.2967362403869629,-0.19137988984584808,-0.4041121006011963,0.6431037187576294,-0.8288052678108215,-0.5800161361694336,0.21252528846677887,-0.22757655122763035,-0.7441778306899116,0.917401371708241,1.719792870970055,0.0,-0.02289837863103239,0.14211057745188518,-0.33311512549718936,0.2228983786310324,0.05788942254811483,0.33311512549718936,0.2,0.2,0.0,0.362884883678897,0.5464217325803499,False
0,136,0.21252528846677887,-0.22757655122763035,-0.7441778306899116,0.917401371708241,1.719792870970055,0.0,-0.02289837863103239,0.14211057745188518,-0.33311512549718936,0.44190704822540283,0.12856099009513855,0.5709109306335449,-0.276068776845932,-0.5590620040893555,-0.5396389961242676,0.2509252884653052,-0.189176551220871,-0.6673778306802226,0.9558013717000375,1.7326008479697634,0.0,-0.0251592923594543,0.1413359465373703,-0.3265458114598708,0.2251592923594543,0.058664053462629706,0.3265458114598708,0.2,0.2,0.0,0.3567085739895081,-0.14659119010086535,False
0,137,0.2509252884653052,-0.189176551220871,-0.6673778306802226,0.9558013717000375,1.7326008479697634,0.0,-0.0251592923594543,0.1413359465373703,-0.3265458114598708,0.03418703377246857,-0.48501211404800415,0.06065317243337631,-0.7258816957473755,0.13522197306156158,-0.4872592091560364,0.23212552868747682,-0.2030970684660418,-0.6509617649006093,0.9606580912919482,1.7172368445285084,0.0,-0.026827136673125973,0.14301829862530002,-0.32348077828263777,0.22682713667312598,0.05698170137469999,0.32348077828263777,0.2,0.2,0.0,0.354702330020674,-0.18728872532199556,False
0,138,0.23212552868747682,-0.2030970684660418,-0.6509617649006093,0.9606580912919482,1.7172368445285084,0.0,-0.026827136673125973,0.14301829862530002,-0.32348077828263777,-0.7064936757087708,0.8896430730819702,-0.12928561866283417,0.7819952368736267,0.6133685111999512,0.6658350825309753,0.22213319435596846,-0.20529951339440997,-0.6409624599876237,0.9566251402059861,1.720557804675559,0.0,-0.026007736564904932,0.14521513086949572,-0.3249448755584018,0.22600773656490494,0.0547848691305043,0.3249448755584018,0.2,0.2,0.0,0.35686553314426356,-0.23006479780802763,False
0,139,0.22213319435596846,-0.20529951339440997,-0.6409624599876237,0.9566251402059861,1.720557804675559,0.0,-0.026007736564904932,0.14521513086949572,-0.3249448755584018,0.2584695816040039,0.7725580930709839,0.737807035446167,-0.45246297121047974,-0.011447220109403133,-0.014353600330650806,0.2076106037996422,-0.1887918035262708,-0.6310836446626237,0.9698521038980675,1.7287986007807294,0.0,-0.03245081954065199,0.14840817652529653,-0.31527350486832895,0.232450819540652,0.051591823474703494,0.31527350486832895,0.2,0.2,0.0,0.349964891696844,-0.1359760313742267,False
0,140,0.2076106037996422,-0.1887918035262708,-0.6310836446626237,0.9698521038980675,1.7287986007807294,0.0,-0.03245081954065199,0.14840817652529653,-0.31527350486832895,0.506923258304596,-0.6525819897651672,-0.8767067193984985,-0.9227685928344727,0.658035159111023,0.8344932794570923,0.2076106037996422,-0.1887918035262708,-0.6310836446626237,0.9698521038980675,1.7287986007807294,0.0,-0.03684112349786059,0.1476121792882923,-0.3108688267655585,0.2368411234978606,0.05238782071170772,0.3108688267655585,0.2,0.2,0.0,0.34610121541164574,-0.16441384485383995,False
0,141,0.2076106037996422,-0.1887918035262708,-0.6310836446626237,0.9698521038980675,1.7287986007807294,0.0,-0.03684112349786059,0.1476121792882923,-0.3108688267655585,0.43656671047210693,0.8514871597290039,0.8295890092849731,0.7818882465362549,-0.853063702583313,0.4713657796382904,0.20731864859175927,-0.1845494608968033,-0.6262836446595277,0.9682612706512743,1.728759045241298,0.0,-0.03684112349786059,0.1476121792882923,-0.3108688267655585,0.2368411234978606,0.05238782071170772,0.3108688267655585,0.2,0.2,0.0,0.34610121541164574,-0.20305060770582287,False
0,142,0.20731864859175927,-0.1845494608968033,-0.6262836446595277,0.9682612706512743,1.728759045241298,0.0,-0.03684112349786059,0.1476121792882923,-0.3108688267655585,0.1121893897652626,0.02129051834344864,-0.5783772468566895,-0.11679009348154068,0.24260175228118896,0.47384604811668396,0.21253471900648738,-0.19463352808002043,-0.6694767371027521,0.9353448061075199,1.7460079611748822,0.0,-0.026726800386170563,0.14817712760539098,-0.33068914320968057,0.22672680038617057,0.05182287239460902,0.33068914320968057,0.2,0.2,0.0,0.36335394925749626,-0.38420431308725334,False
0,143,0.21253471900648738,-0.19463352808002043,-0.6694767371027521,0.9353448061075199,1.7460079611748822,0.0,-0.026726800386170563,0.14817712760539098,-0.33068914320968057,0.8346126079559326,-0.3110942542552948,-0.4975303113460541,-0.8319204449653625,0.5180267691612244,0.8526896238327026,0.2112635167337823,-0.19699220774710274,-0.6754986315712679,0.9334074554953904,1.7477241287746303,0.0,-0.02630304400730596,0.1487654774124207,-0.33174922258489126,0.22630304400730597,0.05123452258757932,0.33174922258489126,0.2,0.2,0.0,0.36452786461322195,-0.22400308586386794,False
0,144,0.2112635167337823,-0.19699220774710274,-0.6754986315712679,0.9334074554953904,1.7477241287746303,0.0,-0.02630304400730596,0.1487654774124207,-0.33174922258489126,-0.2106272280216217,0.7414751052856445,0.07888258248567581,0.6959164142608643,0.8675479888916016,0.264015257358551,0.21453364286952764,-0.201150530371552,-0.6778216518401334,0.9278770968944656,1.7512931247595835,0.0,-0.02630304400730596,0.1487654774124207,-0.33174922258489126,0.22630304400730597,0.05123452258757932,0.33174922258489126,0.2,0.2,0.0,0.36452786461322195,-0.21226393230661098,False
0,145,0.21453364286952764,-0.201150530371552,-0.6778216518401334,0.9278770968944656,1.7512931247595835,0.0,-0.02630304400730596,0.1487654774124207,-0.33174922258489126,0.07763531059026718,-0.6242960691452026,-0.41232800483703613,0.777056097984314,0.129680335521698,-0.09443707019090652,0.20510233525835125,-0.18971049206579824,-0.6621199652785847,0.9409310053759281,1.7594108648658413,0.0,-0.027949777428938116,0.14882446135622926,-0.3294605748122462,0.22794977742893813,0.05117553864377075,0.3294605748122462,0.2,0.2,0.0,0.36259368542752457,-0.19195505085678846,False
0,146,0.20510233525835125,-0.18971049206579824,-0.6621199652785847,0.9409310053759281,1.7594108648658413,0.0,-0.027949777428938116,0.14882446135622926,-0.3294605748122462,-0.47283217310905457,-0.2233063131570816,-0.7236038446426392,-0.48270756006240845,0.7130333185195923,0.5527384877204895,0.2013076357917504,-0.2047467806887924,-0.6661230672445781,0.9475352860562786,1.7605246721447212,0.0,-0.02593701176887775,0.15128886125488944,-0.3298306662591334,0.22593701176887776,0.048711138745110585,0.3298306662591334,0.2,0.2,0.0,0.3637984559123965,-0.22394693280491768,False
0,147,0.2013076357917504,-0.2047467806887924,-0.6661230672445781,0.9475352860562786,1.7605246721447212,0.0,-0.02593701176887775,0.15128886125488944,-0.3298306662591334,-0.3937467634677887,0.534367024898529,0.7939208745956421,-0.4807720184326172,-0.007604377809911966,0.6293128132820129,0.19407322624928072,-0.2094658259369819,-0.6740444481793908,0.9435463789963325,1.7641361927661043,0.0,-0.02593701176887775,0.15128886125488944,-0.3298306662591334,0.22593701176887776,0.048711138745110585,0.3298306662591334,0.2,0.2,0.0,0.3637984559123965,-0.21189922795619826,False
0,148,0.19407322624928072,-0.2094658259369819,-0.6740444481793908,0.9435463789963325,1.7641361927661043,0.0,-0.02593701176887775,0.15128886125488944,-0.3298306662591334,-0.14103835821151733,-0.7541875243186951,-0.7413898706436157,-0.9134691953659058,-0.15948137640953064,0.4381662905216217,0.1844732262493232,-0.21327182589274019,-0.6788444481741577,0.9404040529826029,1.7670066760518137,0.0,-0.02557668729686488,0.15639955925334098,-0.33284592477214114,0.2255766872968649,0.04360044074665903,0.33284592477214114,0.2,0.2,0.0,0.368648068901958,-0.26282016434659394,False
0,149,0.1844732262493232,-0.21327182589274019,-0.6788444481741577,0.9404040529826029,1.7670066760518137,0.0,-0.02557668729686488,0.15639955925334098,-0.33284592477214114,-0.09569356590509415,0.4176076352596283,0.7643476128578186,-0.6998468041419983,0.5059396028518677,0.16877631843090057,0.17699687696293817,-0.2046259763367683,-0.6652299870660722,0.9358351057981692,1.7664683898847655,0.0,-0.02557668729686488,0.15639955925334098,-0.33284592477214114,0.2255766872968649,0.04360044074665903,0.33284592477214114,0.2,0.2,0.0,0.368648068901958,-0.214324034450979,False
0,150,0.17699687696293817,-0.2046259763367683,-0.6652299870660722,0.9358351057981692,1.7664683898847655,0.0,-0.02557668729686488,0.15639955925334098,-0.33284592477214114,0.18966452777385712,0.13533912599086761,-0.29991066455841064,0.2318979948759079,0.6300672292709351,0.07629948854446411,0.17699687696293817,-0.2046259763367683,-0.6652299870660722,0.9358351057981692,1.7664683898847655,0.0,-0.02751818267419484,0.1588449229048504,-0.3308253866221711,0.22751818267419485,0.041155077095149616,0.3308253866221711,0.2,0.2,0.0,0.3680141251963669,-0.20766762554227233,False
0,151,0.17699687696293817,-0.2046259763367683,-0.6652299870660722,0.9358351057981692,1.7664683898847655,0.0,-0.02751818267419484,0.1588449229048504,-0.3308253866221711,0.7691153287887573,-0.3213772475719452,0.9483273029327393,0.4797731935977936,0.7241921424865723,0.06353096663951874,0.16933930595482785,-0.20636585123589343,-0.6625239982446592,0.9358365666667035,1.7763239224359546,0.0,-0.02751818267419484,0.1588449229048504,-0.3308253866221711,0.22751818267419485,0.041155077095149616,0.3308253866221711,0.2,0.2,0.0,0.3680141251963669,-0.21400706259818345,False
0,152,0.16933930595482785,-0.20636585123589343,-0.6625239982446592,0.9358365666667035,1.7763239224359546,0.0,-0.02751818267419484,0.1588449229048504,-0.3308253866221711,-0.24138805270195007,-0.8334614634513855,-0.4133158028125763,-0.43840932846069336,-0.0462542399764061,0.25026217103004456,0.16877454038400855,-0.20773292927385575,-0.6540299476278473,0.9464910497125407,1.7873138218256999,0.0,-0.02805699114641852,0.15887447945601002,-0.3279674943059626,0.22805699114641853,0.04112552054398998,0.3279674943059626,0.2,0.2,0.0,0.3655009880916055,-0.18761912299818911,False
0,153,0.16877454038400855,-0.20773292927385575,-0.6540299476278473,0.9464910497125407,1.7873138218256999,0.0,-0.02805699114641852,0.15887447945601002,-0.3279674943059626,0.4164664149284363,0.9344263672828674,0.5121941566467285,0.873908519744873,0.5851229429244995,0.6908067464828491,0.16291189233549153,-0.22020037237758971,-0.6570154358112374,0.9422181379331194,1.7863059880873389,0.0,-0.02805699114641852,0.15887447945601002,-0.3279674943059626,0.22805699114641853,0.04112552054398998,0.3279674943059626,0.2,0.2,0.0,0.3655009880916055,-0.21275049404580276,False
0,154,0.16291189233549153,-0.22020037237758971,-0.6570154358112374,0.9422181379331194,1.7863059880873389,0.0,-0.02805699114641852,0.15887447945601002,-0.3279674943059626,0.15234409272670746,-0.7290825843811035,-0.1341894119977951,-0.8052369356155396,-0.2695106863975525,0.9445774555206299,0.16358552648640226,-0.20304650191802073,-0.6445011678880324,0.9472670968926404,1.787910433777052,0.0,-0.030344982549993432,0.15977288509560553,-0.3245751437820428,0.23034498254999344,0.040227114904394484,0.3245751437820428,0.2,0.2,0.0,0.36303886395104684,-0.18689819056993656,False
0,155,0.16358552648640226,-0.20304650191802073,-0.6445011678880324,0.9472670968926404,1.787910433777052,0.0,-0.030344982549993432,0.15977288509560553,-0.3245751437820428,-0.877383291721344,-0.4106375575065613,0.9084397554397583,-0.04526824504137039,-0.7904439568519592,-0.5497869849205017,0.1620373771054134,-0.2153295724085289,-0.6416576510230809,0.9391286792713955,1.7854720640457578,0.0,-0.030344982549993432,0.15977288509560553,-0.3245751437820428,0.23034498254999344,0.040227114904394484,0.3245751437820428,0.2,0.2,0.0,0.36303886395104684,-0.21151943197552342,False
0,156,0.1620373771054134,-0.2153295724085289,-0.6416576510230809,0.9391286792713955,1.7854720640457578,0.0,-0.030344982549993432,0.15977288509560553,-0.3245751437820428,-0.8866601586341858,0.8975571393966675,0.08960039913654327,-0.15988804399967194,0.6952561140060425,0.8169817924499512,0.1620373771054134,-0.2153295724085289,-0.6416576510230809,0.9391286792713955,1.7854720640457578,0.0,-0.028249330533657774,0.16205180658707574,-0.3269234267995652,0.22824933053365778,0.037948193412924255,0.3269234267995652,0.2,0.2,0.0,0.3659750533630749,-0.242349420801818,False
0,157,0.1620373771054134,-0.2153295724085289,-0.6416576510230809,0.9391286792713955,1.7854720640457578,0.0,-0.028249330533657774,0.16205180658707574,-0.3269234267995652,-0.7520570755004883,0.7940810322761536,-0.08885496854782104,0.8205513954162598,-0.41898465156555176,-0.3516259789466858,0.13814765634669954,-0.2004092086203482,-0.6194897105441072,0.9397523498418622,1.7830880326913525,0.0,-0.03459239539010156,0.16547936731836513,-0.31910500733479186,0.23459239539010157,0.03452063268163488,0.31910500733479186,0.2,0.2,0.0,0.36112056232378836,-0.16201537076902883,False
0,158,0.13814765634669954,-0.2004092086203482,-0.6194897105441072,0.9397523498418622,1.7830880326913525,0.0,-0.03459239539010156,0.16547936731836513,-0.31910500733479186,-0.07555286586284637,0.18763355910778046,0.8375086784362793,0.6477552652359009,-0.5805361270904541,0.7074137330055237,0.12934165650700075,-0.19117622328144826,-0.6124620943773056,0.9487073655614979,1.779572450559822,0.0,-0.03459239539010156,0.16547936731836513,-0.31910500733479186,0.23459239539010157,0.03452063268163488,0.31910500733479186,0.2,0.2,0.0,0.36112056232378836,-0.21056028116189418,False
0,159,0.12934165650700075,-0.19117622328144826,-0.6124620943773056,0.9487073655614979,1.779572450559822,0.0,-0.03459239539010156,0.16547936731836513,-0.31910500733479186,-0.9196438789367676,0.0686136782169342,-0.7005618214607239,-0.5554915070533752,0.79816734790802,0.1810968816280365,0.12429875575136712,-0.18981207912811857,-0.6045394438107315,0.9539296994730655,1.7767209758941658,0.0,-0.03863135138442075,0.16791879778154958,-0.3107787624819034,0.23863135138442076,0.03208120221845042,0.3107787624819034,0.2,0.2,0.0,0.3553484813080968,-0.14995343049713297,False
0,160,0.12429875575136712,-0.18981207912811857,-0.6045394438107315,0.9539296994730655,1.7767209758941658,0.0,-0.03863135138442075,0.16791879778154958,-0.3107787624819034,-0.6397074460983276,-0.9762747287750244,0.7095255851745605,-0.015320279635488987,-0.3720954656600952,-0.8616094589233398,0.12429875575136712,-0.18981207912811857,-0.6045394438107315,0.9539296994730655,1.7767209758941658,0.0,-0.03725492312707859,0.1726249089753347,-0.3159539036764397,0.2372549231270786,0.02737509102466532,0.3159539036764397,0.2,0.2,0.0,0.36195877906790447,-0.2770823671320287,False
0,161,0.12429875575136712,-0.18981207912811857,-0.6045394438107315,0.9539296994730655,1.7767209758941658,0.0,-0.03725492312707859,0.1726249089753347,-0.3159539036764397,-0.2852051556110382,0.6114264726638794,0.1758628487586975,0.01399010419845581,0.4451376795768738,0.046087153255939484,0.10075630636511831,-0.20355620998227522,-0.6057532977512716,0.9450206677506743,1.7814513672461532,0.0,-0.034926131366026375,0.17836351072320086,-0.31623178372399585,0.2349261313660264,0.021636489276799148,0.31623178372399585,0.2,0.2,0.0,0.36474089110896574,-0.24019156596509555,False
0,162,0.10075630636511831,-0.20355620998227522,-0.6057532977512716,0.9450206677506743,1.7814513672461532,0.0,-0.034926131366026375,0.17836351072320086,-0.31623178372399585,-0.39328306913375854,-0.44788187742233276,-0.24839574098587036,-0.2739759087562561,0.05895436182618141,0.7391502261161804,0.09115630636517529,-0.21315620997888232,-0.5961532977434569,0.9455599144752953,1.77685299479374,0.0,-0.034926131366026375,0.17836351072320086,-0.31623178372399585,0.2349261313660264,0.021636489276799148,0.31623178372399585,0.2,0.2,0.0,0.36474089110896574,-0.21237044555448287,False
0,163,0.09115630636517529,-0.21315620997888232,-0.5961532977434569,0.9455599144752953,1.77685299479374,0.0,-0.034926131366026375,0.17836351072320086,-0.31623178372399585,-0.6422350406646729,0.8207852840423584,0.29019835591316223,-0.5497118830680847,-0.010023987852036953,-0.581278920173645,0.07196791603652634,-0.20016889974106777,-0.5727914632795366,0.9467994141168344,1.7758535949021415,0.0,-0.04110210956173119,0.18121874066807278,-0.306836370076192,0.2411021095617312,0.018781259331927223,0.306836370076192,0.2,0.2,0.0,0.35871740044397155,-0.14912379357204386,False
0,164,0.07196791603652634,-0.20016889974106777,-0.5727914632795366,0.9467994141168344,1.7758535949021415,0.0,-0.04110210956173119,0.18121874066807278,-0.306836370076192,0.1539638638496399,0.012436166405677795,0.2553180754184723,-0.3154309391975403,0.8840219974517822,0.1762714684009552,0.06748758796355105,-0.1884170024757521,-0.5670416812326644,0.9440727891415711,1.7755488003702073,0.0,-0.04110210956173119,0.18121874066807278,-0.306836370076192,0.2411021095617312,0.018781259331927223,0.306836370076192,0.2,0.2,0.0,0.35871740044397155,-0.20935870022198577,False
0,165,0.06748758796355105,-0.1884170024757521,-0.5670416812326644,0.9440727891415711,1.7755488003702073,0.0,-0.04110210956173119,0.18121874066807278,-0.306836370076192,0.7942270636558533,-0.41237226128578186,-0.39381957054138184,0.7536224126815796,-0.7715033292770386,0.70313560962677,0.06839997126404207,-0.19093264557643572,-0.5622127042085548,0.9440721307562283,1.7773262871583906,0.0,-0.0437292468276618,0.1822033041691855,-0.3028378459673564,0.2437292468276618,0.017796695830814502,0.3028378459673564,0.2,0.2,0.0,0.35611943506137317,-0.1820800637047028,False
0,166,0.06839997126404207,-0.19093264557643572,-0.5622127042085548,0.9440721307562283,1.7773262871583906,0.0,-0.0437292468276618,0.1822033041691855,-0.3028378459673564,0.9791414737701416,-0.5352814197540283,-0.19955018162727356,-0.15222109854221344,0.09266503900289536,-0.7079428434371948,0.07875979853873341,-0.21314533828219298,-0.5680087607119383,0.9564370635261502,1.768212567007618,0.0,-0.0437292468276618,0.1822033041691855,-0.3028378459673564,0.2437292468276618,0.017796695830814502,0.3028378459673564,0.2,0.2,0.0,0.35611943506137317,-0.20805971753068658,False
0,167,0.07875979853873341,-0.21314533828219298,-0.5680087607119383,0.9564370635261502,1.768212567007618,0.0,-0.0437292468276618,0.1822033041691855,-0.3028378459673564,0.7365015745162964,0.35093244910240173,0.1552707999944687,-0.34061941504478455,0.5685970783233643,0.8770552277565002,0.08011486880188724,-0.21500469128974864,-0.567867517817771,0.9561484551825048,1.768297633070763,0.0,-0.036897267843628456,0.17907793578505543,-0.30976056458743606,0.23689726784362847,0.020922064214944573,0.30976056458743606,0.2,0.2,0.0,0.35969698752267587,-0.24562401837436496,False
0,168,0.08011486880188724,-0.21500469128974864,-0.567867517817771,0.9561484551825048,1.768297633070763,0.0,-0.036897267843628456,0.17907793578505543,-0.30976056458743606,-0.8967289328575134,0.09773086756467819,0.7613202333450317,-0.5827155113220215,0.6666440963745117,-0.211542546749115,0.08695988708676618,-0.22360080377446728,-0.5672359429424721,0.9550039689229801,1.7685009814349795,0.0,-0.036897267843628456,0.17907793578505543,-0.30976056458743606,0.23689726784362847,0.020922064214944573,0.30976056458743606,0.2,0.2,0.0,0.35969698752267587,-0.20984849376133793,False
0,169,0.08695988708676618,-0.22360080377446728,-0.5672359429424721,0.9550039689229801,1.7685009814349795,0.0,-0.036897267843628456,0.17907793578505543,-0.30976056458743606,0.9388022422790527,0.5245879292488098,-0.8395172357559204,0.767658531665802,0.8971881866455078,0.08433408290147781,0.09446611952061787,-0.22567074755208102,-0.5625170059648706,0.9525218459342353,1.7702661415164267,0.0,-0.036140415137286,0.17674460986508989,-0.30991428616518546,0.236140415137286,0.02325539013491012,0.30991428616518546,0.2,0.2,0.0,0.3585967812068796,-0.1982963274454771,False
0,170,0.09446611952061787,-0.22567074755208102,-0.5625170059648706,0.9525218459342353,1.7702661415164267,0.0,-0.036140415137286,0.17674460986508989,-0.30991428616518546,0.37711501121520996,0.9651316404342651,0.4291532337665558,0.053802311420440674,-0.1368781328201294,0.5255595445632935,0.09446611952061787,-0.22567074755208102,-0.5625170059648706,0.9525218459342353,1.7702661415164267,0.0,-0.040038498909727244,0.1761830187685487,-0.3041163268141013,0.24003849890972725,0.023816981231451324,0.3041163268141013,0.2,0.2,0.0,0.35373758314921,-0.158276810997909,False
0,171,0.09446611952061787,-0.22567074755208102,-0.5625170059648706,0.9525218459342353,1.7702661415164267,0.0,-0.040038498909727244,0.1761830187685487,-0.3041163268141013,0.05584753304719925,0.19847019016742706,0.027052082121372223,0.5637873411178589,-0.4204922318458557,-0.1287008374929428,0.09446611952061787,-0.22567074755208102,-0.5625170059648706,0.9525218459342353,1.7702661415164267,0.0,-0.040038498909727244,0.1761830187685487,-0.3041163268141013,0.24003849890972725,0.023816981231451324,0.3041163268141013,0.2,0.2,0.0,0.35373758314921,-0.206868791574605,False
0,172,0.09446611952061787,-0.22567074755208102,-0.5625170059648706,0.9525218459342353,1.7702661415164267,0.0,-0.040038498909727244,0.1761830187685487,-0.3041163268141013,0.7102538347244263,-0.5042994022369385,0.5234253406524658,0.7608281970024109,-0.869818925857544,-0.41394180059432983,0.09764672329471558,-0.17014787995382136,-0.5336045377008438,0.9583706699396654,1.7695464210752945,0.0,-0.04907200043348478,0.17418188660456252,-0.288968937289221,0.2490720004334848,0.0258181133954375,0.288968937289221,0.2,0.2,0.0,0.34095518410156245,-0.0726536015743057,False
0,173,0.09764672329471558,-0.17014787995382136,-0.5336045377008438,0.9583706699396654,1.7695464210752945,0.0,-0.04907200043348478,0.17418188660456252,-0.288968937289221,-0.8709002733230591,0.9614108204841614,0.5358986854553223,0.6785516738891602,-0.3608587384223938,0.7512621879577637,0.10024834615737685,-0.1759048158960132,-0.5261145112661854,0.9626649362745533,1.7664469009832757,0.0,-0.04907200043348478,0.17418188660456252,-0.288968937289221,0.2490720004334848,0.0258181133954375,0.288968937289221,0.2,0.2,0.0,0.34095518410156245,-0.20047759205078122,False
0,174,0.10024834615737685,-0.1759048158960132,-0.5261145112661854,0.9626649362745533,1.7664469009832757,0.0,-0.04907200043348478,0.17418188660456252,-0.288968937289221,0.2835243344306946,0.974387526512146,0.7998775243759155,0.3667125105857849,-0.047037072479724884,-0.1129186674952507,0.08953545041083903,-0.15876214360565039,-0.5090255039460746,0.9702628799334699,1.7636776611005334,0.0,-0.052637932095268736,0.17600140150379762,-0.27867375894993285,0.25263793209526875,0.0239985984962024,0.27867375894993285,0.2,0.2,0.0,0.3337758366836227,-0.12509444416241394,False
0,175,0.08953545041083903,-0.15876214360565039,-0.5090255039460746,0.9702628799334699,1.7636776611005334,0.0,-0.052637932095268736,0.17600140150379762,-0.27867375894993285,0.0678485631942749,-0.5054008364677429,0.3236548602581024,0.3735187351703644,-0.5842217206954956,-0.5895892381668091,0.0899619487493373,-0.1464818562152184,-0.5006441064380025,0.9723096989130713,1.7633422648537695,0.0,-0.052637932095268736,0.17600140150379762,-0.27867375894993285,0.25263793209526875,0.0239985984962024,0.27867375894993285,0.2,0.2,0.0,0.3337758366836227,-0.19688791834181135,False
0,176,0.0899619487493373,-0.1464818562152184,-0.5006441064380025,0.9723096989130713,1.7633422648537695,0.0,-0.052637932095268736,0.17600140150379762,-0.27867375894993285,0.8890634179115295,-0.17040091753005981,0.7447700500488281,-0.11888029426336288,-0.22228851914405823,0.977878212928772,0.09037019275400159,-0.15339547837650944,-0.4916293576074935,0.9742164653362619,1.7609227444784314,0.0,-0.05445438497929889,0.1756190513168882,-0.2725758787332176,0.2544543849792989,0.024380948683111817,0.2725758787332176,0.2,0.2,0.0,0.32879315822581107,-0.14456979453478913,False
0,177,0.09037019275400159,-0.15339547837650944,-0.4916293576074935,0.9742164653362619,1.7609227444784314,0.0,-0.05445438497929889,0.1756190513168882,-0.2725758787332176,0.6336857676506042,0.8488513231277466,-0.8885594010353088,-0.23793910443782806,0.7765780687332153,-0.13743066787719727,0.09635720674685815,-0.15785061452469276,-0.4820293575999788,0.9732738841057139,1.7594124019681692,0.0,-0.05445438497929889,0.1756190513168882,-0.2725758787332176,0.2544543849792989,0.024380948683111817,0.2725758787332176,0.2,0.2,0.0,0.32879315822581107,-0.19439657911290553,False
0,178,0.09635720674685815,-0.15785061452469276,-0.4820293575999788,0.9732738841057139,1.7594124019681692,0.0,-0.05445438497929889,0.1756190513168882,-0.2725758787332176,-0.30489757657051086,-0.7249990701675415,0.4805736541748047,-0.14282050728797913,0.7104584574699402,0.9736053347587585,0.10066838792947426,-0.14607433364158212,-0.4942355930757424,0.9708936643053709,1.7641938730454325,0.0,-0.05544836940129766,0.1727517664478104,-0.2716303702617115,0.25544836940129767,0.02724823355218962,0.2716303702617115,0.2,0.2,0.0,0.32665081130867574,-0.17190193648298457,False
0,179,0.10066838792947426,-0.14607433364158212,-0.4942355930757424,0.9708936643053709,1.7641938730454325,0.0,-0.05544836940129766,0.1727517664478104,-0.2716303702617115,0.40482473373413086,0.2754073143005371,-0.18407413363456726,-0.7469081878662109,-0.6533718109130859,-0.5725337266921997,0.09493058400126315,-0.15838166337462892,-0.4821357831016041,0.9695817547681906,1.7684246814300641,0.0,-0.05544836940129766,0.1727517664478104,-0.2716303702617115,0.25544836940129767,0.02724823355218962,0.2716303702617115,0.2,0.2,0.0,0.32665081130867574,-0.19332540565433787,False
0,180,0.09493058400126315,-0.15838166337462892,-0.4821357831016041,0.9695817547681906,1.7684246814300641,0.0,-0.05544836940129766,0.1727517664478104,-0.2716303702617115,-0.3665117919445038,0.8656002283096313,-0.16052691638469696,0.26603686809539795,0.7416951656341553,-0.21728281676769257,0.09493058400126315,-0.15838166337462892,-0.4821357831016041,0.9695817547681906,1.7684246814300641,0.0,-0.06227081988648753,0.18412746945322345,-0.2566765595410573,0.26227081988648754,0.01587253054677655,0.2566765595410573,0.2,0.2,0.0,0.32196806710358256,-0.14415659150085947,False
0,181,0.09493058400126315,-0.15838166337462892,-0.4821357831016041,0.9695817547681906,1.7684246814300641,0.0,-0.06227081988648753,0.18412746945322345,-0.2566765595410573,-0.6797254085540771,-0.6976266503334045,0.2655896246433258,-0.09125346690416336,0.4101630747318268,0.04915008321404457,0.0407978716125223,-0.09962608535164304,-0.47563851334155033,0.9931523164740419,1.8054148850921163,0.0,-0.06227081988648753,0.18412746945322345,-0.2566765595410573,0.26227081988648754,0.01587253054677655,0.2566765595410573,0.2,0.2,0.0,0.32196806710358256,-0.19098403355179128,False
0,182,0.0407978716125223,-0.09962608535164304,-0.47563851334155033,0.9931523164740419,1.8054148850921163,0.0,-0.06227081988648753,0.18412746945322345,-0.2566765595410573,0.21742145717144012,-0.6924557685852051,0.35458114743232727,0.030270935967564583,0.10137967765331268,0.5952657461166382,0.03375374725009019,-0.11662762445877001,-0.46181791160383523,0.9924109904987263,1.8067513020500736,0.0,-0.06352272172378337,0.18923018872264497,-0.2525359936479461,0.2635227217237834,0.010769811277355056,0.2525359936479461,0.2,0.2,0.0,0.3218969223011623,-0.1902370131263785,False
0,183,0.03375374725009019,-0.11662762445877001,-0.46181791160383523,0.9924109904987263,1.8067513020500736,0.0,-0.06352272172378337,0.18923018872264497,-0.2525359936479461,-0.2948894202709198,0.45488402247428894,0.16506057977676392,-0.9151803255081177,-0.6316776871681213,-0.34518125653266907,0.03431580373254704,-0.12996524636689913,-0.446241887342091,0.9913061425310944,1.8054125628319488,0.0,-0.06094253627907642,0.19021314508811227,-0.25355997067316205,0.26094253627907643,0.009786854911887757,0.25355997067316205,0.2,0.2,0.0,0.32278118287814206,-0.2002331972088687,False
0,184,0.03431580373254704,-0.12996524636689913,-0.446241887342091,0.9913061425310944,1.8054125628319488,0.0,-0.06094253627907642,0.19021314508811227,-0.25355997067316205,-0.08630349487066269,0.2904091775417328,-0.14031022787094116,-0.42240986227989197,0.08206509798765182,0.8887999057769775,0.026732552195775326,-0.12034345483921118,-0.4354525223841381,0.9776749807827676,1.7978360554035373,0.0,-0.06317995852592828,0.1921940610203308,-0.24952661593731867,0.2631799585259283,0.007805938979669216,0.24952661593731867,0.2,0.2,0.0,0.3212379123203779,-0.17518625058254741,False
0,185,0.026732552195775326,-0.12034345483921118,-0.4354525223841381,0.9776749807827676,1.7978360554035373,0.0,-0.06317995852592828,0.1921940610203308,-0.24952661593731867,-0.0962153822183609,0.5456068515777588,-0.842338502407074,-0.6659538745880127,-0.9505763053894043,0.3637688457965851,0.02263951430303832,-0.11481268207164609,-0.43734223974315706,0.9699408660808104,1.796296807133048,0.0,-0.06448345590326804,0.19339861932042024,-0.24926255040747505,0.26448345590326805,0.006601380679579763,0.24926255040747505,0.2,0.2,0.0,0.3220139144135119,-0.19876697813809593,False
0,186,0.02263951430303832,-0.11481268207164609,-0.43734223974315706,0.9699408660808104,1.796296807133048,0.0,-0.06448345590326804,0.19339861932042024,-0.24926255040747505,-0.4639112949371338,-0.39554378390312195,0.37447643280029297,-0.19089865684509277,-0.507315456867218,-0.35543984174728394,0.017322745797706915,-0.11363009588513455,-0.44095825034299546,0.963308483307824,1.788439067561963,0.0,-0.06448345590326804,0.19339861932042024,-0.24926255040747505,0.26448345590326805,0.006601380679579763,0.24926255040747505,0.2,0.2,0.0,0.3220139144135119,-0.19100695720675595,False
0,187,0.017322745797706915,-0.11363009588513455,-0.44095825034299546,0.963308483307824,1.788439067561963,0.0,-0.06448345590326804,0.19339861932042024,-0.24926255040747505,-0.841544508934021,-0.11828512698411942,0.7634264826774597,0.14426642656326294,-0.022232407703995705,0.20515477657318115,0.009860496358722303,-0.12323009588155724,-0.431358250335099,0.9612728956072658,1.783756445427673,0.0,-0.06439242204124102,0.19576603294078132,-0.25078788297664156,0.264392422041241,0.004233967059218688,0.25078788297664156,0.2,0.2,0.0,0.32460019395806594,-0.21816289242457335,False
0,188,0.009860496358722303,-0.12323009588155724,-0.431358250335099,0.9612728956072658,1.783756445427673,0.0,-0.06439242204124102,0.19576603294078132,-0.25078788297664156,0.444945752620697,0.24065367877483368,0.5026049613952637,-0.7563002109527588,-0.3500080704689026,0.5519559383392334,-7.12743609570149e-05,-0.12791398449084948,-0.41842703279733007,0.9631803245667406,1.783020809960745,0.0,-0.06439242204124102,0.19576603294078132,-0.25078788297664156,0.264392422041241,0.004233967059218688,0.25078788297664156,0.2,0.2,0.0,0.32460019395806594,-0.19230009697903297,False
0,189,-7.12743609570149e-05,-0.12791398449084948,-0.41842703279733007,0.9631803245667406,1.783020809960745,0.0,-0.06439242204124102,0.19576603294078132,-0.25078788297664156,0.6736352443695068,-0.703937292098999,-0.5404045581817627,-0.8875374794006348,-0.6721818447113037,-0.07954422384500504,0.0027410448394866458,-0.12950572564828758,-0.4128211243932126,0.9576851781740308,1.7807181216630998,0.0,-0.06376260447626841,0.19951088247879378,-0.2483817915071419,0.2637626044762684,0.000489117521206221,0.2483817915071419,0.2,0.2,0.0,0.3249057960538122,-0.1955089189843687,False
0,190,0.0027410448394866458,-0.12950572564828758,-0.4128211243932126,0.9576851781740308,1.7807181216630998,0.0,-0.06376260447626841,0.19951088247879378,-0.2483817915071419,-0.8906502723693848,-0.8071070313453674,-0.6342651844024658,-0.5217369198799133,0.3649737238883972,0.12150388211011887,0.0027410448394866458,-0.12950572564828758,-0.4128211243932126,0.9576851781740308,1.7807181216630998,0.0,-0.06147587566918178,0.1965196222785383,-0.25805405062811804,0.2614758756691818,0.003480377721461703,0.25805405062811804,0.2,0.2,0.0,0.33013805941661944,-0.24739166333638216,False
0,191,0.0027410448394866458,-0.12950572564828758,-0.4128211243932126,0.9576851781740308,1.7807181216630998,0.0,-0.06147587566918178,0.1965196222785383,-0.25805405062811804,-0.5868404507637024,-0.38079991936683655,0.38023489713668823,-0.5666618347167969,-0.21911340951919556,0.8965172171592712,0.005880556082739254,-0.1515996761038612,-0.4348472967225212,0.942622844000534,1.7742360906117358,0.0,-0.05653384809825496,0.2058091880598226,-0.2738957253817701,0.25653384809825497,-0.005809188059822587,0.2738957253817701,0.2,0.2,0.0,0.3472353182685281,-0.3745902476533507,False
0,192,0.005880556082739254,-0.1515996761038612,-0.4348472967225212,0.942622844000534,1.7742360906117358,0.0,-0.05653384809825496,0.2058091880598226,-0.2738957253817701,-0.7568778991699219,-0.11901744455099106,0.6555355787277222,0.3685029149055481,-0.5298818945884705,-0.13587753474712372,-0.04468794473995938,-0.17776798139641933,-0.4776419326700357,0.923964382774692,1.780084858244253,0.0,-0.05653384809825496,0.2058091880598226,-0.2738957253817701,0.25653384809825497,-0.005809188059822587,0.2738957253817701,0.2,0.2,0.0,0.3472353182685281,-0.20361765913426405,False
0,193,-0.04468794473995938,-0.17776798139641933,-0.4776419326700357,0.923964382774692,1.780084858244253,0.0,-0.05653384809825496,0.2058091880598226,-0.2738957253817701,0.21795956790447235,-0.7762011289596558,-0.7260862588882446,0.7018771171569824,-0.3961248993873596,0.7145659327507019,-0.05168858101744674,-0.18394348384180964,-0.4700822263450989,0.9293155723380544,1.776171227717528,0.0,-0.053631006600172726,0.21229336419736763,-0.2804309813169493,0.25363100660017274,-0.012293364197367634,0.2804309813169493,0.2,0.2,0.0,0.3557896747146706,-0.29343840181876024,False
0,194,-0.05168858101744674,-0.18394348384180964,-0.4700822263450989,0.9293155723380544,1.776171227717528,0.0,-0.053631006600172726,0.21229336419736763,-0.2804309813169493,0.20736822485923767,-0.37790602445602417,0.3917787969112396,-0.5906886458396912,0.5552548766136169,0.8303586840629578,-0.04997107517104205,-0.2045262585236497,-0.47674987051648626,0.9352121123446026,1.7741005554314977,0.0,-0.04830019734986393,0.21265735471717384,-0.2869246354862677,0.24830019734986394,-0.012657354717173823,0.2869246354862677,0.2,0.2,0.0,0.36039118472608245,-0.25621069247715966,False
0,195,-0.04997107517104205,-0.2045262585236497,-0.47674987051648626,0.9352121123446026,1.7741005554314977,0.0,-0.04830019734986393,0.21265735471717384,-0.2869246354862677,0.4436586797237396,0.21621382236480713,-0.42694684863090515,-0.8238561749458313,-0.9128761887550354,-0.486550509929657,-0.04711468844157339,-0.21845275483191076,-0.46234987050503074,0.9246680673625663,1.77983918059515,0.0,-0.04830019734986393,0.21265735471717384,-0.2869246354862677,0.24830019734986394,-0.012657354717173823,0.2869246354862677,0.2,0.2,0.0,0.36039118472608245,-0.21019559236304122,False
0,196,-0.04711468844157339,-0.21845275483191076,-0.46234987050503074,0.9246680673625663,1.77983918059515,0.0,-0.04830019734986393,0.21265735471717384,-0.2869246354862677,0.016482260078191757,0.3076432943344116,-0.9067764282226562,0.021411756053566933,-0.24661749601364136,0.6197788715362549,-0.04509432434162254,-0.21705321011801645,-0.4651668317213244,0.9206333620043876,1.7764996875928798,0.0,-0.04724905345957395,0.2113376062254983,-0.2890660160686841,0.24724905345957396,-0.0113376062254983,0.2890660160686841,0.2,0.2,0.0,0.3611858503648367,-0.21853958156996078,False
0,197,-0.04509432434162254,-0.21705321011801645,-0.4651668317213244,0.9206333620043876,1.7764996875928798,0.0,-0.04724905345957395,0.2113376062254983,-0.2890660160686841,0.9122215509414673,-0.2700047492980957,0.6558690071105957,-0.516810953617096,-0.21435675024986267,0.8876347541809082,-0.04519401091366734,-0.21632910761265686,-0.4678201139963918,0.9208298365261329,1.7761526938333594,0.0,-0.04724905345957395,0.2113376062254983,-0.2890660160686841,0.24724905345957396,-0.0113376062254983,0.2890660160686841,0.2,0.2,0.0,0.3611858503648367,-0.21059292518241834,False
0,198,-0.04519401091366734,-0.21632910761265686,-0.4678201139963918,0.9208298365261329,1.7761526938333594,0.0,-0.04724905345957395,0.2113376062254983,-0.2890660160686841,-0.6837306022644043,0.366000771522522,0.10761147737503052,0.7584394812583923,-0.2717072367668152,0.7287366390228271,-0.042832713951328004,-0.2122503530833839,-0.47328375522278693,0.921526469960676,1.7716111741637515,0.0,-0.04738139082487633,0.21119054495719103,-0.29075026206663235,0.24738139082487634,-0.011190544957191023,0.29075026206663235,0.2,0.2,0.0,0.36246676725960736,-0.22404255257751035,False
0,199,-0.042832713951328004,-0.2122503530833839,-0.47328375522278693,0.921526469960676,1.7716111741637515,0.0,-0.04738139082487633,0.21119054495719103,-0.29075026206663235,-0.8062853217124939,-0.7681462168693542,0.37803375720977783,0.1503649353981018,0.5512180328369141,0.25471025705337524,-0.05415285803841504,-0.21522923652547912,-0.4620429893072751,0.9301596155478238,1.771316216961249,0.0,-0.048099942995372263,0.2129427327048865,-0.2865437388312382,0.24809994299537227,-0.012942732704886493,0.2865437388312382,0.2,0.2,0.0,0.36022982412810806,-0.187745480749061,False
0,200,-0.05415285803841504,-0.21522923652547912,-0.4620429893072751,0.9301596155478238,1.771316216961249,0.0,-0.048099942995372263,0.2129427327048865,-0.2865437388312382,-0.6733992099761963,0.7793798446655273,0.7277995347976685,-0.9179168939590454,-0.8297188878059387,0.2780219614505768,-0.05415285803841504,-0.21522923652547912,-0.4620429893072751,0.9301596155478238,1.771316216961249,0.0,-0.08554657991728432,0.25577757549927227,-0.20032183854660174,0.2855465799172843,-0.05577757549927223,0.20032183854660174,0.2,0.2,0.0,0.3359601530874175,0.0447166338631968,False
0,201,-0.05415285803841504,-0.21522923652547912,-0.4620429893072751,0.9301596155478238,1.771316216961249,0.0,-0.08554657991728432,0.25577757549927227,-0.20032183854660174,-0.36504459381103516,0.9206811785697937,0.604983925819397,0.7735593318939209,-0.7097093462944031,0.675800085067749,-0.1670874534894955,-0.026049587369948574,-0.34360943598239124,0.8342459669088402,1.6858214478823965,0.0,-0.0895476600993842,0.2640736300296069,-0.18194593591288005,0.2895476600993842,-0.06407363002960685,0.18194593591288005,0.2,0.2,0.0,0.33295343383347525,-0.16640952437731515,False
0,202,-0.1670874534894955,-0.026049587369948574,-0.34360943598239124,0.8342459669088402,1.6858214478823965,0.0,-0.0895476600993842,0.2640736300296069,-0.18194593591288005,-0.7781534194946289,0.34482401609420776,0.26644623279571533,0.7191507816314697,0.9044834971427917,0.6606659889221191,-0.21283702420504483,0.0713286637301962,-0.27871929914666393,0.8012917534756107,1.6463975337854135,0.0,-0.0895476600993842,0.2640736300296069,-0.18194593591288005,0.2895476600993842,-0.06407363002960685,0.18194593591288005,0.2,0.2,0.0,0.33295343383347525,-0.19647671691673763,False
0,203,-0.21283702420504483,0.0713286637301962,-0.27871929914666393,0.8012917534756107,1.6463975337854135,0.0,-0.0895476600993842,0.2640736300296069,-0.18194593591288005,-0.6673542261123657,-0.9233627915382385,-0.5374936461448669,-0.35890644788742065,0.8002355694770813,0.05587587133049965,-0.21921139143219368,0.0635398278660951,-0.280234284066937,0.805344647630089,1.653003029116483,0.0,-0.08827853199637647,0.2657003605987417,-0.17029124157996978,0.2882785319963765,-0.06570036059874168,0.17029124157996978,0.2,0.2,0.0,0.3277024378801358,-0.14134125940667347,False
0,204,-0.21921139143219368,0.0635398278660951,-0.280234284066937,0.805344647630089,1.653003029116483,0.0,-0.08827853199637647,0.2657003605987417,-0.17029124157996978,0.6667660474777222,-0.3036746382713318,0.37664249539375305,-0.10526277124881744,0.8012909293174744,-0.03386180102825165,-0.22581497839398762,0.05393982786963287,-0.2898342840571781,0.8033739360137121,1.6601040287172084,0.0,-0.08643162667737897,0.2697273805337759,-0.1827777825013396,0.286431626677379,-0.06972738053377586,0.1827777825013396,0.2,0.2,0.0,0.33709198103161275,-0.29244142203057577,False
0,205,-0.22581497839398762,0.05393982786963287,-0.2898342840571781,0.8033739360137121,1.6601040287172084,0.0,-0.08643162667737897,0.2697273805337759,-0.1827777825013396,-0.6718894243240356,-0.6930665969848633,0.08209492266178131,0.5059892535209656,0.9214439392089844,-0.09851540625095367,-0.20746839996360364,0.024834207763775845,-0.2703374217574918,0.8055807654922722,1.6844673681205027,0.0,-0.08536634534042448,0.2637474446807625,-0.18340112057385966,0.2853663453404245,-0.06374744468076249,0.18340112057385966,0.2,0.2,0.0,0.33239449231321494,-0.14922235897262934,False
0,206,-0.20746839996360364,0.024834207763775845,-0.2703374217574918,0.8055807654922722,1.6844673681205027,0.0,-0.08536634534042448,0.2637474446807625,-0.18340112057385966,0.2404184192419052,-0.4941181242465973,-0.210939422249794,-0.7239992618560791,0.7062073945999146,0.2522764205932617,-0.21282597697926733,0.01014373863314247,-0.26763683776556807,0.8122264731155994,1.6918267740974309,0.0,-0.08300797194699305,0.2633910983948218,-0.18658972260108128,0.28300797194699306,-0.06339109839482174,0.18658972260108128,0.2,0.2,0.0,0.3332880416407585,-0.20557951409581465,False
0,207,-0.21282597697926733,0.01014373863314247,-0.26763683776556807,0.8122264731155994,1.6918267740974309,0.0,-0.08300797194699305,0.2633910983948218,-0.18658972260108128,-0.04134167358279228,-0.7625484466552734,0.7932065725326538,0.6029406785964966,0.06692713499069214,0.656523585319519,-0.20690296051251406,-0.00695315869898026,-0.2691132129180424,0.8051058988268562,1.6995399055092102,0.0,-0.08300797194699305,0.2633910983948218,-0.18658972260108128,0.28300797194699306,-0.06339109839482174,0.18658972260108128,0.2,0.2,0.0,0.3332880416407585,-0.19664402082037924,False
0,208,-0.20690296051251406,-0.00695315869898026,-0.2691132129180424,0.8051058988268562,1.6995399055092102,0.0,-0.08300797194699305,0.2633910983948218,-0.18658972260108128,-0.728524923324585,0.327369749546051,-0.5639832615852356,0.2605242431163788,-0.19443145394325256,0.8336204290390015,-0.20906702485669934,-0.020083553531790588,-0.2602696315144517,0.8195778461892136,1.7002363645828935,0.0,-0.08161428204786947,0.26118865077960296,-0.19273131927775475,0.2816142820478695,-0.061188650779602935,0.19273131927775475,0.2,0.2,0.0,0.33470250038026667,-0.21149583758521517,False
0,209,-0.20906702485669934,-0.020083553531790588,-0.2602696315144517,0.8195778461892136,1.7002363645828935,0.0,-0.08161428204786947,0.26118865077960296,-0.19273131927775475,-0.3110368251800537,-0.9576102495193481,0.012654582969844341,0.32152846455574036,0.6399548053741455,0.7037255764007568,-0.2176217411667994,-0.025749641791427233,-0.26889920407527546,0.8278646955663517,1.7014670865104737,0.0,-0.07975267779061335,0.2625277150098328,-0.19361553612037002,0.27975267779061336,-0.0625277150098328,0.19361553612037002,0.2,0.2,0.0,0.335809866725556,-0.20897859681567152,False
0,210,-0.2176217411667994,-0.025749641791427233,-0.26889920407527546,0.8278646955663517,1.7014670865104737,0.0,-0.07975267779061335,0.2625277150098328,-0.19361553612037002,0.3457654118537903,-0.5632963180541992,-0.226326584815979,0.5490663051605225,-0.40508249402046204,0.8316443562507629,-0.2176217411667994,-0.025749641791427233,-0.26889920407527546,0.8278646955663517,1.7014670865104737,0.0,-0.06098008052334403,0.247389479742957,-0.23523984655437355,0.26098008052334404,-0.04738947974295698,0.23523984655437355,0.2,0.2,0.0,0.34678222318199886,-0.3131146761554279,False
0,211,-0.2176217411667994,-0.025749641791427233,-0.26889920407527546,0.8278646955663517,1.7014670865104737,0.0,-0.06098008052334403,0.247389479742957,-0.23523984655437355,0.43890854716300964,-0.7305244207382202,0.5210550427436829,0.17253544926643372,-0.10856562852859497,0.9879915118217468,-0.2176217411667994,-0.025749641791427233,-0.26889920407527546,0.8278646955663517,1.7014670865104737,0.0,0.0703884377290743,0.20017534908673718,-0.355043499857684,0.1296115622709257,-0.00017534908673717584,0.355043499857684,0.2,0.2,0.0,0.41361889383722567,-0.9051761534708809,False
0,212,-0.2176217411667994,-0.025749641791427233,-0.26889920407527546,0.8278646955663517,1.7014670865104737,0.0,0.0703884377290743,0.20017534908673718,-0.355043499857684,-0.9244281649589539,-0.906086266040802,-0.5899395942687988,-0.5938185453414917,0.7333211302757263,0.4937860667705536,-0.2176217411667994,-0.025749641791427233,-0.26889920407527546,0.8278646955663517,1.7014670865104737,0.0,0.08935328021697081,0.19324078361948782,-0.3539242536269439,0.1106467197830292,0.00675921638051218,0.3539242536269439,0.2,0.2,0.0,0.41302346960529435,-0.230557492483334,False
0,213,-0.2176217411667994,-0.025749641791427233,-0.26889920407527546,0.8278646955663517,1.7014670865104737,0.0,0.08935328021697081,0.19324078361948782,-0.3539242536269439,0.16253632307052612,-0.7852165102958679,-0.430617094039917,0.782791018486023,-0.5986570715904236,-0.8756188750267029,0.04768730667013506,-0.8471165881419106,-0.34241167499799413,1.1697765105922167,1.6104263676980806,0.0,0.09194196419214819,0.19200480245443896,-0.35262328016672195,0.10805803580785182,0.007995197545561043,0.35262328016672195,0.2,0.2,0.0,0.4119008942216767,-0.22472469327466182,False
0,214,0.04768730667013506,-0.8471165881419106,-0.34241167499799413,1.1697765105922167,1.6104263676980806,0.0,0.09194196419214819,0.19200480245443896,-0.35262328016672195,-0.5522406697273254,0.40622010827064514,-0.035627998411655426,-0.4819753170013428,0.5122564435005188,-0.47777366638183594,0.06835265732133797,-0.8943474334873962,-0.30304431732325,1.1708312381084722,1.6143123877720602,0.0,0.09194196419214819,0.19200480245443896,-0.35262328016672195,0.10805803580785182,0.007995197545561043,0.35262328016672195,0.2,0.2,0.0,0.4119008942216767,-0.23595044711083835,False
0,215,0.06835265732133797,-0.8943474334873962,-0.30304431732325,1.1708312381084722,1.6143123877720602,0.0,0.09194196419214819,0.19200480245443896,-0.35262328016672195,0.41336506605148315,0.4194214940071106,0.016976840794086456,-0.09275303035974503,0.7090583443641663,0.7163273096084595,0.06039945377702283,-0.8823426471723265,-0.30185452193622314,1.1634090453258434,1.6190827257690863,0.0,0.09210323028781757,0.1922471151251033,-0.35262659230937743,0.10789676971218244,0.007752884874896705,0.35262659230937743,0.2,0.2,0.0,0.4120527537914282,-0.2375449725932291,False
0,216,0.06039945377702283,-0.8823426471723265,-0.30185452193622314,1.1634090453258434,1.6190827257690863,0.0,0.09210323028781757,0.1922471151251033,-0.35262659230937743,-0.1136365532875061,0.23961815237998962,-0.5854666829109192,0.10186485946178436,0.4624899625778198,-0.4639585316181183,0.06454826008245537,-0.8655894825711159,-0.2980840942387729,1.1583545116543696,1.6289924104477684,0.0,0.08599489198865441,0.1918104979201314,-0.3502472900028065,0.1140051080113456,0.008189502079868608,0.3502472900028065,0.2,0.2,0.0,0.40848445835162334,-0.19855927477776308,False
0,217,0.06454826008245537,-0.8655894825711159,-0.2980840942387729,1.1583545116543696,1.6289924104477684,0.0,0.08599489198865441,0.1918104979201314,-0.3502472900028065,-0.520911455154419,-0.4987998604774475,0.6059670448303223,0.2948697805404663,0.11465784907341003,-0.21666128933429718,0.05913162534516392,-0.8618580530882117,-0.29620246567483466,1.1585125333730677,1.6320233941655446,0.0,0.08599489198865441,0.1918104979201314,-0.3502472900028065,0.1140051080113456,0.008189502079868608,0.3502472900028065,0.2,0.2,0.0,0.40848445835162334,-0.23424222917581167,False
0,218,0.05913162534516392,-0.8618580530882117,-0.29620246567483466,1.1585125333730677,1.6320233941655446,0.0,0.08599489198865441,0.1918104979201314,-0.3502472900028065,-0.6514721512794495,0.20836250483989716,0.35492950677871704,-0.3105536997318268,0.13409008085727692,0.693795919418335,0.04913188767565958,-0.8637875492297321,-0.285054011036736,1.1589603324926219,1.6345924477354608,0.0,0.08440464682148484,0.19286973622325032,-0.34864718903851255,0.11559535317851517,0.0071302637767497,0.34864718903851255,0.2,0.2,0.0,0.40728091286032797,-0.22160500151721033,False
0,219,0.04913188767565958,-0.8637875492297321,-0.285054011036736,1.1589603324926219,1.6345924477354608,0.0,0.08440464682148484,0.19286973622325032,-0.34864718903851255,-0.6824480295181274,-0.3952886164188385,0.7685539126396179,-0.4539135694503784,-0.6391029357910156,0.29178324341773987,0.040372661136528126,-0.8510581820534391,-0.2741874538198255,1.1533250926208969,1.6357417481007328,0.0,0.07874000895870593,0.1945433861850596,-0.3444959265086789,0.12125999104129408,0.005456613814940415,0.3444959265086789,0.2,0.2,0.0,0.40339132551436874,-0.19279978929759203,False
0,220,0.040372661136528126,-0.8510581820534391,-0.2741874538198255,1.1533250926208969,1.6357417481007328,0.0,0.07874000895870593,0.1945433861850596,-0.3444959265086789,0.7504030466079712,0.579978346824646,-0.4959535300731659,-0.38431236147880554,-0.2167656123638153,-0.7479970455169678,0.040372661136528126,-0.8510581820534391,-0.2741874538198255,1.1533250926208969,1.6357417481007328,0.0,0.07589620571424462,0.195652737235542,-0.34349324337961495,0.1241037942857554,0.004347262764458022,0.34349324337961495,0.2,0.2,0.0,0.40252681386092326,-0.22261829039600686,False
0,221,0.040372661136528126,-0.8510581820534391,-0.2741874538198255,1.1533250926208969,1.6357417481007328,0.0,0.07589620571424462,0.195652737235542,-0.34349324337961495,-0.775398850440979,0.531783401966095,-0.5133649706840515,0.41537490487098694,-0.1368722915649414,0.9690560698509216,0.037383548128703516,-0.8515511945355344,-0.2693874538183196,1.1510419276595287,1.6347054886148749,0.0,0.07589620571424462,0.195652737235542,-0.34349324337961495,0.1241037942857554,0.004347262764458022,0.34349324337961495,0.2,0.2,0.0,0.40252681386092326,-0.23126340693046163,False
0,222,0.037383548128703516,-0.8515511945355344,-0.2693874538183196,1.1510419276595287,1.6347054886148749,0.0,0.07589620571424462,0.195652737235542,-0.34349324337961495,0.1959647238254547,0.0966423898935318,0.8502415418624878,-0.9919067025184631,0.4558582007884979,-0.15971443057060242,0.05159434626253433,-0.8175930916076212,-0.2866012094515384,1.1172662618884601,1.6309122502873343,0.0,0.07336656446813392,0.19255101896064059,-0.3473866003338192,0.1266334355318661,0.007448981039359419,0.3473866003338192,0.2,0.2,0.0,0.40390097521066526,-0.2456921011027526,False
0,223,0.05159434626253433,-0.8175930916076212,-0.2866012094515384,1.1172662618884601,1.6309122502873343,0.0,0.07336656446813392,0.19255101896064059,-0.3473866003338192,0.4472860097885132,-0.8174153566360474,-0.7610132694244385,-0.9655484557151794,0.6877586841583252,0.5434325933456421,0.05264498695813059,-0.7938684415603812,-0.26997045939499487,1.0968269762855618,1.6415355241951035,0.0,0.06614267932943749,0.19234638973439522,-0.34325275046913106,0.13385732067056252,0.007653610265604793,0.34325275046913106,0.2,0.2,0.0,0.39899177733050617,-0.1804039098636622,False
0,224,0.05264498695813059,-0.7938684415603812,-0.26997045939499487,1.0968269762855618,1.6415355241951035,0.0,0.06614267932943749,0.19234638973439522,-0.34325275046913106,0.6683766841888428,-0.22044521570205688,-0.47368407249450684,-0.48858174681663513,0.8236709833145142,-0.8987780213356018,0.0569902893030977,-0.8068454736327455,-0.2987704593856855,1.083330314717083,1.6498532403634503,0.0,0.07117650672333709,0.19188195257320773,-0.3516218581418358,0.12882349327666293,0.008118047426792292,0.3516218581418358,0.2,0.2,0.0,0.40684482294329527,-0.31195286759953866,False
0,225,0.0569902893030977,-0.8068454736327455,-0.2987704593856855,1.083330314717083,1.6498532403634503,0.0,0.07117650672333709,0.19188195257320773,-0.3516218581418358,-0.5859830379486084,-0.5496101379394531,-0.7314921617507935,0.5735187530517578,-0.30361053347587585,0.8417775630950928,0.062170692058470076,-0.8053018027096978,-0.30704991322378683,1.0770026642626946,1.656168867812633,0.0,0.07117650672333709,0.19188195257320773,-0.3516218581418358,0.12882349327666293,0.008118047426792292,0.3516218581418358,0.2,0.2,0.0,0.40684482294329527,-0.23342241147164763,False
0,226,0.062170692058470076,-0.8053018027096978,-0.30704991322378683,1.0770026642626946,1.656168867812633,0.0,0.07117650672333709,0.19188195257320773,-0.3516218581418358,-0.18670012056827545,0.8279415965080261,0.31663376092910767,0.15539006888866425,0.5350189208984375,0.4218270480632782,0.05736287225834667,-0.804128181945795,-0.3124605205527445,1.0797165509973892,1.6563092234037953,0.0,0.0736556361032876,0.19187488809626033,-0.35511284401279763,0.1263443638967124,0.008125111903739672,0.35511284401279763,0.2,0.2,0.0,0.41030020399043177,-0.2697039124665809,False
0,227,0.05736287225834667,-0.804128181945795,-0.3124605205527445,1.0797165509973892,1.6563092234037953,0.0,0.0736556361032876,0.19187488809626033,-0.35511284401279763,0.017356455326080322,-0.7141090631484985,0.7036765813827515,0.5054211020469666,-0.049456194043159485,0.6504485607147217,0.05326428660902087,-0.7940229264974401,-0.29730417188771996,1.0824600669238074,1.660221453364863,0.0,0.06769561893829565,0.19220334648644882,-0.34962197037382325,0.13230438106170436,0.0077966535135512004,0.34962197037382325,0.2,0.2,0.0,0.404673134013247,-0.17606586723477588,False
0,228,0.05326428660902087,-0.7940229264974401,-0.29730417188771996,1.0824600669238074,1.660221453364863,0.0,0.06769561893829565,0.19220334648644882,-0.34962197037382325,-0.9403696060180664,-0.1980469524860382,0.7916778326034546,-0.924476146697998,-0.19637732207775116,0.36423179507255554,0.045320117360803706,-0.8018742589307957,-0.27975699054987785,1.081954230016117,1.660574996629969,0.0,0.06769561893829565,0.19220334648644882,-0.34962197037382325,0.13230438106170436,0.0077966535135512004,0.34962197037382325,0.2,0.2,0.0,0.404673134013247,-0.2323365670066235,False
0,229,0.045320117360803706,-0.8018742589307957,-0.27975699054987785,1.081954230016117,1.660574996629969,0.0,0.06769561893829565,0.19220334648644882,-0.34962197037382325,-0.2601432502269745,0.6402966976165771,-0.8102501630783081,-0.36361968517303467,-0.31055086851119995,-0.7610750198364258,0.04052011736107225,-0.8009427607700301,-0.2749569905481347,1.077154230023372,1.660342426713827,0.0,0.06769561893829565,0.19220334648644882,-0.34962197037382325,0.13230438106170436,0.0077966535135512004,0.34962197037382325,0.2,0.2,0.0,0.404673134013247,-0.2323365670066235,False
0,230,0.04052011736107225,-0.8009427607700301,-0.2749569905481347,1.077154230023372,1.660342426713827,0.0,0.06769561893829565,0.19220334648644882,-0.34962197037382325,0.30314067006111145,-0.8786868453025818,-0.8561838865280151,-0.29412609338760376,0.011941773816943169,0.678575873374939,0.04052011736107225,-0.8009427607700301,-0.2749569905481347,1.077154230023372,1.660342426713827,0.0,0.07959203776194697,0.19453270654723864,-0.3630265679385589,0.12040796223805304,0.005467293452761356,0.3630265679385589,0.2,0.2,0.0,0.4194832004037139,-0.3878422641065259,False
0,231,0.04052011736107225,-0.8009427607700301,-0.2749569905481347,1.077154230023372,1.660342426713827,0.0,0.07959203776194697,0.19453270654723864,-0.3630265679385589,0.04721647873520851,-0.04539548233151436,0.09602903574705124,-0.007006858475506306,0.31292009353637695,0.24981525540351868,0.041648820750644404,-0.8264204852693069,-0.33812045813257186,1.0489640992987113,1.6641171514192339,0.0,0.07959203776194697,0.19453270654723864,-0.3630265679385589,0.12040796223805304,0.005467293452761356,0.3630265679385589,0.2,0.2,0.0,0.4194832004037139,-0.23974160020185695,False
0,232,0.041648820750644404,-0.8264204852693069,-0.33812045813257186,1.0489640992987113,1.6641171514192339,0.0,0.07959203776194697,0.19453270654723864,-0.3630265679385589,-0.2691657543182373,0.9139957427978516,0.4967122972011566,-0.6558877229690552,-0.14771856367588043,0.7110815048217773,0.04392613935801415,-0.8351267027956809,-0.35646177196116235,1.0423586376103107,1.6660353996515267,0.0,0.0879170841464919,0.1944266749040278,-0.37105149199550524,0.11208291585350812,0.005573325095972225,0.37105149199550524,0.2,0.2,0.0,0.42803078780754583,-0.32949126794209227,False
0,233,0.04392613935801415,-0.8351267027956809,-0.35646177196116235,1.0423586376103107,1.6660353996515267,0.0,0.0879170841464919,0.1944266749040278,-0.37105149199550524,-0.20543332397937775,-0.3259691596031189,0.04611841216683388,0.599541187286377,0.7540692687034607,0.6808624267578125,0.03886768818100077,-0.8103325253031608,-0.3433689582264048,1.0344107644638556,1.6667427193536313,0.0,0.0879170841464919,0.1944266749040278,-0.37105149199550524,0.11208291585350812,0.005573325095972225,0.37105149199550524,0.2,0.2,0.0,0.42803078780754583,-0.24401539390377291,False
0,234,0.03886768818100077,-0.8103325253031608,-0.3433689582264048,1.0344107644638556,1.6667427193536313,0.0,0.0879170841464919,0.1944266749040278,-0.37105149199550524,-0.6851493716239929,-0.033813364803791046,0.2653588652610779,0.4801957607269287,-0.7100337743759155,0.28603285551071167,0.03544330785498851,-0.809866233838683,-0.34036607283540576,1.0382015984505621,1.6689366683806481,0.0,0.07908174397215505,0.19478959342836594,-0.3662420735563713,0.12091825602784496,0.005210406571634074,0.3662420735563713,0.2,0.2,0.0,0.4222915632362741,-0.18375353590541965,False
0,235,0.03544330785498851,-0.809866233838683,-0.34036607283540576,1.0382015984505621,1.6689366683806481,0.0,0.07908174397215505,0.19478959342836594,-0.3662420735563713,0.7797359824180603,0.8239747881889343,0.7015242576599121,0.4397929906845093,-0.6083148121833801,-0.42253628373146057,0.029134084557313138,-0.8021731950969129,-0.33066789324068613,1.042693255679437,1.6651038794334396,0.0,0.07481779287729057,0.19587331507558484,-0.361972768156294,0.12518220712270944,0.004126684924415183,0.361972768156294,0.2,0.2,0.0,0.4183160797488648,-0.1994032050003396,False
0,236,0.029134084557313138,-0.8021731950969129,-0.33066789324068613,1.042693255679437,1.6651038794334396,0.0,0.07481779287729057,0.19587331507558484,-0.361972768156294,-0.5825310945510864,0.8228217363357544,0.9446495771408081,0.0864693894982338,-0.87038654088974,0.21272315084934235,0.03344620284934311,-0.7748091361104533,-0.3125427999141411,1.046125691699162,1.6616198437041543,0.0,0.07481779287729057,0.19587331507558484,-0.361972768156294,0.12518220712270944,0.004126684924415183,0.361972768156294,0.2,0.2,0.0,0.4183160797488648,-0.2391580398744324,False
0,237,0.03344620284934311,-0.7748091361104533,-0.3125427999141411,1.046125691699162,1.6616198437041543,0.0,0.07481779287729057,0.19587331507558484,-0.361972768156294,0.8686038851737976,0.02554444968700409,0.782995343208313,0.523581326007843,-0.8212035894393921,-0.19743694365024567,0.02339818131850123,-0.7451867325231508,-0.29500648008006913,1.0473091400902748,1.6535620239039348,0.0,0.05865111517075311,0.1957621138375467,-0.3494036671197498,0.1413488848292469,0.00423788616245332,0.3494036671197498,0.2,0.2,0.0,0.4047785581298081,-0.09701406287433714,False
0,238,0.02339818131850123,-0.7451867325231508,-0.29500648008006913,1.0473091400902748,1.6535620239039348,0.0,0.05865111517075311,0.1957621138375467,-0.3494036671197498,-0.7184126377105713,-0.984014630317688,0.2867586612701416,0.7560216784477234,-0.8125646114349365,-0.24033451080322266,0.029910791607963,-0.7408204884846812,-0.2854064800770799,1.0514467202401774,1.649849367492019,0.0,0.05865111517075311,0.1957621138375467,-0.3494036671197498,0.1413488848292469,0.00423788616245332,0.3494036671197498,0.2,0.2,0.0,0.4047785581298081,-0.23238927906490406,False
0,239,0.029910791607963,-0.7408204884846812,-0.2854064800770799,1.0514467202401774,1.649849367492019,0.0,0.05865111517075311,0.1957621138375467,-0.3494036671197498,0.7631523609161377,0.07467953860759735,0.5798630714416504,0.795939028263092,0.8587161898612976,0.9447017908096313,0.020569998085733582,-0.7525243856426047,-0.2775335110739756,1.0588310913052648,1.6454994683105282,0.0,0.0529830933005514,0.1953907831680878,-0.34288793279994956,0.1470169066994486,0.004609216831912214,0.34288793279994956,0.2,0.2,0.0,0.39819204007935216,-0.1632308395351165,False
0,240,0.020569998085733582,-0.7525243856426047,-0.2775335110739756,1.0588310913052648,1.6454994683105282,0.0,0.0529830933005514,0.1953907831680878,-0.34288793279994956,-0.7164909243583679,0.5270174145698547,-0.23141250014305115,0.8595607280731201,-0.22482097148895264,-0.7818094491958618,0.020569998085733582,-0.7525243856426047,-0.2775335110739756,1.0588310913052648,1.6454994683105282,0.0,0.04441218254309162,0.20382662484390096,-0.33129388044922414,0.1555878174569084,-0.003826624843900955,0.33129388044922414,0.2,0.2,0.0,0.3915014306188447,-0.15884462070434754,False
0,241,0.020569998085733582,-0.7525243856426047,-0.2775335110739756,1.0588310913052648,1.6454994683105282,0.0,0.04441218254309162,0.20382662484390096,-0.33129388044922414,0.8142912983894348,0.2904980182647705,0.6799525022506714,0.23051702976226807,-0.9286799430847168,-0.9132900834083557,0.020569998085733582,-0.7525243856426047,-0.2775335110739756,1.0588310913052648,1.6454994683105282,0.0,0.04441218254309162,0.20382662484390096,-0.33129388044922414,0.1555878174569084,-0.003826624843900955,0.33129388044922414,0.2,0.2,0.0,0.3915014306188447,-0.22575071530942234,False
0,242,0.020569998085733582,-0.7525243856426047,-0.2775335110739756,1.0588310913052648,1.6454994683105282,0.0,0.04441218254309162,0.20382662484390096,-0.33129388044922414,-0.8658351898193359,0.2950465679168701,0.8076552152633667,-0.9325498342514038,-0.9120458364486694,0.4536251723766327,-0.03667950690526339,-0.6828219608988172,-0.3011163613927788,1.1239569117248258,1.6431361409127734,0.0,0.04441218254309162,0.20382662484390096,-0.33129388044922414,0.1555878174569084,-0.003826624843900955,0.33129388044922414,0.2,0.2,0.0,0.3915014306188447,-0.22575071530942234,False
0,243,-0.03667950690526339,-0.6828219608988172,-0.3011163613927788,1.1239569117248258,1.6431361409127734,0.0,0.04441218254309162,0.20382662484390096,-0.33129388044922414,0.4598385691642761,-0.9767265319824219,-0.44715818762779236,0.7083235383033752,-0.5528971552848816,-0.16563686728477478,-0.04101568596066617,-0.6804156159818822,-0.2944388229060484,1.1191440633975986,1.6402394051380151,0.0,0.03951270865826356,0.2070609283107318,-0.3261325321688857,0.16048729134173645,-0.007060928310731792,0.3261325321688857,0.2,0.2,0.0,0.3883270666813017,-0.19241989396522083,False
0,244,-0.04101568596066617,-0.6804156159818822,-0.2944388229060484,1.1191440633975986,1.6402394051380151,0.0,0.03951270865826356,0.2070609283107318,-0.3261325321688857,-0.5473639965057373,-0.647051215171814,0.4676308035850525,0.8386029005050659,-0.8141788244247437,0.0038340722676366568,-0.03851102572888697,-0.7008547064942576,-0.2992957572249327,1.1257014954974436,1.6373256455975465,0.0,0.03951270865826356,0.2070609283107318,-0.3261325321688857,0.16048729134173645,-0.007060928310731792,0.3261325321688857,0.2,0.2,0.0,0.3883270666813017,-0.22416353334065084,False
0,245,-0.03851102572888697,-0.7008547064942576,-0.2992957572249327,1.1257014954974436,1.6373256455975465,0.0,0.03951270865826356,0.2070609283107318,-0.3261325321688857,-0.18275189399719238,0.7453063726425171,-0.03558900207281113,-0.3512841463088989,-0.678061842918396,0.6082720756530762,-0.04448188211430895,-0.7041638928469397,-0.29030646065291316,1.1309179359423336,1.63325500409621,0.0,0.04579610087616948,0.2066404228901061,-0.32967234542459756,0.15420389912383053,-0.0066404228901060704,0.32967234542459756,0.2,0.2,0.0,0.39176702587815804,-0.2602831049076426,False
0,246,-0.04448188211430895,-0.7041638928469397,-0.29030646065291316,1.1309179359423336,1.63325500409621,0.0,0.04579610087616948,0.2066404228901061,-0.32967234542459756,-0.15364788472652435,-0.9866270422935486,0.79490065574646,-0.4874553084373474,0.763624906539917,-0.5100208520889282,-0.04782068314124536,-0.7017992074210898,-0.2815279429034534,1.122869369789655,1.6336602733715737,0.0,0.04326140903838649,0.20781261793062145,-0.327106923184866,0.15673859096161352,-0.007812617930621431,0.327106923184866,0.2,0.2,0.0,0.3899443202287153,-0.20674510361993007,False
0,247,-0.04782068314124536,-0.7017992074210898,-0.2815279429034534,1.122869369789655,1.6336602733715737,0.0,0.04326140903838649,0.20781261793062145,-0.327106923184866,-0.22456811368465424,0.7678471803665161,-0.030430998653173447,0.837870180606842,0.6390230655670166,0.8859797716140747,-0.05201558768533301,-0.703388562612882,-0.2715497581545784,1.1187246877169315,1.6434653612969892,0.0,0.04326140903838649,0.20781261793062145,-0.327106923184866,0.15673859096161352,-0.007812617930621431,0.327106923184866,0.2,0.2,0.0,0.3899443202287153,-0.22497216011435764,False
0,248,-0.05201558768533301,-0.703388562612882,-0.2715497581545784,1.1187246877169315,1.6434653612969892,0.0,0.04326140903838649,0.20781261793062145,-0.327106923184866,-0.11807381361722946,0.40390488505363464,-0.6335016489028931,-0.40952906012535095,-0.5256451368331909,0.1290232539176941,-0.058314582698265664,-0.6870479222355167,-0.2718839378066143,1.1310400440604123,1.6534298735604018,0.0,0.042933801403356564,0.20864664502643945,-0.3258543743269209,0.15706619859664345,-0.00864664502643943,0.3258543743269209,0.2,0.2,0.0,0.38930426025375187,-0.2182515303772418,False
0,249,-0.058314582698265664,-0.6870479222355167,-0.2718839378066143,1.1310400440604123,1.6534298735604018,0.0,0.042933801403356564,0.20864664502643945,-0.3258543743269209,0.5487123131752014,0.7380204200744629,0.12982279062271118,-0.08839809149503708,0.13111715018749237,-0.2792201638221741,-0.05711277027522398,-0.6705644411314237,-0.27847111315228706,1.1246263044789377,1.652189830210184,0.0,0.03912663826729487,0.21001977192221272,-0.32212172378478143,0.16087336173270514,-0.010019771922212706,0.32212172378478143,0.2,0.2,0.0,0.38652503587017106,-0.1954702740992775,False
0,250,-0.05711277027522398,-0.6705644411314237,-0.27847111315228706,1.1246263044789377,1.652189830210184,0.0,0.03912663826729487,0.21001977192221272,-0.32212172378478143,-0.05445647984743118,0.9195576310157776,0.8277036547660828,-0.4940864145755768,0.590525209903717,0.7340906262397766,-0.05711277027522398,-0.6705644411314237,-0.27847111315228706,1.1246263044789377,1.652189830210184,0.0,0.019970372619140392,0.2101907523731027,-0.3060203885523013,0.18002962738085962,-0.010190752373102685,0.3060203885523013,0.2,0.2,0.0,0.3717895189155011,-0.06853958991105097,False
0,251,-0.05711277027522398,-0.6705644411314237,-0.27847111315228706,1.1246263044789377,1.652189830210184,0.0,0.019970372619140392,0.2101907523731027,-0.3060203885523013,-0.7653026580810547,0.0012916021514683962,-0.6285852193832397,0.09971589595079422,0.25114375352859497,0.9161220788955688,-0.052209544752436665,-0.6287103594973971,-0.26038013648848,1.11473973644624,1.6590630393595471,0.0,0.019970372619140392,0.2101907523731027,-0.3060203885523013,0.18002962738085962,-0.010190752373102685,0.3060203885523013,0.2,0.2,0.0,0.3717895189155011,-0.21589475945775055,False
0,252,-0.052209544752436665,-0.6287103594973971,-0.26038013648848,1.11473973644624,1.6590630393595471,0.0,0.019970372619140392,0.2101907523731027,-0.3060203885523013,-0.30080103874206543,-0.2959306538105011,0.43916961550712585,0.4745563268661499,0.9566057324409485,0.8222496509552002,-0.06411183913988688,-0.571240326103034,-0.23254723145687356,1.0881781671674373,1.686052862378018,0.0,0.0100191757935853,0.2117858509330794,-0.2967847621948301,0.1899808242064147,-0.011785850933079389,0.2967847621948301,0.2,0.2,0.0,0.36473939410224543,-0.14186844891856595,False
0,253,-0.06411183913988688,-0.571240326103034,-0.23254723145687356,1.0881781671674373,1.686052862378018,0.0,0.0100191757935853,0.2117858509330794,-0.2967847621948301,-0.9605039954185486,0.539298951625824,0.10877255350351334,-0.9868130087852478,0.8461735248565674,-0.453848272562027,-0.07372665955856854,-0.5679406521545879,-0.22134047459889428,1.0867676483613065,1.696957781080179,0.0,0.010244713179694942,0.21357323035759873,-0.2943258706412585,0.18975528682030507,-0.013573230357598729,0.2943258706412585,0.2,0.2,0.0,0.36379416845552787,-0.2024448277605883,False
0,254,-0.07372665955856854,-0.5679406521545879,-0.22134047459889428,1.0867676483613065,1.696957781080179,0.0,0.010244713179694942,0.21357323035759873,-0.2943258706412585,-0.4029254615306854,-0.6927017569541931,0.41821855306625366,0.3363734185695648,0.49046146869659424,0.6794103384017944,-0.09292665955790175,-0.5295406521537865,-0.21203894197192133,1.0675676483900345,1.7134923299095197,0.0,0.0023518580252550325,0.2182365100479486,-0.2875160224122041,0.19764814197474498,-0.0182365100479486,0.2875160224122041,0.2,0.2,0.0,0.3609683763126825,-0.18222626672788786,False
0,255,-0.09292665955790175,-0.5295406521537865,-0.21203894197192133,1.0675676483900345,1.7134923299095197,0.0,0.0023518580252550325,0.2182365100479486,-0.2875160224122041,-0.12088309228420258,0.28444117307662964,-0.3333447277545929,0.44012364745140076,-0.7482054233551025,-0.5121963024139404,-0.09576897044931303,-0.5311361669003517,-0.21038578328933355,1.070882428006668,1.7127503040842376,0.0,0.0006279014829126128,0.22000554983845508,-0.28498336827948256,0.1993720985170874,-0.020005549838455067,0.28498336827948256,0.2,0.2,0.0,0.360025494119392,-0.2005839251267907,False
0,256,-0.09576897044931303,-0.5311361669003517,-0.21038578328933355,1.070882428006668,1.7127503040842376,0.0,0.0006279014829126128,0.22000554983845508,-0.28498336827948256,0.844607412815094,-0.32257792353630066,0.16959939897060394,-0.4422559142112732,-0.567864179611206,0.5384218692779541,-0.09403089033599736,-0.5197061782449484,-0.22032032595811418,1.0754333068783661,1.7016826456183007,0.0,-0.0006717067738652438,0.21977637873868722,-0.2843543246607345,0.20067170677386525,-0.01977637873868722,0.2843543246607345,0.2,0.2,0.0,0.3593876594914513,-0.20331548346631861,False
0,257,-0.09403089033599736,-0.5197061782449484,-0.22032032595811418,1.0754333068783661,1.7016826456183007,0.0,-0.0006717067738652438,0.21977637873868722,-0.2843543246607345,-0.8058644533157349,-0.8029793500900269,0.9527657628059387,0.806006908416748,-0.3768961429595947,0.030927365645766258,-0.08149711091505046,-0.5295424290933272,-0.20754770933205852,1.0652636729557554,1.694668102161531,0.0,-0.0006717067738652438,0.21977637873868722,-0.2843543246607345,0.20067170677386525,-0.01977637873868722,0.2843543246607345,0.2,0.2,0.0,0.3593876594914513,-0.20969382974572565,False
0,258,-0.08149711091505046,-0.5295424290933272,-0.20754770933205852,1.0652636729557554,1.694668102161531,0.0,-0.0006717067738652438,0.21977637873868722,-0.2843543246607345,-0.9048101305961609,0.7957910299301147,0.32663461565971375,-0.9811109304428101,-0.8244650959968567,0.44109994173049927,-0.09382435858249681,-0.5260536427559823,-0.19410924477271208,1.06594280115819,1.6904956639554467,0.0,0.00027541330937583264,0.21767166416879685,-0.28410113394354264,0.19972458669062418,-0.017671664168796838,0.28410113394354264,0.2,0.2,0.0,0.35790289680653775,-0.19410382155413344,False
0,259,-0.09382435858249681,-0.5260536427559823,-0.19410924477271208,1.06594280115819,1.6904956639554467,0.0,0.00027541330937583264,0.21767166416879685,-0.28410113394354264,-0.8369418978691101,0.387193888425827,-0.350063681602478,-0.04214457795023918,-0.21743595600128174,0.287789523601532,-0.10784646736641017,-0.5023167723723924,-0.18908099549607973,1.0557761433598642,1.6843254798643508,0.0,-0.00582164624853454,0.2223480187997518,-0.2755399030537184,0.20582164624853455,-0.022348018799751797,0.2755399030537184,0.2,0.2,0.0,0.35411124128452964,-0.16913906542218374,False
0,260,-0.10784646736641017,-0.5023167723723924,-0.18908099549607973,1.0557761433598642,1.6843254798643508,0.0,-0.00582164624853454,0.2223480187997518,-0.2755399030537184,-0.5431158542633057,0.8486926555633545,-0.5983098745346069,-0.8485281467437744,0.09652586281299591,0.7500253915786743,-0.10784646736641017,-0.5023167723723924,-0.18908099549607973,1.0557761433598642,1.6843254798643508,0.0,-0.011165903672853666,0.23016207149224144,-0.2782865640944946,0.21116590367285368,-0.03016207149224144,0.2782865640944946,0.2,0.2,0.0,0.3613068893806903,-0.28260992565195153,False
0,261,-0.10784646736641017,-0.5023167723723924,-0.18908099549607973,1.0557761433598642,1.6843254798643508,0.0,-0.011165903672853666,0.23016207149224144,-0.2782865640944946,0.8644450902938843,0.9604325890541077,-0.14653939008712769,-0.6577644348144531,-0.6331077814102173,-0.272528737783432,-0.11799612666275991,-0.48996244375803755,-0.19938784642212598,1.0526747425281375,1.6835202257328497,0.0,-0.011165903672853666,0.23016207149224144,-0.2782865640944946,0.21116590367285368,-0.03016207149224144,0.2782865640944946,0.2,0.2,0.0,0.3613068893806903,-0.21065344469034514,False
0,262,-0.11799612666275991,-0.48996244375803755,-0.19938784642212598,1.0526747425281375,1.6835202257328497,0.0,-0.011165903672853666,0.23016207149224144,-0.2782865640944946,0.5287250876426697,0.233525350689888,0.7162857055664062,0.9378167986869812,0.1290731132030487,0.5773388743400574,-0.15311812331974528,-0.435990876608148,-0.2345484404059636,1.0099712562601921,1.6920303296572445,0.0,-0.014241289070363733,0.23571469939100867,-0.2813101273147418,0.21424128907036374,-0.03571469939100866,0.2813101273147418,0.2,0.2,0.0,0.3672868382520881,-0.273442907840022,False
0,263,-0.15311812331974528,-0.435990876608148,-0.2345484404059636,1.0099712562601921,1.6920303296572445,0.0,-0.014241289070363733,0.23571469939100867,-0.2813101273147418,-0.816729724407196,-0.9259421825408936,0.720781683921814,0.47459354996681213,-0.5180632472038269,0.37972936034202576,-0.14259607007739167,-0.4277691321536648,-0.2030627296194968,1.0251183568336808,1.6941072495622624,0.0,-0.01805729052504107,0.23351330988455332,-0.2694224624795606,0.21805729052504108,-0.033513309884553324,0.2694224624795606,0.2,0.2,0.0,0.3569915894287923,-0.10554330648143814,False
0,264,-0.14259607007739167,-0.4277691321536648,-0.2030627296194968,1.0251183568336808,1.6941072495622624,0.0,-0.01805729052504107,0.23351330988455332,-0.2694224624795606,-0.6664977073669434,-0.6766774654388428,0.6208443641662598,-0.7065784335136414,0.06421864032745361,-0.7400469183921814,-0.1506061698293114,-0.4392645986034905,-0.19112850902779335,1.0276074326811888,1.691773173513262,0.0,-0.017091885278740254,0.23445678729354621,-0.2649193507476816,0.21709188527874027,-0.034456787293546204,0.2649193507476816,0.2,0.2,0.0,0.3541812813390424,-0.17898755977202263,False
0,265,-0.1506061698293114,-0.4392645986034905,-0.19112850902779335,1.0276074326811888,1.691773173513262,0.0,-0.017091885278740254,0.23445678729354621,-0.2649193507476816,0.3042778968811035,0.5410497188568115,-0.0366770401597023,0.5691342353820801,0.8172189593315125,-0.3277975022792816,-0.15968956475547166,-0.4507069980254172,-0.17693799783635802,1.0170409891474212,1.6940833088102643,0.0,-0.017091885278740254,0.23445678729354621,-0.2649193507476816,0.21709188527874027,-0.034456787293546204,0.2649193507476816,0.2,0.2,0.0,0.3541812813390424,-0.2070906406695212,False
0,266,-0.15968956475547166,-0.4507069980254172,-0.17693799783635802,1.0170409891474212,1.6940833088102643,0.0,-0.017091885278740254,0.23445678729354621,-0.2649193507476816,-0.36509567499160767,-0.1682494580745697,0.3012233376502991,0.4880622625350952,0.9560795426368713,-0.34488293528556824,-0.15968956475547166,-0.4507069980254172,-0.17693799783635802,1.0170409891474212,1.6940833088102643,0.0,-0.016632433364800053,0.2361888323914972,-0.2642207961857099,0.21663243336480006,-0.0361888323914972,0.2642207961857099,0.2,0.2,0.0,0.3547878683426249,-0.21345980420713703,False
0,267,-0.15968956475547166,-0.4507069980254172,-0.17693799783635802,1.0170409891474212,1.6940833088102643,0.0,-0.016632433364800053,0.2361888323914972,-0.2642207961857099,0.2058558613061905,0.7663586735725403,-0.1281287670135498,0.7179301977157593,-0.024158310145139694,0.5034034252166748,-0.15968956475547166,-0.4507069980254172,-0.17693799783635802,1.0170409891474212,1.6940833088102643,0.0,-0.009737184465560489,0.24694021533782595,-0.2254482006081169,0.2097371844655605,-0.04694021533782594,0.2254482006081169,0.2,0.2,0.0,0.3345163282559551,0.005457236738720034,False
0,268,-0.15968956475547166,-0.4507069980254172,-0.17693799783635802,1.0170409891474212,1.6940833088102643,0.0,-0.009737184465560489,0.24694021533782595,-0.2254482006081169,-0.9589800834655762,-0.7805788516998291,0.8518077731132507,-0.936082124710083,-0.06480210274457932,0.6069136261940002,-0.21749335312900644,-0.47766054964696264,-0.014704735994445274,1.112855824070637,1.8187450666958305,0.0,-0.00746461130784945,0.24889439781301276,-0.2201669609326806,0.20746461130784946,-0.04889439781301275,0.2201669609326806,0.2,0.2,0.0,0.33238175697684136,-0.17484516569728306,False
0,269,-0.21749335312900644,-0.47766054964696264,-0.014704735994445274,1.112855824070637,1.8187450666958305,0.0,-0.00746461130784945,0.24889439781301276,-0.2201669609326806,0.19335177540779114,0.9494432210922241,0.36044543981552124,0.253778874874115,0.555072546005249,0.9396926164627075,-0.22293023314230817,-0.47274012207763344,0.002982644838290336,1.1219649780833125,1.8324978432332089,0.0,-0.00809041164002422,0.249299615434598,-0.216025055598172,0.20809041164002423,-0.04929961543459799,0.216025055598172,0.2,0.2,0.0,0.3299736014631122,-0.17090524559426473,False
0,270,-0.22293023314230817,-0.47274012207763344,0.002982644838290336,1.1219649780833125,1.8324978432332089,0.0,-0.00809041164002422,0.249299615434598,-0.216025055598172,-0.7100623250007629,0.3490248918533325,0.19978180527687073,-0.06239716708660126,0.907583475112915,0.9291639924049377,-0.22293023314230817,-0.47274012207763344,0.002982644838290336,1.1219649780833125,1.8324978432332089,0.0,-0.017773376169086752,0.2616138413843741,-0.18367162096466388,0.21777337616908676,-0.06161384138437408,0.18367162096466388,0.2,0.2,0.0,0.3201452158819861,-0.09178875212973162,False
0,271,-0.22293023314230817,-0.47274012207763344,0.002982644838290336,1.1219649780833125,1.8324978432332089,0.0,-0.017773376169086752,0.2616138413843741,-0.18367162096466388,0.8915032744407654,0.7753385305404663,-0.7086365222930908,-0.26664239168167114,0.59504234790802,0.1262500137090683,-0.25042680750574436,-0.3882114483461314,0.028956288693788447,1.1112206618009903,1.8640593450857688,0.0,-0.020314733278097602,0.26810435580717773,-0.1706990717615473,0.2203147332780976,-0.06810435580717772,0.1706990717615473,0.2,0.2,0.0,0.31848203574329886,-0.17260921648477728,False
0,272,-0.25042680750574436,-0.3882114483461314,0.028956288693788447,1.1112206618009903,1.8640593450857688,0.0,-0.020314733278097602,0.26810435580717773,-0.1706990717615473,-0.870686411857605,0.9597779512405396,0.18140307068824768,-0.7386355400085449,0.6356201767921448,-0.818114697933197,-0.2942261415401554,-0.2869758530596299,0.04369961766234619,1.090404886143922,1.8972414383966412,0.0,-0.020314733278097602,0.26810435580717773,-0.1706990717615473,0.2203147332780976,-0.06810435580717772,0.1706990717615473,0.2,0.2,0.0,0.31848203574329886,-0.18924101787164943,False
0,273,-0.2942261415401554,-0.2869758530596299,0.04369961766234619,1.090404886143922,1.8972414383966412,0.0,-0.020314733278097602,0.26810435580717773,-0.1706990717615473,0.48216190934181213,0.08985449373722076,0.5834298133850098,0.8148818016052246,-0.45444798469543457,0.3941385746002197,-0.2942261415401554,-0.2869758530596299,0.04369961766234619,1.090404886143922,1.8972414383966412,0.0,-0.028718169603766608,0.2923509618457653,-0.12763219467796885,0.22871816960376662,-0.0923509618457653,0.12763219467796885,0.2,0.2,0.0,0.3202870513708754,-0.2081936819612028,False
0,274,-0.2942261415401554,-0.2869758530596299,0.04369961766234619,1.090404886143922,1.8972414383966412,0.0,-0.028718169603766608,0.2923509618457653,-0.12763219467796885,-0.8750857710838318,-0.4138832688331604,0.26763516664505005,-0.7603366374969482,-0.9853141903877258,-0.6660516262054443,-0.2942261415401554,-0.2869758530596299,0.04369961766234619,1.090404886143922,1.8972414383966412,0.0,-0.016437410591153417,0.27920115134654355,-0.08785839605564635,0.21643741059115343,-0.07920115134654356,0.08785839605564635,0.2,0.2,0.0,0.2931596308116936,0.0946943901859709,False
0,275,-0.2942261415401554,-0.2869758530596299,0.04369961766234619,1.090404886143922,1.8972414383966412,0.0,-0.016437410591153417,0.27920115134654355,-0.08785839605564635,-0.18190120160579681,0.2843732237815857,-0.34137648344039917,-0.7812028527259827,0.9246999025344849,0.7126702666282654,-0.2942261415401554,-0.2869758530596299,0.04369961766234619,1.090404886143922,1.8972414383966412,0.0,-0.00940940461867995,0.27256255709293215,-0.08039381803918486,0.20940940461867996,-0.07256255709293213,0.08039381803918486,0.2,0.2,0.0,0.2843273648512107,-0.08384102282077613,False
0,276,-0.2942261415401554,-0.2869758530596299,0.04369961766234619,1.090404886143922,1.8972414383966412,0.0,-0.00940940461867995,0.27256255709293215,-0.08039381803918486,0.09870441257953644,0.7111673355102539,0.644294798374176,-0.7920230031013489,-0.8358813524246216,-0.2850417196750641,-0.31886550329932956,-0.10784149430901485,0.22821155998859907,1.0523111517850545,1.8498662308689047,0.0,-0.014963644675168225,0.2739709375683233,-0.08547602753649566,0.21496364467516824,-0.07397093756832329,0.08547602753649566,0.2,0.2,0.0,0.28738499713355004,-0.20426882139016853,False
0,277,-0.31886550329932956,-0.10784149430901485,0.22821155998859907,1.0523111517850545,1.8498662308689047,0.0,-0.014963644675168225,0.2739709375683233,-0.08547602753649566,-0.10132811963558197,0.45030489563941956,-0.9723989963531494,-0.6333608627319336,-0.47368040680885315,-0.5221590399742126,-0.3154268681459138,-0.09583618792679577,0.21082720907394015,1.0344669869587748,1.8510371240316823,0.0,-0.014963644675168225,0.2739709375683233,-0.08547602753649566,0.21496364467516824,-0.07397093756832329,0.08547602753649566,0.2,0.2,0.0,0.28738499713355004,-0.17369249856677502,False
0,278,-0.3154268681459138,-0.09583618792679577,0.21082720907394015,1.0344669869587748,1.8510371240316823,0.0,-0.014963644675168225,0.2739709375683233,-0.08547602753649566,-0.1442377269268036,-0.6187892556190491,-0.8252958655357361,0.10868649184703827,0.9154559969902039,0.6326397657394409,-0.3154268681459138,-0.09583618792679577,0.21082720907394015,1.0344669869587748,1.8510371240316823,0.0,-0.01741888722093618,0.27397718233185075,-0.08531790398777303,0.2174188872209362,-0.07397718233185077,0.08531790398777303,0.2,0.2,0.0,0.2874822756473566,-0.17471392296174418,False
0,279,-0.3154268681459138,-0.09583618792679577,0.21082720907394015,1.0344669869587748,1.8510371240316823,0.0,-0.01741888722093618,0.27397718233185075,-0.08531790398777303,-0.1685255765914917,0.3281407654285431,-0.2376163899898529,-0.9103595018386841,0.7408512830734253,-0.9077677726745605,-0.3025557431241563,-0.226204914356699,0.1207625188951064,1.0346261114284925,1.9003506128928662,0.0,-0.024438898926484293,0.2735880806973101,-0.12743755785302363,0.2244388989264843,-0.07358808069731008,0.12743755785302363,0.2,0.2,0.0,0.302800311809482,-0.33458051752599505,False
0,280,-0.3025557431241563,-0.226204914356699,0.1207625188951064,1.0346261114284925,1.9003506128928662,0.0,-0.024438898926484293,0.2735880806973101,-0.12743755785302363,-0.94573575258255,-0.07740812003612518,-0.33852240443229675,-0.9363632798194885,-0.9573885202407837,-0.8307355046272278,-0.3025557431241563,-0.226204914356699,0.1207625188951064,1.0346261114284925,1.9003506128928662,0.0,-0.028579034272113224,0.2774963466419256,-0.14604279342186555,0.22857903427211324,-0.07749634664192556,0.14604279342186555,0.2,0.2,0.0,0.31488010592923144,-0.30823799416210984,False
0,281,-0.3025557431241563,-0.226204914356699,0.1207625188951064,1.0346261114284925,1.9003506128928662,0.0,-0.028579034272113224,0.2774963466419256,-0.14604279342186555,0.6133602857589722,0.5304791331291199,-0.5517005920410156,-0.9646909236907959,-0.33719393610954285,-0.4454326629638672,-0.31453352424404296,-0.225862096923471,0.08790016672421927,1.0096021134722424,1.8900478233946718,0.0,-0.030908959617295256,0.28476762167171604,-0.16238476758915474,0.23090895961729527,-0.08476762167171603,0.16238476758915474,0.2,0.2,0.0,0.32926702671566277,-0.33850272122214475,False
0,282,-0.31453352424404296,-0.225862096923471,0.08790016672421927,1.0096021134722424,1.8900478233946718,0.0,-0.030908959617295256,0.28476762167171604,-0.16238476758915474,-0.8279706835746765,0.14906324446201324,0.8992739915847778,0.07869357615709305,0.2600165605545044,0.38051098585128784,-0.33491112575929277,-0.23041562774335908,0.021578804511678935,0.9710982415671742,1.8576006085680776,0.0,-0.033726777506219247,0.28477793011908326,-0.16631158382384964,0.23372677750621926,-0.08477793011908324,0.16631158382384964,0.2,0.2,0.0,0.3315049138668398,-0.21813132844518998,False
0,283,-0.33491112575929277,-0.23041562774335908,0.021578804511678935,0.9710982415671742,1.8576006085680776,0.0,-0.033726777506219247,0.28477793011908326,-0.16631158382384964,-0.7176394462585449,-0.8110226392745972,0.7545806169509888,0.9915734529495239,0.13096883893013,-0.3657319247722626,-0.3424304409987927,-0.23675808494476355,0.03832448799525713,0.9775017807520927,1.8574501133688701,0.0,-0.033726777506219247,0.28477793011908326,-0.16631158382384964,0.23372677750621926,-0.08477793011908324,0.16631158382384964,0.2,0.2,0.0,0.3315049138668398,-0.1957524569334199,False
0,284,-0.3424304409987927,-0.23675808494476355,0.03832448799525713,0.9775017807520927,1.8574501133688701,0.0,-0.033726777506219247,0.28477793011908326,-0.16631158382384964,-0.18248222768306732,0.16401733458042145,-0.24903437495231628,0.18435369431972504,0.8830399513244629,0.8035983443260193,-0.34751597950137675,-0.2452841215867237,0.04400064715533277,0.9880445206941538,1.8588541737707027,0.0,-0.030202865607948715,0.28624701310122663,-0.16297334319966147,0.23020286560794873,-0.08624701310122662,0.16297334319966147,0.2,0.2,0.0,0.3307716375295504,-0.18805305539188152,False
0,285,-0.34751597950137675,-0.2452841215867237,0.04400064715533277,0.9880445206941538,1.8588541737707027,0.0,-0.030202865607948715,0.28624701310122663,-0.16297334319966147,0.9025952219963074,0.980453610420227,0.8833020925521851,0.0019225715659558773,0.5164259076118469,0.5545311570167542,-0.3442923648498862,-0.2400336462137713,0.03826356238138774,0.9903400471590424,1.8641305358026707,0.0,-0.029727757469984684,0.2864874221690575,-0.16453706618704006,0.2297277574699847,-0.08648742216905747,0.16453706618704006,0.2,0.2,0.0,0.3317095548438489,-0.2052339505649093,False
0,286,-0.3442923648498862,-0.2400336462137713,0.03826356238138774,0.9903400471590424,1.8641305358026707,0.0,-0.029727757469984684,0.2864874221690575,-0.16453706618704006,-0.26049280166625977,-0.3222414553165436,0.5257937908172607,-0.6239420175552368,0.1041916012763977,0.31624317169189453,-0.3306241211111354,-0.2151578520276815,0.0571801561858015,0.9869300383900406,1.8663087662602904,0.0,-0.03186999438567087,0.28293559499205734,-0.1523042378870774,0.23186999438567088,-0.08293559499205733,0.1523042378870774,0.2,0.2,0.0,0.3229006477757758,-0.10336125320715711,False
0,287,-0.3306241211111354,-0.2151578520276815,0.0571801561858015,0.9869300383900406,1.8663087662602904,0.0,-0.03186999438567087,0.28293559499205734,-0.1523042378870774,-0.2780303657054901,-0.024406887590885162,0.40130987763404846,0.9488081336021423,-0.5864529609680176,-0.9351785182952881,-0.33088475577786103,-0.224599147796859,0.06958770042065075,0.9843500647066354,1.8624765527184257,0.0,-0.03068555690991967,0.28262169608043947,-0.15206443040528317,0.23068555690991968,-0.08262169608043944,0.15206443040528317,0.2,0.2,0.0,0.3223976077652243,-0.186168403777097,False
0,288,-0.33088475577786103,-0.224599147796859,0.06958770042065075,0.9843500647066354,1.8624765527184257,0.0,-0.03068555690991967,0.28262169608043947,-0.15206443040528317,-0.8317649364471436,-0.7512363195419312,0.05698234960436821,0.6351084113121033,0.36448806524276733,0.7364901304244995,-0.3342938170693044,-0.23404619075187555,0.07607501146048588,0.9972976250927779,1.8566414980322863,0.0,-0.03068555690991967,0.28262169608043947,-0.15206443040528317,0.23068555690991968,-0.08262169608043944,0.15206443040528317,0.2,0.2,0.0,0.3223976077652243,-0.19119880388261215,False
0,289,-0.3342938170693044,-0.23404619075187555,0.07607501146048588,0.9972976250927779,1.8566414980322863,0.0,-0.03068555690991967,0.28262169608043947,-0.15206443040528317,-0.5293323993682861,-0.18346543610095978,0.7593567371368408,0.26862648129463196,-0.7617872953414917,-0.5578200817108154,-0.3514335876031489,-0.2634960224692151,0.07570036651377801,1.0103681201255506,1.8573407143035165,0.0,-0.02740214052838738,0.2832361035677458,-0.1542054070545794,0.2274021405283874,-0.08323610356774579,0.1542054070545794,0.2,0.2,0.0,0.32365548849763826,-0.20440655157295864,False
0,290,-0.3514335876031489,-0.2634960224692151,0.07570036651377801,1.0103681201255506,1.8573407143035165,0.0,-0.02740214052838738,0.2832361035677458,-0.1542054070545794,-0.9810601472854614,-0.3176732063293457,0.9750455021858215,-0.26927849650382996,-0.3149521052837372,0.4425177276134491,-0.3514335876031489,-0.2634960224692151,0.07570036651377801,1.0103681201255506,1.8573407143035165,0.0,-0.01243124529802661,0.2982958052131004,-0.15753309720192973,0.21243124529802662,-0.0982958052131004,0.15753309720192973,0.2,0.2,0.0,0.3375671784718181,-0.33790048897770764,False
0,291,-0.3514335876031489,-0.2634960224692151,0.07570036651377801,1.0103681201255506,1.8573407143035165,0.0,-0.01243124529802661,0.2982958052131004,-0.15753309720192973,-0.6549099683761597,-0.2606607973575592,-0.9270634055137634,-0.3019430339336395,0.69124436378479,-0.7501444220542908,-0.3514335876031489,-0.2634960224692151,0.07570036651377801,1.0103681201255506,1.8573407143035165,0.0,0.004622765128861256,0.31565087759871713,-0.1598922015621541,0.19537723487113876,-0.11565087759871713,0.1598922015621541,0.2,0.2,0.0,0.35386771907969994,-0.3699392656186683,False
0,292,-0.3514335876031489,-0.2634960224692151,0.07570036651377801,1.0103681201255506,1.8573407143035165,0.0,0.004622765128861256,0.31565087759871713,-0.1598922015621541,0.003509004134684801,-0.851498007774353,0.29960551857948303,-0.9204559922218323,-0.18859539926052094,-0.4189130961894989,-0.5294517263040521,-0.4533383418356397,0.2769038442389301,0.9212050082154406,1.7556970742616902,0.0,0.008950402432040289,0.31946688641918486,-0.15964242841466036,0.19104959756795972,-0.11946688641918485,0.15964242841466036,0.2,0.2,0.0,0.35724628223704974,-0.24240877269202288,False
0,293,-0.5294517263040521,-0.4533383418356397,0.2769038442389301,0.9212050082154406,1.7556970742616902,0.0,0.008950402432040289,0.31946688641918486,-0.15964242841466036,-0.4526083767414093,0.2065284103155136,0.27441009879112244,0.4810955822467804,-0.2306300848722458,0.2579256594181061,-0.5217656645641764,-0.4601681513245739,0.279662931520933,0.914742957525564,1.752501604242108,0.0,0.007471309195575676,0.3168224553194277,-0.16544461959640627,0.19252869080442434,-0.11682245531942771,0.16544461959640627,0.2,0.2,0.0,0.35749714797341564,-0.21125723135036684,False
0,294,-0.5217656645641764,-0.4601681513245739,0.279662931520933,0.914742957525564,1.752501604242108,0.0,0.007471309195575676,0.3168224553194277,-0.16544461959640627,-0.31654685735702515,-0.08841736614704132,0.7429697513580322,0.7134546041488647,0.43051210045814514,0.2835477888584137,-0.5208254120652642,-0.4540759632640153,0.2863519226266517,0.9260823180373445,1.7517480043404507,0.0,0.007905816296682883,0.31646337021098764,-0.16146296215433437,0.19209418370331713,-0.11646337021098763,0.16146296215433437,0.2,0.2,0.0,0.3553615831294451,-0.18632514312501716,False
0,295,-0.5208254120652642,-0.4540759632640153,0.2863519226266517,0.9260823180373445,1.7517480043404507,0.0,0.007905816296682883,0.31646337021098764,-0.16146296215433437,-0.27294543385505676,0.5918855667114258,0.14019516110420227,-0.5245531797409058,0.9091885685920715,0.07861380279064178,-0.5179747059900826,-0.4481140453326606,0.3042748829453491,0.9325159285960016,1.7575952258743939,0.0,0.009007278422472481,0.3149112065846347,-0.15399493627705152,0.19099272157752753,-0.11491120658463463,0.15399493627705152,0.2,0.2,0.0,0.35066314248312946,-0.15834716477840835,False
0,296,-0.5179747059900826,-0.4481140453326606,0.3042748829453491,0.9325159285960016,1.7575952258743939,0.0,0.009007278422472481,0.3149112065846347,-0.15399493627705152,0.7203835248947144,0.9474636912345886,-0.5508862733840942,-0.7785778045654297,-0.4398532211780548,0.767744779586792,-0.5135264219191837,-0.4353592093542683,0.2986891792825876,0.925388322375952,1.7636034806189393,0.0,0.009007278422472481,0.3149112065846347,-0.15399493627705152,0.19099272157752753,-0.11491120658463463,0.15399493627705152,0.2,0.2,0.0,0.35066314248312946,-0.20533157124156473,False
0,297,-0.5135264219191837,-0.4353592093542683,0.2986891792825876,0.925388322375952,1.7636034806189393,0.0,0.009007278422472481,0.3149112065846347,-0.15399493627705152,-0.41121459007263184,-0.9034870862960815,-0.15519221127033234,0.8770668506622314,0.021778561174869537,0.40023332834243774,-0.49957028860971003,-0.4332799700490209,0.278681927290291,0.9208068302829449,1.758529465753199,0.0,0.004507435944967081,0.31381750346312814,-0.15360732785011727,0.19549256405503293,-0.11381750346312813,0.15360732785011727,0.2,0.2,0.0,0.3494237450830751,-0.19231789854099401,False
0,298,-0.49957028860971003,-0.4332799700490209,0.278681927290291,0.9208068302829449,1.758529465753199,0.0,0.004507435944967081,0.31381750346312814,-0.15360732785011727,-0.915789008140564,0.9654141068458557,-0.6513258218765259,0.6824274063110352,0.23855310678482056,-0.02394167147576809,-0.5017724682194351,-0.4443253615945449,0.2617325125158558,0.9343911298835453,1.7589398309896978,0.0,0.0051865904464334645,0.3120259912471282,-0.1636840004391024,0.19481340955356655,-0.11202599124712818,0.1636840004391024,0.2,0.2,0.0,0.35239122000123674,-0.23587035918223465,False
0,299,-0.5017724682194351,-0.4443253615945449,0.2617325125158558,0.9343911298835453,1.7589398309896978,0.0,0.0051865904464334645,0.3120259912471282,-0.1636840004391024,0.811894416809082,0.599253237247467,-0.6241345405578613,0.3301779627799988,-0.5112362504005432,-0.14577212929725647,-0.5008462075829125,-0.42855229980702586,0.24430135204523268,0.9451932794786372,1.758495126055285,0.0,0.004744423540082893,0.3139141626952913,-0.16292911321775258,0.19525557645991712,-0.11391416269529132,0.16292911321775258,0.2,0.2,0.0,0.35370963660796234,-0.2200389843712372,False
0,300,-0.5008462075829125,-0.42855229980702586,0.24430135204523268,0.9451932794786372,1.758495126055285,0.0,0.004744423540082893,0.3139141626952913,-0.16292911321775258,0.3773163855075836,0.3967753052711487,-0.6447173953056335,-0.17736320197582245,-0.5232422947883606,-0.08351606875658035,-0.5008462075829125,-0.42855229980702586,0.24430135204523268,0.9451932794786372,1.758495126055285,0.0,-0.015531826487146433,0.2998067657306953,-0.1655023552491869,0.21553182648714644,-0.09980676573069527,0.1655023552491869,0.2,0.2,0.0,0.3428065985434862,-0.09237291862698188,False
0,301,-0.5008462075829125,-0.42855229980702586,0.24430135204523268,0.9451932794786372,1.758495126055285,0.0,-0.015531826487146433,0.2998067657306953,-0.1655023552491869,-0.7438548803329468,0.7144433259963989,-0.013668684288859367,0.18233871459960938,-0.1063804179430008,0.6061844229698181,-0.4250899773075942,-0.35299533792819665,0.16442981380385172,0.9349293462593233,1.7159334587103365,0.0,-0.015531826487146433,0.2998067657306953,-0.1655023552491869,0.21553182648714644,-0.09980676573069527,0.1655023552491869,0.2,0.2,0.0,0.3428065985434862,-0.2014032992717431,False
0,302,-0.4250899773075942,-0.35299533792819665,0.16442981380385172,0.9349293462593233,1.7159334587103365,0.0,-0.015531826487146433,0.2998067657306953,-0.1655023552491869,-0.833728015422821,-0.7489079236984253,-0.1749354600906372,-0.844401478767395,-0.6190857887268066,-0.3133684992790222,-0.3997818815943054,-0.3291885188470021,0.13150286710312276,0.92488247275784,1.697969313676812,0.0,-0.019902398865601967,0.2967110071135437,-0.16537410748639386,0.21990239886560198,-0.0967110071135437,0.16537410748639386,0.2,0.2,0.0,0.34026772202173433,-0.1747450957933483,False
0,303,-0.3997818815943054,-0.3291885188470021,0.13150286710312276,0.92488247275784,1.697969313676812,0.0,-0.019902398865601967,0.2967110071135437,-0.16537410748639386,-0.682537317276001,-0.9845481514930725,0.41837596893310547,0.01113656535744667,0.403456449508667,-0.3250032067298889,-0.40785609398758327,-0.3466526009040131,0.12160734571096649,0.9164455610146448,1.695251697814068,0.0,-0.019276612162919066,0.29906134104617005,-0.17537562375432802,0.21927661216291908,-0.09906134104617005,0.17537562375432802,0.2,0.2,0.0,0.34722598245527775,-0.27319559556307305,False
0,304,-0.40785609398758327,-0.3466526009040131,0.12160734571096649,0.9164455610146448,1.695251697814068,0.0,-0.019276612162919066,0.29906134104617005,-0.17537562375432802,-0.8295283317565918,-0.7274580001831055,0.2818950414657593,-0.8829594850540161,0.8090715408325195,0.48703935742378235,-0.41468553472945485,-0.3629322177572538,0.1300394447033857,0.9132428815446089,1.7016832851934824,0.0,-0.01675447297017793,0.3001424337650778,-0.17828382613263546,0.21675447297017794,-0.10014243376507782,0.17828382613263546,0.2,0.2,0.0,0.349501524419314,-0.2275061818500193,False
0,305,-0.41468553472945485,-0.3629322177572538,0.1300394447033857,0.9132428815446089,1.7016832851934824,0.0,-0.01675447297017793,0.3001424337650778,-0.17828382613263546,0.6735920906066895,-0.0369146429002285,-0.34427130222320557,0.1378726214170456,0.8767661452293396,0.07698001712560654,-0.41937041449252876,-0.37737074986682234,0.130341374306671,0.9006524672008686,1.7159042604137473,0.0,-0.016059582606724992,0.30108530718744553,-0.18298523444216544,0.216059582606725,-0.10108530718744554,0.18298523444216544,0.2,0.2,0.0,0.35269514941591545,-0.23828382467397247,False
0,306,-0.41937041449252876,-0.37737074986682234,0.130341374306671,0.9006524672008686,1.7159042604137473,0.0,-0.016059582606724992,0.30108530718744553,-0.18298523444216544,0.04398118332028389,0.8150178790092468,-0.759736180305481,0.35484835505485535,0.13482072949409485,-0.7581029534339905,-0.40911909436809996,-0.3749324491215555,0.11747730767219226,0.9044439705400485,1.722941786217531,0.0,-0.016059582606724992,0.30108530718744553,-0.18298523444216544,0.216059582606725,-0.10108530718744554,0.18298523444216544,0.2,0.2,0.0,0.35269514941591545,-0.20634757470795773,False
0,307,-0.40911909436809996,-0.3749324491215555,0.11747730767219226,0.9044439705400485,1.722941786217531,0.0,-0.016059582606724992,0.30108530718744553,-0.18298523444216544,0.012485726736485958,-0.48047977685928345,0.273043692111969,0.9139791131019592,-0.11872304230928421,0.2563978433609009,-0.402437786593877,-0.36203930696321496,0.10362387110761881,0.913455812218516,1.7242309477547773,0.0,-0.018546041573287098,0.2984509131997995,-0.18489900888017965,0.2185460415732871,-0.09845091319979947,0.18489900888017965,0.2,0.2,0.0,0.3515743829301349,-0.19457952660726166,False
0,308,-0.402437786593877,-0.36203930696321496,0.10362387110761881,0.913455812218516,1.7242309477547773,0.0,-0.018546041573287098,0.2984509131997995,-0.18489900888017965,-0.6802773475646973,-0.07944654673337936,0.45543885231018066,0.6406853795051575,-0.3016388714313507,0.47275856137275696,-0.4012951637331069,-0.3698632186956238,0.10966443627632697,0.9256528543805518,1.72268246724883,0.0,-0.01777500494015663,0.29657526773994347,-0.18469077364157005,0.21777500494015664,-0.09657526773994343,0.18469077364157005,0.2,0.2,0.0,0.3498335634326178,-0.18750858674113802,False
0,309,-0.4012951637331069,-0.3698632186956238,0.10966443627632697,0.9256528543805518,1.72268246724883,0.0,-0.01777500494015663,0.29657526773994347,-0.18469077364157005,-0.8963572382926941,0.4770796000957489,-0.8551378846168518,0.044024985283613205,0.5639525651931763,-0.7833364009857178,-0.4056501091813984,-0.3711192788286804,0.12231020701530067,0.9342843584569942,1.7204748167719346,0.0,-0.014926402051315263,0.29796503726274925,-0.1782662716930603,0.21492640205131527,-0.09796503726274927,0.1782662716930603,0.2,0.2,0.0,0.34754111200336146,-0.18084604170911747,False
0,310,-0.4056501091813984,-0.3711192788286804,0.12231020701530067,0.9342843584569942,1.7204748167719346,0.0,-0.014926402051315263,0.29796503726274925,-0.1782662716930603,0.7418876886367798,-0.41966894268989563,0.3777807056903839,-0.6463851928710938,-0.8339475989341736,-0.8618971705436707,-0.4056501091813984,-0.3711192788286804,0.12231020701530067,0.9342843584569942,1.7204748167719346,0.0,-0.02035984805181612,0.27576856776530817,-0.19205848301529865,0.22035984805181613,-0.07576856776530816,0.19205848301529865,0.2,0.2,0.0,0.3366738589171428,-0.08966439859638475,False
0,311,-0.4056501091813984,-0.3711192788286804,0.12231020701530067,0.9342843584569942,1.7204748167719346,0.0,-0.02035984805181612,0.27576856776530817,-0.19205848301529865,0.4999083876609802,-0.08114989101886749,-0.20207050442695618,0.5284874439239502,0.7733385562896729,-0.7577447295188904,-0.34063473676710254,-0.432745425978167,0.1745081953788106,0.8678296110320421,1.6615787429650812,0.0,-0.02035984805181612,0.27576856776530817,-0.19205848301529865,0.22035984805181613,-0.07576856776530816,0.19205848301529865,0.2,0.2,0.0,0.3366738589171428,-0.1983369294585714,False
0,312,-0.34063473676710254,-0.432745425978167,0.1745081953788106,0.8678296110320421,1.6615787429650812,0.0,-0.02035984805181612,0.27576856776530817,-0.19205848301529865,-0.646994948387146,0.7571161985397339,-0.33466866612434387,-0.6392805576324463,0.7683428525924683,-0.2904098331928253,-0.29376523556004186,-0.4731986403768335,0.20307224745584362,0.8221201113714438,1.6283632548690739,0.0,-0.020872791856542033,0.2698459193374827,-0.19559663986480094,0.22087279185654204,-0.06984591933748267,0.19559663986480094,0.2,0.2,0.0,0.33393193789959413,-0.1695467587743104,False
0,313,-0.29376523556004186,-0.4731986403768335,0.20307224745584362,0.8221201113714438,1.6283632548690739,0.0,-0.020872791856542033,0.2698459193374827,-0.19559663986480094,0.8821611404418945,-0.3595598340034485,0.284240186214447,-0.8008209466934204,0.8369585871696472,-0.6904007196426392,-0.293262840739147,-0.4662989733608313,0.19464028759329177,0.8130934224610743,1.6389461007209303,0.0,-0.02279572616416059,0.27208445885168564,-0.19646613160296222,0.2227957261641606,-0.07208445885168566,0.19646613160296222,0.2,0.2,0.0,0.3363755917824575,-0.2226243347198626,False
0,314,-0.293262840739147,-0.4662989733608313,0.19464028759329177,0.8130934224610743,1.6389461007209303,0.0,-0.02279572616416059,0.27208445885168564,-0.19646613160296222,-0.8430657982826233,-0.8154535293579102,0.3431362509727478,-0.9095926880836487,0.43402084708213806,-0.37669798731803894,-0.2871735621054721,-0.4792464145374136,0.19891497791225626,0.8016714414203334,1.6484915619318434,0.0,-0.0233993698273757,0.26858179489033457,-0.19931688094109984,0.2233993698273757,-0.06858179489033456,0.19931688094109984,0.2,0.2,0.0,0.3352773927405792,-0.1866567059515066,False
0,315,-0.2871735621054721,-0.4792464145374136,0.19891497791225626,0.8016714414203334,1.6484915619318434,0.0,-0.0233993698273757,0.26858179489033457,-0.19931688094109984,0.5677902698516846,0.0990954339504242,-0.9153751134872437,0.17486612498760223,-0.6755337715148926,0.34412306547164917,-0.29091408866554097,-0.4869348851771382,0.19403408465102753,0.7952591509256851,1.6511328701676113,0.0,-0.02233339425629899,0.2698028326600524,-0.20421133582685144,0.222333394256299,-0.06980283266005238,0.20421133582685144,0.2,0.2,0.0,0.33910856475557,-0.2378660025276928,False
0,316,-0.29091408866554097,-0.4869348851771382,0.19403408465102753,0.7952591509256851,1.6511328701676113,0.0,-0.02233339425629899,0.2698028326600524,-0.20421133582685144,-0.9331213235855103,0.6836065649986267,-0.8804636001586914,0.7688326835632324,-0.2910791337490082,0.26292622089385986,-0.2819413527672176,-0.4826440985170578,0.18443408465811606,0.8001823974817626,1.6470321427071273,0.0,-0.02233339425629899,0.2698028326600524,-0.20421133582685144,0.222333394256299,-0.06980283266005238,0.20421133582685144,0.2,0.2,0.0,0.33910856475557,-0.199554282377785,False
0,317,-0.2819413527672176,-0.4826440985170578,0.18443408465811606,0.8001823974817626,1.6470321427071273,0.0,-0.02233339425629899,0.2698028326600524,-0.20421133582685144,-0.5212406516075134,0.8712864518165588,-0.6032455563545227,-0.6966476440429688,0.20104394853115082,0.6308671236038208,-0.2904051257544239,-0.46763602787133846,0.16820877742193577,0.8092963146385448,1.6465445042192188,0.0,-0.02385089495260262,0.2701344800853387,-0.20472717000006574,0.22385089495260263,-0.07013448008533871,0.20472717000006574,0.2,0.2,0.0,0.33978628085496937,-0.2066703014214784,False
0,318,-0.2904051257544239,-0.46763602787133846,0.16820877742193577,0.8092963146385448,1.6465445042192188,0.0,-0.02385089495260262,0.2701344800853387,-0.20472717000006574,0.9588380455970764,0.919998288154602,-0.6130439639091492,-0.7599576711654663,0.5677192211151123,0.6481767892837524,-0.28681295171620047,-0.4501288121270757,0.15100520583414903,0.801851002694601,1.6507951100040574,0.0,-0.02385089495260262,0.2701344800853387,-0.20472717000006574,0.22385089495260263,-0.07013448008533871,0.20472717000006574,0.2,0.2,0.0,0.33978628085496937,-0.19989314042748468,False
0,319,-0.28681295171620047,-0.4501288121270757,0.15100520583414903,0.801851002694601,1.6507951100040574,0.0,-0.02385089495260262,0.2701344800853387,-0.20472717000006574,-0.06389804184436798,0.9685778617858887,-0.256865531206131,-0.8037441968917847,-0.05033149570226669,0.7369409799575806,-0.28681295171620047,-0.4501288121270757,0.15100520583414903,0.801851002694601,1.6507951100040574,0.0,-0.0325680368508619,0.26539240376379425,-0.2078389541228881,0.23256803685086191,-0.06539240376379421,0.2078389541228881,0.2,0.2,0.0,0.3386603547076922,-0.1880709158810742,False
0,320,-0.28681295171620047,-0.4501288121270757,0.15100520583414903,0.801851002694601,1.6507951100040574,0.0,-0.0325680368508619,0.26539240376379425,-0.2078389541228881,0.8336790800094604,0.557819128036499,-0.8530377149581909,-0.7499244213104248,-0.9222254157066345,0.4726863503456116,-0.28681295171620047,-0.4501288121270757,0.15100520583414903,0.801851002694601,1.6507951100040574,0.0,-0.04068853423829147,0.26230217270707507,-0.21169854634542468,0.24068853423829148,-0.06230217270707504,0.21169854634542468,0.2,0.2,0.0,0.33952063435096075,-0.20836311360816606,False
0,321,-0.28681295171620047,-0.4501288121270757,0.15100520583414903,0.801851002694601,1.6507951100040574,0.0,-0.04068853423829147,0.26230217270707507,-0.21169854634542468,-0.5961887836456299,-0.28725120425224304,-0.31500232219696045,-0.4398934841156006,0.6488336324691772,-0.11737712472677231,-0.28681295171620047,-0.4501288121270757,0.15100520583414903,0.801851002694601,1.6507951100040574,0.0,-0.05116954680980679,0.2517471984989292,-0.21629125091183718,0.2511695468098068,-0.051747198498929184,0.21629125091183718,0.2,0.2,0.0,0.3358226908560343,-0.16093191047875244,False
0,322,-0.28681295171620047,-0.4501288121270757,0.15100520583414903,0.801851002694601,1.6507951100040574,0.0,-0.05116954680980679,0.2517471984989292,-0.21629125091183718,-0.2624778747558594,-0.8806115388870239,0.005693456158041954,0.646320104598999,0.2868047058582306,-0.7395119071006775,-0.28681295171620047,-0.4501288121270757,0.15100520583414903,0.801851002694601,1.6507951100040574,0.0,-0.05116954680980679,0.2517471984989292,-0.21629125091183718,0.2511695468098068,-0.051747198498929184,0.21629125091183718,0.2,0.2,0.0,0.3358226908560343,-0.19791134542801714,False
0,323,-0.28681295171620047,-0.4501288121270757,0.15100520583414903,0.801851002694601,1.6507951100040574,0.0,-0.05116954680980679,0.2517471984989292,-0.21629125091183718,-0.21271198987960815,-0.29356345534324646,-0.4388684630393982,-0.36846044659614563,-0.10363733768463135,0.6170493364334106,-0.20457989078413225,-0.34059272464146273,0.042727076847526746,0.71317720246167,1.6265585404344365,0.0,-0.05610221618138572,0.24611676848052502,-0.21834756097711425,0.25610221618138573,-0.04611676848052501,0.21834756097711425,0.2,0.2,0.0,0.33376126164133235,-0.1762663386736469,False
0,324,-0.20457989078413225,-0.34059272464146273,0.042727076847526746,0.71317720246167,1.6265585404344365,0.0,-0.05610221618138572,0.24611676848052502,-0.21834756097711425,0.3909386098384857,0.6096694469451904,0.5040894746780396,-0.6787936091423035,-0.09589718282222748,0.18611767888069153,-0.17332434712555228,-0.3289278218922136,0.005749871136427179,0.6948603172012325,1.603715598933434,0.0,-0.05257360630623015,0.2463662817545175,-0.2249947892360343,0.25257360630623016,-0.046366281754517485,0.2249947892360343,0.2,0.2,0.0,0.3377617267378829,-0.238885514334447,False
0,325,-0.17332434712555228,-0.3289278218922136,0.005749871136427179,0.6948603172012325,1.603715598933434,0.0,-0.05257360630623015,0.2463662817545175,-0.2249947892360343,-0.8767322301864624,0.7682005167007446,0.004201894160360098,0.577294647693634,0.6270532608032227,-0.18138405680656433,-0.16731811282552506,-0.30363218490849714,0.017915842310697514,0.690783349253886,1.6059664334520414,0.0,-0.05641033347963559,0.24515001658025665,-0.2145335056796651,0.2564103334796356,-0.04515001658025663,0.2145335056796651,0.2,0.2,0.0,0.3306134924829758,-0.12382440369241662,False
0,326,-0.16731811282552506,-0.30363218490849714,0.017915842310697514,0.690783349253886,1.6059664334520414,0.0,-0.05641033347963559,0.24515001658025665,-0.2145335056796651,-0.10017576068639755,0.5481750965118408,-0.5123973488807678,0.6931074857711792,-0.8392656445503235,-0.7922479510307312,-0.1793226006545915,-0.2877911785661526,0.012968533150914535,0.7054646408477157,1.6136296049736474,0.0,-0.05641033347963559,0.24515001658025665,-0.2145335056796651,0.2564103334796356,-0.04515001658025663,0.2145335056796651,0.2,0.2,0.0,0.3306134924829758,-0.1953067462414879,False
0,327,-0.1793226006545915,-0.2877911785661526,0.012968533150914535,0.7054646408477157,1.6136296049736474,0.0,-0.05641033347963559,0.24515001658025665,-0.2145335056796651,0.30047547817230225,0.7978914380073547,0.2542283535003662,0.1778845489025116,-0.6445112228393555,-0.031236140057444572,-0.1796741913311678,-0.2701658078391168,-0.005776699560997913,0.7234734120362198,1.6039953458230156,0.0,-0.05714278462298006,0.24859252041943958,-0.20980661229539904,0.25714278462298007,-0.04859252041943957,0.20980661229539904,0.2,0.2,0.0,0.3302761777752517,-0.19176494181038506,False
0,328,-0.1796741913311678,-0.2701658078391168,-0.005776699560997913,0.7234734120362198,1.6039953458230156,0.0,-0.05714278462298006,0.24859252041943958,-0.20980661229539904,-0.013362014666199684,-0.5623201727867126,0.8385344743728638,0.5677810311317444,-0.1031799465417862,0.14239802956581116,-0.17726414491097495,-0.26891384390673295,0.0038330812076781116,0.7305859671722267,1.6031049399638608,0.0,-0.058783385763327534,0.2484200850733543,-0.20537682598667295,0.25878338576332754,-0.0484200850733543,0.20537682598667295,0.2,0.2,0.0,0.32763953632309534,-0.16745335363998404,False
0,329,-0.17726414491097495,-0.26891384390673295,0.0038330812076781116,0.7305859671722267,1.6031049399638608,0.0,-0.058783385763327534,0.2484200850733543,-0.20537682598667295,-0.10857314616441727,-0.31150081753730774,0.7443179488182068,-0.1999896913766861,-0.6870831847190857,0.31699374318122864,-0.17659866022635004,-0.2818448213318961,0.020787900460145163,0.7401946522664944,1.6025008092077833,0.0,-0.056078500220426875,0.2476238480644885,-0.2031818024504511,0.2560785002204269,-0.04762384806448851,0.2031818024504511,0.2,0.2,0.0,0.32518489073794843,-0.16804598951750513,False
0,330,-0.17659866022635004,-0.2818448213318961,0.020787900460145163,0.7401946522664944,1.6025008092077833,0.0,-0.056078500220426875,0.2476238480644885,-0.2031818024504511,0.3297427296638489,-0.01202019490301609,-0.3364129364490509,0.4308525323867798,0.28071585297584534,-0.7804053425788879,-0.17659866022635004,-0.2818448213318961,0.020787900460145163,0.7401946522664944,1.6025008092077833,0.0,-0.05361401237360702,0.24342406949112572,-0.2065213971285245,0.25361401237360703,-0.043424069491125705,0.2065213971285245,0.2,0.2,0.0,0.32369866759431587,-0.17698710236083234,False
0,331,-0.17659866022635004,-0.2818448213318961,0.020787900460145163,0.7401946522664944,1.6025008092077833,0.0,-0.05361401237360702,0.24342406949112572,-0.2065213971285245,-0.6932041645050049,0.7943155765533447,-0.40510836243629456,0.7896037101745605,-0.961378812789917,0.120060034096241,-0.17659866022635004,-0.2818448213318961,0.020787900460145163,0.7401946522664944,1.6025008092077833,0.0,-0.05361401237360702,0.24342406949112572,-0.2065213971285245,0.25361401237360703,-0.043424069491125705,0.2065213971285245,0.2,0.2,0.0,0.32369866759431587,-0.19184933379715793,False
0,332,-0.17659866022635004,-0.2818448213318961,0.020787900460145163,0.7401946522664944,1.6025008092077833,0.0,-0.05361401237360702,0.24342406949112572,-0.2065213971285245,-0.6045747995376587,0.3922150135040283,0.21380867063999176,-0.13465487957000732,0.6048542261123657,0.8808033466339111,-0.14538327120162506,-0.2996355825011943,-0.012737719910617396,0.787778146149976,1.6214252906097428,0.0,-0.05287988469375582,0.2385910837149207,-0.21101073863804182,0.25287988469375583,-0.03859108371492067,0.21101073863804182,0.2,0.2,0.0,0.32287384417765586,-0.18318868792222778,False
0,333,-0.14538327120162506,-0.2996355825011943,-0.012737719910617396,0.787778146149976,1.6214252906097428,0.0,-0.05287988469375582,0.2385910837149207,-0.21101073863804182,-0.4148271977901459,-0.8783591389656067,-0.0371989831328392,-0.32425326108932495,0.4371301829814911,0.44340187311172485,-0.1514101513654306,-0.2926912503353386,-0.009533682705437852,0.7886308398987298,1.626657649670777,0.0,-0.05287988469375582,0.2385910837149207,-0.21101073863804182,0.25287988469375583,-0.03859108371492067,0.21101073863804182,0.2,0.2,0.0,0.32287384417765586,-0.19143692208882793,False
0,334,-0.1514101513654306,-0.2926912503353386,-0.009533682705437852,0.7886308398987298,1.626657649670777,0.0,-0.05287988469375582,0.2385910837149207,-0.21101073863804182,0.0704045295715332,-0.11103957891464233,0.04412394016981125,-0.8043121099472046,-0.491563618183136,-0.17835400998592377,-0.15522541001408893,-0.3051785204088718,-0.011949852498154964,0.7875000784585731,1.6307243588374585,0.0,-0.0524549183552826,0.2406544722213195,-0.21066223575006696,0.2524549183552826,-0.040654472221319495,0.21066223575006696,0.2,0.2,0.0,0.32410595648799484,-0.20437410134738726,False
0,335,-0.15522541001408893,-0.3051785204088718,-0.011949852498154964,0.7875000784585731,1.6307243588374585,0.0,-0.0524549183552826,0.2406544722213195,-0.21066223575006696,0.5249197483062744,0.7685895562171936,0.6646507978439331,-0.28642213344573975,0.04558972641825676,-0.004990148823708296,-0.15347991277854825,-0.3039770353880313,-0.010056197449230968,0.7842522567184733,1.6299255383844298,0.0,-0.0524549183552826,0.2406544722213195,-0.21066223575006696,0.2524549183552826,-0.040654472221319495,0.21066223575006696,0.2,0.2,0.0,0.32410595648799484,-0.19205297824399742,False
0,336,-0.15347991277854825,-0.3039770353880313,-0.010056197449230968,0.7842522567184733,1.6299255383844298,0.0,-0.0524549183552826,0.2406544722213195,-0.21066223575006696,-0.30837544798851013,-0.7234135866165161,-0.14357039332389832,-0.19339950382709503,0.4865666925907135,0.48310649394989014,-0.15347991277854825,-0.3039770353880313,-0.010056197449230968,0.7842522567184733,1.6299255383844298,0.0,-0.0533715370037659,0.24027923449906027,-0.20820120586318044,0.2533715370037659,-0.04027923449906026,0.20820120586318044,0.2,0.2,0.0,0.32238234073298927,-0.17395501281643894,False
0,337,-0.15347991277854825,-0.3039770353880313,-0.010056197449230968,0.7842522567184733,1.6299255383844298,0.0,-0.0533715370037659,0.24027923449906027,-0.20820120586318044,-0.35643452405929565,-0.4183100759983063,0.34697529673576355,-0.3583567142486572,0.620903730392456,-0.1710289716720581,-0.14832146288750442,-0.2848670091315087,-0.0009362117553582592,0.7837214282757397,1.6311806865871123,0.0,-0.0533715370037659,0.24027923449906027,-0.20820120586318044,0.2533715370037659,-0.04027923449906026,0.20820120586318044,0.2,0.2,0.0,0.32238234073298927,-0.19119117036649463,False
0,338,-0.14832146288750442,-0.2848670091315087,-0.0009362117553582592,0.7837214282757397,1.6311806865871123,0.0,-0.0533715370037659,0.24027923449906027,-0.20820120586318044,0.26225996017456055,-0.7394722104072571,0.6013344526290894,-0.2626233696937561,0.6304960250854492,0.9594975113868713,-0.1546666087849607,-0.3088854374805411,-0.010998268174433477,0.7845286452145119,1.642899589063487,0.0,-0.052517459685271495,0.24055965478760286,-0.2109705609223614,0.2525174596852715,-0.04055965478760285,0.2109705609223614,0.2,0.2,0.0,0.3242462161062494,-0.21076186178572573,False
0,339,-0.1546666087849607,-0.3088854374805411,-0.010998268174433477,0.7845286452145119,1.642899589063487,0.0,-0.052517459685271495,0.24055965478760286,-0.2109705609223614,0.17939968407154083,-0.09883848577737808,-0.139249786734581,-0.32543525099754333,0.9029059410095215,-0.1917365938425064,-0.14955107338825055,-0.32322045802160726,0.002486364314523335,0.783915790251761,1.6506270984238434,0.0,-0.050176333567447884,0.23926165820267653,-0.2137208096112216,0.2501763335674479,-0.039261658202676505,0.2137208096112216,0.2,0.2,0.0,0.3247158604026638,-0.1970543731654763,False
0,340,-0.14955107338825055,-0.32322045802160726,0.002486364314523335,0.783915790251761,1.6506270984238434,0.0,-0.050176333567447884,0.23926165820267653,-0.2137208096112216,0.5412179231643677,0.02313118800520897,-0.8551039695739746,-0.8253740072250366,-0.30399689078330994,-0.670384407043457,-0.14955107338825055,-0.32322045802160726,0.002486364314523335,0.783915790251761,1.6506270984238434,0.0,-0.05212748336653078,0.2322437570361556,-0.2314809845016719,0.2521274833665308,-0.03224375703615559,0.2314809845016719,0.2,0.2,0.0,0.3320209080619172,-0.26906093062349246,False
0,341,-0.14955107338825055,-0.32322045802160726,0.002486364314523335,0.783915790251761,1.6506270984238434,0.0,-0.05212748336653078,0.2322437570361556,-0.2314809845016719,0.6588631868362427,-0.5652387142181396,0.03389886021614075,-0.2572159469127655,0.14301739633083344,0.04847448319196701,-0.14955107338825055,-0.32322045802160726,0.002486364314523335,0.783915790251761,1.6506270984238434,0.0,-0.05212748336653078,0.2322437570361556,-0.2314809845016719,0.2521274833665308,-0.03224375703615559,0.2314809845016719,0.2,0.2,0.0,0.3320209080619172,-0.1960104540309586,False
0,342,-0.14955107338825055,-0.32322045802160726,0.002486364314523335,0.783915790251761,1.6506270984238434,0.0,-0.05212748336653078,0.2322437570361556,-0.2314809845016719,-0.5542191863059998,0.30017077922821045,-0.17406350374221802,-0.5181264877319336,-0.907095730304718,-0.6286638975143433,-0.0935230703794842,-0.3225290070567866,-0.11133964040796274,0.7288979699725816,1.6474634763977016,0.0,-0.052994220673142745,0.22593776043692687,-0.24646449206449103,0.25299422067314276,-0.025937760436926846,0.24646449206449103,0.2,0.2,0.0,0.33852770176843056,-0.26433178794934886,False
0,343,-0.0935230703794842,-0.3225290070567866,-0.11133964040796274,0.7288979699725816,1.6474634763977016,0.0,-0.052994220673142745,0.22593776043692687,-0.24646449206449103,-0.7657405138015747,0.5973963737487793,-0.5113401412963867,0.7525812387466431,-0.4811345934867859,0.5899944305419922,-0.10036054792165484,-0.3168331832904166,-0.12090154991120765,0.7322776690798121,1.6424021002860063,0.0,-0.05263573881627903,0.2245476982327892,-0.25073963271439503,0.25263573881627904,-0.02454769823278917,0.25073963271439503,0.2,0.2,0.0,0.3406795461957307,-0.2218582173708669,False
0,344,-0.10036054792165484,-0.3168331832904166,-0.12090154991120765,0.7322776690798121,1.6424021002860063,0.0,-0.05263573881627903,0.2245476982327892,-0.25073963271439503,-0.5484046936035156,-0.42538872361183167,0.23425181210041046,0.05504646897315979,0.782507061958313,0.9621764421463013,-0.11211296033476886,-0.31148965322415945,-0.12794251260515724,0.7435852346241704,1.6430891710848643,0.0,-0.05385038757662608,0.22897256689084156,-0.248923511896554,0.2538503875766261,-0.02897256689084156,0.248923511896554,0.2,0.2,0.0,0.34247805098377854,-0.21922407337236754,False
0,345,-0.11211296033476886,-0.31148965322415945,-0.12794251260515724,0.7435852346241704,1.6430891710848643,0.0,-0.05385038757662608,0.22897256689084156,-0.248923511896554,0.6467279195785522,-0.9816149473190308,-0.604749321937561,-0.5559611320495605,-0.8797030448913574,-0.4514251947402954,-0.11520263692657469,-0.3283614184590672,-0.12892891081694652,0.746050997498116,1.6478348069483677,0.0,-0.0511284850940818,0.23086914898785477,-0.2510733610193599,0.2511284850940818,-0.03086914898785474,0.2510733610193599,0.2,0.2,0.0,0.3448949384319083,-0.22661634369725206,False
0,346,-0.11520263692657469,-0.3283614184590672,-0.12892891081694652,0.746050997498116,1.6478348069483677,0.0,-0.0511284850940818,0.23086914898785477,-0.2510733610193599,0.3859226405620575,-0.26385512948036194,0.5940535068511963,0.4067063331604004,0.15897999703884125,-0.9402297139167786,-0.10495498544004465,-0.3403764898127382,-0.1366937640393985,0.7461048149763289,1.6432996039746794,0.0,-0.04844839542874155,0.2272406216097623,-0.25879789203600323,0.24844839542874156,-0.027240621609762282,0.25879789203600323,0.2,0.2,0.0,0.3477957677308475,-0.23290617685481577,False
0,347,-0.10495498544004465,-0.3403764898127382,-0.1366937640393985,0.7461048149763289,1.6432996039746794,0.0,-0.04844839542874155,0.2272406216097623,-0.25879789203600323,0.5374753475189209,0.8454399108886719,0.1910443902015686,0.5050255060195923,-0.13672122359275818,-0.9825724959373474,-0.0958301669186289,-0.34742728884314006,-0.11917385901060543,0.7607043626816982,1.6474739000613137,0.0,-0.04844839542874155,0.2272406216097623,-0.25879789203600323,0.24844839542874156,-0.027240621609762282,0.25879789203600323,0.2,0.2,0.0,0.3477957677308475,-0.20389788386542376,False
0,348,-0.0958301669186289,-0.34742728884314006,-0.11917385901060543,0.7607043626816982,1.6474739000613137,0.0,-0.04844839542874155,0.2272406216097623,-0.25879789203600323,0.3457758128643036,0.9098910689353943,0.911403477191925,0.16774487495422363,0.19072335958480835,0.7100374698638916,-0.08687735549009805,-0.3302019828759315,-0.1101622330021754,0.7729764794558824,1.647960531641939,0.0,-0.04846984671262625,0.22435329035858678,-0.2525094903029638,0.24846984671262626,-0.024353290358586764,0.2525094903029638,0.2,0.2,0.0,0.3412400439985501,-0.13506278467630103,False
0,349,-0.08687735549009805,-0.3302019828759315,-0.1101622330021754,0.7729764794558824,1.647960531641939,0.0,-0.04846984671262625,0.22435329035858678,-0.2525094903029638,-0.5128183364868164,-0.7764113545417786,-0.04727860167622566,-0.5169065594673157,-0.3535888195037842,-0.5753799676895142,-0.08690102814106788,-0.3136280835124668,-0.09668847775998024,0.7750190998777338,1.6491238746633694,0.0,-0.054051347831433394,0.22221334710484703,-0.23564996405077107,0.2540513478314334,-0.02221334710484701,0.23564996405077107,0.2,0.2,0.0,0.32837665171425257,-0.06555440301415069,False
0,350,-0.08690102814106788,-0.3136280835124668,-0.09668847775998024,0.7750190998777338,1.6491238746633694,0.0,-0.054051347831433394,0.22221334710484703,-0.23564996405077107,0.39625951647758484,0.5262392163276672,0.7069607377052307,0.3958067297935486,0.23448887467384338,0.5752114057540894,-0.08690102814106788,-0.3136280835124668,-0.09668847775998024,0.7750190998777338,1.6491238746633694,0.0,-0.0547409174239597,0.2211717744367799,-0.21956532251028518,0.2547409174239597,-0.0211717744367799,0.21956532251028518,0.2,0.2,0.0,0.3164213214955278,-0.06865735856051644,False
0,351,-0.08690102814106788,-0.3136280835124668,-0.09668847775998024,0.7750190998777338,1.6491238746633694,0.0,-0.0547409174239597,0.2211717744367799,-0.21956532251028518,0.9509003758430481,0.24615493416786194,-0.09084028005599976,0.42195218801498413,-0.8559698462486267,0.35047972202301025,-0.06850905744253816,-0.2840427509029113,-0.019922900052763884,0.8079979452508896,1.661125680621773,0.0,-0.0547409174239597,0.2211717744367799,-0.21956532251028518,0.2547409174239597,-0.0211717744367799,0.21956532251028518,0.2,0.2,0.0,0.3164213214955278,-0.1882106607477639,False
0,352,-0.06850905744253816,-0.2840427509029113,-0.019922900052763884,0.8079979452508896,1.661125680621773,0.0,-0.0547409174239597,0.2211717744367799,-0.21956532251028518,-0.5659344792366028,-0.9891706109046936,-0.7696461081504822,0.843042254447937,-0.086898572742939,0.26200953125953674,-0.0638346830061737,-0.2936022446650328,-0.03071776253685078,0.8191269276169926,1.6572797628078748,0.0,-0.055773700428584705,0.21731243198315825,-0.20630829507629472,0.2557737004285847,-0.017312431983158252,0.20630829507629472,0.2,0.2,0.0,0.3047925710564806,-0.06610878113776822,False
0,353,-0.0638346830061737,-0.2936022446650328,-0.03071776253685078,0.8191269276169926,1.6572797628078748,0.0,-0.055773700428584705,0.21731243198315825,-0.20630829507629472,0.7167467474937439,0.1841609925031662,-0.4501379430294037,-0.3534214198589325,0.08204713463783264,0.0011649572988972068,-0.07022161523960069,-0.31219215656116195,-0.042127982247489135,0.82836702140446,1.657876759047673,0.0,-0.051271300539815934,0.21865657486643722,-0.21730310149649967,0.25127130053981594,-0.018656574866437202,0.21730310149649967,0.2,0.2,0.0,0.3125061309980398,-0.2633886649146119,False
0,354,-0.07022161523960069,-0.31219215656116195,-0.042127982247489135,0.82836702140446,1.657876759047673,0.0,-0.051271300539815934,0.21865657486643722,-0.21730310149649967,-0.24739734828472137,0.568145751953125,0.43254172801971436,-0.29082316160202026,0.3982175588607788,-0.47008103132247925,-0.06099622487779152,-0.302179141103325,-0.05110123703279366,0.8248654667289758,1.66169770780942,0.0,-0.05252543246875252,0.2156771839744651,-0.21929984103256953,0.25252543246875253,-0.01567718397446508,0.21929984103256953,0.2,0.2,0.0,0.3120384415742634,-0.18134232654936774,False
0,355,-0.06099622487779152,-0.302179141103325,-0.05110123703279366,0.8248654667289758,1.66169770780942,0.0,-0.05252543246875252,0.2156771839744651,-0.21929984103256953,-0.3937302827835083,-0.025552427396178246,0.7014976739883423,-0.43273046612739563,0.9932654500007629,-0.12727321684360504,-0.06702498010236298,-0.2836751545535966,-0.03509675581516351,0.8221320043675118,1.6693389274583483,0.0,-0.05507195994072911,0.21771923464242698,-0.20893069053257235,0.2550719599407291,-0.017719234642426984,0.20893069053257235,0.2,0.2,0.0,0.3067354223943087,-0.13033751939760696,False
0,356,-0.06702498010236298,-0.2836751545535966,-0.03509675581516351,0.8221320043675118,1.6693389274583483,0.0,-0.05507195994072911,0.21771923464242698,-0.20893069053257235,0.6019079685211182,0.8904494047164917,-0.09425869584083557,-0.7443841695785522,-0.31332647800445557,0.045793045312166214,-0.06935841241574303,-0.2775170564624017,-0.027289858492968996,0.8159931556272051,1.6769850437368945,0.0,-0.05507195994072911,0.21771923464242698,-0.20893069053257235,0.2550719599407291,-0.017719234642426984,0.20893069053257235,0.2,0.2,0.0,0.3067354223943087,-0.18336771119715434,False
0,357,-0.06935841241574303,-0.2775170564624017,-0.027289858492968996,0.8159931556272051,1.6769850437368945,0.0,-0.05507195994072911,0.21771923464242698,-0.20893069053257235,-0.42575520277023315,0.5620706081390381,0.6504231691360474,0.13044805824756622,-0.37814316153526306,0.1908586323261261,-0.0649165286423106,-0.26309231242925546,-0.02480328240482405,0.8108924410271879,1.674396651858281,0.0,-0.05676751021365628,0.21763568307645695,-0.20538117466307187,0.2567675102136563,-0.017635683076456948,0.20538117466307187,0.2,0.2,0.0,0.30458047814985917,-0.1607407966304345,False
0,358,-0.0649165286423106,-0.26309231242925546,-0.02480328240482405,0.8108924410271879,1.674396651858281,0.0,-0.05676751021365628,0.21763568307645695,-0.20538117466307187,-0.13265325129032135,0.05419047176837921,-0.11297710984945297,-0.9547787308692932,0.76988285779953,0.9712193012237549,-0.07165553038222337,-0.2393652390141658,-0.012558049914049412,0.8108754336683983,1.6751871884388172,0.0,-0.059582493152040394,0.21904208705051173,-0.1912719113910731,0.2595824931520404,-0.019042087050511722,0.1912719113910731,0.2,0.2,0.0,0.2968407880949844,-0.10102349349874426,False
0,359,-0.07165553038222337,-0.2393652390141658,-0.012558049914049412,0.8108754336683983,1.6751871884388172,0.0,-0.059582493152040394,0.21904208705051173,-0.1912719113910731,0.8006167411804199,0.5867366790771484,0.951180636882782,-0.19719745218753815,-0.015958653762936592,-0.31064218282699585,-0.07235936764086019,-0.23795641324332042,-0.014034614409606317,0.8020053768804914,1.6819212329760371,0.0,-0.06060049626916009,0.21952743391940038,-0.19322691819352592,0.2606004962691601,-0.019527433919400365,0.19322691819352592,0.2,0.2,0.0,0.2986659610767065,-0.1975847103555746,False
0,360,-0.07235936764086019,-0.23795641324332042,-0.014034614409606317,0.8020053768804914,1.6819212329760371,0.0,-0.06060049626916009,0.21952743391940038,-0.19322691819352592,-0.7915429472923279,0.30803045630455017,-0.6371222138404846,0.7165787220001221,-0.05989374965429306,0.48442724347114563,-0.07235936764086019,-0.23795641324332042,-0.014034614409606317,0.8020053768804914,1.6819212329760371,0.0,-0.062425659565180314,0.21771847876775488,-0.18419707748713138,0.2624256595651803,-0.017718478767754876,0.18419707748713138,0.2,0.2,0.0,0.29193640116281044,-0.10867260144244456,False
0,361,-0.07235936764086019,-0.23795641324332042,-0.014034614409606317,0.8020053768804914,1.6819212329760371,0.0,-0.062425659565180314,0.21771847876775488,-0.18419707748713138,-0.23132701218128204,-0.698671281337738,0.671582818031311,0.4798191487789154,0.780790388584137,-0.6963761448860168,-0.07235936764086019,-0.23795641324332042,-0.014034614409606317,0.8020053768804914,1.6819212329760371,0.0,-0.06241066110346016,0.22423811927832663,-0.1837025133314435,0.2624106611034602,-0.02423811927832662,0.1837025133314435,0.2,0.2,0.0,0.2965205526791375,-0.2241017915028395,False
0,362,-0.07235936764086019,-0.23795641324332042,-0.014034614409606317,0.8020053768804914,1.6819212329760371,0.0,-0.06241066110346016,0.22423811927832663,-0.1837025133314435,-0.1921786516904831,0.9774928092956543,0.5763713121414185,-0.2049962878227234,0.9227747321128845,-0.21003392338752747,-0.09463545920193565,-0.19912945921524042,-0.03137183345016362,0.8383247996577624,1.6853456816287913,0.0,-0.06241066110346016,0.22423811927832663,-0.1837025133314435,0.2624106611034602,-0.02423811927832662,0.1837025133314435,0.2,0.2,0.0,0.2965205526791375,-0.17826027633956876,False
0,363,-0.09463545920193565,-0.19912945921524042,-0.03137183345016362,0.8383247996577624,1.6853456816287913,0.0,-0.06241066110346016,0.22423811927832663,-0.1837025133314435,0.062010738998651505,-0.9413028359413147,0.42597413063049316,-0.42247292399406433,0.9212022423744202,0.7070196270942688,-0.09643874866550807,-0.19480969727359432,-0.020066105310575583,0.8398969230002742,1.6915962635716948,0.0,-0.06175905533261555,0.2262465009069568,-0.1785832368412206,0.26175905533261556,-0.0262465009069568,0.1785832368412206,0.2,0.2,0.0,0.29477725924654735,-0.15995569529737202,False
0,364,-0.09643874866550807,-0.19480969727359432,-0.020066105310575583,0.8398969230002742,1.6915962635716948,0.0,-0.06175905533261555,0.2262465009069568,-0.1785832368412206,0.4297589361667633,-0.04046615585684776,-0.6647630929946899,-0.01266536209732294,-0.15784557163715363,0.5563128590583801,-0.09511374276063041,-0.2047635821823941,-0.014984698982178952,0.8373923586722112,1.6979710330955702,0.0,-0.06175905533261555,0.2262465009069568,-0.1785832368412206,0.26175905533261556,-0.0262465009069568,0.1785832368412206,0.2,0.2,0.0,0.29477725924654735,-0.17738862962327367,False
0,365,-0.09511374276063041,-0.2047635821823941,-0.014984698982178952,0.8373923586722112,1.6979710330955702,0.0,-0.06175905533261555,0.2262465009069568,-0.1785832368412206,0.2994275987148285,-0.5915824174880981,0.15953205525875092,0.5838028192520142,-0.2887635827064514,0.862337589263916,-0.08848943779564279,-0.20815923079869292,-0.029384698970017,0.8398739278577536,1.696965735093281,0.0,-0.060852610167953514,0.22473160990944713,-0.1837213706513514,0.2608526101679535,-0.02473160990944713,0.1837213706513514,0.2,0.2,0.0,0.29658199320045725,-0.1963383361393276,False
0,366,-0.08848943779564279,-0.20815923079869292,-0.029384698970017,0.8398739278577536,1.696965735093281,0.0,-0.060852610167953514,0.22473160990944713,-0.1837213706513514,0.6906635761260986,-0.6316588521003723,0.8615595102310181,0.5453004837036133,0.906970202922821,0.8389716744422913,-0.0858252477451181,-0.21669232566033975,-0.02533083022196264,0.8451737576339395,1.6972915593569922,0.0,-0.060852610167953514,0.22473160990944713,-0.1837213706513514,0.2608526101679535,-0.02473160990944713,0.1837213706513514,0.2,0.2,0.0,0.29658199320045725,-0.17829099660022862,False
0,367,-0.0858252477451181,-0.21669232566033975,-0.02533083022196264,0.8451737576339395,1.6972915593569922,0.0,-0.060852610167953514,0.22473160990944713,-0.1837213706513514,-0.8683528304100037,-0.5267508625984192,-0.15846896171569824,0.2690260112285614,-0.010682445019483566,0.7311965227127075,-0.07751624969682767,-0.22847412368873052,-0.012843803401763429,0.8539831943611832,1.7047037649666312,0.0,-0.05935122754496591,0.2227548728664731,-0.1857516463733255,0.2593512275449659,-0.022754872866473104,0.1857516463733255,0.2,0.2,0.0,0.29605063034429413,-0.17271168661051586,False
0,368,-0.07751624969682767,-0.22847412368873052,-0.012843803401763429,0.8539831943611832,1.7047037649666312,0.0,-0.05935122754496591,0.2227548728664731,-0.1857516463733255,0.2924821972846985,-0.7610678672790527,-0.3042346239089966,-0.9286319613456726,0.7010341882705688,0.20702748000621796,-0.07409978766727479,-0.2376947377727643,-0.010109728281493351,0.8580601822166781,1.7096087032956615,0.0,-0.05671940256709146,0.21967090192443944,-0.18654616131016946,0.25671940256709147,-0.019670901924439425,0.18654616131016946,0.2,0.2,0.0,0.2937207280384281,-0.15356134096055354,False
0,369,-0.07409978766727479,-0.2376947377727643,-0.010109728281493351,0.8580601822166781,1.7096087032956615,0.0,-0.05671940256709146,0.21967090192443944,-0.18654616131016946,-0.8666490912437439,-0.37468674778938293,0.5847225189208984,0.7610417604446411,0.536291241645813,0.20409907400608063,-0.07316549159611371,-0.24249473777148614,-0.01284755519534164,0.8552165065326149,1.7112352311172452,0.0,-0.05671940256709146,0.21967090192443944,-0.18654616131016946,0.25671940256709147,-0.019670901924439425,0.18654616131016946,0.2,0.2,0.0,0.2937207280384281,-0.17686036401921404,False
0,370,-0.07316549159611371,-0.24249473777148614,-0.01284755519534164,0.8552165065326149,1.7112352311172452,0.0,-0.05671940256709146,0.21967090192443944,-0.18654616131016946,0.13269898295402527,0.639894962310791,-0.45197924971580505,-0.4536881744861603,-0.6991391181945801,0.5164443254470825,-0.07316549159611371,-0.24249473777148614,-0.01284755519534164,0.8552165065326149,1.7112352311172452,0.0,-0.05628584709005474,0.2222645780881544,-0.1871020058275022,0.25628584709005475,-0.022264578088154383,0.1871020058275022,0.2,0.2,0.0,0.29593377610544047,-0.20009736872284414,False
0,371,-0.07316549159611371,-0.24249473777148614,-0.01284755519534164,0.8552165065326149,1.7112352311172452,0.0,-0.05628584709005474,0.2222645780881544,-0.1871020058275022,0.5159133076667786,0.4236740469932556,0.8101483583450317,-0.0836721658706665,0.3586714565753937,0.019107503816485405,-0.08631583877754086,-0.2536345381724145,0.002627171377685303,0.868573461314332,1.7163727198684349,0.0,-0.05628584709005474,0.2222645780881544,-0.1871020058275022,0.25628584709005475,-0.022264578088154383,0.1871020058275022,0.2,0.2,0.0,0.29593377610544047,-0.17796688805272023,False
0,372,-0.08631583877754086,-0.2536345381724145,0.002627171377685303,0.868573461314332,1.7163727198684349,0.0,-0.05628584709005474,0.2222645780881544,-0.1871020058275022,0.4448432922363281,-0.6408658027648926,0.25716063380241394,0.7308240532875061,0.7887966632843018,0.2987167239189148,-0.0783563834727491,-0.22044047051331783,-0.028584067201325784,0.8520995923721553,1.6946187879622747,0.0,-0.059458916462660105,0.22126003357134322,-0.18690529933254907,0.2594589164626601,-0.021260033571343213,0.18690529933254907,0.2,0.2,0.0,0.29567711463942437,-0.17527194265955112,False
0,373,-0.0783563834727491,-0.22044047051331783,-0.028584067201325784,0.8520995923721553,1.6946187879622747,0.0,-0.059458916462660105,0.22126003357134322,-0.18690529933254907,0.68669593334198,-0.5489364862442017,0.8935794830322266,-0.22256553173065186,0.5852450132369995,0.4726019501686096,-0.07119109105036145,-0.2354945519484469,-0.017249817909139754,0.8595420422589288,1.701377975953853,0.0,-0.05708094725372043,0.21892624405802003,-0.18762875813487395,0.25708094725372044,-0.01892624405802002,0.18762875813487395,0.2,0.2,0.0,0.2939242857539485,-0.15943385402221583,False
0,374,-0.07119109105036145,-0.2354945519484469,-0.017249817909139754,0.8595420422589288,1.701377975953853,0.0,-0.05708094725372043,0.21892624405802003,-0.18762875813487395,-0.6914898753166199,-0.8081510663032532,-0.6722532510757446,0.8494870662689209,0.625280499458313,0.7083103656768799,-0.058311148630653634,-0.24989455194449534,-0.002849817900165858,0.8577833952580858,1.709730408464588,0.0,-0.05708094725372043,0.21892624405802003,-0.18762875813487395,0.25708094725372044,-0.01892624405802002,0.18762875813487395,0.2,0.2,0.0,0.2939242857539485,-0.17696214287697426,False
0,375,-0.058311148630653634,-0.24989455194449534,-0.002849817900165858,0.8577833952580858,1.709730408464588,0.0,-0.05708094725372043,0.21892624405802003,-0.18762875813487395,-0.3602856397628784,-0.012966688722372055,0.34819936752319336,-0.8186556100845337,-0.24183613061904907,0.5685352087020874,-0.06632899738656299,-0.2717798189810025,-0.015223710594160828,0.8679852504569412,1.7140302691627842,0.0,-0.05433480493879117,0.2163572842626529,-0.1926685222711536,0.2543348049387912,-0.016357284262652903,0.1926685222711536,0.2,0.2,0.0,0.2947607588458764,-0.18574511034221677,False
0,376,-0.06632899738656299,-0.2717798189810025,-0.015223710594160828,0.8679852504569412,1.7140302691627842,0.0,-0.05433480493879117,0.2163572842626529,-0.1926685222711536,0.05526895076036453,0.40121519565582275,0.15250176191329956,-0.11183025687932968,0.6998641490936279,-0.4876890480518341,-0.06839238547270897,-0.2710176444039532,-0.01182716401011286,0.8642640315292541,1.714109920566955,0.0,-0.05433480493879117,0.2163572842626529,-0.1926685222711536,0.2543348049387912,-0.016357284262652903,0.1926685222711536,0.2,0.2,0.0,0.2947607588458764,-0.1773803794229382,False
0,377,-0.06839238547270897,-0.2710176444039532,-0.01182716401011286,0.8642640315292541,1.714109920566955,0.0,-0.05433480493879117,0.2163572842626529,-0.1926685222711536,-0.1238282173871994,0.7365281581878662,-0.00859264750033617,0.8477620482444763,-0.36584898829460144,-0.3731640577316284,-0.06824333348808459,-0.2653757901560718,-0.010369683011111774,0.8645165287749061,1.7181176028667338,0.0,-0.05354217117213844,0.21788979322007107,-0.1945083619233743,0.25354217117213845,-0.01788979322007107,0.1945083619233743,0.2,0.2,0.0,0.2969448247426216,-0.20031307133876328,False
0,378,-0.06824333348808459,-0.2653757901560718,-0.010369683011111774,0.8645165287749061,1.7181176028667338,0.0,-0.05354217117213844,0.21788979322007107,-0.1945083619233743,0.5688822269439697,0.22902525961399078,-0.0977647677063942,-0.8173094987869263,-0.23638257384300232,0.3368302583694458,-0.06901456207469951,-0.25446232587873074,-0.010103308320832253,0.8700407626462582,1.7201001003972847,0.0,-0.054304761418726144,0.21796010254410725,-0.1911985784254548,0.25430476141872616,-0.017960102544107227,0.1911985784254548,0.2,0.2,0.0,0.294978829419498,-0.15782946147851262,False
0,379,-0.06901456207469951,-0.25446232587873074,-0.010103308320832253,0.8700407626462582,1.7201001003972847,0.0,-0.054304761418726144,0.21796010254410725,-0.1911985784254548,0.261135071516037,0.3991205096244812,-0.5309283137321472,0.4758428931236267,-0.19413156807422638,0.9247444272041321,-0.06579741618840013,-0.2517266756640262,-0.014149559066843726,0.8674269465615726,1.7191946355060037,0.0,-0.054304761418726144,0.21796010254410725,-0.1911985784254548,0.25430476141872616,-0.017960102544107227,0.1911985784254548,0.2,0.2,0.0,0.294978829419498,-0.177489414709749,False
0,380,-0.06579741618840013,-0.2517266756640262,-0.014149559066843726,0.8674269465615726,1.7191946355060037,0.0,-0.054304761418726144,0.21796010254410725,-0.1911985784254548,0.5010071992874146,0.117855504155159,0.6046944260597229,-0.691706657409668,-0.19428566098213196,0.5556195974349976,-0.06579741618840013,-0.2517266756640262,-0.014149559066843726,0.8674269465615726,1.7191946355060037,0.0,-0.0558481680133196,0.2147772644057776,-0.1868065157058306,0.2558481680133196,-0.014777264405777587,0.1868065157058306,0.2,0.2,0.0,0.29007751634041895,-0.12602562737941908,False
0,381,-0.06579741618840013,-0.2517266756640262,-0.014149559066843726,0.8674269465615726,1.7191946355060037,0.0,-0.0558481680133196,0.2147772644057776,-0.1868065157058306,0.6390142440795898,-0.184965580701828,0.3512730896472931,0.7789489030838013,-0.5044398903846741,-0.6983561515808105,-0.0650350262098857,-0.24956424968748775,-0.018517847712601877,0.8696545479961324,1.7188157876756824,0.0,-0.05689752218169147,0.2103350170537674,-0.18256214169080673,0.2568975221816915,-0.010335017053767371,0.18256214169080673,0.2,0.2,0.0,0.2842658667658832,-0.11401643763758434,False
0,382,-0.0650350262098857,-0.24956424968748775,-0.018517847712601877,0.8696545479961324,1.7188157876756824,0.0,-0.05689752218169147,0.2103350170537674,-0.18256214169080673,-0.4060628116130829,0.7985455393791199,0.5198026895523071,0.28308194875717163,0.475514680147171,0.28980013728141785,-0.06421592813280064,-0.24938395691648396,-0.016519206359110895,0.8686194797280856,1.7186272656140325,0.0,-0.05689752218169147,0.2103350170537674,-0.18256214169080673,0.2568975221816915,-0.010335017053767371,0.18256214169080673,0.2,0.2,0.0,0.2842658667658832,-0.1721329333829416,False
0,383,-0.06421592813280064,-0.24938395691648396,-0.016519206359110895,0.8686194797280856,1.7186272656140325,0.0,-0.05689752218169147,0.2103350170537674,-0.18256214169080673,-0.41626831889152527,0.6748487949371338,0.42124277353286743,0.15994402766227722,0.8494666814804077,0.8824325203895569,-0.03612742753989469,-0.2439806885547695,0.02657193973766315,0.8506468368301916,1.7115062774669494,0.0,-0.05689752218169147,0.2103350170537674,-0.18256214169080673,0.2568975221816915,-0.010335017053767371,0.18256214169080673,0.2,0.2,0.0,0.2842658667658832,-0.1721329333829416,False
0,384,-0.03612742753989469,-0.2439806885547695,0.02657193973766315,0.8506468368301916,1.7115062774669494,0.0,-0.05689752218169147,0.2103350170537674,-0.18256214169080673,-0.1836336851119995,-0.5753350257873535,0.18321305513381958,0.9150460362434387,0.2776322066783905,-0.7291111946105957,-0.04093881153073173,-0.23737509929923653,0.03282750089324195,0.855371196533028,1.7166619930366895,0.0,-0.056134716184632505,0.2099060673489583,-0.1778581202025267,0.2561347161846325,-0.009906067348958297,0.1778581202025267,0.2,0.2,0.0,0.2807938289795755,-0.1356765366267105,False
0,385,-0.04093881153073173,-0.23737509929923653,0.03282750089324195,0.855371196533028,1.7166619930366895,0.0,-0.056134716184632505,0.2099060673489583,-0.1778581202025267,-0.607021689414978,-0.8996487855911255,-0.4328020513057709,-0.5710942149162292,-0.7796880602836609,0.6878589987754822,-0.04317809518359069,-0.2501267809340953,0.03438411101997929,0.8640037824345997,1.7182932336977221,0.0,-0.056134716184632505,0.2099060673489583,-0.1778581202025267,0.2561347161846325,-0.009906067348958297,0.1778581202025267,0.2,0.2,0.0,0.2807938289795755,-0.17039691448978775,False
0,386,-0.04317809518359069,-0.2501267809340953,0.03438411101997929,0.8640037824345997,1.7182932336977221,0.0,-0.056134716184632505,0.2099060673489583,-0.1778581202025267,0.8555834293365479,-0.17422886192798615,0.379754900932312,-0.7466692924499512,0.8417602777481079,0.8589574694633484,-0.0425039967645608,-0.25991747144696803,0.031771299390609554,0.8583142931900516,1.7186668219292558,0.0,-0.05404441639177676,0.2115467206452346,-0.17933550356970104,0.2540444163917768,-0.01154672064523459,0.17933550356970104,0.2,0.2,0.0,0.28254917589594725,-0.1888280571116911,False
0,387,-0.0425039967645608,-0.25991747144696803,0.031771299390609554,0.8583142931900516,1.7186668219292558,0.0,-0.05404441639177676,0.2115467206452346,-0.17933550356970104,-0.3779946267604828,0.4437437951564789,0.6671832799911499,-0.5401743650436401,-0.1481785774230957,-0.6538643836975098,-0.03348351031353469,-0.264778963574561,0.03903006199732115,0.850715958944197,1.7253021291768766,0.0,-0.053845795116579276,0.20863329151550647,-0.18196945422513564,0.2538457951165793,-0.008633291515506444,0.18196945422513564,0.2,0.2,0.0,0.2820285486459211,-0.16580800182269892,False
0,388,-0.03348351031353469,-0.264778963574561,0.03903006199732115,0.850715958944197,1.7253021291768766,0.0,-0.053845795116579276,0.20863329151550647,-0.18196945422513564,-0.8130762577056885,0.4837687611579895,0.8417242765426636,-0.927099883556366,0.5796825885772705,0.09806162863969803,-0.04017858914886748,-0.25565668129252983,0.052845693176336986,0.8450720905650488,1.7249465566889268,0.0,-0.053845795116579276,0.20863329151550647,-0.18196945422513564,0.2538457951165793,-0.008633291515506444,0.18196945422513564,0.2,0.2,0.0,0.2820285486459211,-0.17101427432296054,False
0,389,-0.04017858914886748,-0.25565668129252983,0.052845693176336986,0.8450720905650488,1.7249465566889268,0.0,-0.053845795116579276,0.20863329151550647,-0.18196945422513564,0.2795473039150238,-0.9057304859161377,0.2245284765958786,-0.22327399253845215,-0.40400347113609314,0.7363587617874146,-0.047605406455749136,-0.2519796767364411,0.0628193736058889,0.8380877597628099,1.7277294392181308,0.0,-0.05459030158066164,0.2112765450549283,-0.17489988788198493,0.25459030158066165,-0.011276545054928287,0.17489988788198493,0.2,0.2,0.0,0.2796566650343697,-0.146109496401671,False
0,390,-0.047605406455749136,-0.2519796767364411,0.0628193736058889,0.8380877597628099,1.7277294392181308,0.0,-0.05459030158066164,0.2112765450549283,-0.17489988788198493,-0.8728942275047302,-0.43878844380378723,-0.41872942447662354,0.1722571700811386,-0.7993859648704529,-0.3943469226360321,-0.047605406455749136,-0.2519796767364411,0.0628193736058889,0.8380877597628099,1.7277294392181308,0.0,-0.028766477469318402,0.24204617244868382,-0.23907042991365457,0.2287664774693184,-0.042046172448683805,0.23907042991365457,0.2,0.2,0.0,0.3414213383521165,-0.8183574023535265,False
0,391,-0.047605406455749136,-0.2519796767364411,0.0628193736058889,0.8380877597628099,1.7277294392181308,0.0,-0.028766477469318402,0.24204617244868382,-0.23907042991365457,0.26302099227905273,0.2672838270664215,0.837948203086853,0.7419155836105347,0.3428908884525299,0.6937984824180603,-0.15475243062197575,-0.4193847357033373,-0.016213521426688367,0.8829012123722504,1.659241110523703,0.0,-0.018169013451123983,0.2516693441304753,-0.2552396135556667,0.218169013451124,-0.05166934413047528,0.2552396135556667,0.2,0.2,0.0,0.35890783239279805,-0.3843188566032144,False
0,392,-0.15475243062197575,-0.4193847357033373,-0.016213521426688367,0.8829012123722504,1.659241110523703,0.0,-0.018169013451123983,0.2516693441304753,-0.2552396135556667,-0.3750523626804352,-0.7890223860740662,-0.8927801847457886,0.8164412379264832,0.9786493182182312,0.8198670148849487,-0.26129488109289883,-0.5311693561405754,-0.07718441756487796,0.9151928531590761,1.6244141645225412,0.0,-0.008116323657905572,0.2584210394990586,-0.2689504783720468,0.20811632365790558,-0.05842103949905861,0.2689504783720468,0.2,0.2,0.0,0.3730705940998924,-0.35816291412088974,False
0,393,-0.26129488109289883,-0.5311693561405754,-0.07718441756487796,0.9151928531590761,1.6244141645225412,0.0,-0.008116323657905572,0.2584210394990586,-0.2689504783720468,-0.8404961228370667,0.7723379135131836,-0.291642963886261,0.6667792797088623,-0.8091378211975098,0.15941469371318817,-0.26486570956613464,-0.5474282013407373,-0.08792232917648285,0.9260921726738083,1.6323523888482325,0.0,-0.008116323657905572,0.2584210394990586,-0.2689504783720468,0.20811632365790558,-0.05842103949905861,0.2689504783720468,0.2,0.2,0.0,0.3730705940998924,-0.2165352970499462,False
0,394,-0.26486570956613464,-0.5474282013407373,-0.08792232917648285,0.9260921726738083,1.6323523888482325,0.0,-0.008116323657905572,0.2584210394990586,-0.2689504783720468,0.08323688805103302,0.914778470993042,-0.2438514232635498,0.3723221719264984,-0.6552567481994629,0.5139499306678772,-0.26486570956613464,-0.5474282013407373,-0.08792232917648285,0.9260921726738083,1.6323523888482325,0.0,-0.0040905221183896445,0.264172308778849,-0.27248210811855356,0.20409052211838966,-0.06417230877884902,0.27248210811855356,0.2,0.2,0.0,0.3795395109095754,-0.2844589235516175,False
0,395,-0.26486570956613464,-0.5474282013407373,-0.08792232917648285,0.9260921726738083,1.6323523888482325,0.0,-0.0040905221183896445,0.264172308778849,-0.27248210811855356,-0.23505261540412903,0.6160365343093872,0.933468222618103,-0.9103909134864807,0.6161231398582458,0.7135379314422607,-0.2899407667021811,-0.5186282013372856,-0.11291000458926945,0.951880447374598,1.6152296526182968,0.0,-0.00473882283865093,0.2687885558725491,-0.27008129041215534,0.20473882283865094,-0.06878855587254908,0.27008129041215534,0.2,0.2,0.0,0.38106908512846005,-0.23583028475307669,False
0,396,-0.2899407667021811,-0.5186282013372856,-0.11291000458926945,0.951880447374598,1.6152296526182968,0.0,-0.00473882283865093,0.2687885558725491,-0.27008129041215534,-0.7492715716362,-0.8121581673622131,-0.7086606025695801,-0.14210116863250732,-0.09080104529857635,0.8498811721801758,-0.3085897845118247,-0.4895326801632071,-0.12478113442292789,0.9669047933112414,1.604526391258807,0.0,-0.00473882283865093,0.2687885558725491,-0.27008129041215534,0.20473882283865094,-0.06878855587254908,0.27008129041215534,0.2,0.2,0.0,0.38106908512846005,-0.22053454256423002,False
0,397,-0.3085897845118247,-0.4895326801632071,-0.12478113442292789,0.9669047933112414,1.604526391258807,0.0,-0.00473882283865093,0.2687885558725491,-0.27008129041215534,-0.9230465888977051,-0.09906718134880066,-0.0756794810295105,0.989295482635498,0.259602427482605,-0.8201776742935181,-0.3140629714585217,-0.5057188312429183,-0.13704425068891482,0.9657062654973408,1.605379703497595,0.0,-0.0028087111304251344,0.26947093587035503,-0.2738956581100155,0.20280871113042515,-0.06947093587035502,0.2738956581100155,0.2,0.2,0.0,0.38424120766593695,-0.25384182920773746,False
0,398,-0.3140629714585217,-0.5057188312429183,-0.13704425068891482,0.9657062654973408,1.605379703497595,0.0,-0.0028087111304251344,0.26947093587035503,-0.2738956581100155,0.6260730028152466,0.2643888294696808,-0.19827595353126526,-0.8907842040061951,0.634436845779419,0.20814929902553558,-0.3213702377064845,-0.5053966087512162,-0.13866553278632987,0.9760200347473785,1.6085701657713802,0.0,-0.0028087111304251344,0.26947093587035503,-0.2738956581100155,0.20280871113042515,-0.06947093587035502,0.2738956581100155,0.2,0.2,0.0,0.38424120766593695,-0.22212060383296847,False
0,399,-0.3213702377064845,-0.5053966087512162,-0.13866553278632987,0.9760200347473785,1.6085701657713802,0.0,-0.0028087111304251344,0.26947093587035503,-0.2738956581100155,-0.47211501002311707,-0.8475885391235352,-0.5022255778312683,0.07869479805231094,0.8705911636352539,0.8428916335105896,-0.3166673714138111,-0.5018950094671161,-0.14084038505441906,0.9711953983830762,1.6113712653037284,0.0,-0.0028552758261578826,0.2700928998785567,-0.2733346286182219,0.2028552758261579,-0.07009289987855671,0.2733346286182219,0.2,0.2,0.0,0.3842787352517867,-0.22251464348439073,False
0,400,-0.3166673714138111,-0.5018950094671161,-0.14084038505441906,0.9711953983830762,1.6113712653037284,0.0,-0.0028552758261578826,0.2700928998785567,-0.2733346286182219,0.6696312427520752,0.3589518964290619,0.36623361706733704,0.4712609648704529,0.5918176174163818,0.10953546315431595,-0.3166673714138111,-0.5018950094671161,-0.14084038505441906,0.9711953983830762,1.6113712653037284,0.0,-0.007275819843118259,0.2651772465566753,-0.25927662440810184,0.20727581984311827,-0.0651772465566753,0.25927662440810184,0.2,0.2,0.0,0.37093972234074524,-0.08207973205995814,False
0,401,-0.3166673714138111,-0.5018950094671161,-0.14084038505441906,0.9711953983830762,1.6113712653037284,0.0,-0.007275819843118259,0.2651772465566753,-0.25927662440810184,-0.07243172824382782,-0.7411301136016846,-0.3268786072731018,0.42119500041007996,0.7337632179260254,-0.4284391701221466,-0.3166673714138111,-0.5018950094671161,-0.14084038505441906,0.9711953983830762,1.6113712653037284,0.0,-0.007275819843118259,0.2651772465566753,-0.25927662440810184,0.20727581984311827,-0.0651772465566753,0.25927662440810184,0.2,0.2,0.0,0.37093972234074524,-0.21546986117037262,False
0,402,-0.3166673714138111,-0.5018950094671161,-0.14084038505441906,0.9711953983830762,1.6113712653037284,0.0,-0.007275819843118259,0.2651772465566753,-0.25927662440810184,0.9964050054550171,0.7011495232582092,-0.18702031672000885,0.42707309126853943,0.6481033563613892,0.9774265885353088,-0.26886014489227683,-0.4706537087673228,-0.06838546345167763,1.0120652364905274,1.658099014151047,0.0,-0.01141584063133566,0.2617155737506073,-0.2444011436164127,0.21141584063133567,-0.061715573750607294,0.2444011436164127,0.2,0.2,0.0,0.3582698451753092,-0.0824361509332941,False
0,403,-0.26886014489227683,-0.4706537087673228,-0.06838546345167763,1.0120652364905274,1.658099014151047,0.0,-0.01141584063133566,0.2617155737506073,-0.2444011436164127,-0.7196149826049805,-0.47074273228645325,0.960105836391449,0.9561702013015747,-0.5908197164535522,0.5420689582824707,-0.26086180440137324,-0.4623287995653513,-0.06910927386461888,1.0173413331851566,1.6618147211924967,0.0,-0.01141584063133566,0.2617155737506073,-0.2444011436164127,0.21141584063133567,-0.061715573750607294,0.2444011436164127,0.2,0.2,0.0,0.3582698451753092,-0.2091349225876546,False
0,404,-0.26086180440137324,-0.4623287995653513,-0.06910927386461888,1.0173413331851566,1.6618147211924967,0.0,-0.01141584063133566,0.2617155737506073,-0.2444011436164127,0.3802366852760315,0.4526703357696533,-0.9825507998466492,0.037421051412820816,0.8046969175338745,-0.5517604351043701,-0.2744179747470683,-0.4781098574397162,-0.048734988055726194,1.0350739239440034,1.6546360548213668,0.0,-0.012644192236154844,0.2600924584581052,-0.24068136267853443,0.21264419223615486,-0.060092458458105166,0.24068136267853443,0.2,0.2,0.0,0.3545919921330461,-0.17051746564389214,False
0,405,-0.2744179747470683,-0.4781098574397162,-0.048734988055726194,1.0350739239440034,1.6546360548213668,0.0,-0.012644192236154844,0.2600924584581052,-0.24068136267853443,0.11002945154905319,-0.01187643501907587,0.15806539356708527,0.014832505024969578,0.7570081949234009,-0.013321937993168831,-0.2754909620593509,-0.47748109518949605,-0.0521234555977969,1.0396294253905356,1.65625961931872,0.0,-0.008731602440358532,0.2626661461583011,-0.23838031838858478,0.20873160244035854,-0.06266614615830107,0.23838031838858478,0.2,0.2,0.0,0.3548167434238039,-0.20965588461948026,False
0,406,-0.2754909620593509,-0.47748109518949605,-0.0521234555977969,1.0396294253905356,1.65625961931872,0.0,-0.008731602440358532,0.2626661461583011,-0.23838031838858478,-0.36568015813827515,-0.035112164914608,-0.22160126268863678,-0.18739493191242218,0.7150501608848572,-0.6449480056762695,-0.2747547247444243,-0.47531113541563197,-0.0560404021490254,1.0366313232462079,1.6666105542080152,0.0,-0.00971069627946558,0.26175390794210396,-0.2381519749552962,0.2097106962794656,-0.06175390794210393,0.2381519749552962,0.2,0.2,0.0,0.3540137979236169,-0.19897744395993844,False
0,407,-0.2747547247444243,-0.47531113541563197,-0.0560404021490254,1.0366313232462079,1.6666105542080152,0.0,-0.00971069627946558,0.26175390794210396,-0.2381519749552962,0.3650701940059662,0.0809602215886116,0.9141427278518677,-0.8846436142921448,0.8513072729110718,-0.3404412269592285,-0.2745566522979749,-0.4722511721877074,-0.056732221683546386,1.0276966405746206,1.6778919196302202,0.0,-0.01011517836343151,0.262655803819314,-0.24086704771146927,0.21011517836343152,-0.062655803819314,0.24086704771146927,0.2,0.2,0.0,0.3565211393263143,-0.23333398369013086,False
0,408,-0.2745566522979749,-0.4722511721877074,-0.056732221683546386,1.0276966405746206,1.6778919196302202,0.0,-0.01011517836343151,0.262655803819314,-0.24086704771146927,-0.33707889914512634,-0.14221449196338654,0.49315762519836426,-0.7098129391670227,0.770606517791748,-0.5649970769882202,-0.26851710720087807,-0.4691775253257986,-0.042375558609778825,1.0141359592946424,1.6878884742053948,0.0,-0.01254735282272948,0.26138673082977426,-0.23699272330203028,0.2125473528227295,-0.061386730829774264,0.23699272330203028,0.2,0.2,0.0,0.3530524182254635,-0.17183899810422396,False
0,409,-0.26851710720087807,-0.4691775253257986,-0.042375558609778825,1.0141359592946424,1.6878884742053948,0.0,-0.01254735282272948,0.26138673082977426,-0.23699272330203028,0.345333993434906,-0.733863353729248,0.5319372415542603,0.762521505355835,0.6961331367492676,0.4625188112258911,-0.27084943242844783,-0.47341279424454574,-0.02632441147969132,1.0019521397982991,1.6997810244264056,0.0,-0.01254735282272948,0.26138673082977426,-0.23699272330203028,0.2125473528227295,-0.061386730829774264,0.23699272330203028,0.2,0.2,0.0,0.3530524182254635,-0.20652620911273176,False
0,410,-0.27084943242844783,-0.47341279424454574,-0.02632441147969132,1.0019521397982991,1.6997810244264056,0.0,-0.01254735282272948,0.26138673082977426,-0.23699272330203028,-0.9479196071624756,-0.831648588180542,0.2903103232383728,0.43686822056770325,0.2698339819908142,0.8000552654266357,-0.27084943242844783,-0.47341279424454574,-0.02632441147969132,1.0019521397982991,1.6997810244264056,0.0,-0.0030107619767893445,0.2667767059932916,-0.23443029128972953,0.20301076197678936,-0.06677670599329162,0.23443029128972953,0.2,0.2,0.0,0.3551569188717847,-0.22862346589910407,False
0,411,-0.27084943242844783,-0.47341279424454574,-0.02632441147969132,1.0019521397982991,1.6997810244264056,0.0,-0.0030107619767893445,0.2667767059932916,-0.23443029128972953,0.559688925743103,0.7160227298736572,-0.46167734265327454,0.46596673130989075,-0.2820778787136078,-0.8762760162353516,-0.31754984607274106,-0.5371885463892748,0.02064201058875196,1.0446176147947794,1.7205791855327512,0.0,0.0024431037953295265,0.2705998395669661,-0.23344714632735378,0.19755689620467048,-0.07059983956696608,0.23344714632735378,0.2,0.2,0.0,0.35739027974779547,-0.23102874863400555,False
0,412,-0.31754984607274106,-0.5371885463892748,0.02064201058875196,1.0446176147947794,1.7205791855327512,0.0,0.0024431037953295265,0.2705998395669661,-0.23344714632735378,0.6539061665534973,-0.9022223949432373,0.7303836345672607,0.3435112535953522,-0.6759766936302185,-0.44361764192581177,-0.31686621697571493,-0.5369603973179351,0.019444567029326867,1.0560964745883787,1.7212096835654138,0.0,0.0024431037953295265,0.2705998395669661,-0.23344714632735378,0.19755689620467048,-0.07059983956696608,0.23344714632735378,0.2,0.2,0.0,0.35739027974779547,-0.20869513987389773,False
0,413,-0.31686621697571493,-0.5369603973179351,0.019444567029326867,1.0560964745883787,1.7212096835654138,0.0,0.0024431037953295265,0.2705998395669661,-0.23344714632735378,0.8551844358444214,-0.21411052346229553,-0.2096451371908188,-0.4637382924556732,0.7271108627319336,-0.7825073599815369,-0.3022795685897823,-0.5515682979546546,0.03259742677776016,1.0594274181159138,1.7155817481755136,0.0,0.0012690506411539015,0.2678725783309336,-0.2326833799876831,0.1987309493588461,-0.06787257833093355,0.2326833799876831,0.2,0.2,0.0,0.35482232741709546,-0.18173164040154766,False
0,414,-0.3022795685897823,-0.5515682979546546,0.03259742677776016,1.0594274181159138,1.7155817481755136,0.0,0.0012690506411539015,0.2678725783309336,-0.2326833799876831,-0.5531495213508606,0.5644079446792603,0.568892240524292,0.3121679425239563,-0.2390485405921936,0.49880120158195496,-0.29556119694271277,-0.546116229582745,0.03226120510361667,1.055863123557337,1.7189871890563224,0.0,0.0011810045574655037,0.2632782311838185,-0.23466644365931397,0.1988189954425345,-0.06327823118381848,0.23466644365931397,0.2,0.2,0.0,0.3526828058847708,-0.18494618761913878,False
0,415,-0.29556119694271277,-0.546116229582745,0.03226120510361667,1.055863123557337,1.7189871890563224,0.0,0.0011810045574655037,0.2632782311838185,-0.23466644365931397,-0.3703022003173828,-0.658977746963501,0.29103565216064453,0.3920351266860962,0.2697868049144745,0.31646573543548584,-0.3000733088891259,-0.5239399520490816,0.047271169931256844,1.0594413250670944,1.7176265186609394,0.0,-0.0019631800695862622,0.2657266574726217,-0.2228537073682131,0.20196318006958627,-0.06572665747262166,0.2228537073682131,0.2,0.2,0.0,0.346811599366738,-0.144693734503041,False
0,416,-0.3000733088891259,-0.5239399520490816,0.047271169931256844,1.0594413250670944,1.7176265186609394,0.0,-0.0019631800695862622,0.2657266574726217,-0.2228537073682131,-0.9114000797271729,0.9945434331893921,0.4288366734981537,-0.11603140085935593,0.9758650660514832,0.3669162094593048,-0.30387372109977145,-0.527425159757149,0.05293697673406531,1.0615308479504544,1.7214373735964945,0.0,-0.0019631800695862622,0.2657266574726217,-0.2228537073682131,0.20196318006958627,-0.06572665747262166,0.2228537073682131,0.2,0.2,0.0,0.346811599366738,-0.203405799683369,False
0,417,-0.30387372109977145,-0.527425159757149,0.05293697673406531,1.0615308479504544,1.7214373735964945,0.0,-0.0019631800695862622,0.2657266574726217,-0.2228537073682131,0.010999973863363266,0.18427443504333496,-0.7743552923202515,0.5505526065826416,-0.6285301446914673,0.5175283551216125,-0.3138754985622055,-0.5016529756849392,0.05860465405598998,1.0600652919298823,1.7297661194739309,0.0,-0.002604833234711973,0.26823905412310606,-0.21758118016922828,0.20260483323471198,-0.06823905412310606,0.21758118016922828,0.2,0.2,0.0,0.3453991101275066,-0.18857466267143957,False
0,418,-0.3138754985622055,-0.5016529756849392,0.05860465405598998,1.0600652919298823,1.7297661194739309,0.0,-0.002604833234711973,0.26823905412310606,-0.21758118016922828,-0.6418124437332153,-0.47171449661254883,-0.622170090675354,0.77137291431427,0.8305444717407227,-0.7026299238204956,-0.31386822609967835,-0.5007552394164464,0.04158693023218093,1.0680236811298975,1.729081651162884,0.0,-0.0037078513713459382,0.2691635843215261,-0.21673768179728126,0.20370785137134595,-0.0691635843215261,0.21673768179728126,0.2,0.2,0.0,0.34559804107874054,-0.20478833005170938,False
0,419,-0.31386822609967835,-0.5007552394164464,0.04158693023218093,1.0680236811298975,1.729081651162884,0.0,-0.0037078513713459382,0.2691635843215261,-0.21673768179728126,-0.6584410667419434,0.624235987663269,0.31077879667282104,-0.5754430890083313,-0.12446465343236923,0.9763864874839783,-0.3247319363015991,-0.516099284616151,0.029639419725197375,1.0775785654767622,1.7394912525606838,0.0,0.0006965952842654666,0.2702572433675817,-0.22478652713151548,0.19930340471573454,-0.07025724336758171,0.22478652713151548,0.2,0.2,0.0,0.35152303710778604,-0.26501147884434806,False
0,420,-0.3247319363015991,-0.516099284616151,0.029639419725197375,1.0775785654767622,1.7394912525606838,0.0,0.0006965952842654666,0.2702572433675817,-0.22478652713151548,-0.1331649273633957,-0.5209575295448303,0.8760359287261963,0.4971201717853546,0.758722186088562,0.5268779397010803,-0.3247319363015991,-0.516099284616151,0.029639419725197375,1.0775785654767622,1.7394912525606838,0.0,0.01208792263176589,0.26349537314327326,-0.20897495445463452,0.18791207736823412,-0.06349537314327326,0.20897495445463452,0.2,0.2,0.0,0.3365211154307868,-0.04824134094540075,False
0,421,-0.3247319363015991,-0.516099284616151,0.029639419725197375,1.0775785654767622,1.7394912525606838,0.0,0.01208792263176589,0.26349537314327326,-0.20897495445463452,-0.06476414203643799,-0.8887442350387573,-0.9628177881240845,0.33683109283447266,-0.49666592478752136,-0.590496301651001,-0.31402550287503106,-0.5769578590745286,0.11960343434420653,1.124208275949243,1.799398850741684,0.0,0.015575465751370782,0.2614327532256067,-0.20687483197649284,0.18442453424862923,-0.06143275322560671,0.20687483197649284,0.2,0.2,0.0,0.3337467238757487,-0.16912944638749378,False
0,422,-0.31402550287503106,-0.5769578590745286,0.11960343434420653,1.124208275949243,1.799398850741684,0.0,0.015575465751370782,0.2614327532256067,-0.20687483197649284,-0.7312966585159302,0.879355788230896,0.8843224048614502,0.8486332297325134,0.7028977274894714,-0.8626604080200195,-0.30256341013259036,-0.6507522962689652,0.14902648349427702,1.1570897483914988,1.8253340213779137,0.0,0.019066403967597262,0.25956752043230624,-0.21583226105505304,0.18093359603240275,-0.05956752043230625,0.21583226105505304,0.2,0.2,0.0,0.33811594214968316,-0.24275015381418596,False
0,423,-0.30256341013259036,-0.6507522962689652,0.14902648349427702,1.1570897483914988,1.8253340213779137,0.0,0.019066403967597262,0.25956752043230624,-0.21583226105505304,-0.9394466280937195,-0.8406044244766235,0.31160402297973633,-0.6274214386940002,-0.44291961193084717,-0.3724466860294342,-0.3130745418278276,-0.6458910498061383,0.17284454287280124,1.158269179254088,1.826129076083188,0.0,0.01926269331214886,0.26172554473162785,-0.20910519389864782,0.18073730668785115,-0.06172554473162783,0.20910519389864782,0.2,0.2,0.0,0.33555371288974933,-0.17215456384553643,False
0,424,-0.3130745418278276,-0.6458910498061383,0.17284454287280124,1.158269179254088,1.826129076083188,0.0,0.01926269331214886,0.26172554473162785,-0.20910519389864782,-0.6842580437660217,-0.7278976440429688,0.729159414768219,0.2569919526576996,-0.6867393255233765,-0.2521761655807495,-0.3247326306080465,-0.6620375230300901,0.18437910757895823,1.1496820300504913,1.8176786063698802,0.0,0.01926269331214886,0.26172554473162785,-0.20910519389864782,0.18073730668785115,-0.06172554473162783,0.20910519389864782,0.2,0.2,0.0,0.33555371288974933,-0.19777685644487467,False
0,425,-0.3247326306080465,-0.6620375230300901,0.18437910757895823,1.1496820300504913,1.8176786063698802,0.0,0.01926269331214886,0.26172554473162785,-0.20910519389864782,0.4733557403087616,-0.7327766418457031,-0.16000692546367645,0.9395604729652405,0.7451143264770508,0.7423139810562134,-0.33269088038986955,-0.6780318677646496,0.1974744612654002,1.1527975951652596,1.8073185574104274,0.0,0.021827846783990218,0.26385108485942144,-0.2101929580823208,0.1781721532160098,-0.06385108485942143,0.2101929580823208,0.2,0.2,0.0,0.33804575060798386,-0.22394325248633723,False
0,426,-0.33269088038986955,-0.6780318677646496,0.1974744612654002,1.1527975951652596,1.8073185574104274,0.0,0.021827846783990218,0.26385108485942144,-0.2101929580823208,-0.3225606083869934,-0.9414631128311157,0.817405104637146,-0.3305343687534332,-0.6238301992416382,-0.9248579144477844,-0.3215496811483414,-0.7026190173336935,0.18871672959360447,1.1634431791185686,1.8124625475720682,0.0,0.025058133695293805,0.26257776332153804,-0.21359252344171611,0.1749418663047062,-0.06257776332153801,0.21359252344171611,0.2,0.2,0.0,0.33940647890904047,-0.21331052246508625,False
0,427,-0.3215496811483414,-0.7026190173336935,0.18871672959360447,1.1634431791185686,1.8124625475720682,0.0,0.025058133695293805,0.26257776332153804,-0.21359252344171611,-0.6755623817443848,0.21935690939426422,0.6120175719261169,-0.8363821506500244,0.9954289197921753,0.9576092958450317,-0.32461921592543524,-0.7074465886781663,0.2043403316436457,1.1520421847831959,1.8119913673467873,0.0,0.026803189140738093,0.261356620645484,-0.21564106960660215,0.17319681085926192,-0.061356620645483965,0.21564106960660215,0.2,0.2,0.0,0.339892284414373,-0.2048041972605121,False
0,428,-0.32461921592543524,-0.7074465886781663,0.2043403316436457,1.1520421847831959,1.8119913673467873,0.0,0.026803189140738093,0.261356620645484,-0.21564106960660215,0.021907087415456772,-0.032815415412187576,-0.9103783369064331,0.5120971202850342,-0.4150189757347107,-0.7417473793029785,-0.3284589141349988,-0.6918533636754088,0.20485324187156717,1.1443679412253476,1.8165589873830132,0.0,0.024200902994146872,0.26333579915110494,-0.21198297335313518,0.17579909700585314,-0.06333579915110495,0.21198297335313518,0.2,0.2,0.0,0.3389221264714347,-0.18975948380633426,False
0,429,-0.3284589141349988,-0.6918533636754088,0.20485324187156717,1.1443679412253476,1.8165589873830132,0.0,0.024200902994146872,0.26333579915110494,-0.21198297335313518,-0.4848684072494507,0.572817325592041,0.9556310772895813,-0.8855851292610168,-0.08933553844690323,0.9243059754371643,-0.3263559922174162,-0.6756013141588232,0.20291063499438158,1.1428951998150856,1.8114286172036453,0.0,0.024200902994146872,0.26333579915110494,-0.21198297335313518,0.17579909700585314,-0.06333579915110495,0.21198297335313518,0.2,0.2,0.0,0.3389221264714347,-0.19946106323571736,False
0,430,-0.3263559922174162,-0.6756013141588232,0.20291063499438158,1.1428951998150856,1.8114286172036453,0.0,0.024200902994146872,0.26333579915110494,-0.21198297335313518,0.2896667718887329,-0.9302818775177002,0.9149242043495178,0.7733235955238342,0.5354877710342407,-0.7298520803451538,-0.3263559922174162,-0.6756013141588232,0.20291063499438158,1.1428951998150856,1.8114286172036453,0.0,0.03191672456965819,0.24596492131357356,-0.18941261865776549,0.16808327543034182,-0.045964921313573534,0.18941261865776549,0.2,0.2,0.0,0.31208101501187147,0.08237060708969676,False
0,431,-0.3263559922174162,-0.6756013141588232,0.20291063499438158,1.1428951998150856,1.8114286172036453,0.0,0.03191672456965819,0.24596492131357356,-0.18941261865776549,-0.1451844871044159,-0.5660008192062378,0.04504761844873428,0.04984790459275246,0.7350547313690186,-0.09486858546733856,-0.3263559922174162,-0.6756013141588232,0.20291063499438158,1.1428951998150856,1.8114286172036453,0.0,0.03572035552634403,0.2412385982274991,-0.18497777908085963,0.16427964447365598,-0.04123859822749909,0.18497777908085963,0.2,0.2,0.0,0.30608623593259543,-0.12309532717353736,False
0,432,-0.3263559922174162,-0.6756013141588232,0.20291063499438158,1.1428951998150856,1.8114286172036453,0.0,0.03572035552634403,0.2412385982274991,-0.18497777908085963,0.17200548946857452,0.6598166227340698,-0.3464042544364929,0.8298367261886597,-0.06563595682382584,-0.12055722624063492,-0.22886433008163756,-0.774394090651477,0.34744079054339183,1.2434175830328076,1.8561923403375078,0.0,0.03572035552634403,0.2412385982274991,-0.18497777908085963,0.16427964447365598,-0.04123859822749909,0.18497777908085963,0.2,0.2,0.0,0.30608623593259543,-0.1830431179662977,False
0,433,-0.22886433008163756,-0.774394090651477,0.34744079054339183,1.2434175830328076,1.8561923403375078,0.0,0.03572035552634403,0.2412385982274991,-0.18497777908085963,-0.25019946694374084,-0.41476431488990784,0.3065021336078644,-0.48087313771247864,-0.73763507604599,0.29119443893432617,-0.22886433008163756,-0.774394090651477,0.34744079054339183,1.2434175830328076,1.8561923403375078,0.0,0.030514346678051557,0.2300611044595302,-0.1823022105720061,0.16948565332194845,-0.03006110445953021,0.1823022105720061,0.2,0.2,0.0,0.2951157961169941,-0.06785349990248399,False
0,434,-0.22886433008163756,-0.774394090651477,0.34744079054339183,1.2434175830328076,1.8561923403375078,0.0,0.030514346678051557,0.2300611044595302,-0.1823022105720061,0.2089214026927948,-0.05187549069523811,-0.5026654601097107,-0.7114962935447693,0.5168063044548035,0.5041618347167969,-0.15991082438409918,-0.6350701990299262,0.20423222091522225,1.3597668625970116,1.8162617935041452,0.0,0.02908426639457451,0.22898730292142022,-0.183313497004026,0.1709157336054255,-0.028987302921420224,0.183313497004026,0.2,0.2,0.0,0.2947624766397207,-0.1738480435471263,False
0,435,-0.15991082438409918,-0.6350701990299262,0.20423222091522225,1.3597668625970116,1.8162617935041452,0.0,0.02908426639457451,0.22898730292142022,-0.183313497004026,-0.47439029812812805,-0.3448432385921478,-0.2422933429479599,0.5177770853042603,0.32724568247795105,-0.31678199768066406,-0.15974254685321368,-0.634415031457466,0.19003837866923096,1.3516442644727285,1.8187885302277378,0.0,0.02908426639457451,0.22898730292142022,-0.183313497004026,0.1709157336054255,-0.028987302921420224,0.183313497004026,0.2,0.2,0.0,0.2947624766397207,-0.17738123831986036,False
0,436,-0.15974254685321368,-0.634415031457466,0.19003837866923096,1.3516442644727285,1.8187885302277378,0.0,0.02908426639457451,0.22898730292142022,-0.183313497004026,0.3915022909641266,-0.3218023478984833,0.6059682369232178,0.46712207794189453,-0.3763415515422821,0.9363675713539124,-0.15974254685321368,-0.634415031457466,0.19003837866923096,1.3516442644727285,1.8187885302277378,0.0,0.02799224358729069,0.22954326280580148,-0.18812079553056418,0.17200775641270932,-0.029543262805801468,0.18812079553056418,0.2,0.2,0.0,0.29809915952856325,-0.21241640865270697,False
0,437,-0.15974254685321368,-0.634415031457466,0.19003837866923096,1.3516442644727285,1.8187885302277378,0.0,0.02799224358729069,0.22954326280580148,-0.18812079553056418,0.1704287827014923,-0.8652105331420898,-0.28653180599212646,0.3076194226741791,-0.06160946935415268,-0.6926072835922241,-0.1566875714995256,-0.6418998556214178,0.19487034047031782,1.3543157222001811,1.8141579824356802,0.0,0.028804934468547955,0.22843281194223566,-0.1870132462666042,0.17119506553145206,-0.028432811942235653,0.1870132462666042,0.2,0.2,0.0,0.2966230404077669,-0.16355032899591973,False
0,438,-0.1566875714995256,-0.6418998556214178,0.19487034047031782,1.3543157222001811,1.8141579824356802,0.0,0.028804934468547955,0.22843281194223566,-0.1870132462666042,0.38078823685646057,-0.44268137216567993,-0.8581887483596802,0.8566442131996155,-0.003251854097470641,0.10694917291402817,-0.14209814333824022,-0.6556877573199724,0.19917180945865612,1.357151648964653,1.8045794720396438,0.0,0.029887758476327797,0.2258519861461002,-0.18718966079984575,0.17011224152367221,-0.025851986146100195,0.18718966079984575,0.2,0.2,0.0,0.29485991057320565,-0.15979865694099055,False
0,439,-0.14209814333824022,-0.6556877573199724,0.19917180945865612,1.357151648964653,1.8045794720396438,0.0,0.029887758476327797,0.2258519861461002,-0.18718966079984575,0.8839937448501587,0.4424952268600464,0.7715225219726562,-0.0034000519663095474,-0.9134672284126282,0.29835352301597595,-0.13343873016540386,-0.6532747912651842,0.19608910743299562,1.3589300340799577,1.800379380853449,0.0,0.02968598427680494,0.2240051214003565,-0.18849649480818798,0.17031401572319507,-0.024005121400356474,0.18849649480818798,0.2,0.2,0.0,0.2942626048804782,-0.1711582455129643,False
0,440,-0.13343873016540386,-0.6532747912651842,0.19608910743299562,1.3589300340799577,1.800379380853449,0.0,0.02968598427680494,0.2240051214003565,-0.18849649480818798,-0.4460200071334839,-0.08630725741386414,-0.09639690816402435,0.5159630179405212,-0.06726440787315369,0.20527230203151703,-0.13343873016540386,-0.6532747912651842,0.19608910743299562,1.3589300340799577,1.800379380853449,0.0,0.02743806648101138,0.22338929340466868,-0.18420391618852264,0.17256193351898863,-0.023389293404668655,0.18420391618852264,0.2,0.2,0.0,0.2908379387893571,-0.1411723084834678,False
0,441,-0.13343873016540386,-0.6532747912651842,0.19608910743299562,1.3589300340799577,1.800379380853449,0.0,0.02743806648101138,0.22338929340466868,-0.18420391618852264,-0.8241071701049805,0.9725295901298523,0.3395230174064636,0.06328282505273819,0.9277886152267456,-0.5290709733963013,-0.13343873016540386,-0.6532747912651842,0.19608910743299562,1.3589300340799577,1.800379380853449,0.0,0.02743806648101138,0.22338929340466868,-0.18420391618852264,0.17256193351898863,-0.023389293404668655,0.18420391618852264,0.2,0.2,0.0,0.2908379387893571,-0.17541896939467855,False
0,442,-0.13343873016540386,-0.6532747912651842,0.19608910743299562,1.3589300340799577,1.800379380853449,0.0,0.02743806648101138,0.22338929340466868,-0.18420391618852264,-0.34950926899909973,-0.8524147868156433,0.5751602053642273,-0.31028759479522705,0.8370373249053955,0.2239014059305191,-0.15437023510278441,-0.6116048526581949,0.17971673243812775,1.3560458046159414,1.7921360425637172,0.0,0.027050920630624753,0.2267643232647849,-0.18756961349462126,0.17294907936937526,-0.026764323264784888,0.18756961349462126,0.2,0.2,0.0,0.29552693704503796,-0.22465345107932763,False
0,443,-0.15437023510278441,-0.6116048526581949,0.17971673243812775,1.3560458046159414,1.7921360425637172,0.0,0.027050920630624753,0.2267643232647849,-0.18756961349462126,0.9282759428024292,0.37688928842544556,0.7227835059165955,-0.1747812181711197,-0.5307252407073975,-0.0014339755289256573,-0.1505902911002113,-0.612771989961343,0.18996514226943306,1.3491046423147561,1.7923345868086333,0.0,0.026213666135145114,0.22872119264348195,-0.1851012095605415,0.1737863338648549,-0.028721192643481944,0.1851012095605415,0.2,0.2,0.0,0.295403111082597,-0.17646329591688867,False
0,444,-0.1505902911002113,-0.612771989961343,0.18996514226943306,1.3491046423147561,1.7923345868086333,0.0,0.026213666135145114,0.22872119264348195,-0.1851012095605415,0.12163940072059631,0.9118000268936157,-0.357633113861084,0.1269027441740036,0.028491593897342682,0.9712033867835999,-0.14018612257514404,-0.5854579711867437,0.19158669011158744,1.3400566663244196,1.787092830405082,0.0,0.022771919562667525,0.226355402198243,-0.17812312671481137,0.17722808043733249,-0.02635540219824298,0.17812312671481137,0.2,0.2,0.0,0.2889345543467546,-0.10978170981495328,False
0,445,-0.14018612257514404,-0.5854579711867437,0.19158669011158744,1.3400566663244196,1.787092830405082,0.0,0.022771919562667525,0.226355402198243,-0.17812312671481137,-0.44498807191848755,0.9414198994636536,0.7283331155776978,-0.33029481768608093,0.3467557430267334,-0.41689616441726685,-0.14010129188622286,-0.5628475179822126,0.18807729211319896,1.3324737606556345,1.7872659902787138,0.0,0.019489036257112374,0.2266960749309907,-0.17508205805556037,0.18051096374288764,-0.026696074930990674,0.17508205805556037,0.2,0.2,0.0,0.28709695222401616,-0.15517245488462383,False
0,446,-0.14010129188622286,-0.5628475179822126,0.18807729211319896,1.3324737606556345,1.7872659902787138,0.0,0.019489036257112374,0.2266960749309907,-0.17508205805556037,-0.7931334376335144,-0.5186560750007629,-0.3053711950778961,-0.6477009057998657,0.7016052007675171,-0.8359483480453491,-0.15266455681976693,-0.5378943986016463,0.19701347200641267,1.3136122043984624,1.7924044153513081,0.0,0.016509045451874982,0.22960736641592586,-0.16952240637592392,0.18349095454812503,-0.029607366415925852,0.16952240637592392,0.2,0.2,0.0,0.28588448289068297,-0.1608175481120096,False
0,447,-0.15266455681976693,-0.5378943986016463,0.19701347200641267,1.3136122043984624,1.7924044153513081,0.0,0.016509045451874982,0.22960736641592586,-0.16952240637592392,-0.6329450011253357,-0.9735847115516663,0.22683647274971008,-0.034600209444761276,0.40931856632232666,0.24308371543884277,-0.1671793816308875,-0.553824622589596,0.1684992535598105,1.2985666922821801,1.8004160918909036,0.0,0.016509045451874982,0.22960736641592586,-0.16952240637592392,0.18349095454812503,-0.029607366415925852,0.16952240637592392,0.2,0.2,0.0,0.28588448289068297,-0.17294224144534148,False
0,448,-0.1671793816308875,-0.553824622589596,0.1684992535598105,1.2985666922821801,1.8004160918909036,0.0,0.016509045451874982,0.22960736641592586,-0.16952240637592392,-0.9564448595046997,0.10490185767412186,0.9391249418258667,-0.05088628828525543,-0.54057377576828,-0.4353629946708679,-0.17838814404598166,-0.5602452436883566,0.17922971860027256,1.2924375702635758,1.7989775003226371,0.0,0.015901439368450038,0.2329938846824149,-0.18096625939142005,0.18409856063154997,-0.032993884682414876,0.18096625939142005,0.2,0.2,0.0,0.2954450763027092,-0.27332847227161716,False
0,449,-0.17838814404598166,-0.5602452436883566,0.17922971860027256,1.2924375702635758,1.7989775003226371,0.0,0.015901439368450038,0.2329938846824149,-0.18096625939142005,-0.663955807685852,-0.3704231381416321,-0.9124628901481628,-0.8071120977401733,-0.9306371212005615,0.7681505680084229,-0.19560956962937662,-0.5532431817375553,0.17998478646448937,1.2780383290674397,1.7868694648928432,0.0,0.01605445263565411,0.23674419762201418,-0.17647950871983487,0.1839455473643459,-0.03674419762201416,0.17647950871983487,0.2,0.2,0.0,0.295720438176187,-0.18061383782287113,False
0,450,-0.19560956962937662,-0.5532431817375553,0.17998478646448937,1.2780383290674397,1.7868694648928432,0.0,0.01605445263565411,0.23674419762201418,-0.17647950871983487,0.5969229340553284,-0.9959052205085754,-0.6056318283081055,-0.04621419683098793,-0.8061800003051758,0.526494562625885,-0.19560956962937662,-0.5532431817375553,0.17998478646448937,1.2780383290674397,1.7868694648928432,0.0,0.014001801398306729,0.23183369809883536,-0.21542508748858402,0.18599819860169328,-0.03183369809883535,0.21542508748858402,0.2,0.2,0.0,0.31678207388683416,-0.39900739404988883,False
0,451,-0.19560956962937662,-0.5532431817375553,0.17998478646448937,1.2780383290674397,1.7868694648928432,0.0,0.014001801398306729,0.23183369809883536,-0.21542508748858402,0.10819721221923828,0.9679404497146606,-0.3886169195175171,0.5537493228912354,0.5986303091049194,0.40323910117149353,-0.180565574421655,-0.5850565486167314,0.11484235770683549,1.2558847096222765,1.7596757352449226,0.0,0.014001801398306729,0.23183369809883536,-0.21542508748858402,0.18599819860169328,-0.03183369809883535,0.21542508748858402,0.2,0.2,0.0,0.31678207388683416,-0.18839103694341708,False
0,452,-0.180565574421655,-0.5850565486167314,0.11484235770683549,1.2558847096222765,1.7596757352449226,0.0,0.014001801398306729,0.23183369809883536,-0.21542508748858402,0.29279446601867676,-0.4780175983905792,-0.373715877532959,0.7666409015655518,-0.4306296706199646,-0.42698782682418823,-0.180565574421655,-0.5850565486167314,0.11484235770683549,1.2558847096222765,1.7596757352449226,0.0,0.009348610946322194,0.22435677066129617,-0.23082353331907568,0.19065138905367782,-0.02435677066129615,0.23082353331907568,0.2,0.2,0.0,0.3220292853174903,-0.24348675696530667,False
0,453,-0.180565574421655,-0.5850565486167314,0.11484235770683549,1.2558847096222765,1.7596757352449226,0.0,0.009348610946322194,0.22435677066129617,-0.23082353331907568,-0.3067954480648041,-0.43862292170524597,-0.09863020479679108,-0.4902941584587097,-0.46737924218177795,-0.31412601470947266,-0.1262240036121329,-0.5765808152331651,-0.019890151205497787,1.251829045677018,1.7482853743909579,0.0,0.01122694766352772,0.22663946895324066,-0.2466892080420543,0.1887730523364723,-0.02663946895324064,0.2466892080420543,0.2,0.2,0.0,0.33518212751526966,-0.32911948573542826,False
0,454,-0.1262240036121329,-0.5765808152331651,-0.019890151205497787,1.251829045677018,1.7482853743909579,0.0,0.01122694766352772,0.22663946895324066,-0.2466892080420543,-0.3556324541568756,0.25377312302589417,0.6167728304862976,-0.42323943972587585,-0.946388304233551,0.5048435926437378,-0.13381565643785978,-0.5754734500186255,-0.0808355114042962,1.233799235234338,1.7499356162718875,0.0,0.013856470467883991,0.22872716929353465,-0.2562994673281206,0.18614352953211602,-0.02872716929353463,0.2562994673281206,0.2,0.2,0.0,0.34379868629699406,-0.28806493096574104,False
0,455,-0.13381565643785978,-0.5754734500186255,-0.0808355114042962,1.233799235234338,1.7499356162718875,0.0,0.013856470467883991,0.22872716929353465,-0.2562994673281206,0.3243297338485718,0.7423580884933472,0.05756540969014168,-0.2926773130893707,0.2866910398006439,-0.6677096486091614,-0.1523691344433023,-0.5987390233240394,-0.09269629776127238,1.1892561031379443,1.7263756339314182,0.0,0.013915090884518838,0.2303141566270651,-0.2594817800895319,0.18608490911548117,-0.030314156627065075,0.2594817800895319,0.2,0.2,0.0,0.3472305209735931,-0.23793360725278676,False
0,456,-0.1523691344433023,-0.5987390233240394,-0.09269629776127238,1.1892561031379443,1.7263756339314182,0.0,0.013915090884518838,0.2303141566270651,-0.2594817800895319,-0.3733977675437927,-0.02254250831902027,-0.5648659467697144,0.9771221876144409,0.6482166051864624,0.47158151865005493,-0.14943299284696887,-0.5832045074419103,-0.09842148304697182,1.186979812286191,1.7307769708551748,0.0,0.010557235990756031,0.2299576100843865,-0.2570886569894459,0.18944276400924398,-0.029957610084386493,0.2570886569894459,0.2,0.2,0.0,0.34508916995484545,-0.18113107478994644,False
0,457,-0.14943299284696887,-0.5832045074419103,-0.09842148304697182,1.186979812286191,1.7307769708551748,0.0,0.010557235990756031,0.2299576100843865,-0.2570886569894459,-0.29048284888267517,0.12303977459669113,-0.9571662545204163,-0.0841384083032608,0.1750396341085434,-0.6059978604316711,-0.15671946510375107,-0.5773929039068553,-0.11634012487093447,1.2000921838765541,1.7394132098622892,0.0,0.010557235990756031,0.2299576100843865,-0.2570886569894459,0.18944276400924398,-0.029957610084386493,0.2570886569894459,0.2,0.2,0.0,0.34508916995484545,-0.20254458497742273,False
0,458,-0.15671946510375107,-0.5773929039068553,-0.11634012487093447,1.2000921838765541,1.7394132098622892,0.0,0.010557235990756031,0.2299576100843865,-0.2570886569894459,-0.7837259769439697,-0.570957601070404,0.2773071229457855,0.5332856774330139,0.3453879654407501,-0.673865556716919,-0.16248317579523644,-0.576968189747532,-0.12303499531728354,1.1988001866099989,1.7412869470642898,0.0,0.01128334966952313,0.23149178692309136,-0.25953514323159255,0.18871665033047688,-0.03149178692309133,0.25953514323159255,0.2,0.2,0.0,0.3479572559451145,-0.2326594878752478,False
0,459,-0.16248317579523644,-0.576968189747532,-0.12303499531728354,1.1988001866099989,1.7412869470642898,0.0,0.01128334966952313,0.23149178692309136,-0.25953514323159255,0.04223201051354408,-0.23824787139892578,0.7298339605331421,-0.21950238943099976,0.46944618225097656,-0.7824761867523193,-0.17043429379289268,-0.586418084094682,-0.10883565051502594,1.2001158476821057,1.745233839661721,0.0,0.013335095697694255,0.2339236091168731,-0.26004827244697204,0.18666490430230576,-0.03392360911687309,0.26004827244697204,0.2,0.2,0.0,0.3500331179791205,-0.2257751793296203,False
0,460,-0.17043429379289268,-0.586418084094682,-0.10883565051502594,1.2001158476821057,1.745233839661721,0.0,0.013335095697694255,0.2339236091168731,-0.26004827244697204,0.497577041387558,0.6516048908233643,0.7717412710189819,-0.09002887457609177,-0.9460200667381287,-0.6343322396278381,-0.17043429379289268,-0.586418084094682,-0.10883565051502594,1.2001158476821057,1.745233839661721,0.0,0.0025085421971256516,0.23092654304540713,-0.24208425070132836,0.19749145780287436,-0.030926543045407116,0.24208425070132836,0.2,0.2,0.0,0.334571585022519,-0.04267046294524429,False
0,461,-0.17043429379289268,-0.586418084094682,-0.10883565051502594,1.2001158476821057,1.745233839661721,0.0,0.0025085421971256516,0.23092654304540713,-0.24208425070132836,-0.5046113133430481,-0.6377825736999512,0.351785272359848,-0.34915974736213684,-0.22400926053524017,-0.36644482612609863,-0.17043429379289268,-0.586418084094682,-0.10883565051502594,1.2001158476821057,1.745233839661721,0.0,-0.006072505451957505,0.22696448944838477,-0.22745784722712006,0.20607250545195752,-0.026964489448384747,0.22745784722712006,0.2,0.2,0.0,0.3213826800843908,-0.058802290660913525,False
0,462,-0.17043429379289268,-0.586418084094682,-0.10883565051502594,1.2001158476821057,1.745233839661721,0.0,-0.006072505451957505,0.22696448944838477,-0.22745784722712006,0.20168891549110413,-0.6738934516906738,0.22176766395568848,-0.5846709609031677,0.7617098093032837,0.38008853793144226,-0.11975123482965404,-0.47997734796673225,-0.04373828408377115,1.1664695137075065,1.6984220525731701,0.0,-0.011937254204878206,0.22378874017507094,-0.21564476287268092,0.21193725420487822,-0.023788740175070947,0.21564476287268092,0.2,0.2,0.0,0.311008942028219,-0.08176709045239139,False
0,463,-0.11975123482965404,-0.47997734796673225,-0.04373828408377115,1.1664695137075065,1.6984220525731701,0.0,-0.011937254204878206,0.22378874017507094,-0.21564476287268092,0.17361754179000854,-0.6235295534133911,-0.9593050479888916,-0.729829728603363,-0.4111720323562622,-0.4972185790538788,-0.10661592531661526,-0.45491653096284873,-0.027740519216754616,1.1564167240496035,1.6848407217812365,0.0,-0.011019048367320594,0.2224443612452435,-0.219776552366379,0.2110190483673206,-0.022444361245243495,0.219776552366379,0.2,0.2,0.0,0.31289718158969965,-0.20533098640965636,False
0,464,-0.10661592531661526,-0.45491653096284873,-0.027740519216754616,1.1564167240496035,1.6848407217812365,0.0,-0.011019048367320594,0.2224443612452435,-0.219776552366379,-0.0965917631983757,0.21250882744789124,-0.6403552889823914,-0.7697035074234009,-0.7422473430633545,-0.7178640961647034,-0.09964183372517318,-0.48355722020889425,-0.05094964063508063,1.127031844991026,1.6942230592949998,0.0,-0.011019048367320594,0.2224443612452435,-0.219776552366379,0.2110190483673206,-0.022444361245243495,0.219776552366379,0.2,0.2,0.0,0.31289718158969965,-0.18644859079484982,False
0,465,-0.09964183372517318,-0.48355722020889425,-0.05094964063508063,1.127031844991026,1.6942230592949998,0.0,-0.011019048367320594,0.2224443612452435,-0.219776552366379,0.9833945035934448,0.6856995224952698,0.6659657955169678,0.959647536277771,0.7427021265029907,0.9442757368087769,-0.09879841767227236,-0.47629298065822817,-0.05823950586335121,1.1204426999257773,1.6914367956431944,0.0,-0.010791762024126406,0.22208532423176355,-0.23185252362098407,0.21079176202412642,-0.02208532423176355,0.23185252362098407,0.2,0.2,0.0,0.32123814542505985,-0.27402871106613197,False
0,466,-0.09879841767227236,-0.47629298065822817,-0.05823950586335121,1.1204426999257773,1.6914367956431944,0.0,-0.010791762024126406,0.22208532423176355,-0.23185252362098407,-0.9489129185676575,-0.2284981608390808,0.2783927917480469,0.46616441011428833,-0.2574694752693176,0.6473116874694824,-0.08747963699637469,-0.4624020150796718,-0.033764285306236715,1.1331547684793468,1.699221170856536,0.0,-0.013199124319686728,0.21907732388096168,-0.2214867176156343,0.21319912431968674,-0.01907732388096167,0.2214867176156343,0.2,0.2,0.0,0.31180996905454783,-0.09162322082215371,False
0,467,-0.08747963699637469,-0.4624020150796718,-0.033764285306236715,1.1331547684793468,1.699221170856536,0.0,-0.013199124319686728,0.21907732388096168,-0.2214867176156343,0.41036373376846313,0.4133555591106415,0.2727479636669159,-0.5447840690612793,-0.8326490521430969,-0.7157195806503296,-0.09355132513729868,-0.4600978928051775,-0.027597392981892777,1.1320162649895915,1.6955346205511026,0.0,-0.013328367209538061,0.2208711717651938,-0.21949629963627126,0.21332836720953807,-0.020871171765193798,0.21949629963627126,0.2,0.2,0.0,0.3116734596391194,-0.1844716356652755,False
0,468,-0.09355132513729868,-0.4600978928051775,-0.027597392981892777,1.1320162649895915,1.6955346205511026,0.0,-0.013328367209538061,0.2208711717651938,-0.21949629963627126,-0.5813297033309937,0.5263789296150208,0.14895179867744446,-0.4735952913761139,0.7968569993972778,-0.38545602560043335,-0.09191594946772305,-0.4401826119373491,-0.02136752953304539,1.1199765578528,1.6926463004060033,0.0,-0.013328367209538061,0.2208711717651938,-0.21949629963627126,0.21332836720953807,-0.020871171765193798,0.21949629963627126,0.2,0.2,0.0,0.3116734596391194,-0.1858367298195597,False
0,469,-0.09191594946772305,-0.4401826119373491,-0.02136752953304539,1.1199765578528,1.6926463004060033,0.0,-0.013328367209538061,0.2208711717651938,-0.21949629963627126,0.8997663259506226,0.8554356098175049,0.3484143018722534,-0.8611040115356445,-0.30796951055526733,-0.5766288638114929,-0.09470560656640346,-0.4085916240718086,-0.01615669846738279,1.106631613168699,1.6986112401416409,0.0,-0.01791742612362665,0.22168734876401386,-0.2125253724912962,0.21791742612362666,-0.02168734876401384,0.2125253724912962,0.2,0.2,0.0,0.3076253382175749,-0.14333145489334206,False
0,470,-0.09470560656640346,-0.4085916240718086,-0.01615669846738279,1.106631613168699,1.6986112401416409,0.0,-0.01791742612362665,0.22168734876401386,-0.2125253724912962,-0.7846786975860596,0.9061118960380554,0.35572344064712524,0.05147003382444382,-0.044006168842315674,-0.1050681471824646,-0.09470560656640346,-0.4085916240718086,-0.01615669846738279,1.106631613168699,1.6986112401416409,0.0,-0.03062479529435147,0.24748597234197528,-0.11954227028820502,0.23062479529435148,-0.04748597234197527,0.11954227028820502,0.2,0.2,0.0,0.27654572674068234,0.14252325139858416,False
0,471,-0.09470560656640346,-0.4085916240718086,-0.01615669846738279,1.106631613168699,1.6986112401416409,0.0,-0.03062479529435147,0.24748597234197528,-0.11954227028820502,-0.16253890097141266,0.05864102765917778,0.874053955078125,0.38841789960861206,0.23773060739040375,0.6577255129814148,-0.09470560656640346,-0.4085916240718086,-0.01615669846738279,1.106631613168699,1.6986112401416409,0.0,-0.028284175798088923,0.25302462134996406,-0.10348431452590992,0.22828417579808893,-0.05302462134996406,0.10348431452590992,0.2,0.2,0.0,0.27482804981072684,-0.1502372556058084,False
0,472,-0.09470560656640346,-0.4085916240718086,-0.01615669846738279,1.106631613168699,1.6986112401416409,0.0,-0.028284175798088923,0.25302462134996406,-0.10348431452590992,0.6494036912918091,-0.6839979887008667,0.8796189427375793,-0.7318679094314575,-0.609801173210144,0.6634035706520081,-0.22687287570965478,-0.08717953763017153,0.13381979881455489,1.0765205736738328,1.6978265806386685,0.0,-0.028284175798088923,0.25302462134996406,-0.10348431452590992,0.22828417579808893,-0.05302462134996406,0.10348431452590992,0.2,0.2,0.0,0.27482804981072684,-0.16741402490536342,False
0,473,-0.22687287570965478,-0.08717953763017153,0.13381979881455489,1.0765205736738328,1.6978265806386685,0.0,-0.028284175798088923,0.25302462134996406,-0.10348431452590992,0.27269768714904785,0.06362409144639969,-0.10562800616025925,-0.12662339210510254,0.7245205640792847,0.8506225347518921,-0.2191855863233929,-0.09702023670820255,0.14242465189277764,1.068686354003737,1.6956848750474474,0.0,-0.02656438759206911,0.2539897324972838,-0.09715166096976535,0.22656438759206912,-0.05398973249728377,0.09715166096976535,0.2,0.2,0.0,0.27323048170247716,-0.15063955976874177,False
0,474,-0.2191855863233929,-0.09702023670820255,0.14242465189277764,1.068686354003737,1.6956848750474474,0.0,-0.02656438759206911,0.2539897324972838,-0.09715166096976535,-0.6005542278289795,0.5066626071929932,-0.38299882411956787,-0.3121499717235565,0.5804998278617859,0.2767672538757324,-0.2137100327207853,-0.098315733104478,0.13193212573545618,1.0645546555233754,1.7041280372841368,0.0,-0.0285649371428921,0.2516077612814803,-0.10043082236469673,0.2285649371428921,-0.05160776128148029,0.10043082236469673,0.2,0.2,0.0,0.272412869101122,-0.15803030853700945,False
0,475,-0.2137100327207853,-0.098315733104478,0.13193212573545618,1.0645546555233754,1.7041280372841368,0.0,-0.0285649371428921,0.2516077612814803,-0.10043082236469673,-0.23701977729797363,-0.7520046234130859,-0.3358900249004364,0.425587922334671,-0.32029223442077637,0.8213814496994019,-0.21912859416087474,-0.11001648633822864,0.11328083657389497,1.0647784889241543,1.7056679044917606,0.0,-0.03023349419291435,0.25341161181755134,-0.10420943892368052,0.23023349419291436,-0.0534116118175513,0.10420943892368052,0.2,0.2,0.0,0.2756648623525868,-0.20035236369094142,False
0,476,-0.21912859416087474,-0.11001648633822864,0.11328083657389497,1.0647784889241543,1.7056679044917606,0.0,-0.03023349419291435,0.25341161181755134,-0.10420943892368052,0.6174769401550293,-0.5647876262664795,0.6136050224304199,0.4973960518836975,-0.6826738715171814,0.40316903591156006,-0.21685035063849403,-0.13565222698204185,0.10898574513688176,1.0724985364695636,1.7008702701395553,0.0,-0.03023349419291435,0.25341161181755134,-0.10420943892368052,0.23023349419291436,-0.0534116118175513,0.10420943892368052,0.2,0.2,0.0,0.2756648623525868,-0.1678324311762934,False
0,477,-0.21685035063849403,-0.13565222698204185,0.10898574513688176,1.0724985364695636,1.7008702701395553,0.0,-0.03023349419291435,0.25341161181755134,-0.10420943892368052,-0.1763695776462555,-0.7474609613418579,-0.6557117700576782,0.9150987267494202,0.6305670738220215,0.7821119427680969,-0.2084595195991676,-0.15755527728781374,0.11082944855941176,1.081982692275641,1.6983726501082896,0.0,-0.029857440297937077,0.25290697762223135,-0.11436100065874577,0.2298574402979371,-0.05290697762223133,0.11436100065874577,0.2,0.2,0.0,0.27916275636772603,-0.20456031833525526,False
0,478,-0.2084595195991676,-0.15755527728781374,0.11082944855941176,1.081982692275641,1.6983726501082896,0.0,-0.029857440297937077,0.25290697762223135,-0.11436100065874577,0.33760058879852295,-0.456681489944458,0.05645971745252609,0.771843433380127,-0.3565632104873657,0.15080921351909637,-0.20851596878507922,-0.17843939620289756,0.10098799017879963,1.09273909186584,1.7040606776689724,0.0,-0.028455213715738892,0.25060252374334924,-0.12190595070460811,0.2284552137157389,-0.05060252374334925,0.12190595070460811,0.2,0.2,0.0,0.2801292289486026,-0.17972934028306695,False
0,479,-0.20851596878507922,-0.17843939620289756,0.10098799017879963,1.09273909186584,1.7040606776689724,0.0,-0.028455213715738892,0.25060252374334924,-0.12190595070460811,0.28763407468795776,0.8590672016143799,-0.8827848434448242,-0.10894373059272766,-0.40601232647895813,-0.6117105484008789,-0.19918176589833414,-0.19377053774708075,0.0900536663459526,1.1019754643605182,1.6998352614730645,0.0,-0.026861784168365876,0.2483675191266299,-0.13082661290947106,0.2268617841683659,-0.04836751912662989,0.13082661290947106,0.2,0.2,0.0,0.2819992600188684,-0.18969994071209206,False
0,480,-0.19918176589833414,-0.19377053774708075,0.0900536663459526,1.1019754643605182,1.6998352614730645,0.0,-0.026861784168365876,0.2483675191266299,-0.13082661290947106,0.8406672477722168,0.023569613695144653,-0.8170739412307739,0.1275564283132553,-0.4422796368598938,0.8419535160064697,-0.19918176589833414,-0.19377053774708075,0.0900536663459526,1.1019754643605182,1.6998352614730645,0.0,-0.05040235546722882,0.22912060666784398,-0.13618011536098643,0.25040235546722883,-0.02912060666784397,0.13618011536098643,0.2,0.2,0.0,0.2712594213224996,-0.058231323697561815,False
0,481,-0.19918176589833414,-0.19377053774708075,0.0900536663459526,1.1019754643605182,1.6998352614730645,0.0,-0.05040235546722882,0.22912060666784398,-0.13618011536098643,-0.7783918976783752,0.3899839222431183,-0.5766335129737854,0.45404052734375,0.10121871531009674,-0.8221917152404785,-0.19918176589833414,-0.19377053774708075,0.0900536663459526,1.1019754643605182,1.6998352614730645,0.0,-0.05040235546722882,0.22912060666784398,-0.13618011536098643,0.25040235546722883,-0.02912060666784397,0.13618011536098643,0.2,0.2,0.0,0.2712594213224996,-0.1656297106612498,False
0,482,-0.19918176589833414,-0.19377053774708075,0.0900536663459526,1.1019754643605182,1.6998352614730645,0.0,-0.05040235546722882,0.22912060666784398,-0.13618011536098643,-0.7717809677124023,-0.7765023708343506,-0.39335182309150696,0.42552298307418823,-0.7968257069587708,-0.04399895668029785,-0.09022419848661477,-0.09583238546483626,-0.07051404182227611,1.062009620781302,1.6471088784015968,0.0,-0.05211418131712198,0.22294180197929422,-0.14439591618622355,0.252114181317122,-0.022941801979294206,0.14439591618622355,0.2,0.2,0.0,0.27068268429175074,-0.15957397183838695,False
0,483,-0.09022419848661477,-0.09583238546483626,-0.07051404182227611,1.062009620781302,1.6471088784015968,0.0,-0.05211418131712198,0.22294180197929422,-0.14439591618622355,0.6247866153717041,-0.19399923086166382,0.9739624261856079,-0.49778231978416443,0.8542752861976624,0.556026041507721,-0.09385922576158669,-0.11328339571450614,-0.0700772614625387,1.061927551361027,1.6469288624298835,0.0,-0.051255677005554445,0.22518169302378985,-0.15069609990022492,0.25125567700555446,-0.025181693023789826,0.15069609990022492,0.2,0.2,0.0,0.27575941293724976,-0.21864699292361506,False
0,484,-0.09385922576158669,-0.11328339571450614,-0.0700772614625387,1.061927551361027,1.6469288624298835,0.0,-0.051255677005554445,0.22518169302378985,-0.15069609990022492,0.6981738805770874,-0.480613648891449,-0.67109215259552,0.043338824063539505,-0.06895313411951065,-0.5840225219726562,-0.08501780438972951,-0.1225045273770418,-0.06313165494358068,1.0545978287914262,1.6547003201068202,0.0,-0.051255677005554445,0.22518169302378985,-0.15069609990022492,0.25125567700555446,-0.025181693023789826,0.15069609990022492,0.2,0.2,0.0,0.27575941293724976,-0.16787970646862488,False
0,485,-0.08501780438972951,-0.1225045273770418,-0.06313165494358068,1.0545978287914262,1.6547003201068202,0.0,-0.051255677005554445,0.22518169302378985,-0.15069609990022492,0.04125548526644707,0.8803420066833496,-0.25448843836784363,-0.6432440280914307,0.6129434108734131,0.5447698831558228,-0.08501780438972951,-0.1225045273770418,-0.06313165494358068,1.0545978287914262,1.6547003201068202,0.0,-0.05119870825702627,0.22159993313117748,-0.15377871253124567,0.2511987082570263,-0.021599933131177477,0.15377871253124567,0.2,0.2,0.0,0.274546408679294,-0.15514316176008913,False
0,486,-0.08501780438972951,-0.1225045273770418,-0.06313165494358068,1.0545978287914262,1.6547003201068202,0.0,-0.05119870825702627,0.22159993313117748,-0.15377871253124567,0.1475266069173813,0.232399120926857,-0.3904522955417633,-0.5797958374023438,-0.688925564289093,-0.6550123691558838,-0.08501780438972951,-0.1225045273770418,-0.06313165494358068,1.0545978287914262,1.6547003201068202,0.0,-0.05186379550252623,0.21690965248614005,-0.16316835688517614,0.25186379550252624,-0.01690965248614004,0.16316835688517614,0.2,0.2,0.0,0.27633957970980944,-0.18610150016005933,False
0,487,-0.08501780438972951,-0.1225045273770418,-0.06313165494358068,1.0545978287914262,1.6547003201068202,0.0,-0.05186379550252623,0.21690965248614005,-0.16316835688517614,0.6177524924278259,0.5676730275154114,0.5504487752914429,0.46391919255256653,0.6953688859939575,-0.0629449337720871,-0.06458824026358373,-0.13323536157313182,-0.09495122861514729,1.0445305449722517,1.660488763175044,0.0,-0.05186379550252623,0.21690965248614005,-0.16316835688517614,0.25186379550252624,-0.01690965248614004,0.16316835688517614,0.2,0.2,0.0,0.27633957970980944,-0.16816978985490472,False
0,488,-0.06458824026358373,-0.13323536157313182,-0.09495122861514729,1.0445305449722517,1.660488763175044,0.0,-0.05186379550252623,0.21690965248614005,-0.16316835688517614,0.40078744292259216,-0.8289982676506042,0.20043477416038513,0.6178766489028931,-0.47049573063850403,-0.3428545296192169,-0.0609028129543598,-0.1321534187431959,-0.08859806614642719,1.0477228012223838,1.6628118265743999,0.0,-0.05337603699529636,0.21615215510787786,-0.16016866582421474,0.25337603699529637,-0.016152155107877854,0.16016866582421474,0.2,0.2,0.0,0.27427132003731686,-0.14645306329373264,False
0,489,-0.0609028129543598,-0.1321534187431959,-0.08859806614642719,1.0477228012223838,1.6628118265743999,0.0,-0.05337603699529636,0.21615215510787786,-0.16016866582421474,0.7571744322776794,-0.41903793811798096,0.40896549820899963,0.7364275455474854,0.6726644039154053,0.5383340120315552,-0.05405824319942432,-0.14821756111845183,-0.0817017121037578,1.057820510588435,1.660257538364914,0.0,-0.050869917819508115,0.21404040492753273,-0.1625340129095786,0.2508699178195081,-0.014040404927532725,0.1625340129095786,0.2,0.2,0.0,0.27352942955557225,-0.15934580996034,False
0,490,-0.05405824319942432,-0.14821756111845183,-0.0817017121037578,1.057820510588435,1.660257538364914,0.0,-0.050869917819508115,0.21404040492753273,-0.1625340129095786,-0.782809317111969,-0.895588219165802,-0.2781616747379303,0.1864980012178421,0.6388886570930481,-0.7493539452552795,-0.05405824319942432,-0.14821756111845183,-0.0817017121037578,1.057820510588435,1.660257538364914,0.0,-0.04474283899080703,0.22553106598366482,-0.18522633943961872,0.24474283899080704,-0.0255310659836648,0.18522633943961872,0.2,0.2,0.0,0.29525409427624594,-0.39487369434485986,False
0,491,-0.05405824319942432,-0.14821756111845183,-0.0817017121037578,1.057820510588435,1.660257538364914,0.0,-0.04474283899080703,0.22553106598366482,-0.18522633943961872,-0.23424434661865234,0.9555551409721375,0.7435499429702759,0.8081252574920654,-0.1231999397277832,0.18510712683200836,-0.15773861741015757,-0.2747254051009589,-0.13436790421940406,1.0743595135600132,1.7121234789443196,0.0,-0.0388517067693622,0.23710127741417214,-0.20288947117966222,0.2388517067693622,-0.037101277414172115,0.20288947117966222,0.2,0.2,0.0,0.31446877171809556,-0.3793811602775441,False
0,492,-0.15773861741015757,-0.2747254051009589,-0.13436790421940406,1.0743595135600132,1.7121234789443196,0.0,-0.0388517067693622,0.23710127741417214,-0.20288947117966222,-0.8129003047943115,-0.6309748291969299,0.08736378699541092,0.40996554493904114,0.32521146535873413,0.6991835832595825,-0.1720490897724877,-0.28291787129914775,-0.12608583867292564,1.080698406760685,1.7166280445919744,0.0,-0.03608618335532113,0.2420714987453468,-0.2050231888332091,0.23608618335532114,-0.0420714987453468,0.2050231888332091,0.2,0.2,0.0,0.31927312930046275,-0.2376801404739033,False
0,493,-0.1720490897724877,-0.28291787129914775,-0.12608583867292564,1.080698406760685,1.7166280445919744,0.0,-0.03608618335532113,0.2420714987453468,-0.2050231888332091,-0.1928120106458664,0.7071053385734558,-0.07693701982498169,0.43922093510627747,-0.13976016640663147,0.2621189057826996,-0.18130281627303804,-0.2860440311522238,-0.12510453782300424,1.0863542920914546,1.7189000085858792,0.0,-0.03426097954996654,0.24476600811341842,-0.20587137693601998,0.23426097954996655,-0.04476600811341841,0.20587137693601998,0.2,0.2,0.0,0.3216632358368517,-0.2147326832823152,False
0,494,-0.18130281627303804,-0.2860440311522238,-0.12510453782300424,1.0863542920914546,1.7189000085858792,0.0,-0.03426097954996654,0.24476600811341842,-0.20587137693601998,0.008811536245048046,0.6527374982833862,0.7975380420684814,-0.9216616749763489,-0.4563160836696625,-0.46055951714515686,-0.1833682824474868,-0.26975291404786744,-0.12595020154570316,1.0915845550171537,1.7168557434474718,0.0,-0.03426097954996654,0.24476600811341842,-0.20587137693601998,0.23426097954996655,-0.04476600811341841,0.20587137693601998,0.2,0.2,0.0,0.3216632358368517,-0.19083161791842584,False
0,495,-0.1833682824474868,-0.26975291404786744,-0.12595020154570316,1.0915845550171537,1.7168557434474718,0.0,-0.03426097954996654,0.24476600811341842,-0.20587137693601998,-0.0761079341173172,0.10173692554235458,0.8376590609550476,0.5341524481773376,-0.5632128119468689,0.13887174427509308,-0.182442104036589,-0.25599596793812557,-0.10857764495428363,1.0854221422867376,1.7127457617381028,0.0,-0.036094226447348554,0.24554490998381573,-0.19974430340142504,0.23609422644734857,-0.045544909983815704,0.19974430340142504,0.2,0.2,0.0,0.318579476336931,-0.1584521431692587,False
0,496,-0.182442104036589,-0.25599596793812557,-0.10857764495428363,1.0854221422867376,1.7127457617381028,0.0,-0.036094226447348554,0.24554490998381573,-0.19974430340142504,0.713212788105011,-0.38335710763931274,-0.44375255703926086,0.9935138821601868,0.0049902829341590405,0.28338685631752014,-0.18075520381471705,-0.2553608999939256,-0.09118160300723072,1.0969828378438355,1.705277845666871,0.0,-0.03642060719892162,0.24543100003271198,-0.1912535779577436,0.23642060719892163,-0.04543100003271197,0.1912535779577436,0.2,0.2,0.0,0.3132742687924336,-0.13358505895124254,False
0,497,-0.18075520381471705,-0.2553608999939256,-0.09118160300723072,1.0969828378438355,1.705277845666871,0.0,-0.03642060719892162,0.24543100003271198,-0.1912535779577436,0.3417998254299164,-0.20692969858646393,-0.18915267288684845,0.24038636684417725,0.8221749067306519,0.4075942933559418,-0.16814224222209226,-0.2724952173490822,-0.10500375808132924,1.109784869950775,1.7067630808568555,0.0,-0.034069285593500226,0.24160070290780494,-0.19519199470337537,0.23406928559350024,-0.041600702907804925,0.19519199470337537,0.2,0.2,0.0,0.31246044655712735,-0.1780920009255013,False
0,498,-0.16814224222209226,-0.2724952173490822,-0.10500375808132924,1.109784869950775,1.7067630808568555,0.0,-0.034069285593500226,0.24160070290780494,-0.19519199470337537,-0.42081916332244873,-0.3040751516819,0.9449641704559326,-0.5120955109596252,-0.7945432662963867,-0.3251020610332489,-0.1622612024720933,-0.28040066013760845,-0.10835373616271364,1.110277325565752,1.7144016082837146,0.0,-0.03353035632843929,0.2398386157371974,-0.19825095284513236,0.2335303563284393,-0.039838615737197366,0.19825095284513236,0.2,0.2,0.0,0.3129701051190833,-0.19158163817910115,False
0,499,-0.1622612024720933,-0.28040066013760845,-0.10835373616271364,1.110277325565752,1.7144016082837146,0.0,-0.03353035632843929,0.2398386157371974,-0.19825095284513236,-0.34108859300613403,0.588900089263916,-0.8259326219558716,0.7667466998100281,0.7801369428634644,0.7596725225448608,-0.1679859953084892,-0.28992593384809723,-0.09395373615436317,1.099811217722773,1.706815180779503,0.0,-0.03353035632843929,0.2398386157371974,-0.19825095284513236,0.2335303563284393,-0.039838615737197366,0.19825095284513236,0.2,0.2,0.0,0.3129701051190833,-0.18648505255954165,False
0,500,-0.1679859953084892,-0.28992593384809723,-0.09395373615436317,1.099811217722773,1.706815180779503,0.0,-0.03353035632843929,0.2398386157371974,-0.19825095284513236,-0.005400925409048796,-0.8289898633956909,-0.1084730327129364,0.3158726096153259,0.36097797751426697,0.5720614194869995,-0.1679859953084892,-0.28992593384809723,-0.09395373615436317,1.099811217722773,1.706815180779503,0.0,-0.024106106442029596,0.23884656203670826,-0.2203001905679941,0.2241061064420296,-0.03884656203670824,0.2203001905679941,0.2,0.2,0.0,0.32582350825077694,-0.32144578544232494,True
