episode,timestep,s1,s2,s3,s4,s5,g_s,rb_x,rb_y,rb_z,a1,a2,a3,a4,a5,g_a,ns1,ns2,ns3,ns4,ns5,ng_s,nrb_x,nrb_y,nrb_z,jp_x,jp_y,jp_z,bp_x,bp_y,bp_z,distance,reward,ball_in_target,ball_out_of_playground,time_limit,done
0,0,4.390451685546284e-15,-1.5700000000296506,1.5700000000777008,1.5700000000410956,1.286876911095755e-13,0.0,0.16227085568631985,0.20159999999999978,-0.018460129445584256,0.9140014052391052,-0.7739526629447937,0.9572767019271851,-0.8478074073791504,-0.6800025105476379,0.07353491336107254,4.390451685546284e-15,-1.5700000000296506,1.5700000000777008,1.5700000000410956,1.286876911095755e-13,0.0,0.162270855686011,0.2015999999999998,-0.018460129445871387,0.03772914431398902,-0.0015999999999997871,0.018460129445871387,0.2,0.2,0.0,0.2594516659885391,0.0,0,0,0,False
0,1,4.390451685546284e-15,-1.5700000000296506,1.5700000000777008,1.5700000000410956,1.286876911095755e-13,0.0,0.162270855686011,0.2015999999999998,-0.018460129445871387,0.9828141331672668,-0.8637343049049377,0.988736629486084,-0.48477494716644287,-0.77042555809021,0.14011025428771973,0.0029669718765312687,-1.5702346343185372,1.5702652768764003,1.5652833784691735,0.00529227644079451,0.0,0.16227085568600935,0.2015999999999998,-0.018460129445872997,0.03772914431399067,-0.001599999999999787,0.018460129445872997,0.2,0.2,0.0,0.2594516659885382,-0.15972583299426021,0,0,1,False
0,2,0.0029669718765312687,-1.5702346343185372,1.5702652768764003,1.5652833784691735,0.00529227644079451,0.0,0.16227085568600935,0.2015999999999998,-0.018460129445872997,0.9946727156639099,-0.7696206569671631,0.9567940831184387,-0.7396317720413208,-0.2952558398246765,-0.29570290446281433,0.016171890055574678,-1.571624173354326,1.5716023227214926,1.5484551635894295,0.022758652460657842,0.0,0.16030312824764503,0.20094129069869668,-0.01832664796554498,0.03969687175235499,-0.00094129069869666,0.01832664796554498,0.2,0.2,0.0,0.2577020784923786,-0.1413551642845932,0,0,2,False
0,3,0.016171890055574678,-1.571624173354326,1.5716023227214926,1.5484551635894295,0.022758652460657842,0.0,0.16030312824764503,0.20094129069869668,-0.01832664796554498,0.9993875622749329,-0.8369709253311157,0.9973915815353394,-0.5217692852020264,-0.4913593530654907,-0.2483159303665161,0.016171890055574678,-1.571624173354326,1.5716023227214926,1.5484551635894295,0.022758652460657842,0.0,0.15767034416049122,0.19970358785774464,-0.01813912463848846,0.04232965583950879,0.00029641214225536094,0.01813912463848846,0.2,0.2,0.0,0.2550891771000767,-0.13141557462701978,0,0,3,False
0,4,0.016171890055574678,-1.571624173354326,1.5716023227214926,1.5484551635894295,0.022758652460657842,0.0,0.15767034416049122,0.19970358785774464,-0.01813912463848846,0.992782473564148,-0.7132537364959717,0.9254871606826782,-0.48293089866638184,-0.7716364860534668,0.12646876275539398,0.03537189005494468,-1.5709029726742159,1.5728216662061203,1.529255163596195,0.04195865244741385,0.0,0.1557085792175968,0.19867099376821867,-0.018010186368300568,0.04429142078240324,0.0013290062317813257,0.018010186368300568,0.2,0.2,0.0,0.25306064929149913,-0.1362450465599736,0,0,4,False
0,5,0.03537189005494468,-1.5709029726742159,1.5728216662061203,1.529255163596195,0.04195865244741385,0.0,0.1557085792175968,0.19867099376821867,-0.018010186368300568,0.9230672717094421,-0.7574625611305237,0.006423146463930607,-0.8199155926704407,-0.4092344343662262,-0.2739896774291992,0.07079177638677737,-1.567848539167186,1.5639143498339245,1.4876870967483569,0.0855935343404927,0.0,0.1519637256856852,0.19739413965727895,-0.019785498993366984,0.048036274314314814,0.002605860342721067,0.019785498993366984,0.2,0.2,0.0,0.24989775162199448,-0.1233198991159508,0,0,5,False
0,6,0.07079177638677737,-1.567848539167186,1.5639143498339245,1.4876870967483569,0.0855935343404927,0.0,0.1519637256856852,0.19739413965727895,-0.019785498993366984,0.9893388748168945,-0.7918246388435364,0.9243757724761963,-0.8946695327758789,-0.4310017228126526,0.007125942502170801,0.08402728639112703,-1.5674391941846824,1.554338107032916,1.470723067664471,0.10274938118261184,0.0,0.1519637256856852,0.19739413965727895,-0.019785498993366984,0.048036274314314814,0.002605860342721067,0.019785498993366984,0.2,0.2,0.0,0.24989775162199448,-0.15494887581099726,0,0,6,False
0,7,0.08402728639112703,-1.5674391941846824,1.554338107032916,1.470723067664471,0.10274938118261184,0.0,0.1519637256856852,0.19739413965727895,-0.019785498993366984,0.9804539680480957,-0.4269251823425293,0.9822177290916443,-0.803153395652771,-0.20996078848838806,-0.2133457362651825,0.101736289300777,-1.5607660605952272,1.5554953224057184,1.4491590409169381,0.12491504836977507,0.0,0.1483400402571013,0.19601304740885855,-0.021702570266353333,0.051659959742898734,0.003986952591141471,0.021702570266353333,0.2,0.2,0.0,0.24677293987419258,-0.1221383524590772,0,0,7,False
0,8,0.101736289300777,-1.5607660605952272,1.5554953224057184,1.4491590409169381,0.12491504836977507,0.0,0.1483400402571013,0.19601304740885855,-0.021702570266353333,0.9941550493240356,-0.5977227091789246,0.9977062344551086,-0.7510991096496582,-0.7068672180175781,0.15612995624542236,0.11548158756509018,-1.5495382642269298,1.5580875166971968,1.4325598172538254,0.14168756802226826,0.0,0.1470091359757827,0.19472561015010456,-0.02091137729082515,0.052990864024217335,0.005274389849895449,0.02091137729082515,0.2,0.2,0.0,0.24488167552692852,-0.13352819429082372,0,0,8,False
0,9,0.11548158756509018,-1.5495382642269298,1.5580875166971968,1.4325598172538254,0.14168756802226826,0.0,0.1470091359757827,0.19472561015010456,-0.02091137729082515,0.9677478671073914,-0.6133151054382324,0.9823140501976013,-0.4145146608352661,-0.9393805861473083,-0.19694994390010834,0.1284806873166301,-1.5440278329449946,1.5605128223754503,1.4180247613810713,0.15776450873107634,0.0,0.1458415219675811,0.19340112387104963,-0.019916281508836786,0.05415847803241891,0.00659887612895037,0.019916281508836786,0.2,0.2,0.0,0.2430440341039968,-0.13314560282268123,0,0,9,False
0,10,0.1284806873166301,-1.5440278329449946,1.5605128223754503,1.4180247613810713,0.15776450873107634,0.0,0.1458415219675811,0.19340112387104963,-0.019916281508836786,0.9632916450500488,-0.6406010389328003,0.9810818433761597,-0.1829938441514969,-0.5686100721359253,-0.40038207173347473,0.1284806873166301,-1.5440278329449946,1.5605128223754503,1.4180247613810713,0.15776450873107634,0.0,0.14462163727590827,0.19206353648980887,-0.019235210245593548,0.055378362724091745,0.007936463510191146,0.019235210245593548,0.2,0.2,0.0,0.24119248191129156,-0.1320807190285933,0,0,10,False
0,11,0.1284806873166301,-1.5440278329449946,1.5605128223754503,1.4180247613810713,0.15776450873107634,0.0,0.14462163727590827,0.19206353648980887,-0.019235210245593548,0.9996311664581299,-0.8232218027114868,0.9735543727874756,-0.48947200179100037,-0.394809365272522,-0.35921600461006165,0.1507207535847478,-1.5346426693352193,1.5642466096561753,1.3951844597923355,0.18420482988085157,0.0,0.14391864369840743,0.19107503719450897,-0.018750895418837843,0.05608135630159258,0.008924962805491035,0.018750895418837843,0.2,0.2,0.0,0.23994549781540042,-0.13750290794878886,0,0,11,False
0,12,0.1507207535847478,-1.5346426693352193,1.5642466096561753,1.3951844597923355,0.18420482988085157,0.0,0.14391864369840743,0.19107503719450897,-0.018750895418837843,0.988258421421051,-0.436514675617218,0.9584197402000427,-0.29820355772972107,-0.7092193365097046,0.2518850266933441,0.1669599678881198,-1.5288912490798228,1.5667756662260977,1.3786797929291772,0.20344807970683654,0.0,0.1432116419448367,0.19020848733528023,-0.01838170531204121,0.056788358055163315,0.009791512664719785,0.01838170531204121,0.2,0.2,0.0,0.23880270126841172,-0.13797338516431878,0,0,12,False
0,13,0.1669599678881198,-1.5288912490798228,1.5667756662260977,1.3786797929291772,0.20344807970683654,0.0,0.1432116419448367,0.19020848733528023,-0.01838170531204121,0.996746301651001,-0.5523191690444946,0.9334307909011841,-0.08791354298591614,-0.7746914625167847,-0.2720949947834015,0.18089294295856248,-1.5169273217882162,1.5677523208589854,1.364813539591444,0.21997902361012958,0.0,0.14276425160100414,0.18906183471235802,-0.01756718080921392,0.05723574839899588,0.010938165287641986,0.01756718080921392,0.2,0.2,0.0,0.23755970769804674,-0.13634991814537362,0,0,13,False
0,14,0.18089294295856248,-1.5169273217882162,1.5677523208589854,1.364813539591444,0.21997902361012958,0.0,0.14276425160100414,0.18906183471235802,-0.01756718080921392,0.9957061409950256,-0.6012165546417236,0.9859732389450073,-0.6518294811248779,-0.36035773158073425,-0.04107026383280754,0.1956977549078224,-1.5096908808094671,1.568246436077954,1.3502738234069858,0.24147955670764645,0.0,0.14189857876111428,0.18783593700229387,-0.017238848799511833,0.05810142123888573,0.012164062997706133,0.017238848799511833,0.2,0.2,0.0,0.23603966571719742,-0.13281941305010553,0,0,14,False
0,15,0.1956977549078224,-1.5096908808094671,1.568246436077954,1.3502738234069858,0.24147955670764645,0.0,0.14189857876111428,0.18783593700229387,-0.017238848799511833,0.9940820336341858,0.18231317400932312,0.8494230508804321,-0.5886106491088867,-0.8627281188964844,-0.03115585632622242,0.21018303985812684,-1.501244056002845,1.5702005497747542,1.3341496256531935,0.25783720412346367,0.0,0.14189857876111428,0.18783593700229387,-0.017238848799511833,0.05810142123888573,0.012164062997706133,0.017238848799511833,0.2,0.2,0.0,0.23603966571719742,-0.1480198328585987,0,0,15,False
0,16,0.21018303985812684,-1.501244056002845,1.5702005497747542,1.3341496256531935,0.25783720412346367,0.0,0.14189857876111428,0.18783593700229387,-0.017238848799511833,0.981462299823761,-0.06108948215842247,0.9025735855102539,-0.2593086063861847,-0.908128023147583,-0.0924517810344696,0.22329404304696843,-1.4804498940710924,1.5677038199021553,1.318559312983156,0.2776031873444704,0.0,0.14102588142760603,0.18641526789988852,-0.01645530812975346,0.058974118572394,0.01358473210011148,0.01645530812975346,0.2,0.2,0.0,0.23432824947979602,-0.13004996236588404,0,0,16,False
0,17,0.22329404304696843,-1.4804498940710924,1.5677038199021553,1.318559312983156,0.2776031873444704,0.0,0.14102588142760603,0.18641526789988852,-0.01645530812975346,0.9553580284118652,-0.26634472608566284,0.9046969413757324,-0.1957562118768692,-0.9784016609191895,-0.5283347964286804,0.23584800278124446,-1.4664564797462538,1.5662779840633925,1.3060243770189646,0.2927763572755617,0.0,0.14072146520135623,0.18522178022428926,-0.015692553190986294,0.059278534798643784,0.01477821977571074,0.015692553190986294,0.2,0.2,0.0,0.23314350701557907,-0.13472432886561994,0,0,17,False
0,18,0.23584800278124446,-1.4664564797462538,1.5662779840633925,1.3060243770189646,0.2927763572755617,0.0,0.14072146520135623,0.18522178022428926,-0.015692553190986294,0.864970862865448,0.31463485956192017,0.9672634601593018,0.1560123860836029,0.5657967925071716,-0.5191223621368408,0.24902108183627394,-1.444190501610608,1.5662047839086466,1.2963979299441448,0.3154187686826225,0.0,0.1404684825424749,0.18396973319245172,-0.014955486650665251,0.05953151745752512,0.016030266807548287,0.014955486650665251,0.2,0.2,0.0,0.23194810604884375,-0.1340200433570687,0,0,18,False
0,19,0.24902108183627394,-1.444190501610608,1.5662047839086466,1.2963979299441448,0.3154187686826225,0.0,0.1404684825424749,0.18396973319245172,-0.014955486650665251,0.9844481945037842,0.359419584274292,0.9883544445037842,0.23008672893047333,-0.9727420210838318,0.4149428904056549,0.2599871970792382,-1.4264990262960975,1.5679072209481733,1.2927577269571748,0.3303452564965612,0.0,0.1421909974842604,0.18343217615078433,-0.013099777250821731,0.0578090025157396,0.016567823849215693,0.013099777250821731,0.2,0.2,0.0,0.23245913012183986,-0.15133980579088102,0,0,19,False
0,20,0.2599871970792382,-1.4264990262960975,1.5679072209481733,1.2927577269571748,0.3303452564965612,0.0,0.1421909974842604,0.18343217615078433,-0.013099777250821731,0.9863150715827942,0.5858796834945679,0.9513801336288452,0.12392532080411911,-0.8792519569396973,0.21669909358024597,0.27411186250258623,-1.403328361979881,1.569689468032349,1.2889495333041407,0.35034161209936476,0.0,0.14421688354968767,0.18310365735356038,-0.01124760294602288,0.05578311645031234,0.016896342646439643,0.01124760294602288,0.2,0.2,0.0,0.23334945341497076,-0.15557795963879445,0,0,20,False
0,21,0.27411186250258623,-1.403328361979881,1.569689468032349,1.2889495333041407,0.35034161209936476,0.0,0.14421688354968767,0.18310365735356038,-0.01124760294602288,0.9852501153945923,0.20840078592300415,0.9654821157455444,-0.016218312084674835,-0.7386924028396606,0.3677448034286499,0.28626313905197065,-1.386195135536007,1.5705200353222502,1.2835442816530995,0.3659843542778675,0.0,0.14577633066004464,0.18243799342699016,-0.009669774372564513,0.05422366933995536,0.01756200657300986,0.009669774372564513,0.2,0.2,0.0,0.23372604596576196,-0.15062894849079297,0,0,21,False
0,22,0.28626313905197065,-1.386195135536007,1.5705200353222502,1.2835442816530995,0.3659843542778675,0.0,0.14577633066004464,0.18243799342699016,-0.009669774372564513,0.9842439889907837,0.01971673220396042,0.937451183795929,0.7549887299537659,-0.9450531601905823,0.20226584374904633,0.2967703635162837,-1.369962530533777,1.5713166773844516,1.281300689491847,0.3807276247670061,0.0,0.14755108648538426,0.18207413641653297,-0.008124306046258245,0.05244891351461575,0.017925863583467032,0.008124306046258245,0.2,0.2,0.0,0.2344958818904436,-0.15494630019203814,0,0,22,False
0,23,0.2967703635162837,-1.369962530533777,1.5713166773844516,1.281300689491847,0.3807276247670061,0.0,0.14755108648538426,0.18207413641653297,-0.008124306046258245,0.991384744644165,0.19438977539539337,0.8218106031417847,0.23133064806461334,0.28278350830078125,0.4117451310157776,0.3143346938181492,-1.3481594457103394,1.5708993609606374,1.2947075493750073,0.40286235496012796,0.0,0.1512527067628946,0.18204180465292502,-0.006681428983677212,0.0487472932371054,0.017958195347075004,0.006681428983677212,0.2,0.2,0.0,0.2367725521205104,-0.17115297836092327,0,0,23,False
0,24,0.3143346938181492,-1.3481594457103394,1.5708993609606374,1.2947075493750073,0.40286235496012796,0.0,0.1512527067628946,0.18204180465292502,-0.006681428983677212,0.9533500671386719,0.44902539253234863,0.9913603663444519,-0.3404673635959625,-0.9618455767631531,0.49223312735557556,0.3220183968409703,-1.3303772904840694,1.5692422300270883,1.2898604398498255,0.41723092201407547,0.0,0.1512527067628946,0.18204180465292502,-0.006681428983677212,0.0487472932371054,0.017958195347075004,0.006681428983677212,0.2,0.2,0.0,0.2367725521205104,-0.1483862760602552,0,0,24,False
0,25,0.3220183968409703,-1.3303772904840694,1.5692422300270883,1.2898604398498255,0.41723092201407547,0.0,0.1512527067628946,0.18204180465292502,-0.006681428983677212,0.9816752076148987,0.4406743049621582,0.9254801869392395,-0.15571357309818268,-0.9910725951194763,0.06726197153329849,0.3220183968409703,-1.3303772904840694,1.5692422300270883,1.2898604398498255,0.41723092201407547,0.0,0.1522658970516091,0.1816740392997537,-0.005479857053121432,0.047734102948390936,0.018325960700246297,0.005479857053121432,0.2,0.2,0.0,0.23710839039085543,-0.15191257789887802,0,0,25,False
0,26,0.3220183968409703,-1.3303772904840694,1.5692422300270883,1.2898604398498255,0.41723092201407547,0.0,0.1522658970516091,0.1816740392997537,-0.005479857053121432,0.9755162596702576,0.533819317817688,0.9703062176704407,0.45212939381599426,-0.5840675234794617,0.5065538287162781,0.3295929874360977,-1.3174570505428254,1.570783189615032,1.2801494753122318,0.4283049146981607,0.0,0.15299116323669118,0.17987780906304787,-0.0030807895957146725,0.04700883676330883,0.020122190936952132,0.0030807895957146725,0.2,0.2,0.0,0.23616056717066727,-0.13860205138345205,0,0,26,False
0,27,0.3295929874360977,-1.3174570505428254,1.570783189615032,1.2801494753122318,0.4283049146981607,0.0,0.15299116323669118,0.17987780906304787,-0.0030807895957146725,0.9542021751403809,0.5737555027008057,0.9747753143310547,0.5323746204376221,-0.9396013021469116,0.47060033679008484,0.3738553328786321,-1.2575238486059,1.5602111255719067,1.2456855728214722,0.4828528226861422,0.0,0.15287111574889128,0.1787232859151397,-0.0030173338950750354,0.04712888425110871,0.021276714084860305,0.0030173338950750354,0.2,0.2,0.0,0.23520351881392007,-0.138031275839488,0,0,27,False
0,28,0.3738553328786321,-1.2575238486059,1.5602111255719067,1.2456855728214722,0.4828528226861422,0.0,0.15287111574889128,0.1787232859151397,-0.0030173338950750354,0.9803959131240845,0.6845788955688477,0.8201634883880615,0.9259227514266968,-0.9648840427398682,0.18730206787586212,0.38350675827663194,-1.2343893017956984,1.5520180351538588,1.253674516918592,0.4997565811237747,0.0,0.15407340081846965,0.17861080169175494,-0.0031420061533692055,0.04592659918153037,0.021389198308245063,0.0031420061533692055,0.2,0.2,0.0,0.23590316556461896,-0.15494805028929837,0,0,28,False
0,29,0.38350675827663194,-1.2343893017956984,1.5520180351538588,1.253674516918592,0.4997565811237747,0.0,0.15407340081846965,0.17861080169175494,-0.0031420061533692055,0.9804526567459106,0.5834577083587646,0.8742236495018005,0.5918939709663391,-0.989266574382782,0.27091753482818604,0.39354786691142624,-1.2199893024053643,1.5465429347109312,1.267205690050213,0.5141183256391109,0.0,0.15725535809482902,0.17908945436593784,-0.0028105191096046665,0.042744641905170994,0.020910545634062163,0.0028105191096046665,0.2,0.2,0.0,0.23834886056427393,-0.17363138027868666,0,0,29,False
0,30,0.39354786691142624,-1.2199893024053643,1.5465429347109312,1.267205690050213,0.5141183256391109,0.0,0.15725535809482902,0.17908945436593784,-0.0028105191096046665,0.9994756579399109,0.15852001309394836,0.8712210655212402,0.09090341627597809,-0.9523407816886902,-0.20518209040164948,0.40529716917616215,-1.197220111073271,1.5379713036414016,1.275149025009279,0.5321593161908313,0.0,0.15902718078792885,0.17909401562873098,-0.002821123512280834,0.04097281921207116,0.020905984371269042,0.002821123512280834,0.2,0.2,0.0,0.23952509138136716,-0.16152485386161583,0,0,30,False
0,31,0.40529716917616215,-1.197220111073271,1.5379713036414016,1.275149025009279,0.5321593161908313,0.0,0.15902718078792885,0.17909401562873098,-0.002821123512280834,0.9779398441314697,0.7168225646018982,0.9526300430297852,0.6489946842193604,-0.9930700659751892,0.24562297761440277,0.4122699248849996,-1.1769074573649938,1.5282861292695649,1.2744389244283387,0.5444075997417666,0.0,0.159318510314329,0.17878252658056976,-0.003085977296114626,0.04068148968567101,0.02121747341943027,0.003085977296114626,0.2,0.2,0.0,0.23948925402861237,-0.14938625348675838,0,0,31,False
0,32,0.4122699248849996,-1.1769074573649938,1.5282861292695649,1.2744389244283387,0.5444075997417666,0.0,0.159318510314329,0.17878252658056976,-0.003085977296114626,0.9461047649383545,0.6036733388900757,0.6471191644668579,0.3925660252571106,-0.9141772389411926,0.33023208379745483,0.4246705319723545,-1.1577074689871454,1.51885835992338,1.2849093412880725,0.5628966801528119,0.0,0.159318510314329,0.17878252658056976,-0.003085977296114626,0.04068148968567101,0.02121747341943027,0.003085977296114626,0.2,0.2,0.0,0.23948925402861237,-0.1497446270143062,0,0,32,False
0,33,0.4246705319723545,-1.1577074689871454,1.51885835992338,1.2849093412880725,0.5628966801528119,0.0,0.159318510314329,0.17878252658056976,-0.003085977296114626,0.9949586391448975,0.46764427423477173,0.8895885944366455,0.6988620758056641,-0.9042479991912842,-0.2553854286670685,0.43116008755569896,-1.1367364719256532,1.5096724493725755,1.2894937711610752,0.5753503792408419,0.0,0.16097821024202497,0.17871514787881804,-0.0034844295134693858,0.039021789757975045,0.021284852121181988,0.0034844295134693858,0.2,0.2,0.0,0.24055192683308052,-0.16090269146122171,0,0,33,False
0,34,0.43116008755569896,-1.1367364719256532,1.5096724493725755,1.2894937711610752,0.5753503792408419,0.0,0.16097821024202497,0.17871514787881804,-0.0034844295134693858,0.9244470596313477,0.1265711784362793,0.8278462290763855,0.7184443473815918,-0.9669992923736572,0.659596860408783,0.43116008755569896,-1.1367364719256532,1.5096724493725755,1.2894937711610752,0.5753503792408419,0.0,0.18894342534959652,0.18374368840985028,-0.01532220650393984,0.011056574650403491,0.01625631159014972,0.01532220650393984,0.2,0.2,0.0,0.26400024815413353,-0.3964833372875969,0,0,34,False
0,35,0.43116008755569896,-1.1367364719256532,1.5096724493725755,1.2894937711610752,0.5753503792408419,0.0,0.18894342534959652,0.18374368840985028,-0.01532220650393984,0.961222231388092,0.7603013515472412,0.8517534732818604,0.9633017778396606,-0.9954363107681274,0.7557238340377808,0.43116008755569896,-1.1367364719256532,1.5096724493725755,1.2894937711610752,0.5753503792408419,0.0,0.18903674273060586,0.18309600077082197,-0.017038751589791207,0.01096325726939416,0.01690399922917803,0.017038751589791207,0.2,0.2,0.0,0.26372211635773884,-0.15907974021492255,0,0,35,False
0,36,0.43116008755569896,-1.1367364719256532,1.5096724493725755,1.2894937711610752,0.5753503792408419,0.0,0.18903674273060586,0.18309600077082197,-0.017038751589791207,0.9386757612228394,0.7708204388618469,0.6127588152885437,0.5706130266189575,-0.9299967288970947,0.09991049766540527,0.43116008755569896,-1.1367364719256532,1.5096724493725755,1.2894937711610752,0.5753503792408419,0.0,0.18954580018117895,0.18322629243432315,-0.019104748454431622,0.01045419981882105,0.016773707565676855,0.019104748454431622,0.2,0.2,0.0,0.26431889077222354,-0.16812718953095868,0,0,36,False
0,37,0.43116008755569896,-1.1367364719256532,1.5096724493725755,1.2894937711610752,0.5753503792408419,0.0,0.18954580018117895,0.18322629243432315,-0.019104748454431622,0.9755193591117859,0.7539907693862915,0.9188565611839294,0.8859538435935974,-0.9423101544380188,0.5344157814979553,0.687336655083431,-0.4896169667058285,1.203014283614486,1.5542265740469596,1.050244456280482,0.0,0.18954580018117895,0.18322629243432315,-0.019104748454431622,0.01045419981882105,0.016773707565676855,0.019104748454431622,0.2,0.2,0.0,0.26431889077222354,-0.16215944538611177,0,0,37,False
0,38,0.687336655083431,-0.4896169667058285,1.203014283614486,1.5542265740469596,1.050244456280482,0.0,0.18954580018117895,0.18322629243432315,-0.019104748454431622,-0.9156314134597778,0.716616153717041,-0.560303807258606,0.9632900953292847,-0.9927487969398499,0.9371966123580933,0.6800856280768902,-0.47215289082608175,1.187827326503524,1.560986531260132,1.0526776404540936,0.0,0.18907196355435732,0.18290968469558175,-0.01977316711121066,0.010928036445642688,0.017090315304418256,0.01977316711121066,0.2,0.2,0.0,0.2638089048825783,-0.15680459354483678,0,0,38,False
0,39,0.6800856280768902,-0.47215289082608175,1.187827326503524,1.560986531260132,1.0526776404540936,0.0,0.18907196355435732,0.18290968469558175,-0.01977316711121066,-0.8790322542190552,0.715420126914978,-0.6598567366600037,0.905822217464447,-0.9923394322395325,0.8444119095802307,0.6578090825984001,-0.4504917672894366,1.163827326507039,1.5700143053517193,1.0566929146336048,0.0,0.18696144229229789,0.18204671538295059,-0.02091533324986794,0.01303855770770214,0.01795328461704942,0.02091533324986794,0.2,0.2,0.0,0.2617881560550253,-0.14068658975198278,0,0,39,False
0,40,0.6578090825984001,-0.4504917672894366,1.163827326507039,1.5700143053517193,1.0566929146336048,0.0,0.18696144229229789,0.18204671538295059,-0.02091533324986794,-0.8235629200935364,0.5819909572601318,-0.6731393337249756,0.8710098266601562,-0.9723495244979858,0.8454665541648865,0.6404668740416041,-0.43462507310012805,1.1446273265098799,1.5749074852175216,1.0594205202598146,0.0,0.18448957118793427,0.1810327989308087,-0.021764166763929477,0.015510428812065737,0.01896720106919131,0.021764166763929477,0.2,0.2,0.0,0.2593895817506143,-0.13570904783119675,0,0,40,False
0,41,0.6404668740416041,-0.43462507310012805,1.1446273265098799,1.5749074852175216,1.0594205202598146,0.0,0.18448957118793427,0.1810327989308087,-0.021764166763929477,-0.9229894876480103,0.5618661642074585,-0.4554060697555542,0.9693557620048523,-0.9952720999717712,0.9627928733825684,0.6181908083082025,-0.4140857811762421,1.121256759306249,1.581793035826579,1.063486077166036,0.0,0.18448957118793427,0.1810327989308087,-0.021764166763929477,0.015510428812065737,0.01896720106919131,0.021764166763929477,0.2,0.2,0.0,0.2593895817506143,-0.15969479087530714,0,0,41,False
0,42,0.6181908083082025,-0.4140857811762421,1.121256759306249,1.581793035826579,1.063486077166036,0.0,0.18448957118793427,0.1810327989308087,-0.021764166763929477,-0.9230595827102661,0.460656076669693,-0.7411725521087646,0.9459570050239563,-0.9952982068061829,0.8951866626739502,0.6007495691786184,-0.3997155068143271,1.1020567593091566,1.5877922074853845,1.0659922021036148,0.0,0.18212145263312138,0.18023817990919924,-0.0226199361501562,0.017878547366878626,0.019761820090800773,0.0226199361501562,0.2,0.2,0.0,0.257226916394098,-0.1369868046318863,0,0,42,False
0,43,0.6007495691786184,-0.3997155068143271,1.1020567593091566,1.5877922074853845,1.0659922021036148,0.0,0.18212145263312138,0.18023817990919924,-0.0226199361501562,-0.8679897785186768,0.3076409697532654,-0.6595880389213562,0.9404395222663879,-0.9948344826698303,0.7971127033233643,0.5834418805065034,-0.386724013132773,1.0828567593120997,1.5932013801054705,1.0684024065704085,0.0,0.17957262458588688,0.179449954543064,-0.023565678901661447,0.020427375414113134,0.020550045456936,0.023565678901661447,0.2,0.2,0.0,0.25495873177490475,-0.13479751969551979,0,0,43,False
0,44,0.5834418805065034,-0.386724013132773,1.0828567593120997,1.5932013801054705,1.0684024065704085,0.0,0.17957262458588688,0.179449954543064,-0.023565678901661447,-0.9035952091217041,0.604677140712738,-0.12062940001487732,0.9410538077354431,-0.9801548719406128,0.772246778011322,0.5613146133142826,-0.36760595208314495,1.0608335012387906,1.6009480611933598,1.071956270228903,0.0,0.17680672658208102,0.17865028982797,-0.024578936411816507,0.02319327341791898,0.021349710172030023,0.024578936411816507,0.2,0.2,0.0,0.25254834930251385,-0.132170349927348,0,0,44,False
0,45,0.5613146133142826,-0.36760595208314495,1.0608335012387906,1.6009480611933598,1.071956270228903,0.0,0.17680672658208102,0.17865028982797,-0.024578936411816507,-0.8734554052352905,0.47193264961242676,-0.6276702284812927,0.8568786382675171,-0.9905966520309448,0.8931333422660828,0.5440760018683325,-0.3533645385734019,1.041791214348721,1.6055306136397896,1.074370167451665,0.0,0.1745677342197241,0.17831919727414908,-0.025299352764630995,0.025432265780275912,0.02168080272585092,0.025299352764630995,0.2,0.2,0.0,0.2508220229513636,-0.13814774796417903,0,0,45,False
0,46,0.5440760018683325,-0.3533645385734019,1.041791214348721,1.6055306136397896,1.074370167451665,0.0,0.1745677342197241,0.17831919727414908,-0.025299352764630995,-0.7848528623580933,0.5309465527534485,-0.6333401203155518,0.9544347524642944,-0.9966282248497009,-0.4346032738685608,0.5222498157953173,-0.33253267925717517,1.0179854858293078,1.6115729394051872,1.0783430253511814,0.0,0.1717076041880248,0.177727276943811,-0.02590689115030087,0.028292395811975197,0.022272723056189027,0.02590689115030087,0.2,0.2,0.0,0.24847867778730437,-0.1308058872530601,0,0,46,False
0,47,0.5222498157953173,-0.33253267925717517,1.0179854858293078,1.6115729394051872,1.0783430253511814,0.0,0.1717076041880248,0.177727276943811,-0.02590689115030087,-0.9139261245727539,0.6279219388961792,-0.6653729677200317,0.9383409023284912,-0.994072675704956,0.8956158757209778,0.5050168229866365,-0.3183721647007038,0.9988910732957939,1.615436691238882,1.0800007882743363,0.0,0.16872495018320105,0.17708814665558764,-0.02658752934707312,0.03127504981679895,0.022911853344412376,0.02658752934707312,0.2,0.2,0.0,0.2460390562837861,-0.1286233131067105,0,0,47,False
0,48,0.5050168229866365,-0.3183721647007038,0.9988910732957939,1.615436691238882,1.0800007882743363,0.0,0.16872495018320105,0.17708814665558764,-0.02658752934707312,-0.8234251141548157,0.512668251991272,-0.4323028028011322,0.8613505959510803,-0.98960280418396,0.6984691619873047,0.4831900458314653,-0.2992283147671139,0.9758964319432495,1.6218479072539422,1.0831050979738712,0.0,0.16613476055271365,0.17690190758632246,-0.02717710909471678,0.03386523944728635,0.02309809241367755,0.02717710909471678,0.2,0.2,0.0,0.24419999760510525,-0.13370941201574396,0,0,48,False
0,49,0.4831900458314653,-0.2992283147671139,0.9758964319432495,1.6218479072539422,1.0831050979738712,0.0,0.16613476055271365,0.17690190758632246,-0.02717710909471678,-0.9587132334709167,0.35277578234672546,-0.6593438982963562,0.8753368854522705,-0.9975175857543945,0.8546470999717712,0.46595492790228826,-0.2865892738832663,0.9569082366926168,1.6249703474361352,1.0851487167866025,0.0,0.1628847206282299,0.17651367651835434,-0.027731872085851192,0.0371152793717701,0.023486323481645675,0.027731872085851192,0.2,0.2,0.0,0.24177999698392907,-0.12668999228020283,0,0,49,False
0,50,0.46595492790228826,-0.2865892738832663,0.9569082366926168,1.6249703474361352,1.0851487167866025,0.0,0.1628847206282299,0.17651367651835434,-0.027731872085851192,-0.9385335445404053,0.411504864692688,-0.07476754486560822,0.837617039680481,-0.9713010191917419,0.9331326484680176,0.4488000359096196,-0.27324658998791335,0.9401045227873697,1.6290645855268617,1.0876634161402552,0.0,0.1600440788122744,0.17646495700429318,-0.028235977291964615,0.039955921187725604,0.02353504299570682,0.028235977291964615,0.2,0.2,0.0,0.23989843398202682,-0.13113358697199082,0,0,50,False
0,51,0.4488000359096196,-0.27324658998791335,0.9401045227873697,1.6290645855268617,1.0876634161402552,0.0,0.1600440788122744,0.17646495700429318,-0.028235977291964615,-0.8871878385543823,0.12783342599868774,-0.35221055150032043,0.5534203052520752,-0.9733947515487671,0.3037801682949066,0.4248000359104919,-0.25268935597849873,0.9161045227914555,1.6336712944459177,1.0917618948862875,0.0,0.1600440788122744,0.17646495700429318,-0.028235977291964615,0.039955921187725604,0.02353504299570682,0.028235977291964615,0.2,0.2,0.0,0.23989843398202682,-0.1499492169910134,0,0,51,False
0,52,0.4248000359104919,-0.25268935597849873,0.9161045227914555,1.6336712944459177,1.0917618948862875,0.0,0.1600440788122744,0.17646495700429318,-0.028235977291964615,-0.936103880405426,0.003320741467177868,-0.6776652932167053,0.6086682081222534,-0.9905279278755188,0.8586495518684387,0.4248000359104919,-0.25268935597849873,0.9161045227914555,1.6336712944459177,1.0917618948862875,0.0,0.14808798882646335,0.1759741242226242,-0.029313008990656184,0.051912011173536665,0.024025875777375808,0.029313008990656184,0.2,0.2,0.0,0.2318538275005884,-0.06548084893590993,0,0,52,False
0,53,0.4248000359104919,-0.25268935597849873,0.9161045227914555,1.6336712944459177,1.0917618948862875,0.0,0.14808798882646335,0.1759741242226242,-0.029313008990656184,-0.9515172839164734,0.2257372885942459,-0.6299710273742676,0.7051630020141602,-0.9798153042793274,0.9270187020301819,0.4248000359104919,-0.25268935597849873,0.9161045227914555,1.6336712944459177,1.0917618948862875,0.0,0.14808798882646335,0.1759741242226242,-0.029313008990656184,0.051912011173536665,0.024025875777375808,0.029313008990656184,0.2,0.2,0.0,0.2318538275005884,-0.1459269137502942,0,0,53,False
0,54,0.4248000359104919,-0.25268935597849873,0.9161045227914555,1.6336712944459177,1.0917618948862875,0.0,0.14808798882646335,0.1759741242226242,-0.029313008990656184,-0.9141066670417786,0.0957825556397438,-0.4972740411758423,0.8419294357299805,-0.9665069580078125,0.47405940294265747,0.35500984930041524,-0.2317263749171976,0.845558630179774,1.6205696388262762,1.1042608928808069,0.0,0.14303750712560265,0.17584910426610995,-0.029803415028280267,0.05696249287439738,0.024150895733890076,0.029803415028280267,0.2,0.2,0.0,0.22862825604733977,-0.11205841349118373,0,0,54,False
0,55,0.35500984930041524,-0.2317263749171976,0.845558630179774,1.6205696388262762,1.1042608928808069,0.0,0.14303750712560265,0.17584910426610995,-0.029803415028280267,-0.938667356967926,0.35455241799354553,-0.32660791277885437,0.705041229724884,-0.978022575378418,0.07761992514133453,0.32343677677896754,-0.2246453858220377,0.8105357469378721,1.6202622678452567,1.1072353331279758,0.0,0.1389331670013242,0.1759262309156094,-0.030956609394718698,0.06106683299867584,0.02407376908439059,0.030956609394718698,0.2,0.2,0.0,0.22629797896226855,-0.11984621863042208,0,0,55,False
0,56,0.32343677677896754,-0.2246453858220377,0.8105357469378721,1.6202622678452567,1.1072353331279758,0.0,0.1389331670013242,0.1759262309156094,-0.030956609394718698,-0.9127587080001831,0.08051717281341553,-0.09712378680706024,0.6517961025238037,-0.9516246318817139,0.5528712272644043,0.30180350169442854,-0.21793284177192399,0.7893549296354073,1.6198845015435617,1.1096428635101192,0.0,0.13560441749406366,0.1764009464794462,-0.03145531116791714,0.06439558250593634,0.023599053520553807,0.03145531116791714,0.2,0.2,0.0,0.22471156748912427,-0.1264916690131193,0,0,56,False
0,57,0.30180350169442854,-0.21793284177192399,0.7893549296354073,1.6198845015435617,1.1096428635101192,0.0,0.13560441749406366,0.1764009464794462,-0.03145531116791714,-0.8787910342216492,-0.019476335495710373,-0.7070218920707703,0.6570837497711182,-0.9710898399353027,0.24871180951595306,0.2850839526016626,-0.21800746609019364,0.7705751317398982,1.618702633354746,1.1124670565560617,0.0,0.13072365520027757,0.17693587174489123,-0.03288158343411629,0.06927634479972243,0.02306412825510879,0.03288158343411629,0.2,0.2,0.0,0.22243240606570885,-0.11842458879870027,0,0,57,False
0,58,0.2850839526016626,-0.21800746609019364,0.7705751317398982,1.618702633354746,1.1124670565560617,0.0,0.13072365520027757,0.17693587174489123,-0.03288158343411629,-0.9472568035125732,0.031076084822416306,-0.34488269686698914,0.5956568717956543,-0.9622483253479004,-0.08114665746688843,0.26347517326800823,-0.2212335615591664,0.7483566844683177,1.6175114430820257,1.1145232857580585,0.0,0.12616456451676772,0.17734149617065686,-0.03462752646947018,0.07383543548323229,0.022658503829343157,0.03462752646947018,0.2,0.2,0.0,0.22037824119714408,-0.11964747191292431,0,0,58,False
0,59,0.26347517326800823,-0.2212335615591664,0.7483566844683177,1.6175114430820257,1.1145232857580585,0.0,0.12616456451676772,0.17734149617065686,-0.03462752646947018,-0.9398731589317322,0.28449547290802,-0.21500012278556824,0.6050189733505249,-0.9615234732627869,-0.3378947377204895,0.24191324062470976,-0.21806518946683034,0.726647856558366,1.615252332370114,1.1167840510382587,0.0,0.12171139278029472,0.17817465440956667,-0.03602725825782852,0.07828860721970529,0.021825345590433344,0.03602725825782852,0.2,0.2,0.0,0.21876433425964106,-0.12324309775479035,0,0,59,False
0,60,0.24191324062470976,-0.21806518946683034,0.726647856558366,1.615252332370114,1.1167840510382587,0.0,0.12171139278029472,0.17817465440956667,-0.03602725825782852,-0.8892953991889954,0.2547803521156311,-0.19879962503910065,0.7183051109313965,-0.9518015384674072,0.07183252274990082,0.22529465152983386,-0.20828387426020334,0.7098512670941757,1.6131374799819784,1.1192624952589458,0.0,0.11791371073471664,0.17932493276875935,-0.03641905166200938,0.08208628926528337,0.020675067231240653,0.03641905166200938,0.2,0.2,0.0,0.2176865223566002,-0.12806514214789133,0,0,60,False
0,61,0.22529465152983386,-0.20828387426020334,0.7098512670941757,1.6131374799819784,1.1192624952589458,0.0,0.11791371073471664,0.17932493276875935,-0.03641905166200938,-0.907306432723999,0.319583922624588,-0.3562586307525635,0.5276150107383728,-0.9335662722587585,0.18564888834953308,0.20413120680058794,-0.20090273937388586,0.6877126830606616,1.6127642448865656,1.1214366794268065,0.0,0.11400145201954304,0.18057788649221113,-0.03744282548894892,0.08599854798045697,0.01942211350778887,0.03744282548894892,0.2,0.2,0.0,0.21681021501108738,-0.12964203405041563,0,0,61,False
0,62,0.20413120680058794,-0.20090273937388586,0.6877126830606616,1.6127642448865656,1.1214366794268065,0.0,0.11400145201954304,0.18057788649221113,-0.03744282548894892,-0.9172446727752686,-0.21009951829910278,-0.28661519289016724,0.433032363653183,-0.9065896272659302,-0.19225817918777466,0.1875381052886599,-0.19261884237273794,0.6706729562151019,1.6086589186336713,1.123988389729111,0.0,0.11400145201954304,0.18057788649221113,-0.03744282548894892,0.08599854798045697,0.01942211350778887,0.03744282548894892,0.2,0.2,0.0,0.21681021501108738,-0.1384051075055437,0,0,62,False
0,63,0.1875381052886599,-0.19261884237273794,0.6706729562151019,1.6086589186336713,1.123988389729111,0.0,0.11400145201954304,0.18057788649221113,-0.03744282548894892,-0.8869197368621826,-0.07285167276859283,0.004803978372365236,0.4828052520751953,-0.8850412368774414,-0.7442125082015991,0.1875381052886599,-0.19261884237273794,0.6706729562151019,1.6086589186336713,1.123988389729111,0.0,0.10963480468153856,0.18189313068763355,-0.038303973505945776,0.09036519531846145,0.018106869312366457,0.038303973505945776,0.2,0.2,0.0,0.21580568985838128,-0.1278575934021296,0,0,63,False
0,64,0.1875381052886599,-0.19261884237273794,0.6706729562151019,1.6086589186336713,1.123988389729111,0.0,0.10963480468153856,0.18189313068763355,-0.038303973505945776,-0.9636560678482056,0.21342875063419342,-0.07149821519851685,0.6778370141983032,-0.8338581323623657,-0.5139644145965576,0.1875381052886599,-0.19261884237273794,0.6706729562151019,1.6086589186336713,1.123988389729111,0.0,0.09141921958084728,0.18695726493799816,-0.04856705018867022,0.10858078041915273,0.013042735062001858,0.04856705018867022,0.2,0.2,0.0,0.21370365225212418,-0.11583145006349108,0,0,64,False
0,65,0.1875381052886599,-0.19261884237273794,0.6706729562151019,1.6086589186336713,1.123988389729111,0.0,0.09141921958084728,0.18695726493799816,-0.04856705018867022,-0.9729986786842346,0.18391554057598114,0.049626052379608154,0.3966328203678131,-0.8960195779800415,-0.7366051077842712,0.1875381052886599,-0.19261884237273794,0.6706729562151019,1.6086589186336713,1.123988389729111,0.0,0.09141921958084728,0.18695726493799816,-0.04856705018867022,0.10858078041915273,0.013042735062001858,0.04856705018867022,0.2,0.2,0.0,0.21370365225212418,-0.1368518261260621,0,0,65,False
0,66,0.1875381052886599,-0.19261884237273794,0.6706729562151019,1.6086589186336713,1.123988389729111,0.0,0.09141921958084728,0.18695726493799816,-0.04856705018867022,-0.9576749205589294,0.4035317897796631,0.5201869606971741,0.2965417802333832,-0.8039045929908752,-0.1896086186170578,0.1875381052886599,-0.19261884237273794,0.6706729562151019,1.6086589186336713,1.123988389729111,0.0,0.08663401442702362,0.1890828779703787,-0.051567096607067625,0.11336598557297639,0.010917122029621319,0.051567096607067625,0.2,0.2,0.0,0.21428241330026482,-0.14292881713153882,0,0,66,False
0,67,0.1875381052886599,-0.19261884237273794,0.6706729562151019,1.6086589186336713,1.123988389729111,0.0,0.08663401442702362,0.1890828779703787,-0.051567096607067625,-0.9297946095466614,0.13764917850494385,0.5008080005645752,0.15204523503780365,-0.9224912524223328,-0.5051562786102295,0.07664209023157852,-0.2398245854502563,0.5605576133414414,1.5730651270100724,1.1440504247032526,0.0,0.08307094308853481,0.19143810696967106,-0.052480856503679466,0.1169290569114652,0.008561893030328956,0.052480856503679466,0.2,0.2,0.0,0.21518264494403264,-0.1465936389096945,0,0,67,False
0,68,0.07664209023157852,-0.2398245854502563,0.5605576133414414,1.5730651270100724,1.1440504247032526,0.0,0.08307094308853481,0.19143810696967106,-0.052480856503679466,-0.9815468192100525,0.3017754852771759,0.6415139436721802,0.16054601967334747,-0.8603277206420898,-0.6431272625923157,0.07664209023157852,-0.2398245854502563,0.5605576133414414,1.5730651270100724,1.1440504247032526,0.0,0.08228147106779131,0.1967868727836349,-0.04831874262711858,0.1177185289322087,0.003213127216365101,0.04831874262711858,0.2,0.2,0.0,0.21870074227150674,-0.17453134441049437,0,0,68,False
0,69,0.07664209023157852,-0.2398245854502563,0.5605576133414414,1.5730651270100724,1.1440504247032526,0.0,0.08228147106779131,0.1967868727836349,-0.04831874262711858,-0.9832971096038818,0.0764254480600357,0.5697722434997559,0.466642290353775,-0.8585459589958191,-0.7967537045478821,0.07664209023157852,-0.2398245854502563,0.5605576133414414,1.5730651270100724,1.1440504247032526,0.0,0.10426111166063363,0.21894498686050315,-0.009087769403181706,0.09573888833936638,-0.018944986860503145,0.009087769403181706,0.2,0.2,0.0,0.24267235983684343,-0.39105235557178863,0,0,69,False
0,70,0.07664209023157852,-0.2398245854502563,0.5605576133414414,1.5730651270100724,1.1440504247032526,0.0,0.10426111166063363,0.21894498686050315,-0.009087769403181706,-0.9808417558670044,-0.417568564414978,0.7140591144561768,0.6427358388900757,-0.9590874314308167,-0.4866389036178589,0.07664209023157852,-0.2398245854502563,0.5605576133414414,1.5730651270100724,1.1440504247032526,0.0,0.10223449438845722,0.21875092938548082,-0.007435853140985854,0.09776550561154279,-0.01875092938548082,0.007435853140985854,0.2,0.2,0.0,0.24157639135852954,-0.13982851089612586,0,0,70,False
0,71,0.07664209023157852,-0.2398245854502563,0.5605576133414414,1.5730651270100724,1.1440504247032526,0.0,0.10223449438845722,0.21875092938548082,-0.007435853140985854,-0.9665391445159912,-0.18747523427009583,0.7243952751159668,0.4372030794620514,-0.8932144641876221,-0.667807936668396,-0.17457391617543394,-0.20409131925703777,0.8291204260372055,1.2622029731635014,1.2251964336798875,0.0,0.10527803400584042,0.22240470222493536,-0.007798866495313306,0.0947219659941596,-0.022404702224935336,0.007798866495313306,0.2,0.2,0.0,0.24618720180892584,-0.19920170540842588,0,0,71,False
0,72,-0.17457391617543394,-0.20409131925703777,0.8291204260372055,1.2622029731635014,1.2251964336798875,0.0,0.10527803400584042,0.22240470222493536,-0.007798866495313306,-0.8777876496315002,0.1056877076625824,0.46433162689208984,0.9712371230125427,-0.9777385592460632,0.09362930059432983,-0.22047616265990921,-0.21527543145172456,0.8384004180267159,1.2774831800026998,1.2269147293471512,0.0,0.10641948135293748,0.2239005626897809,-0.008661453561460697,0.09358051864706253,-0.02390056268978088,0.008661453561460697,0.2,0.2,0.0,0.24805561626785647,-0.1727119527232345,0,0,72,False
0,73,-0.22047616265990921,-0.21527543145172456,0.8384004180267159,1.2774831800026998,1.2269147293471512,0.0,0.10641948135293748,0.2239005626897809,-0.008661453561460697,-0.6814889907836914,0.5104385614395142,0.4376748502254486,0.9732574820518494,-0.9970337748527527,0.0819772258400917,-0.23248779595943195,-0.21438791001803717,0.8358390978390698,1.2886677654824243,1.2262056364885574,0.0,0.10805298351953402,0.22551421169305574,-0.009588685782955745,0.09194701648046599,-0.025514211693055726,0.009588685782955745,0.2,0.2,0.0,0.25024797665127546,-0.17704759215982768,0,0,73,False
0,74,-0.23248779595943195,-0.21438791001803717,0.8358390978390698,1.2886677654824243,1.2262056364885574,0.0,0.10805298351953402,0.22551421169305574,-0.009588685782955745,-0.5779260396957397,0.48140794038772583,0.5255906581878662,0.9786561727523804,-0.9968802332878113,-0.7931572794914246,-0.2548713685751365,-0.2073362488203124,0.8303501091482679,1.3124881545924134,1.224427858442005,0.0,0.10978930706641755,0.22682571541739177,-0.01025652047680822,0.09021069293358246,-0.026825715417391767,0.01025652047680822,0.2,0.2,0.0,0.2522078375725602,-0.1757025279991276,0,0,74,False
0,75,-0.2548713685751365,-0.2073362488203124,0.8303501091482679,1.3124881545924134,1.224427858442005,0.0,0.10978930706641755,0.22682571541739177,-0.01025652047680822,-0.7841427326202393,0.6944494247436523,0.293332040309906,0.9689691662788391,-0.9909121990203857,0.33037638664245605,-0.2642285604348848,-0.19354711234640476,0.8300557229494401,1.3258389582130718,1.2232909647222459,0.0,0.10978930706641755,0.22682571541739177,-0.01025652047680822,0.09021069293358246,-0.026825715417391767,0.01025652047680822,0.2,0.2,0.0,0.2522078375725602,-0.1561039187862801,0,0,75,False
0,76,-0.2642285604348848,-0.19354711234640476,0.8300557229494401,1.3258389582130718,1.2232909647222459,0.0,0.10978930706641755,0.22682571541739177,-0.01025652047680822,-0.5587276220321655,0.3168243169784546,0.371315598487854,0.9696193933486938,-0.9962398409843445,-0.6897413730621338,-0.2642285604348848,-0.19354711234640476,0.8300557229494401,1.3258389582130718,1.2232909647222459,0.0,0.11351068691691017,0.22735510547019808,-0.00908900312294808,0.08648931308308984,-0.027355105470198066,0.00908900312294808,0.2,0.2,0.0,0.2542786463812537,-0.17784741127756165,0,0,76,False
0,77,-0.2642285604348848,-0.19354711234640476,0.8300557229494401,1.3258389582130718,1.2232909647222459,0.0,0.11351068691691017,0.22735510547019808,-0.00908900312294808,-0.6818841695785522,0.5876333713531494,0.5524202585220337,0.9028683304786682,-0.9903176426887512,0.18673233687877655,-0.2642285604348848,-0.19354711234640476,0.8300557229494401,1.3258389582130718,1.2232909647222459,0.0,0.1176670560635747,0.23003120828300577,-0.009807654518984465,0.08233294393642532,-0.03003120828300576,0.009807654518984465,0.2,0.2,0.0,0.2585654326354777,-0.20215057885997903,0,0,77,False
0,78,-0.2642285604348848,-0.19354711234640476,0.8300557229494401,1.3258389582130718,1.2232909647222459,0.0,0.1176670560635747,0.23003120828300577,-0.009807654518984465,-0.6519398093223572,0.38573119044303894,0.7645784020423889,0.9836001396179199,-0.9862261414527893,-0.6977413892745972,-0.2642285604348848,-0.19354711234640476,0.8300557229494401,1.3258389582130718,1.2232909647222459,0.0,0.11954045388189011,0.23034914643082532,-0.010880281372834533,0.0804595461181099,-0.030349146430825306,0.010880281372834533,0.2,0.2,0.0,0.25974801230894945,-0.17169980288919212,0,0,78,False
0,79,-0.2642285604348848,-0.19354711234640476,0.8300557229494401,1.3258389582130718,1.2232909647222459,0.0,0.11954045388189011,0.23034914643082532,-0.010880281372834533,-0.5504789352416992,0.6375440359115601,0.551551103591919,0.9826012253761292,-0.9739681482315063,-0.7608884572982788,-0.2642285604348848,-0.19354711234640476,0.8300557229494401,1.3258389582130718,1.2232909647222459,0.0,0.11929416791190811,0.23038566650719547,-0.011343923172252204,0.0807058320880919,-0.030385666507195458,0.011343923172252204,0.2,0.2,0.0,0.2596870008735462,-0.1592333860827404,0,0,79,False
0,80,-0.2642285604348848,-0.19354711234640476,0.8300557229494401,1.3258389582130718,1.2232909647222459,0.0,0.11929416791190811,0.23038566650719547,-0.011343923172252204,-0.5687363147735596,0.6311634182929993,0.6790453791618347,0.9402544498443604,-0.9896338582038879,-0.7323297262191772,-0.2642285604348848,-0.19354711234640476,0.8300557229494401,1.3258389582130718,1.2232909647222459,0.0,0.11994694289273601,0.23038211486877844,-0.011449945302034591,0.080053057107264,-0.030382114868778426,0.011449945302034591,0.2,0.2,0.0,0.2599890174760155,-0.16301467476270087,0,0,80,False
0,81,-0.2642285604348848,-0.19354711234640476,0.8300557229494401,1.3258389582130718,1.2232909647222459,0.0,0.11994694289273601,0.23038211486877844,-0.011449945302034591,-0.6279263496398926,0.6550170183181763,0.6883656978607178,0.9589091539382935,-0.9905894994735718,-0.6844061017036438,-0.3118088373766163,0.05037207704377258,0.6288108715465748,1.5478339206827518,1.2063482601387294,0.0,0.11801718061776995,0.23069341450094336,-0.011954125975588328,0.08198281938223007,-0.03069341450094335,0.011954125975588328,0.2,0.2,0.0,0.2594039466602458,-0.15385126517242595,0,0,81,False
0,82,-0.3118088373766163,0.05037207704377258,0.6288108715465748,1.5478339206827518,1.2063482601387294,0.0,0.11801718061776995,0.23069341450094336,-0.011954125975588328,-0.8664982318878174,-0.15647272765636444,0.849327802658081,0.9447280764579773,-0.9896949529647827,-0.9549636840820312,-0.3109989164559659,0.07569148134156402,0.6060881730286038,1.5667130861790766,1.204941423604939,0.0,0.1173155631167433,0.2308029201546354,-0.012046464734474877,0.08268443688325672,-0.03080292015463539,0.012046464734474877,0.2,0.2,0.0,0.25918728096475824,-0.1574269835275035,0,0,82,False
0,83,-0.3109989164559659,0.07569148134156402,0.6060881730286038,1.5667130861790766,1.204941423604939,0.0,0.1173155631167433,0.2308029201546354,-0.012046464734474877,-0.8969230651855469,0.30093541741371155,0.8570250272750854,0.8651862144470215,-0.9808788299560547,-0.8723948001861572,-0.315409458193383,0.08282007059936701,0.605478586548751,1.5742698754868971,1.2043745284114027,0.0,0.11771856855499234,0.23086814766357153,-0.012096349006583327,0.08228143144500767,-0.030868147663571523,0.012096349006583327,0.2,0.2,0.0,0.2594303078815854,-0.16214542310906419,0,0,83,False
0,84,-0.315409458193383,0.08282007059936701,0.605478586548751,1.5742698754868971,1.2043745284114027,0.0,0.11771856855499234,0.23086814766357153,-0.012096349006583327,-0.8967940807342529,0.08253689855337143,0.8352053761482239,0.9240558743476868,-0.9674941301345825,-0.9420554637908936,-0.315409458193383,0.08282007059936701,0.605478586548751,1.5742698754868971,1.2043745284114027,0.0,0.16626886856227974,0.2258884314102357,-0.013433726357650246,0.03373113143772029,-0.0258884314102357,0.013433726357650246,0.2,0.2,0.0,0.28080488795925485,-0.38414824475632203,0,0,84,False
0,85,-0.315409458193383,0.08282007059936701,0.605478586548751,1.5742698754868971,1.2043745284114027,0.0,0.16626886856227974,0.2258884314102357,-0.013433726357650246,-0.87273108959198,-0.2809032201766968,0.8888658285140991,0.8294634819030762,-0.9862797856330872,-0.80516117811203,-0.315409458193383,0.08282007059936701,0.605478586548751,1.5742698754868971,1.2043745284114027,0.0,0.16626886856227974,0.2258884314102357,-0.013433726357650246,0.03373113143772029,-0.0258884314102357,0.013433726357650246,0.2,0.2,0.0,0.28080488795925485,-0.17040244397962742,0,0,85,False
0,86,-0.315409458193383,0.08282007059936701,0.605478586548751,1.5742698754868971,1.2043745284114027,0.0,0.16626886856227974,0.2258884314102357,-0.013433726357650246,-0.8621307611465454,-0.37118178606033325,0.6916405558586121,0.8722876310348511,-0.935912013053894,-0.8407621383666992,-0.315409458193383,0.08282007059936701,0.605478586548751,1.5742698754868971,1.2043745284114027,0.0,0.20209513020437003,0.20844258798084303,-0.028861658947441193,-0.0020951302043700267,-0.00844258798084303,0.028861658947441193,0.2,0.2,0.0,0.2917597461845468,-0.285428455345193,0,0,86,False
0,87,-0.315409458193383,0.08282007059936701,0.605478586548751,1.5742698754868971,1.2043745284114027,0.0,0.20209513020437003,0.20844258798084303,-0.028861658947441193,-0.6941382884979248,-0.6445873379707336,0.6661354303359985,0.8625361323356628,-0.9698575735092163,-0.892562985420227,-0.6954945200943541,-0.1956520318938116,1.1088871466273609,1.6992803151828164,1.1919507119408654,0.0,0.2032508684041045,0.20758614585452304,-0.029365833383618464,-0.003250868404104478,-0.0075861458545230225,0.029365833383618464,0.2,0.2,0.0,0.29200218428647473,-0.17842547316251658,0,0,87,False
0,88,-0.6954945200943541,-0.1956520318938116,1.1088871466273609,1.6992803151828164,1.1919507119408654,0.0,0.2032508684041045,0.20758614585452304,-0.029365833383618464,0.34399744868278503,0.14450082182884216,0.8422805666923523,0.8395010828971863,-0.9955817461013794,-0.6308150291442871,-0.7053527813691046,-0.2398165235441489,1.126956335830488,1.7032965028943214,1.191927446450372,0.0,0.20252484762261386,0.20823325222323466,-0.0296593266943469,-0.0025248476226138426,-0.008233252223234646,0.0296593266943469,0.2,0.2,0.0,0.2919881451291991,-0.17585368099184295,0,0,88,False
0,89,-0.7053527813691046,-0.2398165235441489,1.126956335830488,1.7032965028943214,1.191927446450372,0.0,0.20252484762261386,0.20823325222323466,-0.0296593266943469,0.08640428632497787,-0.21495500206947327,0.8689033389091492,0.9249305725097656,-0.9888408184051514,-0.8458210229873657,-0.6874935282989846,-0.23987729519005657,1.134359583691315,1.7050108181207042,1.1916518561534182,0.0,0.20319482241830575,0.20743842351327726,-0.029849477796215412,-0.003194822418305746,-0.007438423513277261,0.029849477796215412,0.2,0.2,0.0,0.2919072228157216,-0.17514438827308632,0,0,89,False
0,90,-0.6874935282989846,-0.23987729519005657,1.134359583691315,1.7050108181207042,1.1916518561534182,0.0,0.20319482241830575,0.20743842351327726,-0.029849477796215412,0.5911391973495483,-0.21555936336517334,0.8266242742538452,0.9589769840240479,-0.9825045466423035,-0.5686965584754944,-0.6715915263020259,-0.2490777138464294,1.140436690608511,1.7077925325685244,1.1915184890833983,0.0,0.2037145433597707,0.20680699284408213,-0.03027703716562713,-0.0037145433597707087,-0.006806992844082134,0.03027703716562713,0.2,0.2,0.0,0.291865459492933,-0.1755150965185805,0,0,90,False
0,91,-0.6715915263020259,-0.2490777138464294,1.140436690608511,1.7077925325685244,1.1915184890833983,0.0,0.2037145433597707,0.20680699284408213,-0.03027703716562713,0.11455792933702469,0.03255843371152878,0.8617560863494873,0.8439006209373474,-0.9930235147476196,-0.9415944218635559,-0.6532709611298154,-0.25978265348310275,1.1478155781020507,1.7117780507276998,1.191368276359171,0.0,0.20419791002786244,0.2061749197828169,-0.03087745480490338,-0.004197910027862425,-0.006174919782816894,0.03087745480490338,0.2,0.2,0.0,0.29181895281565734,-0.17544440963507185,0,0,91,False
0,92,-0.6532709611298154,-0.25978265348310275,1.1478155781020507,1.7117780507276998,1.191368276359171,0.0,0.20419791002786244,0.2061749197828169,-0.03087745480490338,0.4685230851173401,-0.37832778692245483,0.8026236295700073,0.8943324089050293,-0.9923702478408813,-0.3601999580860138,-0.638634049398375,-0.2642482388913154,1.1529999773109183,1.7129241617100472,1.1911773695959598,0.0,0.20486390599303295,0.2054796282869818,-0.031066424321431044,-0.0048639059930329215,-0.0054796282869817945,0.031066424321431044,0.2,0.2,0.0,0.2918153874280752,-0.17587203983821645,0,0,92,False
0,93,-0.638634049398375,-0.2642482388913154,1.1529999773109183,1.7129241617100472,1.1911773695959598,0.0,0.20486390599303295,0.2054796282869818,-0.031066424321431044,0.4048239588737488,0.16032510995864868,0.8334945440292358,0.8496417999267578,-0.9975808262825012,-0.8908016085624695,-0.638634049398375,-0.2642482388913154,1.1529999773109183,1.7129241617100472,1.1911773695959598,0.0,0.2006480353363191,0.20109085523672685,-0.03818781325854997,-0.0006480353363191148,-0.001090855236726841,0.03818781325854997,0.2,0.2,0.0,0.2866277642267631,-0.12143765010026047,0,0,93,False
0,94,-0.638634049398375,-0.2642482388913154,1.1529999773109183,1.7129241617100472,1.1911773695959598,0.0,0.2006480353363191,0.20109085523672685,-0.03818781325854997,0.49368685483932495,-0.4261119067668915,0.819583535194397,0.9532149434089661,-0.9543645977973938,-0.705120325088501,-0.638634049398375,-0.2642482388913154,1.1529999773109183,1.7129241617100472,1.1911773695959598,0.0,0.20593678533959253,0.20032811848443202,-0.03707360929667569,-0.005936785339592516,-0.0003281184844319988,0.03707360929667569,0.2,0.2,0.0,0.28968218294848685,-0.20538527869148082,0,0,94,False
0,95,-0.638634049398375,-0.2642482388913154,1.1529999773109183,1.7129241617100472,1.1911773695959598,0.0,0.20593678533959253,0.20032811848443202,-0.03707360929667569,0.509215772151947,-0.202215313911438,0.6899389028549194,0.9096980094909668,-0.9745144248008728,-0.7774674892425537,0.2702872350510017,-0.4729062597375446,1.361816080894753,1.8014693837894928,1.1900379769158167,0.0,0.23738227922603355,0.20542924740672053,-0.03955057795271176,-0.03738227922603353,-0.00542924740672052,0.03955057795271176,0.2,0.2,0.0,0.3164107621384451,-0.45549117296880504,0,0,95,False
0,96,0.2702872350510017,-0.4729062597375446,1.361816080894753,1.8014693837894928,1.1900379769158167,0.0,0.23738227922603355,0.20542924740672053,-0.03955057795271176,0.10881880670785904,-0.1274223029613495,-0.1919064074754715,0.9880943298339844,-0.9933273792266846,-0.6706964373588562,0.2702872350510017,-0.4729062597375446,1.361816080894753,1.8014693837894928,1.1900379769158167,0.0,0.21037401459910565,0.20034516459843668,-0.040796005684933,-0.010374014599105641,-0.00034516459843667523,0.040796005684933,0.2,0.2,0.0,0.2933593787087171,0.053834144942921575,0,0,96,False
0,97,0.2702872350510017,-0.4729062597375446,1.361816080894753,1.8014693837894928,1.1900379769158167,0.0,0.21037401459910565,0.20034516459843668,-0.040796005684933,-0.3548244535923004,0.3007298707962036,-0.5482537746429443,0.9843349456787109,-0.9974037408828735,0.513911247253418,0.2702872350510017,-0.4729062597375446,1.361816080894753,1.8014693837894928,1.1900379769158167,0.0,0.19809304713861006,0.1961755733956015,-0.04352987033046222,0.0019069528613899454,0.0038244266043985127,0.04352987033046222,0.2,0.2,0.0,0.28217115467875076,-0.05920333703971206,0,0,97,False
0,98,0.2702872350510017,-0.4729062597375446,1.361816080894753,1.8014693837894928,1.1900379769158167,0.0,0.19809304713861006,0.1961755733956015,-0.04352987033046222,-0.16797511279582977,0.27129486203193665,-0.4405164420604706,0.9899528622627258,-0.9960238933563232,-0.787095308303833,0.2454311189505278,-0.5869287622834259,1.054449304780441,1.8287762324482206,1.189267904686146,0.0,0.19154186015548186,0.19445592057812766,-0.04600460986286672,0.008458139844518164,0.005544079421872343,0.04600460986286672,0.2,0.2,0.0,0.27679922934925927,-0.11468036137971474,0,0,98,False
0,99,0.2454311189505278,-0.5869287622834259,1.054449304780441,1.8287762324482206,1.189267904686146,0.0,0.19154186015548186,0.19445592057812766,-0.04600460986286672,0.08544785529375076,0.15991277992725372,0.3883459270000458,0.7507666349411011,-0.958233118057251,0.17864009737968445,0.2454311189505278,-0.5869287622834259,1.054449304780441,1.8287762324482206,1.189267904686146,0.0,0.011909437419057228,0.2477820449225842,-0.14741998197649941,0.18809056258094278,-0.04778204492258421,0.14741998197649941,0.2,0.2,0.0,0.2885661580497744,-0.2919523660300388,0,0,99,False
0,100,0.2454311189505278,-0.5869287622834259,1.054449304780441,1.8287762324482206,1.189267904686146,0.0,0.011909437419057228,0.2477820449225842,-0.14741998197649941,-0.9873542189598083,0.5204998850822449,0.9205581545829773,-0.493880957365036,-0.3297065198421478,-0.8726209998130798,0.2454311189505278,-0.5869287622834259,1.054449304780441,1.8287762324482206,1.189267904686146,0.0,0.006838669779797718,0.2499072527794694,-0.16144356375347663,0.1931613302202023,-0.049907252779469405,0.16144356375347663,0.2,0.2,0.0,0.2975977598597839,-0.26911489802998645,0,0,100,False
0,101,0.2454311189505278,-0.5869287622834259,1.054449304780441,1.8287762324482206,1.189267904686146,0.0,0.006838669779797718,0.2499072527794694,-0.16144356375347663,-0.9798287749290466,0.780121922492981,0.9592731595039368,-0.1292259246110916,-0.6930873394012451,-0.9454764127731323,0.2454311189505278,-0.5869287622834259,1.054449304780441,1.8287762324482206,1.189267904686146,0.0,0.004268505977976983,0.25112038281466953,-0.17061450546927392,0.19573149402202303,-0.05112038281466952,0.17061450546927392,0.2,0.2,0.0,0.30362637613487253,-0.24209935081832287,0,0,101,False
0,102,0.2454311189505278,-0.5869287622834259,1.054449304780441,1.8287762324482206,1.189267904686146,0.0,0.004268505977976983,0.25112038281466953,-0.17061450546927392,-0.9700785875320435,0.36693310737609863,0.9624773859977722,-0.12351790070533752,-0.5590324401855469,-0.672269880771637,-0.40341434508502755,0.19037893636025396,-0.4023337658874728,1.6793681486286363,1.2967062819585087,0.0,-0.003054827722375586,0.2800503846839645,-0.1293766834509264,0.2030548277223756,-0.08005038468396447,0.1293766834509264,0.2,0.2,0.0,0.30850587701826865,-0.23304794734309547,0,0,102,False
0,103,-0.40341434508502755,0.19037893636025396,-0.4023337658874728,1.6793681486286363,1.2967062819585087,0.0,-0.003054827722375586,0.2800503846839645,-0.1293766834509264,-0.9752110838890076,0.025551805272698402,0.6327987313270569,-0.022928019985556602,-0.8833142518997192,-0.7958036065101624,-0.40341434508502755,0.19037893636025396,-0.4023337658874728,1.6793681486286363,1.2967062819585087,0.0,0.020443475883501455,0.33454657738755866,-0.07038124143171184,0.17955652411649856,-0.13454657738755868,0.07038124143171184,0.2,0.2,0.0,0.34248046264480253,-0.5409860875877401,0,0,103,False
0,104,-0.40341434508502755,0.19037893636025396,-0.4023337658874728,1.6793681486286363,1.2967062819585087,0.0,0.020443475883501455,0.33454657738755866,-0.07038124143171184,-0.990571141242981,-0.38848766684532166,0.8162607550621033,-0.10730349272489548,-0.9208218455314636,-0.9913887977600098,-0.40341434508502755,0.19037893636025396,-0.4023337658874728,1.6793681486286363,1.2967062819585087,0.0,0.054878874713029435,0.3538800977448812,-0.021944836817147526,0.14512112528697058,-0.1538800977448812,0.021944836817147526,0.2,0.2,0.0,0.3587818143839321,-0.3724044245832616,0,0,104,False
0,105,-0.40341434508502755,0.19037893636025396,-0.4023337658874728,1.6793681486286363,1.2967062819585087,0.0,0.054878874713029435,0.3538800977448812,-0.021944836817147526,-0.993779718875885,-0.6257097721099854,0.9101879000663757,0.0053502032533288,-0.9203704595565796,-0.9977841973304749,-0.40341434508502755,0.19037893636025396,-0.4023337658874728,1.6793681486286363,1.2967062819585087,0.0,0.08862110610052058,0.3489049790770073,-0.0017122973158275323,0.11137889389947943,-0.14890497907700728,0.0017122973158275323,0.2,0.2,0.0,0.35998793984424593,-0.2220552245252614,0,0,105,False
0,106,-0.40341434508502755,0.19037893636025396,-0.4023337658874728,1.6793681486286363,1.2967062819585087,0.0,0.08862110610052058,0.3489049790770073,-0.0017122973158275323,-0.9911079406738281,-0.8451491594314575,0.8644847273826599,0.05139882490038872,-0.8905929923057556,-0.9925472140312195,-0.40341434508502755,0.19037893636025396,-0.4023337658874728,1.6793681486286363,1.2967062819585087,0.0,0.1062674970515866,0.337124473366088,-0.0037835153310551983,0.09373250294841341,-0.137124473366088,0.0037835153310551983,0.2,0.2,0.0,0.3534968266621802,-0.14183728151043265,0,0,106,False
0,107,-0.40341434508502755,0.19037893636025396,-0.4023337658874728,1.6793681486286363,1.2967062819585087,0.0,0.1062674970515866,0.337124473366088,-0.0037835153310551983,-0.986391007900238,-0.8733206391334534,0.8509800434112549,-0.13271133601665497,-0.9151803255081177,-0.9963481426239014,-0.9375057542472058,-0.1944241786582164,0.7619249151801167,0.9970656899640358,1.315875241106397,0.0,0.11234496571474595,0.33207736342759464,-0.006058159833566862,0.08765503428525406,-0.1320773634275946,0.006058159833566862,0.2,0.2,0.0,0.35061869305990984,-0.17652801050725142,0,0,107,False
0,108,-0.9375057542472058,-0.1944241786582164,0.7619249151801167,0.9970656899640358,1.315875241106397,0.0,0.11234496571474595,0.33207736342759464,-0.006058159833566862,-0.6140750050544739,0.6821261644363403,0.9082965850830078,0.6004334092140198,-0.9776044487953186,-0.9160235524177551,-0.9375057542472058,-0.1944241786582164,0.7619249151801167,0.9970656899640358,1.315875241106397,0.0,0.13658184653777913,0.3072819860888858,-0.011570721457493743,0.06341815346222088,-0.10728198608888576,0.011570721457493743,0.2,0.2,0.0,0.33646797971493,-0.05672685640766639,0,0,108,False
0,109,-0.9375057542472058,-0.1944241786582164,0.7619249151801167,0.9970656899640358,1.315875241106397,0.0,0.13658184653777913,0.3072819860888858,-0.011570721457493743,-0.6451097726821899,0.3318837583065033,0.8787040114402771,0.8935449719429016,-0.9540302157402039,-0.8331462740898132,-0.9375057542472058,-0.1944241786582164,0.7619249151801167,0.9970656899640358,1.315875241106397,0.0,0.14132803796511018,0.3044702789178947,-0.030709683166623827,0.05867196203488985,-0.10447027891789465,0.030709683166623827,0.2,0.2,0.0,0.3370739528643568,-0.20459670792644682,0,0,109,False
0,110,-0.9375057542472058,-0.1944241786582164,0.7619249151801167,0.9970656899640358,1.315875241106397,0.0,0.14132803796511018,0.3044702789178947,-0.030709683166623827,-0.7749723196029663,0.48322173953056335,0.8790602684020996,0.8401371240615845,-0.9913578629493713,-0.9554731845855713,-0.9375057542472058,-0.1944241786582164,0.7619249151801167,0.9970656899640358,1.315875241106397,0.0,0.1629617534872143,0.2545382879482157,-0.003082451439425569,0.037038246512785714,-0.05453828794821569,0.003082451439425569,0.2,0.2,0.0,0.30225117805909835,0.16710215902303555,0,0,110,False
0,111,-0.9375057542472058,-0.1944241786582164,0.7619249151801167,0.9970656899640358,1.315875241106397,0.0,0.1629617534872143,0.2545382879482157,-0.003082451439425569,0.25571751594543457,0.5221546292304993,0.9024974703788757,0.9501410126686096,-0.9768485426902771,-0.9212936162948608,-0.9375057542472058,-0.1944241786582164,0.7619249151801167,0.9970656899640358,1.315875241106397,0.0,0.17929015404290213,0.23036395791590447,-0.005588299725886203,0.020709845957097874,-0.030363957915904467,0.005588299725886203,0.2,0.2,0.0,0.29196530879067556,-0.07312396171110991,0,0,111,False
0,112,-0.9375057542472058,-0.1944241786582164,0.7619249151801167,0.9970656899640358,1.315875241106397,0.0,0.17929015404290213,0.23036395791590447,-0.005588299725886203,0.547457218170166,0.1526719182729721,0.783005952835083,0.965550422668457,-0.96788489818573,-0.8713544607162476,-0.9375057542472058,-0.1944241786582164,0.7619249151801167,0.9970656899640358,1.315875241106397,0.0,0.1860723306573061,0.22422390205236498,-0.006455308202770474,0.013927669342693901,-0.024223902052364972,0.006455308202770474,0.2,0.2,0.0,0.2914462926369508,-0.17053298478122803,0,0,112,False
0,113,-0.9375057542472058,-0.1944241786582164,0.7619249151801167,0.9970656899640358,1.315875241106397,0.0,0.1860723306573061,0.22422390205236498,-0.006455308202770474,0.7094054222106934,-0.15247023105621338,0.8596251606941223,0.9109764695167542,-0.9872838854789734,-0.9475927352905273,-0.9375057542472058,-0.1944241786582164,0.7619249151801167,0.9970656899640358,1.315875241106397,0.0,0.19534293543872414,0.21512068367439421,-0.007651865602336997,0.004657064561275872,-0.015120683674394193,0.007651865602336997,0.2,0.2,0.0,0.2906790704841897,-0.16766731371448393,0,0,113,False
0,114,-0.9375057542472058,-0.1944241786582164,0.7619249151801167,0.9970656899640358,1.315875241106397,0.0,0.19534293543872414,0.21512068367439421,-0.007651865602336997,0.6075671911239624,0.05133775621652603,0.7251070737838745,0.9890357255935669,-0.9923268556594849,-0.8470208644866943,-0.9375057542472058,-0.1944241786582164,0.7619249151801167,0.9970656899640358,1.315875241106397,0.0,0.21523545968380103,0.1984918370772568,-0.021555541379400286,-0.015235459683801009,0.0015081629227432316,0.021555541379400286,0.2,0.2,0.0,0.2935812559680206,-0.20581248282231895,0,0,114,False
0,115,-0.9375057542472058,-0.1944241786582164,0.7619249151801167,0.9970656899640358,1.315875241106397,0.0,0.21523545968380103,0.1984918370772568,-0.021555541379400286,0.5823800563812256,-0.4097438156604767,0.8213042616844177,0.9914323091506958,-0.9893180131912231,-0.3229103982448578,-0.9375057542472058,-0.1944241786582164,0.7619249151801167,0.9970656899640358,1.315875241106397,0.0,0.21956198366158694,0.20008376711354506,-0.037759000320592886,-0.019561983661586922,-8.37671135450585e-05,0.037759000320592886,0.2,0.2,0.0,0.2994440192038719,-0.23834964196044928,0,0,115,False
0,116,-0.9375057542472058,-0.1944241786582164,0.7619249151801167,0.9970656899640358,1.315875241106397,0.0,0.21956198366158694,0.20008376711354506,-0.037759000320592886,0.44017860293388367,-0.7471126317977905,0.6748098134994507,0.8955302238464355,-0.975941002368927,-0.439362496137619,-0.9375057542472058,-0.1944241786582164,0.7619249151801167,0.9970656899640358,1.315875241106397,0.0,0.21912549996041336,0.20092451359318303,-0.040338119163644014,-0.019125499960413347,-0.000924513593183024,0.040338119163644014,0.2,0.2,0.0,0.30002301370598,-0.18580145187407077,0,0,116,False
0,117,-0.9375057542472058,-0.1944241786582164,0.7619249151801167,0.9970656899640358,1.315875241106397,0.0,0.21912549996041336,0.20092451359318303,-0.040338119163644014,0.5735262632369995,-0.40953680872917175,0.7573806047439575,0.9735252857208252,-0.8763425350189209,-0.10595012456178665,0.2825298284364674,-0.5124246749101401,1.267748730360483,1.8520525430653227,1.184893289117581,0.0,0.21814073400210257,0.20226906230604333,-0.044976293264385736,-0.01814073400210256,-0.002269062306043329,0.044976293264385736,0.2,0.2,0.0,0.3008671141101103,-0.18887456109635814,0,0,117,False
0,118,0.2825298284364674,-0.5124246749101401,1.267748730360483,1.8520525430653227,1.184893289117581,0.0,0.21814073400210257,0.20226906230604333,-0.044976293264385736,0.07122424989938736,0.09793055057525635,0.10101564228534698,0.9801870584487915,-0.9843431711196899,-0.7341060638427734,0.2825298284364674,-0.5124246749101401,1.267748730360483,1.8520525430653227,1.184893289117581,0.0,0.2149633103452832,0.20176134500031498,-0.0452087600104195,-0.014963310345283193,-0.001761345000314961,0.0452087600104195,0.2,0.2,0.0,0.29826279874067163,-0.15308824567594911,0,0,118,False
0,119,0.2825298284364674,-0.5124246749101401,1.267748730360483,1.8520525430653227,1.184893289117581,0.0,0.2149633103452832,0.20176134500031498,-0.0452087600104195,-0.19973452389240265,0.026645654812455177,0.08057171106338501,0.9330568313598633,-0.9943376183509827,-0.44527095556259155,0.28700639179160675,-0.5598402963919087,1.250733239831649,1.8559322257017583,1.1873366423997422,0.0,0.2124418213986183,0.20098080713826372,-0.04568054549411204,-0.0124418213986183,-0.0009808071382637108,0.04568054549411204,0.2,0.2,0.0,0.29599244002803526,-0.15529263288765396,0,0,119,False
0,120,0.28700639179160675,-0.5598402963919087,1.250733239831649,1.8559322257017583,1.1873366423997422,0.0,0.2124418213986183,0.20098080713826372,-0.04568054549411204,0.05916063115000725,0.15878599882125854,0.3185977339744568,0.9644481539726257,-0.9943839311599731,0.883470356464386,0.27748282925035783,-0.5534708090424932,1.2337547739460382,1.8557069158703845,1.1872183745937053,0.0,0.20985664701233075,0.20022385014196786,-0.04613424830104018,-0.009856647012330745,-0.00022385014196785695,0.04613424830104018,0.2,0.2,0.0,0.2936967335998704,-0.15389130251828675,0,0,120,False
0,121,0.27748282925035783,-0.5534708090424932,1.2337547739460382,1.8557069158703845,1.1872183745937053,0.0,0.20985664701233075,0.20022385014196786,-0.04613424830104018,-0.13129952549934387,0.10343138873577118,-0.36607909202575684,0.94265216588974,-0.9972622394561768,0.17965593934059143,0.26937112699127147,-0.5419246881941469,1.2193547739479067,1.8559062961292099,1.1870697193343358,0.0,0.20708488395026126,0.19948541077140033,-0.046704263213571795,-0.007084883950261238,0.0005145892285996739,0.046704263213571795,0.2,0.2,0.0,0.2913071685929649,-0.1517579342274273,0,0,121,False
0,122,0.26937112699127147,-0.5419246881941469,1.2193547739479067,1.8559062961292099,1.1870697193343358,0.0,0.20708488395026126,0.19948541077140033,-0.046704263213571795,-0.296337366104126,0.06810742616653442,-0.41296711564064026,0.9369605183601379,-0.9948556423187256,0.25504270195961,0.2561051792467071,-0.5287829564955708,1.1919948032067027,1.8558794928606122,1.1868703480287048,0.0,0.20380285878210422,0.19866943346535063,-0.047266359359371506,-0.0038028587821042088,0.0013305665346493823,0.047266359359371506,0.2,0.2,0.0,0.2885121449233826,-0.14630583576586845,0,0,122,False
0,123,0.2561051792467071,-0.5287829564955708,1.1919948032067027,1.8558794928606122,1.1868703480287048,0.0,0.20380285878210422,0.19866943346535063,-0.047266359359371506,0.049872882664203644,0.22864238917827606,-0.42312657833099365,0.9539523720741272,-0.9863418936729431,-0.018456434831023216,0.24195925232070659,-0.5202744289009964,1.1734474979797351,1.8554539106599421,1.186721275389031,0.0,0.20380285878210422,0.19866943346535063,-0.047266359359371506,-0.0038028587821042088,0.0013305665346493823,0.047266359359371506,0.2,0.2,0.0,0.2885121449233826,-0.1742560724616913,0,0,123,False
0,124,0.24195925232070659,-0.5202744289009964,1.1734474979797351,1.8554539106599421,1.186721275389031,0.0,0.20380285878210422,0.19866943346535063,-0.047266359359371506,0.28902655839920044,0.17232072353363037,0.28538328409194946,0.9793497323989868,-0.987707257270813,-0.6015990972518921,0.24195925232070659,-0.5202744289009964,1.1734474979797351,1.8554539106599421,1.186721275389031,0.0,0.18169138408060237,0.19586367363331597,-0.04970810413926642,0.01830861591939764,0.004136326366684026,0.04970810413926642,0.2,0.2,0.0,0.2717447944586671,0.001801107417821468,0,0,124,False
0,125,0.24195925232070659,-0.5202744289009964,1.1734474979797351,1.8554539106599421,1.186721275389031,0.0,0.18169138408060237,0.19586367363331597,-0.04970810413926642,-0.08827178180217743,0.04991887882351875,-0.5306103825569153,0.8797938227653503,-0.9897560477256775,-0.3447415828704834,0.24195925232070659,-0.5202744289009964,1.1734474979797351,1.8554539106599421,1.186721275389031,0.0,0.17730993457936098,0.1956753963352126,-0.04994725915811134,0.022690065420639036,0.004324603664787414,0.04994725915811134,0.2,0.2,0.0,0.26874226003531215,-0.13434578578410644,0,0,125,False
0,126,0.24195925232070659,-0.5202744289009964,1.1734474979797351,1.8554539106599421,1.186721275389031,0.0,0.17730993457936098,0.1956753963352126,-0.04994725915811134,-0.2036004662513733,0.43651634454727173,0.12995043396949768,0.9348437190055847,-0.9938085675239563,-0.17114152014255524,0.24195925232070659,-0.5202744289009964,1.1734474979797351,1.8554539106599421,1.186721275389031,0.0,0.16691567558788606,0.1951497391471973,-0.05073232193417976,0.03308432441211394,0.004850260852802721,0.05073232193417976,0.2,0.2,0.0,0.26175949254040976,-0.0910520713211809,0,0,126,False
0,127,0.24195925232070659,-0.5202744289009964,1.1734474979797351,1.8554539106599421,1.186721275389031,0.0,0.16691567558788606,0.1951497391471973,-0.05073232193417976,-0.20444385707378387,0.1131155714392662,0.1463252604007721,0.9764389395713806,-0.9864879846572876,-0.863217294216156,0.0999556861685113,-0.15669771043910888,0.47896822481679424,1.8589812493913578,1.1851197285335442,0.0,0.14689363140577394,0.19210849115416825,-0.054104302904004795,0.053106368594226086,0.007891508845831745,0.054104302904004795,0.2,0.2,0.0,0.24781179736613593,-0.014428946940329687,0,0,127,False
0,128,0.0999556861685113,-0.15669771043910888,0.47896822481679424,1.8589812493913578,1.1851197285335442,0.0,0.14689363140577394,0.19210849115416825,-0.054104302904004795,-0.9313539862632751,-0.6169224977493286,0.16388088464736938,-0.16951875388622284,-0.8597037196159363,-0.8433058261871338,0.0999556861685113,-0.15669771043910888,0.47896822481679424,1.8589812493913578,1.1851197285335442,0.0,0.1218352392089482,0.18778173535511947,-0.05924679332371513,0.07816476079105181,0.01221826464488054,0.05924679332371513,0.2,0.2,0.0,0.2315512646590918,0.016829694740895504,0,0,128,False
0,129,0.0999556861685113,-0.15669771043910888,0.47896822481679424,1.8589812493913578,1.1851197285335442,0.0,0.1218352392089482,0.18778173535511947,-0.05924679332371513,-0.9624547362327576,-0.5482946634292603,0.47387784719467163,-0.19271761178970337,-0.8619975447654724,-0.9209984540939331,0.0999556861685113,-0.15669771043910888,0.47896822481679424,1.8589812493913578,1.1851197285335442,0.0,0.08287318456327268,0.20843917348905638,-0.08155707944856874,0.11712681543672733,-0.00843917348905636,0.08155707944856874,0.2,0.2,0.0,0.23867637288311416,-0.22058926868178083,0,0,129,False
0,130,0.0999556861685113,-0.15669771043910888,0.47896822481679424,1.8589812493913578,1.1851197285335442,0.0,0.08287318456327268,0.20843917348905638,-0.08155707944856874,-0.9931694269180298,-0.04701336473226547,0.6729521751403809,-0.16444063186645508,-0.7778691649436951,-0.9872193932533264,0.0999556861685113,-0.15669771043910888,0.47896822481679424,1.8589812493913578,1.1851197285335442,0.0,0.07728294847963717,0.2167490701921089,-0.087309599582512,0.12271705152036284,-0.016749070192108896,0.087309599582512,0.2,0.2,0.0,0.2461214735331084,-0.22751174326649656,0,0,130,False
0,131,0.0999556861685113,-0.15669771043910888,0.47896822481679424,1.8589812493913578,1.1851197285335442,0.0,0.07728294847963717,0.2167490701921089,-0.087309599582512,-0.993377685546875,-0.2846207320690155,0.4540646970272064,-0.17598336935043335,-0.800462543964386,-0.9505409002304077,0.0999556861685113,-0.15669771043910888,0.47896822481679424,1.8589812493913578,1.1851197285335442,0.0,0.07570364875706014,0.2453059932965999,-0.0920413737359644,0.12429635124293988,-0.045305993296599914,0.0920413737359644,0.2,0.2,0.0,0.27272272963867045,-0.4323739258749557,0,0,131,False
0,132,0.0999556861685113,-0.15669771043910888,0.47896822481679424,1.8589812493913578,1.1851197285335442,0.0,0.07570364875706014,0.2453059932965999,-0.0920413737359644,-0.9959783554077148,-0.3970639407634735,0.9164792895317078,-0.27823859453201294,-0.6783885955810547,-0.9262629747390747,0.0999556861685113,-0.15669771043910888,0.47896822481679424,1.8589812493913578,1.1851197285335442,0.0,0.08697947446728366,0.2730187136646457,-0.07203244981733067,0.11302052553271635,-0.07301871366464571,0.07203244981733067,0.2,0.2,0.0,0.2954544310319087,-0.40504422944833707,0,0,132,False
0,133,0.0999556861685113,-0.15669771043910888,0.47896822481679424,1.8589812493913578,1.1851197285335442,0.0,0.08697947446728366,0.2730187136646457,-0.07203244981733067,-0.9950411915779114,-0.46238207817077637,0.9786922335624695,-0.2965982258319855,-0.7011063098907471,-0.9691686630249023,0.0999556861685113,-0.15669771043910888,0.47896822481679424,1.8589812493913578,1.1851197285335442,0.0,0.09498410376730018,0.2809796109300301,-0.05857979992594174,0.10501589623269983,-0.08097961093003006,0.05857979992594174,0.2,0.2,0.0,0.30232948034591617,-0.24991523331303261,0,0,133,False
0,134,0.0999556861685113,-0.15669771043910888,0.47896822481679424,1.8589812493913578,1.1851197285335442,0.0,0.09498410376730018,0.2809796109300301,-0.05857979992594174,-0.99727463722229,-0.4304898679256439,0.9265865087509155,-0.21338681876659393,-0.613072395324707,-0.9789294004440308,0.0999556861685113,-0.15669771043910888,0.47896822481679424,1.8589812493913578,1.1851197285335442,0.0,0.09693505035118699,0.2887170557194416,-0.055281694353118735,0.10306494964881302,-0.08871705571944162,0.055281694353118735,0.2,0.2,0.0,0.30953191754719245,-0.25679033078635904,0,0,134,False
0,135,0.0999556861685113,-0.15669771043910888,0.47896822481679424,1.8589812493913578,1.1851197285335442,0.0,0.09693505035118699,0.2887170557194416,-0.055281694353118735,-0.9936742782592773,-0.4934643507003784,0.9331933259963989,-0.2522118091583252,-0.34966886043548584,-0.9652925133705139,0.0999556861685113,-0.15669771043910888,0.47896822481679424,1.8589812493913578,1.1851197285335442,0.0,0.09572779396551456,0.2928563089793521,-0.0577486468654763,0.10427220603448545,-0.0928563089793521,0.0577486468654763,0.2,0.2,0.0,0.313470149234831,-0.22611739149380122,0,0,135,False
0,136,0.0999556861685113,-0.15669771043910888,0.47896822481679424,1.8589812493913578,1.1851197285335442,0.0,0.09572779396551456,0.2928563089793521,-0.0577486468654763,-0.9953318238258362,-0.6174094676971436,0.9616541862487793,-0.16327349841594696,-0.5669702887535095,-0.9431130886077881,0.0999556861685113,-0.15669771043910888,0.47896822481679424,1.8589812493913578,1.1851197285335442,0.0,0.1526242918707461,0.287038263578094,-0.003396322362063827,0.0473757081292539,-0.08703826357809397,0.003396322362063827,0.2,0.2,0.0,0.3251102493502183,-0.30895612582898213,0,0,136,False
0,137,0.0999556861685113,-0.15669771043910888,0.47896822481679424,1.8589812493913578,1.1851197285335442,0.0,0.1526242918707461,0.287038263578094,-0.003396322362063827,-0.9911035895347595,-0.8190264701843262,0.9042003750801086,0.3517562448978424,-0.8454558253288269,-0.9388797879219055,0.0999556861685113,-0.15669771043910888,0.47896822481679424,1.8589812493913578,1.1851197285335442,0.0,0.15283611528924113,0.28743283230755823,-0.003334486091043809,0.0471638847107589,-0.08743283230755824,0.003334486091043809,0.2,0.2,0.0,0.32555741432586427,-0.19725035691939166,0,0,137,False
0,138,0.0999556861685113,-0.15669771043910888,0.47896822481679424,1.8589812493913578,1.1851197285335442,0.0,0.15283611528924113,0.28743283230755823,-0.003334486091043809,-0.990099310874939,-0.8054589033126831,0.8392931818962097,0.5999752283096313,-0.8673108220100403,-0.8749247193336487,0.0999556861685113,-0.15669771043910888,0.47896822481679424,1.8589812493913578,1.1851197285335442,0.0,0.15335439737476314,0.28837614916530696,-0.0031159661699345365,0.04664560262523687,-0.08837614916530698,0.0031159661699345365,0.2,0.2,0.0,0.32663141895225006,-0.20405575573998297,0,0,138,False
0,139,0.0999556861685113,-0.15669771043910888,0.47896822481679424,1.8589812493913578,1.1851197285335442,0.0,0.15335439737476314,0.28837614916530696,-0.0031159661699345365,-0.9857810735702515,-0.7969672679901123,0.8764421343803406,0.3575076460838318,-0.892775297164917,-0.9630911946296692,0.0999556861685113,-0.15669771043910888,0.47896822481679424,1.8589812493913578,1.1851197285335442,0.0,0.15365646866017052,0.2884547759500753,-0.005627524459093494,0.04634353133982949,-0.08845477595007525,0.005627524459093494,0.2,0.2,0.0,0.32687633313083375,-0.19588730835125376,0,0,139,False
0,140,0.0999556861685113,-0.15669771043910888,0.47896822481679424,1.8589812493913578,1.1851197285335442,0.0,0.15365646866017052,0.2884547759500753,-0.005627524459093494,-0.9881874918937683,-0.7790952920913696,0.7849746942520142,0.3307577073574066,-0.8822494745254517,-0.9376833438873291,0.0999556861685113,-0.15669771043910888,0.47896822481679424,1.8589812493913578,1.1851197285335442,0.0,0.16221708115525058,0.2756844630596582,-0.037535360880037553,0.03778291884474945,-0.07568446305965823,0.037535360880037553,0.2,0.2,0.0,0.32206398107738754,-0.14290847000423165,0,0,140,False
0,141,0.0999556861685113,-0.15669771043910888,0.47896822481679424,1.8589812493913578,1.1851197285335442,0.0,0.16221708115525058,0.2756844630596582,-0.037535360880037553,-0.9830538630485535,-0.8237355351448059,0.8973967432975769,0.1488916128873825,-0.9486697912216187,-0.9456550478935242,0.0999556861685113,-0.15669771043910888,0.47896822481679424,1.8589812493913578,1.1851197285335442,0.0,0.1646914877075108,0.2719314791635048,-0.042047430125596724,0.035308512292489214,-0.07193147916350476,0.042047430125596724,0.2,0.2,0.0,0.32068364763974444,-0.17653848944344122,0,0,141,False
0,142,0.0999556861685113,-0.15669771043910888,0.47896822481679424,1.8589812493913578,1.1851197285335442,0.0,0.1646914877075108,0.2719314791635048,-0.042047430125596724,-0.9844760298728943,-0.8519732356071472,0.7990255355834961,0.24747395515441895,-0.8942034840583801,-0.9483704566955566,0.0999556861685113,-0.15669771043910888,0.47896822481679424,1.8589812493913578,1.1851197285335442,0.0,0.16029645354320976,0.2782829595230131,-0.05142494822578207,0.039703546456790265,-0.07828295952301306,0.05142494822578207,0.2,0.2,0.0,0.3252397329347103,-0.23818071941701388,0,0,142,False
0,143,0.0999556861685113,-0.15669771043910888,0.47896822481679424,1.8589812493913578,1.1851197285335442,0.0,0.16029645354320976,0.2782829595230131,-0.05142494822578207,-0.9920552968978882,-0.7827553749084473,0.7275017499923706,-0.11691982299089432,-0.9210861921310425,-0.906937301158905,0.0999556861685113,-0.15669771043910888,0.47896822481679424,1.8589812493913578,1.1851197285335442,0.0,0.16007705528831756,0.2786225950891434,-0.05224499741861422,0.03992294471168245,-0.07862259508914336,0.05224499741861422,0.2,0.2,0.0,0.32555299703621043,-0.19590913953310643,0,0,143,False
0,144,0.0999556861685113,-0.15669771043910888,0.47896822481679424,1.8589812493913578,1.1851197285335442,0.0,0.16007705528831756,0.2786225950891434,-0.05224499741861422,-0.9896360039710999,-0.7195520401000977,0.768120527267456,0.08377674967050552,-0.7905178666114807,-0.9452229142189026,0.0999556861685113,-0.15669771043910888,0.47896822481679424,1.8589812493913578,1.1851197285335442,0.0,0.15251965851808624,0.28965738921184414,-0.05246688767866046,0.04748034148191377,-0.0896573892118441,0.05246688767866046,0.2,0.2,0.0,0.33153645902401224,-0.2556028493900242,0,0,144,False
0,145,0.0999556861685113,-0.15669771043910888,0.47896822481679424,1.8589812493913578,1.1851197285335442,0.0,0.15251965851808624,0.28965738921184414,-0.05246688767866046,-0.992745041847229,-0.7436654567718506,0.9048141837120056,0.017654111608862877,-0.871360719203949,-0.9132059812545776,-0.9894910427909753,-1.6015798785067152,1.318778875728363,1.0205132524257001,1.2196715343439857,0.0,0.15214289138993425,0.2902224616064142,-0.05445347473897927,0.04785710861006577,-0.09022246160641414,0.05445347473897927,0.2,0.2,0.0,0.33217723813127914,-0.20249641013830855,0,0,145,False
0,146,-0.9894910427909753,-1.6015798785067152,1.318778875728363,1.0205132524257001,1.2196715343439857,0.0,0.15214289138993425,0.2902224616064142,-0.05445347473897927,0.8648342490196228,0.48470112681388855,0.47058403491973877,-0.13040804862976074,0.48408621549606323,0.8756666779518127,-0.9894910427909753,-1.6015798785067152,1.318778875728363,1.0205132524257001,1.2196715343439857,0.0,0.15176954197795414,0.29079042007474293,-0.05733142371841121,0.04823045802204587,-0.09079042007474292,0.05733142371841121,0.2,0.2,0.0,0.33298641777859866,-0.20458500536249458,0,0,146,False
0,147,-0.9894910427909753,-1.6015798785067152,1.318778875728363,1.0205132524257001,1.2196715343439857,0.0,0.15176954197795414,0.29079042007474293,-0.05733142371841121,0.9886050224304199,-0.1688796877861023,0.36709508299827576,0.7620254158973694,0.16982947289943695,0.9636390209197998,-0.9894910427909753,-1.6015798785067152,1.318778875728363,1.0205132524257001,1.2196715343439857,0.0,0.15168479110982463,0.29091941015138817,-0.05801658258303025,0.048315208890175376,-0.09091941015138816,0.05801658258303025,0.2,0.2,0.0,0.3331790853452184,-0.1985162183388065,0,0,147,False
0,148,-0.9894910427909753,-1.6015798785067152,1.318778875728363,1.0205132524257001,1.2196715343439857,0.0,0.15168479110982463,0.29091941015138817,-0.05801658258303025,0.1132088303565979,0.5685032606124878,0.8935138583183289,0.12043842673301697,0.5716261267662048,0.927312970161438,-0.9894910427909753,-1.6015798785067152,1.318778875728363,1.0205132524257001,1.2196715343439857,0.0,0.14828007811999278,0.29627119727628365,-0.06869527158373412,0.05171992188000722,-0.09627119727628365,0.06869527158373412,0.2,0.2,0.0,0.3383528398591576,-0.2509139650689708,0,0,148,False
0,149,-0.9894910427909753,-1.6015798785067152,1.318778875728363,1.0205132524257001,1.2196715343439857,0.0,0.14828007811999278,0.29627119727628365,-0.06869527158373412,0.9214361906051636,0.1114816665649414,0.3528207540512085,0.03199569508433342,0.5169252157211304,0.9844132661819458,-0.9894910427909753,-1.6015798785067152,1.318778875728363,1.0205132524257001,1.2196715343439857,0.0,0.11309594647664824,0.302277640329484,-0.11731171631835847,0.08690405352335177,-0.102277640329484,0.11731171631835847,0.2,0.2,0.0,0.3434013741064074,-0.25218602952570196,0,0,149,False
0,150,-0.9894910427909753,-1.6015798785067152,1.318778875728363,1.0205132524257001,1.2196715343439857,0.0,0.11309594647664824,0.302277640329484,-0.11731171631835847,0.8330368995666504,-0.27533116936683655,0.18680593371391296,0.49039584398269653,0.3743197023868561,0.9444314241409302,-0.9894910427909753,-1.6015798785067152,1.318778875728363,1.0205132524257001,1.2196715343439857,0.0,0.09962932339871322,0.28281568009490615,-0.11988614456920346,0.10037067660128679,-0.08281568009490616,0.11988614456920346,0.2,0.2,0.0,0.32292940195667785,0.013255020518956745,0,0,150,False
0,151,-0.9894910427909753,-1.6015798785067152,1.318778875728363,1.0205132524257001,1.2196715343439857,0.0,0.09962932339871322,0.28281568009490615,-0.11988614456920346,0.9653172492980957,0.8343676328659058,0.5375467538833618,-0.20622681081295013,0.19877158105373383,0.9730872511863708,-0.9894910427909753,-1.6015798785067152,1.318778875728363,1.0205132524257001,1.2196715343439857,0.0,0.08733617299647034,0.16925891902644252,-0.10741760949709721,0.11266382700352967,0.03074108097355748,0.10741760949709721,0.2,0.2,0.0,0.2186657989118099,0.9033031309927745,0,0,151,False
0,152,-0.9894910427909753,-1.6015798785067152,1.318778875728363,1.0205132524257001,1.2196715343439857,0.0,0.08733617299647034,0.16925891902644252,-0.10741760949709721,0.9967200756072998,0.8612802624702454,-0.3501448333263397,0.8834126591682434,0.5186609029769897,0.9066941142082214,-0.9894910427909753,-1.6015798785067152,1.318778875728363,1.0205132524257001,1.2196715343439857,0.0,0.06540567453606264,0.12247532973637801,-0.13319400415791308,0.13459432546393738,0.077524670263622,0.13319400415791308,0.2,0.2,0.0,0.19240257638391964,0.1364309370869428,0,0,152,False
0,153,-0.9894910427909753,-1.6015798785067152,1.318778875728363,1.0205132524257001,1.2196715343439857,0.0,0.06540567453606264,0.12247532973637801,-0.13319400415791308,0.9762039184570312,0.5699759125709534,-0.5199477672576904,0.5938920378684998,0.25277405977249146,0.9918373227119446,-0.9894910427909753,-1.6015798785067152,1.318778875728363,1.0205132524257001,1.2196715343439857,0.0,0.06409150282367213,0.11255985954998281,-0.08964826136818865,0.13590849717632789,0.0874401404500172,0.08964826136818865,0.2,0.2,0.0,0.15752540583171876,0.24000900260614946,0,0,153,False
0,154,-0.9894910427909753,-1.6015798785067152,1.318778875728363,1.0205132524257001,1.2196715343439857,0.0,0.06409150282367213,0.11255985954998281,-0.08964826136818865,0.9476686120033264,0.9840109944343567,-0.8465970754623413,0.6853259801864624,0.7261267900466919,0.9286497235298157,-0.9894910427909753,-1.6015798785067152,1.318778875728363,1.0205132524257001,1.2196715343439857,0.0,0.08091934168647967,0.11014139204064172,-0.017748038866811533,0.11908065831352034,0.0898586079593583,0.017748038866811533,0.2,0.2,0.0,0.1378189355032226,0.0981552355333502,0,0,154,False
0,155,-0.9894910427909753,-1.6015798785067152,1.318778875728363,1.0205132524257001,1.2196715343439857,0.0,0.08091934168647967,0.11014139204064172,-0.017748038866811533,0.8233669996261597,0.9110681414604187,-0.620299220085144,0.4872862994670868,0.9206097722053528,0.9959135055541992,-0.9894910427909753,-1.6015798785067152,1.318778875728363,1.0205132524257001,1.2196715343439857,0.0,0.08953408514171571,0.11147374783424596,0.0027377001792218345,0.1104659148582843,0.08852625216575405,-0.0027377001792218345,0.2,0.2,0.0,0.14300434909697105,-0.15335631048596993,0,0,155,False
0,156,-0.9894910427909753,-1.6015798785067152,1.318778875728363,1.0205132524257001,1.2196715343439857,0.0,0.08953408514171571,0.11147374783424596,0.0027377001792218345,0.8103204965591431,0.9034199714660645,-0.8568623065948486,0.18833774328231812,0.4917171597480774,0.9968798756599426,0.6901042975023906,0.04636203163951554,0.5618543975608742,1.0891484111252412,1.914765388069741,0.0,0.08960120165464468,0.106813974644526,0.010118319967304619,0.11039879834535533,0.09318602535547402,-0.010118319967304619,0.2,0.2,0.0,0.1397854817793268,-0.06770406771322081,0,0,156,False
0,157,0.6901042975023906,0.04636203163951554,0.5618543975608742,1.0891484111252412,1.914765388069741,0.0,0.08960120165464468,0.106813974644526,0.010118319967304619,-0.8930076360702515,0.4648858308792114,-0.23049971461296082,0.9113433361053467,-0.8795496821403503,0.9957241415977478,0.6901042975023906,0.04636203163951554,0.5618543975608742,1.0891484111252412,1.914765388069741,0.0,0.08771874034400177,0.09935489084952295,0.006177394336944829,0.11228125965599824,0.10064510915047706,-0.006177394336944829,0.2,0.2,0.0,0.1326805635504053,-0.025291099485987845,0,0,157,False
0,158,0.6901042975023906,0.04636203163951554,0.5618543975608742,1.0891484111252412,1.914765388069741,0.0,0.08771874034400177,0.09935489084952295,0.006177394336944829,-0.7603024244308472,0.8190647959709167,-0.2395525872707367,0.8410289287567139,-0.9152444005012512,0.9829847812652588,0.6901042975023906,0.04636203163951554,0.5618543975608742,1.0891484111252412,1.914765388069741,0.0,0.02814747967378578,0.061923013646655756,0.009139159705474853,0.17185252032621423,0.13807698635334426,-0.009139159705474853,0.2,0.2,0.0,0.06863136652575318,7.6499999999999995,0,0,158,False
0,159,0.6901042975023906,0.04636203163951554,0.5618543975608742,1.0891484111252412,1.914765388069741,0.0,0.02814747967378578,0.061923013646655756,0.009139159705474853,0.017474228516221046,0.8195404410362244,-0.12659434974193573,0.5752933025360107,-0.8252254724502563,0.7340301275253296,0.6901042975023906,0.04636203163951554,0.5618543975608742,1.0891484111252412,1.914765388069741,0.0,-0.02235660110179738,0.23749999844701608,-0.07268173280318008,0.2223566011017974,-0.03749999844701607,0.07268173280318008,0.2,0.2,0.0,0.2493766251243897,-1.9621408985485604,0,0,159,False
0,160,0.6901042975023906,0.04636203163951554,0.5618543975608742,1.0891484111252412,1.914765388069741,0.0,-0.02235660110179738,0.23749999844701608,-0.07268173280318008,-0.9999987483024597,0.9957449436187744,-0.8999322652816772,0.999483585357666,-0.33333829045295715,0.9996227025985718,0.6901042975023906,0.04636203163951554,0.5618543975608742,1.0891484111252412,1.914765388069741,0.0,-2.182393323060805e-05,0.2961930445783938,-0.04834407269160826,0.20002182393323062,-0.09619304457839381,0.04834407269160826,0.2,0.2,0.0,0.3001124280953955,-0.6874142437577557,0,0,160,False
0,161,0.6901042975023906,0.04636203163951554,0.5618543975608742,1.0891484111252412,1.914765388069741,0.0,-2.182393323060805e-05,0.2961930445783938,-0.04834407269160826,-0.9999925494194031,0.9956849217414856,-0.8642274737358093,0.9947071075439453,0.7207752466201782,0.9999445676803589,0.6901042975023906,0.04636203163951554,0.5618543975608742,1.0891484111252412,1.914765388069741,0.0,-0.003719934503337824,0.2675065261718763,-0.004771070977651528,0.20371993450333784,-0.06750652617187629,0.004771070977651528,0.2,0.2,0.0,0.26757492889941625,0.16158752751008446,0,0,161,False
0,162,0.6901042975023906,0.04636203163951554,0.5618543975608742,1.0891484111252412,1.914765388069741,0.0,-0.003719934503337824,0.2675065261718763,-0.004771070977651528,-0.9999945759773254,0.9952722191810608,-0.9690821170806885,0.9998877048492432,-0.4152572751045227,0.9999799728393555,0.6901042975023906,0.04636203163951554,0.5618543975608742,1.0891484111252412,1.914765388069741,0.0,-0.006805955319916734,0.26817496679711883,-0.0034633690007212364,0.20680595531991675,-0.06817496679711885,0.0034633690007212364,0.2,0.2,0.0,0.26828367220031796,-0.17122926910917602,0,0,162,False
0,163,0.6901042975023906,0.04636203163951554,0.5618543975608742,1.0891484111252412,1.914765388069741,0.0,-0.006805955319916734,0.26817496679711883,-0.0034633690007212364,-0.9999961256980896,0.9961338639259338,-0.8032323718070984,0.9994456768035889,-0.755328357219696,0.999954104423523,0.6901042975023906,0.04636203163951554,0.5618543975608742,1.0891484111252412,1.914765388069741,0.0,-0.0075259055070350245,0.2968995525152812,-0.004088966314726959,0.20752590550703504,-0.09689955251528123,0.004088966314726959,0.2,0.2,0.0,0.2970230684357665,-0.46590549657236846,0,0,163,False
0,164,0.6901042975023906,0.04636203163951554,0.5618543975608742,1.0891484111252412,1.914765388069741,0.0,-0.0075259055070350245,0.2968995525152812,-0.004088966314726959,-0.999624490737915,0.9960153102874756,-0.8750377297401428,0.9990387558937073,0.4088415503501892,0.9999638795852661,0.6901042975023906,0.04636203163951554,0.5618543975608742,1.0891484111252412,1.914765388069741,0.0,0.009116152566859964,0.3611975462714264,-0.009316215812823991,0.19088384743314005,-0.16119754627142643,0.009316215812823991,0.2,0.2,0.0,0.3614326542347725,-0.8548121851074465,0,0,164,False
0,165,0.6901042975023906,0.04636203163951554,0.5618543975608742,1.0891484111252412,1.914765388069741,0.0,0.009116152566859964,0.3611975462714264,-0.009316215812823991,-0.9999913573265076,0.9966466426849365,-0.24131588637828827,0.9938676357269287,0.9659758806228638,0.9999603033065796,0.6901042975023906,0.04636203163951554,0.5618543975608742,1.0891484111252412,1.914765388069741,0.0,0.014431724056708145,0.3734808838837069,-0.01316584655231999,0.18556827594329187,-0.1734808838837069,0.01316584655231999,0.2,0.2,0.0,0.37399142343273484,-0.34258340369599083,0,0,165,False
0,166,0.6901042975023906,0.04636203163951554,0.5618543975608742,1.0891484111252412,1.914765388069741,0.0,0.014431724056708145,0.3734808838837069,-0.01316584655231999,-0.9999992251396179,0.9953312277793884,0.08527415245771408,0.9993683695793152,0.922703742980957,0.9955347776412964,-0.9020259936595352,1.1842413836955608,-1.531318400915582,1.8719087267936045,1.7911371722439744,0.0,0.02734005605307696,0.3950954554871442,-0.020019341886313376,0.17265994394692305,-0.1950954554871442,0.020019341886313376,0.2,0.2,0.0,0.39654592629497587,-0.45381799176989823,0,0,166,False
0,167,-0.9020259936595352,1.1842413836955608,-1.531318400915582,1.8719087267936045,1.7911371722439744,0.0,0.02734005605307696,0.3950954554871442,-0.020019341886313376,-0.9761579632759094,-0.6721134185791016,0.9314921498298645,0.8577823638916016,-0.993536114692688,-0.9315223693847656,-0.9020259936595352,1.1842413836955608,-1.531318400915582,1.8719087267936045,1.7911371722439744,0.0,0.04881835961342157,0.41470005540693033,-0.02024842811095688,0.15118164038657844,-0.21470005540693035,0.02024842811095688,0.2,0.2,0.0,0.41805426326114775,-0.4541105012922927,0,0,167,False
0,168,-0.9020259936595352,1.1842413836955608,-1.531318400915582,1.8719087267936045,1.7911371722439744,0.0,0.04881835961342157,0.41470005540693033,-0.02024842811095688,-0.9803611040115356,-0.7499992847442627,0.8992929458618164,0.7999325394630432,-0.9913570880889893,-0.9734860062599182,-0.9020259936595352,1.1842413836955608,-1.531318400915582,1.8719087267936045,1.7911371722439744,0.0,0.06335904947266277,0.40884635067257563,-0.0194857344733656,0.13664095052733724,-0.20884635067257562,0.0194857344733656,0.2,0.2,0.0,0.41418522602373026,-0.19840224063769019,0,0,168,False
0,169,-0.9020259936595352,1.1842413836955608,-1.531318400915582,1.8719087267936045,1.7911371722439744,0.0,0.06335904947266277,0.40884635067257563,-0.0194857344733656,-0.9846354126930237,-0.8045163154602051,0.9470019936561584,0.7666127681732178,-0.9932068586349487,-0.974975049495697,-0.9020259936595352,1.1842413836955608,-1.531318400915582,1.8719087267936045,1.7911371722439744,0.0,0.06725772065357352,0.40712009462086546,-0.04096045240397167,0.1327422793464265,-0.20712009462086545,0.04096045240397167,0.2,0.2,0.0,0.41466628883085566,-0.2421437724866818,0,0,169,False
0,170,-0.9020259936595352,1.1842413836955608,-1.531318400915582,1.8719087267936045,1.7911371722439744,0.0,0.06725772065357352,0.40712009462086546,-0.04096045240397167,-0.9819830656051636,-0.8134793043136597,0.9580743312835693,0.7184048891067505,-0.9913159012794495,-0.9807525277137756,-0.9020259936595352,1.1842413836955608,-1.531318400915582,1.8719087267936045,1.7911371722439744,0.0,0.07087877976323356,0.40364390075202344,-0.05368952332885406,0.12912122023676645,-0.20364390075202343,0.05368952332885406,0.2,0.2,0.0,0.4133216241019987,-0.22321416476242964,0,0,170,False
0,171,-0.9020259936595352,1.1842413836955608,-1.531318400915582,1.8719087267936045,1.7911371722439744,0.0,0.07087877976323356,0.40364390075202344,-0.05368952332885406,-0.9821633100509644,-0.801447868347168,0.9752458930015564,0.5894119143486023,-0.9855650067329407,-0.9839973449707031,-0.9020259936595352,1.1842413836955608,-1.531318400915582,1.8719087267936045,1.7911371722439744,0.0,0.0818884317195921,0.39015205201924746,-0.0790360626054921,0.1181115682804079,-0.19015205201924745,0.0790360626054921,0.2,0.2,0.0,0.4064123990929695,-0.1641139494561929,0,0,171,False
0,172,-0.9020259936595352,1.1842413836955608,-1.531318400915582,1.8719087267936045,1.7911371722439744,0.0,0.0818884317195921,0.39015205201924746,-0.0790360626054921,-0.9802847504615784,-0.8023719787597656,0.9722280502319336,0.2283327430486679,-0.9621596336364746,-0.9819267392158508,-0.9020259936595352,1.1842413836955608,-1.531318400915582,1.8719087267936045,1.7911371722439744,0.0,0.08558342895431727,0.38522378727739476,-0.08513575876779911,0.11441657104568274,-0.18522378727739475,0.08513575876779911,0.2,0.2,0.0,0.40369541366838324,-0.20467785258832902,0,0,172,False
0,173,-0.9020259936595352,1.1842413836955608,-1.531318400915582,1.8719087267936045,1.7911371722439744,0.0,0.08558342895431727,0.38522378727739476,-0.08513575876779911,-0.9811261296272278,-0.7996480464935303,0.9181591868400574,0.09216535091400146,-0.9723854660987854,-0.9879932999610901,-0.9020259936595352,1.1842413836955608,-1.531318400915582,1.8719087267936045,1.7911371722439744,0.0,0.08624177508737856,0.3843815733941422,-0.08622183169098005,0.11375822491262146,-0.18438157339414218,0.08622183169098005,0.2,0.2,0.0,0.4032629935852359,-0.22730729596114427,0,0,173,False
0,174,-0.9020259936595352,1.1842413836955608,-1.531318400915582,1.8719087267936045,1.7911371722439744,0.0,0.08624177508737856,0.3843815733941422,-0.08622183169098005,-0.9814441800117493,-0.7988215088844299,0.9796116948127747,0.12735526263713837,-0.9781465530395508,-0.9839519262313843,-0.9020259936595352,1.1842413836955608,-1.531318400915582,1.8719087267936045,1.7911371722439744,0.0,0.08878490058574282,0.3810620398801561,-0.09017522969317358,0.1112150994142572,-0.1810620398801561,0.09017522969317358,0.2,0.2,0.0,0.4015253526987586,-0.21338626748460665,0,0,174,False
0,175,-0.9020259936595352,1.1842413836955608,-1.531318400915582,1.8719087267936045,1.7911371722439744,0.0,0.08878490058574282,0.3810620398801561,-0.09017522969317358,-0.9837276339530945,-0.8185778856277466,0.9844182133674622,0.012940645217895508,-0.9392592310905457,-0.9855741858482361,-0.9747523443646547,0.268012554395109,-0.36496241524848405,1.7665862127772045,1.3253128676709092,0.0,0.08970600881116318,0.3800845753350593,-0.09351986450367214,0.11029399118883683,-0.18008457533505928,0.09351986450367214,0.2,0.2,0.0,0.4015686958432468,-0.23121777936650512,0,0,175,False
0,176,-0.9747523443646547,0.268012554395109,-0.36496241524848405,1.7665862127772045,1.3253128676709092,0.0,0.08970600881116318,0.3800845753350593,-0.09351986450367214,-0.9975920915603638,-0.4586598575115204,0.7213122844696045,0.3551555573940277,-0.9603426456451416,-0.9880565404891968,-0.9753155377003169,0.22346104658188726,-0.31978639347320703,1.7357399199218075,1.3165804638287362,0.0,1.1334779655762235,2.082293890607919,-0.06856726291888054,0.11015516345580734,-0.17994243809220273,0.09424834515756586,1.2436331290320308,1.9023514525157164,0.02568108223868531,2.3717971276764094,-20.0,0,1,176,False
0,177,-0.9753155377003169,0.22346104658188726,-0.31978639347320703,1.7357399199218075,1.3165804638287362,0.0,1.1334779655762235,2.082293890607919,-0.06856726291888054,-0.9710873961448669,-0.9068742990493774,0.42146435379981995,-0.6533102989196777,-0.9996135830879211,-1.0,-0.975603305773873,0.20377239017917156,-0.30151108864582965,1.72337264501245,1.313886966691761,0.0,1.1417752093804299,2.1008914647383823,-0.07116902181341433,0.10978254999998703,-0.17947643669490498,0.0948094845336788,1.2515577593804168,1.9214150280434774,0.023640462720264467,2.3921665086344195,-20.0,0,2,177,False
0,178,-0.975603305773873,0.20377239017917156,-0.30151108864582965,1.72337264501245,1.313886966691761,0.0,1.1417752093804299,2.1008914647383823,-0.07116902181341433,-0.9681532382965088,-0.8979913592338562,0.4234161376953125,-0.6789213418960571,-0.9996404051780701,-0.9999999403953552,-0.975583336925322,0.1941723901831178,-0.2919110886409332,1.7137726450164317,1.3119664652516416,0.0,1.1439366734769343,2.1105796006200626,-0.0742382424005124,0.1099559400988001,-0.17972933339053498,0.09588786450471358,1.2538926135757344,1.9308502672295274,0.021649622104201186,2.40180113250738,-20.0,0,3,178,False
0,179,-0.975583336925322,0.1941723901831178,-0.2919110886409332,1.7137726450164317,1.3119664652516416,0.0,1.1439366734769343,2.1105796006200626,-0.0742382424005124,-0.967852771282196,-0.8935731053352356,0.3994329869747162,-0.7111386060714722,-0.9996491074562073,-1.0,-0.9755397386008728,0.18168987972033956,-0.28359313071242237,1.7036413038771057,1.3105202980988406,0.0,1.145061612042291,2.120905221082621,-0.07841834274579641,0.11016660309878737,-0.18002754768504614,0.0972441514745678,1.2552282151410783,1.9408776733975752,0.018825808728771393,2.4115460784872864,-20.0,0,4,179,False
0,180,-0.9755397386008728,0.18168987972033956,-0.28359313071242237,1.7036413038771057,1.3105202980988406,0.0,1.145061612042291,2.120905221082621,-0.07841834274579641,-0.965510368347168,-0.8837268352508545,0.3760411739349365,-0.7331961393356323,-0.9996147751808167,-1.0,-0.9754273577214212,0.16353177207776154,-0.26764015645690176,1.6865479919926172,1.307101027463489,0.0,1.1446073934599308,2.1341721392715924,-0.08463520971549036,0.11040501996767296,-0.1803454363736558,0.09861531318930788,1.2550124134276037,1.9538267028979368,0.013980103473817517,2.4232168544993673,-20.0,0,5,180,True
1,181,-6.762692902559486e-06,-1.5699632472157488,1.5699561539961457,1.570000763414593,1.9228228615677902e-05,0.0,1.217280972801923,1.9554270408697523,-0.004485440757925219,-0.3354255259037018,-0.8546496033668518,0.9993202686309814,-0.8147387504577637,-0.9998120665550232,-0.9999987483024597,-6.762692902559486e-06,-1.5699632472157488,1.5699561539961457,1.570000763414593,1.9228228615677902e-05,0.0,1.217280972801923,1.9554270408697523,-0.004485440757925219,0.037731440625680734,-0.0016003379718155643,0.018465544231742737,1.2550124134276037,1.9538267028979368,0.013980103473817517,2.3033644952740384,0.0,0,0,0,False
1,182,-6.762692902559486e-06,-1.5699632472157488,1.5699561539961457,1.570000763414593,1.9228228615677902e-05,0.0,1.217280972801923,1.9554270408697523,-0.004485440757925219,-0.3102853298187256,-0.8479350209236145,0.9995719790458679,-0.8103084564208984,-0.9998756051063538,-0.9999994039535522,-0.0007711718025884737,-1.5701730381699568,1.5701872340650884,1.5673675818327912,0.0023751412420706035,0.0,0.16226862757956384,0.2016003279332658,-0.018465383407633512,0.03773137242043616,-0.0016003279332657949,0.018465383407633512,0.2,0.2,0.0,0.25945090114267555,20.0,0,0,1,False
1,183,-0.0007711718025884737,-1.5701730381699568,1.5701872340650884,1.5673675818327912,0.0023751412420706035,0.0,0.16226862757956384,0.2016003279332658,-0.018465383407633512,0.9787554144859314,-0.752621054649353,0.8862375617027283,-0.9074676632881165,-0.07404045015573502,-0.06370364129543304,0.004881095959180397,-1.5706490416780097,1.5701984518078755,1.545420967008736,0.02489167645087085,0.0,0.16054464673389615,0.20175734127349312,-0.01834068296406627,0.03945535326610386,-0.0017573412734931022,0.01834068296406627,0.2,0.2,0.0,0.25848982379244384,-0.14963413839390483,0,0,2,False
1,184,0.004881095959180397,-1.5706490416780097,1.5701984518078755,1.545420967008736,0.02489167645087085,0.0,0.16054464673389615,0.20175734127349312,-0.01834068296406627,0.9693502187728882,-0.688330888748169,0.9781864285469055,-0.7985464334487915,-0.29290351271629333,-0.11681728810071945,0.019198195394741574,-1.5688553591830263,1.5689973213940553,1.5285159046668506,0.042321451718103406,0.0,0.15776536847178535,0.20074635884991224,-0.018740002335902117,0.04223463152821466,-0.0007463588499122245,0.018740002335902117,0.2,0.2,0.0,0.2560082025406326,-0.13318788875220403,0,0,3,False
1,185,0.019198195394741574,-1.5688553591830263,1.5689973213940553,1.5285159046668506,0.042321451718103406,0.0,0.15776536847178535,0.20074635884991224,-0.018740002335902117,0.7054193019866943,-0.8125400543212891,0.9722736477851868,-0.6006211042404175,-0.5626489520072937,0.07693295925855637,0.031864110122255755,-1.566882471999186,1.570620846139775,1.512231799931264,0.05941844267805752,0.0,0.15569964851522852,0.19982732573547235,-0.018382967738403033,0.04430035148477149,0.00017267426452764745,0.018382967738403033,0.2,0.2,0.0,0.2539906969974047,-0.13682029306642296,0,0,4,False
1,186,0.031864110122255755,-1.566882471999186,1.570620846139775,1.512231799931264,0.05941844267805752,0.0,0.15569964851522852,0.19982732573547235,-0.018382967738403033,0.9331256747245789,-0.6358599662780762,0.8606277704238892,-0.8401098251342773,-0.47208401560783386,-0.10848618298768997,0.04897384171898243,-1.5686895389133688,1.5728632847556743,1.493031799938395,0.0786184426648741,0.0,0.15356087512965844,0.19876945362115106,-0.01824940154937052,0.04643912487034156,0.0012305463788489445,0.01824940154937052,0.2,0.2,0.0,0.2518397878023797,-0.1344108019509401,0,0,5,False
1,187,0.04897384171898243,-1.5686895389133688,1.5728632847556743,1.493031799938395,0.0786184426648741,0.0,0.15356087512965844,0.19876945362115106,-0.01824940154937052,0.9391503930091858,-0.7172285318374634,0.32559290528297424,-0.3482784032821655,-0.6271021366119385,0.42916473746299744,0.06229876991174396,-1.5671016813931051,1.5655367826824558,1.4758656627194282,0.09830020817360839,0.0,0.15079836684256576,0.1978244286413461,-0.019587330554665633,0.04920163315743424,0.0021755713586538933,0.019587330554665633,0.2,0.2,0.0,0.24951616285907774,-0.13152183199651926,0,0,6,False
1,188,0.06229876991174396,-1.5671016813931051,1.5655367826824558,1.4758656627194282,0.09830020817360839,0.0,0.15079836684256576,0.1978244286413461,-0.019587330554665633,0.9957904815673828,-0.4703599810600281,0.9874304533004761,-0.22522926330566406,0.3781311810016632,0.2898383140563965,0.08122891477020566,-1.5636152760096578,1.5463367826862886,1.4566656627267538,0.11750020816056324,0.0,0.15079836684256576,0.1978244286413461,-0.019587330554665633,0.04920163315743424,0.0021755713586538933,0.019587330554665633,0.2,0.2,0.0,0.24951616285907774,-0.15475808142953887,0,0,7,False
1,189,0.08122891477020566,-1.5636152760096578,1.5463367826862886,1.4566656627267538,0.11750020816056324,0.0,0.15079836684256576,0.1978244286413461,-0.019587330554665633,0.9508644938468933,-0.3333463668823242,0.9577345252037048,-0.37679657340049744,-0.8992781639099121,0.4199239909648895,0.08122891477020566,-1.5636152760096578,1.5463367826862886,1.4566656627267538,0.11750020816056324,0.0,0.1420252692678452,0.1747981563595712,-0.0045318095654741965,0.05797473073215481,0.02520184364042883,0.0045318095654741965,0.2,0.2,0.0,0.2252689722870124,0.09983741957714723,0,0,8,False
1,190,0.08122891477020566,-1.5636152760096578,1.5463367826862886,1.4566656627267538,0.11750020816056324,0.0,0.1420252692678452,0.1747981563595712,-0.0045318095654741965,0.9954462647438049,-0.5327091217041016,0.9639621376991272,-0.8100860118865967,-0.6215476989746094,-0.04707372933626175,0.08122891477020566,-1.5636152760096578,1.5463367826862886,1.4566656627267538,0.11750020816056324,0.0,0.13384238747659455,0.1613695632864866,-0.005604175428528289,0.06615761252340546,0.03863043671351342,0.005604175428528289,0.2,0.2,0.0,0.2097267923345513,0.020558403357335345,0,0,9,False
1,191,0.08122891477020566,-1.5636152760096578,1.5463367826862886,1.4566656627267538,0.11750020816056324,0.0,0.13384238747659455,0.1613695632864866,-0.005604175428528289,0.9951066970825195,-0.35120394825935364,0.8990092873573303,-0.3438606858253479,-0.51120924949646,-0.12817706167697906,0.46734514701699054,-1.230637238277319,1.5488531273981967,1.0452348384303465,0.558303320114163,0.0,0.13250998708243467,0.1597193197508436,-0.005895358156474073,0.06749001291756533,0.0402806802491564,0.005895358156474073,0.2,0.2,0.0,0.2076148188980072,-0.11268767508356264,0,0,10,False
1,192,0.46734514701699054,-1.230637238277319,1.5488531273981967,1.0452348384303465,0.558303320114163,0.0,0.13250998708243467,0.1597193197508436,-0.005895358156474073,0.9205503463745117,0.6377237439155579,0.9393255710601807,0.7655116319656372,-0.9760977029800415,0.37520989775657654,0.4783850066258097,-1.2161362574961667,1.54321789148771,1.0295335337177909,0.5775033127250734,0.0,0.13250998708243467,0.1597193197508436,-0.005895358156474073,0.06749001291756533,0.0402806802491564,0.005895358156474073,0.2,0.2,0.0,0.2076148188980072,-0.1338074094490036,0,0,11,False
1,193,0.4783850066258097,-1.2161362574961667,1.54321789148771,1.0295335337177909,0.5775033127250734,0.0,0.13250998708243467,0.1597193197508436,-0.005895358156474073,0.9577819108963013,0.5963635444641113,0.8655475378036499,0.9530541300773621,-0.9861117005348206,-0.16127949953079224,0.4783850066258097,-1.2161362574961667,1.54321789148771,1.0295335337177909,0.5775033127250734,0.0,0.13944353221993777,0.16090771508243767,-0.004340087465361079,0.060556467780062226,0.03909228491756233,0.004340087465361079,0.2,0.2,0.0,0.21296625979302625,-0.18999753884670356,0,0,12,False
1,194,0.4783850066258097,-1.2161362574961667,1.54321789148771,1.0295335337177909,0.5775033127250734,0.0,0.13944353221993777,0.16090771508243767,-0.004340087465361079,0.7939910888671875,0.7898057699203491,0.9251582622528076,0.9332329034805298,-0.9926525354385376,0.551113486289978,0.4783850066258097,-1.2161362574961667,1.54321789148771,1.0295335337177909,0.5775033127250734,0.0,0.15995158967750694,0.16778974585207004,-0.0033527643635195975,0.04004841032249305,0.03221025414792996,0.0033527643635195975,0.2,0.2,0.0,0.23183863112592148,-0.3346430288919131,0,0,13,False
1,195,0.4783850066258097,-1.2161362574961667,1.54321789148771,1.0295335337177909,0.5775033127250734,0.0,0.15995158967750694,0.16778974585207004,-0.0033527643635195975,0.938144326210022,0.9159736037254333,0.3517480194568634,0.9087344408035278,-0.9558264017105103,0.27793088555336,0.4783850066258097,-1.2161362574961667,1.54321789148771,1.0295335337177909,0.5775033127250734,0.0,0.17613087013894704,0.17696853345467756,-0.013191888206890382,0.023869129861052964,0.023031466545322454,0.013191888206890382,0.2,0.2,0.0,0.25002794076555734,-0.3369070667791373,0,0,14,False
1,196,0.4783850066258097,-1.2161362574961667,1.54321789148771,1.0295335337177909,0.5775033127250734,0.0,0.17613087013894704,0.17696853345467756,-0.013191888206890382,0.9267768263816833,0.7299450635910034,0.7676710486412048,0.9453799724578857,-0.9660163521766663,0.9275426864624023,0.4783850066258097,-1.2161362574961667,1.54321789148771,1.0295335337177909,0.5775033127250734,0.0,0.17095785411057,0.17065621246362234,-0.02717428994108083,0.029042145889430018,0.029343787536377675,0.02717428994108083,0.2,0.2,0.0,0.24308141181160248,-0.08207541636625257,0,0,15,False
1,197,0.4783850066258097,-1.2161362574961667,1.54321789148771,1.0295335337177909,0.5775033127250734,0.0,0.17095785411057,0.17065621246362234,-0.02717428994108083,0.9614260196685791,0.7570889592170715,0.817069947719574,0.621173620223999,-0.9988728761672974,0.6755967140197754,0.4783850066258097,-1.2161362574961667,1.54321789148771,1.0295335337177909,0.5775033127250734,0.0,0.18890859274948224,0.18332189787457645,-0.02619246521072141,0.01109140725051776,0.016678102125423568,0.02619246521072141,0.2,0.2,0.0,0.2645362354928739,-0.3768163545591514,0,0,16,False
1,198,0.4783850066258097,-1.2161362574961667,1.54321789148771,1.0295335337177909,0.5775033127250734,0.0,0.18890859274948224,0.18332189787457645,-0.02619246521072141,0.9385043382644653,0.8292807340621948,0.4853195548057556,0.95377516746521,-0.9380857944488525,0.8619307279586792,0.4783850066258097,-1.2161362574961667,1.54321789148771,1.0295335337177909,0.5775033127250734,0.0,0.19841157385194297,0.1895515181828019,-0.03328779366453882,0.0015884261480570549,0.010448481817198126,0.03328779366453882,0.2,0.2,0.0,0.27641455802989645,-0.2869905043851736,0,0,17,False
1,199,0.4783850066258097,-1.2161362574961667,1.54321789148771,1.0295335337177909,0.5775033127250734,0.0,0.19841157385194297,0.1895515181828019,-0.03328779366453882,0.9710877537727356,0.3499365448951721,0.08922366797924042,0.9560813307762146,-0.3079273998737335,0.9478660821914673,0.4783850066258097,-1.2161362574961667,1.54321789148771,1.0295335337177909,0.5775033127250734,0.0,0.19439408771111982,0.18563449146194752,-0.04141554136468991,0.005605912288880192,0.014365508538052489,0.04141554136468991,0.2,0.2,0.0,0.2719641020868467,-0.12147749161292565,0,0,18,False
1,200,0.4783850066258097,-1.2161362574961667,1.54321789148771,1.0295335337177909,0.5775033127250734,0.0,0.19439408771111982,0.18563449146194752,-0.04141554136468991,0.7883848547935486,0.7758121490478516,0.6793755292892456,0.4797353744506836,-0.9406977891921997,0.8981323838233948,0.4783850066258097,-1.2161362574961667,1.54321789148771,1.0295335337177909,0.5775033127250734,0.0,0.19085289640754222,0.18234065074858016,-0.045672730811944215,0.009147103592457784,0.01765934925141985,0.045672730811944215,0.2,0.2,0.0,0.26787859063834135,-0.12308418083411737,0,0,19,False
1,201,0.4783850066258097,-1.2161362574961667,1.54321789148771,1.0295335337177909,0.5775033127250734,0.0,0.19085289640754222,0.18234065074858016,-0.045672730811944215,0.6920732259750366,0.8176321983337402,0.5333981513977051,0.562799334526062,-0.9253337383270264,0.595192551612854,0.4783850066258097,-1.2161362574961667,1.54321789148771,1.0295335337177909,0.5775033127250734,0.0,0.1902306084335208,0.1816120756689283,-0.04609464452101333,0.0097693915664792,0.018387924331071687,0.04609464452101333,0.2,0.2,0.0,0.2670118848802102,-0.15483888485879374,0,0,20,False
1,202,0.4783850066258097,-1.2161362574961667,1.54321789148771,1.0295335337177909,0.5775033127250734,0.0,0.1902306084335208,0.1816120756689283,-0.04609464452101333,0.4823303520679474,0.8252514600753784,0.5348065495491028,0.8501333594322205,-0.9604147672653198,0.9955175518989563,0.7381771679890444,0.2363331789940669,0.8047134293484282,1.9919781980243607,1.269997336580011,0.0,0.1897643130018138,0.18109421827983757,-0.046441092320775715,0.010235686998186229,0.018905781720162426,0.046441092320775715,0.2,0.2,0.0,0.2663876600734025,-0.15695158196862385,0,0,21,False
1,203,0.7381771679890444,0.2363331789940669,0.8047134293484282,1.9919781980243607,1.269997336580011,0.0,0.1897643130018138,0.18109421827983757,-0.046441092320775715,-0.9833871126174927,-0.0006967632798478007,0.2774817645549774,0.799827516078949,-0.8923752903938293,0.18928764760494232,0.7222008512147953,0.23029465667124271,0.8119191846596673,1.9848810487920197,1.2658351942504953,0.0,0.1900007995923725,0.18234213952398054,-0.046269274319922116,0.009999200407627511,0.01765786047601947,0.046269274319922116,0.2,0.2,0.0,0.2673757757127895,-0.17356904425026473,0,0,22,False
1,204,0.7222008512147953,0.23029465667124271,0.8119191846596673,1.9848810487920197,1.2658351942504953,0.0,0.1900007995923725,0.18234213952398054,-0.046269274319922116,-0.9796391129493713,-0.45084747672080994,-0.35940229892730713,0.7357177734375,-0.9331476092338562,0.11070091277360916,0.6843046815662859,0.2284540220322894,0.8046724104142208,1.9869131122995594,1.260956458932519,0.0,0.18979729531878842,0.1828398188286081,-0.046418898210029425,0.010202704681211584,0.017160181171391908,0.046418898210029425,0.2,0.2,0.0,0.2675969483582328,-0.1660102006335494,0,0,23,False
1,205,0.6843046815662859,0.2284540220322894,0.8046724104142208,1.9869131122995594,1.260956458932519,0.0,0.18979729531878842,0.1828398188286081,-0.046418898210029425,-0.974007248878479,-0.1713523268699646,-0.1641564518213272,0.7375043630599976,-0.9490351676940918,0.9922089576721191,0.6666399328786619,0.21380869101471187,0.8026432223580031,1.979477030910048,1.2598609772295002,0.0,0.18727870917963668,0.1815772057870588,-0.04554546454336197,0.012721290820363326,0.018422794212941223,0.04554546454336197,0.2,0.2,0.0,0.2647980096486707,-0.1344096177287143,0,0,24,False
1,206,0.6666399328786619,0.21380869101471187,0.8026432223580031,1.979477030910048,1.2598609772295002,0.0,0.18727870917963668,0.1815772057870588,-0.04554546454336197,-0.9751424789428711,-0.3109114170074463,0.04479695484042168,0.6603376865386963,-0.9232885837554932,0.8200708031654358,0.644208480019866,0.19300672730429363,0.8038165725222495,1.96974471227551,1.258566126494807,0.0,0.1859783144831816,0.18144431444194076,-0.04512471934601124,0.0140216855168184,0.018555685558059254,0.04512471934601124,0.2,0.2,0.0,0.2637161599094135,-0.15103958256213496,0,0,25,False
1,207,0.644208480019866,0.19300672730429363,0.8038165725222495,1.96974471227551,1.258566126494807,0.0,0.1859783144831816,0.18144431444194076,-0.04512471934601124,-0.9708598852157593,-0.42623209953308105,-0.30667805671691895,0.7327136993408203,-0.9383006691932678,0.579195499420166,0.6266295627793411,0.17625996420171278,0.7999768975509982,1.9626953979668098,1.2575703337050068,0.0,0.18425215301283787,0.18106314293073517,-0.04463095775991339,0.015747846987162133,0.01893685706926486,0.04463095775991339,0.2,0.2,0.0,0.26215384797555275,-0.14545380464916888,0,0,26,False
1,208,0.6266295627793411,0.17625996420171278,0.7999768975509982,1.9626953979668098,1.2575703337050068,0.0,0.18425215301283787,0.18106314293073517,-0.04463095775991339,-0.9649254083633423,-0.2751275599002838,-0.7123702764511108,0.3459188640117645,-0.8764245510101318,0.8241115808486938,0.6042964354833018,0.15616239664263315,0.7715467046796243,1.9499103556833213,1.2567570713807257,0.0,0.18425215301283787,0.18106314293073517,-0.04463095775991339,0.015747846987162133,0.01893685706926486,0.04463095775991339,0.2,0.2,0.0,0.26215384797555275,-0.16107692398777637,0,0,27,False
1,209,0.6042964354833018,0.15616239664263315,0.7715467046796243,1.9499103556833213,1.2567570713807257,0.0,0.18425215301283787,0.18106314293073517,-0.04463095775991339,-0.9776226282119751,-0.2659810483455658,-0.5276737213134766,0.3300492763519287,-0.8672281503677368,0.9065325856208801,0.6042964354833018,0.15616239664263315,0.7715467046796243,1.9499103556833213,1.2567570713807257,0.0,0.08419778432367857,0.14856760749467052,-0.05997645426067104,0.11580221567632144,0.05143239250532948,0.05997645426067104,0.2,0.2,0.0,0.18099385610398364,0.6911029906636992,0,0,28,False
1,210,0.6042964354833018,0.15616239664263315,0.7715467046796243,1.9499103556833213,1.2567570713807257,0.0,0.08419778432367857,0.14856760749467052,-0.05997645426067104,-0.8791791200637817,0.6250907182693481,-0.11259257793426514,0.4931967556476593,-0.8597621917724609,0.34192314743995667,0.39789643548755377,-0.050237603303705705,0.358746704727127,1.7448749100929226,1.2531117111186405,0.0,0.08419778432367857,0.14856760749467052,-0.05997645426067104,0.11580221567632144,0.05143239250532948,0.05997645426067104,0.2,0.2,0.0,0.18099385610398364,-0.12049692805199182,0,0,29,False
1,211,0.39789643548755377,-0.050237603303705705,0.358746704727127,1.7448749100929226,1.2531117111186405,0.0,0.08419778432367857,0.14856760749467052,-0.05997645426067104,-0.969977617263794,-0.23974943161010742,0.20585696399211884,0.14707836508750916,-0.6713330745697021,-0.729250431060791,0.3565029934995944,-0.07503075301545271,0.29919133003214765,1.7193416326234765,1.2531092885248787,0.0,0.07597426581188797,0.14862551981654565,-0.06578968251391305,0.12402573418811204,0.05137448018345435,0.06578968251391305,0.2,0.2,0.0,0.17941548576328434,-0.10392403947464919,0,0,30,False
1,212,0.3565029934995944,-0.07503075301545271,0.29919133003214765,1.7193416326234765,1.2531092885248787,0.0,0.07597426581188797,0.14862551981654565,-0.06578968251391305,-0.9607260823249817,-0.18954643607139587,0.35690703988075256,0.2912153899669647,-0.5490462779998779,-0.1442122757434845,0.33471764323599784,-0.08882992190817422,0.30123846954635214,1.7072242007875489,1.2564302555563411,0.0,0.07328317890846917,0.15065147985045693,-0.06642457542505903,0.12671682109153085,0.049348520149543086,0.06642457542505903,0.2,0.2,0.0,0.1802179705591612,-0.12813383323834915,0,0,31,False
1,213,0.33471764323599784,-0.08882992190817422,0.30123846954635214,1.7072242007875489,1.2564302555563411,0.0,0.07328317890846917,0.15065147985045693,-0.06642457542505903,-0.9868831038475037,0.17535549402236938,0.38274621963500977,-0.09572925418615341,-0.6393066644668579,-0.53072190284729,0.3177289984480415,-0.09811011372881816,0.306787281138763,1.6935396080462712,1.2603737454718569,0.0,0.07115819431760251,0.15329499562932503,-0.06749215334898792,0.1288418056823975,0.04670500437067497,0.06749215334898792,0.2,0.2,0.0,0.18198361208421973,-0.13864822129269522,0,0,32,False
1,214,0.3177289984480415,-0.09811011372881816,0.306787281138763,1.6935396080462712,1.2603737454718569,0.0,0.07115819431760251,0.15329499562932503,-0.06749215334898792,-0.9847607016563416,-0.0920303463935852,0.48724865913391113,0.2001773566007614,-0.6174426078796387,-0.12017956376075745,0.30557813360676506,-0.09825172670619889,0.31167164640356343,1.6829506916533528,1.2624932965313498,0.0,0.06948651686416402,0.15578855701203448,-0.06605769395331886,0.130513483135836,0.04421144298796553,0.06605769395331886,0.2,0.2,0.0,0.18292640446976485,-0.13089112609033365,0,0,33,False
1,215,0.30557813360676506,-0.09825172670619889,0.31167164640356343,1.6829506916533528,1.2624932965313498,0.0,0.06948651686416402,0.15578855701203448,-0.06605769395331886,-0.9879516363143921,-0.17119750380516052,0.5265676975250244,0.0714615061879158,-0.6389684677124023,-0.1891450136899948,0.2790746533369345,-0.11417697615843755,0.3296435064393206,1.6622244132822954,1.267641180423782,0.0,0.06830154460238125,0.1591477657712641,-0.06548952461565005,0.13169845539761876,0.04085223422873591,0.06548952461565005,0.2,0.2,0.0,0.1851539634451287,-0.1448525714762027,0,0,34,False
1,216,0.2790746533369345,-0.11417697615843755,0.3296435064393206,1.6622244132822954,1.267641180423782,0.0,0.06830154460238125,0.1591477657712641,-0.06548952461565005,-0.9840297102928162,0.026811949908733368,0.7331877946853638,0.507273256778717,-0.7607837915420532,-0.12243328988552094,0.26220240693835617,-0.12040471709552023,0.34013654877003974,1.6545893346102076,1.26904078077615,0.0,0.0679909979185761,0.16204432059180396,-0.0648454756965307,0.1320090020814239,0.03795567940819605,0.0648454756965307,0.2,0.2,0.0,0.18731276879148553,-0.14524443785931124,0,0,35,False
1,217,0.26220240693835617,-0.12040471709552023,0.34013654877003974,1.6545893346102076,1.26904078077615,0.0,0.0679909979185761,0.16204432059180396,-0.0648454756965307,-0.9900678396224976,0.045450810343027115,0.3402961790561676,0.20269203186035156,-0.7036652565002441,-0.270658016204834,0.2405626865511712,-0.12553447484027733,0.3552537593476397,1.6465870537920158,1.2704944699719811,0.0,0.06836039618637926,0.16543462525625224,-0.06348318169678495,0.13163960381362075,0.03456537474374778,0.06348318169678495,0.2,0.2,0.0,0.18992596810015833,-0.15109497713680708,0,0,36,False
1,218,0.2405626865511712,-0.12553447484027733,0.3552537593476397,1.6465870537920158,1.2704944699719811,0.0,0.06836039618637926,0.16543462525625224,-0.06348318169678495,-0.9909893870353699,0.09139318764209747,0.4866487979888916,0.4547581374645233,-0.7518417835235596,-0.32680851221084595,0.22376459455610168,-0.12911460627275834,0.3591074332467423,1.6343656215292688,1.272346494639231,0.0,0.06836039618637926,0.16543462525625224,-0.06348318169678495,0.13163960381362075,0.03456537474374778,0.06348318169678495,0.2,0.2,0.0,0.18992596810015833,-0.12496298405007916,0,0,37,False
1,219,0.22376459455610168,-0.12911460627275834,0.3591074332467423,1.6343656215292688,1.272346494639231,0.0,0.06836039618637926,0.16543462525625224,-0.06348318169678495,-0.9892951250076294,0.14011265337467194,0.7150971293449402,0.5260990858078003,-0.8064789175987244,-0.7099442481994629,0.20219353429038767,-0.12958101816232273,0.3727976488148171,1.629979612665776,1.2729291681394197,0.0,0.06685532377896516,0.1683491892928838,-0.0629008442506046,0.13314467622103485,0.0316508107071162,0.0629008442506046,0.2,0.2,0.0,0.19174879415683507,-0.14410265764518498,0,0,38,False
1,220,0.20219353429038767,-0.12958101816232273,0.3727976488148171,1.629979612665776,1.2729291681394197,0.0,0.06685532377896516,0.1683491892928838,-0.0629008442506046,-0.9940561652183533,-0.18391521275043488,0.39958226680755615,0.45026373863220215,-0.7310301661491394,-0.6106799840927124,0.1854570858860194,-0.1323851649900117,0.38359822809405186,1.6255808187933831,1.2734769150966971,0.0,0.06819645231814062,0.17186830413102092,-0.06070625705478554,0.1318035476818594,0.02813169586897909,0.06070625705478554,0.2,0.2,0.0,0.19461428446867723,-0.15596204535276023,0,0,39,False
1,221,0.1854570858860194,-0.1323851649900117,0.38359822809405186,1.6255808187933831,1.2734769150966971,0.0,0.06819645231814062,0.17186830413102092,-0.06070625705478554,-0.9891034364700317,-0.2916870415210724,0.3924334943294525,0.4803643226623535,-0.7688415050506592,-0.6826573610305786,0.1639943024568057,-0.1485795937048975,0.389800176783742,1.6187269428938897,1.2749841556091335,0.0,0.06789919293773353,0.1750024491223242,-0.060891806085357485,0.13210080706226648,0.02499755087767579,0.060891806085357485,0.2,0.2,0.0,0.19734226523667964,-0.15595094029836384,0,0,40,False
1,222,0.1639943024568057,-0.1485795937048975,0.389800176783742,1.6187269428938897,1.2749841556091335,0.0,0.06789919293773353,0.1750024491223242,-0.060891806085357485,-0.9920939803123474,0.04669314995408058,0.24393610656261444,0.19861383736133575,-0.8224882483482361,-0.8342442512512207,0.14733776811727772,-0.1581267983684444,0.3919975221953845,1.613032554515572,1.2754442744590024,0.0,0.06695011228715447,0.1780135187788156,-0.06252469620974371,0.13304988771284554,0.021986481221184413,0.06252469620974371,0.2,0.2,0.0,0.20020106902661403,-0.1586885724126509,0,0,41,False
1,223,0.14733776811727772,-0.1581267983684444,0.3919975221953845,1.613032554515572,1.2754442744590024,0.0,0.06695011228715447,0.1780135187788156,-0.06252469620974371,-0.9908722639083862,-0.06672155112028122,0.7727728486061096,0.24566055834293365,-0.840897798538208,-0.6029685735702515,0.12595563823014447,-0.16320583845657083,0.4009720171674301,1.6014982437488539,1.2753337642082427,0.0,0.06527831558123617,0.18056645035264682,-0.06259100044263283,0.13472168441876384,0.019433549647353197,0.06259100044263283,0.2,0.2,0.0,0.20194834689714097,-0.14844695215383996,0,0,42,False
1,224,0.12595563823014447,-0.16320583845657083,0.4009720171674301,1.6014982437488539,1.2753337642082427,0.0,0.06527831558123617,0.18056645035264682,-0.06259100044263283,-0.99501633644104,-0.04369046911597252,0.5743874311447144,0.26532673835754395,-0.7949904203414917,-0.664383590221405,0.10937954518941166,-0.17151296572260682,0.41631874604525815,1.5898158124457697,1.2751026045824794,0.0,0.06624007326708192,0.1842250980072424,-0.060827327890728665,0.1337599267329181,0.015774901992757596,0.060827327890728665,0.2,0.2,0.0,0.20500389718376738,-0.16305745145814776,0,0,43,False
1,225,0.10937954518941166,-0.17151296572260682,0.41631874604525815,1.5898158124457697,1.2751026045824794,0.0,0.06624007326708192,0.1842250980072424,-0.060827327890728665,-0.991199791431427,0.051678795367479324,0.49871283769607544,0.1779722273349762,-0.8874398469924927,-0.2614787518978119,0.09310457824404586,-0.17457529963586493,0.4238535977458369,1.583179244118563,1.2750661720398435,0.0,0.06631171964825525,0.18693478471143832,-0.060044130122050815,0.13368828035174476,0.013065215288561688,0.060044130122050815,0.2,0.2,0.0,0.20723695486069652,-0.1559490541996396,0,0,44,False
1,226,0.09310457824404586,-0.17457529963586493,0.4238535977458369,1.583179244118563,1.2750661720398435,0.0,0.06631171964825525,0.18693478471143832,-0.060044130122050815,-0.9939349889755249,0.19210901856422424,0.47463175654411316,0.6308301091194153,-0.9097847938537598,-0.5763686895370483,0.07667901282944833,-0.17487662522619962,0.4309545742103687,1.576551705546388,1.2742421184700268,0.0,0.06631171964825525,0.18693478471143832,-0.060044130122050815,0.13368828035174476,0.013065215288561688,0.060044130122050815,0.2,0.2,0.0,0.20723695486069652,-0.13361847743034827,0,0,45,False
1,227,0.07667901282944833,-0.17487662522619962,0.4309545742103687,1.576551705546388,1.2742421184700268,0.0,0.06631171964825525,0.18693478471143832,-0.060044130122050815,-0.9952298402786255,0.005689488723874092,0.7300090789794922,0.3080942928791046,-0.8692535758018494,-0.7637354135513306,0.07667901282944833,-0.17487662522619962,0.4309545742103687,1.576551705546388,1.2742421184700268,0.0,0.08046292975118362,0.20993643468381668,-0.04469532774287739,0.1195370702488164,-0.009936434683816662,0.04469532774287739,0.2,0.2,0.0,0.22922753323704279,-0.36451955038198414,0,0,46,False
1,228,0.07667901282944833,-0.17487662522619962,0.4309545742103687,1.576551705546388,1.2742421184700268,0.0,0.08046292975118362,0.20993643468381668,-0.04469532774287739,-0.9927767515182495,0.025436099618673325,0.7875829935073853,0.5757495164871216,-0.9189404845237732,-0.7227676510810852,-0.09227610777669931,-0.14057359073498368,0.5246037300981186,1.5658160003052954,1.261404335928357,0.0,0.08246151408345555,0.21240719480526585,-0.04315020819708074,0.11753848591654446,-0.012407194805265843,0.04315020819708074,0.2,0.2,0.0,0.23190225996619676,-0.17269839727463812,0,0,47,False
1,229,-0.09227610777669931,-0.14057359073498368,0.5246037300981186,1.5658160003052954,1.261404335928357,0.0,0.08246151408345555,0.21240719480526585,-0.04315020819708074,-0.9843829870223999,0.12056870758533478,0.6923904418945312,0.3987348675727844,-0.9639344811439514,-0.7191838622093201,-0.10324687601756134,-0.14153657058943364,0.5329613075800119,1.5641802905978333,1.260777378679226,0.0,0.08246151408345555,0.21240719480526585,-0.04315020819708074,0.11753848591654446,-0.012407194805265843,0.04315020819708074,0.2,0.2,0.0,0.23190225996619676,-0.1459511299830984,0,0,48,False
1,230,-0.10324687601756134,-0.14153657058943364,0.5329613075800119,1.5641802905978333,1.260777378679226,0.0,0.08246151408345555,0.21240719480526585,-0.04315020819708074,-0.987165629863739,0.26190468668937683,0.7928006052970886,0.6519367694854736,-0.946287989616394,-0.8747965693473816,-0.10324687601756134,-0.14153657058943364,0.5329613075800119,1.5641802905978333,1.260777378679226,0.0,0.11480901437418077,0.22979939317833434,-0.021978247373700646,0.08519098562581924,-0.029799393178334316,0.021978247373700646,0.2,0.2,0.0,0.2578214774690447,-0.4181029137630019,0,0,49,False
1,231,-0.10324687601756134,-0.14153657058943364,0.5329613075800119,1.5641802905978333,1.260777378679226,0.0,0.11480901437418077,0.22979939317833434,-0.021978247373700646,-0.9768133759498596,-0.20050694048404694,0.7930470705032349,0.6803635358810425,-0.9756208062171936,-0.35654374957084656,-0.10324687601756134,-0.14153657058943364,0.5329613075800119,1.5641802905978333,1.260777378679226,0.0,0.1381057966462571,0.23047697117525084,-0.011988733927703301,0.06189420335374292,-0.030476971175250826,0.011988733927703301,0.2,0.2,0.0,0.26895459663408616,-0.27580848996745755,0,0,50,False
1,232,-0.10324687601756134,-0.14153657058943364,0.5329613075800119,1.5641802905978333,1.260777378679226,0.0,0.1381057966462571,0.23047697117525084,-0.011988733927703301,-0.9340458512306213,-0.36072269082069397,0.5923291444778442,0.7894726991653442,-0.9430577754974365,-0.2781125009059906,-0.10324687601756134,-0.14153657058943364,0.5329613075800119,1.5641802905978333,1.260777378679226,0.0,0.13949942543514576,0.23049641226876866,-0.011402613295936614,0.06050057456485426,-0.03049641226876865,0.011402613295936614,0.2,0.2,0.0,0.2696640601850507,-0.17192666560217051,0,0,51,False
1,233,-0.10324687601756134,-0.14153657058943364,0.5329613075800119,1.5641802905978333,1.260777378679226,0.0,0.13949942543514576,0.23049641226876866,-0.011402613295936614,-0.9494611024856567,-0.31333935260772705,0.6192901134490967,0.6345805525779724,-0.979457437992096,-0.6326501369476318,-0.717920216339653,-0.4078714042154438,0.9751224615617574,1.6092128698718164,1.2079398369660799,0.0,0.1687498804972606,0.2309033594142694,-0.02045948130485442,0.0312501195027394,-0.030903359414269395,0.02045948130485442,0.2,0.2,0.0,0.2867254330049895,-0.3439764447018828,0,0,52,False
1,234,-0.717920216339653,-0.4078714042154438,0.9751224615617574,1.6092128698718164,1.2079398369660799,0.0,0.1687498804972606,0.2309033594142694,-0.02045948130485442,0.32576310634613037,-0.3291085958480835,0.8801376819610596,0.9053696990013123,-0.9607798457145691,-0.928290843963623,-0.717920216339653,-0.4078714042154438,0.9751224615617574,1.6092128698718164,1.2079398369660799,0.0,0.1626836510523031,0.25340487773561804,-0.04417949033815056,0.037316348947696934,-0.05340487773561801,0.04417949033815056,0.2,0.2,0.0,0.3043547761190052,-0.3584708191996596,0,0,53,False
1,235,-0.717920216339653,-0.4078714042154438,0.9751224615617574,1.6092128698718164,1.2079398369660799,0.0,0.1626836510523031,0.25340487773561804,-0.04417949033815056,-0.0066407835111021996,0.3031829297542572,0.8937584757804871,0.9359461069107056,-0.9885025024414062,-0.6804217100143433,-0.717920216339653,-0.4078714042154438,0.9751224615617574,1.6092128698718164,1.2079398369660799,0.0,0.1621622685860737,0.26274295637489525,-0.05273909584525529,0.03783773141392634,-0.06274295637489524,0.05273909584525529,0.2,0.2,0.0,0.31322815120639624,-0.27534782647710865,0,0,54,False
1,236,-0.717920216339653,-0.4078714042154438,0.9751224615617574,1.6092128698718164,1.2079398369660799,0.0,0.1621622685860737,0.26274295637489525,-0.05273909584525529,-0.5680356025695801,0.2570408880710602,0.776361346244812,0.8515286445617676,-0.995212733745575,-0.7218173742294312,-0.717920216339653,-0.4078714042154438,0.9751224615617574,1.6092128698718164,1.2079398369660799,0.0,0.1808119993536202,0.22779836402271325,-0.036653091829417644,0.019188000646379814,-0.027798364022713247,0.036653091829417644,0.2,0.2,0.0,0.29313567319985784,0.02435694346545514,0,0,55,False
1,237,-0.717920216339653,-0.4078714042154438,0.9751224615617574,1.6092128698718164,1.2079398369660799,0.0,0.1808119993536202,0.22779836402271325,-0.036653091829417644,0.297929972410202,-0.43491271138191223,0.8302646279335022,0.9541818499565125,-0.9884101748466492,-0.6960691809654236,-0.717920216339653,-0.4078714042154438,0.9751224615617574,1.6092128698718164,1.2079398369660799,0.0,0.18912430505516137,0.2182181254164829,-0.03333294094983251,0.010875694944838636,-0.01821812541648289,0.03333294094983251,0.2,0.2,0.0,0.29068580628446,-0.15084423398825164,0,0,56,False
1,238,-0.717920216339653,-0.4078714042154438,0.9751224615617574,1.6092128698718164,1.2079398369660799,0.0,0.18912430505516137,0.2182181254164829,-0.03333294094983251,0.206511452794075,-0.40235742926597595,0.7046276330947876,0.966187596321106,-0.980176568031311,-0.6756374835968018,-0.717920216339653,-0.4078714042154438,0.9751224615617574,1.6092128698718164,1.2079398369660799,0.0,0.19770874369447666,0.21091612955208155,-0.031566576334973506,0.002291256305523362,-0.01091612955208153,0.031566576334973506,0.2,0.2,0.0,0.29081060809397996,-0.17665332214218957,0,0,57,False
1,239,-0.717920216339653,-0.4078714042154438,0.9751224615617574,1.6092128698718164,1.2079398369660799,0.0,0.19770874369447666,0.21091612955208155,-0.031566576334973506,0.3987849950790405,-0.15761591494083405,0.7551964521408081,0.9090942740440369,-0.9720826148986816,-0.45111897587776184,-0.717920216339653,-0.4078714042154438,0.9751224615617574,1.6092128698718164,1.2079398369660799,0.0,0.20519674403439686,0.20455874311747535,-0.033112963544899884,-0.005196744034396843,-0.004558743117475332,0.033112963544899884,0.2,0.2,0.0,0.2916272475315791,-0.18398001814178086,0,0,58,False
1,240,-0.717920216339653,-0.4078714042154438,0.9751224615617574,1.6092128698718164,1.2079398369660799,0.0,0.20519674403439686,0.20455874311747535,-0.033112963544899884,0.4648246765136719,-0.5729662775993347,0.7380443811416626,0.9346430897712708,-0.9465488195419312,0.06987850368022919,-0.717920216339653,-0.4078714042154438,0.9751224615617574,1.6092128698718164,1.2079398369660799,0.0,0.20422605419908285,0.2014122478755149,-0.03936872047732214,-0.004226054199082831,-0.0014122478755148914,0.03936872047732214,0.2,0.2,0.0,0.2895255963814186,-0.15374628668910453,0,0,59,False
1,241,-0.717920216339653,-0.4078714042154438,0.9751224615617574,1.6092128698718164,1.2079398369660799,0.0,0.20422605419908285,0.2014122478755149,-0.03936872047732214,0.5354530215263367,-0.25237277150154114,0.7527909278869629,0.7119206190109253,-0.9599075317382812,0.03605813533067703,-0.13024643865454222,-0.6662124510920859,1.266824451254535,1.789273997274473,1.1889888520478102,0.0,0.200731758380579,0.20091067115030706,-0.03786315196864749,-0.0007317583805789944,-0.0009106711503070329,0.03786315196864749,0.2,0.2,0.0,0.2865169364655899,-0.1431718690745078,0,0,60,False
1,242,-0.13024643865454222,-0.6662124510920859,1.266824451254535,1.789273997274473,1.1889888520478102,0.0,0.200731758380579,0.20091067115030706,-0.03786315196864749,0.36325564980506897,-0.10654579848051071,0.5487213134765625,0.9529100656509399,-0.8901774287223816,-0.3899245858192444,-0.13024643865454222,-0.6662124510920859,1.266824451254535,1.789273997274473,1.1889888520478102,0.0,0.19287640315818988,0.19865408550874916,-0.035865810010779056,0.007123596841810138,0.0013459144912508466,0.035865810010779056,0.2,0.2,0.0,0.27919725806727996,-0.09640184505054061,0,0,61,False
1,243,-0.13024643865454222,-0.6662124510920859,1.266824451254535,1.789273997274473,1.1889888520478102,0.0,0.19287640315818988,0.19865408550874916,-0.035865810010779056,0.7397357821464539,-0.0414685495197773,0.4581408202648163,0.9559327960014343,-0.9516041278839111,0.37808117270469666,-0.13024643865454222,-0.6662124510920859,1.266824451254535,1.789273997274473,1.1889888520478102,0.0,0.17119756945653794,0.19390047031992397,-0.05053153025545516,0.028802430543462067,0.006099529680076052,0.05053153025545516,0.2,0.2,0.0,0.26355158077323654,-0.005319017446184016,0,0,62,False
1,244,-0.13024643865454222,-0.6662124510920859,1.266824451254535,1.789273997274473,1.1889888520478102,0.0,0.17119756945653794,0.19390047031992397,-0.05053153025545516,0.4550962448120117,0.056946247816085815,0.5734336376190186,0.9244445562362671,-0.8793533444404602,0.4322143495082855,-0.13024643865454222,-0.6662124510920859,1.266824451254535,1.789273997274473,1.1889888520478102,0.0,0.16450852475159478,0.19184421452853492,-0.05525271209908988,0.03549147524840522,0.008155785471465088,0.05525271209908988,0.2,0.2,0.0,0.25868923355702594,-0.11072114461640703,0,0,63,False
1,245,-0.13024643865454222,-0.6662124510920859,1.266824451254535,1.789273997274473,1.1889888520478102,0.0,0.16450852475159478,0.19184421452853492,-0.05525271209908988,0.4503721296787262,0.4375059902667999,0.23546379804611206,0.8135144710540771,-0.9878359436988831,0.9807857275009155,-0.13024643865454222,-0.6662124510920859,1.266824451254535,1.789273997274473,1.1889888520478102,0.0,0.16342474270460305,0.19148267693518084,-0.056027754716668474,0.03657525729539697,0.008517323064819175,0.056027754716668474,0.2,0.2,0.0,0.25789992515105487,-0.15105687851581664,0,0,64,False
1,246,-0.13024643865454222,-0.6662124510920859,1.266824451254535,1.789273997274473,1.1889888520478102,0.0,0.16342474270460305,0.19148267693518084,-0.056027754716668474,0.07607764005661011,-0.1166008710861206,0.6476444005966187,0.9565464854240417,-0.9727461934089661,-0.10938747227191925,-0.13024643865454222,-0.6662124510920859,1.266824451254535,1.789273997274473,1.1889888520478102,0.0,0.1598086896822073,0.18860290150369308,-0.05802853010802118,0.04019131031779272,0.01139709849630692,0.05802853010802118,0.2,0.2,0.0,0.2539235752348594,-0.11719828845547528,0,0,65,False
1,247,-0.13024643865454222,-0.6662124510920859,1.266824451254535,1.789273997274473,1.1889888520478102,0.0,0.1598086896822073,0.18860290150369308,-0.05802853010802118,0.5176519155502319,0.46486762166023254,0.7175627946853638,0.7153627872467041,-0.9685618281364441,0.7282646894454956,-0.13024643865454222,-0.6662124510920859,1.266824451254535,1.789273997274473,1.1889888520478102,0.0,0.14960861954923452,0.1760073828954884,-0.06404370591073386,0.050391380450765494,0.02399261710451163,0.06404370591073386,0.2,0.2,0.0,0.23971427605365356,-0.007764146214768133,0,0,66,False
1,248,-0.13024643865454222,-0.6662124510920859,1.266824451254535,1.789273997274473,1.1889888520478102,0.0,0.14960861954923452,0.1760073828954884,-0.06404370591073386,0.7197648286819458,0.1512904167175293,0.6527535915374756,0.8782339096069336,-0.8318163752555847,-0.28998181223869324,0.2089262071948299,-0.19755203817558292,0.7176890083753416,1.8039750255623879,1.2008159580683337,0.0,0.13746340209036606,0.17424544664331626,-0.05330481511952724,0.06253659790963394,0.025754553356683748,0.05330481511952724,0.2,0.2,0.0,0.22825219802909547,-0.02950531876896681,0,0,67,False
1,249,0.2089262071948299,-0.19755203817558292,0.7176890083753416,1.8039750255623879,1.2008159580683337,0.0,0.13746340209036606,0.17424544664331626,-0.05330481511952724,-0.8545041084289551,-0.39959895610809326,-0.192214697599411,0.2366512566804886,-0.9168410897254944,0.839429497718811,0.2089262071948299,-0.19755203817558292,0.7176890083753416,1.8039750255623879,1.2008159580683337,0.0,0.12539297621663065,0.17511177417588109,-0.045120920700710665,0.07460702378336938,0.024888225824118933,0.045120920700710665,0.2,0.2,0.0,0.22005324224916362,-0.058037063325263316,0,0,68,False
1,250,0.2089262071948299,-0.19755203817558292,0.7176890083753416,1.8039750255623879,1.2008159580683337,0.0,0.12539297621663065,0.17511177417588109,-0.045120920700710665,-0.8055093288421631,0.034330327063798904,0.49803560972213745,0.4843507409095764,-0.8084938526153564,-0.005138962995260954,0.2089262071948299,-0.19755203817558292,0.7176890083753416,1.8039750255623879,1.2008159580683337,0.0,0.15406387751132553,0.18479550432457892,-0.04305199688552609,0.045936122488674486,0.015204495675421092,0.04305199688552609,0.2,0.2,0.0,0.24441467060762032,-0.3958216188883772,0,0,69,False
1,251,0.2089262071948299,-0.19755203817558292,0.7176890083753416,1.8039750255623879,1.2008159580683337,0.0,0.15406387751132553,0.18479550432457892,-0.04305199688552609,-0.907383143901825,-0.23623354732990265,-0.36920925974845886,0.40893852710723877,-0.9426437020301819,-0.05817997083067894,0.2637791796970833,-0.17975942872811107,0.8044665650096097,1.7999489583327237,1.2138093103941308,0.0,0.15406387751132553,0.18479550432457892,-0.04305199688552609,0.045936122488674486,0.015204495675421092,0.04305199688552609,0.2,0.2,0.0,0.24441467060762032,-0.15220733530381014,0,0,70,False
1,252,0.2637791796970833,-0.17975942872811107,0.8044665650096097,1.7999489583327237,1.2138093103941308,0.0,0.15406387751132553,0.18479550432457892,-0.04305199688552609,-0.8440594673156738,-0.08243989199399948,0.1448616236448288,0.3679141402244568,-0.963239848613739,-0.7847952842712402,0.2637791796970833,-0.17975942872811107,0.8044665650096097,1.7999489583327237,1.2138093103941308,0.0,0.08671206559971378,0.18660235864968458,-0.07209305615229027,0.11328793440028623,0.013397641350315442,0.07209305615229027,0.2,0.2,0.0,0.21802942764583835,0.12483771579490047,0,0,71,False
1,253,0.2637791796970833,-0.17975942872811107,0.8044665650096097,1.7999489583327237,1.2138093103941308,0.0,0.08671206559971378,0.18660235864968458,-0.07209305615229027,-0.9739342927932739,0.2827084958553314,0.5919303297996521,0.5821092128753662,-0.6300079226493835,-0.8228419423103333,0.2637791796970833,-0.17975942872811107,0.8044665650096097,1.7999489583327237,1.2138093103941308,0.0,0.08322897197272057,0.18883328232010946,-0.0741635467182938,0.11677102802727944,0.011166717679890564,0.0741635467182938,0.2,0.2,0.0,0.21928361076299938,-0.1521836365531099,0,0,72,False
1,254,0.2637791796970833,-0.17975942872811107,0.8044665650096097,1.7999489583327237,1.2138093103941308,0.0,0.08322897197272057,0.18883328232010946,-0.0741635467182938,-0.9453955888748169,0.7262855172157288,0.3291720151901245,0.32561931014060974,-0.847092866897583,-0.5603269338607788,0.2637791796970833,-0.17975942872811107,0.8044665650096097,1.7999489583327237,1.2138093103941308,0.0,0.08387952390574148,0.19217214126160842,-0.07094859212310436,0.11612047609425853,0.007827858738391593,0.07094859212310436,0.2,0.2,0.0,0.22135855332915433,-0.1614287023261267,0,0,73,False
1,255,0.2637791796970833,-0.17975942872811107,0.8044665650096097,1.7999489583327237,1.2138093103941308,0.0,0.08387952390574148,0.19217214126160842,-0.07094859212310436,-0.9811198115348816,0.44894927740097046,0.04912707209587097,0.23468798398971558,-0.9031873345375061,-0.8055551052093506,0.2637791796970833,-0.17975942872811107,0.8044665650096097,1.7999489583327237,1.2138093103941308,0.0,0.08408964121655672,0.1936609713271525,-0.06826510089349809,0.11591035878344329,0.006339028672847514,0.06826510089349809,0.2,0.2,0.0,0.2218913328079871,-0.14627346119232115,0,0,74,False
1,256,0.2637791796970833,-0.17975942872811107,0.8044665650096097,1.7999489583327237,1.2138093103941308,0.0,0.08408964121655672,0.1936609713271525,-0.06826510089349809,-0.9804218411445618,0.30168333649635315,0.40086567401885986,0.2264891415834427,-0.71393883228302,-0.31871235370635986,0.2637791796970833,-0.17975942872811107,0.8044665650096097,1.7999489583327237,1.2138093103941308,0.0,0.08360116235488653,0.1948614386177731,-0.06569716130030799,0.11639883764511348,0.005138561382226915,0.06569716130030799,0.2,0.2,0.0,0.22198254798563544,-0.14190342576930118,0,0,75,False
1,257,0.2637791796970833,-0.17975942872811107,0.8044665650096097,1.7999489583327237,1.2138093103941308,0.0,0.08360116235488653,0.1948614386177731,-0.06569716130030799,-0.9357824921607971,0.3065863847732544,0.2744813561439514,0.30978164076805115,-0.8045169115066528,-0.7974853515625,0.2637791796970833,-0.17975942872811107,0.8044665650096097,1.7999489583327237,1.2138093103941308,0.0,0.08014265534278582,0.20403039895726136,-0.05489292188249796,0.11985734465721419,-0.004030398957261354,0.05489292188249796,0.2,0.2,0.0,0.22597451576859243,-0.1829069357138661,0,0,76,False
1,258,0.2637791796970833,-0.17975942872811107,0.8044665650096097,1.7999489583327237,1.2138093103941308,0.0,0.08014265534278582,0.20403039895726136,-0.05489292188249796,-0.9865539073944092,0.32414892315864563,0.8487398624420166,0.19692975282669067,-0.47626611590385437,-0.9524800777435303,0.2637791796970833,-0.17975942872811107,0.8044665650096097,1.7999489583327237,1.2138093103941308,0.0,0.07854617031787454,0.2072583266524334,-0.052268025666503584,0.12145382968212547,-0.007258326652433403,0.052268025666503584,0.2,0.2,0.0,0.22772233387493115,-0.16133934800085284,0,0,77,False
1,259,0.2637791796970833,-0.17975942872811107,0.8044665650096097,1.7999489583327237,1.2138093103941308,0.0,0.07854617031787454,0.2072583266524334,-0.052268025666503584,-0.977420449256897,0.059922508895397186,0.8719491958618164,0.19315551221370697,-0.4309955835342407,-0.5401076078414917,0.2637791796970833,-0.17975942872811107,0.8044665650096097,1.7999489583327237,1.2138093103941308,0.0,0.07773539763342203,0.20858411603403834,-0.051470393852684204,0.12226460236657798,-0.00858411603403832,0.051470393852684204,0.2,0.2,0.0,0.2284717202418668,-0.1517297237902898,0,0,78,False
1,260,0.2637791796970833,-0.17975942872811107,0.8044665650096097,1.7999489583327237,1.2138093103941308,0.0,0.07773539763342203,0.20858411603403834,-0.051470393852684204,-0.9830522537231445,0.5379140377044678,0.7101947069168091,0.035154230892658234,-0.4688691794872284,-0.9671244621276855,0.2637791796970833,-0.17975942872811107,0.8044665650096097,1.7999489583327237,1.2138093103941308,0.0,0.07858530184511865,0.20965195556872862,-0.0502634255530941,0.12141469815488136,-0.009651955568728623,0.0502634255530941,0.2,0.2,0.0,0.22946896105620038,-0.154706888671436,0,0,79,False
1,261,0.2637791796970833,-0.17975942872811107,0.8044665650096097,1.7999489583327237,1.2138093103941308,0.0,0.07858530184511865,0.20965195556872862,-0.0502634255530941,-0.9914491772651672,0.13258077204227448,0.8829662799835205,0.07646436989307404,-0.2731342315673828,-0.8626042604446411,0.2637791796970833,-0.17975942872811107,0.8044665650096097,1.7999489583327237,1.2138093103941308,0.0,0.07913140002097029,0.21048462644571436,-0.04925375520125771,0.12086859997902973,-0.010484626445714343,0.04925375520125771,0.2,0.2,0.0,0.23019880286547137,-0.15239781952544562,0,0,80,False
1,262,0.2637791796970833,-0.17975942872811107,0.8044665650096097,1.7999489583327237,1.2138093103941308,0.0,0.07913140002097029,0.21048462644571436,-0.04925375520125771,-0.9882214069366455,0.2325124889612198,0.4662684500217438,0.17256157100200653,-0.5773271322250366,-0.8491582870483398,-0.06033779042585844,-0.19696438228983115,0.5160060966995761,1.564810340276198,1.2414983584987054,0.0,0.08286938137396548,0.22099857194448322,-0.03573190119376323,0.11713061862603454,-0.020998571944483204,0.03573190119376323,0.2,0.2,0.0,0.23871420555493866,-0.23451112967214227,0,0,81,False
1,263,-0.06033779042585844,-0.19696438228983115,0.5160060966995761,1.564810340276198,1.2414983584987054,0.0,0.08286938137396548,0.22099857194448322,-0.03573190119376323,-0.9916524887084961,0.16513857245445251,0.8424254655838013,0.6686720848083496,-0.9215503931045532,-0.9588778018951416,-0.06033779042585844,-0.19696438228983115,0.5160060966995761,1.564810340276198,1.2414983584987054,0.0,0.09457822234963562,0.25696280472763405,-0.012200246903728507,0.1054217776503644,-0.05696280472763405,0.012200246903728507,0.2,0.2,0.0,0.27408715617631785,-0.5207730843019508,0,0,82,False
1,264,-0.06033779042585844,-0.19696438228983115,0.5160060966995761,1.564810340276198,1.2414983584987054,0.0,0.09457822234963562,0.25696280472763405,-0.012200246903728507,-0.9926636815071106,-0.02913576364517212,0.8595975041389465,0.653999924659729,-0.8896709084510803,-0.9624501466751099,-0.4837827838223108,-0.06512911027444789,0.6680725440352,1.3498563199885734,1.3297564038921805,0.0,0.1096914954902497,0.2563191387853301,-0.008781366831668025,0.09030850450975031,-0.056319138785330056,0.008781366831668025,0.2,0.2,0.0,0.2789423551452398,-0.21802316726183937,0,0,83,False
1,265,-0.4837827838223108,-0.06512911027444789,0.6680725440352,1.3498563199885734,1.3297564038921805,0.0,0.1096914954902497,0.2563191387853301,-0.008781366831668025,-0.860621452331543,0.4098164141178131,0.7526503801345825,0.9343158602714539,-0.9916990995407104,-0.5760483741760254,-0.4837827838223108,-0.06512911027444789,0.6680725440352,1.3498563199885734,1.3297564038921805,0.0,0.14158786557282838,0.25171195624666354,-0.00984232021197548,0.05841213442717162,-0.05171195624666354,0.00984232021197548,0.2,0.2,0.0,0.28896869010698484,-0.27474769467094284,0,0,84,False
1,266,-0.4837827838223108,-0.06512911027444789,0.6680725440352,1.3498563199885734,1.3297564038921805,0.0,0.14158786557282838,0.25171195624666354,-0.00984232021197548,-0.7822359204292297,0.38977131247520447,0.6999739408493042,0.9235818386077881,-0.9914934635162354,-0.5068483352661133,-0.6300199633483794,-0.14201578505022514,0.8273945913856019,1.419989641877764,1.301625353452696,0.0,0.1462643045767624,0.2500775085602323,-0.009884913163953901,0.05373569542323761,-0.05007750856023231,0.009884913163953901,0.2,0.2,0.0,0.289878799827231,-0.1840404971160774,0,0,85,False
1,267,-0.6300199633483794,-0.14201578505022514,0.8273945913856019,1.419989641877764,1.301625353452696,0.0,0.1462643045767624,0.2500775085602323,-0.009884913163953901,-0.4720483124256134,0.5401198863983154,0.9219119548797607,0.9520235657691956,-0.9965540766716003,-0.7700504660606384,-0.6593701015324955,-0.1461978083279789,0.8683100204700233,1.44118266186955,1.2944930837974336,0.0,0.1500798851588982,0.24796318787832272,-0.009232417266895433,0.049920114841101815,-0.047963187878322724,0.009232417266895433,0.2,0.2,0.0,0.2899912964222866,-0.17612061416169908,0,0,86,False
1,268,-0.6593701015324955,-0.1461978083279789,0.8683100204700233,1.44118266186955,1.2944930837974336,0.0,0.1500798851588982,0.24796318787832272,-0.009232417266895433,-0.09886140376329422,0.345697820186615,0.844100832939148,0.9300569891929626,-0.9806128740310669,-0.9387860298156738,-0.6546918564558725,-0.13220380031283976,0.8626948540071164,1.4515791161469667,1.2916197894345822,0.0,0.15095428010573025,0.2471238017566007,-0.009059616316327502,0.04904571989426974,-0.047123801756600706,0.009059616316327502,0.2,0.2,0.0,0.2897230483145482,-0.1721790430798901,0,0,87,False
1,269,-0.6546918564558725,-0.13220380031283976,0.8626948540071164,1.4515791161469667,1.2916197894345822,0.0,0.15095428010573025,0.2471238017566007,-0.009059616316327502,-0.19530244171619415,0.2350313365459442,0.903795599937439,0.9846134185791016,-0.9950853586196899,-0.9397709965705872,-0.6453532711426907,-0.1260115247211294,0.8614067814503303,1.460016737158327,1.2893758510083597,0.0,0.1508016353337125,0.24621096930496905,-0.009389416332174202,0.04919836466628752,-0.04621096930496903,0.009389416332174202,0.2,0.2,0.0,0.28887564065610194,-0.16596374374358833,0,0,88,False
1,270,-0.6453532711426907,-0.1260115247211294,0.8614067814503303,1.460016737158327,1.2893758510083597,0.0,0.1508016353337125,0.24621096930496905,-0.009389416332174202,-0.16255243122577667,0.44675198197364807,0.8976081013679504,0.94231116771698,-0.988413393497467,-0.8161170482635498,-0.6375507867113201,-0.12058888897139362,0.8679714989136886,1.4685649283859117,1.287138208578335,0.0,0.15314238404611497,0.24360011929484116,-0.009244992701937113,0.04685761595388506,-0.043600119294841144,0.009244992701937113,0.2,0.2,0.0,0.2878872657861884,-0.16405988419395875,0,0,89,False
1,271,-0.6375507867113201,-0.12058888897139362,0.8679714989136886,1.4685649283859117,1.287138208578335,0.0,0.15314238404611497,0.24360011929484116,-0.009244992701937113,-0.12574326992034912,0.5146180987358093,0.9016091823577881,0.9290021657943726,-0.9960967898368835,-0.9624583721160889,-0.6261866732136149,-0.10473261135213541,0.8579725423184988,1.4801392790991001,1.2839231620447602,0.0,0.15301161937862118,0.24268199754230207,-0.009398133698035951,0.04698838062137885,-0.04268199754230208,0.009398133698035951,0.2,0.2,0.0,0.2870460459804247,-0.16511082493257553,0,0,90,False
1,272,-0.6261866732136149,-0.10473261135213541,0.8579725423184988,1.4801392790991001,1.2839231620447602,0.0,0.15301161937862118,0.24268199754230207,-0.009398133698035951,0.08979713171720505,0.40520232915878296,0.8919457793235779,0.935460090637207,-0.9796072244644165,-0.8647686839103699,-0.6199146349973819,-0.09354117488288027,0.850303835177792,1.4878820187978474,1.2817100279942613,0.0,0.15301161937862118,0.24268199754230207,-0.009398133698035951,0.04698838062137885,-0.04268199754230208,0.009398133698035951,0.2,0.2,0.0,0.2870460459804247,-0.17352302299021236,0,0,91,False
1,273,-0.6199146349973819,-0.09354117488288027,0.850303835177792,1.4878820187978474,1.2817100279942613,0.0,0.15301161937862118,0.24268199754230207,-0.009398133698035951,-0.1905118227005005,0.4907819628715515,0.8351289629936218,0.9423059821128845,-0.9928713440895081,-0.8793200850486755,-0.6086974816874239,-0.08360777406055693,0.8504557227312987,1.4958934837210585,1.279555645998844,0.0,0.15383326080320722,0.2411777285513086,-0.009306705196017128,0.04616673919679279,-0.041177728551308565,0.009306705196017128,0.2,0.2,0.0,0.28621317866255186,-0.1647779161525474,0,0,92,False
1,274,-0.6086974816874239,-0.08360777406055693,0.8504557227312987,1.4958934837210585,1.279555645998844,0.0,0.15383326080320722,0.2411777285513086,-0.009306705196017128,-0.08831402659416199,0.504715085029602,0.8677593469619751,0.9752137660980225,-0.9954973459243774,-0.9566583633422852,-0.60230286845642,-0.07407664031758719,0.8441151083117842,1.502431464737846,1.2777359011426273,0.0,0.15370789451037264,0.24046455447194387,-0.00942816315778186,0.046292105489627366,-0.04046455447194386,0.00942816315778186,0.2,0.2,0.0,0.2855489608678905,-0.16613230248733166,0,0,93,False
1,275,-0.60230286845642,-0.07407664031758719,0.8441151083117842,1.502431464737846,1.2777359011426273,0.0,0.15370789451037264,0.24046455447194387,-0.00942816315778186,0.03670327365398407,0.48473048210144043,0.9263613820075989,0.9343921542167664,-0.9966443181037903,-0.9048326015472412,-0.592247995021915,-0.06186528252960041,0.8362346397765461,1.5110624686165672,1.275456067714225,0.0,0.15345875083351296,0.2395292553836258,-0.009596216906767922,0.04654124916648705,-0.03952925538362578,0.009596216906767922,0.2,0.2,0.0,0.2846329913606962,-0.16315680060840507,0,0,94,False
1,276,-0.592247995021915,-0.06186528252960041,0.8362346397765461,1.5110624686165672,1.275456067714225,0.0,0.15345875083351296,0.2395292553836258,-0.009596216906767922,-0.23383371531963348,0.24139079451560974,0.9023736715316772,0.9316076040267944,-0.9949206709861755,-0.9532456398010254,-0.5730155343257235,-0.042483597966102,0.8297764202009879,1.5239336581261134,1.2716774348485755,0.0,0.15400083204224926,0.23786996494541296,-0.00950780661765539,0.04599916795775075,-0.037869964945412934,0.00950780661765539,0.2,0.2,0.0,0.2835291429104172,-0.1607260869524186,0,0,95,False
1,277,-0.5730155343257235,-0.042483597966102,0.8297764202009879,1.5239336581261134,1.2716774348485755,0.0,0.15400083204224926,0.23786996494541296,-0.00950780661765539,-0.18358564376831055,0.3719424307346344,0.871215283870697,0.9797676801681519,-0.998066782951355,-0.7848635315895081,-0.5695075860669719,-0.04013451082828512,0.832501020619175,1.5280946033378797,1.2705297609635566,0.0,0.19845045059921382,0.2071315317668881,-0.01719156654402189,0.0015495494007861915,-0.00713153176688808,0.01719156654402189,0.2,0.2,0.0,0.2873701493811873,-0.2120951393982949,0,0,96,False
1,278,-0.5695075860669719,-0.04013451082828512,0.832501020619175,1.5280946033378797,1.2705297609635566,0.0,0.19845045059921382,0.2071315317668881,-0.01719156654402189,-0.07011950016021729,-0.4975559711456299,0.873477041721344,0.9364564418792725,-0.9962469339370728,-0.9634014368057251,-0.5695075860669719,-0.04013451082828512,0.832501020619175,1.5280946033378797,1.2705297609635566,0.0,0.24678865022457833,0.18733576419969597,-0.05077598715175474,-0.046788650224578315,0.01266423580030403,0.05077598715175474,0.2,0.2,0.0,0.3139705834934039,-0.45298963286886773,0,0,97,False
1,279,-0.5695075860669719,-0.04013451082828512,0.832501020619175,1.5280946033378797,1.2705297609635566,0.0,0.24678865022457833,0.18733576419969597,-0.05077598715175474,-0.06952782720327377,-0.63697350025177,0.7498332262039185,0.9461894035339355,-0.9598824977874756,-0.17117339372634888,-0.5695075860669719,-0.04013451082828512,0.832501020619175,1.5280946033378797,1.2705297609635566,0.0,0.2503927152618745,0.1864905583113607,-0.054928768722491125,-0.050392715261874485,0.013509441688639314,0.054928768722491125,0.2,0.2,0.0,0.31700537823334496,-0.21885063651608308,0,0,98,False
1,280,-0.5695075860669719,-0.04013451082828512,0.832501020619175,1.5280946033378797,1.2705297609635566,0.0,0.2503927152618745,0.1864905583113607,-0.054928768722491125,-0.0325130820274353,-0.6474027633666992,0.6828863620758057,0.9676191806793213,-0.9666761159896851,0.21999600529670715,-0.5695075860669719,-0.04013451082828512,0.832501020619175,1.5280946033378797,1.2705297609635566,0.0,0.2505072702496759,0.18660709254039978,-0.054991440213137496,-0.050507270249675884,0.01339290745960024,0.054991440213137496,0.2,0.2,0.0,0.31717527950809876,-0.1902866525015874,0,0,99,False
1,281,-0.5695075860669719,-0.04013451082828512,0.832501020619175,1.5280946033378797,1.2705297609635566,0.0,0.2505072702496759,0.18660709254039978,-0.054991440213137496,0.046991705894470215,-0.6385507583618164,0.7306222915649414,0.9750534296035767,-0.9335528612136841,-0.6471288204193115,-0.5695075860669719,-0.04013451082828512,0.832501020619175,1.5280946033378797,1.2705297609635566,0.0,0.25088984682898563,0.18707353502645285,-0.055117116576944764,-0.05088984682898562,0.012926464973547151,0.055117116576944764,0.2,0.2,0.0,0.317773691939597,-0.19487097028478068,0,0,100,False
