episode,timestep,s1,s2,s3,s4,s5,g_s,rb_x,rb_y,rb_z,a1,a2,a3,a4,a5,g_a,ns1,ns2,ns3,ns4,ns5,ng_s,nrb_x,nrb_y,nrb_z,jp_x,jp_y,jp_z,bp_x,bp_y,bp_z,distance,reward,ball_in_target,ball_out_of_playground,time_limit,done
0,0,4.340610823803994e-15,-1.5700000000293026,1.5700000000768075,1.5700000000406173,1.272273533632084e-13,0.0,0.16227085568597496,0.2015999999999998,-0.018460129445904416,-0.8527732491493225,-0.9942165613174438,-0.45120885968208313,0.9945210814476013,-0.8282173275947571,-0.9960126876831055,4.340610823803994e-15,-1.5700000000293026,1.5700000000768075,1.5700000000406173,1.272273533632084e-13,0.0,0.15303273748672425,0.2115037368387432,-0.04665569103612632,0.04696726251327575,-0.011503736838743206,0.04665569103612632,0.2,0.2,0.0,0.26519729060737307,0.0,True,True,True,False
0,1,4.340610823803994e-15,-1.5700000000293026,1.5700000000768075,1.5700000000406173,1.272273533632084e-13,0.0,0.15303273748672425,0.2115037368387432,-0.04665569103612632,-0.8801493048667908,-0.9861950874328613,-0.5689619779586792,-0.4017309248447418,-0.8350605964660645,-0.9641204476356506,-0.21639221348272158,-1.6646159733075196,1.4020000001093107,1.6605934105130802,0.1657459226237545,0.0,0.15260821026954552,0.21450722945587003,-0.05139533091403915,0.04739178973045449,-0.014507229455870022,0.05139533091403915,0.2,0.2,0.0,0.26822396867221,-0.19437876498447418,True,True,True,False
0,2,-0.21639221348272158,-1.6646159733075196,1.4020000001093107,1.6605934105130802,0.1657459226237545,0.0,0.15260821026954552,0.21450722945587003,-0.05139533091403915,-0.8041408061981201,-0.9494684934616089,-0.7686458826065063,-0.9675273895263672,-0.5995370745658875,-0.9385108947753906,-0.24985179136766208,-1.6731527450870254,1.373200000114946,1.6574406168053362,0.1895023987927631,0.0,0.15124833957783318,0.2167871638030168,-0.05610958517038467,0.048751660422166845,-0.016787163803016796,0.05610958517038467,0.2,0.2,0.0,0.27022401847874333,-0.1851125073047051,True,True,True,False
0,3,-0.24985179136766208,-1.6731527450870254,1.373200000114946,1.6574406168053362,0.1895023987927631,0.0,0.15124833957783318,0.2167871638030168,-0.05610958517038467,-0.8997948169708252,-0.9800920486450195,-0.06281974166631699,-0.937852144241333,0.04353928193449974,-0.5782020688056946,-0.2616761890616062,-1.6766198712644549,1.3555977776292882,1.6400587172032093,0.20697454251391328,0.0,0.14736578000490969,0.2187303250621036,-0.061024062969985145,0.05263421999509034,-0.018730325062103606,0.061024062969985145,0.2,0.2,0.0,0.2707093727221015,-0.17020822879463235,True,True,True,False
0,4,-0.2616761890616062,-1.6766198712644549,1.3555977776292882,1.6400587172032093,0.20697454251391328,0.0,0.14736578000490969,0.2187303250621036,-0.061024062969985145,-0.7705996036529541,-0.9509639739990234,-0.802169919013977,0.9712777733802795,-0.47450974583625793,-0.8941031098365784,-0.2781747531900305,-1.6824187719237853,1.3315977776340988,1.6271863298321425,0.22862997407099048,0.0,0.1446348018013222,0.22064457995732065,-0.06626801410044739,0.05536519819867779,-0.020644579957320643,0.06626801410044739,0.2,0.2,0.0,0.27201967989369324,-0.17911291166276413,True,True,True,False
0,5,-0.2781747531900305,-1.6824187719237853,1.3315977776340988,1.6271863298321425,0.22862997407099048,0.0,0.1446348018013222,0.22064457995732065,-0.06626801410044739,-0.9098612070083618,-0.9713804721832275,-0.8572902083396912,-0.9984756708145142,-0.32048603892326355,-0.9593481421470642,-0.2890625824565356,-1.6856442275459096,1.312397777637983,1.62267852430036,0.24562180880880502,0.0,0.1446348018013222,0.22064457995732065,-0.06626801410044739,0.05536519819867779,-0.020644579957320643,0.06626801410044739,0.2,0.2,0.0,0.27201967989369324,-0.16600983994684662,True,True,True,False
0,6,-0.2890625824565356,-1.6856442275459096,1.312397777637983,1.62267852430036,0.24562180880880502,0.0,0.1446348018013222,0.22064457995732065,-0.06626801410044739,-0.6645374298095703,-0.9847692251205444,-0.9145025014877319,-0.9999796152114868,-0.7164427638053894,-0.6938347816467285,-0.2890625824565356,-1.6856442275459096,1.312397777637983,1.62267852430036,0.24562180880880502,0.0,0.1297473846868582,0.23732478553596903,-0.10505222862628166,0.0702526153131418,-0.03732478553596901,0.10505222862628166,0.2,0.2,0.0,0.2901610042754226,-0.3564937459550046,True,True,True,False
0,7,-0.2890625824565356,-1.6856442275459096,1.312397777637983,1.62267852430036,0.24562180880880502,0.0,0.1297473846868582,0.23732478553596903,-0.10505222862628166,-0.8764395713806152,-0.9852809309959412,-0.7231755256652832,-0.9335758686065674,-0.664019763469696,-0.893455982208252,-0.2890625824565356,-1.6856442275459096,1.312397777637983,1.62267852430036,0.24562180880880502,0.0,0.12838934073343333,0.2403173184301339,-0.11240289522864713,0.07161065926656666,-0.04031731843013389,0.11240289522864713,0.2,0.2,0.0,0.29473826898996036,-0.22314178164035806,True,True,True,False
0,8,-0.2890625824565356,-1.6856442275459096,1.312397777637983,1.62267852430036,0.24562180880880502,0.0,0.12838934073343333,0.2403173184301339,-0.11240289522864713,-0.5080888867378235,-0.9312490224838257,-0.651305615901947,0.6178684234619141,-0.10667414218187332,-0.9290270209312439,-0.45361303919106055,-1.7393102109889806,1.1299977776769912,1.449598676207405,0.41865666904546706,0.0,0.12721078191519508,0.24248791355288685,-0.1195982824447637,0.07278921808480494,-0.042487913552886836,0.1195982824447637,0.2,0.2,0.0,0.29880883591093005,-0.2201100871651619,True,True,True,False
0,9,-0.45361303919106055,-1.7393102109889806,1.1299977776769912,1.449598676207405,0.41865666904546706,0.0,0.12721078191519508,0.24248791355288685,-0.1195982824447637,-0.0008845624979585409,-0.8967791199684143,-0.5314627885818481,-0.9953337907791138,0.23364339768886566,-0.04708079248666763,-0.45255776381508606,-1.7400333415277995,1.1111688460904834,1.4430799267293668,0.43588046754985094,0.0,0.127038158845572,0.2427077155269003,-0.12504218888090385,0.07296184115442798,-0.04270771552690027,0.12504218888090385,0.2,0.2,0.0,0.3011333225986244,-0.2038115281762558,True,True,True,False
0,10,-0.45255776381508606,-1.7400333415277995,1.1111688460904834,1.4430799267293668,0.43588046754985094,0.0,0.127038158845572,0.2427077155269003,-0.12504218888090385,-0.8651630282402039,-0.69749915599823,-0.8562666773796082,-0.883132815361023,0.6635574102401733,-0.22857163846492767,-0.45255776381508606,-1.7400333415277995,1.1111688460904834,1.4430799267293668,0.43588046754985094,0.0,0.12534849960971756,0.24312897137208045,-0.1318024755324677,0.07465150039028247,-0.04312897137208043,0.1318024755324677,0.2,0.2,0.0,0.3036376716274514,-0.20686232610199584,True,True,True,False
0,11,-0.45255776381508606,-1.7400333415277995,1.1111688460904834,1.4430799267293668,0.43588046754985094,0.0,0.12534849960971756,0.24312897137208045,-0.1318024755324677,-0.11146164685487747,-0.948454737663269,-0.951049268245697,-0.9982744455337524,0.9536182880401611,0.06888442486524582,-0.47242284353030894,-1.7227288347722678,1.0583688461029235,1.394835328894861,0.48585545481245246,0.0,0.12425878246790736,0.2456599363148244,-0.13776758322803526,0.07574121753209265,-0.04565993631482439,0.13776758322803526,0.2,0.2,0.0,0.3078456696448789,-0.2260028149967144,True,True,True,False
0,12,-0.47242284353030894,-1.7227288347722678,1.0583688461029235,1.394835328894861,0.48585545481245246,0.0,0.12425878246790736,0.2456599363148244,-0.13776758322803526,0.18532013893127441,-0.7505682110786438,-0.980459451675415,-0.996197521686554,0.7952519655227661,-0.7463017702102661,-0.46882314787318863,-1.7233789245525923,1.0439688461063834,1.3826727605643776,0.498765133630555,0.0,0.12321209069242521,0.24616501412641412,-0.14451383310236385,0.0767879093075748,-0.0461650141264141,0.14451383310236385,0.2,0.2,0.0,0.3109062261045828,-0.21605867764933018,True,True,True,False
0,13,-0.46882314787318863,-1.7233789245525923,1.0439688461063834,1.3826727605643776,0.498765133630555,0.0,0.12321209069242521,0.24616501412641412,-0.14451383310236385,-0.26228177547454834,-0.25703004002571106,-0.4684644639492035,-0.9953941106796265,0.9672935605049133,-0.7864910364151001,-0.45917061393229336,-1.7178176540896373,1.0255518611272818,1.3657455753189771,0.5166294069742924,0.0,0.12321209069242521,0.24616501412641412,-0.14451383310236385,0.0767879093075748,-0.0461650141264141,0.14451383310236385,0.2,0.2,0.0,0.3109062261045828,-0.1854531130522914,True,True,True,False
0,14,-0.45917061393229336,-1.7178176540896373,1.0255518611272818,1.3657455753189771,0.5166294069742924,0.0,0.12321209069242521,0.24616501412641412,-0.14451383310236385,0.16546779870986938,-0.7391622066497803,0.2507854402065277,-0.9970611929893494,-0.051231078803539276,0.25762560963630676,-0.45505267204216326,-1.7081646216494237,1.011835817110148,1.3488396191960408,0.5331939309269812,0.0,0.12138210491041942,0.24593160171817502,-0.1506472291798479,0.07861789508958059,-0.045931601718174994,0.1506472291798479,0.2,0.2,0.0,0.31290662469132347,-0.20645729821306844,True,True,True,False
0,15,-0.45505267204216326,-1.7081646216494237,1.011835817110148,1.3488396191960408,0.5331939309269812,0.0,0.12138210491041942,0.24593160171817502,-0.1506472291798479,0.7515972852706909,-0.5960332751274109,-0.17984804511070251,-0.9026778936386108,0.45090416073799133,-0.8147224187850952,-0.4421905465597242,-1.7028416456791315,0.995331285707313,1.3323120270593884,0.5504286122425408,0.0,0.11951107662556602,0.24563374716189995,-0.1556916556181147,0.08048892337443399,-0.045633747161899954,0.1556916556181147,0.2,0.2,0.0,0.31441807646843034,-0.20232355600528393,True,True,True,False
0,16,-0.4421905465597242,-1.7028416456791315,0.995331285707313,1.3323120270593884,0.5504286122425408,0.0,0.11951107662556602,0.24563374716189995,-0.1556916556181147,0.039744507521390915,-0.6635504961013794,-0.1857655942440033,0.6474625468254089,0.8392215967178345,-0.7199324369430542,-0.4271107770614655,-1.6921478641025747,0.9780449747158971,1.3184668542626048,0.568048107270955,0.0,0.11721834885231992,0.2443590297881877,-0.16132332476804076,0.08278165114768009,-0.04435902978818766,0.16132332476804076,0.2,0.2,0.0,0.31539925786358997,-0.19751144288339123,True,True,True,False
0,17,-0.4271107770614655,-1.6921478641025747,0.9780449747158971,1.3184668542626048,0.568048107270955,0.0,0.11721834885231992,0.2443590297881877,-0.16132332476804076,-0.7678272724151611,-0.6693452596664429,0.9288995862007141,-0.9963831305503845,0.19640102982521057,-0.24116356670856476,-0.42303458884141415,-1.6849694981400751,0.9672534257383673,1.3158255863898505,0.5897223899706069,0.0,0.11727488832887255,0.24360237039239457,-0.16389777490097265,0.08272511167112746,-0.04360237039239457,0.16389777490097265,0.2,0.2,0.0,0.3161613431633172,-0.1957015245789307,True,True,True,False
0,18,-0.42303458884141415,-1.6849694981400751,0.9672534257383673,1.3158255863898505,0.5897223899706069,0.0,0.11727488832887255,0.24360237039239457,-0.16389777490097265,-0.5537458658218384,-0.947063684463501,-0.8491191864013672,-0.9998012185096741,0.9907997846603394,-0.22504131495952606,-0.4301841008044286,-1.6827492738330911,0.9562661439856713,1.2942144979259507,0.6122403106753823,0.0,0.1159851662219169,0.2450398908174022,-0.16535872802467808,0.08401483377808311,-0.0450398908174022,0.16535872802467808,0.2,0.2,0.0,0.31755411477300927,-0.20270477348342553,True,True,True,False
0,19,-0.4301841008044286,-1.6827492738330911,0.9562661439856713,1.2942144979259507,0.6122403106753823,0.0,0.1159851662219169,0.2450398908174022,-0.16535872802467808,-0.3199661374092102,-0.6899443864822388,0.9175952076911926,-0.9999627470970154,0.7419908046722412,-0.292176753282547,-0.4329398469051306,-1.6837768985877226,0.9408945103447356,1.2774463385148787,0.6296383947642846,0.0,0.11599892468561794,0.24544815213227555,-0.17329026497455585,0.08400107531438207,-0.04544815213227554,0.17329026497455585,0.2,0.2,0.0,0.32207151666721495,-0.23620977727566433,True,True,True,False
0,20,-0.4329398469051306,-1.6837768985877226,0.9408945103447356,1.2774463385148787,0.6296383947642846,0.0,0.11599892468561794,0.24544815213227555,-0.17329026497455585,0.8542503714561462,-0.7040179967880249,0.3823826014995575,0.7891244888305664,0.7538440823554993,-0.7097020745277405,-0.4329398469051306,-1.6837768985877226,0.9408945103447356,1.2774463385148787,0.6296383947642846,0.0,0.11462064423642564,0.24466127454867317,-0.17219242120236314,0.08537935576357437,-0.04466127454867316,0.17219242120236314,0.2,0.2,0.0,0.32038611278968776,-0.17333901761957196,True,True,True,False
0,21,-0.4329398469051306,-1.6837768985877226,0.9408945103447356,1.2774463385148787,0.6296383947642846,0.0,0.11462064423642564,0.24466127454867317,-0.17219242120236314,0.7288574576377869,-0.7320163249969482,-0.902469277381897,-0.595698356628418,0.08624880760908127,-0.4849667549133301,-0.3969968834007232,-1.6665188523178076,0.9263851023486145,1.2934575967131676,0.6758147737548015,0.0,0.11478566078769906,0.2417970126187469,-0.17300144318904265,0.08521433921230095,-0.041797012618746875,0.17300144318904265,0.2,0.2,0.0,0.31870212201883863,-0.172511153300928,True,True,True,False
0,22,-0.3969968834007232,-1.6665188523178076,0.9263851023486145,1.2934575967131676,0.6758147737548015,0.0,0.11478566078769906,0.2417970126187469,-0.17300144318904265,0.6019669771194458,-0.7704160213470459,-0.2389218509197235,-0.09553462266921997,0.2666560113430023,-0.8436564207077026,-0.38651915451318575,-1.6648356162595186,0.9090327723437466,1.2860814395668076,0.6894257020507679,0.0,0.11478566078769906,0.2417970126187469,-0.17300144318904265,0.08521433921230095,-0.041797012618746875,0.17300144318904265,0.2,0.2,0.0,0.31870212201883863,-0.1893510610094193,True,True,True,False
0,23,-0.38651915451318575,-1.6648356162595186,0.9090327723437466,1.2860814395668076,0.6894257020507679,0.0,0.11478566078769906,0.2417970126187469,-0.17300144318904265,0.5403997898101807,-0.21766002476215363,-0.8525010347366333,-0.9918670058250427,0.8580672740936279,-0.214990496635437,-0.37246076809758866,-1.657182149963359,0.8898327723490336,1.272907005707656,0.7067976177961712,0.0,0.11434774652335233,0.24022234031438391,-0.17869496204670876,0.08565225347664768,-0.0402223403143839,0.17869496204670876,0.2,0.2,0.0,0.32049035770513157,-0.20812753571549517,True,True,True,False
0,24,-0.37246076809758866,-1.657182149963359,0.8898327723490336,1.272907005707656,0.7067976177961712,0.0,0.11434774652335233,0.24022234031438391,-0.17869496204670876,-0.3257142901420593,-0.4901326894760132,0.40688666701316833,-0.9989297986030579,0.9235796928405762,-0.7115630507469177,-0.3634534912823217,-1.644325690903159,0.8785778465631339,1.2561833357744974,0.724207145934526,0.0,0.11241010434337712,0.23885425471370714,-0.1843343999250421,0.0875898956566229,-0.038854254713707126,0.1843343999250421,0.2,0.2,0.0,0.32197291430965863,-0.20581202320009995,True,True,True,False
0,25,-0.3634534912823217,-1.644325690903159,0.8785778465631339,1.2561833357744974,0.724207145934526,0.0,0.11241010434337712,0.23885425471370714,-0.1843343999250421,0.6492058038711548,-0.6047784090042114,0.5694130063056946,-0.9999173283576965,0.7432395219802856,-0.6087722778320312,-0.35891245121104925,-1.6347014032976785,0.8748210599027612,1.2396822118869117,0.7413826753674833,0.0,0.11068645618826778,0.23937983887696684,-0.18632403729885788,0.08931354381173223,-0.03937983887696683,0.18632403729885788,0.2,0.2,0.0,0.3229099653458005,-0.20082549303431915,True,True,True,False
0,26,-0.35891245121104925,-1.6347014032976785,0.8748210599027612,1.2396822118869117,0.7413826753674833,0.0,0.11068645618826778,0.23937983887696684,-0.18632403729885788,-0.2980820834636688,-0.7154686450958252,0.6546755433082581,0.1718117892742157,0.763005256652832,-0.5761533975601196,-0.3495110278143056,-1.6290006128042294,0.8762390349699175,1.2296375094271583,0.758545684299906,0.0,0.10874715753406176,0.23859574100451852,-0.18675234596546467,0.09125284246593825,-0.0385957410045185,0.18675234596546467,0.2,0.2,0.0,0.3219166206035935,-0.1810248628797265,True,True,True,False
0,27,-0.3495110278143056,-1.6290006128042294,0.8762390349699175,1.2296375094271583,0.758545684299906,0.0,0.10874715753406176,0.23859574100451852,-0.18675234596546467,0.8042024970054626,-0.4188133478164673,0.7066991329193115,-0.9961063265800476,0.957958996295929,-0.7253878116607666,-0.34406038310218834,-1.623031112232774,0.8802847967800249,1.221670589805391,0.7758896868475543,0.0,0.10874715753406176,0.23859574100451852,-0.18675234596546467,0.09125284246593825,-0.0385957410045185,0.18675234596546467,0.2,0.2,0.0,0.3219166206035935,-0.19095831030179675,True,True,True,False
0,28,-0.34406038310218834,-1.623031112232774,0.8802847967800249,1.221670589805391,0.7758896868475543,0.0,0.10874715753406176,0.23859574100451852,-0.18675234596546467,0.7306351661682129,-0.2769739031791687,-0.5445732474327087,-0.9987996816635132,0.8114895224571228,-0.35794615745544434,-0.32793901229760275,-1.6080642784187766,0.8826117687395357,1.2050592288286985,0.7930276310477298,0.0,0.10658329739482447,0.23814278676525297,-0.18574367017321225,0.09341670260517554,-0.03814278676525297,0.18574367017321225,0.2,0.2,0.0,0.3202697256708623,-0.17366591350811936,True,True,True,False
0,29,-0.32793901229760275,-1.6080642784187766,0.8826117687395357,1.2050592288286985,0.7930276310477298,0.0,0.10658329739482447,0.23814278676525297,-0.18574367017321225,0.649968683719635,-0.4513266682624817,-0.9281435012817383,-0.8232955932617188,0.7579196691513062,-0.9572876691818237,-0.310191201917464,-1.5919647350037065,0.858611768746825,1.1854001622104087,0.8148721329262384,0.0,0.103538871085887,0.2368253783418804,-0.18781173553454952,0.09646112891411301,-0.03682537834188038,0.18781173553454952,0.2,0.2,0.0,0.3194993046268087,-0.1820454418728682,True,True,True,False
0,30,-0.310191201917464,-1.5919647350037065,0.858611768746825,1.1854001622104087,0.8148721329262384,0.0,0.103538871085887,0.2368253783418804,-0.18781173553454952,0.47909149527549744,-0.639281690120697,0.47450143098831177,-0.9930124878883362,0.5387327671051025,-0.6630417108535767,-0.310191201917464,-1.5919647350037065,0.858611768746825,1.1854001622104087,0.8148721329262384,0.0,0.10168919387704914,0.23511254586559702,-0.19365470819639324,0.09831080612295087,-0.035112545865597006,0.19365470819639324,0.2,0.2,0.0,0.32112419308018003,-0.20681098107380333,True,True,True,False
0,31,-0.310191201917464,-1.5919647350037065,0.858611768746825,1.1854001622104087,0.8148721329262384,0.0,0.10168919387704914,0.23511254586559702,-0.19365470819639324,0.7208424806594849,-0.344187468290329,-0.9652712345123291,-0.9876858592033386,0.8010826706886292,-0.7130343914031982,-0.27253572364797374,-1.5714570464315991,0.8382553177955279,1.1432924159092863,0.8581972613176618,0.0,0.09907556330022785,0.23322357287464196,-0.1964413799735687,0.10092443669977216,-0.03322357287464195,0.1964413799735687,0.2,0.2,0.0,0.3206219236945454,-0.18528826799092635,True,True,True,False
0,32,-0.27253572364797374,-1.5714570464315991,0.8382553177955279,1.1432924159092863,0.8581972613176618,0.0,0.09907556330022785,0.23322357287464196,-0.1964413799735687,-0.0037066468503326178,-0.8231458067893982,0.3619476854801178,-0.09418267011642456,0.7435662746429443,-0.8225652575492859,-0.2588754647335008,-1.5603227083289453,0.8221029994420697,1.1282436720590991,0.8798955710075924,0.0,0.09715914622532086,0.2313804272015056,-0.20159697893493497,0.10284085377467915,-0.03138042720150559,0.20159697893493497,0.2,0.2,0.0,0.32189772242573744,-0.20370684852478918,True,True,True,False
0,33,-0.2588754647335008,-1.5603227083289453,0.8221029994420697,1.1282436720590991,0.8798955710075924,0.0,0.09715914622532086,0.2313804272015056,-0.20159697893493497,0.817493736743927,-0.5991610288619995,-0.946286678314209,-0.9991170763969421,0.1373213231563568,-0.8852857351303101,-0.25152598498380435,-1.5597154312139374,0.808325887782366,1.1189300807858318,0.8949104309392641,0.0,0.09748457086071535,0.2306997738342683,-0.20489619909042966,0.10251542913928466,-0.03069977383426828,0.20489619909042966,0.2,0.2,0.0,0.32358627845566224,-0.20867869952707904,True,True,True,False
0,34,-0.25152598498380435,-1.5597154312139374,0.808325887782366,1.1189300807858318,0.8949104309392641,0.0,0.09748457086071535,0.2306997738342683,-0.20489619909042966,0.7476281523704529,-0.8953235149383545,0.8740198612213135,-0.8235936760902405,0.2892402708530426,-0.7707946300506592,-0.23716470356770103,-1.5570378006571415,0.8027207277121747,1.104206454844516,0.9103371917793339,0.0,0.09641875706709084,0.22876611751979387,-0.20895075944905525,0.10358124293290917,-0.02876611751979384,0.20895075944905525,0.2,0.2,0.0,0.32448564392555146,-0.20123647666166797,True,True,True,False
0,35,-0.23716470356770103,-1.5570378006571415,0.8027207277121747,1.104206454844516,0.9103371917793339,0.0,0.09641875706709084,0.22876611751979387,-0.20895075944905525,0.6359752416610718,-0.7627487778663635,0.30035877227783203,-0.9962637424468994,0.650356113910675,-0.9484329223632812,-0.21873858157712453,-1.5614637113967829,0.8137275639636566,1.0838626808696552,0.9316355287522553,0.0,0.09482270536441328,0.22685897298234592,-0.209210984941073,0.10517729463558673,-0.026858972982345897,0.209210984941073,0.2,0.2,0.0,0.3228398601400468,-0.17496209221497666,True,True,True,False
0,36,-0.21873858157712453,-1.5614637113967829,0.8137275639636566,1.0838626808696552,0.9316355287522553,0.0,0.09482270536441328,0.22685897298234592,-0.209210984941073,0.2642870545387268,-0.7949168682098389,-0.5960245728492737,-0.6599528789520264,0.48648571968078613,-0.863378643989563,-0.2078887503836034,-1.561335458629019,0.7991925588389615,1.0702366648046353,0.9474940477684269,0.0,0.09482270536441328,0.22685897298234592,-0.209210984941073,0.10517729463558673,-0.026858972982345897,0.209210984941073,0.2,0.2,0.0,0.3228398601400468,-0.1914199300700234,True,True,True,False
0,37,-0.2078887503836034,-1.561335458629019,0.7991925588389615,1.0702366648046353,0.9474940477684269,0.0,0.09482270536441328,0.22685897298234592,-0.209210984941073,0.7578847408294678,-0.8232521414756775,0.0953202098608017,-0.6057325601577759,0.8717601299285889,-0.91092848777771,-0.1952439251643186,-1.5624734143648014,0.7708838551397919,1.0529634703367023,0.9691553501899264,0.0,0.09519020845003624,0.22518478643552817,-0.21570004457425895,0.10480979154996377,-0.02518478643552815,0.21570004457425895,0.2,0.2,0.0,0.32603047872263885,-0.22492142518724006,True,True,True,False
0,38,-0.1952439251643186,-1.5624734143648014,0.7708838551397919,1.0529634703367023,0.9691553501899264,0.0,0.09519020845003624,0.22518478643552817,-0.21570004457425895,0.36539262533187866,-0.4580789804458618,0.3752284348011017,-0.953584611415863,-0.05924134701490402,-0.9372282028198242,-0.18347811550956553,-1.5604654283626533,0.7557681472043373,1.039072282514552,0.9829873171955152,0.0,0.0966129116317944,0.22304087485302815,-0.22422991847560397,0.1033870883682056,-0.023040874853028123,0.22422991847560397,0.2,0.2,0.0,0.3306967536713251,-0.24201112632252522,True,True,True,False
0,39,-0.18347811550956553,-1.5604654283626533,0.7557681472043373,1.039072282514552,0.9829873171955152,0.0,0.0966129116317944,0.22304087485302815,-0.22422991847560397,0.8621195554733276,-0.783838152885437,0.1543162614107132,-0.9988203048706055,0.6568053364753723,-0.8928417563438416,-0.1688669433121427,-1.5489097813312467,0.7471670459239995,1.019104139126426,1.003327423899038,0.0,0.09569866365339239,0.22165996881722896,-0.22856147544419644,0.10430133634660763,-0.021659968817228946,0.22856147544419644,0.2,0.2,0.0,0.33246311683903834,-0.21389519009665142,True,True,True,False
0,40,-0.1688669433121427,-1.5489097813312467,0.7471670459239995,1.019104139126426,1.003327423899038,0.0,0.09569866365339239,0.22165996881722896,-0.22856147544419644,0.31460580229759216,-0.544023871421814,-0.6855247020721436,-0.997928261756897,0.8249558806419373,-0.8952845335006714,-0.1688669433121427,-1.5489097813312467,0.7471670459239995,1.019104139126426,1.003327423899038,0.0,0.13771203003499838,0.1985341546419079,-0.3654627204037981,0.06228796996500165,0.001465845358092105,0.3654627204037981,0.2,0.2,0.0,0.43811347135266454,-1.3055602808125943,True,True,True,False
0,41,-0.1688669433121427,-1.5489097813312467,0.7471670459239995,1.019104139126426,1.003327423899038,0.0,0.13771203003499838,0.1985341546419079,-0.3654627204037981,-0.14416170120239258,-0.4049796760082245,0.9065036177635193,-0.9874378442764282,0.7015241384506226,-0.5978752374649048,0.025284906602774108,-1.3551072162014897,0.2161088425538266,0.6246453174087248,1.3992349655497565,0.0,0.1459771041588363,0.19820030011985632,-0.37481473616258587,0.05402289584116372,0.0017996998801437093,0.37481473616258587,0.2,0.2,0.0,0.4484180642557007,-0.35725496115821187,True,True,True,False
0,42,0.025284906602774108,-1.3551072162014897,0.2161088425538266,0.6246453174087248,1.3992349655497565,0.0,0.1459771041588363,0.19820030011985632,-0.37481473616258587,0.9494518041610718,0.03758702799677849,-0.6302249431610107,-0.6181750297546387,0.7846940159797668,-0.6492490768432617,0.0382407057814772,-1.3354159360173228,0.17642232192835236,0.6003992790420909,1.4313352136938713,0.0,0.1459771041588363,0.19820030011985632,-0.37481473616258587,0.05402289584116372,0.0017996998801437093,0.37481473616258587,0.2,0.2,0.0,0.4484180642557007,-0.25420903212785034,True,True,True,False
0,43,0.0382407057814772,-1.3354159360173228,0.17642232192835236,0.6003992790420909,1.4313352136938713,0.0,0.1459771041588363,0.19820030011985632,-0.37481473616258587,0.9035707712173462,-0.0807948186993599,-0.4632156193256378,-0.9885877966880798,0.7512724995613098,-0.68833327293396,0.05183701169270354,-1.320556873785624,0.1597500172133526,0.5942119709545404,1.4452217627800192,0.0,0.14366601504350107,0.19763685807406212,-0.3752902632163303,0.05633398495649894,0.002363141925937908,0.3752902632163303,0.2,0.2,0.0,0.4478203135330609,-0.24793264954013255,True,True,True,False
0,44,0.05183701169270354,-1.320556873785624,0.1597500172133526,0.5942119709545404,1.4452217627800192,0.0,0.14366601504350107,0.19763685807406212,-0.3752902632163303,0.5994728803634644,-0.07571963220834732,0.5635086297988892,-0.9725803732872009,0.9395091533660889,-0.10967785865068436,0.0628122785962559,-1.3059120740406396,0.1546294919879024,0.5842144094117544,1.4590134226116318,0.0,0.14335708841581396,0.19639781085368324,-0.3785049179875736,0.05664291158418605,0.0036021891463167734,0.3785049179875736,0.2,0.2,0.0,0.44987701413603964,-0.27550551309780724,True,True,True,False
0,45,0.0628122785962559,-1.3059120740406396,0.1546294919879024,0.5842144094117544,1.4590134226116318,0.0,0.14335708841581396,0.19639781085368324,-0.3785049179875736,0.9530822038650513,-0.010157139040529728,-0.38576218485832214,-0.9979310631752014,0.8236312866210938,-0.6622104644775391,0.0755785713449035,-1.2717179235538083,0.16249122881490136,0.5700148386372177,1.4775063971869233,0.0,0.13427839490957216,0.1949272046473293,-0.3762749047889701,0.06572160509042785,0.005072795352670712,0.3762749047889701,0.2,0.2,0.0,0.4445335830115215,-0.19883248026057948,True,True,True,False
0,46,0.0755785713449035,-1.2717179235538083,0.16249122881490136,0.5700148386372177,1.4775063971869233,0.0,0.13427839490957216,0.1949272046473293,-0.3762749047889701,0.9541152119636536,-0.2588338553905487,0.8673649430274963,-0.769721508026123,0.8791446685791016,-0.5048202276229858,0.09224545733075146,-1.2560399664535484,0.16511069123884908,0.5600873970090354,1.4951245343799464,0.0,0.13065132112718275,0.1933171313250553,-0.3777334358067299,0.06934867887281726,0.006682868674944725,0.3777334358067299,0.2,0.2,0.0,0.44398629427312714,-0.24652025975261976,True,True,True,False
0,47,0.09224545733075146,-1.2560399664535484,0.16511069123884908,0.5600873970090354,1.4951245343799464,0.0,0.13065132112718275,0.1933171313250553,-0.3777334358067299,0.9427466988563538,0.07459144294261932,-0.8392808437347412,0.2243158370256424,0.8367927074432373,-0.6201223134994507,0.10559626408761157,-1.236387980120689,0.16617111233638646,0.5591117704653951,1.5087702271160501,0.0,0.12139145601232601,0.19092272992728096,-0.3729524034559005,0.078608543987674,0.00907727007271906,0.3729524034559005,0.2,0.2,0.0,0.4362119549476043,-0.17036258421857364,True,True,True,False
0,48,0.10559626408761157,-1.236387980120689,0.16617111233638646,0.5591117704653951,1.5087702271160501,0.0,0.12139145601232601,0.19092272992728096,-0.3729524034559005,0.8573033213615417,-0.2698000371456146,0.05130332335829735,-0.8680291771888733,0.7389057874679565,-0.20553573966026306,0.11738932108500025,-1.2240775893749136,0.1554138496994117,0.565446077409533,1.52128205302142,0.0,0.11977234087598691,0.18929163912143004,-0.3737562790613247,0.0802276591240131,0.010708360878569965,0.3737562790613247,0.2,0.2,0.0,0.43574131594095844,-0.24316426790402076,True,True,True,False
0,49,0.11738932108500025,-1.2240775893749136,0.1554138496994117,0.565446077409533,1.52128205302142,0.0,0.11977234087598691,0.18929163912143004,-0.3737562790613247,0.6639379262924194,-0.4847049117088318,0.6011781692504883,-0.9799925088882446,0.7862147688865662,-0.4443468451499939,0.12543446352331275,-1.2176683222027218,0.1543162509611332,0.55959559572784,1.5307322416605562,0.0,0.11977234087598691,0.18929163912143004,-0.3737562790613247,0.0802276591240131,0.010708360878569965,0.3737562790613247,0.2,0.2,0.0,0.43574131594095844,-0.24787065797047922,True,True,True,False
0,50,0.12543446352331275,-1.2176683222027218,0.1543162509611332,0.55959559572784,1.5307322416605562,0.0,0.11977234087598691,0.18929163912143004,-0.3737562790613247,0.890510082244873,-0.36458176374435425,0.12591741979122162,-0.9120737314224243,0.7354116439819336,-0.4262421727180481,0.12543446352331275,-1.2176683222027218,0.1543162509611332,0.55959559572784,1.5307322416605562,0.0,0.11709814226108875,0.18775249969066474,-0.3730048213304138,0.08290185773891126,0.012247500309335283,0.3730048213304138,0.2,0.2,0.0,0.4336998648798788,-0.22643542182914328,True,True,True,False
0,51,0.12543446352331275,-1.2176683222027218,0.1543162509611332,0.55959559572784,1.5307322416605562,0.0,0.11709814226108875,0.18775249969066474,-0.3730048213304138,0.826811671257019,-0.3475981056690216,-0.1483422964811325,0.2621573209762573,0.7808143496513367,-0.44231709837913513,0.15036397772619392,-1.2040988921591782,0.15772556634604018,0.5413608927351343,1.55906031809166,0.0,0.11563714507190737,0.18562629959433172,-0.37399667089004274,0.08436285492809265,0.014373700405668285,0.37399667089004274,0.2,0.2,0.0,0.4332465605845024,-0.24209023733848686,True,True,True,False
0,52,0.15036397772619392,-1.2040988921591782,0.15772556634604018,0.5413608927351343,1.55906031809166,0.0,0.11563714507190737,0.18562629959433172,-0.37399667089004274,0.9160528182983398,-0.19023557007312775,0.11829746514558792,-0.6277426481246948,0.7906919717788696,-0.3695414364337921,0.15624710133785363,-1.1998441880701438,0.15193098450016185,0.5479181289813584,1.566176918224328,0.0,0.11563714507190737,0.18562629959433172,-0.37399667089004274,0.08436285492809265,0.014373700405668285,0.37399667089004274,0.2,0.2,0.0,0.4332465605845024,-0.2466232802922512,True,True,True,False
0,53,0.15624710133785363,-1.1998441880701438,0.15193098450016185,0.5479181289813584,1.566176918224328,0.0,0.11563714507190737,0.18562629959433172,-0.37399667089004274,0.8247723579406738,-0.5114242434501648,-0.0487518347799778,-0.8889487981796265,0.6945124864578247,-0.40666618943214417,0.16270499782942782,-1.1941919024432517,0.1504322353364314,0.545874190532705,1.5731687446878917,0.0,0.11482282476148936,0.18459424358818333,-0.3738711409723543,0.08517717523851065,0.015405756411816695,0.3738711409723543,0.2,0.2,0.0,0.43247999480215416,-0.2385743395775947,True,True,True,False
0,54,0.16270499782942782,-1.1941919024432517,0.1504322353364314,0.545874190532705,1.5731687446878917,0.0,0.11482282476148936,0.18459424358818333,-0.3738711409723543,0.8838948011398315,-0.35214856266975403,-0.10048934817314148,0.2978423833847046,0.7119835019111633,0.030173974111676216,0.17208536802915492,-1.1927295462151581,0.14271974198668302,0.540856188654004,1.5838184682205945,0.0,0.11586288722126101,0.18350041427704583,-0.37580417314578074,0.084137112778739,0.01649958572295418,0.37580417314578074,0.2,0.2,0.0,0.4339647303973885,-0.2618297211510374,True,True,True,False
0,55,0.17208536802915492,-1.1927295462151581,0.14271974198668302,0.540856188654004,1.5838184682205945,0.0,0.11586288722126101,0.18350041427704583,-0.37580417314578074,0.8337658047676086,-0.5116403698921204,0.4631655812263489,-0.5465711951255798,0.7499330043792725,-0.2727038860321045,0.17807862613328135,-1.1896697096518092,0.1392499981409193,0.5478770069362319,1.5902261139506502,0.0,0.11586288722126101,0.18350041427704583,-0.37580417314578074,0.084137112778739,0.01649958572295418,0.37580417314578074,0.2,0.2,0.0,0.4339647303973885,-0.24698236519869424,True,True,True,False
0,56,0.17807862613328135,-1.1896697096518092,0.1392499981409193,0.5478770069362319,1.5902261139506502,0.0,0.11586288722126101,0.18350041427704583,-0.37580417314578074,0.7202788591384888,-0.4360256791114807,0.3424140512943268,-0.48160141706466675,0.601265013217926,0.047507379204034805,0.18839816537536355,-1.1878975086593977,0.15130606698620344,0.5468778888267283,1.6027780968393306,0.0,0.11491639996917521,0.1824437192226816,-0.374950876404194,0.0850836000308248,0.017556280777318398,0.374950876404194,0.2,0.2,0.0,0.43252705046268874,-0.23188672588434706,True,True,True,False
0,57,0.18839816537536355,-1.1878975086593977,0.15130606698620344,0.5468778888267283,1.6027780968393306,0.0,0.11491639996917521,0.1824437192226816,-0.374950876404194,0.6341654062271118,-0.12552638351917267,0.6287332773208618,-0.5228997468948364,0.7664993405342102,-0.598656177520752,0.19379728207159502,-1.184338057342078,0.15758661924567183,0.5468813133657487,1.6102024952904297,0.0,0.1121962158651066,0.1808430520094602,-0.3725525033313045,0.08780378413489341,0.019156947990539824,0.3725525033313045,0.2,0.2,0.0,0.429054271687123,-0.20979934808790418,True,True,True,False
0,58,0.19379728207159502,-1.184338057342078,0.15758661924567183,0.5468813133657487,1.6102024952904297,0.0,0.1121962158651066,0.1808430520094602,-0.3725525033313045,0.8014267086982727,-0.49415475130081177,-0.571124792098999,-0.8621204495429993,0.4940080940723419,-0.07289301604032516,0.1993936495432501,-1.1682667582324775,0.1678084379196916,0.545620171737597,1.620584793364832,0.0,0.1041828767722543,0.1783745655876503,-0.36731435247402433,0.09581712322774572,0.021625434412349702,0.36731435247402433,0.2,0.2,0.0,0.4214159358573635,-0.1643246096310864,True,True,True,False
0,59,0.1993936495432501,-1.1682667582324775,0.1678084379196916,0.545620171737597,1.620584793364832,0.0,0.1041828767722543,0.1783745655876503,-0.36731435247402433,0.7176074981689453,-0.46856689453125,-0.2458285540342331,-0.902560830116272,0.807964563369751,-0.36532920598983765,0.20414082030017258,-1.1676636397096665,0.15674801414887246,0.5415219678397231,1.6254314171901307,0.0,0.1041828767722543,0.1783745655876503,-0.36731435247402433,0.09581712322774572,0.021625434412349702,0.36731435247402433,0.2,0.2,0.0,0.4214159358573635,-0.24070796792868174,True,True,True,False
0,60,0.20414082030017258,-1.1676636397096665,0.15674801414887246,0.5415219678397231,1.6254314171901307,0.0,0.1041828767722543,0.1783745655876503,-0.36731435247402433,0.6175258755683899,-0.581421971321106,-0.09794008731842041,-0.49672672152519226,0.7206584215164185,-0.19359490275382996,0.20414082030017258,-1.1676636397096665,0.15674801414887246,0.5415219678397231,1.6254314171901307,0.0,0.11639508237587581,0.17819229389702906,-0.37916163025291283,0.0836049176241242,0.021807706102970947,0.37916163025291283,0.2,0.2,0.0,0.4348147314220376,-0.3813953213577599,True,True,True,False
0,61,0.20414082030017258,-1.1676636397096665,0.15674801414887246,0.5415219678397231,1.6254314171901307,0.0,0.11639508237587581,0.17819229389702906,-0.37916163025291283,0.5879616737365723,-0.1634097695350647,-0.5177425146102905,-0.7105942964553833,0.6933045387268066,-0.15202218294143677,0.20414082030017258,-1.1676636397096665,0.15674801414887246,0.5415219678397231,1.6254314171901307,0.0,0.11639508237587581,0.17819229389702906,-0.37916163025291283,0.0836049176241242,0.021807706102970947,0.37916163025291283,0.2,0.2,0.0,0.4348147314220376,-0.2474073657110188,True,True,True,False
0,62,0.20414082030017258,-1.1676636397096665,0.15674801414887246,0.5415219678397231,1.6254314171901307,0.0,0.11639508237587581,0.17819229389702906,-0.37916163025291283,0.8257499933242798,-0.22645612061023712,-0.11605829745531082,-0.5495179891586304,0.7499315738677979,-0.035193998366594315,0.20414082030017258,-1.1676636397096665,0.15674801414887246,0.5415219678397231,1.6254314171901307,0.0,0.12196774279518854,0.17839085535869548,-0.3834547541400434,0.07803225720481147,0.02160914464130452,0.3834547541400434,0.2,0.2,0.0,0.4401556270579321,-0.30348676988791123,True,True,True,False
0,63,0.20414082030017258,-1.1676636397096665,0.15674801414887246,0.5415219678397231,1.6254314171901307,0.0,0.12196774279518854,0.17839085535869548,-0.3834547541400434,0.9190042018890381,-0.404177725315094,-0.11440721154212952,-0.8134216070175171,0.7061597108840942,-0.20492702722549438,0.20414082030017258,-1.1676636397096665,0.15674801414887246,0.5415219678397231,1.6254314171901307,0.0,0.12196774279518854,0.17839085535869548,-0.3834547541400434,0.07803225720481147,0.02160914464130452,0.3834547541400434,0.2,0.2,0.0,0.4401556270579321,-0.2500778135289661,True,True,True,False
0,64,0.20414082030017258,-1.1676636397096665,0.15674801414887246,0.5415219678397231,1.6254314171901307,0.0,0.12196774279518854,0.17839085535869548,-0.3834547541400434,0.9399829506874084,-0.41730979084968567,-0.4063444137573242,-0.5662277936935425,0.6787514686584473,-0.17510615289211273,0.20414082030017258,-1.1676636397096665,0.15674801414887246,0.5415219678397231,1.6254314171901307,0.0,0.12196774279518854,0.17839085535869548,-0.3834547541400434,0.07803225720481147,0.02160914464130452,0.3834547541400434,0.2,0.2,0.0,0.4401556270579321,-0.2500778135289661,True,True,True,False
0,65,0.20414082030017258,-1.1676636397096665,0.15674801414887246,0.5415219678397231,1.6254314171901307,0.0,0.12196774279518854,0.17839085535869548,-0.3834547541400434,0.8328776359558105,-0.22871093451976776,0.14461280405521393,-0.7215043306350708,0.7947728633880615,-0.4018223285675049,0.20414082030017258,-1.1676636397096665,0.15674801414887246,0.5415219678397231,1.6254314171901307,0.0,0.12196774279518854,0.17839085535869548,-0.3834547541400434,0.07803225720481147,0.02160914464130452,0.3834547541400434,0.2,0.2,0.0,0.4401556270579321,-0.2500778135289661,True,True,True,False
0,66,0.20414082030017258,-1.1676636397096665,0.15674801414887246,0.5415219678397231,1.6254314171901307,0.0,0.12196774279518854,0.17839085535869548,-0.3834547541400434,0.9065849184989929,-0.322206974029541,0.509647786617279,-0.8148647546768188,0.805233895778656,-0.29260581731796265,0.20414082030017258,-1.1676636397096665,0.15674801414887246,0.5415219678397231,1.6254314171901307,0.0,0.12196774279518854,0.17839085535869548,-0.3834547541400434,0.07803225720481147,0.02160914464130452,0.3834547541400434,0.2,0.2,0.0,0.4401556270579321,-0.2500778135289661,True,True,True,False
0,67,0.20414082030017258,-1.1676636397096665,0.15674801414887246,0.5415219678397231,1.6254314171901307,0.0,0.12196774279518854,0.17839085535869548,-0.3834547541400434,0.7694270014762878,-0.38958731293678284,0.20034168660640717,-0.6764454245567322,0.8293306827545166,-0.09342564642429352,0.20414082030017258,-1.1676636397096665,0.15674801414887246,0.5415219678397231,1.6254314171901307,0.0,0.12359406206602801,0.17828332419153428,-0.3852058945589867,0.076405937933972,0.02171667580846573,0.3852058945589867,0.2,0.2,0.0,0.4420905077761273,-0.2703940610700156,True,True,True,False
0,68,0.20414082030017258,-1.1676636397096665,0.15674801414887246,0.5415219678397231,1.6254314171901307,0.0,0.12359406206602801,0.17828332419153428,-0.3852058945589867,0.9505450129508972,-0.1364956498146057,-0.5727906227111816,-0.9442338943481445,0.781014084815979,-0.21512189507484436,0.20414082030017258,-1.1676636397096665,0.15674801414887246,0.5415219678397231,1.6254314171901307,0.0,0.12359406206602801,0.17828332419153428,-0.3852058945589867,0.076405937933972,0.02171667580846573,0.3852058945589867,0.2,0.2,0.0,0.4420905077761273,-0.25104525388806365,True,True,True,False
0,69,0.20414082030017258,-1.1676636397096665,0.15674801414887246,0.5415219678397231,1.6254314171901307,0.0,0.12359406206602801,0.17828332419153428,-0.3852058945589867,0.944500207901001,-0.42287102341651917,0.07812946289777756,-0.8825165033340454,0.8124603033065796,-0.1314515918493271,0.20414082030017258,-1.1676636397096665,0.15674801414887246,0.5415219678397231,1.6254314171901307,0.0,0.12359406206602801,0.17828332419153428,-0.3852058945589867,0.076405937933972,0.02171667580846573,0.3852058945589867,0.2,0.2,0.0,0.4420905077761273,-0.25104525388806365,True,True,True,False
0,70,0.20414082030017258,-1.1676636397096665,0.15674801414887246,0.5415219678397231,1.6254314171901307,0.0,0.12359406206602801,0.17828332419153428,-0.3852058945589867,0.7262356877326965,-0.23101136088371277,0.09428742527961731,-0.8707400560379028,0.7444906234741211,-0.15266458690166473,0.20414082030017258,-1.1676636397096665,0.15674801414887246,0.5415219678397231,1.6254314171901307,0.0,0.08968536707891889,0.15368327827766876,-0.3832825277464669,0.11031463292108112,0.04631672172233127,0.3832825277464669,0.2,0.2,0.0,0.42257249220219356,-0.046106090361759444,True,True,True,False
0,71,0.20414082030017258,-1.1676636397096665,0.15674801414887246,0.5415219678397231,1.6254314171901307,0.0,0.08968536707891889,0.15368327827766876,-0.3832825277464669,0.6373762488365173,-0.1614483892917633,-0.27730420231819153,-0.6260112524032593,0.6206616163253784,-0.24897830188274384,0.3659380261169221,-0.9820712838332175,0.0598726561846496,0.3982029054751929,1.8765671587101715,0.0,0.08716131057902357,0.1514129647012735,-0.38278210026426984,0.11283868942097644,0.04858703529872652,0.38278210026426984,0.2,0.2,0.0,0.42076729462282075,-0.2223316715176823,True,True,True,False
0,72,0.3659380261169221,-0.9820712838332175,0.0598726561846496,0.3982029054751929,1.8765671587101715,0.0,0.08716131057902357,0.1514129647012735,-0.38278210026426984,0.21704478561878204,0.11260046064853668,0.6818403005599976,-0.3699333965778351,0.3934759795665741,0.6236214637756348,0.3718798591269739,-0.9639496545727376,0.06080357112849849,0.3921129220948138,1.888428000459225,0.0,0.08550185714576496,0.1502547253236211,-0.38241423800979846,0.11449814285423505,0.04974527467637892,0.38241423800979846,0.2,0.2,0.0,0.4196757075291187,-0.22892198282753884,True,True,True,False
0,73,0.3718798591269739,-0.9639496545727376,0.06080357112849849,0.3921129220948138,1.888428000459225,0.0,0.08550185714576496,0.1502547253236211,-0.38241423800979846,0.05138607323169708,0.12173467874526978,0.2698105573654175,0.19091856479644775,0.2612764239311218,0.6804893016815186,0.36291911058846904,-0.9307255456269153,0.07832340188127082,0.40483522550207074,1.8890640418277242,0.0,0.07294908201333866,0.14654581741869027,-0.3727011116082729,0.12705091798666135,0.053454182581309725,0.3727011116082729,0.2,0.2,0.0,0.40706678047163614,-0.1074441196609924,True,True,True,False
0,74,0.36291911058846904,-0.9307255456269153,0.07832340188127082,0.40483522550207074,1.8890640418277242,0.0,0.07294908201333866,0.14654581741869027,-0.3727011116082729,-0.15404871106147766,0.3960091471672058,0.2674359679222107,0.42541930079460144,0.3877921998500824,0.8078989386558533,0.35186960402522954,-0.913961343967767,0.0847284160578239,0.42011052167738416,1.8891395132216253,0.0,0.06457312159885936,0.1456143043582992,-0.36550987848676486,0.13542687840114065,0.05438569564170083,0.36550987848676486,0.2,0.2,0.0,0.39871128017424096,-0.14580063711316868,True,True,True,False
0,75,0.35186960402522954,-0.913961343967767,0.0847284160578239,0.42011052167738416,1.8891395132216253,0.0,0.06457312159885936,0.1456143043582992,-0.36550987848676486,-0.45109474658966064,0.48680195212364197,-0.15373162925243378,0.07032956928014755,0.129702627658844,0.7644925713539124,0.3339211929992815,-0.8921283847135427,0.08217491793915507,0.43704852139068645,1.8888427508952632,0.0,0.057821555903746547,0.1462442373884762,-0.36069687945581796,0.14217844409625346,0.0537557626115238,0.36069687945581796,0.2,0.2,0.0,0.3934881804395552,-0.17451309287291994,True,True,True,False
0,76,0.3339211929992815,-0.8921283847135427,0.08217491793915507,0.43704852139068645,1.8888427508952632,0.0,0.057821555903746547,0.1462442373884762,-0.36069687945581796,-0.5251840353012085,0.3442361354827881,-0.21333706378936768,0.6897720098495483,0.5049914121627808,0.6721183657646179,0.31901129982259674,-0.8760834550892148,0.06979059368314063,0.45356554734579424,1.8880280277665058,0.0,0.057821555903746547,0.1462442373884762,-0.36069687945581796,0.14217844409625346,0.0537557626115238,0.36069687945581796,0.2,0.2,0.0,0.3934881804395552,-0.2267440902197776,True,True,True,False
0,77,0.31901129982259674,-0.8760834550892148,0.06979059368314063,0.45356554734579424,1.8880280277665058,0.0,0.057821555903746547,0.1462442373884762,-0.36069687945581796,-0.680446982383728,0.3194849491119385,0.09796515852212906,0.493495911359787,0.48055723309516907,0.6994507312774658,0.2985588006869875,-0.8555679923294945,0.06124902384657409,0.47371881701385965,1.8909642669893911,0.0,0.05316400042102826,0.14809969393720265,-0.358447986340223,0.14683599957897175,0.05190030606279736,0.358447986340223,0.2,0.2,0.0,0.3914650548853893,-0.2055012719010357,True,True,True,False
0,78,0.2985588006869875,-0.8555679923294945,0.06124902384657409,0.47371881701385965,1.8909642669893911,0.0,0.05316400042102826,0.14809969393720265,-0.358447986340223,-0.1541326940059662,0.2106567621231079,0.12948092818260193,-0.07960744947195053,0.37886208295822144,0.7654526829719543,0.28584815277924114,-0.8410019673485333,0.06103347227129663,0.4858419392308031,1.8931018188142514,0.0,0.04709050017777455,0.14981253703034364,-0.3538439042545507,0.15290949982222546,0.05018746296965638,0.3538439042545507,0.2,0.2,0.0,0.38712636184657423,-0.18017625053513645,True,True,True,False
0,79,0.28584815277924114,-0.8410019673485333,0.06103347227129663,0.4858419392308031,1.8931018188142514,0.0,0.04709050017777455,0.14981253703034364,-0.3538439042545507,-0.6826920509338379,0.44017526507377625,-0.05327446758747101,0.1060352623462677,0.162706658244133,0.7381069660186768,0.2676434288575368,-0.8194620525680616,0.05779428549202694,0.4990468023577254,1.8928290599019109,0.0,0.041129089552920356,0.15082320021880957,-0.34882767572810147,0.15887091044707966,0.049176799781190446,0.34882767572810147,0.2,0.2,0.0,0.38225644152265736,-0.17242901752216003,True,True,True,False
0,80,0.2676434288575368,-0.8194620525680616,0.05779428549202694,0.4990468023577254,1.8928290599019109,0.0,0.041129089552920356,0.15082320021880957,-0.34882767572810147,-0.675828218460083,-0.14089062809944153,-0.09104800224304199,0.5165989398956299,-0.05319534242153168,0.7726964950561523,0.2676434288575368,-0.8194620525680616,0.05779428549202694,0.4990468023577254,1.8928290599019109,0.0,0.03395234924220389,0.1564922167679753,-0.3439276554852342,0.16604765075779612,0.0435077832320247,0.3439276554852342,0.2,0.2,0.0,0.3793795041058353,-0.1909203778846972,True,True,True,False
0,81,0.2676434288575368,-0.8194620525680616,0.05779428549202694,0.4990468023577254,1.8928290599019109,0.0,0.03395234924220389,0.1564922167679753,-0.3439276554852342,-0.9026743173599243,0.467520534992218,-0.5310409665107727,0.7968502640724182,-0.14358754456043243,0.7919855713844299,0.2139228530062431,-0.7905929649517607,0.0246384980774971,0.5526380527777927,1.8768231375645006,0.0,0.03179663345057618,0.16052102096692633,-0.34293845249891897,0.16820336654942383,0.039478979033073666,0.34293845249891897,0.2,0.2,0.0,0.3799800077285751,-0.22599504009168533,True,True,True,False
0,82,0.2139228530062431,-0.7905929649517607,0.0246384980774971,0.5526380527777927,1.8768231375645006,0.0,0.03179663345057618,0.16052102096692633,-0.34293845249891897,-0.655131459236145,0.21870532631874084,-0.38352254033088684,0.5492767095565796,0.07493901252746582,0.7618862986564636,0.20194012830666253,-0.7788310114157114,0.012800635422586684,0.5649851015047928,1.8748893992342925,0.0,0.03179663345057618,0.16052102096692633,-0.34293845249891897,0.16820336654942383,0.039478979033073666,0.34293845249891897,0.2,0.2,0.0,0.3799800077285751,-0.21999000386428755,True,True,True,False
0,83,0.20194012830666253,-0.7788310114157114,0.012800635422586684,0.5649851015047928,1.8748893992342925,0.0,0.03179663345057618,0.16052102096692633,-0.34293845249891897,-0.7440757751464844,0.37502041459083557,-0.2610401213169098,0.7365291714668274,-0.15518127381801605,0.6906020641326904,0.18645324017926299,-0.7630812060919822,-0.0005787465407620484,0.5812081994289312,1.8720571106167985,0.0,0.02902998807440227,0.16311680857220134,-0.34177937367010314,0.17097001192559774,0.03688319142779867,0.34177937367010314,0.2,0.2,0.0,0.3798196594605236,-0.21830634704974677,True,True,True,False
0,84,0.18645324017926299,-0.7630812060919822,-0.0005787465407620484,0.5812081994289312,1.8720571106167985,0.0,0.02902998807440227,0.16311680857220134,-0.34177937367010314,-0.7108911275863647,0.41105329990386963,-0.5094086527824402,0.2276114970445633,-0.07783035933971405,0.7242791652679443,0.1714303442785171,-0.7471775820049332,-0.015474973844341837,0.594355490096793,1.8677492474521358,0.0,0.02519022856878031,0.1662700823574281,-0.339454393960098,0.1748097714312197,0.03372991764257191,0.339454393960098,0.2,0.2,0.0,0.3788265744127658,-0.20948243672880487,True,True,True,False
0,85,0.1714303442785171,-0.7471775820049332,-0.015474973844341837,0.594355490096793,1.8677492474521358,0.0,0.02519022856878031,0.1662700823574281,-0.339454393960098,-0.6400948762893677,0.19585514068603516,-0.048859093338251114,0.4631821811199188,-0.24061845242977142,0.3912651836872101,0.15210525549545018,-0.7286280836494652,-0.031012051422246955,0.612206929839771,1.8619067454111913,0.0,0.021978955249906285,0.16956459832043017,-0.3384135512506452,0.17802104475009373,0.030435401679569853,0.3384135512506452,0.2,0.2,0.0,0.37915558699235763,-0.22286791929209718,True,True,True,False
0,86,0.15210525549545018,-0.7286280836494652,-0.031012051422246955,0.612206929839771,1.8619067454111913,0.0,0.021978955249906285,0.16956459832043017,-0.3384135512506452,-0.6295824646949768,0.5515806674957275,-0.13088077306747437,0.8195198178291321,-0.09126095473766327,0.5206312537193298,0.1377233432393346,-0.7123904071532499,-0.03582235702091321,0.6283230276379854,1.8572030558951191,0.0,0.018145632042302323,0.17214814556181723,-0.33451405199558926,0.1818543679576977,0.027851854438182777,0.33451405199558926,0.2,0.2,0.0,0.3766482430134183,-0.19325068171731602,True,True,True,False
0,87,0.1377233432393346,-0.7123904071532499,-0.03582235702091321,0.6283230276379854,1.8572030558951191,0.0,0.018145632042302323,0.17214814556181723,-0.33451405199558926,-0.7519328594207764,-0.2906170189380646,-0.09697464108467102,0.7951961159706116,-0.01859510876238346,0.3626108169555664,0.12277404740552167,-0.7034099222807279,-0.04224150701503973,0.6442682572857474,1.8539646361129398,0.0,0.015152012088741673,0.17535212500082026,-0.3312254485825271,0.18484798791125834,0.024647874999179753,0.3312254485825271,0.2,0.2,0.0,0.37508432252139917,-0.20190295634050814,True,True,True,False
0,88,0.12277404740552167,-0.7034099222807279,-0.04224150701503973,0.6442682572857474,1.8539646361129398,0.0,0.015152012088741673,0.17535212500082026,-0.3312254485825271,-0.7728091478347778,0.059408579021692276,-0.3354223668575287,0.6674011945724487,0.07487230747938156,0.3797371983528137,0.1035740474058781,-0.7065155590544787,-0.05150937330460208,0.6634682573003433,1.8494832779004329,0.0,0.015152012088741673,0.17535212500082026,-0.3312254485825271,0.18484798791125834,0.024647874999179753,0.3312254485825271,0.2,0.2,0.0,0.37508432252139917,-0.21754216126069958,True,True,True,False
0,89,0.1035740474058781,-0.7065155590544787,-0.05150937330460208,0.6634682573003433,1.8494832779004329,0.0,0.015152012088741673,0.17535212500082026,-0.3312254485825271,-0.6609902381896973,-0.02302132546901703,-0.12399625033140182,0.3964160978794098,-0.48628976941108704,0.17724181711673737,0.1035740474058781,-0.7065155590544787,-0.05150937330460208,0.6634682573003433,1.8494832779004329,0.0,0.015161349383144895,0.1840235753151066,-0.33112766949562156,0.18483865061685512,0.015976424684893412,0.33112766949562156,0.2,0.2,0.0,0.3791306849787736,-0.2600289670631312,True,True,True,False
0,90,0.1035740474058781,-0.7065155590544787,-0.05150937330460208,0.6634682573003433,1.8494832779004329,0.0,0.015161349383144895,0.1840235753151066,-0.33112766949562156,-0.7687691450119019,0.060883112251758575,-0.2766297459602356,0.6995605230331421,-0.28312885761260986,0.4915899634361267,0.1035740474058781,-0.7065155590544787,-0.05150937330460208,0.6634682573003433,1.8494832779004329,0.0,0.01142937766262117,0.19180821210634041,-0.32852919757210386,0.18857062233737884,0.0081917878936596,0.32852919757210386,0.2,0.2,0.0,0.380594869332938,-0.234939278208113,True,True,True,False
0,91,0.1035740474058781,-0.7065155590544787,-0.05150937330460208,0.6634682573003433,1.8494832779004329,0.0,0.01142937766262117,0.19180821210634041,-0.32852919757210386,-0.7313979268074036,-0.2373163253068924,-0.3970473110675812,0.887090802192688,-0.7100865840911865,0.2984330654144287,0.1035740474058781,-0.7065155590544787,-0.05150937330460208,0.6634682573003433,1.8494832779004329,0.0,0.01142937766262117,0.19180821210634041,-0.32852919757210386,0.18857062233737884,0.0081917878936596,0.32852919757210386,0.2,0.2,0.0,0.380594869332938,-0.220297434666469,True,True,True,False
0,92,0.1035740474058781,-0.7065155590544787,-0.05150937330460208,0.6634682573003433,1.8494832779004329,0.0,0.01142937766262117,0.19180821210634041,-0.32852919757210386,-0.8567302823066711,-0.14002926647663116,-0.4106810986995697,0.7920902967453003,-0.530155599117279,0.4812847077846527,0.01163420865465442,-0.6418400887478203,-0.13464554698177109,0.756406685362197,1.818111654500647,0.0,0.009239441640929963,0.1965948544702721,-0.32715412038082003,0.19076055835907005,0.003405145529727904,0.32715412038082003,0.2,0.2,0.0,0.38179146476600506,-0.23286168671367302,True,True,True,False
0,93,0.01163420865465442,-0.6418400887478203,-0.13464554698177109,0.756406685362197,1.818111654500647,0.0,0.009239441640929963,0.1965948544702721,-0.32715412038082003,-0.5492328405380249,-0.4082922339439392,-0.24364840984344482,0.13343513011932373,-0.16465115547180176,0.03386782854795456,-0.00019908704518047714,-0.6430407826049882,-0.1447633644431966,0.7669815799200425,1.8133236264381691,0.0,0.010463155718357986,0.19918116104029934,-0.32820169352655437,0.18953684428164203,0.0008188389597006784,0.32820169352655437,0.2,0.2,0.0,0.3840559388613156,-0.24467271038376334,True,True,True,False
0,94,-0.00019908704518047714,-0.6430407826049882,-0.1447633644431966,0.7669815799200425,1.8133236264381691,0.0,0.010463155718357986,0.19918116104029934,-0.32820169352655437,-0.5059016346931458,0.07994876801967621,0.1229434460401535,0.08854614198207855,-0.16041795909404755,-0.37823641300201416,-0.014920718370557962,-0.6424822105024542,-0.14804083746571253,0.7752143136391687,1.808926541424814,0.0,0.011996226730980497,0.20194787453764865,-0.32944529098721975,0.18800377326901951,-0.0019478745376486483,0.32944529098721975,0.2,0.2,0.0,0.38660193124156644,-0.2487608894232915,True,True,True,False
0,95,-0.014920718370557962,-0.6424822105024542,-0.14804083746571253,0.7752143136391687,1.808926541424814,0.0,0.011996226730980497,0.20194787453764865,-0.32944529098721975,-0.5030576586723328,-0.17994841933250427,0.03758951276540756,0.33711737394332886,0.22457705438137054,-0.19693735241889954,-0.027147320873104182,-0.6347226357484094,-0.14351162338605866,0.7835000989902244,1.8062498551001036,0.0,0.00900075780303461,0.20511848224779747,-0.3247567581177988,0.1909992421969654,-0.005118482247797462,0.3247567581177988,0.2,0.2,0.0,0.3842155089840224,-0.1982435319165708,True,True,True,False
0,96,-0.027147320873104182,-0.6347226357484094,-0.14351162338605866,0.7835000989902244,1.8062498551001036,0.0,0.00900075780303461,0.20511848224779747,-0.3247567581177988,-0.509203314781189,0.007986703887581825,-0.33998754620552063,0.7077970504760742,0.1524198055267334,-0.2312926948070526,-0.04026210786702013,-0.6337927605719785,-0.1431021750062887,0.7970210243253892,1.80741299550486,0.0,0.00900075780303461,0.20511848224779747,-0.3247567581177988,0.1909992421969654,-0.005118482247797462,0.3247567581177988,0.2,0.2,0.0,0.3842155089840224,-0.2221077544920112,True,True,True,False
0,97,-0.04026210786702013,-0.6337927605719785,-0.1431021750062887,0.7970210243253892,1.80741299550486,0.0,0.00900075780303461,0.20511848224779747,-0.3247567581177988,-0.548535943031311,-0.32328853011131287,0.22358235716819763,0.6404943466186523,-0.13321563601493835,-0.40324485301971436,-0.04026210786702013,-0.6337927605719785,-0.1431021750062887,0.7970210243253892,1.80741299550486,0.0,0.008741028898071074,0.21257850123378114,-0.322574354381049,0.19125897110192894,-0.012578501233781129,0.322574354381049,0.2,0.2,0.0,0.3864197702982447,-0.24525249829134535,True,True,True,False
0,98,-0.04026210786702013,-0.6337927605719785,-0.1431021750062887,0.7970210243253892,1.80741299550486,0.0,0.008741028898071074,0.21257850123378114,-0.322574354381049,-0.47151991724967957,-0.05971985310316086,0.1271420419216156,0.44159790873527527,-0.19322919845581055,-0.263876736164093,-0.08567076526788024,-0.6065908115926472,-0.18594361363190998,0.8467149914803213,1.8069036750571033,0.0,0.008501414927655104,0.21668073602569957,-0.3220652073102297,0.1914985850723449,-0.016680736025699555,0.3220652073102297,0.2,0.2,0.0,0.3882638448016919,-0.24257266743531797,True,True,True,False
0,99,-0.08567076526788024,-0.6065908115926472,-0.18594361363190998,0.8467149914803213,1.8069036750571033,0.0,0.008501414927655104,0.21668073602569957,-0.3220652073102297,-0.19418801367282867,-0.4341721832752228,0.4901072680950165,0.25926733016967773,-0.03591855615377426,-0.2993505597114563,-0.09325964196011452,-0.6075969153197397,-0.1754175212865344,0.8572049932750269,1.8036041828600304,0.0,0.007621880010792725,0.21867478494110945,-0.31787482440390924,0.19237811998920729,-0.01867478494110944,0.31787482440390924,0.2,0.2,0.0,0.3859030430221502,-0.19934350371565834,True,True,True,False
0,100,-0.09325964196011452,-0.6075969153197397,-0.1754175212865344,0.8572049932750269,1.8036041828600304,0.0,0.007621880010792725,0.21867478494110945,-0.31787482440390924,-0.12646086513996124,-0.6221401691436768,-0.2567332684993744,-0.01581471413373947,-0.09668184816837311,-0.40085160732269287,-0.09325964196011452,-0.6075969153197397,-0.1754175212865344,0.8572049932750269,1.8036041828600304,0.0,0.094082784149055,0.2197879935327956,-0.3633023505216296,0.10591721585094502,-0.019787993532795575,0.3633023505216296,0.2,0.2,0.0,0.43491025541938066,-0.7375272516819947,True,True,True,False
0,101,-0.09325964196011452,-0.6075969153197397,-0.1754175212865344,0.8572049932750269,1.8036041828600304,0.0,0.094082784149055,0.2197879935327956,-0.3633023505216296,0.5875474214553833,0.09510843455791473,0.12709154188632965,-0.6727910041809082,0.39641496539115906,-0.4288007616996765,-0.17106395965791008,-0.9618015986166499,-0.20134363057369384,0.9677451374375938,1.7428079375436494,0.0,0.094082784149055,0.2197879935327956,-0.3633023505216296,0.10591721585094502,-0.019787993532795575,0.3633023505216296,0.2,0.2,0.0,0.43491025541938066,-0.24745512770969033,True,True,True,False
0,102,-0.17106395965791008,-0.9618015986166499,-0.20134363057369384,0.9677451374375938,1.7428079375436494,0.0,0.094082784149055,0.2197879935327956,-0.3633023505216296,0.7584431767463684,-0.0010662913555279374,-0.5436452031135559,-0.9899242520332336,0.6699735522270203,-0.039848823100328445,-0.15961479361902356,-0.9488896219184485,-0.2034244687217172,0.9555609103438785,1.747386507118923,0.0,0.09752894080962145,0.21894994719291733,-0.36641746337661996,0.10247105919037856,-0.018949947192917323,0.36641746337661996,0.2,0.2,0.0,0.4378501240591175,-0.2783237484269271,True,True,True,False
0,103,-0.15961479361902356,-0.9488896219184485,-0.2034244687217172,0.9555609103438785,1.747386507118923,0.0,0.09752894080962145,0.21894994719291733,-0.36641746337661996,0.7291070222854614,-0.1463928073644638,0.02244837023317814,-0.5604369044303894,0.5633454918861389,-0.29869332909584045,-0.1415516115785572,-0.9335257907152407,-0.21705822585711576,0.9384708117189274,1.7574264802548274,0.0,0.09544870348931805,0.21726143001960174,-0.36912909741578437,0.10455129651068196,-0.017261430019601735,0.36912909741578437,0.2,0.2,0.0,0.43882715792319155,-0.2591839176023363,True,True,True,False
0,104,-0.1415516115785572,-0.9335257907152407,-0.21705822585711576,0.9384708117189274,1.7574264802548274,0.0,0.09544870348931805,0.21726143001960174,-0.36912909741578437,0.7038959264755249,-0.06637478619813919,0.07949371635913849,-0.8922397494316101,0.7430456280708313,-0.3419741094112396,-0.12487565461749484,-0.9227129303019967,-0.21282265740816933,0.9232142491628245,1.7658363631247702,0.0,0.0926548231930956,0.2155181999215554,-0.36979075239732917,0.1073451768069044,-0.01551819992155539,0.36979075239732917,0.2,0.2,0.0,0.4379248923239625,-0.23993979016969055,True,True,True,False
0,105,-0.12487565461749484,-0.9227129303019967,-0.21282265740816933,0.9232142491628245,1.7658363631247702,0.0,0.0926548231930956,0.2155181999215554,-0.36979075239732917,0.8426976203918457,-0.02531880885362625,-0.0031551204156130552,-0.9634389281272888,0.6852554082870483,-0.0905052050948143,-0.1107624410775878,-0.9062534490592488,-0.20861822845889244,0.9089022104149348,1.7744987481714571,0.0,0.08657128749199773,0.21411367625574576,-0.368427000702483,0.11342871250800228,-0.014113676255745757,0.368427000702483,0.2,0.2,0.0,0.4348306670698375,-0.2164730809936687,True,True,True,False
0,106,-0.1107624410775878,-0.9062534490592488,-0.20861822845889244,0.9089022104149348,1.7744987481714571,0.0,0.08657128749199773,0.21411367625574576,-0.368427000702483,0.5796762108802795,-0.14057619869709015,-0.5664794445037842,-0.4941994845867157,0.6113113164901733,-0.4467908442020416,-0.09536093757170415,-0.8949621828807702,-0.21838745756038247,0.8951780820380222,1.7825198587477629,0.0,0.08387968773926537,0.2125024095966526,-0.368947123704512,0.11612031226073465,-0.01250240959665259,0.368947123704512,0.2,0.2,0.0,0.43395282714766664,-0.238198014352125,True,True,True,False
0,107,-0.09536093757170415,-0.8949621828807702,-0.21838745756038247,0.8951780820380222,1.7825198587477629,0.0,0.08387968773926537,0.2125024095966526,-0.368947123704512,0.45541781187057495,-0.08438822627067566,-0.47005361318588257,-0.909024715423584,0.5801726579666138,-0.5715553760528564,-0.0842334601533872,-0.8864891103825067,-0.23254342435705694,0.8845489689517038,1.7891561323107135,0.0,0.08457039607188759,0.21054422299840295,-0.37273565345700765,0.11542960392811243,-0.010544222998402934,0.37273565345700765,0.2,0.2,0.0,0.4363632535947312,-0.27228589126801134,True,True,True,False
0,108,-0.0842334601533872,-0.8864891103825067,-0.23254342435705694,0.8845489689517038,1.7891561323107135,0.0,0.08457039607188759,0.21054422299840295,-0.37273565345700765,0.7820419669151306,0.21319587528705597,0.08806455880403519,-0.681034505367279,0.7274106740951538,-0.11243820190429688,-0.0842334601533872,-0.8864891103825067,-0.23254342435705694,0.8845489689517038,1.7891561323107135,0.0,0.08451805796287988,0.20868449219493285,-0.37742568732354354,0.11548194203712013,-0.008684492194932825,0.37742568732354354,0.2,0.2,0.0,0.4394799982435184,-0.2809074456096312,True,True,True,False
0,109,-0.0842334601533872,-0.8864891103825067,-0.23254342435705694,0.8845489689517038,1.7891561323107135,0.0,0.08451805796287988,0.20868449219493285,-0.37742568732354354,0.7527610659599304,0.29059556126594543,0.10913033783435822,-0.896614670753479,0.6954574584960938,-0.26431554555892944,0.027787681716645266,-0.679448268400608,-0.207876912483275,0.7747766983332112,1.858499960151538,0.0,0.0336119447991535,0.19651031025576218,-0.35298076516916055,0.1663880552008465,0.003489689744237823,0.35298076516916055,0.2,0.2,0.0,0.40539053448422213,0.10819937035085173,True,True,True,False
0,110,0.027787681716645266,-0.679448268400608,-0.207876912483275,0.7747766983332112,1.858499960151538,0.0,0.0336119447991535,0.19651031025576218,-0.35298076516916055,-0.23361533880233765,-0.2801591455936432,0.33796676993370056,-0.16700699925422668,0.18297305703163147,-0.2047557532787323,0.027787681716645266,-0.679448268400608,-0.207876912483275,0.7747766983332112,1.858499960151538,0.0,0.01662830328989795,0.20703843672339742,-0.324320231690591,0.18337169671010206,-0.007038436723397407,0.324320231690591,0.2,0.2,0.0,0.38512988385089997,-0.019958435592228346,True,True,True,False
0,111,0.027787681716645266,-0.679448268400608,-0.207876912483275,0.7747766983332112,1.858499960151538,0.0,0.01662830328989795,0.20703843672339742,-0.324320231690591,-0.41206422448158264,-0.13600881397724152,-0.10232309252023697,0.3088277578353882,0.24526141583919525,-0.12398599088191986,-0.038451612205906045,-0.6937568350809756,-0.09157031092196707,0.7829952423639555,1.8548768682598047,0.0,0.01662830328989795,0.20703843672339742,-0.324320231690591,0.18337169671010206,-0.007038436723397407,0.324320231690591,0.2,0.2,0.0,0.38512988385089997,-0.22256494192544998,True,True,True,False
0,112,-0.038451612205906045,-0.6937568350809756,-0.09157031092196707,0.7829952423639555,1.8548768682598047,0.0,0.01662830328989795,0.20703843672339742,-0.324320231690591,-0.7121133804321289,-0.49056005477905273,-0.5738972425460815,0.6728931069374084,-0.19799867272377014,-0.3626898229122162,-0.04913853035536899,-0.6954015621637836,-0.07874254874347023,0.7874912164134409,1.8542513469262027,0.0,0.019882701926640517,0.21215703395224458,-0.3249716877554183,0.1801172980733595,-0.012157033952244566,0.3249716877554183,0.2,0.2,0.0,0.38860330252575387,-0.25903583801141594,True,True,True,False
0,113,-0.04913853035536899,-0.6954015621637836,-0.07874254874347023,0.7874912164134409,1.8542513469262027,0.0,0.019882701926640517,0.21215703395224458,-0.3249716877554183,-0.2890941798686981,-0.3847641348838806,-0.6313793063163757,0.7936475276947021,-0.5036685466766357,-0.3617953956127167,-0.10893620842812927,-0.7233958335267286,-0.1222359393423604,0.8300274194824863,1.8381464793638138,0.0,0.028000194013597213,0.21961667838438648,-0.3313617557012737,0.1719998059864028,-0.019616678384386466,0.3313617557012737,0.2,0.2,0.0,0.3985173891197481,-0.32839956049981633,True,True,True,False
0,114,-0.10893620842812927,-0.7233958335267286,-0.1222359393423604,0.8300274194824863,1.8381464793638138,0.0,0.028000194013597213,0.21961667838438648,-0.3313617557012737,-0.05541110411286354,0.07704341411590576,-0.026367228478193283,0.4906998574733734,0.044750288128852844,-0.2116742730140686,-0.1121136491627663,-0.7228803872318389,-0.13425622068897658,0.8434999987892914,1.8331468946756255,0.0,0.029399451369761936,0.22005619820529662,-0.3323729503851717,0.17060054863023807,-0.02005619820529661,0.3323729503851717,0.2,0.2,0.0,0.3997009335204955,-0.24168591076772192,True,True,True,False
0,115,-0.1121136491627663,-0.7228803872318389,-0.13425622068897658,0.8434999987892914,1.8331468946756255,0.0,0.029399451369761936,0.22005619820529662,-0.3323729503851717,0.004950847942382097,-0.4409107565879822,-0.5140267014503479,0.2211357206106186,-0.03326715528964996,0.05441271886229515,-0.11260539638891072,-0.7177621887540743,-0.14065768460875439,0.8536345436066524,1.8313646195284263,0.0,0.029399451369761936,0.22005619820529662,-0.3323729503851717,0.17060054863023807,-0.02005619820529661,0.3323729503851717,0.2,0.2,0.0,0.3997009335204955,-0.22985046676024776,True,True,True,False
0,116,-0.11260539638891072,-0.7177621887540743,-0.14065768460875439,0.8536345436066524,1.8313646195284263,0.0,0.029399451369761936,0.22005619820529662,-0.3323729503851717,0.20198886096477509,-0.1425820291042328,-0.03735540807247162,0.2692264914512634,-0.4225398600101471,-0.3449413478374481,-0.110174562191185,-0.7202020346303412,-0.1508864939532554,0.862693058739905,1.8257587456894124,0.0,0.030023314055376615,0.22006587102072905,-0.33285468729886913,0.1699766859446234,-0.02006587102072905,0.33285468729886913,0.2,0.2,0.0,0.4001532579297686,-0.23459987305761493,True,True,True,False
0,117,-0.110174562191185,-0.7202020346303412,-0.1508864939532554,0.862693058739905,1.8257587456894124,0.0,0.030023314055376615,0.22006587102072905,-0.33285468729886913,0.01921255700290203,-0.3419520854949951,-0.13444407284259796,0.49181920289993286,0.07119762152433395,-0.2797349989414215,-0.10673930501636328,-0.7183316850612687,-0.15333929161898796,0.8726448567532135,1.8196219301159386,0.0,0.030505797942740887,0.21932000715868855,-0.33283895841824773,0.16949420205725912,-0.019320007158688535,0.33283895841824773,0.2,0.2,0.0,0.3997669839908676,-0.22602075260642374,True,True,True,False
0,118,-0.10673930501636328,-0.7183316850612687,-0.15333929161898796,0.8726448567532135,1.8196219301159386,0.0,0.030505797942740887,0.21932000715868855,-0.33283895841824773,0.32019996643066406,-0.02238515019416809,-0.2965785562992096,0.09472495317459106,0.19309590756893158,-0.2797643840312958,-0.10475091952043084,-0.7184344813215019,-0.15972115225601743,0.8815400992421812,1.8190594283927581,0.0,0.0315007873390718,0.2188166209762442,-0.3325204188564227,0.1684992126609282,-0.018816620976244192,0.3325204188564227,0.2,0.2,0.0,0.3993029453621567,-0.22501108639396974,True,True,True,False
0,119,-0.10475091952043084,-0.7184344813215019,-0.15972115225601743,0.8815400992421812,1.8190594283927581,0.0,0.0315007873390718,0.2188166209762442,-0.3325204188564227,0.004689122550189495,-0.5137220621109009,-0.393027663230896,-0.10999295860528946,0.20961813628673553,-0.2881871163845062,-0.10079007438214546,-0.7188280315815773,-0.1751891394254469,0.8842266373846757,1.8196273310707691,0.0,0.031427826826723876,0.2177874021444965,-0.3336091224732498,0.16857217317327614,-0.01778740214449647,0.3336091224732498,0.2,0.2,0.0,0.3996424745059901,-0.233216528691329,True,True,True,False
0,120,-0.10079007438214546,-0.7188280315815773,-0.1751891394254469,0.8842266373846757,1.8196273310707691,0.0,0.031427826826723876,0.2177874021444965,-0.3336091224732498,0.11108777672052383,-0.3194732367992401,0.015231574885547161,0.14193758368492126,-0.14672064781188965,-0.08966787904500961,-0.10079007438214546,-0.7188280315815773,-0.1751891394254469,0.8842266373846757,1.8196273310707691,0.0,0.03775461606210198,0.21571905080449633,-0.3372954606207468,0.16224538393789803,-0.0157190508044963,0.3372954606207468,0.2,0.2,0.0,0.40215463154034586,-0.2561988861137305,True,True,True,False
0,121,-0.10079007438214546,-0.7188280315815773,-0.1751891394254469,0.8842266373846757,1.8196273310707691,0.0,0.03775461606210198,0.21571905080449633,-0.3372954606207468,0.26943862438201904,-0.16729918122291565,0.15942911803722382,-0.5225438475608826,0.16689953207969666,-0.09527679532766342,-0.10079007438214546,-0.7188280315815773,-0.1751891394254469,0.8842266373846757,1.8196273310707691,0.0,0.03775461606210198,0.21571905080449633,-0.3372954606207468,0.16224538393789803,-0.0157190508044963,0.3372954606207468,0.2,0.2,0.0,0.40215463154034586,-0.23107731577017293,True,True,True,False
0,122,-0.10079007438214546,-0.7188280315815773,-0.1751891394254469,0.8842266373846757,1.8196273310707691,0.0,0.03775461606210198,0.21571905080449633,-0.3372954606207468,0.07199372351169586,-0.48595330119132996,-0.18669475615024567,0.0562114380300045,0.19119471311569214,-0.11288238316774368,-0.10079007438214546,-0.7188280315815773,-0.1751891394254469,0.8842266373846757,1.8196273310707691,0.0,0.02590548277727145,0.20908429876384058,-0.32800263249381356,0.17409451722272856,-0.00908429876384056,0.32800263249381356,0.2,0.2,0.0,0.3898372287896093,-0.10174458688743904,True,True,True,False
0,123,-0.10079007438214546,-0.7188280315815773,-0.1751891394254469,0.8842266373846757,1.8196273310707691,0.0,0.02590548277727145,0.20908429876384058,-0.32800263249381356,-0.15549497306346893,-0.006866138428449631,0.25917744636535645,0.44728535413742065,0.16525773704051971,-0.33662813901901245,-0.041731064200555605,-0.7201214025617282,-0.11587374273338392,0.8364244453353306,1.8034857341923836,0.0,0.022913537445412024,0.20749627356245148,-0.3258455856282504,0.177086462554588,-0.007496273562451458,0.3258455856282504,0.2,0.2,0.0,0.3869820143288102,-0.19493886255641393,True,True,True,False
0,124,-0.041731064200555605,-0.7201214025617282,-0.11587374273338392,0.8364244453353306,1.8034857341923836,0.0,0.022913537445412024,0.20749627356245148,-0.3258455856282504,-0.34261971712112427,-0.1353912055492401,0.21892987191677094,0.4985699951648712,0.049838047474622726,-0.16478201746940613,-0.04512975153932953,-0.716869485044294,-0.11095941318491076,0.8433037987949729,1.8033158868656705,0.0,0.0252977284202425,0.20747039008694548,-0.32802855287625843,0.1747022715797575,-0.00747039008694546,0.32802855287625843,0.2,0.2,0.0,0.38895587066934206,-0.2442164987399898,True,True,True,False
0,125,-0.04512975153932953,-0.716869485044294,-0.11095941318491076,0.8433037987949729,1.8033158868656705,0.0,0.0252977284202425,0.20747039008694548,-0.32802855287625843,-0.26868560910224915,-0.319100946187973,-0.06259296089410782,0.6080490350723267,-0.018540719524025917,0.03794361650943756,-0.05551687085705299,-0.7137037660107358,-0.1031677123131292,0.8604249224435566,1.8017500584046993,0.0,0.02327095078423408,0.20907924549015597,-0.32333556833588806,0.17672904921576593,-0.009079245490155968,0.32333556833588806,0.2,0.2,0.0,0.3857480496337303,-0.1907958144607478,True,True,True,False
0,126,-0.05551687085705299,-0.7137037660107358,-0.1031677123131292,0.8604249224435566,1.8017500584046993,0.0,0.02327095078423408,0.20907924549015597,-0.32333556833588806,-0.20610688626766205,-0.3977523148059845,-0.5641236901283264,-0.04592937231063843,-0.08347758650779724,-0.44993463158607483,-0.06086096417930981,-0.7169452517482947,-0.11168576018517272,0.8696671357300197,1.7999303130437063,0.0,0.023621967793078763,0.21081585065357178,-0.3212577012618987,0.17637803220692125,-0.010815850653571765,0.3212577012618987,0.2,0.2,0.0,0.38497770178191576,-0.2147853723728122,True,True,True,False
0,127,-0.06086096417930981,-0.7169452517482947,-0.11168576018517272,0.8696671357300197,1.7999303130437063,0.0,0.023621967793078763,0.21081585065357178,-0.3212577012618987,-0.1858348548412323,0.06381969153881073,0.13001318275928497,0.3400793969631195,0.15527084469795227,-0.05904484912753105,-0.06745995271610054,-0.7198714535672658,-0.12469244489384354,0.8740118176101019,1.7973133284877763,0.0,0.0277408772955256,0.21181873129902018,-0.32711687451794214,0.1722591227044744,-0.011818731299020179,0.32711687451794214,0.2,0.2,0.0,0.3906944852396038,-0.28251507719668245,True,True,True,False
0,128,-0.06745995271610054,-0.7198714535672658,-0.12469244489384354,0.8740118176101019,1.7973133284877763,0.0,0.0277408772955256,0.21181873129902018,-0.32711687451794214,0.08631747961044312,-0.180344820022583,0.2836745083332062,0.05025152862071991,-0.19078205525875092,-0.20281797647476196,-0.06999260870468381,-0.7126335462091566,-0.11864464349724965,0.8807680607293958,1.7965466228301472,0.0,0.024976922085454323,0.21273300553220986,-0.3229960050384799,0.1750230779145457,-0.01273300553220985,0.3229960050384799,0.2,0.2,0.0,0.3875636690280035,-0.19247367239799845,True,True,True,False
0,129,-0.06999260870468381,-0.7126335462091566,-0.11864464349724965,0.8807680607293958,1.7965466228301472,0.0,0.024976922085454323,0.21273300553220986,-0.3229960050384799,-0.2702861428260803,-0.24366667866706848,-0.43432754278182983,-0.011082165874540806,-0.010222806595265865,-0.4035441279411316,-0.07062639762649636,-0.7105601639561364,-0.11199196892481084,0.8849382172837607,1.7920865128529386,0.0,0.023134436268179404,0.21274637051868095,-0.3192522414946818,0.1768655637318206,-0.012746370518680935,0.3192522414946818,0.2,0.2,0.0,0.38434127284185465,-0.18994667455943898,True,True,True,False
0,130,-0.07062639762649636,-0.7105601639561364,-0.11199196892481084,0.8849382172837607,1.7920865128529386,0.0,0.023134436268179404,0.21274637051868095,-0.3192522414946818,-0.03268570080399513,-0.36956724524497986,-0.03386610001325607,0.05179391801357269,-0.0051198676228523254,-0.3177013695240021,-0.07062639762649636,-0.7105601639561364,-0.11199196892481084,0.8849382172837607,1.7920865128529386,0.0,0.027518016370446374,0.21388759599702417,-0.3239822430994381,0.17248198362955364,-0.01388759599702415,0.3239822430994381,0.2,0.2,0.0,0.3891910055359628,-0.27309282970906296,True,True,True,False
0,131,-0.07062639762649636,-0.7105601639561364,-0.11199196892481084,0.8849382172837607,1.7920865128529386,0.0,0.027518016370446374,0.21388759599702417,-0.3239822430994381,0.07541900873184204,-0.11613646149635315,-0.32063165307044983,0.23215632140636444,-0.21741549670696259,-0.08456777781248093,-0.0747870482155028,-0.7119615851541251,-0.12201670681572041,0.8871147447386792,1.790786022799583,0.0,0.027518016370446374,0.21388759599702417,-0.3239822430994381,0.17248198362955364,-0.01388759599702415,0.3239822430994381,0.2,0.2,0.0,0.3891910055359628,-0.2245955027679814,True,True,True,False
0,132,-0.0747870482155028,-0.7119615851541251,-0.12201670681572041,0.8871147447386792,1.790786022799583,0.0,0.027518016370446374,0.21388759599702417,-0.3239822430994381,-0.1324794441461563,-0.3436855673789978,-0.4116784334182739,0.05536717548966408,-0.02602788433432579,-0.2716819941997528,-0.08013047195912248,-0.7284136829643285,-0.13670343025673481,0.9017104734280101,1.7842279825660325,0.0,0.029758393365575314,0.21410678933873592,-0.32556264229513787,0.1702416066344247,-0.014106789338735905,0.32556264229513787,0.2,0.2,0.0,0.39079190533432756,-0.2414049506508113,True,True,True,False
0,133,-0.08013047195912248,-0.7284136829643285,-0.13670343025673481,0.9017104734280101,1.7842279825660325,0.0,0.029758393365575314,0.21410678933873592,-0.32556264229513787,-0.0736851617693901,-0.3401983082294464,0.3523484766483307,0.7806993722915649,0.2630845904350281,-0.18550445139408112,-0.08098488590677709,-0.7293165487969364,-0.14122158993555442,0.9025255585310886,1.7838227386978007,0.0,0.0322222364473031,0.2143959440824412,-0.3291404651054528,0.1677777635526969,-0.01439594408244119,0.3291404651054528,0.2,0.2,0.0,0.39412858197611217,-0.26043105740590217,True,True,True,False
0,134,-0.08098488590677709,-0.7293165487969364,-0.14122158993555442,0.9025255585310886,1.7838227386978007,0.0,0.0322222364473031,0.2143959440824412,-0.3291404651054528,-0.0181921124458313,0.0039055149536579847,-0.10295543819665909,0.2532634139060974,0.07110190391540527,-0.12432727217674255,-0.08098488590677709,-0.7293165487969364,-0.14122158993555442,0.9025255585310886,1.7838227386978007,0.0,0.023045378136102995,0.21865222131953294,-0.2775033622714274,0.17695462186389702,-0.01865222131953293,0.2775033622714274,0.2,0.2,0.0,0.35404519402662293,0.1938112824815809,True,True,True,False
0,135,-0.08098488590677709,-0.7293165487969364,-0.14122158993555442,0.9025255585310886,1.7838227386978007,0.0,0.023045378136102995,0.21865222131953294,-0.2775033622714274,-0.0595003217458725,-0.4645507335662842,-0.02862158790230751,0.5477859973907471,-0.226634219288826,-0.40691956877708435,-0.10292131496912663,-0.7631340471182606,0.055871790754223154,1.0308291521597428,1.8028077350279939,0.0,0.02341009906548247,0.21903142868236455,-0.2733845138105101,0.17658990093451754,-0.01903142868236455,0.2733845138105101,0.2,0.2,0.0,0.35108672985503514,-0.17595872321163963,True,True,True,False
0,136,-0.10292131496912663,-0.7631340471182606,0.055871790754223154,1.0308291521597428,1.8028077350279939,0.0,0.02341009906548247,0.21903142868236455,-0.2733845138105101,-0.49115726351737976,-0.5262611508369446,-0.6902275085449219,0.7129544019699097,-0.21204443275928497,-0.3966880738735199,-0.10609639816844509,-0.7685606161836023,0.04569218546795868,1.0388986430887077,1.7997384296994516,0.0,0.02341009906548247,0.21903142868236455,-0.2733845138105101,0.17658990093451754,-0.01903142868236455,0.2733845138105101,0.2,0.2,0.0,0.35108672985503514,-0.20554336492751757,True,True,True,False
0,137,-0.10609639816844509,-0.7685606161836023,0.04569218546795868,1.0388986430887077,1.7997384296994516,0.0,0.02341009906548247,0.21903142868236455,-0.2733845138105101,-0.5896661281585693,-0.4787251353263855,-0.5890476703643799,0.7082233428955078,-0.35104912519454956,-0.324718713760376,-0.11525096548223428,-0.7759468430523682,0.028821365070946472,1.0506056750039612,1.7956138024653074,0.0,0.026360262287994957,0.21981610659637651,-0.2770540379697354,0.17363973771200505,-0.019816106596376504,0.2770540379697354,0.2,0.2,0.0,0.3546447858102767,-0.24290295245755392,True,True,True,False
0,138,-0.11525096548223428,-0.7759468430523682,0.028821365070946472,1.0506056750039612,1.7956138024653074,0.0,0.026360262287994957,0.21981610659637651,-0.2770540379697354,-0.06980806589126587,-0.40679189562797546,-0.09733066707849503,-0.050123732537031174,-0.042719077318906784,-0.5188647508621216,-0.12288003686192485,-0.7826405710551777,0.015265650897764655,1.057193122262345,1.7910392257333747,0.0,0.03050625258662079,0.22188473102492431,-0.28198574971546647,0.16949374741337922,-0.021884731024924296,0.28198574971546647,0.2,0.2,0.0,0.3601103002574009,-0.2647102945999422,True,True,True,False
0,139,-0.12288003686192485,-0.7826405710551777,0.015265650897764655,1.057193122262345,1.7910392257333747,0.0,0.03050625258662079,0.22188473102492431,-0.28198574971546647,-0.11133581399917603,-0.5385614633560181,-0.1881342977285385,0.6746267676353455,-0.03482688218355179,-0.47059711813926697,-0.12424728239875645,-0.7888458132575469,0.005030993493477937,1.0551263615940212,1.7885580305194795,0.0,0.03224454979096811,0.22189927728651113,-0.28574642387432325,0.1677554502090319,-0.021899277286511108,0.28574642387432325,0.2,0.2,0.0,0.36322172155373994,-0.24272507374026064,True,True,True,False
0,140,-0.12424728239875645,-0.7888458132575469,0.005030993493477937,1.0551263615940212,1.7885580305194795,0.0,0.03224454979096811,0.22189927728651113,-0.28574642387432325,-0.09675305336713791,-0.4432605504989624,-0.645501971244812,0.3020874261856079,-0.27052879333496094,-0.5485489368438721,-0.12424728239875645,-0.7888458132575469,0.005030993493477937,1.0551263615940212,1.7885580305194795,0.0,0.04375702479529944,0.22169449717144699,-0.3011114165124782,0.15624297520470057,-0.021694497171446964,0.3011114165124782,0.2,0.2,0.0,0.37647206064884586,-0.3507394212754822,True,True,True,False
0,141,-0.12424728239875645,-0.7888458132575469,0.005030993493477937,1.0551263615940212,1.7885580305194795,0.0,0.04375702479529944,0.22169449717144699,-0.3011114165124782,-0.24339662492275238,-0.4185563623905182,-0.7626920938491821,0.007789156399667263,0.1830417364835739,-0.6257271766662598,-0.12884875156410805,-0.8076000759497164,-0.035089397985682294,1.0744689960651304,1.7771091992358101,0.0,0.04375702479529944,0.22169449717144699,-0.3011114165124782,0.15624297520470057,-0.021694497171446964,0.3011114165124782,0.2,0.2,0.0,0.37647206064884586,-0.21823603032442293,True,True,True,False
0,142,-0.12884875156410805,-0.8076000759497164,-0.035089397985682294,1.0744689960651304,1.7771091992358101,0.0,0.04375702479529944,0.22169449717144699,-0.3011114165124782,-0.16652730107307434,-0.7063824534416199,-0.13385100662708282,-0.01966805011034012,0.5014297366142273,-0.4179345965385437,-0.1348968109513985,-0.8278695871471073,-0.07817330366797362,1.085999913980644,1.7656617191212725,0.0,0.048017958409652756,0.22160269498326074,-0.3066814081100525,0.15198204159034726,-0.021602694983260742,0.3066814081100525,0.2,0.2,0.0,0.3814013172945786,-0.26999322510461665,True,True,True,False
0,143,-0.1348968109513985,-0.8278695871471073,-0.07817330366797362,1.085999913980644,1.7656617191212725,0.0,0.048017958409652756,0.22160269498326074,-0.3066814081100525,0.4556014835834503,-0.3169061243534088,-0.19034811854362488,-0.30144113302230835,0.4707581400871277,-0.6049218773841858,-0.13389485203714543,-0.8363266727336844,-0.08483479451563329,1.082204941737443,1.7703155631450118,0.0,0.0518604207137332,0.22158149514585987,-0.31147195865780153,0.1481395792862668,-0.02158149514585987,0.31147195865780153,0.2,0.2,0.0,0.38574945658783155,-0.26635612122644525,True,True,True,False
0,144,-0.13389485203714543,-0.8363266727336844,-0.08483479451563329,1.082204941737443,1.7703155631450118,0.0,0.0518604207137332,0.22158149514585987,-0.31147195865780153,0.02251753956079483,-0.37918323278427124,-0.08539231866598129,-0.3020078241825104,0.3316492438316345,-0.6590052843093872,-0.12759026002986057,-0.8368935047536796,-0.09164749914798541,1.0749793935795813,1.7741766502749057,0.0,0.05244357231779839,0.22007260008854507,-0.3142630231694147,0.14755642768220162,-0.020072600088545063,0.3142630231694147,0.2,0.2,0.0,0.38722541925700704,-0.23837233632025842,True,True,True,False
0,145,-0.12759026002986057,-0.8368935047536796,-0.09164749914798541,1.0749793935795813,1.7741766502749057,0.0,0.05244357231779839,0.22007260008854507,-0.3142630231694147,0.49307915568351746,-0.5072717070579529,0.27990344166755676,0.24144883453845978,0.23394499719142914,-0.5090351104736328,-0.12380913360657411,-0.8409911946670606,-0.09371570502186566,1.0673268504676354,1.7779485491621045,0.0,0.05346604081165876,0.2195998865844544,-0.31696834234238136,0.14653395918834125,-0.01959988658445437,0.31696834234238136,0.2,0.2,0.0,0.3892963623709529,-0.2453576123249349,True,True,True,False
0,146,-0.12380913360657411,-0.8409911946670606,-0.09371570502186566,1.0673268504676354,1.7779485491621045,0.0,0.05346604081165876,0.2195998865844544,-0.31696834234238136,-0.23762290179729462,-0.3443679213523865,-0.09008972346782684,-0.451915442943573,0.20874667167663574,-0.42637819051742554,-0.11773019635737646,-0.8458659636388044,-0.08770922832215439,1.066621102957445,1.7796277976839352,0.0,0.05374810787897624,0.21829485701928858,-0.3162469470289303,0.14625189212102377,-0.018294857019288575,0.3162469470289303,0.2,0.2,0.0,0.3880124163048919,-0.21116674749183625,True,True,True,False
0,147,-0.11773019635737646,-0.8458659636388044,-0.08770922832215439,1.066621102957445,1.7796277976839352,0.0,0.05374810787897624,0.21829485701928858,-0.3162469470289303,0.14610037207603455,-0.46378087997436523,0.23050840198993683,0.29765620827674866,0.603969156742096,-0.1874663382768631,-0.1187431854946615,-0.8489696733984318,-0.08632992520398235,1.0622688538768694,1.783909369249095,0.0,0.05374810787897624,0.21829485701928858,-0.3162469470289303,0.14625189212102377,-0.018294857019288575,0.3162469470289303,0.2,0.2,0.0,0.3880124163048919,-0.22400620815244596,True,True,True,False
0,148,-0.1187431854946615,-0.8489696733984318,-0.08632992520398235,1.0622688538768694,1.783909369249095,0.0,0.05374810787897624,0.21829485701928858,-0.3162469470289303,0.18730750679969788,-0.4109693467617035,0.20188434422016144,0.17122460901737213,0.47854986786842346,-0.33486440777778625,-0.1187431854946615,-0.8489696733984318,-0.08632992520398235,1.0622688538768694,1.783909369249095,0.0,0.05577201119615513,0.21400770344023384,-0.30468597199849556,0.14422798880384488,-0.014007703440233835,0.30468597199849556,0.2,0.2,0.0,0.37648818825734115,-0.10300181365316291,True,True,True,False
0,149,-0.1187431854946615,-0.8489696733984318,-0.08632992520398235,1.0622688538768694,1.783909369249095,0.0,0.05577201119615513,0.21400770344023384,-0.30468597199849556,0.2446078062057495,-0.33012574911117554,0.3102256953716278,0.5326293110847473,0.4689544439315796,-0.5000616312026978,-0.1187431854946615,-0.8489696733984318,-0.08632992520398235,1.0622688538768694,1.783909369249095,0.0,0.05577201119615513,0.21400770344023384,-0.30468597199849556,0.14422798880384488,-0.014007703440233835,0.30468597199849556,0.2,0.2,0.0,0.37648818825734115,-0.21824409412867057,True,True,True,False
0,150,-0.1187431854946615,-0.8489696733984318,-0.08632992520398235,1.0622688538768694,1.783909369249095,0.0,0.05577201119615513,0.21400770344023384,-0.30468597199849556,0.3871830105781555,-0.3696065843105316,0.009400310926139355,-0.5028073191642761,0.19438956677913666,-0.379417359828949,-0.1187431854946615,-0.8489696733984318,-0.08632992520398235,1.0622688538768694,1.783909369249095,0.0,0.05857509955934481,0.1987270532685058,-0.3295895933439775,0.1414249004406552,0.0012729467314942216,0.3295895933439775,0.2,0.2,0.0,0.3892978089198797,-0.35274511108532536,True,True,True,False
0,151,-0.1187431854946615,-0.8489696733984318,-0.08632992520398235,1.0622688538768694,1.783909369249095,0.0,0.05857509955934481,0.1987270532685058,-0.3295895933439775,0.1075034961104393,-0.03417421132326126,-0.21587210893630981,-0.6977736949920654,0.5565167665481567,-0.45717963576316833,-0.009187512395370337,-0.9001768726672716,-0.03752670656399063,0.9724362155144326,1.84082160702161,0.0,0.05857509955934481,0.1987270532685058,-0.3295895933439775,0.1414249004406552,0.0012729467314942216,0.3295895933439775,0.2,0.2,0.0,0.3892978089198797,-0.22464890445993985,True,True,True,False
0,152,-0.009187512395370337,-0.9001768726672716,-0.03752670656399063,0.9724362155144326,1.84082160702161,0.0,0.05857509955934481,0.1987270532685058,-0.3295895933439775,0.4314604103565216,-0.11336631327867508,0.15444357693195343,0.4259466826915741,0.47254177927970886,-0.3766571283340454,0.015217438716122762,-0.8982427790234423,-0.048380728630255714,0.9279526464803551,1.8419936499322247,0.0,0.05906367417888078,0.19732049380617028,-0.3325499227518328,0.14093632582111923,0.0026795061938297386,0.3325499227518328,0.2,0.2,0.0,0.39116920380529685,-0.24429855075681997,True,True,True,False
0,153,0.015217438716122762,-0.8982427790234423,-0.048380728630255714,0.9279526464803551,1.8419936499322247,0.0,0.05906367417888078,0.19732049380617028,-0.3325499227518328,-0.01487754750996828,-0.21789810061454773,-0.3794131577014923,-0.41622087359428406,0.48321354389190674,-0.06246330589056015,0.015217438716122762,-0.8982427790234423,-0.048380728630255714,0.9279526464803551,1.8419936499322247,0.0,0.05660106504234039,0.19647674056071818,-0.3298770749406087,0.14339893495765962,0.003523259439281842,0.3298770749406087,0.2,0.2,0.0,0.38810523665194596,-0.1934129467924641,True,True,True,False
0,154,0.015217438716122762,-0.8982427790234423,-0.048380728630255714,0.9279526464803551,1.8419936499322247,0.0,0.05660106504234039,0.19647674056071818,-0.3298770749406087,0.21337366104125977,-0.3518514931201935,0.507880687713623,0.1735358089208603,0.631445050239563,-0.34591248631477356,0.009641478947795327,-0.8681266661030189,-0.09047117446009248,0.9102663767640337,1.8618051815297803,0.0,0.05712948732140091,0.1980549128449394,-0.33916911862014876,0.1428705126785991,0.001945087155060614,0.33916911862014876,0.2,0.2,0.0,0.39689446689163,-0.3163395358426553,True,True,True,False
0,155,0.009641478947795327,-0.8681266661030189,-0.09047117446009248,0.9102663767640337,1.8618051815297803,0.0,0.05712948732140091,0.1980549128449394,-0.33916911862014876,0.3146681487560272,0.14795374870300293,0.009801029227674007,0.814625084400177,0.2281939685344696,-0.15112856030464172,0.012043244604904389,-0.8623741344420777,-0.08127162926854198,0.9200221671799029,1.8647295085377655,0.0,0.05712948732140091,0.1980549128449394,-0.33916911862014876,0.1428705126785991,0.001945087155060614,0.33916911862014876,0.2,0.2,0.0,0.39689446689163,-0.228447233445815,True,True,True,False
0,156,0.012043244604904389,-0.8623741344420777,-0.08127162926854198,0.9200221671799029,1.8647295085377655,0.0,0.05712948732140091,0.1980549128449394,-0.33916911862014876,0.016465486958622932,-0.3285827040672302,-0.32037949562072754,-0.09236259013414383,0.18834362924098969,-0.13833259046077728,0.012043244604904389,-0.8623741344420777,-0.08127162926854198,0.9200221671799029,1.8647295085377655,0.0,0.048194525675164246,0.19614960048834107,-0.3275823412466079,0.15180547432483577,0.003850399511658955,0.3275823412466079,0.2,0.2,0.0,0.3848474611757221,-0.10195367342878217,True,True,True,False
0,157,0.012043244604904389,-0.8623741344420777,-0.08127162926854198,0.9200221671799029,1.8647295085377655,0.0,0.048194525675164246,0.19614960048834107,-0.3275823412466079,-0.020412912592291832,-0.23820817470550537,-0.6826308965682983,0.3853917419910431,0.15421687066555023,-0.2226136326789856,0.012043244604904389,-0.8623741344420777,-0.08127162926854198,0.9200221671799029,1.8647295085377655,0.0,0.048194525675164246,0.19614960048834107,-0.3275823412466079,0.15180547432483577,0.003850399511658955,0.3275823412466079,0.2,0.2,0.0,0.3848474611757221,-0.22242373058786105,True,True,True,False
0,158,0.012043244604904389,-0.8623741344420777,-0.08127162926854198,0.9200221671799029,1.8647295085377655,0.0,0.048194525675164246,0.19614960048834107,-0.3275823412466079,-0.08880508691072464,-0.3847671151161194,0.3455333411693573,0.3191845118999481,0.46902066469192505,-0.20966477692127228,0.012043244604904389,-0.8623741344420777,-0.08127162926854198,0.9200221671799029,1.8647295085377655,0.0,0.049721336380216835,0.19741864109712887,-0.33009496520927784,0.15027866361978318,0.0025813589028711404,0.33009496520927784,0.2,0.2,0.0,0.38782601408439066,-0.2536985361288808,True,True,True,False
0,159,0.012043244604904389,-0.8623741344420777,-0.08127162926854198,0.9200221671799029,1.8647295085377655,0.0,0.049721336380216835,0.19741864109712887,-0.33009496520927784,-0.19777122139930725,-0.5170767307281494,0.06748461723327637,0.23033519089221954,0.5089096426963806,-0.19156911969184875,0.012043244604904389,-0.8623741344420777,-0.08127162926854198,0.9200221671799029,1.8647295085377655,0.0,0.049721336380216835,0.19741864109712887,-0.33009496520927784,0.15027866361978318,0.0025813589028711404,0.33009496520927784,0.2,0.2,0.0,0.38782601408439066,-0.22391300704219533,True,True,True,False
0,160,0.012043244604904389,-0.8623741344420777,-0.08127162926854198,0.9200221671799029,1.8647295085377655,0.0,0.049721336380216835,0.19741864109712887,-0.33009496520927784,-0.2239004671573639,-0.2819923162460327,-0.23316290974617004,0.14810143411159515,0.5170013904571533,-0.16701523959636688,0.012043244604904389,-0.8623741344420777,-0.08127162926854198,0.9200221671799029,1.8647295085377655,0.0,0.061060925661588744,0.20827247922481062,-0.34499087797979977,0.13893907433841127,-0.00827247922481062,0.34499087797979977,0.2,0.2,0.0,0.40758381731169396,-0.43136994092888004,True,True,True,False
0,161,0.012043244604904389,-0.8623741344420777,-0.08127162926854198,0.9200221671799029,1.8647295085377655,0.0,0.061060925661588744,0.20827247922481062,-0.34499087797979977,0.20961907505989075,-0.22433234751224518,0.055170051753520966,-0.6080377101898193,0.4597518742084503,-0.003915900830179453,0.012043244604904389,-0.8623741344420777,-0.08127162926854198,0.9200221671799029,1.8647295085377655,0.0,0.06319910350545405,0.20993395911021873,-0.34758475637038744,0.13680089649454596,-0.009933959110218712,0.34758475637038744,0.2,0.2,0.0,0.41095201268839854,-0.26915796011124504,True,True,True,False
0,162,0.012043244604904389,-0.8623741344420777,-0.08127162926854198,0.9200221671799029,1.8647295085377655,0.0,0.06319910350545405,0.20993395911021873,-0.34758475637038744,0.07634355872869492,-0.46153417229652405,0.5610160231590271,-0.12651342153549194,0.2333303689956665,-0.17820769548416138,-0.06907437869711049,-0.8048945056361326,-0.23836616957704085,1.0237828493616776,1.9007722215847622,0.0,0.06216863743452841,0.2097944399057234,-0.34665778770690925,0.1378313625654716,-0.009794439905723411,0.34665778770690925,0.2,0.2,0.0,0.40993934706694185,-0.22484301731890405,True,True,True,False
0,163,-0.06907437869711049,-0.8048945056361326,-0.23836616957704085,1.0237828493616776,1.9007722215847622,0.0,0.06216863743452841,0.2097944399057234,-0.34665778770690925,-0.0016829653177410364,-0.2846973240375519,0.7563780546188354,-0.2656117379665375,0.2527667284011841,-0.052363842725753784,-0.06869345682452138,-0.8084501206477056,-0.225865902102431,1.0211734460286623,1.900133223861936,0.0,0.06216863743452841,0.2097944399057234,-0.34665778770690925,0.1378313625654716,-0.009794439905723411,0.34665778770690925,0.2,0.2,0.0,0.40993934706694185,-0.23496967353347092,True,True,True,False
0,164,-0.06869345682452138,-0.8084501206477056,-0.225865902102431,1.0211734460286623,1.900133223861936,0.0,0.06216863743452841,0.2097944399057234,-0.34665778770690925,0.24558959901332855,-0.4357142448425293,0.02574962191283703,-0.8845184445381165,0.17963901162147522,-0.0990774929523468,-0.0689862489825933,-0.808456924188825,-0.2112710298861669,1.0146653789814033,1.899459914154543,0.0,0.0599166228517482,0.20995024841290696,-0.3432996783482777,0.1400833771482518,-0.009950248412906959,0.3432996783482777,0.2,0.2,0.0,0.40684613511330164,-0.20249094802024875,True,True,True,False
0,165,-0.0689862489825933,-0.808456924188825,-0.2112710298861669,1.0146653789814033,1.899459914154543,0.0,0.0599166228517482,0.20995024841290696,-0.3432996783482777,0.3119122087955475,-0.5851738452911377,0.14091180264949799,0.4433489143848419,0.2836502194404602,-0.34445613622665405,-0.0657141547567165,-0.8132717169678275,-0.2082219210354286,1.0089390793226014,1.8987024219754949,0.0,0.059767019756899686,0.2095981275512902,-0.343750623065734,0.14023298024310032,-0.009598127551290202,0.343750623065734,0.2,0.2,0.0,0.40702329488827654,-0.23528324519388727,True,True,True,False
0,166,-0.0657141547567165,-0.8132717169678275,-0.2082219210354286,1.0089390793226014,1.8987024219754949,0.0,0.059767019756899686,0.2095981275512902,-0.343750623065734,0.405638188123703,-0.04722243919968605,0.3542523682117462,-0.6512969732284546,0.4018350839614868,0.012218567542731762,-0.059997247067173874,-0.8238792920804014,-0.2005288343166782,1.0180448925376948,1.8984260479690986,0.0,0.059767019756899686,0.2095981275512902,-0.343750623065734,0.14023298024310032,-0.009598127551290202,0.343750623065734,0.2,0.2,0.0,0.40702329488827654,-0.23351164744413827,True,True,True,False
0,167,-0.059997247067173874,-0.8238792920804014,-0.2005288343166782,1.0180448925376948,1.8984260479690986,0.0,0.059767019756899686,0.2095981275512902,-0.343750623065734,0.19980032742023468,0.04443334415555,0.08658911287784576,-0.39964979887008667,0.3962087333202362,-0.19248512387275696,-0.05786667797956031,-0.8202540871269877,-0.19594761022059254,1.013526202353278,1.8988484902870102,0.0,0.06110259934575185,0.2084100060637197,-0.3422305025044402,0.13889740065424816,-0.008410006063719699,0.3422305025044402,0.2,0.2,0.0,0.4053269977669003,-0.2157005276696876,True,True,True,False
0,168,-0.05786667797956031,-0.8202540871269877,-0.19594761022059254,1.013526202353278,1.8988484902870102,0.0,0.06110259934575185,0.2084100060637197,-0.3422305025044402,0.45993199944496155,-0.13571418821811676,0.4839451014995575,0.2834915816783905,0.14385811984539032,-0.03784405440092087,-0.054799134472535774,-0.80991425478197,-0.19033709896090292,1.0071467031789423,1.8995597086908333,0.0,0.05704295321842709,0.20805228595868291,-0.34009511752759614,0.14295704678157292,-0.00805228595868291,0.34009511752759614,0.2,0.2,0.0,0.4027460008126991,-0.20556303086433791,True,True,True,False
0,169,-0.054799134472535774,-0.80991425478197,-0.19033709896090292,1.0071467031789423,1.8995597086908333,0.0,0.05704295321842709,0.20805228595868291,-0.34009511752759614,0.18842025101184845,-0.2518124580383301,-0.13344065845012665,-0.2221282422542572,0.2419615238904953,-0.06287886202335358,-0.050991840492993046,-0.8072473858431528,-0.18227271280768303,1.0090934661216995,1.8985981763330784,0.0,0.05704295321842709,0.20805228595868291,-0.34009511752759614,0.14295704678157292,-0.00805228595868291,0.34009511752759614,0.2,0.2,0.0,0.4027460008126991,-0.23137300040634956,True,True,True,False
0,170,-0.050991840492993046,-0.8072473858431528,-0.18227271280768303,1.0090934661216995,1.8985981763330784,0.0,0.05704295321842709,0.20805228595868291,-0.34009511752759614,0.06817302852869034,-0.3031690716743469,0.35615241527557373,-0.018207285553216934,0.2912743091583252,-0.18061818182468414,-0.050991840492993046,-0.8072473858431528,-0.18227271280768303,1.0090934661216995,1.8985981763330784,0.0,0.05401991410484874,0.20718082127205922,-0.33660685029915793,0.14598008589515127,-0.0071808212720592055,0.33660685029915793,0.2,0.2,0.0,0.3989313418261091,-0.19131908104715453,True,True,True,False
0,171,-0.050991840492993046,-0.8072473858431528,-0.18227271280768303,1.0090934661216995,1.8985981763330784,0.0,0.05401991410484874,0.20718082127205922,-0.33660685029915793,0.21902725100517273,-0.24140512943267822,0.40134358406066895,-0.16214552521705627,0.11359892785549164,-0.35118427872657776,-0.04853287037324429,-0.8066683758414983,-0.1440456213163977,1.002604128749329,1.8974664176239975,0.0,0.05044652740187611,0.20730487912300402,-0.3307999738517531,0.1495534725981239,-0.007304879123004012,0.3307999738517531,0.2,0.2,0.0,0.3936353486863598,-0.17385774294568668,True,True,True,False
0,172,-0.04853287037324429,-0.8066683758414983,-0.1440456213163977,1.002604128749329,1.8974664176239975,0.0,0.05044652740187611,0.20730487912300402,-0.3307999738517531,0.21979238092899323,-0.4393885135650635,0.27256691455841064,0.4810573160648346,0.40141499042510986,-0.002888716058805585,-0.04603749295285623,-0.8069536922137818,-0.13248175325681646,1.0032410444002655,1.8965652465580434,0.0,0.04851868730958875,0.2070744712436504,-0.3277773461211574,0.15148131269041126,-0.007074471243650366,0.3277773461211574,0.2,0.2,0.0,0.3907325022177091,-0.19633778642234767,True,True,True,False
0,173,-0.04603749295285623,-0.8069536922137818,-0.13248175325681646,1.0032410444002655,1.8965652465580434,0.0,0.04851868730958875,0.2070744712436504,-0.3277773461211574,0.27312615513801575,-0.2588745653629303,0.09654241055250168,0.3441125750541687,0.4373267889022827,-0.32712239027023315,-0.043026978799121436,-0.8096442654118621,-0.12480680235685847,1.0108109616090253,1.8977790874613436,0.0,0.04824632160209741,0.20650351167820838,-0.3251727027439002,0.1517536783979026,-0.006503511678208363,0.3251727027439002,0.2,0.2,0.0,0.38821217715746353,-0.198902837976276,True,True,True,False
0,174,-0.043026978799121436,-0.8096442654118621,-0.12480680235685847,1.0108109616090253,1.8977790874613436,0.0,0.04824632160209741,0.20650351167820838,-0.3251727027439002,0.09877714514732361,-0.31293150782585144,-0.17923569679260254,0.14644718170166016,0.3635302484035492,-0.15860237181186676,-0.04035621211603985,-0.8088737592316325,-0.1247054544409805,1.0154306458083429,1.8989910638615664,0.0,0.04824632160209741,0.20650351167820838,-0.3251727027439002,0.1517536783979026,-0.006503511678208363,0.3251727027439002,0.2,0.2,0.0,0.38821217715746353,-0.22410608857873177,True,True,True,False
0,175,-0.04035621211603985,-0.8088737592316325,-0.1247054544409805,1.0154306458083429,1.8989910638615664,0.0,0.04824632160209741,0.20650351167820838,-0.3251727027439002,0.012879791669547558,-0.2026374489068985,-0.04865526780486107,0.02624952793121338,0.3546658754348755,-0.3189074695110321,-0.03930479147575823,-0.8098073505224433,-0.13960457785215638,1.0200002084559172,1.9003738759254691,0.0,0.0483748120731865,0.2060371714760309,-0.3248638723271492,0.1516251879268135,-0.00603717147603088,0.3248638723271492,0.2,0.2,0.0,0.3877215160606253,-0.2189541470619306,True,True,True,False
0,176,-0.03930479147575823,-0.8098073505224433,-0.13960457785215638,1.0200002084559172,1.9003738759254691,0.0,0.0483748120731865,0.2060371714760309,-0.3248638723271492,0.11113369464874268,-0.3916822671890259,-0.26492902636528015,-0.2769872844219208,0.3347955048084259,-0.20890048146247864,-0.03941629118417569,-0.8097674053264682,-0.14300523968553255,1.0182513571738805,1.9006103808383519,0.0,0.05008781063957293,0.20583697087137248,-0.32727120861209025,0.14991218936042708,-0.005836970871372471,0.32727120861209025,0.2,0.2,0.0,0.3898513708307132,-0.24622423311623529,True,True,True,False
0,177,-0.03941629118417569,-0.8097674053264682,-0.14300523968553255,1.0182513571738805,1.9006103808383519,0.0,0.05008781063957293,0.20583697087137248,-0.32727120861209025,0.14386239647865295,-0.4431542456150055,0.14584502577781677,0.555965781211853,0.47904035449028015,-0.16936105489730835,-0.03855715465239626,-0.8131097193495789,-0.14802625687813417,1.0172395355443906,1.9013737259767944,0.0,0.05179059166105776,0.20569249388492422,-0.3304454640280855,0.14820940833894225,-0.005692493884924208,0.3304454640280855,0.2,0.2,0.0,0.39266508900326086,-0.25446972622710706,True,True,True,False
0,178,-0.03855715465239626,-0.8131097193495789,-0.14802625687813417,1.0172395355443906,1.9013737259767944,0.0,0.05179059166105776,0.20569249388492422,-0.3304454640280855,0.07900148630142212,-0.5756694674491882,0.30931755900382996,0.6770777702331543,0.4805375337600708,-0.20635686814785004,-0.0370461995254317,-0.8209171774301434,-0.1381820853513025,1.0319313147089981,1.9041330059242219,0.0,0.05242123740012741,0.2053656035869222,-0.32804225555191746,0.1475787625998726,-0.005365603586922215,0.32804225555191746,0.2,0.2,0.0,0.39055695960355247,-0.20419718580469232,True,True,True,False
0,179,-0.0370461995254317,-0.8209171774301434,-0.1381820853513025,1.0319313147089981,1.9041330059242219,0.0,0.05242123740012741,0.2053656035869222,-0.32804225555191746,0.2053883969783783,-0.4991401135921478,0.0651145800948143,0.07435666024684906,0.2701423466205597,-0.33594247698783875,-0.03630365975171235,-0.8285316963482177,-0.1298077714171188,1.0398783418845137,1.9052358408235677,0.0,0.053215989238762,0.20528749965686802,-0.3256971809395425,0.146784010761238,-0.005287499656867997,0.3256971809395425,0.2,0.2,0.0,0.38865608537368057,-0.20531930038812132,True,True,True,False
0,180,-0.03630365975171235,-0.8285316963482177,-0.1298077714171188,1.0398783418845137,1.9052358408235677,0.0,0.053215989238762,0.20528749965686802,-0.3256971809395425,0.3529600203037262,-0.4572378098964691,0.2870957553386688,-0.23437094688415527,0.29846203327178955,-0.5013706684112549,-0.03630365975171235,-0.8285316963482177,-0.1298077714171188,1.0398783418845137,1.9052358408235677,0.0,0.05352361849730744,0.2030486612936543,-0.3241417373479706,0.14647638150269257,-0.003048661293654268,0.3241417373479706,0.2,0.2,0.0,0.38621419249058053,-0.19868816741428988,True,True,True,False
0,181,-0.03630365975171235,-0.8285316963482177,-0.1298077714171188,1.0398783418845137,1.9052358408235677,0.0,0.05352361849730744,0.2030486612936543,-0.3241417373479706,0.2790415585041046,-0.3611515760421753,0.40242692828178406,-0.15648619830608368,0.4436517357826233,-0.63621586561203,-0.03630365975171235,-0.8285316963482177,-0.1298077714171188,1.0398783418845137,1.9052358408235677,0.0,0.05352361849730744,0.2030486612936543,-0.3241417373479706,0.14647638150269257,-0.003048661293654268,0.3241417373479706,0.2,0.2,0.0,0.38621419249058053,-0.22310709624529027,True,True,True,False
0,182,-0.03630365975171235,-0.8285316963482177,-0.1298077714171188,1.0398783418845137,1.9052358408235677,0.0,0.05352361849730744,0.2030486612936543,-0.3241417373479706,0.38760635256767273,-0.2988354563713074,-0.10283587127923965,0.5050197839736938,0.45725783705711365,-0.18309196829795837,-0.03630365975171235,-0.8285316963482177,-0.1298077714171188,1.0398783418845137,1.9052358408235677,0.0,0.04251612399622576,0.19579413229324205,-0.30314100491637896,0.15748387600377425,0.004205867706757958,0.30314100491637896,0.2,0.2,0.0,0.3633695527996782,0.016761620509184255,True,True,True,False
0,183,-0.03630365975171235,-0.8285316963482177,-0.1298077714171188,1.0398783418845137,1.9052358408235677,0.0,0.04251612399622576,0.19579413229324205,-0.30314100491637896,-0.12507003545761108,-0.1471686065196991,0.10350744426250458,-0.5355641841888428,0.5991361141204834,-0.4372987449169159,0.026580008077618726,-0.8676991604584452,0.052450723311024544,0.9743834359300001,1.9202913238845514,0.0,0.04093359125382284,0.19485155664500292,-0.29968854987993343,0.15906640874617717,0.005148443354997081,0.29968854987993343,0.2,0.2,0.0,0.3597998262215439,-0.1742026473294288,True,True,True,False
0,184,0.026580008077618726,-0.8676991604584452,0.052450723311024544,0.9743834359300001,1.9202913238845514,0.0,0.04093359125382284,0.19485155664500292,-0.29968854987993343,-0.2899024486541748,-0.47315487265586853,-0.4958570599555969,0.6138994693756104,-0.0040552690625190735,-0.07885611057281494,0.023330038062313693,-0.8644713944901384,0.049410650037107304,0.9708623527597223,1.9216932949312806,0.0,0.04093359125382284,0.19485155664500292,-0.29968854987993343,0.15906640874617717,0.005148443354997081,0.29968854987993343,0.2,0.2,0.0,0.3597998262215439,-0.20989991311077194,True,True,True,False
0,185,0.023330038062313693,-0.8644713944901384,0.049410650037107304,0.9708623527597223,1.9216932949312806,0.0,0.04093359125382284,0.19485155664500292,-0.29968854987993343,0.25940534472465515,-0.6576402187347412,-0.036842651665210724,0.8080258369445801,0.19257394969463348,-0.22611290216445923,0.023330038062313693,-0.8644713944901384,0.049410650037107304,0.9708623527597223,1.9216932949312806,0.0,0.04106234031683295,0.19574140999969822,-0.30108708446192056,0.15893765968316706,0.004258590000301806,0.30108708446192056,0.2,0.2,0.0,0.36146126737279205,-0.2273450451988777,True,True,True,False
0,186,0.023330038062313693,-0.8644713944901384,0.049410650037107304,0.9708623527597223,1.9216932949312806,0.0,0.04106234031683295,0.19574140999969822,-0.30108708446192056,-0.2661595344543457,-0.30830174684524536,-0.42990341782569885,0.606115460395813,-0.21893586218357086,0.06857968121767044,0.031104667880126696,-0.9415664447145913,0.010136545941692292,1.039188103504639,1.9097530083447831,0.0,0.06179736980236,0.1947034036964536,-0.31292333350558155,0.13820263019764,0.005296596303546432,0.31292333350558155,0.2,0.2,0.0,0.37369685973756755,-0.3392043535165389,True,True,True,False
0,187,0.031104667880126696,-0.9415664447145913,0.010136545941692292,1.039188103504639,1.9097530083447831,0.0,0.06179736980236,0.1947034036964536,-0.31292333350558155,0.12912985682487488,-0.24828316271305084,0.20369431376457214,-0.2249656319618225,0.6369369029998779,-0.29374727606773376,0.024388007871023406,-0.9381538710579144,-0.0017262760538970822,1.0464091653393006,1.9055003456026223,0.0,0.06298207979292678,0.19585355954042843,-0.31455679009085946,0.13701792020707323,0.004146440459571586,0.31455679009085946,0.2,0.2,0.0,0.3758607898570477,-0.23956969612332513,True,True,True,False
0,188,0.024388007871023406,-0.9381538710579144,-0.0017262760538970822,1.0464091653393006,1.9055003456026223,0.0,0.06298207979292678,0.19585355954042843,-0.31455679009085946,0.44052860140800476,-0.5889455676078796,-0.44573426246643066,-0.6756517887115479,0.35262054204940796,-0.6561121940612793,0.0258170535238902,-0.937243688299657,-0.004225693901151865,1.0387842819586215,1.908051942684257,0.0,0.06266974682480511,0.19563362900466427,-0.31567355476148784,0.1373302531751949,0.004366370995335727,0.31567355476148784,0.2,0.2,0.0,0.37662953567182417,-0.22600222598367692,True,True,True,False
0,189,0.0258170535238902,-0.937243688299657,-0.004225693901151865,1.0387842819586215,1.908051942684257,0.0,0.06266974682480511,0.19563362900466427,-0.31567355476148784,0.35334721207618713,-0.7095441222190857,0.5254606008529663,0.4078598618507385,0.7435942888259888,-0.48845693469047546,0.03314477361310909,-0.948074833882963,-0.027799871691409513,1.027290445782123,1.9098360816888207,0.0,0.06266974682480511,0.19563362900466427,-0.31567355476148784,0.1373302531751949,0.004366370995335727,0.31567355476148784,0.2,0.2,0.0,0.37662953567182417,-0.21831476783591208,True,True,True,False
0,190,0.03314477361310909,-0.948074833882963,-0.027799871691409513,1.027290445782123,1.9098360816888207,0.0,0.06266974682480511,0.19563362900466427,-0.31567355476148784,0.6372058391571045,-0.4734247922897339,0.25355657935142517,-0.7352287769317627,0.6095157861709595,-0.4407680630683899,0.03314477361310909,-0.948074833882963,-0.027799871691409513,1.027290445782123,1.9098360816888207,0.0,0.06808927629942535,0.19362557472799138,-0.32248550325703507,0.13191072370057466,0.006374425272008615,0.32248550325703507,0.2,0.2,0.0,0.38226157607934863,-0.277451192114919,True,True,True,False
0,191,0.03314477361310909,-0.948074833882963,-0.027799871691409513,1.027290445782123,1.9098360816888207,0.0,0.06808927629942535,0.19362557472799138,-0.32248550325703507,0.6866755485534668,-0.39027640223503113,0.584434986114502,-0.42860159277915955,0.6858534812927246,-0.43237385153770447,0.06568569192965626,-0.9637311428718927,0.006576383640076386,0.9938607925188083,1.9238133345871682,0.0,0.06743049219203676,0.19069805562610728,-0.32288083831529046,0.13256950780796325,0.009301944373892729,0.32288083831529046,0.2,0.2,0.0,0.3810047971456829,-0.20793460923618431,True,True,True,False
0,192,0.06568569192965626,-0.9637311428718927,0.006576383640076386,0.9938607925188083,1.9238133345871682,0.0,0.06743049219203676,0.19069805562610728,-0.32288083831529046,0.638809323310852,-0.28183600306510925,0.30166399478912354,0.14158518612384796,0.37033745646476746,-0.5397235751152039,0.07433888479100746,-0.9631520826624319,0.02056606637850903,0.9871729939243438,1.9271046780332146,0.0,0.06540956650561175,0.188690305266737,-0.320616190834608,0.13459043349438826,0.011309694733263008,0.320616190834608,0.2,0.2,0.0,0.37772633548297935,-0.18607855111445398,True,True,True,False
0,193,0.07433888479100746,-0.9631520826624319,0.02056606637850903,0.9871729939243438,1.9271046780332146,0.0,0.06540956650561175,0.188690305266737,-0.320616190834608,0.2065049260854721,-0.4502212107181549,0.5004921555519104,0.554664134979248,0.5086345076560974,-0.540829598903656,0.08129255659724503,-0.9600963185116376,0.028912791391187853,0.9905237647169682,1.9273930637718981,0.0,0.06366039477932414,0.18741517424314208,-0.31770984556956927,0.13633960522067587,0.012584825756857917,0.31770984556956927,0.2,0.2,0.0,0.3743215721433728,-0.18311315267562098,True,True,True,False
0,194,0.08129255659724503,-0.9600963185116376,0.028912791391187853,0.9905237647169682,1.9273930637718981,0.0,0.06366039477932414,0.18741517424314208,-0.31770984556956927,0.1397538036108017,-0.4237968623638153,-0.08717633783817291,-0.7715578675270081,0.36525315046310425,-0.40163058042526245,0.08088450714102507,-0.96191519702415,0.04351280854798722,0.995148838101114,1.9288970975845414,0.0,0.06235488465718206,0.1873677261668561,-0.3142456898739685,0.13764511534281795,0.01263227383314392,0.3142456898739685,0.2,0.2,0.0,0.3711403374114903,-0.18375782138691982,True,True,True,False
0,195,0.08088450714102507,-0.96191519702415,0.04351280854798722,0.995148838101114,1.9288970975845414,0.0,0.06235488465718206,0.1873677261668561,-0.3142456898739685,0.20340314507484436,-0.3492884933948517,0.4172639548778534,-0.14101094007492065,0.4140288829803467,-0.5175322890281677,0.07946035204719516,-0.9627892598529327,0.036463235340497065,0.9811079943311846,1.9290275829586172,0.0,0.06235488465718206,0.1873677261668561,-0.3142456898739685,0.13764511534281795,0.01263227383314392,0.3142456898739685,0.2,0.2,0.0,0.3711403374114903,-0.21557016870574514,True,True,True,False
0,196,0.07946035204719516,-0.9627892598529327,0.036463235340497065,0.9811079943311846,1.9290275829586172,0.0,0.06235488465718206,0.1873677261668561,-0.3142456898739685,0.21987061202526093,-0.0792388990521431,-0.17012977600097656,-0.47494572401046753,0.22341462969779968,-0.7747793197631836,0.07952982824798,-0.9590537999546062,0.039295071004033115,0.9774431641951712,1.928870242820643,0.0,0.062882956499969,0.18762328239624101,-0.3170997241030348,0.137117043500031,0.012376717603759005,0.3170997241030348,0.2,0.2,0.0,0.37377666773293566,-0.24325163708092173,True,True,True,False
0,197,0.07952982824798,-0.9590537999546062,0.039295071004033115,0.9774431641951712,1.928870242820643,0.0,0.062882956499969,0.18762328239624101,-0.3170997241030348,0.502452552318573,-0.42467623949050903,-0.00887296162545681,0.04491572082042694,0.41273146867752075,-0.6162232160568237,0.08130222972914268,-0.9525227403122479,0.03134671875281977,0.9720031275267957,1.928014392464299,0.0,0.06131341941748239,0.18746184640424954,-0.31803237228536807,0.13868658058251762,0.012538153595750483,0.31803237228536807,0.2,0.2,0.0,0.37422702879323605,-0.22161712499962188,True,True,True,False
0,198,0.08130222972914268,-0.9525227403122479,0.03134671875281977,0.9720031275267957,1.928014392464299,0.0,0.06131341941748239,0.18746184640424954,-0.31803237228536807,0.37206605076789856,-0.12365353107452393,-0.03095671534538269,0.4132504165172577,0.20535099506378174,-0.3461487293243408,0.0883970061588927,-0.9513024628116861,0.02554545136697022,0.9757123169139942,1.9282240386304528,0.0,0.06247797724334733,0.18637327331164685,-0.3192866101028664,0.13752202275665268,0.013626726688353151,0.3192866101028664,0.2,0.2,0.0,0.3749432410862981,-0.22463374347376974,True,True,True,False
0,199,0.0883970061588927,-0.9513024628116861,0.02554545136697022,0.9757123169139942,1.9282240386304528,0.0,0.06247797724334733,0.18637327331164685,-0.3192866101028664,0.4876936078071594,-0.4387362003326416,0.6616435050964355,0.3223485052585602,0.7921406626701355,-0.47911638021469116,0.09176989029539533,-0.9460117152554129,0.028715261694383078,0.982853813993143,1.9284963878695176,0.0,0.06107030407178404,0.1857631579904021,-0.31756680750897237,0.13892969592821597,0.01423684200959792,0.31756680750897237,0.2,0.2,0.0,0.37294263652394044,-0.19646527263839345,True,True,True,False
0,200,0.09176989029539533,-0.9460117152554129,0.028715261694383078,0.982853813993143,1.9284963878695176,0.0,0.06107030407178404,0.1857631579904021,-0.31756680750897237,0.1071670725941658,-0.3142886459827423,-0.1933445781469345,0.07456151396036148,0.39215344190597534,-0.6242688894271851,0.09176989029539533,-0.9460117152554129,0.028715261694383078,0.982853813993143,1.9284963878695176,0.0,0.06264534346829065,0.1865560540642539,-0.320706851277176,0.13735465653170936,0.01344394593574611,0.320706851277176,0.2,0.2,0.0,0.3762718230513755,-0.2514277768000386,True,True,True,False
0,201,0.09176989029539533,-0.9460117152554129,0.028715261694383078,0.982853813993143,1.9284963878695176,0.0,0.06264534346829065,0.1865560540642539,-0.320706851277176,0.12070750445127487,-0.028224777430295944,0.3691749572753906,-0.35682031512260437,0.46744146943092346,-0.6140947937965393,0.09176989029539533,-0.9460117152554129,0.028715261694383078,0.982853813993143,1.9284963878695176,0.0,0.06443430570127082,0.18739662071933788,-0.32473667614189494,0.1355656942987292,0.01260337928066214,0.32473667614189494,0.2,0.2,0.0,0.38042500185965455,-0.2617442890126176,True,True,True,False
0,202,0.09176989029539533,-0.9460117152554129,0.028715261694383078,0.982853813993143,1.9284963878695176,0.0,0.06443430570127082,0.18739662071933788,-0.32473667614189494,0.0773678869009018,-0.2636180818080902,0.6363425254821777,-0.8342121839523315,0.7458499670028687,-0.37382784485816956,0.09176989029539533,-0.9460117152554129,0.028715261694383078,0.982853813993143,1.9284963878695176,0.0,0.06620889352521453,0.1881856694479395,-0.3285435413697758,0.13379110647478548,0.011814330552060524,0.3285435413697758,0.2,0.2,0.0,0.3843674314288295,-0.2616080114061643,True,True,True,False
0,203,0.09176989029539533,-0.9460117152554129,0.028715261694383078,0.982853813993143,1.9284963878695176,0.0,0.06620889352521453,0.1881856694479395,-0.3285435413697758,0.41109248995780945,-0.15390396118164062,-0.2768262028694153,-0.19680869579315186,0.5410186052322388,-0.7084372043609619,0.09176989029539533,-0.9460117152554129,0.028715261694383078,0.982853813993143,1.9284963878695176,0.0,0.06620889352521453,0.1881856694479395,-0.3285435413697758,0.13379110647478548,0.011814330552060524,0.3285435413697758,0.2,0.2,0.0,0.3843674314288295,-0.22218371571441475,True,True,True,False
0,204,0.09176989029539533,-0.9460117152554129,0.028715261694383078,0.982853813993143,1.9284963878695176,0.0,0.06620889352521453,0.1881856694479395,-0.3285435413697758,0.2932911515235901,-0.3333088755607605,-0.2289878875017166,-0.13093635439872742,0.8085831999778748,-0.6581766605377197,0.09176989029539533,-0.9460117152554129,0.028715261694383078,0.982853813993143,1.9284963878695176,0.0,0.06620889352521453,0.1881856694479395,-0.3285435413697758,0.13379110647478548,0.011814330552060524,0.3285435413697758,0.2,0.2,0.0,0.3843674314288295,-0.22218371571441475,True,True,True,False
0,205,0.09176989029539533,-0.9460117152554129,0.028715261694383078,0.982853813993143,1.9284963878695176,0.0,0.06620889352521453,0.1881856694479395,-0.3285435413697758,0.5584559440612793,-0.4428187906742096,0.35255762934684753,-0.14731355011463165,0.5797610282897949,-0.570014476776123,0.09176989029539533,-0.9460117152554129,0.028715261694383078,0.982853813993143,1.9284963878695176,0.0,0.06620889352521453,0.1881856694479395,-0.3285435413697758,0.13379110647478548,0.011814330552060524,0.3285435413697758,0.2,0.2,0.0,0.3843674314288295,-0.22218371571441475,True,True,True,False
0,206,0.09176989029539533,-0.9460117152554129,0.028715261694383078,0.982853813993143,1.9284963878695176,0.0,0.06620889352521453,0.1881856694479395,-0.3285435413697758,0.3198610246181488,-0.32488805055618286,0.09579546004533768,-0.23468168079853058,0.6188265681266785,-0.32875949144363403,0.09176989029539533,-0.9460117152554129,0.028715261694383078,0.982853813993143,1.9284963878695176,0.0,0.06620889352521453,0.1881856694479395,-0.3285435413697758,0.13379110647478548,0.011814330552060524,0.3285435413697758,0.2,0.2,0.0,0.3843674314288295,-0.22218371571441475,True,True,True,False
0,207,0.09176989029539533,-0.9460117152554129,0.028715261694383078,0.982853813993143,1.9284963878695176,0.0,0.06620889352521453,0.1881856694479395,-0.3285435413697758,0.060234662145376205,-0.24341054260730743,-0.02110239490866661,0.06487735360860825,0.7147601842880249,-0.6509360074996948,0.09176989029539533,-0.9460117152554129,0.028715261694383078,0.982853813993143,1.9284963878695176,0.0,0.06473958358774826,0.18808644844064232,-0.3276816067474351,0.13526041641225175,0.01191355155935769,0.3276816067474351,0.2,0.2,0.0,0.38333139862358023,-0.21130537125929735,True,True,True,False
0,208,0.09176989029539533,-0.9460117152554129,0.028715261694383078,0.982853813993143,1.9284963878695176,0.0,0.06473958358774826,0.18808644844064232,-0.3276816067474351,0.14766721427440643,-0.38047441840171814,-0.33258408308029175,-0.4168528914451599,0.6989216804504395,-0.4693266749382019,0.09176989029539533,-0.9460117152554129,0.028715261694383078,0.982853813993143,1.9284963878695176,0.0,0.06473958358774826,0.18808644844064232,-0.3276816067474351,0.13526041641225175,0.01191355155935769,0.3276816067474351,0.2,0.2,0.0,0.38333139862358023,-0.22166569931179012,True,True,True,False
0,209,0.09176989029539533,-0.9460117152554129,0.028715261694383078,0.982853813993143,1.9284963878695176,0.0,0.06473958358774826,0.18808644844064232,-0.3276816067474351,0.4580601751804352,-0.24559850990772247,0.7198334336280823,0.44950753450393677,0.634416937828064,-0.5982758402824402,0.07758365753996027,-0.9201132828853222,-0.050409692031551864,1.0015781742075687,1.940581115104124,0.0,0.06473958358774826,0.18808644844064232,-0.3276816067474351,0.13526041641225175,0.01191355155935769,0.3276816067474351,0.2,0.2,0.0,0.38333139862358023,-0.22166569931179012,True,True,True,False
0,210,0.07758365753996027,-0.9201132828853222,-0.050409692031551864,1.0015781742075687,1.940581115104124,0.0,0.06473958358774826,0.18808644844064232,-0.3276816067474351,0.4227784276008606,-0.31893351674079895,0.5817363262176514,-0.1520087867975235,0.7396198511123657,-0.6475201845169067,0.07758365753996027,-0.9201132828853222,-0.050409692031551864,1.0015781742075687,1.940581115104124,0.0,0.05757017724801908,0.18527388782419463,-0.3178542459804998,0.14242982275198093,0.014726112175805377,0.3178542459804998,0.2,0.2,0.0,0.3723869768207431,-0.10674927038200044,True,True,True,False
0,211,0.07758365753996027,-0.9201132828853222,-0.050409692031551864,1.0015781742075687,1.940581115104124,0.0,0.05757017724801908,0.18527388782419463,-0.3178542459804998,0.12602852284908295,-0.3092406988143921,0.5986223220825195,-0.3943759799003601,0.6621821522712708,-0.6366463899612427,0.09883539198481711,-0.9098736641098966,0.013447359323210003,0.9870929767294818,1.9637178471174135,0.0,0.05757017724801908,0.18527388782419463,-0.3178542459804998,0.14242982275198093,0.014726112175805377,0.3178542459804998,0.2,0.2,0.0,0.3723869768207431,-0.21619348841037156,True,True,True,False
0,212,0.09883539198481711,-0.9098736641098966,0.013447359323210003,0.9870929767294818,1.9637178471174135,0.0,0.05757017724801908,0.18527388782419463,-0.3178542459804998,0.016074420884251595,-0.418289452791214,-0.16478751599788666,0.6672399640083313,0.8428217172622681,-0.5387690663337708,0.09864071407274551,-0.9097087672307858,0.015286527659379554,0.9863914378082301,1.9639682840653863,0.0,0.05451688190527898,0.1838734078610456,-0.3135133515628463,0.14548311809472103,0.016126592138954395,0.3135133515628463,0.2,0.2,0.0,0.36752162132217125,-0.16510725567536697,True,True,True,False
0,213,0.09864071407274551,-0.9097087672307858,0.015286527659379554,0.9863914378082301,1.9639682840653863,0.0,0.05451688190527898,0.1838734078610456,-0.3135133515628463,-0.13003972172737122,-0.3741040527820587,0.21366921067237854,-0.18608473241329193,0.751827597618103,-0.6805034875869751,0.09426227963261902,-0.9067610667905531,0.03762441688563882,0.9740654463924069,1.9696761620809773,0.0,0.05106468035270398,0.1840723023012597,-0.30949556482987806,0.14893531964729603,0.015927697698740292,0.30949556482987806,0.2,0.2,0.0,0.36370003946023355,-0.1736342011107397,True,True,True,False
0,214,0.09426227963261902,-0.9067610667905531,0.03762441688563882,0.9740654463924069,1.9696761620809773,0.0,0.05106468035270398,0.1840723023012597,-0.30949556482987806,-0.3201438784599304,-0.36858657002449036,0.1740855872631073,0.26249396800994873,0.11455751955509186,-0.42179256677627563,0.087308087802044,-0.907048223451488,0.04080649305081287,0.974559939795754,1.9699881232291523,0.0,0.05088292282031118,0.18487203273431574,-0.30917398601182444,0.14911707717968883,0.015127967265684269,0.30917398601182444,0.2,0.2,0.0,0.36380667111598636,-0.21296965211552127,True,True,True,False
0,215,0.087308087802044,-0.907048223451488,0.04080649305081287,0.974559939795754,1.9699881232291523,0.0,0.05088292282031118,0.18487203273431574,-0.30917398601182444,0.07275564223527908,-0.47129419445991516,-0.010555797256529331,-0.0015911743976175785,0.1455344408750534,-0.3571643829345703,0.08000919532221032,-0.9082365309540898,0.04144717519897283,0.978096636169935,1.966613105581944,0.0,0.050917140574222086,0.1865255748270605,-0.30844101178655003,0.14908285942577792,0.013474425172939512,0.30844101178655003,0.2,0.2,0.0,0.36403324438948037,-0.2142823549296803,True,True,True,False
0,216,0.08000919532221032,-0.9082365309540898,0.04144717519897283,0.978096636169935,1.966613105581944,0.0,0.050917140574222086,0.1865255748270605,-0.30844101178655003,0.35078102350234985,-0.2961137294769287,0.2038893699645996,0.17858381569385529,0.40808171033859253,-0.5117857456207275,0.07917465743748106,-0.9099706855578238,0.03979481980853958,0.9792420100351411,1.9644182254744051,0.0,0.050917140574222086,0.1865255748270605,-0.30844101178655003,0.14908285942577792,0.013474425172939512,0.30844101178655003,0.2,0.2,0.0,0.36403324438948037,-0.21201662219474018,True,True,True,False
0,217,0.07917465743748106,-0.9099706855578238,0.03979481980853958,0.9792420100351411,1.9644182254744051,0.0,0.050917140574222086,0.1865255748270605,-0.30844101178655003,-0.15543639659881592,-0.4917735457420349,0.13235707581043243,0.3568853437900543,0.5601718425750732,-0.6162300109863281,0.07840240613136387,-0.9101223156231878,0.042899595861000825,0.9842427254313061,1.964904823859595,0.0,0.051233492165883465,0.18656222492253074,-0.30846919433426156,0.14876650783411655,0.013437775077469273,0.30846919433426156,0.2,0.2,0.0,0.3641202800460104,-0.2129304965883053,True,True,True,False
0,218,0.07840240613136387,-0.9101223156231878,0.042899595861000825,0.9842427254313061,1.964904823859595,0.0,0.051233492165883465,0.18656222492253074,-0.30846919433426156,-0.08293072134256363,-0.47764265537261963,0.3814534544944763,0.46643418073654175,0.5721088647842407,-0.566541314125061,0.0734389377120186,-0.9132816990479425,0.04470384178051361,0.9896198835386775,1.9660998544509156,0.0,0.05174744313292742,0.1875698792854881,-0.30741322774457525,0.1482525568670726,0.012430120714511904,0.30741322774457525,0.2,0.2,0.0,0.36381746807747734,-0.2088806143534082,True,True,True,False
0,219,0.0734389377120186,-0.9132816990479425,0.04470384178051361,0.9896198835386775,1.9660998544509156,0.0,0.05174744313292742,0.1875698792854881,-0.30741322774457525,-0.052980322390794754,-0.4962216913700104,0.2603444457054138,0.556791365146637,0.6866106986999512,-0.5926404595375061,0.07052524793067673,-0.91542605966389,0.05031886114479723,0.9947715605676193,1.9671723045012397,0.0,0.05174744313292742,0.1875698792854881,-0.30741322774457525,0.1482525568670726,0.012430120714511904,0.30741322774457525,0.2,0.2,0.0,0.36381746807747734,-0.21190873403873867,True,True,True,False
0,220,0.07052524793067673,-0.91542605966389,0.05031886114479723,0.9947715605676193,1.9671723045012397,0.0,0.05174744313292742,0.1875698792854881,-0.30741322774457525,-0.09917394071817398,-0.38123777508735657,0.2482243776321411,0.31825271248817444,0.3619769513607025,-0.384707510471344,0.07052524793067673,-0.91542605966389,0.05031886114479723,0.9947715605676193,1.9671723045012397,0.0,0.051698859408727954,0.18923082227543947,-0.30297785111207653,0.14830114059127206,0.010769177724560548,0.30297785111207653,0.2,0.2,0.0,0.3609385743138214,-0.18168034952035161,True,True,True,False
0,221,0.07052524793067673,-0.91542605966389,0.05031886114479723,0.9947715605676193,1.9671723045012397,0.0,0.051698859408727954,0.18923082227543947,-0.30297785111207653,-0.03950248286128044,-0.3262951970100403,0.6020224094390869,0.37776488065719604,0.07945583015680313,-0.5803239345550537,0.05278346417556334,-0.9195487427190198,0.07313534132269899,1.0188043917170604,1.9666008051782198,0.0,0.05078635407620555,0.1907817788892816,-0.29925944900768897,0.14921364592379446,0.00921822111071841,0.29925944900768897,0.2,0.2,0.0,0.3585152140940438,-0.18502400484924564,True,True,True,False
0,222,0.05278346417556334,-0.9195487427190198,0.07313534132269899,1.0188043917170604,1.9666008051782198,0.0,0.05078635407620555,0.1907817788892816,-0.29925944900768897,0.21012616157531738,-0.401390939950943,-0.37244170904159546,-0.39240774512290955,0.4378317594528198,-0.6951212286949158,0.05034517505488771,-0.918916337935679,0.07725450517505249,1.0207656878299542,1.9639981667007342,0.0,0.0498908406813153,0.1912556600779253,-0.29700374649862293,0.1501091593186847,0.008744339922074719,0.29700374649862293,0.2,0.2,0.0,0.3567618938871549,-0.19084774487468847,True,True,True,False
0,223,0.05034517505488771,-0.918916337935679,0.07725450517505249,1.0207656878299542,1.9639981667007342,0.0,0.0498908406813153,0.1912556600779253,-0.29700374649862293,0.12947037816047668,-0.4183932840824127,-0.7561681866645813,0.8375154137611389,0.44215068221092224,-0.7114750146865845,0.05034965966213137,-0.9205423061232462,0.05490965496984708,1.0241489192830018,1.9642425337637308,0.0,0.05253214504449316,0.19138767414877772,-0.30189364468558955,0.14746785495550685,0.008612325851222305,0.30189364468558955,0.2,0.2,0.0,0.3612874766451273,-0.25589956590228746,True,True,True,False
0,224,0.05034965966213137,-0.9205423061232462,0.05490965496984708,1.0241489192830018,1.9642425337637308,0.0,0.05253214504449316,0.19138767414877772,-0.30189364468558955,0.026774825528264046,-0.36602213978767395,0.05608836188912392,0.5034226775169373,0.21477581560611725,-0.737756073474884,0.04888505471524852,-0.9218496409343025,0.04487003567026269,1.0361439628156761,1.9637339408153864,0.0,0.05253214504449316,0.19138767414877772,-0.30189364468558955,0.14746785495550685,0.008612325851222305,0.30189364468558955,0.2,0.2,0.0,0.3612874766451273,-0.21064373832256364,True,True,True,False
0,225,0.04888505471524852,-0.9218496409343025,0.04487003567026269,1.0361439628156761,1.9637339408153864,0.0,0.05253214504449316,0.19138767414877772,-0.30189364468558955,-0.17513127624988556,-0.3322274684906006,0.5610920190811157,-0.31171920895576477,0.4486047923564911,-0.6424225568771362,0.04281542972780757,-0.9208921706368302,0.05355866355070249,1.0370783757261244,1.9623732660568536,0.0,0.054154484421008814,0.19182326234988967,-0.30272602688983286,0.1458455155789912,0.008176737650110344,0.30272602688983286,0.2,0.2,0.0,0.36245264451782344,-0.22287800098587332,True,True,True,False
0,226,0.04281542972780757,-0.9208921706368302,0.05355866355070249,1.0370783757261244,1.9623732660568536,0.0,0.054154484421008814,0.19182326234988967,-0.30272602688983286,-0.3428262770175934,-0.4835841655731201,-0.024743996560573578,-0.2653301954269409,0.38590094447135925,-0.5138952136039734,0.034736056678132274,-0.9209019996659558,0.06159518851377957,1.0294970019129832,1.9625387013998516,0.0,0.052296309159980625,0.19296442616893345,-0.2998788031562378,0.14770369084001939,0.0070355738310665696,0.2998788031562378,0.2,0.2,0.0,0.36041291639018663,-0.18980917691872523,True,True,True,False
0,227,0.034736056678132274,-0.9209019996659558,0.06159518851377957,1.0294970019129832,1.9625387013998516,0.0,0.052296309159980625,0.19296442616893345,-0.2998788031562378,-0.17923615872859955,-0.33402925729751587,-0.8416211009025574,0.5208801627159119,0.5234935283660889,-0.5828408598899841,0.02684468040282288,-0.9230143081306766,0.049848145216401206,1.0282372897767442,1.9626160631241527,0.0,0.05266499793487614,0.19486039801391591,-0.3014559846617494,0.14733500206512387,0.005139601986084088,0.3014559846617494,0.2,0.2,0.0,0.36279455261898175,-0.23521363859744202,True,True,True,False
0,228,0.02684468040282288,-0.9230143081306766,0.049848145216401206,1.0282372897767442,1.9626160631241527,0.0,0.05266499793487614,0.19486039801391591,-0.3014559846617494,0.5482227206230164,-0.3177908658981323,0.0574093796312809,0.4607105255126953,0.371709406375885,-0.567101001739502,0.022166380576930576,-0.9211053529341479,0.035081936961115286,1.0406833412041097,1.9637894896051753,0.0,0.054879682922082784,0.19626963998619076,-0.3046813963169491,0.14512031707791723,0.0037303600138092466,0.3046813963169491,0.2,0.2,0.0,0.3665573685517495,-0.250906843603552,True,True,True,False
0,229,0.022166380576930576,-0.9211053529341479,0.035081936961115286,1.0406833412041097,1.9637894896051753,0.0,0.054879682922082784,0.19626963998619076,-0.3046813963169491,-0.1045130118727684,-0.3199896812438965,-0.18729136884212494,-0.39439859986305237,0.5404897332191467,-0.5216138362884521,0.025421815464642034,-0.9191801768760295,0.02895151353855979,1.0415853648347697,1.9640479944499438,0.0,0.05497526905494088,0.19520123849050652,-0.3044729147051404,0.14502473094505913,0.0047987615094934885,0.3044729147051404,0.2,0.2,0.0,0.3658272263035304,-0.20561219066957417,True,True,True,False
0,230,0.025421815464642034,-0.9191801768760295,0.02895151353855979,1.0415853648347697,1.9640479944499438,0.0,0.05497526905494088,0.19520123849050652,-0.3044729147051404,0.17074644565582275,-0.2740458846092224,0.08143974840641022,-0.13455578684806824,0.40967321395874023,-0.6395128965377808,0.025421815464642034,-0.9191801768760295,0.02895151353855979,1.0415853648347697,1.9640479944499438,0.0,0.05152400933722659,0.19557077915901053,-0.3086762339905591,0.14847599066277342,0.004429220840989479,0.3086762339905591,0.2,0.2,0.0,0.3690307177317892,-0.2465502731484828,True,True,True,False
0,231,0.025421815464642034,-0.9191801768760295,0.02895151353855979,1.0415853648347697,1.9640479944499438,0.0,0.05152400933722659,0.19557077915901053,-0.3086762339905591,-0.05224351957440376,-0.4436279237270355,0.5299997329711914,0.20642124116420746,0.3897544741630554,-0.8013996481895447,0.024618441212221277,-0.8940797836561668,0.015531537003422686,1.0059438049746858,1.9641598909304445,0.0,0.05152400933722659,0.19557077915901053,-0.3086762339905591,0.14847599066277342,0.004429220840989479,0.3086762339905591,0.2,0.2,0.0,0.3690307177317892,-0.2145153588658946,True,True,True,False
0,232,0.024618441212221277,-0.8940797836561668,0.015531537003422686,1.0059438049746858,1.9641598909304445,0.0,0.05152400933722659,0.19557077915901053,-0.3086762339905591,-0.0832507386803627,-0.5429323315620422,0.22596375644207,-0.11005102843046188,0.641504168510437,-0.594820499420166,0.021329486278536883,-0.8975684903733446,0.026587987966645587,1.0072683631544688,1.9646626323766563,0.0,0.050351190653844,0.19559456498176117,-0.30756473972703713,0.14964880934615601,0.0044054350182388315,0.30756473972703713,0.2,0.2,0.0,0.3679518248005087,-0.2031869830874494,True,True,True,False
0,233,0.021329486278536883,-0.8975684903733446,0.026587987966645587,1.0072683631544688,1.9646626323766563,0.0,0.050351190653844,0.19559456498176117,-0.30756473972703713,-0.14430922269821167,-0.26987943053245544,-0.11392135173082352,-0.5786283016204834,0.45493167638778687,-0.531456708908081,0.01706600354516987,-0.9008103800754558,0.02765995682118503,1.0023871833128166,1.9664085953099733,0.0,0.050695470356365235,0.1964045041430572,-0.30667082274254265,0.14930452964363478,0.0035954958569428055,0.30667082274254265,0.2,0.2,0.0,0.36768431226246423,-0.21116703075078744,True,True,True,False
0,234,0.01706600354516987,-0.9008103800754558,0.02765995682118503,1.0023871833128166,1.9664085953099733,0.0,0.050695470356365235,0.1964045041430572,-0.30667082274254265,-0.014726490713655949,-0.4956813454627991,-0.006718856748193502,0.7023783326148987,0.5667532682418823,-0.7427459955215454,0.012833852281085712,-0.9002036465633935,0.02138188509105344,0.9987349106567276,1.967070655941814,0.0,0.05087605148837018,0.19724268584208013,-0.3091816818014539,0.14912394851162983,0.0027573141579198953,0.3091816818014539,0.2,0.2,0.0,0.3702517550192305,-0.24080030507727818,True,True,True,False
0,235,0.012833852281085712,-0.9002036465633935,0.02138188509105344,0.9987349106567276,1.967070655941814,0.0,0.05087605148837018,0.19724268584208013,-0.3091816818014539,-0.014403099194169044,-0.29857128858566284,-0.7164443731307983,0.30215874314308167,0.6401277780532837,-0.8077411651611328,0.009006580869277652,-0.9047898267623123,0.009503900985144849,1.0135324216932118,1.9695587334822446,0.0,0.053220540101331676,0.19787739375762003,-0.3098863035482873,0.14677945989866834,0.0021226062423799767,0.3098863035482873,0.2,0.2,0.0,0.3715069447208314,-0.22830536937642448,True,True,True,False
0,236,0.009006580869277652,-0.9047898267623123,0.009503900985144849,1.0135324216932118,1.9695587334822446,0.0,0.053220540101331676,0.19787739375762003,-0.3098863035482873,-0.20889490842819214,-0.36752599477767944,0.4053747057914734,-0.18229997158050537,0.4554666578769684,-0.7541884183883667,0.004832039834570138,-0.9025335416844928,-0.0024516121802148827,1.018629200594387,1.9723016059248009,0.0,0.05460001522746216,0.19861776087523325,-0.3124404450047408,0.14539998477253785,0.001382239124766771,0.3124404450047408,0.2,0.2,0.0,0.37423149022054636,-0.24436120010742277,True,True,True,False
0,237,0.004832039834570138,-0.9025335416844928,-0.0024516121802148827,1.018629200594387,1.9723016059248009,0.0,0.05460001522746216,0.19861776087523325,-0.3124404450047408,0.14159055054187775,-0.36174413561820984,0.5353415012359619,-0.555322527885437,0.15804018080234528,-0.7745648622512817,-0.00026106412038439357,-0.9028207180122089,0.013205640032833272,1.0119699357911085,1.9715314587301314,0.0,0.05281475415407125,0.19941720919636632,-0.30982685453253445,0.14718524584592876,0.0005827908036336888,0.30982685453253445,0.2,0.2,0.0,0.3722221129507845,-0.19601728377777367,True,True,True,False
0,238,-0.00026106412038439357,-0.9028207180122089,0.013205640032833272,1.0119699357911085,1.9715314587301314,0.0,0.05281475415407125,0.19941720919636632,-0.30982685453253445,0.3466908633708954,-0.2816162109375,0.3179854154586792,0.04128292202949524,0.36568066477775574,-0.5407509803771973,0.0013000922202223177,-0.9021548905013778,0.025229464237904998,1.004835354067696,1.969185832654238,0.0,0.05281475415407125,0.19941720919636632,-0.30982685453253445,0.14718524584592876,0.0005827908036336888,0.30982685453253445,0.2,0.2,0.0,0.3722221129507845,-0.21611105647539225,True,True,True,False
0,239,0.0013000922202223177,-0.9021548905013778,0.025229464237904998,1.004835354067696,1.969185832654238,0.0,0.05281475415407125,0.19941720919636632,-0.30982685453253445,0.26043403148651123,-0.060874324291944504,-0.573287844657898,0.32476383447647095,0.5762532353401184,-0.5330919027328491,0.006876533307550566,-0.8965025693281334,0.027759805796533463,1.0070244971622166,1.9688005642834585,0.0,0.050838687747480626,0.19897470162854713,-0.3072175321170073,0.14916131225251938,0.0010252983714528648,0.3072175321170073,0.2,0.2,0.0,0.36953770592474,-0.187924782701925,True,True,True,False
0,240,0.006876533307550566,-0.8965025693281334,0.027759805796533463,1.0070244971622166,1.9688005642834585,0.0,0.050838687747480626,0.19897470162854713,-0.3072175321170073,-0.03306098282337189,-0.47091731429100037,0.30152302980422974,0.11499478667974472,0.5613754391670227,-0.8095310926437378,0.006876533307550566,-0.8965025693281334,0.027759805796533463,1.0070244971622166,1.9688005642834585,0.0,0.04958073447018482,0.19845105990769138,-0.3054907665719353,0.1504192655298152,0.0015489400923086277,0.3054907665719353,0.2,0.2,0.0,0.3676488553903,-0.1949359223507501,True,True,True,False
0,241,0.006876533307550566,-0.8965025693281334,0.027759805796533463,1.0070244971622166,1.9688005642834585,0.0,0.04958073447018482,0.19845105990769138,-0.3054907665719353,-0.33154159784317017,-0.3844141364097595,-0.36059457063674927,-0.27423906326293945,0.3159433603286743,-0.5871886014938354,0.006876533307550566,-0.8965025693281334,0.027759805796533463,1.0070244971622166,1.9688005642834585,0.0,0.05014342383557138,0.2050983042489531,-0.28583414772772386,0.14985657616442863,-0.005098304248953068,0.28583414772772386,0.2,0.2,0.0,0.355360151630686,-0.08479303821920306,True,True,True,False
0,242,0.006876533307550566,-0.8965025693281334,0.027759805796533463,1.0070244971622166,1.9688005642834585,0.0,0.05014342383557138,0.2050983042489531,-0.28583414772772386,-0.20710857212543488,-0.43346649408340454,-0.5307243466377258,0.32332277297973633,0.4260989725589752,-0.8663058876991272,0.006876533307550566,-0.8965025693281334,0.027759805796533463,1.0070244971622166,1.9688005642834585,0.0,0.05014342383557138,0.2050983042489531,-0.28583414772772386,0.14985657616442863,-0.005098304248953068,0.28583414772772386,0.2,0.2,0.0,0.355360151630686,-0.207680075815343,True,True,True,False
0,243,0.006876533307550566,-0.8965025693281334,0.027759805796533463,1.0070244971622166,1.9688005642834585,0.0,0.05014342383557138,0.2050983042489531,-0.28583414772772386,-0.22477535903453827,-0.665958821773529,0.47247493267059326,0.4118492007255554,-0.12428436428308487,-0.7513498663902283,0.006876533307550566,-0.8965025693281334,0.027759805796533463,1.0070244971622166,1.9688005642834585,0.0,0.055935466306956505,0.20844502697353798,-0.2934972808630876,0.1440645336930435,-0.008445026973537956,0.2934972808630876,0.2,0.2,0.0,0.36430585986915137,-0.30161001231922924,True,True,True,False
0,244,0.006876533307550566,-0.8965025693281334,0.027759805796533463,1.0070244971622166,1.9688005642834585,0.0,0.055935466306956505,0.20844502697353798,-0.2934972808630876,0.10878649353981018,-0.4893682301044464,-0.1559511125087738,0.2530362010002136,0.3134306073188782,-0.7254732847213745,-0.1060440475589409,-0.9729992732056394,-0.007792007502670591,1.1018106046478886,1.984864350428959,0.0,0.07243370799821439,0.21412869475921997,-0.3140812898089549,0.12756629200178562,-0.014128694759219958,0.3140812898089549,0.2,0.2,0.0,0.3869687281702677,-0.45011304709629685,True,True,True,False
0,245,-0.1060440475589409,-0.9729992732056394,-0.007792007502670591,1.1018106046478886,1.984864350428959,0.0,0.07243370799821439,0.21412869475921997,-0.3140812898089549,0.66412353515625,-0.46503162384033203,0.7050942182540894,-0.9698083996772766,0.6384925842285156,-0.8181744813919067,-0.10113326015565444,-0.9754115020870894,-0.006559990014206852,1.0974420235686815,1.9843540889351448,0.0,0.07243370799821439,0.21412869475921997,-0.3140812898089549,0.12756629200178562,-0.014128694759219958,0.3140812898089549,0.2,0.2,0.0,0.3869687281702677,-0.22348436408513384,True,True,True,False
0,246,-0.10113326015565444,-0.9754115020870894,-0.006559990014206852,1.0974420235686815,1.9843540889351448,0.0,0.07243370799821439,0.21412869475921997,-0.3140812898089549,0.48438170552253723,-0.4732256829738617,-0.34538695216178894,-0.5816551446914673,0.7531350255012512,-0.5870925188064575,-0.09210223534794082,-0.9769329358258426,0.0014491895055733937,1.0866265116027736,1.9860432063083386,0.0,0.07210493878052185,0.21297690213135795,-0.3143271302177426,0.12789506121947816,-0.01297690213135794,0.3143271302177426,0.2,0.2,0.0,0.38647099222184134,-0.2182581366266573,True,True,True,False
0,247,-0.09210223534794082,-0.9769329358258426,0.0014491895055733937,1.0866265116027736,1.9860432063083386,0.0,0.07210493878052185,0.21297690213135795,-0.3143271302177426,0.7436543703079224,-0.33142679929733276,-0.38539499044418335,-0.7092093229293823,0.7420613765716553,-0.8660517334938049,-0.08410514238620563,-0.9772662928660704,-0.011256657236265713,1.0761083953568302,1.9885265020716967,0.0,0.07290851595206496,0.2113704506857319,-0.3175050630319567,0.12709148404793505,-0.011370450685731889,0.3175050630319567,0.2,0.2,0.0,0.38833308405587685,-0.2427874603682936,True,True,True,False
0,248,-0.08410514238620563,-0.9772662928660704,-0.011256657236265713,1.0761083953568302,1.9885265020716967,0.0,0.07290851595206496,0.2113704506857319,-0.3175050630319567,0.48988041281700134,-0.5116358995437622,-0.18132199347019196,-0.8960433602333069,0.6303148865699768,-0.692091166973114,-0.07306956713222555,-0.9766459231980479,-0.023495466555409766,1.061691518255189,1.9911369459525725,0.0,0.07427421403311715,0.20937195110552254,-0.3226824591777413,0.12572578596688286,-0.009371951105522518,0.3226824591777413,0.2,0.2,0.0,0.3917617161502197,-0.26016717901853836,True,True,True,False
0,249,-0.07306956713222555,-0.9766459231980479,-0.023495466555409766,1.061691518255189,1.9911369459525725,0.0,0.07427421403311715,0.20937195110552254,-0.3226824591777413,0.5971429347991943,-0.510590136051178,-0.781665027141571,-0.7249137163162231,0.755378782749176,-0.7960925698280334,-0.06743022741115191,-0.9789771649418384,-0.02972143940246125,1.0520915182694168,1.992343366394209,0.0,0.07427421403311715,0.20937195110552254,-0.3226824591777413,0.12572578596688286,-0.009371951105522518,0.3226824591777413,0.2,0.2,0.0,0.3917617161502197,-0.22588085807510985,True,True,True,False
0,250,-0.06743022741115191,-0.9789771649418384,-0.02972143940246125,1.0520915182694168,1.992343366394209,0.0,0.07427421403311715,0.20937195110552254,-0.3226824591777413,0.5908156037330627,-0.5835270881652832,0.7909471988677979,-0.4006441533565521,0.6487997770309448,-0.7663963437080383,-0.06743022741115191,-0.9789771649418384,-0.02972143940246125,1.0520915182694168,1.992343366394209,0.0,0.07525281923757303,0.2060256289167152,-0.3254002323492736,0.12474718076242698,-0.006025628916715168,0.3254002323492736,0.2,0.2,0.0,0.3924217855658528,-0.23281158693925708,True,True,True,False
0,251,-0.06743022741115191,-0.9789771649418384,-0.02972143940246125,1.0520915182694168,1.992343366394209,0.0,0.07525281923757303,0.2060256289167152,-0.3254002323492736,0.5294262170791626,-0.6071763038635254,-0.2301071733236313,-0.3962462842464447,0.5300299525260925,-0.7050720453262329,-0.06743022741115191,-0.9789771649418384,-0.02972143940246125,1.0520915182694168,1.992343366394209,0.0,0.07448743049603809,0.19984605030919153,-0.323581541042935,0.12551256950396192,0.00015394969080847836,0.323581541042935,0.2,0.2,0.0,0.3875459131894009,-0.17501423283018172,True,True,True,False
0,252,-0.06743022741115191,-0.9789771649418384,-0.02972143940246125,1.0520915182694168,1.992343366394209,0.0,0.07448743049603809,0.19984605030919153,-0.323581541042935,0.6995874047279358,-0.2609040141105652,0.5071568489074707,-0.27959439158439636,0.7221226096153259,-0.8315329551696777,0.017889441479543643,-1.0267752627484308,0.05775878881887183,0.9766336358871459,2.00919680577978,0.0,0.07400938662619785,0.19695765487959113,-0.3223230888837487,0.12599061337380216,0.0030423451204088683,0.3223230888837487,0.2,0.2,0.0,0.3849180182220821,-0.19618005943785305,True,True,True,False
0,253,0.017889441479543643,-1.0267752627484308,0.05775878881887183,0.9766336358871459,2.00919680577978,0.0,0.07400938662619785,0.19695765487959113,-0.3223230888837487,0.6136610507965088,-0.1961667686700821,0.11340388655662537,0.11646252870559692,0.6009764671325684,-0.7394866347312927,0.024710611328475265,-1.022705763643988,0.06641436499047576,0.9740173027960322,2.010723289761216,0.0,0.07227410697838266,0.19588351606427715,-0.32065685004326494,0.12772589302161735,0.0041164839357228766,0.32065685004326494,0.2,0.2,0.0,0.38264175658818983,-0.19855826195517218,True,True,True,False
0,254,0.024710611328475265,-1.022705763643988,0.06641436499047576,0.9740173027960322,2.010723289761216,0.0,0.07227410697838266,0.19588351606427715,-0.32065685004326494,0.5187821388244629,-0.41930973529815674,0.3762929439544678,-0.09625260531902313,0.22840124368667603,-0.733522891998291,0.029506322356163184,-1.018956027365915,0.06732063496875287,0.9750736828118838,2.0109160793860528,0.0,0.07227410697838266,0.19588351606427715,-0.32065685004326494,0.12772589302161735,0.0041164839357228766,0.32065685004326494,0.2,0.2,0.0,0.38264175658818983,-0.2213208782940949,True,True,True,False
0,255,0.029506322356163184,-1.018956027365915,0.06732063496875287,0.9750736828118838,2.0109160793860528,0.0,0.07227410697838266,0.19588351606427715,-0.32065685004326494,0.4929853081703186,-0.42672815918922424,0.5330578684806824,-0.4480634033679962,0.45241737365722656,-0.7633689045906067,0.03336466096031952,-1.0187555610054164,0.07357554851166559,0.9735524770834398,2.0093267388224416,0.0,0.07071632319358351,0.19471307542562646,-0.3188524268528037,0.1292836768064165,0.0052869245743735385,0.3188524268528037,0.2,0.2,0.0,0.3802378863522776,-0.19608024081701672,True,True,True,False
0,256,0.03336466096031952,-1.0187555610054164,0.07357554851166559,0.9735524770834398,2.0093267388224416,0.0,0.07071632319358351,0.19471307542562646,-0.3188524268528037,0.6219347715377808,-0.21242664754390717,0.05679921433329582,0.1473677009344101,0.4187951982021332,-0.6512812376022339,0.03718529736066726,-1.0179760209848498,0.08081582616127046,0.9699897928463947,2.008952471020975,0.0,0.07071632319358351,0.19471307542562646,-0.3188524268528037,0.1292836768064165,0.0052869245743735385,0.3188524268528037,0.2,0.2,0.0,0.3802378863522776,-0.2201189431761388,True,True,True,False
0,257,0.03718529736066726,-1.0179760209848498,0.08081582616127046,0.9699897928463947,2.008952471020975,0.0,0.07071632319358351,0.19471307542562646,-0.3188524268528037,0.6685208082199097,-0.49971020221710205,0.8470895290374756,-0.11385355144739151,0.7605102062225342,-0.7086848020553589,0.04397551597901206,-1.015225907099806,0.08704892651598121,0.9709992500451877,2.0093355207826598,0.0,0.06921676532289206,0.19380268745805732,-0.31721468000874176,0.13078323467710795,0.0061973125419427025,0.31721468000874176,0.2,0.2,0.0,0.37812113863255276,-0.19789309211902772,True,True,True,False
0,258,0.04397551597901206,-1.015225907099806,0.08704892651598121,0.9709992500451877,2.0093355207826598,0.0,0.06921676532289206,0.19380268745805732,-0.31721468000874176,0.2561874985694885,-0.1818253993988037,-0.29772889614105225,-0.613274872303009,0.5943014621734619,-0.6713501214981079,0.05062493164388976,-1.014402268720138,0.09190148933239005,0.9665975138794105,2.0115641385049785,0.0,0.06731901485682917,0.19208170577804104,-0.3137847124755364,0.13268098514317084,0.007918294221958961,0.3137847124755364,0.2,0.2,0.0,0.37401614569327213,-0.1759581434538298,True,True,True,False
0,259,0.05062493164388976,-1.014402268720138,0.09190148933239005,0.9665975138794105,2.0115641385049785,0.0,0.06731901485682917,0.19208170577804104,-0.3137847124755364,0.2672804296016693,-0.22812236845493317,0.35836803913116455,0.36782899498939514,0.6165226697921753,-0.6891948580741882,0.05213191644259526,-1.0071383298238872,0.08507574720804767,0.9614021850222492,2.0125556730825718,0.0,0.06707039595788186,0.1918397303229781,-0.3166686234504973,0.13292960404211815,0.008160269677021915,0.3166686234504973,0.2,0.2,0.0,0.3762710953851928,-0.24068504461180334,True,True,True,False
0,260,0.05213191644259526,-1.0071383298238872,0.08507574720804767,0.9614021850222492,2.0125556730825718,0.0,0.06707039595788186,0.1918397303229781,-0.3166686234504973,0.5185477137565613,-0.18268392980098724,-0.3613622486591339,0.12451670318841934,0.39723265171051025,-0.8041661977767944,0.05213191644259526,-1.0071383298238872,0.08507574720804767,0.9614021850222492,2.0125556730825718,0.0,0.06400028164843052,0.18713190381445424,-0.31819748923505387,0.1359997183515695,0.012868096185545764,0.31819748923505387,0.2,0.2,0.0,0.3746518752546059,-0.2011337363214339,True,True,True,False
0,261,0.05213191644259526,-1.0071383298238872,0.08507574720804767,0.9614021850222492,2.0125556730825718,0.0,0.06400028164843052,0.18713190381445424,-0.31819748923505387,0.3054889738559723,-0.3377782106399536,-0.08738917857408524,-0.5440669655799866,0.5040166974067688,-0.4438784718513489,0.09366209612438238,-0.9531717445873467,0.0178635889235445,0.9831404522850538,2.005015948091402,0.0,0.06359581880794546,0.18545372954799197,-0.3200153500500863,0.13640418119205455,0.014546270452008047,0.3200153500500863,0.2,0.2,0.0,0.37529633390268025,-0.22409275343208343,True,True,True,False
0,262,0.09366209612438238,-0.9531717445873467,0.0178635889235445,0.9831404522850538,2.005015948091402,0.0,0.06359581880794546,0.18545372954799197,-0.3200153500500863,0.09313468635082245,-0.25866517424583435,0.1379474252462387,-0.5106385350227356,0.6892573833465576,-0.7299191951751709,0.09474419596778824,-0.9513118371762339,0.012437628736211896,0.9735522241426193,2.0052991063413566,0.0,0.06359581880794546,0.18545372954799197,-0.3200153500500863,0.13640418119205455,0.014546270452008047,0.3200153500500863,0.2,0.2,0.0,0.37529633390268025,-0.21764816695134012,True,True,True,False
0,263,0.09474419596778824,-0.9513118371762339,0.012437628736211896,0.9735522241426193,2.0052991063413566,0.0,0.06359581880794546,0.18545372954799197,-0.3200153500500863,0.1433515101671219,-0.26557573676109314,-0.46849653124809265,-0.45794326066970825,0.33424535393714905,-0.41494423151016235,0.09254512903329748,-0.947265290311035,0.012180591499518192,0.9648459322126398,2.0069921934531085,0.0,0.06355662074469604,0.18535697353057287,-0.3220727561166392,0.13644337925530398,0.014643026469427133,0.3220727561166392,0.2,0.2,0.0,0.37699802639996244,-0.23551593817280314,True,True,True,False
0,264,0.09254512903329748,-0.947265290311035,0.012180591499518192,0.9648459322126398,2.0069921934531085,0.0,0.06355662074469604,0.18535697353057287,-0.3220727561166392,-0.09457407146692276,-0.43054327368736267,0.31617307662963867,0.22913525998592377,0.7969439625740051,-0.47176694869995117,0.09131530622147466,-0.9455275268952056,0.004250347307864424,0.9614768127451169,2.00640181162002,0.0,0.06351431159264617,0.18571111948046573,-0.3246680142418501,0.13648568840735384,0.014288880519534279,0.3246680142418501,0.2,0.2,0.0,0.37938372019305433,-0.24354879802744608,True,True,True,False
0,265,0.09131530622147466,-0.9455275268952056,0.004250347307864424,0.9614768127451169,2.00640181162002,0.0,0.06351431159264617,0.18571111948046573,-0.3246680142418501,0.19929812848567963,-0.326275497674942,0.1344297230243683,0.7114222049713135,0.5417758822441101,-0.5374617576599121,0.0863130672816373,-0.9466023066096716,0.012163751243887294,0.9670191127898566,2.0093639860721186,0.0,0.06263296401775426,0.18645848988521466,-0.32221802080589157,0.13736703598224576,0.013541510114785348,0.32221802080589157,0.2,0.2,0.0,0.3775104098749993,-0.2000221017569492,True,True,True,False
0,266,0.0863130672816373,-0.9466023066096716,0.012163751243887294,0.9670191127898566,2.0093639860721186,0.0,0.06263296401775426,0.18645848988521466,-0.32221802080589157,0.3156062066555023,-0.4784925878047943,0.1713823676109314,-0.028627388179302216,0.8044843673706055,-0.7277223467826843,0.08667675414386371,-0.9457868629837506,0.014690655345987453,0.9782711523392748,2.0106920527426113,0.0,0.06263296401775426,0.18645848988521466,-0.32221802080589157,0.13736703598224576,0.013541510114785348,0.32221802080589157,0.2,0.2,0.0,0.3775104098749993,-0.21875520493749964,True,True,True,False
0,267,0.08667675414386371,-0.9457868629837506,0.014690655345987453,0.9782711523392748,2.0106920527426113,0.0,0.06263296401775426,0.18645848988521466,-0.32221802080589157,0.2608693540096283,-0.33704280853271484,-0.025689000263810158,-0.13216446340084076,0.7639440298080444,-0.4410492777824402,0.08819060305786502,-0.9473283774366456,0.015617220594079715,0.9773743685183841,2.0137845811880695,0.0,0.06221458227914875,0.1863657264056931,-0.3201932174098642,0.13778541772085126,0.013634273594306915,0.3201932174098642,0.2,0.2,0.0,0.37566811776110465,-0.19941113774160593,True,True,True,False
0,268,0.08819060305786502,-0.9473283774366456,0.015617220594079715,0.9773743685183841,2.0137845811880695,0.0,0.06221458227914875,0.1863657264056931,-0.3201932174098642,0.2255697399377823,-0.31797346472740173,0.10879166424274445,-0.08396466076374054,0.729653000831604,-0.17162202298641205,0.08887899455543678,-0.9447379205215183,0.013405997527698407,0.9749981756589782,2.017316129143175,0.0,0.06250184133571993,0.18612150811835282,-0.32060652684779933,0.13749815866428008,0.01387849188164718,0.32060652684779933,0.2,0.2,0.0,0.3759471252876051,-0.22076363790880707,True,True,True,False
0,269,0.08887899455543678,-0.9447379205215183,0.013405997527698407,0.9749981756589782,2.017316129143175,0.0,0.06250184133571993,0.18612150811835282,-0.32060652684779933,0.13306961953639984,-0.4892818331718445,0.3112362325191498,-0.5182539224624634,0.7051392793655396,-0.4994796812534332,0.08859277136675041,-0.9438423346089647,0.016650639484780527,0.9711659450385872,2.0199726758989596,0.0,0.06191414044695717,0.18598654781618296,-0.32057135608530407,0.13808585955304284,0.014013452183817054,0.32057135608530407,0.2,0.2,0.0,0.37575304536122883,-0.21593572341685174,True,True,True,False
0,270,0.08859277136675041,-0.9438423346089647,0.016650639484780527,0.9711659450385872,2.0199726758989596,0.0,0.06191414044695717,0.18598654781618296,-0.32057135608530407,-0.0018605270888656378,-0.30009546875953674,0.46552085876464844,0.689932107925415,0.833436131477356,-0.4417939782142639,0.08859277136675041,-0.9438423346089647,0.016650639484780527,0.9711659450385872,2.0199726758989596,0.0,0.05206622510099124,0.1875186208481766,-0.2996383142255351,0.14793377489900877,0.012481379151823395,0.2996383142255351,0.2,0.2,0.0,0.3572915396605268,-0.024030712823242983,True,True,True,False
0,271,0.08859277136675041,-0.9438423346089647,0.016650639484780527,0.9711659450385872,2.0199726758989596,0.0,0.05206622510099124,0.1875186208481766,-0.2996383142255351,-0.41164544224739075,-0.5467758178710938,0.27805763483047485,-0.10792151838541031,0.47254160046577454,-0.5477919578552246,0.08859277136675041,-0.9438423346089647,0.016650639484780527,0.9711659450385872,2.0199726758989596,0.0,0.05206622510099124,0.1875186208481766,-0.2996383142255351,0.14793377489900877,0.012481379151823395,0.2996383142255351,0.2,0.2,0.0,0.3572915396605268,-0.2086457698302634,True,True,True,False
0,272,0.08859277136675041,-0.9438423346089647,0.016650639484780527,0.9711659450385872,2.0199726758989596,0.0,0.05206622510099124,0.1875186208481766,-0.2996383142255351,-0.3847198486328125,-0.512164831161499,-0.5382625460624695,0.053618814796209335,0.6993743777275085,-0.616122305393219,0.0636313545004545,-0.9346289210057938,0.12307445229698934,1.0163468625825949,2.040349796392634,0.0,0.048073943329523666,0.18854313197255063,-0.2884509200949671,0.15192605667047634,0.011456868027449385,0.2884509200949671,0.2,0.2,0.0,0.34794187725093106,-0.11047431452950826,True,True,True,False
0,273,0.0636313545004545,-0.9346289210057938,0.12307445229698934,1.0163468625825949,2.040349796392634,0.0,0.048073943329523666,0.18854313197255063,-0.2884509200949671,-0.03204750642180443,-0.5663735866546631,-0.7234324216842651,0.05463738739490509,0.3552095592021942,-0.5441725254058838,0.055437565473384055,-0.9392850296367071,0.10555762686354368,1.0167370932266249,2.0407047857629115,0.0,0.05112445431216869,0.19038832226008165,-0.2943913638471555,0.14887554568783132,0.009611677739918362,0.2943913638471555,0.2,0.2,0.0,0.3542988825688193,-0.2707194944632921,True,True,True,False
0,274,0.055437565473384055,-0.9392850296367071,0.10555762686354368,1.0167370932266249,2.0407047857629115,0.0,0.05112445431216869,0.19038832226008165,-0.2943913638471555,-0.20008796453475952,-0.5918178558349609,-0.6918880343437195,0.41916123032569885,0.12105271220207214,-0.6545577049255371,0.0490077860112099,-0.9480896942389189,0.08340074479854775,1.0193472567173092,2.036562585415073,0.0,0.05509271430002863,0.19162150853712182,-0.3004738036676966,0.14490728569997138,0.008378491462878201,0.3004738036676966,0.2,0.2,0.0,0.3606085362183213,-0.2734008046041804,True,True,True,False
0,275,0.0490077860112099,-0.9480896942389189,0.08340074479854775,1.0193472567173092,2.036562585415073,0.0,0.05509271430002863,0.19162150853712182,-0.3004738036676966,0.16932134330272675,-0.4605391323566437,0.4698590934276581,-0.1360349953174591,0.4043108820915222,-0.8159931898117065,0.04444913387958601,-0.9531813178253303,0.07771321160669509,1.0232179774955736,2.0327909509998454,0.0,0.05509271430002863,0.19162150853712182,-0.3004738036676966,0.14490728569997138,0.008378491462878201,0.3004738036676966,0.2,0.2,0.0,0.3606085362183213,-0.21030426810916064,True,True,True,False
0,276,0.04444913387958601,-0.9531813178253303,0.07771321160669509,1.0232179774955736,2.0327909509998454,0.0,0.05509271430002863,0.19162150853712182,-0.3004738036676966,0.2738837003707886,-0.6092209815979004,-0.01735384203493595,0.19023588299751282,0.5148004293441772,-0.6154587268829346,0.04508221190631781,-0.956737577350005,0.08473040279350333,1.0218610984528944,2.031607612549585,0.0,0.0564725685547002,0.19239820734360688,-0.3014308480650335,0.1435274314452998,0.007601792656393119,0.3014308480650335,0.2,0.2,0.0,0.36203145906592726,-0.22524495800902342,True,True,True,False
0,277,0.04508221190631781,-0.956737577350005,0.08473040279350333,1.0218610984528944,2.031607612549585,0.0,0.0564725685547002,0.19239820734360688,-0.3014308480650335,-0.18497563898563385,-0.5202178955078125,-0.34992584586143494,-0.05344922095537186,0.4715287387371063,-0.45642152428627014,0.04672031599560627,-0.9651980431789645,0.0768632745354375,1.0250002203128101,2.031127912029503,0.0,0.05812536471388857,0.19217549139999737,-0.30252330029418273,0.14187463528611144,0.007824508600002628,0.30252330029418273,0.2,0.2,0.0,0.36308445951160906,-0.22207223421262248,True,True,True,False
0,278,0.04672031599560627,-0.9651980431789645,0.0768632745354375,1.0250002203128101,2.031127912029503,0.0,0.05812536471388857,0.19217549139999737,-0.30252330029418273,-0.195908784866333,-0.33240604400634766,0.3206123411655426,0.08860425651073456,0.7210811376571655,-0.6075721383094788,0.039175619549730985,-0.9679242258063254,0.06619612977091446,1.023752592751683,2.0310004409037865,0.0,0.061432753986899014,0.19313474308822787,-0.30745543187336577,0.138567246013101,0.006865256911772156,0.30745543187336577,0.2,0.2,0.0,0.36824428690559274,-0.2657204173926332,True,True,True,False
0,279,0.039175619549730985,-0.9679242258063254,0.06619612977091446,1.023752592751683,2.0310004409037865,0.0,0.061432753986899014,0.19313474308822787,-0.30745543187336577,0.369176983833313,-0.4463319182395935,-0.08006315678358078,0.539553165435791,0.590369462966919,-0.4747666120529175,0.035936303424666124,-0.9668877438794069,0.0692859169127638,1.0270951797734373,2.0324911606050953,0.0,0.060246335733860124,0.19397568442884527,-0.3054230761544863,0.1397536642661399,0.006024315571154746,0.3054230761544863,0.2,0.2,0.0,0.3667961866850105,-0.198917091136683,True,True,True,False
0,280,0.035936303424666124,-0.9668877438794069,0.0692859169127638,1.0270951797734373,2.0324911606050953,0.0,0.060246335733860124,0.19397568442884527,-0.3054230761544863,0.09935569018125534,-0.46876996755599976,-0.02853984758257866,-0.03924129903316498,0.47304147481918335,-0.6754964590072632,0.035936303424666124,-0.9668877438794069,0.0692859169127638,1.0270951797734373,2.0324911606050953,0.0,0.09412170197973167,0.19816179182471014,-0.3487699995226954,0.10587829802026834,0.001838208175289866,0.3487699995226954,0.2,0.2,0.0,0.4120285221799604,-0.688337616039479,True,True,True,False
0,281,0.035936303424666124,-0.9668877438794069,0.0692859169127638,1.0270951797734373,2.0324911606050953,0.0,0.09412170197973167,0.19816179182471014,-0.3487699995226954,0.658493161201477,-0.5751758813858032,0.42687463760375977,-0.6874983906745911,0.7737727165222168,-0.5778245329856873,0.010392235570478782,-1.0266245245003423,-0.07644738887213845,0.9920641665379186,2.010695067821307,0.0,0.09563847225626418,0.19832082792223626,-0.3503559545823741,0.10436152774373583,0.0016791720777637328,0.3503559545823741,0.2,0.2,0.0,0.41379604042885676,-0.2545732027033921,True,True,True,False
0,282,0.010392235570478782,-1.0266245245003423,-0.07644738887213845,0.9920641665379186,2.010695067821307,0.0,0.09563847225626418,0.19832082792223626,-0.3503559545823741,0.4329172670841217,-0.18813858926296234,0.19852736592292786,-0.9757081270217896,0.9635265469551086,-0.7033648490905762,0.010521394477979343,-1.0294076090765187,-0.0844156220486996,0.981821630950585,2.010674616946725,0.0,0.09613955861370448,0.19823410879115436,-0.35118809026588893,0.10386044138629554,0.0017658912088456664,0.35118809026588893,0.2,0.2,0.0,0.4145752662222667,-0.24507989104523278,True,True,True,False
0,283,0.010521394477979343,-1.0294076090765187,-0.0844156220486996,0.981821630950585,2.010674616946725,0.0,0.09613955861370448,0.19823410879115436,-0.35118809026588893,0.7043963074684143,-0.3923534154891968,0.6801053285598755,-0.7766073942184448,0.901620090007782,-0.337221622467041,0.01734561943481767,-1.0235368631331978,-0.07314743525375808,0.9681728588665843,2.0154255001949415,0.0,0.09252894425007165,0.19725220263268747,-0.3499748896930174,0.10747105574992837,0.002747797367312536,0.3499748896930174,0.2,0.2,0.0,0.41225290827733324,-0.212902874689332,True,True,True,False
0,284,0.01734561943481767,-1.0235368631331978,-0.07314743525375808,0.9681728588665843,2.0154255001949415,0.0,0.09252894425007165,0.19725220263268747,-0.3499748896930174,0.6282366514205933,-0.3632916808128357,-0.10928158462047577,-0.9800977110862732,0.8417224287986755,-0.40552380681037903,0.03171556965890473,-1.0212826907590242,-0.06050589742936882,0.9494562496275788,2.0214867367793676,0.0,0.09028569542320831,0.19546497128320192,-0.34948801175788824,0.1097143045767917,0.0045350287167980835,0.34948801175788824,0.2,0.2,0.0,0.4104874324011359,-0.2175889574385944,True,True,True,False
0,285,0.03171556965890473,-1.0212826907590242,-0.06050589742936882,0.9494562496275788,2.0214867367793676,0.0,0.09028569542320831,0.19546497128320192,-0.34948801175788824,0.6966589689254761,-0.5117599368095398,0.5534453392028809,-0.28353258967399597,0.832548975944519,-0.49281933903694153,0.040457704673216764,-1.0204936112357728,-0.05882582622010504,0.9386764217926371,2.0248639287395536,0.0,0.09028569542320831,0.19546497128320192,-0.34948801175788824,0.1097143045767917,0.0045350287167980835,0.34948801175788824,0.2,0.2,0.0,0.4104874324011359,-0.23524371620056794,True,True,True,False
0,286,0.040457704673216764,-1.0204936112357728,-0.05882582622010504,0.9386764217926371,2.0248639287395536,0.0,0.09028569542320831,0.19546497128320192,-0.34948801175788824,0.8341200947761536,-0.31165918707847595,0.6027686595916748,-0.907734751701355,0.7912216186523438,-0.5324522256851196,0.05529838897901897,-1.0222533389479362,-0.03848731257388426,0.9292093723904844,2.0295880638290846,0.0,0.08949273800110791,0.19401966377759405,-0.34965002164053616,0.1105072619988921,0.005980336222405968,0.34965002164053616,0.2,0.2,0.0,0.40976544232101003,-0.22766282035924645,True,True,True,False
0,287,0.05529838897901897,-1.0222533389479362,-0.03848731257388426,0.9292093723904844,2.0295880638290846,0.0,0.08949273800110791,0.19401966377759405,-0.34965002164053616,0.4044046700000763,-0.30881956219673157,0.728793740272522,-0.18978476524353027,0.6353491544723511,-0.4283216893672943,0.06567732850801253,-1.0172465584522912,-0.016887636227613908,0.9187034600963958,2.032065887560997,0.0,0.0865764999522752,0.19195082997288984,-0.3471369996149114,0.1134235000477248,0.008049170027110157,0.3471369996149114,0.2,0.2,0.0,0.40601072396293986,-0.19545817840076818,True,True,True,False
0,288,0.06567732850801253,-1.0172465584522912,-0.016887636227613908,0.9187034600963958,2.032065887560997,0.0,0.0865764999522752,0.19195082997288984,-0.3471369996149114,0.6293108463287354,-0.4087810814380646,0.6036058664321899,-0.3646549880504608,0.8719460368156433,-0.2650376856327057,0.06567732850801253,-1.0172465584522912,-0.016887636227613908,0.9187034600963958,2.032065887560997,0.0,0.0786847263819171,0.18907815753808943,-0.3391800489917012,0.1213152736180829,0.010921842461910568,0.3391800489917012,0.2,0.2,0.0,0.3962132525014888,-0.13013191163623394,True,True,True,False
0,289,0.06567732850801253,-1.0172465584522912,-0.016887636227613908,0.9187034600963958,2.032065887560997,0.0,0.0786847263819171,0.18907815753808943,-0.3391800489917012,0.6701078414916992,-0.5755466222763062,0.603477954864502,-0.23753739893436432,0.45335108041763306,-0.19711065292358398,0.06567732850801253,-1.0172465584522912,-0.016887636227613908,0.9187034600963958,2.032065887560997,0.0,0.05226439844763425,0.16428483703173777,-0.30068714702083144,0.14773560155236576,0.03571516296826224,0.30068714702083144,0.2,0.2,0.0,0.34660328245295774,0.29279805925883184,True,True,True,False
0,290,0.06567732850801253,-1.0172465584522912,-0.016887636227613908,0.9187034600963958,2.032065887560997,0.0,0.05226439844763425,0.16428483703173777,-0.30068714702083144,0.3091805875301361,-0.47976142168045044,0.1336163431406021,-0.2622492015361786,0.7484122514724731,-0.32100239396095276,0.06567732850801253,-1.0172465584522912,-0.016887636227613908,0.9187034600963958,2.032065887560997,0.0,0.05130564876709995,0.1626340527634151,-0.298212617161702,0.14869435123290006,0.03736594723658491,0.298212617161702,0.2,0.2,0.0,0.3435300128782028,-0.17103231069155184,True,True,True,False
0,291,0.06567732850801253,-1.0172465584522912,-0.016887636227613908,0.9187034600963958,2.032065887560997,0.0,0.05130564876709995,0.1626340527634151,-0.298212617161702,0.033499158918857574,-0.5071753263473511,0.42040616273880005,-0.3025873005390167,0.6226276755332947,0.025313451886177063,0.06567732850801253,-1.0172465584522912,-0.016887636227613908,0.9187034600963958,2.032065887560997,0.0,0.052760897321794176,0.1633879449934604,-0.30089046226271254,0.14723910267820584,0.036612055006539614,0.30089046226271254,0.2,0.2,0.0,0.34643095002620045,-0.23222484649307684,True,True,True,False
0,292,0.06567732850801253,-1.0172465584522912,-0.016887636227613908,0.9187034600963958,2.032065887560997,0.0,0.052760897321794176,0.1633879449934604,-0.30089046226271254,0.3240126967430115,-0.4536667764186859,0.11462310701608658,0.26536476612091064,0.5849099159240723,-0.43324145674705505,0.2215021384201101,-1.0093691686726152,0.23231527517956796,0.8075570822270516,2.1078104009362684,0.0,0.052760897321794176,0.1633879449934604,-0.30089046226271254,0.14723910267820584,0.036612055006539614,0.30089046226271254,0.2,0.2,0.0,0.34643095002620045,-0.20321547501310022,True,True,True,False
0,293,0.2215021384201101,-1.0093691686726152,0.23231527517956796,0.8075570822270516,2.1078104009362684,0.0,0.052760897321794176,0.1633879449934604,-0.30089046226271254,-0.3129611015319824,-0.09282168000936508,-0.8431322574615479,0.8892866969108582,-0.21805907785892487,0.6676089763641357,0.2215021384201101,-1.0093691686726152,0.23231527517956796,0.8075570822270516,2.1078104009362684,0.0,0.055512568685094216,0.1649518771090891,-0.30159675431015676,0.1444874313149058,0.03504812289091093,0.30159675431015676,0.2,0.2,0.0,0.3482116730585728,-0.22191306685301007,True,True,True,False
0,294,0.2215021384201101,-1.0093691686726152,0.23231527517956796,0.8075570822270516,2.1078104009362684,0.0,0.055512568685094216,0.1649518771090891,-0.30159675431015676,-0.6728289127349854,0.35874098539352417,-0.6229687929153442,0.5930501222610474,-0.34227341413497925,0.5331254005432129,0.2178251239007445,-1.0129811695781852,0.22721820146369998,0.818426671901112,2.10668803653301,0.0,0.055512568685094216,0.1649518771090891,-0.30159675431015676,0.1444874313149058,0.03504812289091093,0.30159675431015676,0.2,0.2,0.0,0.3482116730585728,-0.2041058365292864,True,True,True,False
0,295,0.2178251239007445,-1.0129811695781852,0.22721820146369998,0.818426671901112,2.10668803653301,0.0,0.055512568685094216,0.1649518771090891,-0.30159675431015676,-0.15737329423427582,-0.19812431931495667,-0.7566707134246826,0.48735347390174866,-0.3771181106567383,0.6689809560775757,0.2079769684617201,-1.0071062756199471,0.19993268645248483,0.8570420415766332,2.097224879983441,0.0,0.05619048065472004,0.16574498110294178,-0.3020470525232818,0.14380951934527997,0.034255018897058245,0.3020470525232818,0.2,0.2,0.0,0.349086222608434,-0.21328860680282916,True,True,True,False
0,296,0.2079769684617201,-1.0071062756199471,0.19993268645248483,0.8570420415766332,2.097224879983441,0.0,0.05619048065472004,0.16574498110294178,-0.3020470525232818,-0.0773472711443901,-0.505242109298706,-0.4830482304096222,0.9680743217468262,-0.2653351426124573,0.4673050343990326,0.20128795768945837,-1.0044040419379943,0.18314086340391592,0.8686790900350722,2.0885399921439745,0.0,0.05639425141928453,0.16735060574607483,-0.30400086659225345,0.14360574858071548,0.032649394253925185,0.30400086659225345,0.2,0.2,0.0,0.3515722738293803,-0.23064664912415264,True,True,True,False
0,297,0.20128795768945837,-1.0044040419379943,0.18314086340391592,0.8686790900350722,2.0885399921439745,0.0,0.05639425141928453,0.16735060574607483,-0.30400086659225345,-0.24813905358314514,0.05049903318285942,0.2645653188228607,0.5586508512496948,-0.049654148519039154,0.24746742844581604,0.18934212633668102,-1.0029866315989058,0.16984175381014363,0.886674803973526,2.074573430490332,0.0,0.058665102424915155,0.16964673078887912,-0.3062953848442974,0.14133489757508486,0.03035326921112088,0.3062953848442974,0.2,0.2,0.0,0.3550189717279859,-0.24197646485004928,True,True,True,False
0,298,0.18934212633668102,-1.0029866315989058,0.16984175381014363,0.886674803973526,2.074573430490332,0.0,0.058665102424915155,0.16964673078887912,-0.3062953848442974,-0.05641861632466316,-0.17196498811244965,-0.5510616302490234,0.7516072988510132,0.09785193204879761,0.3044614791870117,0.1802313751999971,-0.9914841417803424,0.1648053195104262,0.8996652605951764,2.067770161755404,0.0,0.05598207699080732,0.17093346511605834,-0.30315450743163863,0.1440179230091927,0.029066534883941675,0.30315450743163863,0.2,0.2,0.0,0.35249808200457894,-0.18104014376821975,True,True,True,False
0,299,0.1802313751999971,-0.9914841417803424,0.1648053195104262,0.8996652605951764,2.067770161755404,0.0,0.05598207699080732,0.17093346511605834,-0.30315450743163863,-0.14025641977787018,-0.3132793605327606,-0.47474148869514465,0.831089198589325,-0.04000122472643852,0.3216661512851715,0.17320796152018403,-0.985294605604179,0.1483066215500175,0.9139721377717148,2.061751620320974,0.0,0.05598207699080732,0.17093346511605834,-0.30315450743163863,0.1440179230091927,0.029066534883941675,0.30315450743163863,0.2,0.2,0.0,0.35249808200457894,-0.20624904100228947,True,True,True,False
0,300,0.17320796152018403,-0.985294605604179,0.1483066215500175,0.9139721377717148,2.061751620320974,0.0,0.05598207699080732,0.17093346511605834,-0.30315450743163863,-0.451140433549881,-0.37440767884254456,-0.43023914098739624,-0.37952739000320435,-0.15689265727996826,-0.1427963674068451,0.17320796152018403,-0.985294605604179,0.1483066215500175,0.9139721377717148,2.061751620320974,0.0,0.08715323373358143,0.20972336537573427,-0.36951685774019416,0.11284676626641858,-0.009723365375734259,0.36951685774019416,0.2,0.2,0.0,0.4337306586914636,-1.0591910962145785,True,True,True,False
0,301,0.17320796152018403,-0.985294605604179,0.1483066215500175,0.9139721377717148,2.061751620320974,0.0,0.08715323373358143,0.20972336537573427,-0.36951685774019416,0.051311299204826355,-0.35993364453315735,0.34401997923851013,-0.09429210424423218,0.2991437315940857,-0.5048490762710571,-0.0602444422444798,-0.9621949303366656,-0.09320700897684128,0.8183859442611,1.90136601023019,0.0,0.08286838515814636,0.21233916668554143,-0.36545193907033036,0.11713161484185365,-0.012339166685541416,0.36545193907033036,0.2,0.2,0.0,0.43070896291776134,-0.21513752372185807,True,True,True,False
0,302,-0.0602444422444798,-0.9621949303366656,-0.09320700897684128,0.8183859442611,1.90136601023019,0.0,0.08286838515814636,0.21233916668554143,-0.36545193907033036,0.5818727016448975,0.016495252028107643,0.3614240884780884,0.11296045780181885,0.5252571105957031,-0.2115272432565689,-0.10041001818250603,-0.9557029159310448,-0.10963467646692077,0.8076905587501402,1.8778701772789885,0.0,0.0781169779631506,0.2125410016111556,-0.35979938682872115,0.1218830220368494,-0.012541001611155601,0.35979938682872115,0.2,0.2,0.0,0.4251253207870502,-0.18672623908641345,True,True,True,False
0,303,-0.10041001818250603,-0.9557029159310448,-0.10963467646692077,0.8076905587501402,1.8778701772789885,0.0,0.0781169779631506,0.2125410016111556,-0.35979938682872115,0.816865086555481,-0.5636234283447266,-0.28583401441574097,-0.7026282548904419,0.46344834566116333,0.018776221200823784,-0.0867659462772776,-0.9528551472522535,-0.06772991388251354,0.811787370222993,1.881102500219385,0.0,0.07517437765746442,0.21232973189139068,-0.35633924296337427,0.1248256223425356,-0.012329731891390654,0.35633924296337427,0.2,0.2,0.0,0.4215599105429353,-0.20512585283031878,True,True,True,False
0,304,-0.0867659462772776,-0.9528551472522535,-0.06772991388251354,0.811787370222993,1.881102500219385,0.0,0.07517437765746442,0.21232973189139068,-0.35633924296337427,0.7309410572052002,-0.2921266555786133,-0.1354943811893463,-0.8374886512756348,0.36819973587989807,-0.39241889119148254,-0.07347932541099851,-0.9567493391855659,-0.08379539307696718,0.8001685710884339,1.8832724346175975,0.0,0.0806210204096157,0.20944727378775282,-0.3631940685913603,0.11937897959038431,-0.009447273787752815,0.3631940685913603,0.2,0.2,0.0,0.4269400905149987,-0.2972718449781335,True,True,True,False
0,305,-0.07347932541099851,-0.9567493391855659,-0.08379539307696718,0.8001685710884339,1.8832724346175975,0.0,0.0806210204096157,0.20944727378775282,-0.3631940685913603,0.6400442719459534,-0.3677735924720764,-0.23556046187877655,-0.7546657919883728,0.595020055770874,-0.22204384207725525,-0.05707136822372363,-0.9527578277816745,-0.09384260865708301,0.7846256313490715,1.8855002193406734,0.0,0.08128667319846213,0.20720115075342568,-0.36632569325593256,0.11871332680153789,-0.00720115075342566,0.36632569325593256,0.2,0.2,0.0,0.4286424543283796,-0.26134486529799883,True,True,True,False
0,306,-0.05707136822372363,-0.9527578277816745,-0.09384260865708301,0.7846256313490715,1.8855002193406734,0.0,0.08128667319846213,0.20720115075342568,-0.36632569325593256,0.36486685276031494,-0.29301533102989197,0.10538513213396072,0.7022729516029358,0.7123854160308838,-0.2674044668674469,-0.048213393846750476,-0.951356454719648,-0.09952239316336789,0.783093121052784,1.889299659799767,0.0,0.08219340266645976,0.20572546659064067,-0.36802827472381183,0.11780659733354025,-0.005725466590640656,0.36802827472381183,0.2,0.2,0.0,0.42956202583796105,-0.25397672801479493,True,True,True,False
0,307,-0.048213393846750476,-0.951356454719648,-0.09952239316336789,0.783093121052784,1.889299659799767,0.0,0.08219340266645976,0.20572546659064067,-0.36802827472381183,0.6194800138473511,-0.14236895740032196,0.2578842043876648,-0.30446916818618774,0.4940176010131836,-0.21805214881896973,-0.03889512652237012,-0.9454474577580761,-0.09340658957426075,0.7969173920034779,1.8954783358128504,0.0,0.0791264575205105,0.20463075672305114,-0.36442637445073145,0.12087354247948952,-0.004630756723051134,0.36442637445073145,0.2,0.2,0.0,0.42537198458772346,-0.20078557979148587,True,True,True,False
0,308,-0.03889512652237012,-0.9454474577580761,-0.09340658957426075,0.7969173920034779,1.8954783358128504,0.0,0.0791264575205105,0.20463075672305114,-0.36442637445073145,0.691796600818634,-0.41280612349510193,0.25704267621040344,-0.478420227766037,0.35969701409339905,-0.11024516075849533,-0.028883840905019713,-0.9404440399307104,-0.08509805288762379,0.7942812463002861,1.8971413113879507,0.0,0.0791264575205105,0.20463075672305114,-0.36442637445073145,0.12087354247948952,-0.004630756723051134,0.36442637445073145,0.2,0.2,0.0,0.42537198458772346,-0.24268599229386173,True,True,True,False
0,309,-0.028883840905019713,-0.9404440399307104,-0.08509805288762379,0.7942812463002861,1.8971413113879507,0.0,0.0791264575205105,0.20463075672305114,-0.36442637445073145,0.6329569816589355,-0.37923407554626465,0.07499849796295166,-0.6834207773208618,0.5881109237670898,-0.18874235451221466,-0.0156448973901921,-0.9410435579815147,-0.07854450941223427,0.7859507089609806,1.89945211343332,0.0,0.0761516899359158,0.20295215123497035,-0.36211423762392114,0.12384831006408421,-0.0029521512349703315,0.36211423762392114,0.2,0.2,0.0,0.42203717450119455,-0.2076704863853081,True,True,True,False
0,310,-0.0156448973901921,-0.9410435579815147,-0.07854450941223427,0.7859507089609806,1.89945211343332,0.0,0.0761516899359158,0.20295215123497035,-0.36211423762392114,0.5758233070373535,-0.4000817835330963,0.20241707563400269,-0.6616896390914917,0.4193473160266876,-0.20460350811481476,-0.0156448973901921,-0.9410435579815147,-0.07854450941223427,0.7859507089609806,1.89945211343332,0.0,0.06861664432437226,0.18579379989835917,-0.35939018565164604,0.13138335567562776,0.014206200101640832,0.35939018565164604,0.2,0.2,0.0,0.4103521481626891,-0.11832581069629022,True,True,True,False
0,311,-0.0156448973901921,-0.9410435579815147,-0.07854450941223427,0.7859507089609806,1.89945211343332,0.0,0.06861664432437226,0.18579379989835917,-0.35939018565164604,0.4324730634689331,-0.018158242106437683,0.18473155796527863,-0.7351949214935303,0.334512859582901,-0.39342039823532104,0.07919798204278532,-0.9465026731427021,-0.01425716884601866,0.6980461701673997,1.9145230816270138,0.0,0.06861664432437226,0.18579379989835917,-0.35939018565164604,0.13138335567562776,0.014206200101640832,0.35939018565164604,0.2,0.2,0.0,0.4103521481626891,-0.23517607408134455,True,True,True,False
0,312,0.07919798204278532,-0.9465026731427021,-0.01425716884601866,0.6980461701673997,1.9145230816270138,0.0,0.06861664432437226,0.18579379989835917,-0.35939018565164604,0.24678044021129608,-0.09924159198999405,0.030345255509018898,-0.4266660511493683,0.44608455896377563,0.0012724206317216158,0.1048729844307871,-0.9481570776792159,0.004464067227312308,0.6741140681630358,1.9181838074491435,0.0,0.06773606078009142,0.18345835116676806,-0.35882975082405977,0.1322639392199086,0.016541648833231934,0.35882975082405977,0.2,0.2,0.0,0.40866114400477355,-0.21742053042323112,True,True,True,False
0,313,0.1048729844307871,-0.9481570776792159,0.004464067227312308,0.6741140681630358,1.9181838074491435,0.0,0.06773606078009142,0.18345835116676806,-0.35882975082405977,0.2682662308216095,-0.2664821445941925,0.4308539032936096,0.20102334022521973,0.44795656204223633,-0.12774254381656647,0.11436385513445346,-0.934068589169804,0.013228007645364326,0.662313019887084,1.9194268191580663,0.0,0.06424217619131783,0.18257100576374896,-0.35708742751738043,0.13575782380868218,0.017428994236251064,0.35708742751738043,0.2,0.2,0.0,0.4061658038761555,-0.208129500651897,True,True,True,False
0,314,0.11436385513445346,-0.934068589169804,0.013228007645364326,0.662313019887084,1.9194268191580663,0.0,0.06424217619131783,0.18257100576374896,-0.35708742751738043,0.39441245794296265,-0.27182111144065857,-0.014367541298270226,0.05373285338282585,0.3889738917350769,-0.26368898153305054,0.11555057009869973,-0.9299636249579308,0.027804441489676514,0.6735226435152248,1.9206047723927935,0.0,0.06004622996026182,0.18202104296219984,-0.3515196376928774,0.1399537700397382,0.017978957037800183,0.3515196376928774,0.2,0.2,0.0,0.4003789024127264,-0.17232043657207236,True,True,True,False
0,315,0.11555057009869973,-0.9299636249579308,0.027804441489676514,0.6735226435152248,1.9206047723927935,0.0,0.06004622996026182,0.18202104296219984,-0.3515196376928774,-0.25053614377975464,0.07212996482849121,0.13668648898601532,0.38879474997520447,0.44117820262908936,0.1305007040500641,0.11472261928373696,-0.9234894774255609,0.025541089624515897,0.6824823899557673,1.9212575043108266,0.0,0.05928642813188245,0.18166224517244967,-0.35066711697841324,0.14071357186811756,0.01833775482755036,0.35066711697841324,0.2,0.2,0.0,0.39935382658950974,-0.2194261550625884,True,True,True,False
0,316,0.11472261928373696,-0.9234894774255609,0.025541089624515897,0.6824823899557673,1.9212575043108266,0.0,0.05928642813188245,0.18166224517244967,-0.35066711697841324,0.1561128795146942,0.034237269312143326,0.37570011615753174,-0.3103698194026947,0.4117836058139801,0.2711319625377655,0.1038276762084161,-0.9060252504148706,0.0305903292485688,0.6960079622703155,1.922712333893984,0.0,0.05377873886520945,0.1829974470964999,-0.345250943206714,0.14622126113479056,0.01700255290350012,0.345250943206714,0.2,0.2,0.0,0.3944343192255136,-0.17802208597279523,True,True,True,False
0,317,0.1038276762084161,-0.9060252504148706,0.0305903292485688,0.6960079622703155,1.922712333893984,0.0,0.05377873886520945,0.1829974470964999,-0.345250943206714,-0.013603451661765575,-0.0868779867887497,-0.20995375514030457,0.9266775250434875,0.531204342842102,0.0492376834154129,0.10159932318970563,-0.8903475382385183,0.034309366422089815,0.7029093730110318,1.9237932193394525,0.0,0.04836383166527036,0.18283769155482196,-0.3402117946358798,0.15163616833472965,0.01716230844517804,0.3402117946358798,0.2,0.2,0.0,0.38924638325334365,-0.1727438319049725,True,True,True,False
0,318,0.10159932318970563,-0.8903475382385183,0.034309366422089815,0.7029093730110318,1.9237932193394525,0.0,0.04836383166527036,0.18283769155482196,-0.3402117946358798,-0.3475950360298157,-0.0008808670099824667,-0.2255464494228363,0.8350785374641418,0.5768479704856873,-0.007415337488055229,0.09551871739063493,-0.8813894484102136,0.023089607539375872,0.7186249763140745,1.9259091569022073,0.0,0.04836383166527036,0.18283769155482196,-0.3402117946358798,0.15163616833472965,0.01716230844517804,0.3402117946358798,0.2,0.2,0.0,0.38924638325334365,-0.22462319162667183,True,True,True,False
0,319,0.09551871739063493,-0.8813894484102136,0.023089607539375872,0.7186249763140745,1.9259091569022073,0.0,0.04836383166527036,0.18283769155482196,-0.3402117946358798,-0.2013736516237259,0.0699400082230568,-0.4160999059677124,0.6938978433609009,0.3531654179096222,0.19674111902713776,0.08148498406383758,-0.8652782802298785,0.00489879352705443,0.7382518573760667,1.9287894691058973,0.0,0.04696949328366212,0.18420564708616333,-0.33906107357970783,0.1530305067163379,0.015794352913836688,0.33906107357970783,0.2,0.2,0.0,0.3887161758079797,-0.2190560134503501,True,True,True,False
0,320,0.08148498406383758,-0.8652782802298785,0.00489879352705443,0.7382518573760667,1.9287894691058973,0.0,0.04696949328366212,0.18420564708616333,-0.33906107357970783,0.17656365036964417,-0.018360685557127,0.22338591516017914,0.024919386953115463,0.22469815611839294,0.35147061944007874,0.08148498406383758,-0.8652782802298785,0.00489879352705443,0.7382518573760667,1.9287894691058973,0.0,0.04117989310738915,0.18649329234913983,-0.3342361781401949,0.15882010689261086,0.013506707650860173,0.3342361781401949,0.2,0.2,0.0,0.3849537043143264,-0.18485213722063046,True,True,True,False
0,321,0.08148498406383758,-0.8652782802298785,0.00489879352705443,0.7382518573760667,1.9287894691058973,0.0,0.04117989310738915,0.18649329234913983,-0.3342361781401949,-0.37462908029556274,0.30906838178634644,-0.4337378442287445,0.4825828969478607,0.20777860283851624,0.38824906945228577,0.08148498406383758,-0.8652782802298785,0.00489879352705443,0.7382518573760667,1.9287894691058973,0.0,0.007787988261163503,0.18515770529647443,-0.286145116772375,0.1922120117388365,0.014842294703525567,0.286145116772375,0.2,0.2,0.0,0.34091502818809294,0.2399292471682882,True,True,True,False
0,322,0.08148498406383758,-0.8652782802298785,0.00489879352705443,0.7382518573760667,1.9287894691058973,0.0,0.007787988261163503,0.18515770529647443,-0.286145116772375,-0.775283932685852,0.5790692567825317,-0.7682290077209473,0.873981773853302,-0.8338356614112854,0.7127707004547119,0.08148498406383758,-0.8652782802298785,0.00489879352705443,0.7382518573760667,1.9287894691058973,0.0,0.00017913001017771935,0.19398537051381695,-0.27726868380755,0.1998208699898223,0.006014629486183056,0.27726868380755,0.2,0.2,0.0,0.3383907195555376,-0.17395227345221564,True,True,True,False
0,323,0.08148498406383758,-0.8652782802298785,0.00489879352705443,0.7382518573760667,1.9287894691058973,0.0,0.00017913001017771935,0.19398537051381695,-0.27726868380755,-0.8629734516143799,0.5177615284919739,-0.7803002595901489,0.960905909538269,-0.7948415279388428,0.7937575578689575,0.04029330823000307,-0.6731716906986827,0.04314472437127274,0.8591280118102101,1.9025184340420496,0.0,0.00017913001017771935,0.19398537051381695,-0.27726868380755,0.1998208699898223,0.006014629486183056,0.27726868380755,0.2,0.2,0.0,0.3383907195555376,-0.1991953597777688,True,True,True,False
0,324,0.04029330823000307,-0.6731716906986827,0.04314472437127274,0.8591280118102101,1.9025184340420496,0.0,0.00017913001017771935,0.19398537051381695,-0.27726868380755,-0.8422695994377136,-0.06861257553100586,-0.7178212404251099,0.9687243103981018,-0.8178271055221558,0.5713510513305664,0.00020086532044635185,-0.6342144796484825,-0.004347637918658534,0.9012183112134848,1.8906452580572528,0.0,-0.0014136874928224463,0.19760677605180602,-0.27622681839087887,0.20141368749282246,0.002393223948193986,0.27622681839087887,0.2,0.2,0.0,0.33963464436400415,-0.2122565702666673,True,True,True,False
0,325,0.00020086532044635185,-0.6342144796484825,-0.004347637918658534,0.9012183112134848,1.8906452580572528,0.0,-0.0014136874928224463,0.19760677605180602,-0.27622681839087887,-0.8836795687675476,0.31221598386764526,-0.7015686631202698,0.9553424715995789,-0.7437392473220825,0.4074503779411316,-0.014633895108282976,-0.6269208183702687,-0.021529696491855023,0.9164005740001301,1.878900357214819,0.0,-0.0008416912013949895,0.20150328661286956,-0.2776962445657901,0.200841691201395,-0.001503286612869541,0.2776962445657901,0.2,0.2,0.0,0.34310273564314503,-0.23623228061298135,True,True,True,False
0,326,-0.014633895108282976,-0.6269208183702687,-0.021529696491855023,0.9164005740001301,1.878900357214819,0.0,-0.0008416912013949895,0.20150328661286956,-0.2776962445657901,-0.800959050655365,-0.22455088794231415,-0.5423933267593384,0.9136397838592529,-0.6140966415405273,0.09494539350271225,-0.03370809340613573,-0.6131840210930368,-0.04242483306638294,0.936037066021323,1.8635775933961176,0.0,-0.00209680332158782,0.20572979873673947,-0.2767275550327215,0.20209680332158783,-0.005729798736739461,0.2767275550327215,0.2,0.2,0.0,0.3448293583597787,-0.21968090634622586,True,True,True,False
0,327,-0.03370809340613573,-0.6131840210930368,-0.04242483306638294,0.936037066021323,1.8635775933961176,0.0,-0.00209680332158782,0.20572979873673947,-0.2767275550327215,-0.8278425931930542,-0.1012558788061142,-0.7523170113563538,0.9464150071144104,-0.7579024434089661,-0.1934768259525299,-0.05268237773868054,-0.612878215400956,-0.06451624668905635,0.9557626723215195,1.8506048563273607,0.0,7.325664167276424e-05,0.20900929434766927,-0.27972890550006546,0.19992674335832725,-0.009009294347669252,0.27972890550006546,0.2,0.2,0.0,0.3491892768435348,-0.24819382325932848,True,True,True,False
0,328,-0.05268237773868054,-0.612878215400956,-0.06451624668905635,0.9557626723215195,1.8506048563273607,0.0,7.325664167276424e-05,0.20900929434766927,-0.27972890550006546,-0.6402327418327332,-0.3148052394390106,0.031662099063396454,0.7524523735046387,-0.43582457304000854,-0.4227662980556488,-0.07188237773835836,-0.608518329566764,-0.08371624667489676,0.97496267233326,1.8319146874189178,0.0,0.0019181297599181468,0.21364216092149538,-0.2819630028245163,0.19808187024008186,-0.01364216092149536,0.2819630028245163,0.2,0.2,0.0,0.3537651581300795,-0.2526413919304871,True,True,True,False
0,329,-0.07188237773835836,-0.608518329566764,-0.08371624667489676,0.97496267233326,1.8319146874189178,0.0,0.0019181297599181468,0.21364216092149538,-0.2819630028245163,-0.6421546936035156,-0.43237748742103577,-0.29806268215179443,0.8103652000427246,-0.34719815850257874,-0.37597936391830444,-0.0825984261409177,-0.6147379690878748,-0.0908398987295488,0.9878907571002598,1.826485681638388,0.0,0.003624589105066467,0.21603195914383713,-0.28298076834812746,0.19637541089493354,-0.016031959143837114,0.28298076834812746,0.2,0.2,0.0,0.3560351952723237,-0.23071796905860348,True,True,True,False
0,330,-0.0825984261409177,-0.6147379690878748,-0.0908398987295488,0.9878907571002598,1.826485681638388,0.0,0.003624589105066467,0.21603195914383713,-0.28298076834812746,-0.5098486542701721,-0.4706457555294037,-0.18531763553619385,0.7496352791786194,-0.21028392016887665,-0.22179001569747925,-0.0825984261409177,-0.6147379690878748,-0.0908398987295488,0.9878907571002598,1.826485681638388,0.0,0.008011392066424455,0.21991234066446952,-0.28709804764529223,0.19198860793357556,-0.01991234066446952,0.28709804764529223,0.2,0.2,0.0,0.36173320132537756,-0.26784666119322753,True,True,True,False
0,331,-0.0825984261409177,-0.6147379690878748,-0.0908398987295488,0.9878907571002598,1.826485681638388,0.0,0.008011392066424455,0.21991234066446952,-0.28709804764529223,-0.37295448780059814,-0.3906114995479584,-0.1245480477809906,0.8584200143814087,-0.4774680733680725,-0.23025275766849518,-0.0825984261409177,-0.6147379690878748,-0.0908398987295488,0.9878907571002598,1.826485681638388,0.0,0.08840972323233427,0.2412226145212619,-0.32762958900121,0.11159027676766574,-0.041222614521261886,0.32762958900121,0.2,0.2,0.0,0.41634814339395465,-0.7843234923827482,True,True,True,False
0,332,-0.0825984261409177,-0.6147379690878748,-0.0908398987295488,0.9878907571002598,1.826485681638388,0.0,0.08840972323233427,0.2412226145212619,-0.32762958900121,0.5763918161392212,-0.35776999592781067,-0.5288934707641602,-0.7961623072624207,0.0940723717212677,-0.4466005563735962,-0.0825984261409177,-0.6147379690878748,-0.0908398987295488,0.9878907571002598,1.826485681638388,0.0,0.0906438392962077,0.24120197837932345,-0.32644267191973464,0.10935616070379231,-0.041201978379323434,0.32644267191973464,0.2,0.2,0.0,0.4158840199220834,-0.23330077524232923,True,True,True,False
0,333,-0.0825984261409177,-0.6147379690878748,-0.0908398987295488,0.9878907571002598,1.826485681638388,0.0,0.0906438392962077,0.24120197837932345,-0.32644267191973464,0.6278685331344604,-0.42587587237358093,-0.24193868041038513,-0.6701841950416565,0.14873050153255463,-0.32298544049263,-0.32869107544167814,-0.850137295764118,-0.28985448575102174,1.323865606520433,1.7099456979409586,0.0,0.09331325247648908,0.23739752649064425,-0.33207749484751514,0.10668674752351093,-0.037397526490644234,0.33207749484751514,0.2,0.2,0.0,0.41873668486988164,-0.26789499191292315,True,True,True,False
0,334,-0.32869107544167814,-0.850137295764118,-0.28985448575102174,1.323865606520433,1.7099456979409586,0.0,0.09331325247648908,0.23739752649064425,-0.33207749484751514,0.6514301896095276,-0.183944433927536,0.29859697818756104,-0.1709592640399933,0.5647248029708862,-0.44347965717315674,-0.3231692402516403,-0.8570879803540304,-0.29879572270980476,1.3328897789838825,1.6995679405330415,0.0,0.09331325247648908,0.23739752649064425,-0.33207749484751514,0.10668674752351093,-0.037397526490644234,0.33207749484751514,0.2,0.2,0.0,0.41873668486988164,-0.23936834243494082,True,True,True,False
0,335,-0.3231692402516403,-0.8570879803540304,-0.29879572270980476,1.3328897789838825,1.6995679405330415,0.0,0.09331325247648908,0.23739752649064425,-0.33207749484751514,-0.03806973621249199,-0.008801180869340897,0.5119785666465759,-0.9912939071655273,0.6371102929115295,-0.5365447402000427,-0.2889468225021223,-0.8611574566820698,-0.30403812972387106,1.2941331234767712,1.7101718904109209,0.0,0.09347600387998087,0.23489257651315948,-0.335195660007752,0.10652399612001914,-0.03489257651315946,0.335195660007752,0.2,0.2,0.0,0.41984332350341497,-0.2509880480870408,True,True,True,False
0,336,-0.2889468225021223,-0.8611574566820698,-0.30403812972387106,1.2941331234767712,1.7101718904109209,0.0,0.09347600387998087,0.23489257651315948,-0.335195660007752,0.6978139877319336,-0.09856384992599487,0.48978546261787415,-0.639260470867157,0.715352475643158,-0.06299404799938202,-0.2820582578880508,-0.8519565979730316,-0.2882394342102108,1.279361966189448,1.7177472875819966,0.0,0.08825233343652945,0.23582934438412967,-0.33269491790484274,0.11174766656347056,-0.03582934438412965,0.33269491790484274,0.2,0.2,0.0,0.4172407727312263,-0.2125948786437263,True,True,True,False
0,337,-0.2820582578880508,-0.8519565979730316,-0.2882394342102108,1.279361966189448,1.7177472875819966,0.0,0.08825233343652945,0.23582934438412967,-0.33269491790484274,0.7350599765777588,-0.11354347318410873,-0.035186391323804855,-0.940163791179657,0.7018681764602661,-0.1884787529706955,-0.2676649787400514,-0.8434307903089233,-0.27383943420634554,1.2649619662088032,1.7274173807635258,0.0,0.08825233343652945,0.23582934438412967,-0.33269491790484274,0.11174766656347056,-0.03582934438412965,0.33269491790484274,0.2,0.2,0.0,0.4172407727312263,-0.23862038636561314,True,True,True,False
0,338,-0.2676649787400514,-0.8434307903089233,-0.27383943420634554,1.2649619662088032,1.7274173807635258,0.0,0.08825233343652945,0.23582934438412967,-0.33269491790484274,0.5591686964035034,-0.3771527111530304,0.34144827723503113,-0.9600533246994019,0.4650172293186188,-0.4424929618835449,-0.2532458121468439,-0.8361180533417865,-0.26837578029812326,1.248703861848676,1.7359336584070018,0.0,0.08115487343518767,0.23474254858536012,-0.3292270649863548,0.11884512656481235,-0.03474254858536011,0.3292270649863548,0.2,0.2,0.0,0.4124083388077416,-0.18787983016902376,True,True,True,False
0,339,-0.2532458121468439,-0.8361180533417865,-0.26837578029812326,1.248703861848676,1.7359336584070018,0.0,0.08115487343518767,0.23474254858536012,-0.3292270649863548,0.7103872299194336,-0.2995261549949646,0.18789875507354736,-0.987014651298523,0.7192172408103943,-0.5629868507385254,-0.2532458121468439,-0.8361180533417865,-0.26837578029812326,1.248703861848676,1.7359336584070018,0.0,0.0728432637768879,0.22809320290127913,-0.32757507359114435,0.1271567362231121,-0.028093202901279108,0.32757507359114435,0.2,0.2,0.0,0.4057561818699464,-0.16635652155702124,True,True,True,False
0,340,-0.2532458121468439,-0.8361180533417865,-0.26837578029812326,1.248703861848676,1.7359336584070018,0.0,0.0728432637768879,0.22809320290127913,-0.32757507359114435,0.47215771675109863,-0.4768930971622467,-0.1836908906698227,-0.6730059385299683,0.3737621009349823,-0.36708521842956543,-0.2532458121468439,-0.8361180533417865,-0.26837578029812326,1.248703861848676,1.7359336584070018,0.0,0.07250194483130651,0.22335467157966024,-0.3319987071696787,0.1274980551686935,-0.02335467157966023,0.3319987071696787,0.2,0.2,0.0,0.406653394038606,-0.24229881870589923,True,True,True,False
0,341,-0.2532458121468439,-0.8361180533417865,-0.26837578029812326,1.248703861848676,1.7359336584070018,0.0,0.07250194483130651,0.22335467157966024,-0.3319987071696787,0.5320409536361694,-0.4694623649120331,0.4880838692188263,-0.9952508211135864,0.5554009675979614,-0.4886380136013031,-0.14429227694033814,-0.8666354115765513,-0.21899701024379392,1.1281611568779426,1.7821845513497707,0.0,0.07619702155334294,0.21941734294918258,-0.33908880681990383,0.12380297844665707,-0.019417342949182573,0.33908880681990383,0.2,0.2,0.0,0.41101237863478746,-0.27909603527920823,True,True,True,False
0,342,-0.14429227694033814,-0.8666354115765513,-0.21899701024379392,1.1281611568779426,1.7821845513497707,0.0,0.07619702155334294,0.21941734294918258,-0.33908880681990383,0.5581039190292358,-0.20264369249343872,-0.2439659833908081,-0.5176374912261963,0.7237522602081299,-0.2935943603515625,-0.134159143017625,-0.8699001441627472,-0.20630387234343978,1.113308050471047,1.787363953330489,0.0,0.0747681759731541,0.21807401154554376,-0.33873764851623966,0.1252318240268459,-0.01807401154554375,0.33873764851623966,0.2,0.2,0.0,0.40974351632726297,-0.2221831350883866,True,True,True,False
0,343,-0.134159143017625,-0.8699001441627472,-0.20630387234343978,1.113308050471047,1.787363953330489,0.0,0.0747681759731541,0.21807401154554376,-0.33873764851623966,0.5903609991073608,-0.1545914113521576,0.359467089176178,-0.6970469355583191,0.5705773830413818,-0.2789163291454315,-0.12152978551788486,-0.8643893402654889,-0.20876766516493359,1.098364127556322,1.7949212258278677,0.0,0.07348202934939943,0.21646758241930653,-0.3402666391016417,0.12651797065060058,-0.016467582419306508,0.3402666391016417,0.2,0.2,0.0,0.4099258573953247,-0.2367863393782799,True,True,True,False
0,344,-0.12152978551788486,-0.8643893402654889,-0.20876766516493359,1.098364127556322,1.7949212258278677,0.0,0.07348202934939943,0.21646758241930653,-0.3402666391016417,0.24824269115924835,-0.2693018913269043,-0.4120562672615051,0.24227029085159302,0.7881231904029846,-0.5342649817466736,-0.1091613994095585,-0.857655061883217,-0.19482985224448301,1.084347388750469,1.800858685085638,0.0,0.07348202934939943,0.21646758241930653,-0.3402666391016417,0.12651797065060058,-0.016467582419306508,0.3402666391016417,0.2,0.2,0.0,0.4099258573953247,-0.23496292869766236,True,True,True,False
0,345,-0.1091613994095585,-0.857655061883217,-0.19482985224448301,1.084347388750469,1.800858685085638,0.0,0.07348202934939943,0.21646758241930653,-0.3402666391016417,0.5168001055717468,-0.15637575089931488,0.005974325817078352,-0.8145284652709961,0.5466365218162537,-0.3450653851032257,-0.10377466508801055,-0.8549340946120615,-0.20277121987552704,1.080900617123361,1.8064897217803675,0.0,0.07013773249103833,0.2149106443910145,-0.33891369134125326,0.12986226750896168,-0.01491064439101451,0.33891369134125326,0.2,0.2,0.0,0.4073921658182688,-0.20835916713857533,True,True,True,False
0,346,-0.10377466508801055,-0.8549340946120615,-0.20277121987552704,1.080900617123361,1.8064897217803675,0.0,0.07013773249103833,0.2149106443910145,-0.33891369134125326,0.6241387128829956,-0.22975033521652222,0.41026434302330017,-0.9223672747612,0.6605640649795532,-0.46111130714416504,-0.09173380952791398,-0.8482076754084953,-0.19942829720497282,1.064709497914018,1.81238997445334,0.0,0.06885339134604149,0.2135263668211846,-0.3402721908224746,0.13114660865395852,-0.01352636682118458,0.3402721908224746,0.2,0.2,0.0,0.40757755418427155,-0.23564266075216314,True,True,True,False
0,347,-0.09173380952791398,-0.8482076754084953,-0.19942829720497282,1.064709497914018,1.81238997445334,0.0,0.06885339134604149,0.2135263668211846,-0.3402721908224746,0.3348679542541504,-0.32566407322883606,0.7097494602203369,-0.03174483776092529,0.5806807279586792,-0.3891735076904297,-0.09173380952791398,-0.8482076754084953,-0.19942829720497282,1.064709497914018,1.81238997445334,0.0,0.06518718250445096,0.21161784541126297,-0.3387941315899372,0.13481281749554905,-0.01161784541126295,0.3387941315899372,0.2,0.2,0.0,0.40473811886101546,-0.20397470619794683,True,True,True,False
0,348,-0.09173380952791398,-0.8482076754084953,-0.19942829720497282,1.064709497914018,1.81238997445334,0.0,0.06518718250445096,0.21161784541126297,-0.3387941315899372,0.38265231251716614,-0.2631607949733734,0.12350194156169891,-0.32112643122673035,0.7254505157470703,-0.042913470417261124,-0.09173380952791398,-0.8482076754084953,-0.19942829720497282,1.064709497914018,1.81238997445334,0.0,0.0459546056136628,0.20047267294173438,-0.31242676130643166,0.15404539438633721,-0.0004726729417343625,0.31242676130643166,0.2,0.2,0.0,0.3740475899587336,0.08988149404345175,True,True,True,False
0,349,-0.09173380952791398,-0.8482076754084953,-0.19942829720497282,1.064709497914018,1.81238997445334,0.0,0.0459546056136628,0.20047267294173438,-0.31242676130643166,0.24874179065227509,-0.2554781436920166,-0.031152477487921715,-0.12352702021598816,0.642336905002594,-0.30329763889312744,-0.09173380952791398,-0.8482076754084953,-0.19942829720497282,1.064709497914018,1.81238997445334,0.0,0.0459546056136628,0.20047267294173438,-0.31242676130643166,0.15404539438633721,-0.0004726729417343625,0.31242676130643166,0.2,0.2,0.0,0.3740475899587336,-0.2170237949793668,True,True,True,False
0,350,-0.09173380952791398,-0.8482076754084953,-0.19942829720497282,1.064709497914018,1.81238997445334,0.0,0.0459546056136628,0.20047267294173438,-0.31242676130643166,0.380752295255661,-0.13150326907634735,0.023342600092291832,-0.8761754631996155,0.6524351239204407,-0.5968593955039978,-0.09173380952791398,-0.8482076754084953,-0.19942829720497282,1.064709497914018,1.81238997445334,0.0,0.03405678877860291,0.19250514216415454,-0.3123543623077488,0.1659432112213971,0.007494857835845466,0.3123543623077488,0.2,0.2,0.0,0.36848791333533876,-0.15864719043372089,True,True,True,False
0,351,-0.09173380952791398,-0.8482076754084953,-0.19942829720497282,1.064709497914018,1.81238997445334,0.0,0.03405678877860291,0.19250514216415454,-0.3123543623077488,0.2439088374376297,-0.2954534590244293,0.43497106432914734,-0.46844953298568726,0.7791936993598938,-0.3314957320690155,-0.09173380952791398,-0.8482076754084953,-0.19942829720497282,1.064709497914018,1.81238997445334,0.0,0.03151797162481035,0.1906487357110964,-0.31377607969866783,0.16848202837518966,0.00935126428890363,0.31377607969866783,0.2,0.2,0.0,0.3685047505184249,-0.21442074709007394,True,True,True,False
0,352,-0.09173380952791398,-0.8482076754084953,-0.19942829720497282,1.064709497914018,1.81238997445334,0.0,0.03151797162481035,0.1906487357110964,-0.31377607969866783,-0.049648769199848175,-0.10801731795072556,0.006925233639776707,0.23784227669239044,0.33185499906539917,-0.4551974833011627,0.05077954536489668,-0.7821586673864261,-0.036507779647811246,0.8996169546362239,1.9264021814854706,0.0,0.029462407888996428,0.1891694036723233,-0.31471416975211297,0.17053759211100358,0.010830596327676727,0.31471416975211297,0.2,0.2,0.0,0.3683722375629328,-0.21286098922654537,True,True,True,False
0,353,0.05077954536489668,-0.7821586673864261,-0.036507779647811246,0.8996169546362239,1.9264021814854706,0.0,0.029462407888996428,0.1891694036723233,-0.31471416975211297,-0.3217165768146515,-0.05938279628753662,-0.4539456069469452,0.7524722218513489,-0.09310662001371384,0.02637525461614132,0.05272633337458487,-0.7716456256298382,-0.04042980254077658,0.8899811303574802,1.9309871572419048,0.0,0.029086260499672972,0.1898215540472619,-0.3142255069579828,0.17091373950032704,0.010178445952738119,0.3142255069579828,0.2,0.2,0.0,0.3682606443183601,-0.21301438971345288,True,True,True,False
0,354,0.05272633337458487,-0.7716456256298382,-0.04042980254077658,0.8899811303574802,1.9309871572419048,0.0,0.029086260499672972,0.1898215540472619,-0.3142255069579828,-0.6126660704612732,-0.38579481840133667,-0.15838071703910828,0.533555269241333,0.2184901386499405,0.3207924962043762,0.04240527405155614,-0.7680120115082638,-0.05224341172168126,0.9028074786699231,1.9270531474574584,0.0,0.029086260499672972,0.1898215540472619,-0.3142255069579828,0.17091373950032704,0.010178445952738119,0.3142255069579828,0.2,0.2,0.0,0.3682606443183601,-0.21413032215918004,True,True,True,False
0,355,0.04240527405155614,-0.7680120115082638,-0.05224341172168126,0.9028074786699231,1.9270531474574584,0.0,0.029086260499672972,0.1898215540472619,-0.3142255069579828,-0.5365381240844727,0.016453450545668602,-0.11264393478631973,0.5487328767776489,0.3068532347679138,-0.1843937337398529,0.025059830198258738,-0.7694587650093543,-0.06288704434452028,0.9188521347170948,1.9251151943351466,0.0,0.03008670886811804,0.19250708494933283,-0.3150558012035488,0.16991329113188197,0.007492915050667183,0.3150558012035488,0.2,0.2,0.0,0.370438045667848,-0.23699303632880306,True,True,True,False
0,356,0.025059830198258738,-0.7694587650093543,-0.06288704434452028,0.9188521347170948,1.9251151943351466,0.0,0.03008670886811804,0.19250708494933283,-0.3150558012035488,-0.25603586435317993,-0.22072505950927734,-0.1386091411113739,0.670775294303894,0.06871885806322098,-0.36558398604393005,0.014605236454323456,-0.7626540255457042,-0.06875876373122347,0.9306646199827412,1.9238343828913116,0.0,0.030743921709909527,0.19557554126308366,-0.3150175200182769,0.16925607829009048,0.004424458736916355,0.3150175200182769,0.2,0.2,0.0,0.3720631921877232,-0.2322830612926138,True,True,True,False
0,357,0.014605236454323456,-0.7626540255457042,-0.06875876373122347,0.9306646199827412,1.9238343828913116,0.0,0.030743921709909527,0.19557554126308366,-0.3150175200182769,-0.17008915543556213,-0.20428277552127838,-0.4305538833141327,0.7766120433807373,-0.02709588035941124,-0.07193855941295624,0.005857546037272151,-0.760630962390938,-0.07818329540489517,0.9456903042117665,1.9197414858139745,0.0,0.030751438884024512,0.19768272968678688,-0.31402261696726685,0.1692485611159755,0.002317270313213123,0.31402261696726685,0.2,0.2,0.0,0.3723362950033584,-0.21889917565803116,True,True,True,False
0,358,0.005857546037272151,-0.760630962390938,-0.07818329540489517,0.9456903042117665,1.9197414858139745,0.0,0.030751438884024512,0.19768272968678688,-0.31402261696726685,-0.3142976462841034,-0.31933465600013733,-0.34644994139671326,0.2776683568954468,0.37082335352897644,-0.022275933995842934,-0.0010709959516121401,-0.7593269951664139,-0.09517974833723544,0.9594982086724771,1.9162501714013038,0.0,0.03230610565598979,0.19924098598231912,-0.3153807931802256,0.16769389434401022,0.0007590140176808949,0.3153807931802256,0.2,0.2,0.0,0.3744405155226273,-0.2382624629540026,True,True,True,False
0,359,-0.0010709959516121401,-0.7593269951664139,-0.09517974833723544,0.9594982086724771,1.9162501714013038,0.0,0.03230610565598979,0.19924098598231912,-0.3153807931802256,-0.18384945392608643,-0.09997054934501648,-0.1031680554151535,0.05243919789791107,0.2841202914714813,-0.294871062040329,-0.009485282893245768,-0.7572780757309995,-0.10663783898624937,0.964207344942285,1.9161700184570225,0.0,0.034065828471979365,0.20068223533574603,-0.3179012926721486,0.16593417152802065,-0.0006822353357460248,0.3179012926721486,0.2,0.2,0.0,0.3774851945857707,-0.24918938792431908,True,True,True,False
0,360,-0.009485282893245768,-0.7572780757309995,-0.10663783898624937,0.964207344942285,1.9161700184570225,0.0,0.034065828471979365,0.20068223533574603,-0.3179012926721486,-0.3470914363861084,-0.22873938083648682,-0.23607921600341797,0.5356770753860474,0.1960771232843399,-0.3577365577220917,-0.009485282893245768,-0.7572780757309995,-0.10663783898624937,0.964207344942285,1.9161700184570225,0.0,0.041882587287099315,0.2136997272476578,-0.32327429437030786,0.1581174127129007,-0.013699727247657771,0.32327429437030786,0.2,0.2,0.0,0.389779417035078,-0.3478319330106123,True,True,True,False
0,361,-0.009485282893245768,-0.7572780757309995,-0.10663783898624937,0.964207344942285,1.9161700184570225,0.0,0.041882587287099315,0.2136997272476578,-0.32327429437030786,-0.23833268880844116,-0.32632216811180115,-0.12702696025371552,0.22105823457241058,0.29995980858802795,-0.3391273617744446,-0.07017907980244044,-0.7449282356016329,-0.17531364420650933,1.036266949014837,1.9048821879990847,0.0,0.041882587287099315,0.2136997272476578,-0.32327429437030786,0.1581174127129007,-0.013699727247657771,0.32327429437030786,0.2,0.2,0.0,0.389779417035078,-0.224889708517539,True,True,True,False
0,362,-0.07017907980244044,-0.7449282356016329,-0.17531364420650933,1.036266949014837,1.9048821879990847,0.0,0.041882587287099315,0.2136997272476578,-0.32327429437030786,0.225863516330719,-0.23502305150032043,-0.2680986523628235,-0.22106575965881348,0.5968385934829712,0.03172331303358078,-0.09608034893864756,-0.741288857415737,-0.20891345937695746,1.0686526082616015,1.9007175541075152,0.0,0.043756015018005745,0.21582164638071966,-0.3243042796318728,0.15624398498199427,-0.01582164638071966,0.3243042796318728,0.2,0.2,0.0,0.3920036194785557,-0.24824383417405493,True,True,True,False
0,363,-0.09608034893864756,-0.741288857415737,-0.20891345937695746,1.0686526082616015,1.9007175541075152,0.0,0.043756015018005745,0.21582164638071966,-0.3243042796318728,0.14488796889781952,-0.07324619591236115,0.2716467082500458,-0.007648589089512825,0.22924436628818512,-0.31641095876693726,-0.09268961147342406,-0.7390960103649387,-0.2113413489102902,1.0642844888659886,1.902638526790463,0.0,0.04415918359629911,0.2150864713512219,-0.3263329901490316,0.1558408164037009,-0.015086471351221872,0.3263329901490316,0.2,0.2,0.0,0.3933261294572477,-0.23988816451554373,True,True,True,False
0,364,-0.09268961147342406,-0.7390960103649387,-0.2113413489102902,1.0642844888659886,1.902638526790463,0.0,0.04415918359629911,0.2150864713512219,-0.3263329901490316,0.3314853310585022,-0.2822153568267822,0.16234071552753448,-0.14831025898456573,0.5287311673164368,-0.20574642717838287,-0.08821674624252222,-0.7326175521204628,-0.196605664510453,1.0611010371639058,1.9022733045652207,0.0,0.04049932810806561,0.21477255458444214,-0.3219623753324218,0.1595006718919344,-0.014772554584442134,0.3219623753324218,0.2,0.2,0.0,0.38913650164129704,-0.18267197266114182,True,True,True,False
0,365,-0.08821674624252222,-0.7326175521204628,-0.196605664510453,1.0611010371639058,1.9022733045652207,0.0,0.04049932810806561,0.21477255458444214,-0.3219623753324218,-0.06622415035963058,-0.2725786566734314,-0.18735064566135406,0.17187312245368958,0.11955209821462631,-0.14389249682426453,-0.08482369378148737,-0.733514658688832,-0.1935357989928819,1.058766722312687,1.9032883317989804,0.0,0.04012976784151334,0.21402583915016174,-0.3215682739558986,0.15987023215848667,-0.014025839150161727,0.3215682739558986,0.2,0.2,0.0,0.3883601587520539,-0.2164166504835953,True,True,True,False
0,366,-0.08482369378148737,-0.733514658688832,-0.1935357989928819,1.058766722312687,1.9032883317989804,0.0,0.04012976784151334,0.21402583915016174,-0.3215682739558986,0.14789694547653198,-0.3492698669433594,0.17628952860832214,0.18096740543842316,0.39086225628852844,-0.3364754021167755,-0.08601177976301931,-0.7352153967683298,-0.19814551945783013,1.0613546784052639,1.901027797807209,0.0,0.041089521050621525,0.2141512605349113,-0.3225460679459371,0.1589104789493785,-0.01415126053491127,0.3225460679459371,0.2,0.2,0.0,0.389339282729403,-0.23446088113819266,True,True,True,False
0,367,-0.08601177976301931,-0.7352153967683298,-0.19814551945783013,1.0613546784052639,1.901027797807209,0.0,0.041089521050621525,0.2141512605349113,-0.3225460679459371,0.09711818397045135,-0.2786256670951843,0.10409373044967651,-0.45664823055267334,0.46348387002944946,-0.45750823616981506,-0.0840307427418893,-0.7375505225221362,-0.19146575496803891,1.0596917141287698,1.9021627763658315,0.0,0.041089521050621525,0.2141512605349113,-0.3225460679459371,0.1589104789493785,-0.01415126053491127,0.3225460679459371,0.2,0.2,0.0,0.389339282729403,-0.2246696413647015,True,True,True,False
0,368,-0.0840307427418893,-0.7375505225221362,-0.19146575496803891,1.0596917141287698,1.9021627763658315,0.0,0.041089521050621525,0.2141512605349113,-0.3225460679459371,0.18320360779762268,-0.4406525194644928,0.050603531301021576,0.35708555579185486,0.11349672824144363,-0.10503749549388885,-0.08141409308828802,-0.7415794019034863,-0.18652863983948742,1.056102942666673,1.902003337374779,0.0,0.04064052538427648,0.21377926371293807,-0.32177873246350175,0.15935947461572353,-0.013779263712938049,0.32177873246350175,0.2,0.2,0.0,0.38845177121873675,-0.21535077050270598,True,True,True,False
0,369,-0.08141409308828802,-0.7415794019034863,-0.18652863983948742,1.056102942666673,1.902003337374779,0.0,0.04064052538427648,0.21377926371293807,-0.32177873246350175,0.09795164316892624,-0.3640338182449341,-0.12539488077163696,-0.06892577558755875,0.33198583126068115,-0.2881537973880768,-0.07853452308292007,-0.7477171222082452,-0.18521553512794625,1.059861381617147,1.9001478849455664,0.0,0.041468569834710034,0.21314024742070048,-0.3216618820683461,0.15853143016528998,-0.013140247420700465,0.3216618820683461,0.2,0.2,0.0,0.38809119254428365,-0.22043980952761077,True,True,True,False
0,370,-0.07853452308292007,-0.7477171222082452,-0.18521553512794625,1.059861381617147,1.9001478849455664,0.0,0.041468569834710034,0.21314024742070048,-0.3216618820683461,-0.05261607840657234,-0.16394443809986115,-0.1124270111322403,-0.17526204884052277,0.3362204134464264,-0.24794785678386688,-0.07853452308292007,-0.7477171222082452,-0.18521553512794625,1.059861381617147,1.9001478849455664,0.0,0.0361709485608242,0.21808303340518015,-0.33669557157842345,0.1638290514391758,-0.018083033405180127,0.33669557157842345,0.2,0.2,0.0,0.4027809018554827,-0.37828754403973197,True,True,True,False
0,371,-0.07853452308292007,-0.7477171222082452,-0.18521553512794625,1.059861381617147,1.9001478849455664,0.0,0.0361709485608242,0.21808303340518015,-0.33669557157842345,-0.07334520667791367,-0.33254051208496094,-0.3451746702194214,0.04507100582122803,0.5899204015731812,-0.17505985498428345,-0.07853452308292007,-0.7477171222082452,-0.18521553512794625,1.059861381617147,1.9001478849455664,0.0,0.03566868245221422,0.21853193001837626,-0.3377479465383959,0.1643313175477858,-0.018531930018376247,0.3377479465383959,0.2,0.2,0.0,0.40385905305729686,-0.2427110385467899,True,True,True,False
0,372,-0.07853452308292007,-0.7477171222082452,-0.18521553512794625,1.059861381617147,1.9001478849455664,0.0,0.03566868245221422,0.21853193001837626,-0.3377479465383959,0.2418023943901062,-0.596108078956604,0.2764769196510315,-0.04463060200214386,0.4356655180454254,-0.3859017789363861,-0.1081448512889006,-0.686117989498118,-0.25367864712563637,0.9637084835513787,1.9068070530506307,0.0,0.03566868245221422,0.21853193001837626,-0.3377479465383959,0.1643313175477858,-0.018531930018376247,0.3377479465383959,0.2,0.2,0.0,0.40385905305729686,-0.23192952652864843,True,True,True,False
0,373,-0.1081448512889006,-0.686117989498118,-0.25367864712563637,0.9637084835513787,1.9068070530506307,0.0,0.03566868245221422,0.21853193001837626,-0.3377479465383959,0.22101357579231262,-0.45842212438583374,0.03633955493569374,-0.08120263367891312,0.2545504868030548,-0.22652319073677063,-0.10702531306676158,-0.6895244727444654,-0.2527279349103212,0.9595366519753016,1.907529462106888,0.0,0.0357184640951044,0.21869579044096493,-0.3385632802260229,0.1642815359048956,-0.018695790440964925,0.3385632802260229,0.2,0.2,0.0,0.40463409662473604,-0.24006748398675984,True,True,True,False
0,374,-0.10702531306676158,-0.6895244727444654,-0.2527279349103212,0.9595366519753016,1.907529462106888,0.0,0.0357184640951044,0.21869579044096493,-0.3385632802260229,0.07387067377567291,-0.40632063150405884,0.20373491942882538,0.15775993466377258,0.40891513228416443,-0.030451349914073944,-0.10386664082344892,-0.6963133262901297,-0.24742248871921982,0.9599560101716694,1.9073165422363847,0.0,0.03719619857106096,0.21767858148293068,-0.3390933495840357,0.16280380142893905,-0.017678581482930653,0.3390933495840357,0.2,0.2,0.0,0.40466260236977636,-0.23261635863529137,True,True,True,False
0,375,-0.10386664082344892,-0.6963133262901297,-0.24742248871921982,0.9599560101716694,1.9073165422363847,0.0,0.03719619857106096,0.21767858148293068,-0.3390933495840357,0.16747139394283295,-0.22681774199008942,-0.006786957383155823,0.3205938935279846,0.47583696246147156,0.1225031390786171,-0.10143754228852382,-0.7028958655737176,-0.2356498007228363,0.9659049126192674,1.9089780440158997,0.0,0.03737635843594572,0.21731913075938947,-0.3368653080505456,0.1626236415640543,-0.01731913075938946,0.3368653080505456,0.2,0.2,0.0,0.4026199604241423,-0.2108835607557303,True,True,True,False
0,376,-0.10143754228852382,-0.7028958655737176,-0.2356498007228363,0.9659049126192674,1.9089780440158997,0.0,0.03737635843594572,0.21731913075938947,-0.3368653080505456,0.1724940538406372,-0.2417326122522354,0.10881837457418442,-0.0228120069950819,0.26051780581474304,-0.16048960387706757,-0.09851682425762417,-0.7028562846029941,-0.23281178229900953,0.9702074583104165,1.9099206641621256,0.0,0.03704422962952478,0.2167863706351086,-0.33563148418889843,0.16295577037047523,-0.01678637063510861,0.33563148418889843,0.2,0.2,0.0,0.401269359185112,-0.21712866720225296,True,True,True,False
0,377,-0.09851682425762417,-0.7028562846029941,-0.23281178229900953,0.9702074583104165,1.9099206641621256,0.0,0.03704422962952478,0.2167863706351086,-0.33563148418889843,-0.002066907240077853,-0.2760838270187378,-0.2574195861816406,-0.13553877174854279,0.25150856375694275,-0.06683441996574402,-0.09659228642517141,-0.7038914540889345,-0.2333994124862903,0.968916344970086,1.9089459297009033,0.0,0.036805494166200464,0.2163580107070653,-0.33521602920136184,0.16319450583379955,-0.01635801070706529,0.33521602920136184,0.2,0.2,0.0,0.400668465731289,-0.2243252983274148,True,True,True,False
0,378,-0.09659228642517141,-0.7038914540889345,-0.2333994124862903,0.968916344970086,1.9089459297009033,0.0,0.036805494166200464,0.2163580107070653,-0.33521602920136184,0.28713494539260864,-0.10927291214466095,0.12620721757411957,0.3646199107170105,0.3698365390300751,-0.02516976185142994,-0.09527141273560845,-0.7039336520213408,-0.23816675988089123,0.969190400061328,1.908398516453099,0.0,0.03777168684634882,0.21604533579482194,-0.3368623873360055,0.1622283131536512,-0.01604533579482194,0.3368623873360055,0.2,0.2,0.0,0.4019683513009812,-0.24398303134741242,True,True,True,False
0,379,-0.09527141273560845,-0.7039336520213408,-0.23816675988089123,0.969190400061328,1.908398516453099,0.0,0.03777168684634882,0.21604533579482194,-0.3368623873360055,0.15398955345153809,-0.03722609579563141,-0.21230381727218628,0.4165496230125427,0.32148975133895874,-0.18382762372493744,-0.09109714058329901,-0.6994137405104113,-0.23540698240231345,0.9763757146584316,1.9087564098034668,0.0,0.03777168684634882,0.21604533579482194,-0.3368623873360055,0.1622283131536512,-0.01604533579482194,0.3368623873360055,0.2,0.2,0.0,0.4019683513009812,-0.2309841756504906,True,True,True,False
0,380,-0.09109714058329901,-0.6994137405104113,-0.23540698240231345,0.9763757146584316,1.9087564098034668,0.0,0.03777168684634882,0.21604533579482194,-0.3368623873360055,0.2779912054538727,-0.3655589818954468,0.33201855421066284,0.5233047604560852,0.5199339389801025,-0.2393086850643158,-0.09109714058329901,-0.6994137405104113,-0.23540698240231345,0.9763757146584316,1.9087564098034668,0.0,0.03480817072378056,0.19437931051203786,-0.2441756344660602,0.16519182927621945,0.0056206894879621576,0.2441756344660602,0.2,0.2,0.0,0.31403290523633687,0.6923380080282747,True,True,True,False
0,381,-0.09109714058329901,-0.6994137405104113,-0.23540698240231345,0.9763757146584316,1.9087564098034668,0.0,0.03480817072378056,0.19437931051203786,-0.2441756344660602,0.45758020877838135,-0.4805580675601959,0.12342781573534012,-0.3416669964790344,0.4295741319656372,-0.6600589752197266,0.03682235757617041,-0.8033140365356664,0.13842697159180517,1.2422666800099946,1.9657536994845954,0.0,0.03582210235872979,0.19340276044285415,-0.2401139680307918,0.16417789764127022,0.006597239557145864,0.2401139680307918,0.2,0.2,0.0,0.31039099279426174,-0.14877637197637963,True,True,True,False
0,382,0.03682235757617041,-0.8033140365356664,0.13842697159180517,1.2422666800099946,1.9657536994845954,0.0,0.03582210235872979,0.19340276044285415,-0.2401139680307918,-0.5816618204116821,-0.5787019729614258,-0.15482039749622345,0.43934303522109985,-0.042023155838251114,-0.8684778213500977,0.03758563696691466,-0.8111080588407454,0.13405579908305287,1.2331768497154771,1.9642327550502694,0.0,0.036319115641463506,0.19247342560704575,-0.2399997862379678,0.1636808843585365,0.0075265743929542675,0.2399997862379678,0.2,0.2,0.0,0.30978217366426886,-0.17880289553220555,True,True,True,False
0,383,0.03758563696691466,-0.8111080588407454,0.13405579908305287,1.2331768497154771,1.9642327550502694,0.0,0.036319115641463506,0.19247342560704575,-0.2399997862379678,-0.4019697904586792,-0.6821971535682678,-0.6209535598754883,0.9141635894775391,-0.3046610355377197,-0.8539429903030396,0.025932686488144435,-0.8207077980992948,0.11871626907941495,1.2388136596128738,1.9583027149967092,0.0,0.038183446155216266,0.1944032921809947,-0.2446754509443056,0.16181655384478374,0.005596707819005321,0.2446754509443056,0.2,0.2,0.0,0.31482803538741083,-0.23787263492512517,True,True,True,False
0,384,0.025932686488144435,-0.8207077980992948,0.11871626907941495,1.2388136596128738,1.9583027149967092,0.0,0.038183446155216266,0.1944032921809947,-0.2446754509443056,-0.1817164123058319,-0.739347517490387,-0.6946769952774048,0.7763309478759766,0.05054616555571556,-0.661872386932373,0.015799933245355734,-0.841534150945073,0.09651327495076845,1.2520982302536423,1.9505422113893645,0.0,0.0424547213315046,0.1962637570288488,-0.2509979810394706,0.1575452786684954,0.003736242971151226,0.2509979810394706,0.2,0.2,0.0,0.3214371667562809,-0.2568098970668414,True,True,True,False
0,385,0.015799933245355734,-0.841534150945073,0.09651327495076845,1.2520982302536423,1.9505422113893645,0.0,0.0424547213315046,0.1962637570288488,-0.2509979810394706,-0.2289074808359146,-0.7728018164634705,-0.14345571398735046,-0.2704876661300659,0.4906027913093567,-0.8827691078186035,0.008869401504999194,-0.864757954904196,0.08404387469877914,1.2568296032135609,1.9474572884825798,0.0,0.04839051854608911,0.19776248634801874,-0.25880680452544413,0.1516094814539109,0.0022375136519812646,0.25880680452544413,0.2,0.2,0.0,0.3292910648049551,-0.2731845128892196,True,True,True,False
0,386,0.008869401504999194,-0.864757954904196,0.08404387469877914,1.2568296032135609,1.9474572884825798,0.0,0.04839051854608911,0.19776248634801874,-0.25880680452544413,0.04425648972392082,-0.7470717430114746,0.2655624449253082,0.2855995297431946,0.44252705574035645,-0.8482881188392639,0.0034469784610217514,-0.8781243503666782,0.07795461536567545,1.2486996488162074,1.9484718135255759,0.0,0.05092521116075335,0.19885734097056953,-0.26427366981896133,0.14907478883924666,0.0011426590294304727,0.26427366981896133,0.2,0.2,0.0,0.33463142672085366,-0.25071933251941225,True,True,True,False
0,387,0.0034469784610217514,-0.8781243503666782,0.07795461536567545,1.2486996488162074,1.9484718135255759,0.0,0.05092521116075335,0.19885734097056953,-0.26427366981896133,0.2677454650402069,-0.6996630430221558,0.5360068082809448,-0.4404289424419403,0.05539177730679512,-0.8723735809326172,0.0026518354491737563,-0.8947300390497895,0.08875686312268366,1.2447569667886595,1.9479639549328533,0.0,0.05280493273473036,0.19899056483860691,-0.26496180771505695,0.14719506726526965,0.0010094351613930917,0.26496180771505695,0.2,0.2,0.0,0.3355448783151637,-0.2069069551006824,True,True,True,False
0,388,0.0026518354491737563,-0.8947300390497895,0.08875686312268366,1.2447569667886595,1.9479639549328533,0.0,0.05280493273473036,0.19899056483860691,-0.26496180771505695,0.37251484394073486,-0.6727232933044434,-0.07082518935203552,0.4722723364830017,0.48291701078414917,-0.8500035405158997,0.00583381209460821,-0.9051958315431171,0.09574706792461793,1.2371883698841424,1.9456912666031059,0.0,0.05280493273473036,0.19899056483860691,-0.26496180771505695,0.14719506726526965,0.0010094351613930917,0.26496180771505695,0.2,0.2,0.0,0.3355448783151637,-0.19777243915758186,True,True,True,False
0,389,0.00583381209460821,-0.9051958315431171,0.09574706792461793,1.2371883698841424,1.9456912666031059,0.0,0.05280493273473036,0.19899056483860691,-0.26496180771505695,0.5692605972290039,-0.7367998361587524,-0.3371642231941223,-0.04111982509493828,0.3600004315376282,-0.8102086782455444,0.011283930605346841,-0.9154801465376485,0.08557986479414846,1.237974528930355,1.9463045373867196,0.0,0.05441778083215176,0.19828980853314995,-0.26672365766206735,0.14558221916784825,0.001710191466850048,0.26672365766206735,0.2,0.2,0.0,0.3367813127170821,-0.21075500037772502,True,True,True,False
0,390,0.011283930605346841,-0.9154801465376485,0.08557986479414846,1.237974528930355,1.9463045373867196,0.0,0.05441778083215176,0.19828980853314995,-0.26672365766206735,0.36975231766700745,-0.7478471994400024,-0.22648902237415314,-0.7157342433929443,0.12664324045181274,-0.676135778427124,0.011283930605346841,-0.9154801465376485,0.08557986479414846,1.237974528930355,1.9463045373867196,0.0,0.1217465632631392,0.19253959409192992,-0.3607243527303243,0.07825343673686082,0.007460405908070084,0.3607243527303243,0.2,0.2,0.0,0.4266330737439165,-1.1418341471403022,True,True,True,False
0,391,0.011283930605346841,-0.9154801465376485,0.08557986479414846,1.237974528930355,1.9463045373867196,0.0,0.1217465632631392,0.19253959409192992,-0.3607243527303243,0.8257599472999573,-0.4750135838985443,0.051665086299180984,-0.9880949854850769,0.9174820780754089,-0.6606311798095703,0.011283930605346841,-0.9154801465376485,0.08557986479414846,1.237974528930355,1.9463045373867196,0.0,0.1217465632631392,0.19253959409192992,-0.3607243527303243,0.07825343673686082,0.007460405908070084,0.3607243527303243,0.2,0.2,0.0,0.4266330737439165,-0.24331653687195826,True,True,True,False
0,392,0.011283930605346841,-0.9154801465376485,0.08557986479414846,1.237974528930355,1.9463045373867196,0.0,0.1217465632631392,0.19253959409192992,-0.3607243527303243,0.9357076287269592,-0.5840953588485718,-0.017561865970492363,-0.9673252105712891,0.9392635226249695,-0.4833345413208008,0.08558578025393047,-1.099268394074662,-0.18233305764313879,1.0493110188556893,1.9028626414129712,0.0,0.12946671470427631,0.1925672740488365,-0.367196286160795,0.0705332852957237,0.007432725951163513,0.367196286160795,0.2,0.2,0.0,0.43436954062318717,-0.3245494391043001,True,True,True,False
0,393,0.08558578025393047,-1.099268394074662,-0.18233305764313879,1.0493110188556893,1.9028626414129712,0.0,0.12946671470427631,0.1925672740488365,-0.367196286160795,0.8668043613433838,-0.3433467149734497,0.7019646167755127,-0.820986270904541,0.8099542856216431,-0.4750608503818512,0.10272246054249498,-1.1032028395919196,-0.17946005965362363,1.0296435599232094,1.9129321218645736,0.0,0.13138520845597396,0.19131729259329736,-0.36989407340628533,0.06861479154402607,0.008682707406702662,0.36989407340628533,0.2,0.2,0.0,0.43667608703402055,-0.27140350762534415,True,True,True,False
0,394,0.10272246054249498,-1.1032028395919196,-0.17946005965362363,1.0296435599232094,1.9129321218645736,0.0,0.13138520845597396,0.19131729259329736,-0.36989407340628533,0.8481717705726624,-0.42803865671157837,0.5018192529678345,-0.3517204523086548,0.9058592915534973,-0.07577623426914215,0.11387335591309107,-1.0990148098370032,-0.16321773780962961,1.016422112777517,1.9182224861928985,0.0,0.1272210328758513,0.18984144705134015,-0.36813434283748614,0.07277896712414872,0.010158552948659846,0.36813434283748614,0.2,0.2,0.0,0.43329881213884375,-0.2128766571176538,True,True,True,False
0,395,0.11387335591309107,-1.0990148098370032,-0.16321773780962961,1.016422112777517,1.9182224861928985,0.0,0.1272210328758513,0.18984144705134015,-0.36813434283748614,0.9080082774162292,-0.5968456268310547,0.5301576256752014,-0.8177498579025269,0.9527442455291748,-0.5239001512527466,0.12269614225442425,-1.0992522674805014,-0.14889917302978684,1.0084668545675881,1.9232852516364287,0.0,0.1272210328758513,0.18984144705134015,-0.36813434283748614,0.07277896712414872,0.010158552948659846,0.36813434283748614,0.2,0.2,0.0,0.43329881213884375,-0.24664940606942187,True,True,True,False
0,396,0.12269614225442425,-1.0992522674805014,-0.14889917302978684,1.0084668545675881,1.9232852516364287,0.0,0.1272210328758513,0.18984144705134015,-0.36813434283748614,0.7073312401771545,-0.29672470688819885,0.4360148310661316,-0.8463264107704163,0.8744469881057739,-0.4562605917453766,0.12269614225442425,-1.0992522674805014,-0.14889917302978684,1.0084668545675881,1.9232852516364287,0.0,0.12350600788981313,0.18615075916216953,-0.3659783899865784,0.07649399211018688,0.013849240837830484,0.3659783899865784,0.2,0.2,0.0,0.42877269159625675,-0.1991251403722584,True,True,True,False
0,397,0.12269614225442425,-1.0992522674805014,-0.14889917302978684,1.0084668545675881,1.9232852516364287,0.0,0.12350600788981313,0.18615075916216953,-0.3659783899865784,0.8535373210906982,-0.4594747722148895,0.5846583843231201,-0.9982261061668396,0.7849732041358948,-0.7103177309036255,0.17160564843204276,-1.1096671903030604,-0.08990565540604836,0.9502174074259334,1.9549690415254433,0.0,0.12175209793489139,0.18435183158618024,-0.3652096058851412,0.07824790206510862,0.015648168413819767,0.3652096058851412,0.2,0.2,0.0,0.426833957636347,-0.22402963921907618,True,True,True,False
0,398,0.17160564843204276,-1.1096671903030604,-0.08990565540604836,0.9502174074259334,1.9549690415254433,0.0,0.12175209793489139,0.18435183158618024,-0.3652096058851412,0.8220827579498291,-0.31620582938194275,0.3566827178001404,-0.6603075265884399,0.9137793183326721,-0.3609880208969116,0.1810478650380098,-1.1073807574028194,-0.07684226755925741,0.9373886658817041,1.9594952518987425,0.0,0.11807454405009042,0.1825863139493947,-0.36367767483360947,0.08192545594990959,0.0174136860506053,0.36367767483360947,0.2,0.2,0.0,0.4237225639102127,-0.21074734469376297,True,True,True,False
0,399,0.1810478650380098,-1.1073807574028194,-0.07684226755925741,0.9373886658817041,1.9594952518987425,0.0,0.11807454405009042,0.1825863139493947,-0.36367767483360947,0.5592480897903442,-0.5025768280029297,0.543212354183197,-0.8310410976409912,0.8728042840957642,-0.4041099548339844,0.19290941967072886,-1.1011326690921048,-0.05850643521467793,0.9209375026634171,1.9674668441397096,0.0,0.11378435136360322,0.18045137362261876,-0.36178717056079035,0.08621564863639679,0.019548626377381265,0.36178717056079035,0.2,0.2,0.0,0.41999944480904766,-0.20276853139287365,True,True,True,False
0,400,0.19290941967072886,-1.1011326690921048,-0.05850643521467793,0.9209375026634171,1.9674668441397096,0.0,0.11378435136360322,0.18045137362261876,-0.36178717056079035,0.7977093458175659,-0.6863621473312378,-0.050256017595529556,-0.8314719796180725,0.9391622543334961,-0.07018645107746124,0.19290941967072886,-1.1011326690921048,-0.05850643521467793,0.9209375026634171,1.9674668441397096,0.0,0.13077468374659462,0.178747134512637,-0.37693329233377115,0.0692253162534054,0.021252865487363024,0.37693329233377115,0.2,0.2,0.0,0.4371856160432051,-0.420454520363177,True,True,True,False
0,401,0.19290941967072886,-1.1011326690921048,-0.05850643521467793,0.9209375026634171,1.9674668441397096,0.0,0.13077468374659462,0.178747134512637,-0.37693329233377115,0.8563730120658875,-0.4339691400527954,0.5131932497024536,-0.950926661491394,0.9281908869743347,-0.18455816805362701,0.2684879639177056,-1.1565069812563127,-0.07933488563999012,0.8163150518957542,2.0195736070450403,0.0,0.13740411483394416,0.17902409009009418,-0.3820155919082614,0.06259588516605585,0.02097590990990582,0.3820155919082614,0.2,0.2,0.0,0.44369519725472034,-0.31694341074251253,True,True,True,False
0,402,0.2684879639177056,-1.1565069812563127,-0.07933488563999012,0.8163150518957542,2.0195736070450403,0.0,0.13740411483394416,0.17902409009009418,-0.3820155919082614,0.8486722707748413,-0.3923306167125702,0.499959260225296,-0.6182332038879395,0.7376109957695007,-0.253372460603714,0.27771376833015077,-1.1528942449055493,-0.061289300968863564,0.8025112258017075,2.0241879139234538,0.0,0.13418341871441108,0.1774266344146309,-0.38056136774508875,0.06581658128558893,0.0225733655853691,0.38056136774508875,0.2,0.2,0.0,0.4408087511354587,-0.22153991437511292,True,True,True,False
0,403,0.27771376833015077,-1.1528942449055493,-0.061289300968863564,0.8025112258017075,2.0241879139234538,0.0,0.13418341871441108,0.1774266344146309,-0.38056136774508875,0.8748944997787476,-0.36727264523506165,0.5010481476783752,-0.6080374717712402,0.9370179176330566,-0.2627391219139099,0.28528424075034564,-1.1487809586400985,-0.04681914479256138,0.7952141247990231,2.0270706059269177,0.0,0.13008490149532503,0.17546088913331226,-0.3781315133518657,0.06991509850467499,0.024539110866687745,0.3781315133518657,0.2,0.2,0.0,0.4366830047096785,-0.20708403809703751,True,True,True,False
0,404,0.28528424075034564,-1.1487809586400985,-0.04681914479256138,0.7952141247990231,2.0270706059269177,0.0,0.13008490149532503,0.17546088913331226,-0.3781315133518657,0.8496301770210266,-0.2908432185649872,0.7773162126541138,-0.6330902576446533,0.9166620969772339,-0.28269609808921814,0.29674622923954563,-1.1412143989387187,-0.025035032328216744,0.7845387535433282,2.0335016415279346,0.0,0.12476112535011127,0.17280705533982219,-0.3748857291226144,0.07523887464988874,0.02719294466017782,0.3748857291226144,0.2,0.2,0.0,0.4312388278826952,-0.1911776456715142,True,True,True,False
0,405,0.29674622923954563,-1.1412143989387187,-0.025035032328216744,0.7845387535433282,2.0335016415279346,0.0,0.12476112535011127,0.17280705533982219,-0.3748857291226144,0.6114038228988647,-0.4677060544490814,0.7955079078674316,-0.9137265682220459,0.7643589377403259,-0.03541470691561699,0.3033682412696098,-1.1357338315582424,-0.003218388855039268,0.7720740930103374,2.037667607276953,0.0,0.12003900591956011,0.17069355243217899,-0.37188734006597923,0.0799609940804399,0.029306447567821026,0.37188734006597923,0.2,0.2,0.0,0.426433870002633,-0.1951673562006946,True,True,True,False
0,406,0.3033682412696098,-1.1357338315582424,-0.003218388855039268,0.7720740930103374,2.037667607276953,0.0,0.12003900591956011,0.17069355243217899,-0.37188734006597923,0.6469806432723999,-0.2727617919445038,0.9020887613296509,-0.2687739133834839,0.9022178053855896,-0.11385062336921692,0.30686270702164914,-1.1324554336919546,0.014144225421980346,0.7624350905399345,2.040831825324461,0.0,0.12003900591956011,0.17069355243217899,-0.37188734006597923,0.0799609940804399,0.029306447567821026,0.37188734006597923,0.2,0.2,0.0,0.426433870002633,-0.2432169350013165,True,True,True,False
0,407,0.30686270702164914,-1.1324554336919546,0.014144225421980346,0.7624350905399345,2.040831825324461,0.0,0.12003900591956011,0.17069355243217899,-0.37188734006597923,0.8475667238235474,-0.07736039906740189,0.25415241718292236,-0.5335781574249268,0.8327999114990234,-0.22016902267932892,0.31329437711364694,-1.1194597070653496,0.02722166489483182,0.7591481805833988,2.0451587943555,0.0,0.11518366912957324,0.16869134884444878,-0.3683939030332807,0.08481633087042677,0.03130865115555124,0.3683939030332807,0.2,0.2,0.0,0.4212340401738738,-0.18861872179934472,True,True,True,False
0,408,0.31329437711364694,-1.1194597070653496,0.02722166489483182,0.7591481805833988,2.0451587943555,0.0,0.11518366912957324,0.16869134884444878,-0.3683939030332807,0.7080059051513672,-0.2086724042892456,0.6520254611968994,-0.7373965978622437,0.49517229199409485,-0.23257794976234436,0.32061846912564873,-1.0977960540303366,0.03854190204042192,0.7520251370524607,2.047469132030991,0.0,0.10857098844095835,0.16565591500748167,-0.36485652576299166,0.09142901155904166,0.034344084992518335,0.36485652576299166,0.2,0.2,0.0,0.41515036565063185,-0.1767384375928966,True,True,True,False
0,409,0.32061846912564873,-1.0977960540303366,0.03854190204042192,0.7520251370524607,2.047469132030991,0.0,0.10857098844095835,0.16565591500748167,-0.36485652576299166,0.7890942096710205,-0.3998194634914398,-0.052262865006923676,-0.38471275568008423,0.8741148710250854,-0.04478093981742859,0.3272014498100022,-1.086929769279137,0.05113874562086272,0.741210909483943,2.0474249043278197,0.0,0.1015593689201973,0.16244863129601952,-0.3605090599240419,0.0984406310798027,0.03755136870398049,0.3605090599240419,0.2,0.2,0.0,0.40825316350609614,-0.165154560307691,True,True,True,False
0,410,0.3272014498100022,-1.086929769279137,0.05113874562086272,0.741210909483943,2.0474249043278197,0.0,0.1015593689201973,0.16244863129601952,-0.3605090599240419,0.6818346977233887,-0.5990474224090576,0.5428659915924072,-0.7471740245819092,0.7963861227035522,0.008417780511081219,0.3272014498100022,-1.086929769279137,0.05113874562086272,0.741210909483943,2.0474249043278197,0.0,0.09866706906180651,0.15767384138708715,-0.3569901248631663,0.1013329309381935,0.042326158612912855,0.3569901248631663,0.2,0.2,0.0,0.4025396626729181,-0.1741348230046784,True,True,True,False
0,411,0.3272014498100022,-1.086929769279137,0.05113874562086272,0.741210909483943,2.0474249043278197,0.0,0.09866706906180651,0.15767384138708715,-0.3569901248631663,0.24228578805923462,-0.18215301632881165,0.28732916712760925,-0.5368201732635498,0.8806096315383911,0.04505927860736847,0.3486105387287149,-1.1012180751859322,0.09231239409904078,0.7018534903192514,2.0615931052993486,0.0,0.09784478743865238,0.156390549449965,-0.35528355973927384,0.10215521256134763,0.043609450550035,0.35528355973927384,0.2,0.2,0.0,0.40032238784158347,-0.2079884456074457,True,True,True,False
0,412,0.3486105387287149,-1.1012180751859322,0.09231239409904078,0.7018534903192514,2.0615931052993486,0.0,0.09784478743865238,0.156390549449965,-0.35528355973927384,0.38348668813705444,-0.5654847025871277,-0.49066054821014404,-0.16419203579425812,0.885874330997467,0.13549476861953735,0.36102961680005136,-1.1165285230580961,0.1289386674647596,0.6687541262069581,2.072144962151292,0.0,0.09784478743865238,0.156390549449965,-0.35528355973927384,0.10215521256134763,0.043609450550035,0.35528355973927384,0.2,0.2,0.0,0.40032238784158347,-0.23016119392079173,True,True,True,False
0,413,0.36102961680005136,-1.1165285230580961,0.1289386674647596,0.6687541262069581,2.072144962151292,0.0,0.09784478743865238,0.156390549449965,-0.35528355973927384,-0.16058437526226044,-0.1844354122877121,0.48148322105407715,-0.2015230506658554,0.34588801860809326,0.18578678369522095,0.3521146810323944,-1.112234868143399,0.12680015417561125,0.6727135120995099,2.072349902006948,0.0,0.09943668965877094,0.15705131026792188,-0.3570862861023918,0.10056331034122908,0.04294868973207813,0.3570862861023918,0.2,0.2,0.0,0.402570968935373,-0.2537712954055815,True,True,True,False
0,414,0.3521146810323944,-1.112234868143399,0.12680015417561125,0.6727135120995099,2.072349902006948,0.0,0.09943668965877094,0.15705131026792188,-0.3570862861023918,0.3251093626022339,-0.5625536441802979,-0.20356842875480652,0.6941069960594177,0.8284100294113159,0.29593944549560547,0.3416651631460047,-1.0996524731416548,0.13244416590261446,0.6807154735567637,2.0703726139326726,0.0,0.0954106951085167,0.1572493602861404,-0.3540221188869016,0.10458930489148331,0.04275063971385962,0.3540221188869016,0.2,0.2,0.0,0.39895140394872936,-0.19328005210792848,True,True,True,False
0,415,0.3416651631460047,-1.0996524731416548,0.13244416590261446,0.6807154735567637,2.0703726139326726,0.0,0.0954106951085167,0.1572493602861404,-0.3540221188869016,0.04258624464273453,-0.13377240300178528,0.36441126465797424,0.35246744751930237,0.8939166069030762,0.20901602506637573,0.33565148059961797,-1.0993113487488675,0.12158055500267573,0.6987164685180806,2.074035119562337,0.0,0.09410102665745573,0.1578009456231188,-0.35283629350138945,0.10589897334254428,0.04219905437688119,0.35283629350138945,0.2,0.2,0.0,0.39780597239022986,-0.21744867061011994,True,True,True,False
0,416,0.33565148059961797,-1.0993113487488675,0.12158055500267573,0.6987164685180806,2.074035119562337,0.0,0.09410102665745573,0.1578009456231188,-0.35283629350138945,0.15359647572040558,-0.3131803572177887,0.28359901905059814,0.708953857421875,0.7132903933525085,0.5221478343009949,0.3283431294401561,-1.090136485246939,0.12865214457662283,0.7126046945994842,2.0763844179002455,0.0,0.09035128411818384,0.1577605085012608,-0.34895306644228674,0.10964871588181617,0.0422394914987392,0.34895306644228674,0.2,0.2,0.0,0.3934716955053516,-0.18339307890389328,True,True,True,False
0,417,0.3283431294401561,-1.090136485246939,0.12865214457662283,0.7126046945994842,2.0763844179002455,0.0,0.09035128411818384,0.1577605085012608,-0.34895306644228674,0.33631378412246704,-0.3095991313457489,0.5034213066101074,0.8577675819396973,0.6720615029335022,0.20956487953662872,0.323530654917252,-1.0850218960711162,0.13591548820789445,0.7283854299393825,2.0771835351081065,0.0,0.08739529445939152,0.15758358110882437,-0.3449263695732133,0.11260470554060849,0.04241641889117566,0.3449263695732133,0.2,0.2,0.0,0.3891589944427369,-0.18145248659522123,True,True,True,False
0,418,0.323530654917252,-1.0850218960711162,0.13591548820789445,0.7283854299393825,2.0771835351081065,0.0,0.08739529445939152,0.15758358110882437,-0.3449263695732133,0.26636621356010437,0.10094564408063889,-0.4393858313560486,0.9721677303314209,0.6373474597930908,0.30390074849128723,0.3214177514152155,-1.0796293167573163,0.1470807460743149,0.7402125523106133,2.0775269494228783,0.0,0.08739529445939152,0.15758358110882437,-0.3449263695732133,0.11260470554060849,0.04241641889117566,0.3449263695732133,0.2,0.2,0.0,0.3891589944427369,-0.22457949722136844,True,True,True,False
0,419,0.3214177514152155,-1.0796293167573163,0.1470807460743149,0.7402125523106133,2.0775269494228783,0.0,0.08739529445939152,0.15758358110882437,-0.3449263695732133,-0.023044617846608162,-0.2790365219116211,-0.48765960335731506,-0.0640672892332077,0.7590299844741821,0.3774493932723999,0.31868758821962206,-1.0706934755564295,0.13556476239258153,0.749816179104568,2.077716067909144,0.0,0.08310656219829034,0.1566199940776401,-0.3391892286330044,0.11689343780170967,0.043380005922359896,0.3391892286330044,0.2,0.2,0.0,0.38273470713530916,-0.15712448049337735,True,True,True,False
0,420,0.31868758821962206,-1.0706934755564295,0.13556476239258153,0.749816179104568,2.077716067909144,0.0,0.08310656219829034,0.1566199940776401,-0.3391892286330044,0.07236456125974655,-0.16687490046024323,-0.23073594272136688,0.6856215596199036,0.8233314752578735,0.4587216377258301,0.31868758821962206,-1.0706934755564295,0.13556476239258153,0.749816179104568,2.077716067909144,0.0,0.06428870021355446,0.18134066261316195,-0.33303908034139873,0.13571129978644556,0.01865933738683807,0.33303908034139873,0.2,0.2,0.0,0.38461994478546424,-0.24116234889428292,True,True,True,False
0,421,0.31868758821962206,-1.0706934755564295,0.13556476239258153,0.749816179104568,2.077716067909144,0.0,0.06428870021355446,0.18134066261316195,-0.33303908034139873,-0.712647020816803,0.22738468647003174,-0.7413285970687866,0.9442234039306641,-0.3977784216403961,0.7497787475585938,0.31868758821962206,-1.0706934755564295,0.13556476239258153,0.749816179104568,2.077716067909144,0.0,0.06393693810573994,0.1835757933333852,-0.3309691547948135,0.13606306189426007,0.016424206666614823,0.3309691547948135,0.2,0.2,0.0,0.3838340596897469,-0.2140581788876998,True,True,True,False
0,422,0.31868758821962206,-1.0706934755564295,0.13556476239258153,0.749816179104568,2.077716067909144,0.0,0.06393693810573994,0.1835757933333852,-0.3309691547948135,-0.6971319317817688,0.027342859655618668,-0.43018728494644165,0.9546253681182861,-0.5870734453201294,0.7573171257972717,0.10814222264752549,-0.7961672894498717,-0.2551184748339074,1.1694404852953602,2.1403283873002104,0.0,0.06393693810573994,0.1835757933333852,-0.3309691547948135,0.13606306189426007,0.016424206666614823,0.3309691547948135,0.2,0.2,0.0,0.3838340596897469,-0.22191702984487344,True,True,True,False
0,423,0.10814222264752549,-0.7961672894498717,-0.2551184748339074,1.1694404852953602,2.1403283873002104,0.0,0.06393693810573994,0.1835757933333852,-0.3309691547948135,-0.07795797288417816,-0.010550584644079208,0.6931198835372925,0.19768983125686646,0.8495175838470459,-0.48997536301612854,0.09655807200323419,-0.7836964645570137,-0.26999136046521954,1.1877172307280557,2.1365700213662664,0.0,0.06304930243677537,0.18478366247829284,-0.3303008204784277,0.13695069756322464,0.015216337521707174,0.3303008204784277,0.2,0.2,0.0,0.3836910846832099,-0.22041579227623512,True,True,True,False
0,424,0.09655807200323419,-0.7836964645570137,-0.26999136046521954,1.1877172307280557,2.1365700213662664,0.0,0.06304930243677537,0.18478366247829284,-0.3303008204784277,0.043905872851610184,-0.21342569589614868,0.5364722609519958,0.26296329498291016,0.28689128160476685,-0.5397088527679443,0.0917486848870259,-0.7760318470094639,-0.25559136046123127,1.1873505209215856,2.137708757308862,0.0,0.06304930243677537,0.18478366247829284,-0.3303008204784277,0.13695069756322464,0.015216337521707174,0.3303008204784277,0.2,0.2,0.0,0.3836910846832099,-0.22184554234160495,True,True,True,False
0,425,0.0917486848870259,-0.7760318470094639,-0.25559136046123127,1.1873505209215856,2.137708757308862,0.0,0.06304930243677537,0.18478366247829284,-0.3303008204784277,0.04062174633145332,-0.26949363946914673,0.7318224310874939,-0.5946027040481567,0.8481025695800781,-0.4853140413761139,0.08898739896694782,-0.7747998850087731,-0.23667308432120676,1.1834082633611769,2.135135395645573,0.0,0.05857206861193026,0.18523150281419568,-0.3248701488862935,0.14142793138806975,0.014768497185804327,0.3248701488862935,0.2,0.2,0.0,0.3785261027904001,-0.16761323246710222,True,True,True,False
0,426,0.08898739896694782,-0.7747998850087731,-0.23667308432120676,1.1834082633611769,2.135135395645573,0.0,0.05857206861193026,0.18523150281419568,-0.3248701488862935,-0.03992222249507904,-0.30047139525413513,0.7453333139419556,-0.3300437331199646,0.8659884929656982,-0.5405577421188354,0.08636732536399926,-0.7746969560098919,-0.22421657634264033,1.173287706845285,2.1361686465786405,0.0,0.05549160557489183,0.18558414627996947,-0.32182083226391245,0.14450839442510818,0.014415853720030541,0.32182083226391245,0.2,0.2,0.0,0.37561874516427124,-0.18873579632084692,True,True,True,False
0,427,0.08636732536399926,-0.7746969560098919,-0.22421657634264033,1.173287706845285,2.1361686465786405,0.0,0.05549160557489183,0.18558414627996947,-0.32182083226391245,-0.29207274317741394,-0.10152502357959747,0.7026282548904419,-0.5558632612228394,0.5945989489555359,-0.7324680685997009,0.08145586918634631,-0.7733899855935422,-0.20714108880412985,1.1644711467782654,2.13640962584805,0.0,0.05268078487035438,0.1861946171567183,-0.3186512183058111,0.14731921512964563,0.013805382843281686,0.3186512183058111,0.2,0.2,0.0,0.37280329864483647,-0.1882471841280705,True,True,True,False
0,428,0.08145586918634631,-0.7733899855935422,-0.20714108880412985,1.1644711467782654,2.13640962584805,0.0,0.05268078487035438,0.1861946171567183,-0.3186512183058111,-0.13591352105140686,-0.06171144172549248,0.46213585138320923,-0.274689644575119,0.5240535736083984,-0.4270244538784027,0.07349029267381528,-0.767568542907772,-0.19222404523015943,1.1531956079578025,2.134643771153619,0.0,0.05268078487035438,0.1861946171567183,-0.3186512183058111,0.14731921512964563,0.013805382843281686,0.3186512183058111,0.2,0.2,0.0,0.37280329864483647,-0.21640164932241823,True,True,True,False
0,429,0.07349029267381528,-0.767568542907772,-0.19222404523015943,1.1531956079578025,2.134643771153619,0.0,0.05268078487035438,0.1861946171567183,-0.3186512183058111,-0.05756663531064987,-0.1437903344631195,0.46886634826660156,0.4236384630203247,0.7285926342010498,-0.31794029474258423,0.06803212360615442,-0.7617888944441689,-0.1773226415100002,1.1488649304375442,2.1330600952995424,0.0,0.04836927314816747,0.18744270152509965,-0.3148685684759194,0.15163072685183254,0.012557298474900374,0.3148685684759194,0.2,0.2,0.0,0.36961678581198715,-0.18294326457750038,True,True,True,False
0,430,0.06803212360615442,-0.7617888944441689,-0.1773226415100002,1.1488649304375442,2.1330600952995424,0.0,0.04836927314816747,0.18744270152509965,-0.3148685684759194,-0.17016176879405975,-0.27619150280952454,0.407692551612854,0.23544567823410034,0.4138272702693939,-0.6032342910766602,0.06803212360615442,-0.7617888944441689,-0.1773226415100002,1.1488649304375442,2.1330600952995424,0.0,0.04085588056792375,0.1923207005779185,-0.2999129450021515,0.15914411943207626,0.007679299422081513,0.2999129450021515,0.2,0.2,0.0,0.35861431849220043,-0.09928248604823309,True,True,True,False
0,431,0.06803212360615442,-0.7617888944441689,-0.1773226415100002,1.1488649304375442,2.1330600952995424,0.0,0.04085588056792375,0.1923207005779185,-0.2999129450021515,-0.4849443733692169,-0.25579965114593506,0.08767351508140564,0.7861781120300293,0.3049418032169342,-0.5064955949783325,0.0194510502183026,-0.7607096056300539,-0.0955993956545476,1.161808828003316,2.108967552882404,0.0,0.03882621545907802,0.1947620071934648,-0.2944807104992201,0.161173784540922,0.005237992806535219,0.2944807104992201,0.2,0.2,0.0,0.3551881238288063,-0.17333211528046205,True,True,True,False
0,432,0.0194510502183026,-0.7607096056300539,-0.0955993956545476,1.161808828003316,2.108967552882404,0.0,0.03882621545907802,0.1947620071934648,-0.2944807104992201,0.006854337174445391,-0.3243195116519928,0.029708335176110268,0.568482518196106,-0.5437218546867371,-0.7458280920982361,0.01111086066621712,-0.760953184230418,-0.0940171018763078,1.1712615480115616,2.1020341299009746,0.0,0.03854271235297782,0.1971619723657324,-0.2916046200732447,0.1614572876470222,0.0028380276342675915,0.2916046200732447,0.2,0.2,0.0,0.3541068178823046,-0.19624034947613486,True,True,True,False
0,433,0.01111086066621712,-0.760953184230418,-0.0940171018763078,1.1712615480115616,2.1020341299009746,0.0,0.03854271235297782,0.1971619723657324,-0.2916046200732447,-0.13721174001693726,-0.3739864230155945,0.07631781697273254,0.7578104734420776,0.11150294542312622,-0.4737147390842438,0.006809346862654898,-0.7641192943819113,-0.09284288480186215,1.1817870791944767,2.0897186355125306,0.0,0.03920946095806846,0.19762806304105093,-0.29102655100813546,0.16079053904193155,0.002371936958949085,0.29102655100813546,0.2,0.2,0.0,0.35396424469382604,-0.20555639046212756,True,True,True,False
0,434,0.006809346862654898,-0.7641192943819113,-0.09284288480186215,1.1817870791944767,2.0897186355125306,0.0,0.03920946095806846,0.19762806304105093,-0.29102655100813546,-0.26086485385894775,-0.25364363193511963,0.21269401907920837,0.5564843416213989,-0.06184271723031998,-0.5991033315658569,0.0006179657972722323,-0.766825615010098,-0.089215250100365,1.1922711061301756,2.082117850666217,0.0,0.04036676699419947,0.1988800217625683,-0.28946158530433064,0.15963323300580054,0.001119978237431703,0.28946158530433064,0.2,0.2,0.0,0.35351202002299714,-0.20223376330320963,True,True,True,False
0,435,0.0006179657972722323,-0.766825615010098,-0.089215250100365,1.1922711061301756,2.082117850666217,0.0,0.04036676699419947,0.1988800217625683,-0.28946158530433064,-0.22179946303367615,-0.47283732891082764,0.20170097053050995,0.6589796543121338,-0.1663494110107422,-0.6245051622390747,-0.00582695973076796,-0.7682946412930969,-0.08272316695209317,1.1987322269504876,2.0741905235574754,0.0,0.04030840065483443,0.20022422565100537,-0.28709844175567767,0.15969159934516558,-0.00022422565100534825,0.28709844175567767,0.2,0.2,0.0,0.3523351003795018,-0.19439835375479722,True,True,True,False
0,436,-0.00582695973076796,-0.7682946412930969,-0.08272316695209317,1.1987322269504876,2.0741905235574754,0.0,0.04030840065483443,0.20022422565100537,-0.28709844175567767,-0.22390352189540863,-0.510463297367096,0.13243432343006134,0.6857558488845825,0.08247094601392746,-0.7019619941711426,-0.014579402134916786,-0.777915313788484,-0.0743764037541088,1.210291836663686,2.0621909627308432,0.0,0.041975736805903024,0.20171304264240458,-0.28559202324053545,0.158024263194097,-0.0017130426424045702,0.28559202324053545,0.2,0.2,0.0,0.3521546787862934,-0.20427312346106313,True,True,True,False
0,437,-0.014579402134916786,-0.777915313788484,-0.0743764037541088,1.210291836663686,2.0621909627308432,0.0,0.041975736805903024,0.20171304264240458,-0.28559202324053545,-0.2884707450866699,-0.5870174169540405,-0.0697641670703888,0.7878806591033936,0.0399390310049057,-0.6245908737182617,-0.02212134104982486,-0.7874752212993636,-0.07065831832594932,1.2207252763880052,2.054828132752946,0.0,0.041975736805903024,0.20171304264240458,-0.28559202324053545,0.158024263194097,-0.0017130426424045702,0.28559202324053545,0.2,0.2,0.0,0.3521546787862934,-0.2060773393931467,True,True,True,False
0,438,-0.02212134104982486,-0.7874752212993636,-0.07065831832594932,1.2207252763880052,2.054828132752946,0.0,0.041975736805903024,0.20171304264240458,-0.28559202324053545,-0.2043798267841339,-0.495263934135437,0.19178253412246704,0.5974879264831543,-0.14699046313762665,-0.7588977217674255,-0.034821133663035714,-0.8099560501401912,-0.07810758262325562,1.2387280176306297,2.0435548339828578,0.0,0.0444608528100838,0.20317095354327136,-0.2854839853035428,0.1555391471899162,-0.003170953543271346,0.2854839853035428,0.2,0.2,0.0,0.35320859228092893,-0.21714343108681963,True,True,True,False
0,439,-0.034821133663035714,-0.8099560501401912,-0.07810758262325562,1.2387280176306297,2.0435548339828578,0.0,0.0444608528100838,0.20317095354327136,-0.2854839853035428,-0.17157875001430511,-0.5610485076904297,0.2974582016468048,0.4855690896511078,-0.02976943552494049,-0.7009956240653992,-0.03891104561705198,-0.8166026108170659,-0.07068683613896731,1.2426397684702508,2.03736284071771,0.0,0.049736615690342184,0.2049758459745581,-0.2883930041385131,0.15026338430965783,-0.004975845974558081,0.2883930041385131,0.2,0.2,0.0,0.3572944908746159,-0.2495062313741776,True,True,True,False
0,440,-0.03891104561705198,-0.8166026108170659,-0.07068683613896731,1.2426397684702508,2.03736284071771,0.0,0.049736615690342184,0.2049758459745581,-0.2883930041385131,0.06067020073533058,-0.5926336050033569,-0.552202582359314,0.3380991220474243,-0.0042988392524421215,-0.7834151983261108,-0.03891104561705198,-0.8166026108170659,-0.07068683613896731,1.2426397684702508,2.03736284071771,0.0,0.054428346857870236,0.2060327675439515,-0.2912284244457036,0.14557165314212978,-0.006032767543951477,0.2912284244457036,0.2,0.2,0.0,0.3608683159389689,-0.24617240861301443,True,True,True,False
0,441,-0.03891104561705198,-0.8166026108170659,-0.07068683613896731,1.2426397684702508,2.03736284071771,0.0,0.054428346857870236,0.2060327675439515,-0.2912284244457036,-0.1133238673210144,-0.6252279281616211,0.1289646178483963,0.5691447854042053,0.23109564185142517,-0.443145215511322,-0.03891104561705198,-0.8166026108170659,-0.07068683613896731,1.2426397684702508,2.03736284071771,0.0,0.060973776223876425,0.20582453690660057,-0.2993091127593701,0.1390262237761236,-0.0058245369066005515,0.2993091127593701,0.2,0.2,0.0,0.368330675291398,-0.28878893116999016,True,True,True,False
0,442,-0.03891104561705198,-0.8166026108170659,-0.07068683613896731,1.2426397684702508,2.03736284071771,0.0,0.060973776223876425,0.20582453690660057,-0.2993091127593701,-0.0015689345309510827,-0.5046210885047913,-0.008312052115797997,-0.2830400764942169,-0.03471367806196213,-0.7151283025741577,-0.04398207980826555,-0.872002041561708,-0.12121720646158832,1.2505752264322754,1.9990476933678003,0.0,0.06647347905543691,0.20568818649150783,-0.30546163784627267,0.1335265209445631,-0.00568818649150781,0.30546163784627267,0.2,0.2,0.0,0.3742100555511922,-0.27589883037353785,True,True,True,False
0,443,-0.04398207980826555,-0.872002041561708,-0.12121720646158832,1.2505752264322754,1.9990476933678003,0.0,0.06647347905543691,0.20568818649150783,-0.30546163784627267,0.13068599998950958,-0.4144475758075714,0.2262265682220459,-0.33282843232154846,0.3736095428466797,-0.7034803628921509,-0.04390231702905145,-0.8759414274277436,-0.11688789770378277,1.2388083907172232,1.9955093882446615,0.0,0.06676276726157152,0.20573648395303132,-0.3067188171059292,0.1332372327384285,-0.0057364839530313055,0.3067188171059292,0.2,0.2,0.0,0.37531480211768775,-0.2287048667237995,True,True,True,False
0,444,-0.04390231702905145,-0.8759414274277436,-0.11688789770378277,1.2388083907172232,1.9955093882446615,0.0,0.06676276726157152,0.20573648395303132,-0.3067188171059292,0.37919577956199646,-0.42403435707092285,-0.014987613074481487,-0.4325544238090515,0.6322798728942871,-0.5586448311805725,-0.04123122934623628,-0.878737961386304,-0.11034380695099058,1.2258894410261645,1.994976010591785,0.0,0.06604884757258855,0.20533113946020487,-0.30729307885118806,0.13395115242741146,-0.005331139460204857,0.30729307885118806,0.2,0.2,0.0,0.37543623081361716,-0.21893240236610262,True,True,True,False
0,445,-0.04123122934623628,-0.878737961386304,-0.11034380695099058,1.2258894410261645,1.994976010591785,0.0,0.06604884757258855,0.20533113946020487,-0.30729307885118806,0.2831087112426758,-0.44650182127952576,-0.1604216992855072,-0.2902822196483612,0.5706913471221924,-0.5993407964706421,-0.033598394153416526,-0.8826846052334435,-0.11369246615040735,1.209698093062687,1.9972664483401685,0.0,0.06674629374999067,0.20419469097663084,-0.3104542345765269,0.13325370625000935,-0.0041946909766308205,0.3104542345765269,0.2,0.2,0.0,0.3775345961880831,-0.23975095183870104,True,True,True,False
0,446,-0.033598394153416526,-0.8826846052334435,-0.11369246615040735,1.209698093062687,1.9972664483401685,0.0,0.06674629374999067,0.20419469097663084,-0.3104542345765269,0.25149694085121155,-0.49336162209510803,0.3839681148529053,-0.6204125881195068,0.24141784012317657,-0.6858747005462646,-0.029284302599319446,-0.887602418218186,-0.11003010466633395,1.193793544376468,1.996324544329673,0.0,0.0669653813762773,0.20356571624212047,-0.31228422237091547,0.1330346186237227,-0.0035657162421204504,0.31228422237091547,0.2,0.2,0.0,0.3787410707513052,-0.23143528100787353,True,True,True,False
0,447,-0.029284302599319446,-0.887602418218186,-0.11003010466633395,1.193793544376468,1.996324544329673,0.0,0.0669653813762773,0.20356571624212047,-0.31228422237091547,0.22036992013454437,-0.3815080523490906,0.7043979167938232,-0.725430965423584,0.4691050350666046,-0.7146898508071899,-0.024897217845443926,-0.8939767145939642,-0.09318612129854978,1.177734019518672,1.9926503358747638,0.0,0.0669653813762773,0.20356571624212047,-0.31228422237091547,0.1330346186237227,-0.0035657162421204504,0.31228422237091547,0.2,0.2,0.0,0.3787410707513052,-0.2193705353756526,True,True,True,False
0,448,-0.024897217845443926,-0.8939767145939642,-0.09318612129854978,1.177734019518672,1.9926503358747638,0.0,0.0669653813762773,0.20356571624212047,-0.31228422237091547,0.04455921798944473,-0.5543750524520874,0.6065666079521179,0.5299680829048157,0.3502821922302246,-0.7389540672302246,-0.024235790532069045,-0.8981718897491225,-0.0725719171510281,1.1732441778876554,1.9918101273002184,0.0,0.06547491074172285,0.20290747049856217,-0.3110430030187197,0.13452508925827716,-0.0029074704985621535,0.3110430030187197,0.2,0.2,0.0,0.37710231403117206,-0.20216358981425464,True,True,True,False
0,449,-0.024235790532069045,-0.8981718897491225,-0.0725719171510281,1.1732441778876554,1.9918101273002184,0.0,0.06547491074172285,0.20290747049856217,-0.3110430030187197,0.307675838470459,-0.4650561809539795,-0.1118520200252533,0.08971396088600159,0.088250532746315,-0.8349301815032959,-0.023776525061850014,-0.9047293179647805,-0.06473321190665414,1.177865880923747,1.9893369246014356,0.0,0.06464690907888979,0.2029476190857601,-0.3075471410318473,0.13535309092111023,-0.0029476190857600643,0.3075471410318473,0.2,0.2,0.0,0.37410186166724163,-0.18704640719431653,True,True,True,False
0,450,-0.023776525061850014,-0.9047293179647805,-0.06473321190665414,1.177865880923747,1.9893369246014356,0.0,0.06464690907888979,0.2029476190857601,-0.3075471410318473,0.3858610987663269,-0.5028203129768372,0.5699576139450073,-0.47322985529899597,0.4877306818962097,-0.6703231334686279,-0.023776525061850014,-0.9047293179647805,-0.06473321190665414,1.177865880923747,1.9893369246014356,0.0,0.06467406837564771,0.19957548850372778,-0.30767849623274424,0.1353259316243523,0.000424511496272233,0.30767849623274424,0.2,0.2,0.0,0.37239651955382497,-0.19914483864274585,True,True,True,False
0,451,-0.023776525061850014,-0.9047293179647805,-0.06473321190665414,1.177865880923747,1.9893369246014356,0.0,0.06467406837564771,0.19957548850372778,-0.30767849623274424,-0.1874653697013855,-0.4870181679725647,-0.06112281233072281,-0.3982010781764984,0.3558761477470398,-0.6866379976272583,-0.023776525061850014,-0.9047293179647805,-0.06473321190665414,1.177865880923747,1.9893369246014356,0.0,0.05900525376945501,0.1913561935864299,-0.30270443754158183,0.140994746230545,0.008643806413570113,0.30270443754158183,0.2,0.2,0.0,0.36294460913981136,-0.11695320042976959,True,True,True,False
0,452,-0.023776525061850014,-0.9047293179647805,-0.06473321190665414,1.177865880923747,1.9893369246014356,0.0,0.05900525376945501,0.1913561935864299,-0.30270443754158183,0.387213796377182,-0.5402865409851074,-0.043973859399557114,-0.030648060142993927,0.4180961549282074,-0.719409167766571,0.05806819135368433,-0.9742548511974137,0.10239367951815502,1.0058151255817331,1.988917281553907,0.0,0.05774825813419146,0.1898632606124797,-0.30124047403825427,0.14225174186580855,0.010136739387520296,0.30124047403825427,0.2,0.2,0.0,0.3607336167405635,-0.18825688437780294,True,True,True,False
0,453,0.05806819135368433,-0.9742548511974137,0.10239367951815502,1.0058151255817331,1.988917281553907,0.0,0.05774825813419146,0.1898632606124797,-0.30124047403825427,0.12636464834213257,-0.31374162435531616,-0.6504789590835571,0.5790225863456726,-0.046010591089725494,-0.6146202683448792,0.06076933265715526,-0.97626689544873,0.09808581272571221,1.0023340852492788,1.9855665954951847,0.0,0.059094920064298034,0.19009627862145634,-0.3035371200603483,0.14090507993570198,0.00990372137854368,0.3035371200603483,0.2,0.2,0.0,0.3629925453472322,-0.23408555874030318,True,True,True,False
0,454,0.06076933265715526,-0.97626689544873,0.09808581272571221,1.0023340852492788,1.9855665954951847,0.0,0.059094920064298034,0.19009627862145634,-0.3035371200603483,-0.18295587599277496,-0.3311675488948822,-0.7117835283279419,0.5527885556221008,-0.012718796730041504,-0.708207368850708,0.058679735684021926,-0.9720442885827584,0.08067114684497881,1.0169254228029816,1.9773011109808545,0.0,0.059094920064298034,0.19009627862145634,-0.3035371200603483,0.14090507993570198,0.00990372137854368,0.3035371200603483,0.2,0.2,0.0,0.3629925453472322,-0.2114962726736161,True,True,True,False
0,455,0.058679735684021926,-0.9720442885827584,0.08067114684497881,1.0169254228029816,1.9773011109808545,0.0,0.059094920064298034,0.19009627862145634,-0.3035371200603483,0.04009594768285751,-0.40829288959503174,0.044496119022369385,0.4130255877971649,0.19280649721622467,-0.4547543227672577,0.053993966401447234,-0.9710668036557317,0.0695873527716715,1.025607593716582,1.973185274765237,0.0,0.060788499414244496,0.19072494396664116,-0.3057866965375753,0.13921150058575552,0.00927505603335885,0.3057866965375753,0.2,0.2,0.0,0.36548153125907357,-0.23763062474795058,True,True,True,False
0,456,0.053993966401447234,-0.9710668036557317,0.0695873527716715,1.025607593716582,1.973185274765237,0.0,0.060788499414244496,0.19072494396664116,-0.3057866965375753,-0.005478640086948872,-0.5103458762168884,-0.4856065809726715,0.6668248772621155,0.35290709137916565,-0.725143313407898,0.05086149509190735,-0.9722626344743353,0.06072702037425651,1.0349618794759003,1.9704940686878007,0.0,0.061616594449713985,0.19143287544612703,-0.3061897464079435,0.13838340555028603,0.008567124553872988,0.3061897464079435,0.2,0.2,0.0,0.3663267821474614,-0.22161589995760897,True,True,True,False
0,457,0.05086149509190735,-0.9722626344743353,0.06072702037425651,1.0349618794759003,1.9704940686878007,0.0,0.061616594449713985,0.19143287544612703,-0.3061897464079435,-0.34141579270362854,-0.34228724241256714,-0.37910839915275574,0.24561312794685364,0.3930383622646332,-0.45253247022628784,0.044351973528450106,-0.9756744270152612,0.04112467182428827,1.0484247608635804,1.9693003109557132,0.0,0.06449247964570884,0.19223321604792482,-0.30879105921641714,0.13550752035429117,0.0077667839520752045,0.30879105921641714,0.2,0.2,0.0,0.36941143395268256,-0.2455522350285529,True,True,True,False
0,458,0.044351973528450106,-0.9756744270152612,0.04112467182428827,1.0484247608635804,1.9693003109557132,0.0,0.06449247964570884,0.19223321604792482,-0.30879105921641714,0.367389053106308,-0.44212833046913147,0.020715143531560898,0.21460799872875214,0.370942085981369,-0.687414824962616,0.03920857461655616,-0.9746584880243118,0.030780862263331987,1.0514398235527378,1.9687982955244636,0.0,0.06672134525285067,0.19387838266711072,-0.3120268762544596,0.13327865474714934,0.006121617332889299,0.3120268762544596,0.2,0.2,0.0,0.37336488410545593,-0.2562169435804617,True,True,True,False
0,459,0.03920857461655616,-0.9746584880243118,0.030780862263331987,1.0514398235527378,1.9687982955244636,0.0,0.06672134525285067,0.19387838266711072,-0.3120268762544596,0.5026384592056274,-0.19572323560714722,0.32399001717567444,-0.22422552108764648,0.3348813056945801,-0.8562753796577454,0.045422914924557,-0.9740943336942121,0.030151038152113705,1.0529388790014251,1.9676895303135489,0.0,0.06765635367007469,0.19310999460628397,-0.31265799420488494,0.13234364632992532,0.006890005393716047,0.31265799420488494,0.2,0.2,0.0,0.3736627805240858,-0.21981035444834163,True,True,True,False
0,460,0.045422914924557,-0.9740943336942121,0.030151038152113705,1.0529388790014251,1.9676895303135489,0.0,0.06765635367007469,0.19310999460628397,-0.31265799420488494,0.4188786745071411,-0.36030852794647217,0.48871076107025146,-0.05301227793097496,0.5084830522537231,-0.6248735189437866,0.045422914924557,-0.9740943336942121,0.030151038152113705,1.0529388790014251,1.9676895303135489,0.0,0.053163424215382754,0.18541949123370108,-0.29003102851389484,0.14683657578461726,0.014580508766298942,0.29003102851389484,0.2,0.2,0.0,0.3483170034673831,0.049299268833335574,True,True,True,False
0,461,0.045422914924557,-0.9740943336942121,0.030151038152113705,1.0529388790014251,1.9676895303135489,0.0,0.053163424215382754,0.18541949123370108,-0.29003102851389484,-0.06966440379619598,-0.527056097984314,-0.11298926174640656,-0.30486980080604553,0.40172073245048523,-0.7362902164459229,0.10214284511971387,-0.954272369329178,0.1692680684320167,1.023425817682269,1.9774625414505005,0.0,0.05052140293160995,0.18372980068867786,-0.28464153338118525,0.14947859706839006,0.016270199311322155,0.28464153338118525,0.2,0.2,0.0,0.3425344571585051,-0.14344176549047277,True,True,True,False
0,462,0.10214284511971387,-0.954272369329178,0.1692680684320167,1.023425817682269,1.9774625414505005,0.0,0.05052140293160995,0.18372980068867786,-0.28464153338118525,-0.15308238565921783,-0.4840090870857239,-0.7792245149612427,0.6241521835327148,0.30072134733200073,-0.6042882204055786,0.09689463113055465,-0.9576721803720876,0.15477842060892494,1.0229552437028067,1.9766742340255983,0.0,0.049442649136187206,0.18304568118077866,-0.28252978723193034,0.1505573508638128,0.016954318819221346,0.28252978723193034,0.2,0.2,0.0,0.34025487156815143,-0.17733157988053888,True,True,True,False
0,463,0.09689463113055465,-0.9576721803720876,0.15477842060892494,1.0229552437028067,1.9766742340255983,0.0,0.049442649136187206,0.18304568118077866,-0.28252978723193034,-0.5109391808509827,-0.41892009973526,-0.5485314130783081,0.6170997023582458,-0.07188374549150467,-0.12163473665714264,0.0875880950317471,-0.961116953811264,0.1378471338382652,1.0361517984966406,1.9742054240429228,0.0,0.052154802976707576,0.18465699878254582,-0.28696911398823866,0.14784519702329244,0.01534300121745419,0.28696911398823866,0.2,0.2,0.0,0.34520950603381567,-0.25215109767355026,True,True,True,False
0,464,0.0875880950317471,-0.961116953811264,0.1378471338382652,1.0361517984966406,1.9742054240429228,0.0,0.052154802976707576,0.18465699878254582,-0.28696911398823866,-0.20864976942539215,-0.5177499055862427,-0.14365069568157196,0.062075745314359665,-0.17499488592147827,-0.5466222763061523,0.0742323240371625,-0.9628949051830239,0.12035713034043764,1.0451776024650252,1.9671818203275104,0.0,0.05473170941165642,0.1874019291444409,-0.29049056967370535,0.1452682905883436,0.012598070855559113,0.29049056967370535,0.2,0.2,0.0,0.3499997344735191,-0.25290215163379404,True,True,True,False
0,465,0.0742323240371625,-0.9628949051830239,0.12035713034043764,1.0451776024650252,1.9671818203275104,0.0,0.05473170941165642,0.1874019291444409,-0.29049056967370535,-0.3012773394584656,-0.46050238609313965,-0.5163685083389282,0.30493462085723877,-0.09172146767377853,-0.521460235118866,0.0742323240371625,-0.9628949051830239,0.12035713034043764,1.0451776024650252,1.9671818203275104,0.0,0.057168336432739025,0.18927423537149038,-0.29479035101459106,0.14283166356726099,0.01072576462850962,0.29479035101459106,0.2,0.2,0.0,0.3549567662649284,-0.2570487010465569,True,True,True,False
0,466,0.0742323240371625,-0.9628949051830239,0.12035713034043764,1.0451776024650252,1.9671818203275104,0.0,0.057168336432739025,0.18927423537149038,-0.29479035101459106,-0.024926524609327316,-0.4998900294303894,-0.45423680543899536,0.5150710344314575,0.272605836391449,-0.7061715126037598,0.0348933065177337,-0.9747831781459667,0.06146444750777566,1.062425404771823,1.9400440582033318,0.0,0.06303771934664476,0.19415582045161403,-0.3033946050958177,0.13696228065335525,0.005844179548385982,0.3033946050958177,0.2,0.2,0.0,0.3656754340626574,-0.3200243950086188,True,True,True,False
0,467,0.0348933065177337,-0.9747831781459667,0.06146444750777566,1.062425404771823,1.9400440582033318,0.0,0.06303771934664476,0.19415582045161403,-0.3033946050958177,0.605208694934845,-0.47656989097595215,-0.3748787045478821,0.5271812677383423,0.43725520372390747,-0.7649266719818115,0.03511240414458948,-0.9775233558966054,0.04667521557397223,1.0702287962413595,1.939437970468845,0.0,0.06598078535758944,0.19432023792323314,-0.30687531269123247,0.13401921464241057,0.005679762076766884,0.30687531269123247,0.2,0.2,0.0,0.36916971224937717,-0.24952763799188626,True,True,True,False
0,468,0.03511240414458948,-0.9775233558966054,0.04667521557397223,1.0702287962413595,1.939437970468845,0.0,0.06598078535758944,0.19432023792323314,-0.30687531269123247,0.2667696475982666,-0.49340298771858215,-0.10443898290395737,-0.3579978346824646,0.33795133233070374,-0.6203107237815857,0.03752423105430558,-0.9781823973606389,0.04187521557644415,1.0725875150544848,1.9396331767659574,0.0,0.06598078535758944,0.19432023792323314,-0.30687531269123247,0.13401921464241057,0.005679762076766884,0.30687531269123247,0.2,0.2,0.0,0.36916971224937717,-0.21458485612468858,True,True,True,False
0,469,0.03752423105430558,-0.9781823973606389,0.04187521557644415,1.0725875150544848,1.9396331767659574,0.0,0.06598078535758944,0.19432023792323314,-0.30687531269123247,0.1754760593175888,-0.5090807676315308,-0.09515269100666046,0.3591286540031433,0.5820199251174927,-0.7512747049331665,0.04728203079989955,-0.9844318918009183,0.020915528653829094,1.067781405244505,1.93974146135262,0.0,0.0687586598634845,0.19298062713703493,-0.31009664273785054,0.1312413401365155,0.007019372862965082,0.31009664273785054,0.2,0.2,0.0,0.37165737392618997,-0.240705303731223,True,True,True,False
0,470,0.04728203079989955,-0.9844318918009183,0.020915528653829094,1.067781405244505,1.93974146135262,0.0,0.0687586598634845,0.19298062713703493,-0.31009664273785054,0.06330585479736328,-0.6553961038589478,0.42834821343421936,-0.3310391306877136,0.807697057723999,-0.7201654314994812,0.04728203079989955,-0.9844318918009183,0.020915528653829094,1.067781405244505,1.93974146135262,0.0,0.07127988855533882,0.19304793035855444,-0.31367108017954415,0.1287201114446612,0.00695206964144557,0.31367108017954415,0.2,0.2,0.0,0.3751504664387142,-0.25250615834459933,True,True,True,False
0,471,0.04728203079989955,-0.9844318918009183,0.020915528653829094,1.067781405244505,1.93974146135262,0.0,0.07127988855533882,0.19304793035855444,-0.31367108017954415,0.18425807356834412,-0.5498424768447876,0.02570575289428234,-0.1769656240940094,0.7305445075035095,-0.7290899753570557,0.04728203079989955,-0.9844318918009183,0.020915528653829094,1.067781405244505,1.93974146135262,0.0,0.07212623304867596,0.19370533754063216,-0.3133553302293639,0.12787376695132405,0.006294662459367859,0.3133553302293639,0.2,0.2,0.0,0.3753871525088144,-0.22006043695540908,True,True,True,False
0,472,0.04728203079989955,-0.9844318918009183,0.020915528653829094,1.067781405244505,1.93974146135262,0.0,0.07212623304867596,0.19370533754063216,-0.3133553302293639,0.2315072864294052,-0.3441268801689148,0.1550816297531128,-0.1228393167257309,0.6113771200180054,-0.7909270524978638,0.04728203079989955,-0.9844318918009183,0.020915528653829094,1.067781405244505,1.93974146135262,0.0,0.07623231560753967,0.19377962473150512,-0.3189676886772521,0.12376768439246034,0.0062203752684948845,0.3189676886772521,0.2,0.2,0.0,0.3809229519523324,-0.27581947041134625,True,True,True,False
0,473,0.04728203079989955,-0.9844318918009183,0.020915528653829094,1.067781405244505,1.93974146135262,0.0,0.07623231560753967,0.19377962473150512,-0.3189676886772521,0.3605390191078186,-0.5504733920097351,0.46424010396003723,-0.569513201713562,0.6242552995681763,-0.8369529247283936,0.04252745926392476,-1.0312792385587501,0.047228274174275664,1.0205257168021897,1.974810188240771,0.0,0.07696864264123011,0.19365636108313133,-0.3202686625574733,0.1230313573587699,0.006343638916868673,0.3202686625574733,0.2,0.2,0.0,0.38209812136982074,-0.2328007548597939,True,True,True,False
0,474,0.04252745926392476,-1.0312792385587501,0.047228274174275664,1.0205257168021897,1.974810188240771,0.0,0.07696864264123011,0.19365636108313133,-0.3202686625574733,0.43624264001846313,-0.5128417611122131,0.32959821820259094,-0.5679742693901062,0.573456883430481,-0.8250237703323364,0.04708731379480512,-1.0350356890289054,0.06091560950423447,1.0075931232188924,1.9770042082083263,0.0,0.07599939078060018,0.19299379376222903,-0.3194491647292753,0.12400060921939983,0.007006206237770984,0.3194491647292753,0.2,0.2,0.0,0.38088092716227184,-0.20826852150564693,True,True,True,False
0,475,0.04708731379480512,-1.0350356890289054,0.06091560950423447,1.0075931232188924,1.9770042082083263,0.0,0.07599939078060018,0.19299379376222903,-0.3194491647292753,0.3311903476715088,-0.4802601933479309,0.041559260338544846,-0.26211386919021606,0.6528066396713257,-0.8010008335113525,0.05123053725677903,-1.0369016926471837,0.06560805097513049,0.998757305722221,1.9786401537480403,0.0,0.07599939078060018,0.19299379376222903,-0.3194491647292753,0.12400060921939983,0.007006206237770984,0.3194491647292753,0.2,0.2,0.0,0.38088092716227184,-0.22044046358113592,True,True,True,False
0,476,0.05123053725677903,-1.0369016926471837,0.06560805097513049,0.998757305722221,1.9786401537480403,0.0,0.07599939078060018,0.19299379376222903,-0.3194491647292753,0.4138665199279785,-0.39181461930274963,-0.1998012214899063,-0.10809330642223358,0.48308512568473816,-0.6101763248443604,0.0563621224917392,-1.0386525289048745,0.06005334645368129,0.9902885780745434,1.9824191170689616,0.0,0.07597317908211278,0.19231377238336017,-0.32016685642442233,0.12402682091788723,0.007686227616639837,0.32016685642442233,0.2,0.2,0.0,0.3811342636668321,-0.2231004968790188,True,True,True,False
0,477,0.0563621224917392,-1.0386525289048745,0.06005334645368129,0.9902885780745434,1.9824191170689616,0.0,0.07597317908211278,0.19231377238336017,-0.32016685642442233,0.66806960105896,-0.5538749098777771,0.6520063877105713,-0.31645089387893677,0.41982534527778625,-0.7481512427330017,0.06102520715178992,-1.0388542023266931,0.0604279409662875,0.9876083305912614,1.982431260874348,0.0,0.07714309657513992,0.19168053888542422,-0.32268568509963347,0.1228569034248601,0.008319461114575785,0.32268568509963347,0.2,0.2,0.0,0.38316907195757305,-0.24193261888619583,True,True,True,False
0,478,0.06102520715178992,-1.0388542023266931,0.0604279409662875,0.9876083305912614,1.982431260874348,0.0,0.07714309657513992,0.19168053888542422,-0.32268568509963347,0.3530975878238678,-0.5499539375305176,0.5946770906448364,-0.3613457977771759,0.4711407721042633,-0.8319763541221619,0.06102520715178992,-1.0388542023266931,0.0604279409662875,0.9876083305912614,1.982431260874348,0.0,0.07485770484230841,0.18924510061450017,-0.3188491677233445,0.1251422951576916,0.010754899385499849,0.3188491677233445,0.2,0.2,0.0,0.3782620465216143,-0.17006076890121993,True,True,True,False
0,479,0.06102520715178992,-1.0388542023266931,0.0604279409662875,0.9876083305912614,1.982431260874348,0.0,0.07485770484230841,0.18924510061450017,-0.3188491677233445,0.23174695670604706,-0.2906550168991089,0.7253274321556091,-0.2534940242767334,0.6070141196250916,-0.6521742343902588,0.06102520715178992,-1.0388542023266931,0.0604279409662875,0.9876083305912614,1.982431260874348,0.0,0.07485770484230841,0.18924510061450017,-0.3188491677233445,0.1251422951576916,0.010754899385499849,0.3188491677233445,0.2,0.2,0.0,0.3782620465216143,-0.21913102326080716,True,True,True,False
0,480,0.06102520715178992,-1.0388542023266931,0.0604279409662875,0.9876083305912614,1.982431260874348,0.0,0.07485770484230841,0.18924510061450017,-0.3188491677233445,0.5021190643310547,-0.6076462268829346,-0.13397230207920074,-0.07552850246429443,0.4311510920524597,-0.7341732978820801,0.06102520715178992,-1.0388542023266931,0.0604279409662875,0.9876083305912614,1.982431260874348,0.0,0.0947565217650257,0.184898937679984,-0.33966447162513,0.1052434782349743,0.015101062320016012,0.33966447162513,0.2,0.2,0.0,0.39816876931342965,-0.4281516125748681,True,True,True,False
0,481,0.06102520715178992,-1.0388542023266931,0.0604279409662875,0.9876083305912614,1.982431260874348,0.0,0.0947565217650257,0.184898937679984,-0.33966447162513,0.7151937484741211,-0.5158835649490356,0.7448908090591431,-0.31706103682518005,0.774952232837677,-0.28360405564308167,0.11204643063112205,-1.0816322101374503,0.050030541406863104,0.956692828122135,1.9808788163141167,0.0,0.0947565217650257,0.184898937679984,-0.33966447162513,0.1052434782349743,0.015101062320016012,0.33966447162513,0.2,0.2,0.0,0.39816876931342965,-0.22908438465671482,True,True,True,False
0,482,0.11204643063112205,-1.0816322101374503,0.050030541406863104,0.956692828122135,1.9808788163141167,0.0,0.0947565217650257,0.184898937679984,-0.33966447162513,0.42648157477378845,-0.5719312429428101,0.7473256587982178,-0.4996192753314972,0.9018213748931885,-0.3566955029964447,0.13489734900367287,-1.1006690431690382,0.021873250085194796,0.951198880459508,1.9813600704939731,0.0,0.09903442291204022,0.18434097549447154,-0.3435665183806731,0.10096557708795979,0.01565902450552847,0.3435665183806731,0.2,0.2,0.0,0.4022777208844551,-0.2722283761524823,True,True,True,False
0,483,0.13489734900367287,-1.1006690431690382,0.021873250085194796,0.951198880459508,1.9813600704939731,0.0,0.09903442291204022,0.18434097549447154,-0.3435665183806731,0.7550308704376221,-0.5510522127151489,0.590640127658844,-0.8297057151794434,0.8737379312515259,-0.4399261474609375,0.1388957914865147,-1.102653464942865,0.036791101204150835,0.9428559984062946,1.9851572871766505,0.0,0.09682616058955289,0.18355677522620217,-0.3410453588251833,0.10317383941044712,0.01644322477379785,0.3410453588251833,0.2,0.2,0.0,0.399224663419176,-0.19908175705679682,True,True,True,False
0,484,0.1388957914865147,-1.102653464942865,0.036791101204150835,0.9428559984062946,1.9851572871766505,0.0,0.09682616058955289,0.18355677522620217,-0.3410453588251833,0.6270695924758911,-0.5857576131820679,0.5793754458427429,-0.5559787750244141,0.6299351453781128,-0.2064996063709259,0.15182035045401648,-1.1062287560672905,0.05630214141064591,0.9258660646611355,1.991501612369438,0.0,0.09509812691453581,0.1817110069058029,-0.33969498249632113,0.1049018730854642,0.01828899309419711,0.33969498249632113,0.2,0.2,0.0,0.3968062813345447,-0.20421931982095937,True,True,True,False
0,485,0.15182035045401648,-1.1062287560672905,0.05630214141064591,0.9258660646611355,1.991501612369438,0.0,0.09509812691453581,0.1817110069058029,-0.33969498249632113,0.1587633192539215,-0.6569912433624268,0.8643726706504822,-0.8400286436080933,0.6860997676849365,-0.49285563826560974,0.15530474546019363,-1.1099396498659635,0.07340784431623114,0.9156557216919043,1.993381232373896,0.0,0.09326216469616908,0.1808629862711495,-0.3375113718128907,0.10673783530383094,0.019137013728850523,0.3375113718128907,0.2,0.2,0.0,0.3941106155253278,-0.2000986496704946,True,True,True,False
0,486,0.15530474546019363,-1.1099396498659635,0.07340784431623114,0.9156557216919043,1.993381232373896,0.0,0.09326216469616908,0.1808629862711495,-0.3375113718128907,0.452592134475708,-0.4306063652038574,0.8693605661392212,-0.5154077410697937,0.6515669822692871,-0.7062469720840454,0.15340593617814496,-1.1155551440594427,0.0952879686399213,0.8997395558350344,1.9966764389490521,0.0,0.09147659331499919,0.1808116942148449,-0.33564481333296814,0.10852340668500082,0.01918830578515512,0.33564481333296814,0.2,0.2,0.0,0.39206922425342616,-0.20562069940769692,True,True,True,False
0,487,0.15340593617814496,-1.1155551440594427,0.0952879686399213,0.8997395558350344,1.9966764389490521,0.0,0.09147659331499919,0.1808116942148449,-0.33564481333296814,0.48569443821907043,-0.6577923893928528,0.6125826835632324,-0.39918604493141174,0.6192179918289185,-0.6331102848052979,0.15546687612384028,-1.1141567144385576,0.10488796864258568,0.8945016526640854,1.9979693579921807,0.0,0.0891702466008706,0.17993487821444215,-0.33283514596030483,0.11082975339912941,0.020065121785557853,0.33283514596030483,0.2,0.2,0.0,0.3887250026218067,-0.19092028499470876,True,True,True,False
0,488,0.15546687612384028,-1.1141567144385576,0.10488796864258568,0.8945016526640854,1.9979693579921807,0.0,0.0891702466008706,0.17993487821444215,-0.33283514596030483,0.2629149556159973,-0.6593453884124756,0.5322638154029846,0.2730914354324341,0.8861755728721619,-0.49342232942581177,0.16043454893334458,-1.1233691196772484,0.12859893261695113,0.8887530766315782,2.0014576986206647,0.0,0.0891702466008706,0.17993487821444215,-0.33283514596030483,0.11082975339912941,0.020065121785557853,0.33283514596030483,0.2,0.2,0.0,0.3887250026218067,-0.22436250131090335,True,True,True,False
0,489,0.16043454893334458,-1.1233691196772484,0.12859893261695113,0.8887530766315782,2.0014576986206647,0.0,0.0891702466008706,0.17993487821444215,-0.33283514596030483,0.8096652030944824,-0.5282172560691833,0.8576490879058838,0.48100802302360535,0.7259522080421448,-0.8377052545547485,0.165517702122946,-1.1273593047166102,0.1545149536691115,0.8998891768779037,2.0059679613113444,0.0,0.08837749343918228,0.17946043922867372,-0.3301127027098224,0.11162250656081774,0.020539560771326293,0.3301127027098224,0.2,0.2,0.0,0.3859935583466709,-0.19568233642197713,True,True,True,False
0,490,0.165517702122946,-1.1273593047166102,0.1545149536691115,0.8998891768779037,2.0059679613113444,0.0,0.08837749343918228,0.17946043922867372,-0.3301127027098224,0.6699962615966797,-0.6912596821784973,0.2742238938808441,-0.2982555031776428,0.621743381023407,-0.6974661350250244,0.165517702122946,-1.1273593047166102,0.1545149536691115,0.8998891768779037,2.0059679613113444,0.0,0.10105558429111473,0.1670299474324347,-0.3267582419673567,0.09894441570888528,0.0329700525675653,0.3267582419673567,0.2,0.2,0.0,0.38063392275163566,-0.16672060542546566,True,True,True,False
0,491,0.165517702122946,-1.1273593047166102,0.1545149536691115,0.8998891768779037,2.0059679613113444,0.0,0.10105558429111473,0.1670299474324347,-0.3267582419673567,0.9110937714576721,-0.6144055724143982,-0.17950132489204407,-0.18138162791728973,0.5956079959869385,-0.49592354893684387,0.2916499721383432,-1.2370672855444231,0.23967359852343356,0.8393712144771499,2.0320567260216733,0.0,0.10105558429111473,0.1670299474324347,-0.3267582419673567,0.09894441570888528,0.0329700525675653,0.3267582419673567,0.2,0.2,0.0,0.38063392275163566,-0.22031696137581783,True,True,True,False
0,492,0.2916499721383432,-1.2370672855444231,0.23967359852343356,0.8393712144771499,2.0320567260216733,0.0,0.10105558429111473,0.1670299474324347,-0.3267582419673567,0.6790010929107666,-0.6644344329833984,0.6298967599868774,0.23004968464374542,0.8296954035758972,-0.45661020278930664,0.2916499721383432,-1.2370672855444231,0.23967359852343356,0.8393712144771499,2.0320567260216733,0.0,0.15482601526674797,0.17143829767051083,-0.37514069595849486,0.04517398473325204,0.028561702329489194,0.37514069595849486,0.2,0.2,0.0,0.4405595608720413,-0.849536161640077,True,True,True,False
0,493,0.2916499721383432,-1.2370672855444231,0.23967359852343356,0.8393712144771499,2.0320567260216733,0.0,0.15482601526674797,0.17143829767051083,-0.37514069595849486,0.7429113984107971,-0.5474887490272522,0.700692892074585,-0.9231781959533691,0.9003210067749023,-0.25416266918182373,0.4646588316301149,-1.2654583095124285,-0.01636902402990186,0.8330815693962881,2.043247868400616,0.0,0.15856365710036494,0.17260722947628676,-0.3777754066615594,0.041436342899635076,0.027392770523713236,0.3777754066615594,0.2,0.2,0.0,0.44457839229862284,-0.29247751041512693,True,True,True,False
0,494,0.4646588316301149,-1.2654583095124285,-0.01636902402990186,0.8330815693962881,2.043247868400616,0.0,0.15856365710036494,0.17260722947628676,-0.3777754066615594,0.6450368165969849,-0.5566142797470093,0.9709177017211914,-0.9224146008491516,0.8805691599845886,-0.35783782601356506,0.4683285523254757,-1.2650167681288067,0.0009262619032308547,0.8215966614754643,2.0468885791781637,0.0,0.15525447023734118,0.17085204288645384,-0.3759452098824906,0.04474552976265883,0.02914795711354616,0.3759452098824906,0.2,0.2,0.0,0.4411679633889365,-0.21647969259760477,True,True,True,False
0,495,0.4683285523254757,-1.2650167681288067,0.0009262619032308547,0.8215966614754643,2.0468885791781637,0.0,0.15525447023734118,0.17085204288645384,-0.3759452098824906,0.3871539533138275,-0.530954122543335,0.972541332244873,-0.901462733745575,0.9613543748855591,-0.4475419223308563,0.46709742900713286,-1.2632995779740943,0.023328524243154812,0.8042651542431772,2.0521500125925005,0.0,0.15149445374139053,0.16903445941911366,-0.37414268445166643,0.048505546258609464,0.03096554058088636,0.37414268445166643,0.2,0.2,0.0,0.4376139466632816,-0.21326680607509219,True,True,True,False
0,496,0.46709742900713286,-1.2632995779740943,0.023328524243154812,0.8042651542431772,2.0521500125925005,0.0,0.15149445374139053,0.16903445941911366,-0.37414268445166643,0.26481330394744873,-0.5593580007553101,0.9851910471916199,-0.7038965821266174,0.8173931837081909,-0.07184895128011703,0.46201964253768535,-1.2618198385696073,0.0409418233411218,0.793099357244968,2.0557816296640117,0.0,0.15149445374139053,0.16903445941911366,-0.37414268445166643,0.048505546258609464,0.03096554058088636,0.37414268445166643,0.2,0.2,0.0,0.4376139466632816,-0.2488069733316408,True,True,True,False
0,497,0.46201964253768535,-1.2618198385696073,0.0409418233411218,0.793099357244968,2.0557816296640117,0.0,0.15149445374139053,0.16903445941911366,-0.37414268445166643,0.5880546569824219,-0.5559298992156982,0.9781858921051025,-0.939187228679657,0.9516607522964478,-0.5295726656913757,0.450964755348109,-1.2603053463341158,0.06327508825616283,0.7770210442549442,2.060376470813608,0.0,0.14741173045782996,0.16753299184217252,-0.37185475654047906,0.05258826954217005,0.0324670081578275,0.37185475654047906,0.2,0.2,0.0,0.43367439582472506,-0.2074416895267968,True,True,True,False
0,498,0.450964755348109,-1.2603053463341158,0.06327508825616283,0.7770210442549442,2.060376470813608,0.0,0.14741173045782996,0.16753299184217252,-0.37185475654047906,-0.1167794018983841,-0.5998904705047607,0.9683842062950134,-0.48315632343292236,0.8588945269584656,-0.5076016783714294,0.44285318855401595,-1.260129904019942,0.08554705709743225,0.7681364955568271,2.0639835890794083,0.0,0.1434499879687302,0.1663388940191368,-0.3697505093583535,0.05655001203126982,0.03366110598086322,0.3697505093583535,0.2,0.2,0.0,0.4300720473159123,-0.20901253856982868,True,True,True,False
0,499,0.44285318855401595,-1.260129904019942,0.08554705709743225,0.7681364955568271,2.0639835890794083,0.0,0.1434499879687302,0.1663388940191368,-0.3697505093583535,0.4422456622123718,-0.5915986895561218,0.9595164656639099,-0.3344690203666687,0.8780162930488586,-0.5743288993835449,0.4324745501836974,-1.2605963227268362,0.10294206613334514,0.7638019368900106,2.0673683567891317,0.0,0.1394504720602182,0.16553056449184378,-0.36682013328011287,0.060549527939781786,0.034469435508156246,0.36682013328011287,0.2,0.2,0.0,0.4259152640120402,-0.2013897989672992,True,True,True,False
0,500,0.4324745501836974,-1.2605963227268362,0.10294206613334514,0.7638019368900106,2.0673683567891317,0.0,0.1394504720602182,0.16553056449184378,-0.36682013328011287,0.4857957065105438,-0.7318952679634094,0.8392934203147888,-0.38307592272758484,0.9086740016937256,-0.433178186416626,0.4324745501836974,-1.2605963227268362,0.10294206613334514,0.7638019368900106,2.0673683567891317,0.0,0.12827207731417145,0.16268744231356014,-0.3515483070204346,0.07172792268582855,0.03731255768643986,0.3515483070204346,0.2,0.2,0.0,0.4080528665184874,-0.05540245832371529,True,True,True,True
