episode,timestep,s1,s2,s3,s4,s5,g_s,rb_x,rb_y,rb_z,a1,a2,a3,a4,a5,g_a,ns1,ns2,ns3,ns4,ns5,ng_s,nrb_x,nrb_y,nrb_z,jp_x,jp_y,jp_z,bp_x,bp_y,bp_z,distance,reward,done
0,0,3.3495648406374626e-15,-1.5700000000291077,1.5700000000786056,1.570000000042638,1.5423889934046018e-13,0.0,0.16227085568634586,0.20159999999999997,-0.018460129445678763,-0.6092635989189148,-0.6368533968925476,-0.820689857006073,-0.9020461440086365,0.9324207901954651,0.2771153450012207,3.3495648406374626e-15,-1.5700000000291077,1.5700000000786056,1.570000000042638,1.5423889934046018e-13,0.0,0.10539332414663513,0.24148534073921368,-0.08476739864425262,0.09460667585336488,-0.04148534073921367,0.08476739864425262,0.2,0.2,0.0,0.2767822870769108,0.0,False
0,1,3.3495648406374626e-15,-1.5700000000291077,1.5700000000786056,1.570000000042638,1.5423889934046018e-13,0.0,0.10539332414663513,0.24148534073921368,-0.08476739864425262,-0.8526272773742676,-0.6132535934448242,-0.022249050438404083,0.8647964000701904,0.7777154445648193,-0.8000547289848328,3.3495648406374626e-15,-1.5700000000291077,1.5700000000786056,1.570000000042638,1.5423889934046018e-13,0.0,0.10237530694169841,0.24439283013304242,-0.09102280866169143,0.0976246930583016,-0.044392830133042405,0.09102280866169143,0.2,0.2,0.0,0.28016729036150523,-0.20393367802669662,False
0,2,3.3495648406374626e-15,-1.5700000000291077,1.5700000000786056,1.570000000042638,1.5423889934046018e-13,0.0,0.10237530694169841,0.24439283013304242,-0.09102280866169143,-0.8064876794815063,-0.10799261182546616,0.37937185168266296,0.2766817808151245,0.09048991650342941,-0.9309126734733582,-0.3826137208974795,-1.4479495084410845,1.1956000001661005,1.1976003589679662,0.37409048779371146,0.0,0.10237530694169841,0.24439283013304242,-0.09102280866169143,0.0976246930583016,-0.044392830133042405,0.09102280866169143,0.2,0.2,0.0,0.28016729036150523,-0.1700836451807526,False
0,3,-0.3826137208974795,-1.4479495084410845,1.1956000001661005,1.1976003589679662,0.37409048779371146,0.0,0.10237530694169841,0.24439283013304242,-0.09102280866169143,0.8563271760940552,0.29889097809791565,0.38147664070129395,0.8130810260772705,0.11255601793527603,-0.27868929505348206,-0.38573805028952984,-1.4344317532725375,1.186772675849649,1.1992417905026274,0.38923815641083453,0.0,0.10061992082966605,0.24646197557189914,-0.09502753585518614,0.09938007917033397,-0.04646197557189912,0.09502753585518614,0.2,0.2,0.0,0.28266253101760824,-0.19628367206983427,False
0,4,-0.38573805028952984,-1.4344317532725375,1.186772675849649,1.1992417905026274,0.38923815641083453,0.0,0.10061992082966605,0.24646197557189914,-0.09502753585518614,-0.6214218139648438,-0.3748359680175781,0.4430970251560211,-0.7723597884178162,-0.28778210282325745,-0.8513925075531006,-0.3773476967587222,-1.4238766641164287,1.1795386129428733,1.2026207802321889,0.4011448952039225,0.0,0.10007298501743282,0.24564841593216724,-0.09524789497116207,0.09992701498256719,-0.04564841593216723,0.09524789497116207,0.2,0.2,0.0,0.281833120971826,-0.16262246002809058,False
0,5,-0.3773476967587222,-1.4238766641164287,1.1795386129428733,1.2026207802321889,0.4011448952039225,0.0,0.10007298501743282,0.24564841593216724,-0.09524789497116207,-0.5020262002944946,0.680254340171814,0.42906081676483154,0.28594067692756653,-0.6669184565544128,0.10062958300113678,-0.3824636348463274,-1.4150898092323119,1.170457936053318,1.189354028386147,0.4153833054080088,0.0,0.10007298501743282,0.24564841593216724,-0.09524789497116207,0.09992701498256719,-0.04564841593216723,0.09524789497116207,0.2,0.2,0.0,0.281833120971826,-0.170916560485913,False
0,6,-0.3824636348463274,-1.4150898092323119,1.170457936053318,1.189354028386147,0.4153833054080088,0.0,0.10007298501743282,0.24564841593216724,-0.09524789497116207,-0.049811769276857376,-0.6877499222755432,0.8463394641876221,-0.40292975306510925,-0.11962101608514786,-0.18799474835395813,-0.3829839997565384,-1.4060877286844413,1.1678476899193004,1.188636600516069,0.42343414589611894,0.0,0.09854016173512606,0.2470450125292832,-0.0967156666337406,0.10145983826487395,-0.0470450125292832,0.0967156666337406,0.2,0.2,0.0,0.28301116914847607,-0.18328606634073874,False
0,7,-0.3829839997565384,-1.4060877286844413,1.1678476899193004,1.188636600516069,0.42343414589611894,0.0,0.09854016173512606,0.2470450125292832,-0.0967156666337406,0.3516494631767273,-0.6079466342926025,0.04565172642469406,-0.7573707103729248,0.7730410695075989,-0.8121320605278015,-0.37763723482384004,-1.406201671142011,1.1696258692281973,1.176826925248886,0.44123453596448103,0.0,0.09723032713402878,0.2467852508752938,-0.09711135486523162,0.10276967286597123,-0.04678525087529378,0.09711135486523162,0.2,0.2,0.0,0.28246647908722355,-0.1657863389310866,False
0,8,-0.37763723482384004,-1.406201671142011,1.1696258692281973,1.176826925248886,0.44123453596448103,0.0,0.09723032713402878,0.2467852508752938,-0.09711135486523162,0.04456686973571777,-0.6248499155044556,0.5967204570770264,0.30590730905532837,0.5041059255599976,-0.6325246095657349,-0.3712203403405203,-1.4049437317857634,1.1596417282607818,1.1687962365295728,0.453911895283668,0.0,0.09723032713402878,0.2467852508752938,-0.09711135486523162,0.10276967286597123,-0.04678525087529378,0.09711135486523162,0.2,0.2,0.0,0.28246647908722355,-0.17123323954361178,False
0,9,-0.3712203403405203,-1.4049437317857634,1.1596417282607818,1.1687962365295728,0.453911895283668,0.0,0.09723032713402878,0.2467852508752938,-0.09711135486523162,-0.7248741388320923,0.23946408927440643,0.7903732061386108,0.15291903913021088,0.6302053928375244,-0.43623706698417664,-0.36664516549871645,-1.4006140607698963,1.1562861594248839,1.1704792616129704,0.47149357257046837,0.0,0.09551731735393808,0.2461835933036987,-0.10008811683665991,0.10448268264606193,-0.0461835933036987,0.10008811683665991,0.2,0.2,0.0,0.2823960882489747,-0.170494135741999,False
0,10,-0.36664516549871645,-1.4006140607698963,1.1562861594248839,1.1704792616129704,0.47149357257046837,0.0,0.09551731735393808,0.2461835933036987,-0.10008811683665991,0.5760142803192139,-0.9520915746688843,0.8946777582168579,-0.8754976391792297,0.280693382024765,-0.97956782579422,-0.36664516549871645,-1.4006140607698963,1.1562861594248839,1.1704792616129704,0.47149357257046837,0.0,0.09307529225181974,0.24418896447571245,-0.09936197047710012,0.10692470774818028,-0.044188964475712446,0.09936197047710012,0.2,0.2,0.0,0.2795783639278521,-0.14161193875270012,False
0,11,-0.36664516549871645,-1.4006140607698963,1.1562861594248839,1.1704792616129704,0.47149357257046837,0.0,0.09307529225181974,0.24418896447571245,-0.09936197047710012,-0.4372020363807678,-0.10220121592283249,0.9656848311424255,0.10980898886919022,-0.6268490552902222,-0.4889819324016571,-0.36664516549871645,-1.4006140607698963,1.1562861594248839,1.1704792616129704,0.47149357257046837,0.0,0.0908001370290083,0.24173784320057268,-0.10014351463832372,0.10919986297099171,-0.04173784320057266,0.10014351463832372,0.2,0.2,0.0,0.2769667367101463,-0.14236709617801513,False
0,12,-0.36664516549871645,-1.4006140607698963,1.1562861594248839,1.1704792616129704,0.47149357257046837,0.0,0.0908001370290083,0.24173784320057268,-0.10014351463832372,0.5561302900314331,-0.39560577273368835,-0.3548565208911896,-0.8710656762123108,0.17059320211410522,0.3908393681049347,-0.31355424484058975,-1.4360156182891077,1.1936706716424599,1.111404196808208,0.5431106621505932,0.0,0.0908001370290083,0.24173784320057268,-0.10014351463832372,0.10919986297099171,-0.04173784320057266,0.10014351463832372,0.2,0.2,0.0,0.2769667367101463,-0.16848336835507316,False
0,13,-0.31355424484058975,-1.4360156182891077,1.1936706716424599,1.111404196808208,0.5431106621505932,0.0,0.0908001370290083,0.24173784320057268,-0.10014351463832372,-0.533324122428894,0.16590763628482819,-0.5950726270675659,-0.5274062752723694,0.7989564538002014,-0.40917232632637024,-0.30511411511296443,-1.4303856203801215,1.1800956839288739,1.101143880141902,0.5552603398540505,0.0,0.08885456431935367,0.24054621077845678,-0.10216097444037725,0.11114543568064635,-0.04054621077845676,0.10216097444037725,0.2,0.2,0.0,0.2760334722798366,-0.15868409183682108,False
0,14,-0.30511411511296443,-1.4303856203801215,1.1800956839288739,1.101143880141902,0.5552603398540505,0.0,0.08885456431935367,0.24054621077845678,-0.10216097444037725,0.9768319129943848,-0.8053516745567322,-0.44404056668281555,-0.9866790771484375,0.6464449167251587,0.32941219210624695,-0.30631859802512634,-1.418514111675,1.1615148365006707,1.0922103167242847,0.5710546284806405,0.0,0.08633609458604252,0.2409187620983109,-0.10684103305201241,0.11366390541395749,-0.040918762098310885,0.10684103305201241,0.2,0.2,0.0,0.27732792413129587,-0.1816084805802406,False
0,15,-0.30631859802512634,-1.418514111675,1.1615148365006707,1.0922103167242847,0.5710546284806405,0.0,0.08633609458604252,0.2409187620983109,-0.10684103305201241,0.9752152562141418,0.8034175634384155,-0.20695513486862183,0.9277211427688599,-0.1994878202676773,-0.9237224459648132,-0.29511858153941073,-1.4157264012408195,1.143857100740967,1.0849801628394176,0.5826952522982884,0.0,0.08633609458604252,0.2409187620983109,-0.10684103305201241,0.11366390541395749,-0.040918762098310885,0.10684103305201241,0.2,0.2,0.0,0.27732792413129587,-0.16866396206564793,False
0,16,-0.29511858153941073,-1.4157264012408195,1.143857100740967,1.0849801628394176,0.5826952522982884,0.0,0.08633609458604252,0.2409187620983109,-0.10684103305201241,-0.8967395424842834,0.9478116035461426,-0.4724752902984619,0.207523375749588,0.7212626934051514,-0.7057549357414246,-0.2851145291868419,-1.3917264012419994,1.1204256779434447,1.0976470531802753,0.6042301563194027,0.0,0.08419713670307737,0.23875983711765847,-0.11163596632048146,0.11580286329692265,-0.038759837117658444,0.11163596632048146,0.2,0.2,0.0,0.27669117554731515,-0.1619781019338504,False
0,17,-0.2851145291868419,-1.3917264012419994,1.1204256779434447,1.0976470531802753,0.6042301563194027,0.0,0.08419713670307737,0.23875983711765847,-0.11163596632048146,-0.6511849164962769,0.9378951787948608,-0.38913390040397644,-0.9513824582099915,-0.5627618432044983,-0.8587282299995422,-0.3006475824938766,-1.3725264012428968,1.102136170204066,1.0928924416325092,0.6185815724320758,0.0,0.08386714039688432,0.2405568287726757,-0.11346857322301518,0.11613285960311569,-0.040556828772675683,0.11346857322301518,0.2,0.2,0.0,0.2788842093356737,-0.1913724425514224,False
0,18,-0.3006475824938766,-1.3725264012428968,1.102136170204066,1.0928924416325092,0.6185815724320758,0.0,0.08386714039688432,0.2405568287726757,-0.11346857322301518,-0.6774857044219971,-0.3825767934322357,0.7008620500564575,-0.41734400391578674,-0.032867491245269775,0.19263312220573425,-0.3107489568424369,-1.3579739569994105,1.0931765563173192,1.0777357357690736,0.6393648924212173,0.0,0.08171331850631232,0.24238754262918638,-0.116402914171421,0.11828668149368769,-0.042387542629186356,0.116402914171421,0.2,0.2,0.0,0.28103100482104976,-0.1919834572642854,False
0,19,-0.3107489568424369,-1.3579739569994105,1.0931765563173192,1.0777357357690736,0.6393648924212173,0.0,0.08171331850631232,0.24238754262918638,-0.116402914171421,0.4307352900505066,0.9341835975646973,-0.4352535307407379,0.8244776725769043,0.4211333692073822,0.8509583473205566,-0.3142699872004452,-1.3409085482434027,1.0851412181319688,1.0734293910160573,0.6563543510294523,0.0,0.08076590113280031,0.24409950637014005,-0.11574208578076925,0.1192340988671997,-0.044099506370140054,0.11574208578076925,0.2,0.2,0.0,0.28196441303260644,-0.18031628863187008,False
0,20,-0.3142699872004452,-1.3409085482434027,1.0851412181319688,1.0734293910160573,0.6563543510294523,0.0,0.08076590113280031,0.24409950637014005,-0.11574208578076925,0.14856384694576263,-0.015737179666757584,-0.7997987270355225,-0.3478822708129883,-0.29973363876342773,-0.940552294254303,-0.3142699872004452,-1.3409085482434027,1.0851412181319688,1.0734293910160573,0.6563543510294523,0.0,0.047049813405995844,0.23163050430491763,-0.1503848811975173,0.15295018659400417,-0.031630504304917616,0.1503848811975173,0.2,0.2,0.0,0.28014636881259214,-0.15189274220615304,False
0,21,-0.3142699872004452,-1.3409085482434027,1.0851412181319688,1.0734293910160573,0.6563543510294523,0.0,0.047049813405995844,0.23163050430491763,-0.1503848811975173,0.9447760581970215,-0.5793627500534058,-0.9628203511238098,-0.25068095326423645,0.5402413010597229,-0.46556225419044495,-0.1885855369570034,-1.1191761324063194,0.8595412182162679,0.9385847447049604,0.8776626769627175,0.0,0.047049813405995844,0.23163050430491763,-0.1503848811975173,0.15295018659400417,-0.031630504304917616,0.1503848811975173,0.2,0.2,0.0,0.28014636881259214,-0.17007318440629607,False
0,22,-0.1885855369570034,-1.1191761324063194,0.8595412182162679,0.9385847447049604,0.8776626769627175,0.0,0.047049813405995844,0.23163050430491763,-0.1503848811975173,0.575724720954895,-0.9600314497947693,-0.7400451898574829,0.6102816462516785,0.8170887231826782,-0.6126900911331177,-0.17404604935820325,-1.0907353179410189,0.8259412182306773,0.9227392606422279,0.908668690310423,0.0,0.04414978974493958,0.23037915937990108,-0.15419987851843225,0.15585021025506043,-0.03037915937990108,0.15419987851843225,0.2,0.2,0.0,0.2807158056579848,-0.1760522712829192,False
0,23,-0.17404604935820325,-1.0907353179410189,0.8259412182306773,0.9227392606422279,0.908668690310423,0.0,0.04414978974493958,0.23037915937990108,-0.15419987851843225,-0.5808738470077515,-0.8710843324661255,0.4102626144886017,-0.9781270623207092,0.16304261982440948,0.369604229927063,-0.15969882739844363,-1.0951513883362076,0.8069675316672972,0.9211426922048964,0.9251859512582603,0.0,0.04414978974493958,0.23037915937990108,-0.15419987851843225,0.15585021025506043,-0.03037915937990108,0.15419987851843225,0.2,0.2,0.0,0.2807158056579848,-0.1703579028289924,False
0,24,-0.15969882739844363,-1.0951513883362076,0.8069675316672972,0.9211426922048964,0.9251859512582603,0.0,0.04414978974493958,0.23037915937990108,-0.15419987851843225,0.19400852918624878,-0.8461489081382751,-0.4937317371368408,-0.7484636306762695,0.044817060232162476,-0.20488311350345612,-0.16526120517872467,-1.1024658755972683,0.8046766357829214,0.9114216482937249,0.9353046277238606,0.0,0.04330641323485859,0.2281854941271594,-0.16031812451156202,0.15669358676514142,-0.0281854941271594,0.16031812451156202,0.2,0.2,0.0,0.2822161692820398,-0.1861117208815697,False
0,25,-0.16526120517872467,-1.1024658755972683,0.8046766357829214,0.9114216482937249,0.9353046277238606,0.0,0.04330641323485859,0.2281854941271594,-0.16031812451156202,0.5238970518112183,-0.34702759981155396,-0.7901718616485596,-0.7792221307754517,-0.4196866750717163,-0.723533034324646,-0.16241372470589924,-1.1091860433910865,0.7865879873237116,0.9043323559787249,0.944940066929538,0.0,0.04330641323485859,0.2281854941271594,-0.16031812451156202,0.15669358676514142,-0.0281854941271594,0.16031812451156202,0.2,0.2,0.0,0.2822161692820398,-0.1711080846410199,False
0,26,-0.16241372470589924,-1.1091860433910865,0.7865879873237116,0.9043323559787249,0.944940066929538,0.0,0.04330641323485859,0.2281854941271594,-0.16031812451156202,0.40684401988983154,0.9142491817474365,0.9272531867027283,-0.9821774959564209,0.277275413274765,0.5421236753463745,-0.1592792327079197,-1.1077938397044331,0.777119370380806,0.9006580689789702,0.948183930633608,0.0,0.0427557880544516,0.22855872428288737,-0.1690450565706761,0.1572442119455484,-0.02855872428288735,0.1690450565706761,0.2,0.2,0.0,0.287477614796285,-0.22635326254059426,False
0,27,-0.1592792327079197,-1.1077938397044331,0.777119370380806,0.9006580689789702,0.948183930633608,0.0,0.0427557880544516,0.22855872428288737,-0.1690450565706761,0.24999591708183289,0.11713940650224686,-0.1055004894733429,0.9350954294204712,-0.8945675492286682,0.7328202128410339,-0.15431662928273687,-1.088974171711504,0.7864519733467066,0.8911276262362225,0.9585465514345717,0.0,0.04024065961563325,0.22753167146370992,-0.16690987805456656,0.15975934038436676,-0.027531671463709922,0.16690987805456656,0.2,0.2,0.0,0.28504189095212157,-0.14816370703442672,False
0,28,-0.15431662928273687,-1.088974171711504,0.7864519733467066,0.8911276262362225,0.9585465514345717,0.0,0.04024065961563325,0.22753167146370992,-0.16690987805456656,-0.2792228162288666,0.583084225654602,-0.6922351121902466,-0.46416571736335754,-0.7420508861541748,-0.26450851559638977,-0.1527128972547475,-1.0835040876498443,0.7796829580397171,0.8968508768241277,0.9601408236213361,0.0,0.04024065961563325,0.22753167146370992,-0.16690987805456656,0.15975934038436676,-0.027531671463709922,0.16690987805456656,0.2,0.2,0.0,0.28504189095212157,-0.17252094547606078,False
0,29,-0.1527128972547475,-1.0835040876498443,0.7796829580397171,0.8968508768241277,0.9601408236213361,0.0,0.04024065961563325,0.22753167146370992,-0.16690987805456656,0.11071855574846268,0.09808681160211563,0.813533365726471,-0.25195255875587463,0.3624069392681122,0.7003013491630554,-0.15233367552050542,-1.070618634219097,0.7657573566813142,0.8995857790397762,0.9638950765595057,0.0,0.03908164723727414,0.2273550207042193,-0.1681315812429371,0.16091835276272587,-0.0273550207042193,0.1681315812429371,0.2,0.2,0.0,0.28545736844832903,-0.17688345918623913,False
0,30,-0.15233367552050542,-1.070618634219097,0.7657573566813142,0.8995857790397762,0.9638950765595057,0.0,0.03908164723727414,0.2273550207042193,-0.1681315812429371,0.41617196798324585,-0.9128372669219971,-0.968714714050293,-0.09036220610141754,0.001113030593842268,-0.8712183237075806,-0.15233367552050542,-1.070618634219097,0.7657573566813142,0.8995857790397762,0.9638950765595057,0.0,0.03940208179328547,0.22334964458934856,-0.17807652619960082,0.16059791820671454,-0.023349644589348538,0.17807652619960082,0.2,0.2,0.0,0.2883554004542835,-0.20315802028668628,False
0,31,-0.15233367552050542,-1.070618634219097,0.7657573566813142,0.8995857790397762,0.9638950765595057,0.0,0.03940208179328547,0.22334964458934856,-0.17807652619960082,0.6116394996643066,-0.9061244130134583,-0.09226299822330475,0.3049745261669159,-0.5701042413711548,-0.8044328093528748,-0.11824351168085595,-1.1027952817506659,0.7247477809776195,0.8986341265421338,1.016987573088361,0.0,0.040991709909498325,0.21973206740130957,-0.18826396067136444,0.15900829009050169,-0.019732067401309554,0.18826396067136444,0.2,0.2,0.0,0.292242742618918,-0.21499479295580445,False
0,32,-0.11824351168085595,-1.1027952817506659,0.7247477809776195,0.8986341265421338,1.016987573088361,0.0,0.040991709909498325,0.21973206740130957,-0.18826396067136444,0.9045525789260864,0.5598703622817993,0.1485797017812729,0.8376317620277405,0.9617303609848022,-0.06497455388307571,-0.10191614852242259,-1.1176544585005987,0.7031927737740797,0.9027466320418978,1.0360613702158576,0.0,0.040991709909498325,0.21973206740130957,-0.18826396067136444,0.15900829009050169,-0.019732067401309554,0.18826396067136444,0.2,0.2,0.0,0.292242742618918,-0.176121371309459,False
0,33,-0.10191614852242259,-1.1176544585005987,0.7031927737740797,0.9027466320418978,1.0360613702158576,0.0,0.040991709909498325,0.21973206740130957,-0.18826396067136444,-0.2389335036277771,0.6300884485244751,-0.8743882179260254,0.5797827243804932,0.8319076299667358,-0.15971800684928894,-0.09439429292419531,-1.1045619869912366,0.6927317089411734,0.9120807064250073,1.047911122109572,0.0,0.041314165149459736,0.2176412638624612,-0.19117646613603825,0.15868583485054027,-0.017641263862461162,0.19117646613603825,0.2,0.2,0.0,0.29261411651167835,-0.18002079718344235,False
0,34,-0.09439429292419531,-1.1045619869912366,0.6927317089411734,0.9120807064250073,1.047911122109572,0.0,0.041314165149459736,0.2176412638624612,-0.19117646613603825,-0.7714413404464722,-0.010276146233081818,0.4333873391151428,-0.7053470611572266,-0.6568633317947388,0.3883739411830902,-0.10068743786945038,-1.0907407688947441,0.683009284422054,0.9146822846546191,1.058962189898953,0.0,0.040235625949948256,0.21761170598804794,-0.19124215090496638,0.15976437405005176,-0.017611705988047933,0.19124215090496638,0.2,0.2,0.0,0.29248473543310033,-0.17494855693077,False
0,35,-0.10068743786945038,-1.0907407688947441,0.683009284422054,0.9146822846546191,1.058962189898953,0.0,0.040235625949948256,0.21761170598804794,-0.19124215090496638,-0.3857386112213135,-0.2106863409280777,0.45333927869796753,0.005372107494622469,-0.6913837194442749,0.9329756498336792,-0.11637334749010607,-1.0743790576162275,0.6822890653217406,0.9026046937698271,1.067914703090362,0.0,0.038071844989172154,0.22079327395895407,-0.18994392966348356,0.16192815501082786,-0.020793273958954053,0.18994392966348356,0.2,0.2,0.0,0.29373088299053557,-0.18932691706962018,False
0,36,-0.11637334749010607,-1.0743790576162275,0.6822890653217406,0.9026046937698271,1.067914703090362,0.0,0.038071844989172154,0.22079327395895407,-0.18994392966348356,0.5289058089256287,-0.8877277374267578,-0.7051480412483215,0.9550700187683105,0.8227670192718506,-0.6109380722045898,-0.1199801059816217,-1.070134960829927,0.678125763839362,0.9057939017693674,1.0740065001439725,0.0,0.038071844989172154,0.22079327395895407,-0.18994392966348356,0.16192815501082786,-0.020793273958954053,0.18994392966348356,0.2,0.2,0.0,0.29373088299053557,-0.17686544149526778,False
0,37,-0.1199801059816217,-1.070134960829927,0.678125763839362,0.9057939017693674,1.0740065001439725,0.0,0.038071844989172154,0.22079327395895407,-0.18994392966348356,-0.414777010679245,0.9431324601173401,0.9935491681098938,0.6871302127838135,0.6759095191955566,-0.34514445066452026,-0.11728685742204474,-1.0675099833669697,0.6746056402838565,0.9184815786199731,1.0892576515832322,0.0,0.03830637898680736,0.2212664108842829,-0.19088727729026916,0.16169362101319265,-0.021266410884282876,0.19088727729026916,0.2,0.2,0.0,0.29472725677816997,-0.18732736626542895,False
0,38,-0.11728685742204474,-1.0675099833669697,0.6746056402838565,0.9184815786199731,1.0892576515832322,0.0,0.03830637898680736,0.2212664108842829,-0.19088727729026916,0.7298886775970459,0.027892356738448143,0.6707135438919067,-0.9363672137260437,0.41961997747421265,-0.39382022619247437,-0.12092357851789831,-1.0564179694648954,0.6945092199297437,0.925792635262385,1.100545653123774,0.0,0.03825747695970161,0.22199421412865503,-0.18125336626208927,0.1617425230402984,-0.02199421412865501,0.18125336626208927,0.2,0.2,0.0,0.28913292519403655,-0.11862314675568411,False
0,39,-0.12092357851789831,-1.0564179694648954,0.6945092199297437,0.925792635262385,1.100545653123774,0.0,0.03825747695970161,0.22199421412865503,-0.18125336626208927,-0.009738397784531116,0.7679437398910522,0.9421508312225342,0.4965382516384125,-0.019551541656255722,-0.23129749298095703,-0.10943086609547532,-1.0392739113108282,0.7013435994380449,0.9131249033447255,1.1135527761979784,0.0,0.03825747695970161,0.22199421412865503,-0.18125336626208927,0.1617425230402984,-0.02199421412865501,0.18125336626208927,0.2,0.2,0.0,0.28913292519403655,-0.17456646259701827,False
0,40,-0.10943086609547532,-1.0392739113108282,0.7013435994380449,0.9131249033447255,1.1135527761979784,0.0,0.03825747695970161,0.22199421412865503,-0.18125336626208927,-0.24149011075496674,-0.9946577548980713,0.6661864519119263,0.20341740548610687,-0.7431321144104004,0.22458109259605408,-0.10943086609547532,-1.0392739113108282,0.7013435994380449,0.9131249033447255,1.1135527761979784,0.0,0.038654320007462384,0.22119632281103824,-0.16322955986145335,0.16134567999253763,-0.021196322811038233,0.16322955986145335,0.2,0.2,0.0,0.27760738263405055,-0.053548265717165255,False
0,41,-0.10943086609547532,-1.0392739113108282,0.7013435994380449,0.9131249033447255,1.1135527761979784,0.0,0.038654320007462384,0.22119632281103824,-0.16322955986145335,-0.21477775275707245,-0.8056346774101257,-0.10196002572774887,0.3744174838066101,-0.11249151825904846,-0.8884049654006958,-0.12269686976112043,-1.0515854749577311,0.7535395693108582,0.9438780794220496,1.1426623484776879,0.0,0.038654320007462384,0.22119632281103824,-0.16322955986145335,0.16134567999253763,-0.021196322811038233,0.16322955986145335,0.2,0.2,0.0,0.27760738263405055,-0.16880369131702527,False
0,42,-0.12269686976112043,-1.0515854749577311,0.7535395693108582,0.9438780794220496,1.1426623484776879,0.0,0.038654320007462384,0.22119632281103824,-0.16322955986145335,-0.4566417932510376,0.4727358818054199,-0.8837632536888123,-0.24017390608787537,0.2528846263885498,0.706555962562561,-0.12517665132419875,-1.0541078254243668,0.7396061829645927,0.947304991679827,1.1492878191092941,0.0,0.04041758517533514,0.2220248648690449,-0.1663467942443213,0.15958241482466487,-0.02202486486904489,0.1663467942443213,0.2,0.2,0.0,0.280356697381899,-0.19767149616943402,False
0,43,-0.12517665132419875,-1.0541078254243668,0.7396061829645927,0.947304991679827,1.1492878191092941,0.0,0.04041758517533514,0.2220248648690449,-0.1663467942443213,0.6346040964126587,-0.11538292467594147,-0.8169122338294983,-0.41515204310417175,-0.9249733090400696,0.8883812427520752,-0.13087194677617017,-1.038704306339923,0.7205241808784705,0.9434755443535563,1.1612990150353073,0.0,0.03846130221355673,0.2233857179736412,-0.1695483910043787,0.16153869778644328,-0.02338571797364119,0.1695483910043787,0.2,0.2,0.0,0.2830673200048628,-0.19863988623206927,False
0,44,-0.13087194677617017,-1.038704306339923,0.7205241808784705,0.9434755443535563,1.1612990150353073,0.0,0.03846130221355673,0.2233857179736412,-0.1695483910043787,0.6889357566833496,-0.2960350513458252,-0.3657240569591522,-0.37375038862228394,0.5709838271141052,-0.70866858959198,-0.12367955454410261,-1.0331481995079852,0.707920050283704,0.9396284801840393,1.163595510946331,0.0,0.03846130221355673,0.2233857179736412,-0.1695483910043787,0.16153869778644328,-0.02338571797364119,0.1695483910043787,0.2,0.2,0.0,0.2830673200048628,-0.1715336600024314,False
0,45,-0.12367955454410261,-1.0331481995079852,0.707920050283704,0.9396284801840393,1.163595510946331,0.0,0.03846130221355673,0.2233857179736412,-0.1695483910043787,0.5317941904067993,-0.7866427898406982,-0.124481700360775,0.18357327580451965,-0.8877718448638916,0.2168845236301422,-0.11643849165486725,-1.032003042043669,0.6962229839147522,0.9372149189570497,1.172009082841047,0.0,0.03669589337089477,0.22121079930740464,-0.174409277307046,0.16330410662910524,-0.02121079930740464,0.174409277307046,0.2,0.2,0.0,0.2840764022781107,-0.18212902387153454,False
0,46,-0.11643849165486725,-1.032003042043669,0.6962229839147522,0.9372149189570497,1.172009082841047,0.0,0.03669589337089477,0.22121079930740464,-0.174409277307046,-0.4069368839263916,-0.9822012782096863,0.7906379103660583,0.37509971857070923,-0.7032016515731812,-0.7040969133377075,-0.1085220229428766,-1.0434086853519848,0.6836817898333452,0.9418854685872032,1.173500180257545,0.0,0.0376551818524494,0.2195359120322269,-0.17977593308716797,0.1623448181475506,-0.019535912032226883,0.17977593308716797,0.2,0.2,0.0,0.2862399614126661,-0.1947555720518871,False
0,47,-0.1085220229428766,-1.0434086853519848,0.6836817898333452,0.9418854685872032,1.173500180257545,0.0,0.0376551818524494,0.2195359120322269,-0.17977593308716797,0.6804041862487793,0.24920569360256195,-0.056491054594516754,-0.9734256267547607,0.04400402307510376,0.11875621974468231,-0.11088979520517844,-1.0492901408317905,0.6879873278636279,0.9440173980424239,1.1763207771467747,0.0,0.0376551818524494,0.2195359120322269,-0.17977593308716797,0.1623448181475506,-0.019535912032226883,0.17977593308716797,0.2,0.2,0.0,0.2862399614126661,-0.17311998070633305,False
0,48,-0.11088979520517844,-1.0492901408317905,0.6879873278636279,0.9440173980424239,1.1763207771467747,0.0,0.0376551818524494,0.2195359120322269,-0.17977593308716797,-0.8949974775314331,0.15091335773468018,-0.05946636199951172,-0.3802151083946228,-0.09335032105445862,-0.9364026188850403,-0.10958746949221058,-1.0344888662965708,0.6739492230682336,0.9341788699939824,1.1849818808894848,0.0,0.03686220047423647,0.2189429907861948,-0.18085463543882724,0.16313779952576354,-0.018942990786194804,0.18085463543882724,0.2,0.2,0.0,0.28636210328518974,-0.17440247036783116,False
0,49,-0.10958746949221058,-1.0344888662965708,0.6739492230682336,0.9341788699939824,1.1849818808894848,0.0,0.03686220047423647,0.2189429907861948,-0.18085463543882724,-0.4805947244167328,0.03349950537085533,0.43060922622680664,0.14933976531028748,-0.7310365438461304,0.9138346910476685,-0.11995478560268664,-1.0234452018243116,0.6643492199911183,0.9305740212508705,1.192065840100594,0.0,0.03529169986408165,0.2218047315574711,-0.18225852861921135,0.16470830013591836,-0.021804731557471084,0.18225852861921135,0.2,0.2,0.0,0.2892421377929193,-0.2034214139737552,False
0,50,-0.11995478560268664,-1.0234452018243116,0.6643492199911183,0.9305740212508705,1.192065840100594,0.0,0.03529169986408165,0.2218047315574711,-0.18225852861921135,-0.49233365058898926,0.6506316661834717,0.19758082926273346,-0.4106460511684418,0.7268317341804504,-0.6216230392456055,-0.11995478560268664,-1.0234452018243116,0.6643492199911183,0.9305740212508705,1.192065840100594,0.0,0.031221758327321575,0.22733241508522728,-0.1810707194183293,0.16877824167267844,-0.027332415085227255,0.1810707194183293,0.2,0.2,0.0,0.29230366157850823,-0.2067670686451435,False
0,51,-0.11995478560268664,-1.0234452018243116,0.6643492199911183,0.9305740212508705,1.192065840100594,0.0,0.031221758327321575,0.22733241508522728,-0.1810707194183293,-0.556430459022522,0.009137189947068691,0.9249272346496582,-0.6186228394508362,0.15340015292167664,-0.14354945719242096,-0.16972786760432726,-0.9514592655192962,0.6271729437607035,0.9008404791472631,1.2513344195580778,0.0,0.028526367400783875,0.2313495273359087,-0.1833906908589051,0.17147363259921614,-0.03134952733590869,0.1833906908589051,0.2,0.2,0.0,0.29659484643084977,-0.22120927173884022,False
0,52,-0.16972786760432726,-0.9514592655192962,0.6271729437607035,0.9008404791472631,1.2513344195580778,0.0,0.028526367400783875,0.2313495273359087,-0.1833906908589051,-0.2657400667667389,-0.7451073527336121,0.9729206562042236,-0.5575884580612183,-0.606917679309845,-0.5719752311706543,-0.17667557387972793,-0.9416853633440021,0.6426836030542922,0.891865080763688,1.2598954522656558,0.0,0.027132761255070748,0.23324755996943836,-0.17709624414067526,0.17286723874492926,-0.03324755996943836,0.17709624414067526,0.2,0.2,0.0,0.2941150976297461,-0.15226006080383617,False
0,53,-0.17667557387972793,-0.9416853633440021,0.6426836030542922,0.891865080763688,1.2598954522656558,0.0,0.027132761255070748,0.23324755996943836,-0.17709624414067526,-0.039019715040922165,0.8730266094207764,0.8384848833084106,0.18699806928634644,-0.605606198310852,-0.9391884803771973,-0.17870375704129074,-0.940858168794056,0.6566321434664594,0.8878706962000573,1.2625374993436487,0.0,0.02735236570756236,0.23371085026957245,-0.17338751799515695,0.17264763429243765,-0.03371085026957242,0.17338751799515695,0.2,0.2,0.0,0.29228777743868734,-0.1578706868087562,False
0,54,-0.17870375704129074,-0.940858168794056,0.6566321434664594,0.8878706962000573,1.2625374993436487,0.0,0.02735236570756236,0.23371085026957245,-0.17338751799515695,0.7356000542640686,0.23676715791225433,0.6237507462501526,0.32504966855049133,-0.8729914426803589,-0.10587365180253983,-0.17338438902537134,-0.9207644698124103,0.6819673500314634,0.8966075573580803,1.2655778069711425,0.0,0.027166256957720902,0.23272909548670387,-0.16237584121680684,0.1728337430422791,-0.032729095486703864,0.16237584121680684,0.2,0.2,0.0,0.28507323833362175,-0.100391228116155,False
0,55,-0.17338438902537134,-0.9207644698124103,0.6819673500314634,0.8966075573580803,1.2655778069711425,0.0,0.027166256957720902,0.23272909548670387,-0.16237584121680684,-0.5326023697853088,0.506348192691803,0.9287250638008118,0.942273736000061,-0.6807376146316528,-0.5891727209091187,-0.16679679946526887,-0.9036562282803362,0.6914708881583946,0.9075608969044074,1.2658635707692252,0.0,0.027166256957720902,0.23272909548670387,-0.16237584121680684,0.1728337430422791,-0.032729095486703864,0.16237584121680684,0.2,0.2,0.0,0.28507323833362175,-0.17253661916681087,False
0,56,-0.16679679946526887,-0.9036562282803362,0.6914708881583946,0.9075608969044074,1.2658635707692252,0.0,0.027166256957720902,0.23272909548670387,-0.16237584121680684,-0.6170082092285156,0.8760725855827332,0.8610556125640869,-0.10728459060192108,0.6621491312980652,-0.8559852838516235,-0.17760680008652963,-0.8854251753473029,0.7216173280770141,0.9218611870790411,1.269617629001677,0.0,0.027750418944080757,0.23185204262840325,-0.1520462767159031,0.17224958105591925,-0.03185204262840323,0.1520462767159031,0.2,0.2,0.0,0.2786458786447485,-0.10504934243364167,False
0,57,-0.17760680008652963,-0.8854251753473029,0.7216173280770141,0.9218611870790411,1.269617629001677,0.0,0.027750418944080757,0.23185204262840325,-0.1520462767159031,0.7981610298156738,0.595496654510498,0.37300512194633484,0.22682225704193115,0.4210926294326782,-0.3276997208595276,-0.18448664278588484,-0.8633639132899901,0.7329574040397622,0.9218082032544295,1.2838303172398842,0.0,0.02931574143291768,0.23401508969689475,-0.14016052090701617,0.17068425856708233,-0.034015089696894735,0.14016052090701617,0.2,0.2,0.0,0.2743491325346838,-0.12420710516669492,False
0,58,-0.18448664278588484,-0.8633639132899901,0.7329574040397622,0.9218082032544295,1.2838303172398842,0.0,0.02931574143291768,0.23401508969689475,-0.14016052090701617,0.5993094444274902,-0.9580345153808594,-0.44690534472465515,-0.8796203136444092,-0.7677599191665649,-0.4668285846710205,-0.1705747481852496,-0.8510007834819426,0.7260927731709583,0.9251847827653192,1.295316342267665,0.0,0.028410208997025732,0.2321559387368914,-0.13452940292621474,0.17158979100297428,-0.03215593873689139,0.13452940292621474,0.2,0.2,0.0,0.2698178647120049,-0.11959625412921371,False
0,59,-0.1705747481852496,-0.8510007834819426,0.7260927731709583,0.9251847827653192,1.295316342267665,0.0,0.028410208997025732,0.2321559387368914,-0.13452940292621474,0.6402381658554077,-0.9500793814659119,-0.01499185897409916,-0.5521033406257629,-0.15585674345493317,0.47456902265548706,-0.1598728992187054,-0.8646061551645219,0.6972927731780875,0.9130609959521726,1.295456728307102,0.0,0.028410208997025732,0.2321559387368914,-0.13452940292621474,0.17158979100297428,-0.03215593873689139,0.13452940292621474,0.2,0.2,0.0,0.2698178647120049,-0.16490893235600246,False
0,60,-0.1598728992187054,-0.8646061551645219,0.6972927731780875,0.9130609959521726,1.295456728307102,0.0,0.028410208997025732,0.2321559387368914,-0.13452940292621474,0.9656679630279541,-0.10018210113048553,-0.582831621170044,-0.7853754162788391,-0.0015867265174165368,-0.7374694347381592,-0.1598728992187054,-0.8646061551645219,0.6972927731780875,0.9130609959521726,1.295456728307102,0.0,0.021990507395944103,0.22686578326093138,-0.1552652396155766,0.1780094926040559,-0.026865783260931378,0.1552652396155766,0.2,0.2,0.0,0.27578789071133886,-0.22759420534900882,False
0,61,-0.1598728992187054,-0.8646061551645219,0.6972927731780875,0.9130609959521726,1.295456728307102,0.0,0.021990507395944103,0.22686578326093138,-0.1552652396155766,-0.4673469066619873,-0.85429447889328,0.37037110328674316,-0.28252553939819336,-0.1263868808746338,0.5699144601821899,-0.15386266684428734,-0.8713002394496103,0.6860555986832015,0.9074582736448703,1.2962621591714778,0.0,0.021990507395944103,0.22686578326093138,-0.1552652396155766,0.1780094926040559,-0.026865783260931378,0.1552652396155766,0.2,0.2,0.0,0.27578789071133886,-0.16789394535566943,False
0,62,-0.15386266684428734,-0.8713002394496103,0.6860555986832015,0.9074582736448703,1.2962621591714778,0.0,0.021990507395944103,0.22686578326093138,-0.1552652396155766,-0.5073213577270508,0.6856606602668762,0.6957187056541443,0.8308565616607666,0.7376971244812012,-0.5989213585853577,-0.12306459383926405,-0.8431040263837205,0.6513736379662867,0.8808841456279197,1.3269038456412074,0.0,0.018400296811498573,0.22373953792246465,-0.15947797455455917,0.18159970318850144,-0.023739537922464644,0.15947797455455917,0.2,0.2,0.0,0.27537461052270934,-0.1635545033750595,False
0,63,-0.12306459383926405,-0.8431040263837205,0.6513736379662867,0.8808841456279197,1.3269038456412074,0.0,0.018400296811498573,0.22373953792246465,-0.15947797455455917,-0.4480868875980377,-0.8093225955963135,-0.327852338552475,-0.14208543300628662,-0.023837333545088768,-0.8445473313331604,-0.13132209929721292,-0.8382356752492731,0.650396809613895,0.8902334166698432,1.338713393278961,0.0,0.01915013155012585,0.22545753789249856,-0.1533351677832312,0.18084986844987416,-0.025457537892498543,0.1533351677832312,0.2,0.2,0.0,0.27333039093749933,-0.1462229996166496,False
0,64,-0.13132209929721292,-0.8382356752492731,0.650396809613895,0.8902334166698432,1.338713393278961,0.0,0.01915013155012585,0.22545753789249856,-0.1533351677832312,-0.6247036457061768,0.4963217079639435,-0.25065699219703674,-0.14760904014110565,-0.4166281223297119,-0.5117637515068054,-0.14121773991254888,-0.8498519421642906,0.6335631589739869,0.8894134401365309,1.347954741587939,0.0,0.019262507081979102,0.22765087436610595,-0.1617053018262641,0.1807374929180209,-0.027650874366105943,0.1617053018262641,0.2,0.2,0.0,0.2799009993148632,-0.23565658343107,False
0,65,-0.14121773991254888,-0.8498519421642906,0.6335631589739869,0.8894134401365309,1.347954741587939,0.0,0.019262507081979102,0.22765087436610595,-0.1617053018262641,0.2875942289829254,-0.5472930669784546,0.42865344882011414,-0.3354512155056,-0.7943392395973206,-0.7847626805305481,-0.14985752266351934,-0.8362197836042428,0.6192463788085225,0.8883912609687524,1.350499945541232,0.0,0.019262507081979102,0.22765087436610595,-0.1617053018262641,0.1807374929180209,-0.027650874366105943,0.1617053018262641,0.2,0.2,0.0,0.2799009993148632,-0.1699504996574316,False
0,66,-0.14985752266351934,-0.8362197836042428,0.6192463788085225,0.8883912609687524,1.350499945541232,0.0,0.019262507081979102,0.22765087436610595,-0.1617053018262641,0.21273060142993927,-0.08089492470026016,0.810218334197998,0.7788351774215698,0.10212492942810059,0.7469302415847778,-0.14395916892546756,-0.8419879440124735,0.62113805444857,0.8863878250438716,1.3503148869484323,0.0,0.017974086153404234,0.2292927198232224,-0.1630835429077092,0.18202591384659578,-0.02929271982322241,0.1630835429077092,0.2,0.2,0.0,0.28194762120704514,-0.19144002952534223,False
0,67,-0.14395916892546756,-0.8419879440124735,0.62113805444857,0.8863878250438716,1.3503148869484323,0.0,0.017974086153404234,0.2292927198232224,-0.1630835429077092,-0.48891308903694153,0.11828440427780151,-0.5782116055488586,0.3371399939060211,-0.8127495050430298,-0.40150779485702515,-0.14231269895760448,-0.8311625692379161,0.6293216017639802,0.9015207065378505,1.3575984539967851,0.0,0.0187015261983339,0.22781372353652773,-0.1603050969090617,0.1812984738016661,-0.02781372353652771,0.1603050969090617,0.2,0.2,0.0,0.2791891183566224,-0.14200953067408392,False
0,68,-0.14231269895760448,-0.8311625692379161,0.6293216017639802,0.9015207065378505,1.3575984539967851,0.0,0.0187015261983339,0.22781372353652773,-0.1603050969090617,-0.9891378283500671,0.7910091876983643,0.24967804551124573,-0.35063469409942627,0.5194869637489319,0.31944456696510315,-0.14231269895760448,-0.8311625692379161,0.6293216017639802,0.9015207065378505,1.3575984539967851,0.0,0.018037880684339175,0.23296338583671783,-0.1577677144983276,0.18196211931566084,-0.03296338583671782,0.1577677144983276,0.2,0.2,0.0,0.28193608498756545,-0.1984377088032131,False
0,69,-0.14231269895760448,-0.8311625692379161,0.6293216017639802,0.9015207065378505,1.3575984539967851,0.0,0.018037880684339175,0.23296338583671783,-0.1577677144983276,-0.8845618367195129,-0.21066465973854065,-0.2630038559436798,0.879906177520752,0.7766655683517456,0.06752511858940125,-0.1842145171346269,-0.779932394302546,0.5736366982123465,0.9414345036705342,1.3568714889459117,0.0,0.017598556745909294,0.23586347620215534,-0.15744903705358332,0.18240144325409072,-0.035863476202155326,0.15744903705358332,0.2,0.2,0.0,0.284132870106231,-0.19403428623977106,False
0,70,-0.1842145171346269,-0.779932394302546,0.5736366982123465,0.9414345036705342,1.3568714889459117,0.0,0.017598556745909294,0.23586347620215534,-0.15744903705358332,0.002253871411085129,0.921347975730896,-0.8370227813720703,0.34657612442970276,0.8265261650085449,0.17798158526420593,-0.1842145171346269,-0.779932394302546,0.5736366982123465,0.9414345036705342,1.3568714889459117,0.0,0.016459429036293743,0.23859781913306138,-0.16026962321733862,0.18354057096370627,-0.03859781913306139,0.16026962321733862,0.2,0.2,0.0,0.28789960789393504,-0.21161718182400785,False
0,71,-0.1842145171346269,-0.779932394302546,0.5736366982123465,0.9414345036705342,1.3568714889459117,0.0,0.016459429036293743,0.23859781913306138,-0.16026962321733862,0.035460684448480606,0.9367843270301819,0.9166167974472046,-0.48462483286857605,-0.583955705165863,0.09536383301019669,-0.17672000671796928,-0.6485107207537102,0.430013121654898,1.0328911455905687,1.4960709571975022,0.0,0.008588220885453135,0.2356690904353573,-0.1588203989882424,0.19141177911454688,-0.0356690904353573,0.1588203989882424,0.2,0.2,0.0,0.2843195330247123,-0.13635901782012877,False
0,72,-0.17672000671796928,-0.6485107207537102,0.430013121654898,1.0328911455905687,1.4960709571975022,0.0,0.008588220885453135,0.2356690904353573,-0.1588203989882424,-0.5975295901298523,-0.18179389834403992,-0.14679260551929474,-0.5499742031097412,0.753217339515686,-0.01907198317348957,-0.17330809766557417,-0.5925575244290326,0.4031192944728023,1.041935059050621,1.5318403468493624,0.0,0.006879986047683917,0.23537697784046518,-0.15456539670395236,0.1931200139523161,-0.03537697784046517,0.15456539670395236,0.2,0.2,0.0,0.28167377897769846,-0.14437934901871086,False
0,73,-0.17330809766557417,-0.5925575244290326,0.4031192944728023,1.041935059050621,1.5318403468493624,0.0,0.006879986047683917,0.23537697784046518,-0.15456539670395236,-0.8777281045913696,-0.24534863233566284,0.9799516797065735,0.9332782626152039,0.6763160824775696,0.038161490112543106,-0.18399424365317096,-0.5938227272447403,0.40091705891727336,1.0391253168221408,1.5436180471171947,0.0,0.004604221576966078,0.23760903142541584,-0.1573017537431992,0.19539577842303393,-0.03760903142541584,0.1573017537431992,0.2,0.2,0.0,0.28499665331708746,-0.20572707005243365,False
0,74,-0.18399424365317096,-0.5938227272447403,0.40091705891727336,1.0391253168221408,1.5436180471171947,0.0,0.004604221576966078,0.23760903142541584,-0.1573017537431992,-0.6434773206710815,0.8088325262069702,0.6977452039718628,0.5938339233398438,-0.9188350439071655,-0.6628854274749756,-0.19872993001152148,-0.5938271549657592,0.4307990393430738,1.0544109398878174,1.5554739710902277,0.0,0.00974869773977008,0.24040937792661143,-0.14695975534525285,0.19025130226022993,-0.04040937792661141,0.14695975534525285,0.2,0.2,0.0,0.28193771616053476,-0.1403794865147404,False
0,75,-0.19872993001152148,-0.5938271549657592,0.4307990393430738,1.0544109398878174,1.5554739710902277,0.0,0.00974869773977008,0.24040937792661143,-0.14695975534525285,0.6839791536331177,-0.043324075639247894,0.5859639644622803,0.4325309693813324,-0.013119719922542572,0.7720085382461548,-0.20293873259736323,-0.5784512621082524,0.4500379517869294,1.064643933037253,1.550560726155629,0.0,0.01154721060279007,0.241725312438976,-0.13823480157920445,0.18845278939720994,-0.04172531243897597,0.13823480157920445,0.2,0.2,0.0,0.27869934537789604,-0.1369659648625608,False
0,76,-0.20293873259736323,-0.5784512621082524,0.4500379517869294,1.064643933037253,1.550560726155629,0.0,0.01154721060279007,0.241725312438976,-0.13823480157920445,-0.7166751623153687,0.19798989593982697,-0.3864341080188751,-0.4918771982192993,0.7377580404281616,0.9272462725639343,-0.19501600632040988,-0.5749760943904855,0.45400251296409044,1.0679488223047662,1.5541335727455348,0.0,0.011831499168188042,0.23941760018532726,-0.13573022886455383,0.18816850083181197,-0.039417600185327265,0.13573022886455383,0.2,0.2,0.0,0.275469538567683,-0.13543670118171142,False
0,77,-0.19501600632040988,-0.5749760943904855,0.45400251296409044,1.0679488223047662,1.5541335727455348,0.0,0.011831499168188042,0.23941760018532726,-0.13573022886455383,0.8639657497406006,-0.5412410497665405,0.5614837408065796,0.6440591216087341,-0.7159595489501953,0.031223304569721222,-0.19849741489793868,-0.5705428061887996,0.44622992733706945,1.0631520154203762,1.5602757431216032,0.0,0.010735778164645576,0.24034983998801024,-0.13695030167001443,0.18926422183535443,-0.04034983998801024,0.13695030167001443,0.2,0.2,0.0,0.2768369333065416,-0.1820924140418563,False
0,78,-0.19849741489793868,-0.5705428061887996,0.44622992733706945,1.0631520154203762,1.5602757431216032,0.0,0.010735778164645576,0.24034983998801024,-0.13695030167001443,-0.47786012291908264,-0.694421648979187,-0.6411237120628357,-0.6440722942352295,0.684101939201355,0.18527349829673767,-0.1923302900614525,-0.5818057969416427,0.44227354053683626,1.064243971114504,1.5613021601509234,0.0,0.010735778164645576,0.24034983998801024,-0.13695030167001443,0.18926422183535443,-0.04034983998801024,0.13695030167001443,0.2,0.2,0.0,0.2768369333065416,-0.1684184666532708,False
0,79,-0.1923302900614525,-0.5818057969416427,0.44227354053683626,1.064243971114504,1.5613021601509234,0.0,0.010735778164645576,0.24034983998801024,-0.13695030167001443,0.34840962290763855,0.8693230152130127,0.8269109725952148,0.18900498747825623,0.4059487283229828,-0.776516318321228,-0.1923302900614525,-0.5818057969416427,0.44227354053683626,1.064243971114504,1.5613021601509234,0.0,0.009978127126660963,0.23963397599648706,-0.1435905741607862,0.19002187287333905,-0.039633975996487034,0.1435905741607862,0.2,0.2,0.0,0.2795393683556307,-0.1967940346687066,False
0,80,-0.1923302900614525,-0.5818057969416427,0.44227354053683626,1.064243971114504,1.5613021601509234,0.0,0.009978127126660963,0.23963397599648706,-0.1435905741607862,0.26858681440353394,0.4635961353778839,0.9167492985725403,0.877400279045105,0.3772788643836975,-0.8988020420074463,-0.1923302900614525,-0.5818057969416427,0.44227354053683626,1.064243971114504,1.5613021601509234,0.0,0.05732296426987432,0.21575660450480016,-0.03522240721186648,0.1426770357301257,-0.015756604504800154,0.03522240721186648,0.2,0.2,0.0,0.22600321367167456,0.3923599400037241,False
0,81,-0.1923302900614525,-0.5818057969416427,0.44227354053683626,1.064243971114504,1.5613021601509234,0.0,0.05732296426987432,0.21575660450480016,-0.03522240721186648,0.29585444927215576,0.54632568359375,-0.34841346740722656,-0.09279279410839081,-0.8927537798881531,-0.026394687592983246,-0.1923302900614525,-0.5818057969416427,0.44227354053683626,1.064243971114504,1.5613021601509234,0.0,0.07062277591104654,0.2126957860059371,-0.024926991918760133,0.12937722408895347,-0.01269578600593709,0.024926991918760133,0.2,0.2,0.0,0.22549596180016887,-0.13767546218502758,False
0,82,-0.1923302900614525,-0.5818057969416427,0.44227354053683626,1.064243971114504,1.5613021601509234,0.0,0.07062277591104654,0.2126957860059371,-0.024926991918760133,-0.23163139820098877,-0.9447305798530579,0.7695881128311157,-0.6253128051757812,-0.4025619924068451,-0.05055398494005203,-0.10299814302265817,-0.31962980229811483,0.7130509834772804,1.1537039359658918,1.6666187614732053,0.0,0.07392936003516984,0.21136430608349957,-0.021482703586753304,0.12607063996483017,-0.011364306083499563,0.021482703586753304,0.2,0.2,0.0,0.22494872018921416,-0.13700194398506,False
0,83,-0.10299814302265817,-0.31962980229811483,0.7130509834772804,1.1537039359658918,1.6666187614732053,0.0,0.07392936003516984,0.21136430608349957,-0.021482703586753304,0.5019559264183044,0.7983307242393494,0.2603606879711151,0.6835517883300781,-0.6786872744560242,-0.7955882549285889,-0.0912700844446982,-0.2956298022946589,0.7610509834790459,1.1777039359477184,1.679952278967437,0.0,0.07392936003516984,0.21136430608349957,-0.021482703586753304,0.12607063996483017,-0.011364306083499563,0.021482703586753304,0.2,0.2,0.0,0.22494872018921416,-0.14247436009460707,False
0,84,-0.0912700844446982,-0.2956298022946589,0.7610509834790459,1.1777039359477184,1.679952278967437,0.0,0.07392936003516984,0.21136430608349957,-0.021482703586753304,-0.030135709792375565,-0.5509907007217407,-0.8911880254745483,-0.11462032794952393,0.8954688310623169,0.5619181394577026,-0.08252746626500251,-0.2790288521194353,0.7600456805299841,1.1773873893087239,1.6756991537263457,0.0,0.07150517564972675,0.21139093123651426,-0.02272131492780488,0.12849482435027326,-0.01139093123651426,0.02272131492780488,0.2,0.2,0.0,0.22431088717623016,-0.135777113458275,False
0,85,-0.08252746626500251,-0.2790288521194353,0.7600456805299841,1.1773873893087239,1.6756991537263457,0.0,0.07150517564972675,0.21139093123651426,-0.02272131492780488,0.053459376096725464,0.5401601791381836,0.892716646194458,-0.4246436059474945,0.03654560074210167,0.6711277961730957,-0.08335062692824392,-0.29068607435812716,0.7424203068726581,1.1710363974409543,1.6855967292515117,0.0,0.07150517564972675,0.21139093123651426,-0.02272131492780488,0.12849482435027326,-0.01139093123651426,0.02272131492780488,0.2,0.2,0.0,0.22431088717623016,-0.14215544358811508,False
0,86,-0.08335062692824392,-0.29068607435812716,0.7424203068726581,1.1710363974409543,1.6855967292515117,0.0,0.07150517564972675,0.21139093123651426,-0.02272131492780488,-0.796139657497406,0.9484310150146484,0.3528393507003784,-0.19266977906227112,-0.39518317580223083,-0.5042828917503357,-0.08258561217305742,-0.2584818402303891,0.7598378176123728,1.155798683364572,1.6873825236249083,0.0,0.06707881641276789,0.21184365746658998,-0.02574526778079682,0.13292118358723212,-0.011843657466589977,0.02574526778079682,0.2,0.2,0.0,0.223696494459043,-0.13570432005764987,False
0,87,-0.08258561217305742,-0.2584818402303891,0.7598378176123728,1.155798683364572,1.6873825236249083,0.0,0.06707881641276789,0.21184365746658998,-0.02574526778079682,0.2150667905807495,0.11330871284008026,-0.12994109094142914,0.4381195306777954,-0.8621927499771118,0.795099675655365,-0.09081116130889902,-0.24598445523019546,0.7544810581962619,1.1523612211134464,1.684462512580534,0.0,0.07053121263569934,0.2120861471785134,-0.018711694942953716,0.12946878736430067,-0.0120861471785134,0.018711694942953716,0.2,0.2,0.0,0.2242884600431472,-0.1480638858626157,False
0,88,-0.09081116130889902,-0.24598445523019546,0.7544810581962619,1.1523612211134464,1.684462512580534,0.0,0.07053121263569934,0.2120861471785134,-0.018711694942953716,0.9110499024391174,-0.3362983465194702,-0.7151013612747192,0.6824655532836914,-0.19111719727516174,0.11180507391691208,-0.08739560813254035,-0.24640493574539551,0.7408183336863408,1.155599711853337,1.680105249050448,0.0,0.07053121263569934,0.2120861471785134,-0.018711694942953716,0.12946878736430067,-0.0120861471785134,0.018711694942953716,0.2,0.2,0.0,0.2242884600431472,-0.14214423002157361,False
0,89,-0.08739560813254035,-0.24640493574539551,0.7408183336863408,1.155599711853337,1.680105249050448,0.0,0.07053121263569934,0.2120861471785134,-0.018711694942953716,0.48609766364097595,-0.2286977469921112,0.6168602108955383,-0.3843950629234314,0.4552100598812103,0.9213297963142395,-0.07482211953157653,-0.26316493991823775,0.7264183336905424,1.1643625031910094,1.6790578461871872,0.0,0.06672938080280325,0.21202494010186845,-0.021540281311965948,0.13327061919719677,-0.012024940101868446,0.021540281311965948,0.2,0.2,0.0,0.22331898532486005,-0.13196474547955853,False
0,90,-0.07482211953157653,-0.26316493991823775,0.7264183336905424,1.1643625031910094,1.6790578461871872,0.0,0.06672938080280325,0.21202494010186845,-0.021540281311965948,0.9230918288230896,-0.8294066786766052,0.12358573079109192,0.9663905501365662,-0.19749493896961212,0.8505120277404785,-0.07482211953157653,-0.26316493991823775,0.7264183336905424,1.1643625031910094,1.6790578461871872,0.0,0.05584657133239937,0.20403554622201836,-0.04403088953762298,0.14415342866760064,-0.004035546222018353,0.04403088953762298,0.2,0.2,0.0,0.21607420689470672,-0.06558931914581999,False
0,91,-0.07482211953157653,-0.26316493991823775,0.7264183336905424,1.1643625031910094,1.6790578461871872,0.0,0.05584657133239937,0.20403554622201836,-0.04403088953762298,0.5659419298171997,0.6397824287414551,0.5468475818634033,0.6359592080116272,0.9890085458755493,-0.9569206833839417,-0.07482211953157653,-0.26316493991823775,0.7264183336905424,1.1643625031910094,1.6790578461871872,0.0,0.05234988944290006,0.2003200129131699,-0.05529245725577707,0.14765011055709995,-0.0003200129131698694,0.05529245725577707,0.2,0.2,0.0,0.2143032298580643,-0.11944184456260797,False
0,92,-0.07482211953157653,-0.26316493991823775,0.7264183336905424,1.1643625031910094,1.6790578461871872,0.0,0.05234988944290006,0.2003200129131699,-0.05529245725577707,-0.20655356347560883,-0.14705117046833038,0.7793080806732178,0.79110187292099,-0.3045216202735901,0.6295194625854492,0.011338533794851918,-0.4293057404227038,0.6498693413486286,1.2385357950194762,1.673422879215336,0.0,0.05234988944290006,0.2003200129131699,-0.05529245725577707,0.14765011055709995,-0.0003200129131698694,0.05529245725577707,0.2,0.2,0.0,0.2143032298580643,-0.13715161492903216,False
0,93,0.011338533794851918,-0.4293057404227038,0.6498693413486286,1.2385357950194762,1.673422879215336,0.0,0.05234988944290006,0.2003200129131699,-0.05529245725577707,0.9752317070960999,-0.47140756249427795,0.3638611137866974,-0.2949483096599579,-0.0724964588880539,-0.29513829946517944,0.00853658414250154,-0.42872657992984947,0.6577240210168264,1.24461753238406,1.6732933038819584,0.0,0.051802006749854135,0.19819767611339445,-0.06117959472951125,0.14819799325014588,0.0018023238866055739,0.06117959472951125,0.2,0.2,0.0,0.21379595302841722,-0.13182520821773785,False
0,94,0.00853658414250154,-0.42872657992984947,0.6577240210168264,1.24461753238406,1.6732933038819584,0.0,0.051802006749854135,0.19819767611339445,-0.06117959472951125,-0.6648575067520142,-0.6707310676574707,0.2819756269454956,0.09123548865318298,0.3225874900817871,-0.5498887300491333,0.01748610152024787,-0.436351401712028,0.656081303642435,1.2384317450976232,1.6735043019928957,0.0,0.051802006749854135,0.19819767611339445,-0.06117959472951125,0.14819799325014588,0.0018023238866055739,0.06117959472951125,0.2,0.2,0.0,0.21379595302841722,-0.1368979765142086,False
0,95,0.01748610152024787,-0.436351401712028,0.656081303642435,1.2384317450976232,1.6735043019928957,0.0,0.051802006749854135,0.19819767611339445,-0.06117959472951125,0.6766347885131836,-0.7731900215148926,0.11190000176429749,-0.11492709815502167,-0.3208563029766083,0.6405675411224365,0.013132990372842756,-0.4420297821993735,0.65440269950145,1.2374765464894821,1.6749079786029917,0.0,0.0512110941396135,0.19727193498167514,-0.06263281444385221,0.1487889058603865,0.0027280650183248703,0.06263281444385221,0.2,0.2,0.0,0.21321740533912478,-0.13082322577663796,False
0,96,0.013132990372842756,-0.4420297821993735,0.65440269950145,1.2374765464894821,1.6749079786029917,0.0,0.0512110941396135,0.19727193498167514,-0.06263281444385221,0.3365306556224823,-0.680425763130188,-0.19228413701057434,0.6220532655715942,0.4058014154434204,-0.6527037024497986,0.012829307955721533,-0.4556060027529078,0.6480499947496692,1.2337053786021237,1.6753063271852833,0.0,0.0512110941396135,0.19727193498167514,-0.06263281444385221,0.1487889058603865,0.0027280650183248703,0.06263281444385221,0.2,0.2,0.0,0.21321740533912478,-0.13660870266956238,False
0,97,0.012829307955721533,-0.4556060027529078,0.6480499947496692,1.2337053786021237,1.6753063271852833,0.0,0.0512110941396135,0.19727193498167514,-0.06263281444385221,0.8561316728591919,0.5237329602241516,-0.7794570326805115,-0.6821777820587158,0.6987895965576172,0.8205229640007019,0.01390412757834087,-0.4631525673709348,0.6389923268548202,1.2362641041969424,1.6775340519534496,0.0,0.04769850272666179,0.19755533982096787,-0.06956533055816483,0.15230149727333822,0.002444660179032141,0.06956533055816483,0.2,0.2,0.0,0.214808274211703,-0.15331282583163378,False
0,98,0.01390412757834087,-0.4631525673709348,0.6389923268548202,1.2362641041969424,1.6775340519534496,0.0,0.04769850272666179,0.19755533982096787,-0.06956533055816483,-0.029366403818130493,0.8738521337509155,0.272786945104599,0.2612696588039398,0.8827441930770874,-0.8297960758209229,0.022141451862051062,-0.4522233483240309,0.6250173177228063,1.225918067511544,1.6830937101785177,0.0,0.04769850272666179,0.19755533982096787,-0.06956533055816483,0.15230149727333822,0.002444660179032141,0.06956533055816483,0.2,0.2,0.0,0.214808274211703,-0.1374041371058515,False
0,99,0.022141451862051062,-0.4522233483240309,0.6250173177228063,1.225918067511544,1.6830937101785177,0.0,0.04769850272666179,0.19755533982096787,-0.06956533055816483,-0.1439126431941986,0.30961552262306213,0.19391407072544098,0.36173224449157715,0.8638430833816528,0.39913350343704224,0.020667012143747703,-0.44331927844558516,0.6226659538493807,1.2261652090949493,1.6872780267320073,0.0,0.04472240920482132,0.19628959562076825,-0.06941798270092656,0.1552775907951787,0.0037104043792317554,0.06941798270092656,0.2,0.2,0.0,0.21295200294036765,-0.11791328875683019,False
0,100,0.020667012143747703,-0.44331927844558516,0.6226659538493807,1.2261652090949493,1.6872780267320073,0.0,0.04472240920482132,0.19628959562076825,-0.06941798270092656,0.24499410390853882,0.11229357123374939,0.7692498564720154,-0.1494448184967041,-0.30794399976730347,0.5761720538139343,0.020667012143747703,-0.44331927844558516,0.6226659538493807,1.2261652090949493,1.6872780267320073,0.0,0.04898488830261735,0.1953436083810707,-0.05620647774132226,0.15101511169738266,0.004656391618929313,0.05620647774132226,0.2,0.2,0.0,0.20908805025023014,-0.09590449822374,False
0,101,0.020667012143747703,-0.44331927844558516,0.6226659538493807,1.2261652090949493,1.6872780267320073,0.0,0.04898488830261735,0.1953436083810707,-0.05620647774132226,0.08801667392253876,0.8808816075325012,0.7358293533325195,-0.28391918540000916,-0.004701967351138592,0.566612184047699,0.023107096410554043,-0.42338412660335445,0.646493408969653,1.208044238145308,1.685656160078895,0.0,0.04898488830261735,0.1953436083810707,-0.05620647774132226,0.15101511169738266,0.004656391618929313,0.05620647774132226,0.2,0.2,0.0,0.20908805025023014,-0.13454402512511507,False
0,102,0.023107096410554043,-0.42338412660335445,0.646493408969653,1.208044238145308,1.685656160078895,0.0,0.04898488830261735,0.1953436083810707,-0.05620647774132226,-0.8210218548774719,0.20622819662094116,0.6099891662597656,-0.27825695276260376,0.7286885380744934,0.7244001626968384,0.02936109062267622,-0.4054601901936949,0.6800934089774432,1.18392795723479,1.6771383265094537,0.0,0.05151206454235541,0.19473671103882523,-0.05039990773475589,0.1484879354576446,0.005263288961174773,0.05039990773475589,0.2,0.2,0.0,0.20764399851502238,-0.11938148190543361,False
0,103,0.02936109062267622,-0.4054601901936949,0.6800934089774432,1.18392795723479,1.6771383265094537,0.0,0.05151206454235541,0.19473671103882523,-0.05039990773475589,-0.3221900761127472,0.9022971987724304,-0.6944902539253235,0.44632789492607117,-0.5739253759384155,-0.2798047959804535,0.026006789134729535,-0.3787969065579066,0.7020576638010998,1.1663257578326744,1.677065805618346,0.0,0.052784149131488434,0.19570811393129034,-0.046153204986492155,0.14721585086851158,0.004291886068709668,0.046153204986492155,0.2,0.2,0.0,0.20788927482822026,-0.13639740054608884,False
0,104,0.026006789134729535,-0.3787969065579066,0.7020576638010998,1.1663257578326744,1.677065805618346,0.0,0.052784149131488434,0.19570811393129034,-0.046153204986492155,-0.5395719408988953,0.27635839581489563,0.2194732129573822,-0.3794461488723755,0.7622836828231812,0.6825463771820068,0.021074428720387426,-0.3662769340932395,0.6882225340601821,1.1690655688953948,1.6738903524138857,0.0,0.052784149131488434,0.19570811393129034,-0.046153204986492155,0.14721585086851158,0.004291886068709668,0.046153204986492155,0.2,0.2,0.0,0.20788927482822026,-0.1339446374141101,False
0,105,0.021074428720387426,-0.3662769340932395,0.6882225340601821,1.1690655688953948,1.6738903524138857,0.0,0.052784149131488434,0.19570811393129034,-0.046153204986492155,-0.055858101695775986,0.07910310477018356,-0.5276995301246643,-0.45635199546813965,-0.4490174353122711,0.10701415687799454,0.021074428720387426,-0.3662769340932395,0.6882225340601821,1.1690655688953948,1.6738903524138857,0.0,0.044917865279808594,0.19806904203440132,-0.049722849148285564,0.15508213472019142,0.0019309579655986985,0.049722849148285564,0.2,0.2,0.0,0.20909644129239416,-0.14661988528793612,False
0,106,0.021074428720387426,-0.3662769340932395,0.6882225340601821,1.1690655688953948,1.6738903524138857,0.0,0.044917865279808594,0.19806904203440132,-0.049722849148285564,-0.775048553943634,0.21758466958999634,0.8494946956634521,0.07482137531042099,0.9298584461212158,-0.11356855928897858,0.0057025838886859215,-0.35358124041072886,0.6331387554442607,1.1368009686441167,1.6699071341610368,0.0,0.044917865279808594,0.19806904203440132,-0.049722849148285564,0.15508213472019142,0.0019309579655986985,0.049722849148285564,0.2,0.2,0.0,0.20909644129239416,-0.1345482206461971,False
0,107,0.0057025838886859215,-0.35358124041072886,0.6331387554442607,1.1368009686441167,1.6699071341610368,0.0,0.044917865279808594,0.19806904203440132,-0.049722849148285564,-0.18629007041454315,0.7189725637435913,-0.6893893480300903,0.4500473141670227,-0.681336522102356,-0.17466968297958374,-0.005448749957511898,-0.34859761838271364,0.644092893709261,1.1357611658278313,1.6779146950266104,0.0,0.03990090458534237,0.19995312760689393,-0.05231287874453627,0.16009909541465764,4.6872393106091334e-05,0.05231287874453627,0.2,0.2,0.0,0.2104993413506274,-0.14927867125764605,False
0,108,-0.005448749957511898,-0.34859761838271364,0.644092893709261,1.1357611658278313,1.6779146950266104,0.0,0.03990090458534237,0.19995312760689393,-0.05231287874453627,0.7444682121276855,-0.5263387560844421,-0.5835748910903931,0.5524313449859619,0.23407569527626038,0.8446442484855652,-0.007377191559098141,-0.33867155836100077,0.6267244026701226,1.1395729147734135,1.6743805974496144,0.0,0.03874113040759938,0.20110721095083764,-0.05236569401687871,0.16125886959240063,-0.0011072109508376213,0.05236569401687871,0.2,0.2,0.0,0.211393357018504,-0.14463683518801812,False
0,109,-0.007377191559098141,-0.33867155836100077,0.6267244026701226,1.1395729147734135,1.6743805974496144,0.0,0.03874113040759938,0.20110721095083764,-0.05236569401687871,-0.16522474586963654,-0.8624168634414673,0.4405854642391205,-0.6591958999633789,0.7197073698043823,-0.16270001232624054,-0.002224467065724822,-0.35421861066245697,0.6172553172612879,1.1415182120874552,1.6771349301294705,0.0,0.03874113040759938,0.20110721095083764,-0.05236569401687871,0.16125886959240063,-0.0011072109508376213,0.05236569401687871,0.2,0.2,0.0,0.211393357018504,-0.135696678509252,False
0,110,-0.002224467065724822,-0.35421861066245697,0.6172553172612879,1.1415182120874552,1.6771349301294705,0.0,0.03874113040759938,0.20110721095083764,-0.05236569401687871,-0.5328335762023926,-0.5328342914581299,-0.9465816020965576,-0.7498835325241089,0.763258695602417,-0.5578923225402832,-0.002224467065724822,-0.35421861066245697,0.6172553172612879,1.1415182120874552,1.6771349301294705,0.0,0.027517436160677228,0.20312332577492875,-0.06838292240688441,0.17248256383932278,-0.0031233257749287494,0.06838292240688441,0.2,0.2,0.0,0.216084517824926,-0.18495386697668284,False
0,111,-0.002224467065724822,-0.35421861066245697,0.6172553172612879,1.1415182120874552,1.6771349301294705,0.0,0.027517436160677228,0.20312332577492875,-0.06838292240688441,-0.5153121948242188,0.7862943410873413,-0.4063892960548401,-0.5478795766830444,-0.2836620509624481,-0.895129919052124,-0.01354332328906883,-0.3781736339829897,0.5941344376148056,1.1195901263129904,1.6906593710458588,0.0,0.027517436160677228,0.20312332577492875,-0.06838292240688441,0.17248256383932278,-0.0031233257749287494,0.06838292240688441,0.2,0.2,0.0,0.216084517824926,-0.138042258912463,False
0,112,-0.01354332328906883,-0.3781736339829897,0.5941344376148056,1.1195901263129904,1.6906593710458588,0.0,0.027517436160677228,0.20312332577492875,-0.06838292240688441,-0.057268258184194565,-0.14323516190052032,-0.4338522255420685,-0.7231634855270386,-0.005609051324427128,0.0504133477807045,-0.04373881702014008,-0.40529775462156076,0.5260537001718434,1.0851184530645936,1.71650025131432,0.0,0.017520068643492426,0.20792222959001325,-0.08306352854724461,0.18247993135650759,-0.007922229590013234,0.08306352854724461,0.2,0.2,0.0,0.22458440760140447,-0.22729110156548699,False
0,113,-0.04373881702014008,-0.40529775462156076,0.5260537001718434,1.0851184530645936,1.71650025131432,0.0,0.017520068643492426,0.20792222959001325,-0.08306352854724461,0.4734272062778473,0.3653898239135742,0.6683745384216309,0.6087742447853088,0.6895884275436401,-0.9127780199050903,-0.04565045079504553,-0.4077436351281384,0.4984954335364491,1.0720037526083177,1.7175451106029982,0.0,0.011956838680368176,0.20879906717019883,-0.08984080555227668,0.18804316131963184,-0.008799067170198809,0.08984080555227668,0.2,0.2,0.0,0.2276211474899807,-0.17417797263075258,False
0,114,-0.04565045079504553,-0.4077436351281384,0.4984954335364491,1.0720037526083177,1.7175451106029982,0.0,0.011956838680368176,0.20879906717019883,-0.08984080555227668,-0.6014240980148315,0.6441528797149658,0.34751632809638977,-0.4539310932159424,0.6381219625473022,-0.14951691031455994,-0.04284207048510901,-0.39025138546721677,0.5134101275935853,1.0772716915299836,1.7265860052426572,0.0,0.013398809322409583,0.2075127370669177,-0.08608662556648236,0.18660119067759043,-0.007512737066917692,0.08608662556648236,0.2,0.2,0.0,0.22505992810290718,-0.11691777018071843,False
0,115,-0.04284207048510901,-0.39025138546721677,0.5134101275935853,1.0772716915299836,1.7265860052426572,0.0,0.013398809322409583,0.2075127370669177,-0.08608662556648236,0.39778631925582886,-0.18747296929359436,0.7414515018463135,0.8659177422523499,-0.4039635956287384,0.8449788689613342,-0.04932527429515984,-0.3777488616076901,0.5172646177127757,1.0745564628991562,1.7301391476151784,0.0,0.01289615691244464,0.20978177255061153,-0.08232691582785066,0.18710384308755537,-0.009781772550611523,0.08232691582785066,0.2,0.2,0.0,0.2257264362614909,-0.14952829971658255,False
0,116,-0.04932527429515984,-0.3777488616076901,0.5172646177127757,1.0745564628991562,1.7301391476151784,0.0,0.01289615691244464,0.20978177255061153,-0.08232691582785066,-0.9613355994224548,-0.21585457026958466,0.4985947012901306,-0.47968369722366333,-0.8010293245315552,-0.7125804424285889,-0.04696700118922788,-0.38192131756293934,0.5304810418767932,1.0824553188487294,1.7261595679734214,0.0,0.01289615691244464,0.20978177255061153,-0.08232691582785066,0.18710384308755537,-0.009781772550611523,0.08232691582785066,0.2,0.2,0.0,0.2257264362614909,-0.14286321813074543,False
0,117,-0.04696700118922788,-0.38192131756293934,0.5304810418767932,1.0824553188487294,1.7261595679734214,0.0,0.01289615691244464,0.20978177255061153,-0.08232691582785066,-0.9579359292984009,-0.05806416645646095,-0.24732331931591034,0.270988792181015,0.8310445547103882,0.5369700193405151,-0.04696700118922788,-0.38192131756293934,0.5304810418767932,1.0824553188487294,1.7261595679734214,0.0,0.01608081007395251,0.2096475422151322,-0.07985762641814881,0.1839191899260475,-0.009647542215132202,0.07985762641814881,0.2,0.2,0.0,0.22491759581371307,-0.13437039342907833,False
0,118,-0.04696700118922788,-0.38192131756293934,0.5304810418767932,1.0824553188487294,1.7261595679734214,0.0,0.01608081007395251,0.2096475422151322,-0.07985762641814881,-0.9073121547698975,0.6810649037361145,-0.6743170619010925,0.8286204934120178,-0.9283060431480408,-0.49785226583480835,-0.04696700118922788,-0.38192131756293934,0.5304810418767932,1.0824553188487294,1.7261595679734214,0.0,0.01608081007395251,0.2096475422151322,-0.07985762641814881,0.1839191899260475,-0.009647542215132202,0.07985762641814881,0.2,0.2,0.0,0.22491759581371307,-0.14245879790685653,False
0,119,-0.04696700118922788,-0.38192131756293934,0.5304810418767932,1.0824553188487294,1.7261595679734214,0.0,0.01608081007395251,0.2096475422151322,-0.07985762641814881,0.26093918085098267,-0.5170418620109558,0.9074223637580872,0.8321963548660278,0.8324595093727112,0.25114554166793823,-0.04696700118922788,-0.38192131756293934,0.5304810418767932,1.0824553188487294,1.7261595679734214,0.0,0.015056208462736503,0.21384597589769305,-0.08133137625037706,0.1849437915372635,-0.013845975897693048,0.08133137625037706,0.2,0.2,0.0,0.22928493972280536,-0.18831590895232567,False
0,120,-0.04696700118922788,-0.38192131756293934,0.5304810418767932,1.0824553188487294,1.7261595679734214,0.0,0.015056208462736503,0.21384597589769305,-0.08133137625037706,-0.6646400690078735,-0.14725308120250702,-0.850317656993866,0.6536762714385986,0.6860423684120178,-0.7799079418182373,-0.04696700118922788,-0.38192131756293934,0.5304810418767932,1.0824553188487294,1.7261595679734214,0.0,0.01380528560501218,0.2156144039108579,-0.08429770233333403,0.18619471439498783,-0.015614403910857898,0.08429770233333403,0.2,0.2,0.0,0.23191864889040276,-0.1722964161211753,False
0,121,-0.04696700118922788,-0.38192131756293934,0.5304810418767932,1.0824553188487294,1.7261595679734214,0.0,0.01380528560501218,0.2156144039108579,-0.08429770233333403,0.5900553464889526,-0.713420033454895,-0.4699483811855316,0.09988532960414886,-0.8258411288261414,-0.614364743232727,-0.04696700118922788,-0.38192131756293934,0.5304810418767932,1.0824553188487294,1.7261595679734214,0.0,0.01380528560501218,0.2156144039108579,-0.08429770233333403,0.18619471439498783,-0.015614403910857898,0.08429770233333403,0.2,0.2,0.0,0.23191864889040276,-0.14595932444520138,False
0,122,-0.04696700118922788,-0.38192131756293934,0.5304810418767932,1.0824553188487294,1.7261595679734214,0.0,0.01380528560501218,0.2156144039108579,-0.08429770233333403,0.17385821044445038,-0.6675106883049011,0.48731955885887146,-0.8192565441131592,-0.5240690112113953,0.5786024332046509,-0.04696700118922788,-0.38192131756293934,0.5304810418767932,1.0824553188487294,1.7261595679734214,0.0,0.01380528560501218,0.2156144039108579,-0.08429770233333403,0.18619471439498783,-0.015614403910857898,0.08429770233333403,0.2,0.2,0.0,0.23191864889040276,-0.14595932444520138,False
0,123,-0.04696700118922788,-0.38192131756293934,0.5304810418767932,1.0824553188487294,1.7261595679734214,0.0,0.01380528560501218,0.2156144039108579,-0.08429770233333403,0.801660418510437,-0.8000607490539551,0.8882269263267517,0.3720007836818695,0.5952574610710144,0.10910993814468384,-0.04696700118922788,-0.38192131756293934,0.5304810418767932,1.0824553188487294,1.7261595679734214,0.0,0.01380528560501218,0.2156144039108579,-0.08429770233333403,0.18619471439498783,-0.015614403910857898,0.08429770233333403,0.2,0.2,0.0,0.23191864889040276,-0.14595932444520138,False
0,124,-0.04696700118922788,-0.38192131756293934,0.5304810418767932,1.0824553188487294,1.7261595679734214,0.0,0.01380528560501218,0.2156144039108579,-0.08429770233333403,-0.2555294632911682,0.7211113572120667,0.5797664523124695,0.22568579018115997,-0.13315649330615997,-0.868354082107544,-0.04696700118922788,-0.38192131756293934,0.5304810418767932,1.0824553188487294,1.7261595679734214,0.0,0.01380528560501218,0.2156144039108579,-0.08429770233333403,0.18619471439498783,-0.015614403910857898,0.08429770233333403,0.2,0.2,0.0,0.23191864889040276,-0.14595932444520138,False
0,125,-0.04696700118922788,-0.38192131756293934,0.5304810418767932,1.0824553188487294,1.7261595679734214,0.0,0.01380528560501218,0.2156144039108579,-0.08429770233333403,-0.5305682420730591,0.5129936933517456,-0.556831955909729,0.6935750842094421,-0.01554185152053833,-0.37510955333709717,-0.04696700118922788,-0.38192131756293934,0.5304810418767932,1.0824553188487294,1.7261595679734214,0.0,0.01380528560501218,0.2156144039108579,-0.08429770233333403,0.18619471439498783,-0.015614403910857898,0.08429770233333403,0.2,0.2,0.0,0.23191864889040276,-0.14595932444520138,False
0,126,-0.04696700118922788,-0.38192131756293934,0.5304810418767932,1.0824553188487294,1.7261595679734214,0.0,0.01380528560501218,0.2156144039108579,-0.08429770233333403,0.10366114228963852,0.6758078336715698,0.36829790472984314,-0.6125266551971436,0.179170623421669,0.10228817909955978,-0.04696700118922788,-0.38192131756293934,0.5304810418767932,1.0824553188487294,1.7261595679734214,0.0,0.01380528560501218,0.2156144039108579,-0.08429770233333403,0.18619471439498783,-0.015614403910857898,0.08429770233333403,0.2,0.2,0.0,0.23191864889040276,-0.14595932444520138,False
0,127,-0.04696700118922788,-0.38192131756293934,0.5304810418767932,1.0824553188487294,1.7261595679734214,0.0,0.01380528560501218,0.2156144039108579,-0.08429770233333403,-0.3595457077026367,0.5807130932807922,0.5470755696296692,0.5986807942390442,-0.9036848545074463,-0.7251719236373901,-0.04696700118922788,-0.38192131756293934,0.5304810418767932,1.0824553188487294,1.7261595679734214,0.0,0.01380528560501218,0.2156144039108579,-0.08429770233333403,0.18619471439498783,-0.015614403910857898,0.08429770233333403,0.2,0.2,0.0,0.23191864889040276,-0.14595932444520138,False
0,128,-0.04696700118922788,-0.38192131756293934,0.5304810418767932,1.0824553188487294,1.7261595679734214,0.0,0.01380528560501218,0.2156144039108579,-0.08429770233333403,0.05618637427687645,0.5302335023880005,0.6184542179107666,0.1027158796787262,0.028096968308091164,-0.737795352935791,-0.04696700118922788,-0.38192131756293934,0.5304810418767932,1.0824553188487294,1.7261595679734214,0.0,0.013570520176877793,0.21850884458417635,-0.08726575155939717,0.18642947982312222,-0.018508844584176353,0.08726575155939717,0.2,0.2,0.0,0.23568110992315275,-0.18546516528907628,False
0,129,-0.04696700118922788,-0.38192131756293934,0.5304810418767932,1.0824553188487294,1.7261595679734214,0.0,0.013570520176877793,0.21850884458417635,-0.08726575155939717,-0.5759456157684326,-0.3733796775341034,-0.2807314097881317,0.49505677819252014,0.09483750909566879,-0.8753010630607605,-0.07677135495459077,-0.39084698055366823,0.5287262483441335,1.0657993544482722,1.7117208391711312,0.0,0.013570520176877793,0.21850884458417635,-0.08726575155939717,0.18642947982312222,-0.018508844584176353,0.08726575155939717,0.2,0.2,0.0,0.23568110992315275,-0.1478405549615764,False
0,130,-0.07677135495459077,-0.39084698055366823,0.5287262483441335,1.0657993544482722,1.7117208391711312,0.0,0.013570520176877793,0.21850884458417635,-0.08726575155939717,0.12011564522981644,-0.583696722984314,-0.8224544525146484,0.4820958375930786,-0.5740746259689331,0.19685810804367065,-0.07677135495459077,-0.39084698055366823,0.5287262483441335,1.0657993544482722,1.7117208391711312,0.0,0.012675448924374583,0.21874714622177077,-0.09044447508519526,0.18732455107562543,-0.018747146221770747,0.09044447508519526,0.2,0.2,0.0,0.237046797192115,-0.16218027128567994,False
0,131,-0.07677135495459077,-0.39084698055366823,0.5287262483441335,1.0657993544482722,1.7117208391711312,0.0,0.012675448924374583,0.21874714622177077,-0.09044447508519526,-0.6990984678268433,0.7625688314437866,-0.3014291822910309,0.25860166549682617,-0.563237190246582,0.7331405878067017,-0.07677135495459077,-0.39084698055366823,0.5287262483441335,1.0657993544482722,1.7117208391711312,0.0,0.012675448924374583,0.21874714622177077,-0.09044447508519526,0.18732455107562543,-0.018747146221770747,0.09044447508519526,0.2,0.2,0.0,0.237046797192115,-0.1485233985960575,False
0,132,-0.07677135495459077,-0.39084698055366823,0.5287262483441335,1.0657993544482722,1.7117208391711312,0.0,0.012675448924374583,0.21874714622177077,-0.09044447508519526,0.22382590174674988,0.21270117163658142,-0.06649059057235718,0.7548263669013977,-0.6166077852249146,-0.5396111011505127,-0.09459155657147086,-0.39747536823339946,0.5084391400353745,1.0816149550283418,1.7244221430780493,0.0,0.011342269861694648,0.21803717698479497,-0.10437606722854922,0.18865773013830536,-0.018037176984794942,0.10437606722854922,0.2,0.2,0.0,0.24199839057979897,-0.20051512916673922,False
0,133,-0.09459155657147086,-0.39747536823339946,0.5084391400353745,1.0816149550283418,1.7244221430780493,0.0,0.011342269861694648,0.21803717698479497,-0.10437606722854922,-0.6668472290039062,-0.5599013566970825,-0.38274258375167847,-0.6278082132339478,0.762607216835022,0.42250391840934753,-0.09121309438469821,-0.44604039448793276,0.467013189883269,1.1046071638694503,1.7052798327520633,0.0,0.011342269861694648,0.21803717698479497,-0.10437606722854922,0.18865773013830536,-0.018037176984794942,0.10437606722854922,0.2,0.2,0.0,0.24199839057979897,-0.15099919528989947,False
0,134,-0.09121309438469821,-0.44604039448793276,0.467013189883269,1.1046071638694503,1.7052798327520633,0.0,0.011342269861694648,0.21803717698479497,-0.10437606722854922,0.30684906244277954,0.4201364815235138,0.5510960817337036,0.6268976926803589,-0.5363370776176453,0.38096246123313904,-0.09444471985220824,-0.4492681420440704,0.4557174510309519,1.1012762163491525,1.7074917628596364,0.0,0.009256996907656828,0.2190266062325979,-0.10832915994314848,0.19074300309234318,-0.019026606232597876,0.10832915994314848,0.2,0.2,0.0,0.24452720323822072,-0.1775517282033279,False
0,135,-0.09444471985220824,-0.4492681420440704,0.4557174510309519,1.1012762163491525,1.7074917628596364,0.0,0.009256996907656828,0.2190266062325979,-0.10832915994314848,-0.4303041100502014,-0.9334995150566101,0.10658273100852966,-0.05686775967478752,-0.21146635711193085,0.3379436731338501,-0.09426665347582935,-0.44910146679423496,0.45733499611250195,1.1047586508221228,1.704215013157197,0.0,0.009979485419966266,0.21881571160820978,-0.10720440975346016,0.19002051458003374,-0.018815711608209773,0.10720440975346016,0.2,0.2,0.0,0.24387023444127479,-0.14536542925117807,False
0,136,-0.09426665347582935,-0.44910146679423496,0.45733499611250195,1.1047586508221228,1.704215013157197,0.0,0.009979485419966266,0.21881571160820978,-0.10720440975346016,-0.5344668030738831,-0.692478597164154,0.24646267294883728,-0.8168609142303467,0.3739318251609802,-0.7982057332992554,-0.10277740178411332,-0.4644384212482415,0.45072769437852966,1.0972518120785126,1.7043361249568625,0.0,0.009979485419966266,0.21881571160820978,-0.10720440975346016,0.19002051458003374,-0.018815711608209773,0.10720440975346016,0.2,0.2,0.0,0.24387023444127479,-0.1519351172206374,False
0,137,-0.10277740178411332,-0.4644384212482415,0.45072769437852966,1.0972518120785126,1.7043361249568625,0.0,0.009979485419966266,0.21881571160820978,-0.10720440975346016,0.7609254121780396,0.13135428726673126,0.5910265445709229,-0.7529177665710449,-0.8096755146980286,0.8679332137107849,-0.10118274371148442,-0.4698457630087011,0.45462632876148656,1.0784136462784977,1.7024816353185495,0.0,0.008352212318974594,0.22129677497727662,-0.11356771234518548,0.19164778768102542,-0.021296774977276618,0.11356771234518548,0.2,0.2,0.0,0.2488767714216886,-0.20450375551498243,False
0,138,-0.10118274371148442,-0.4698457630087011,0.45462632876148656,1.0784136462784977,1.7024816353185495,0.0,0.008352212318974594,0.22129677497727662,-0.11356771234518548,0.641838550567627,0.7674993276596069,0.21759718656539917,-0.9295360445976257,-0.06867411732673645,-0.7395381331443787,-0.08828724633567546,-0.45629622121308183,0.46197779919743887,1.0633574705597961,1.6950170892699987,0.0,0.0070281077887819066,0.21953891264218747,-0.11232167030972769,0.1929718922112181,-0.01953891264218746,0.11232167030972769,0.2,0.2,0.0,0.24670404553710085,-0.13162476392267292,False
0,139,-0.08828724633567546,-0.45629622121308183,0.46197779919743887,1.0633574705597961,1.6950170892699987,0.0,0.0070281077887819066,0.21953891264218747,-0.11232167030972769,-0.19452129304409027,0.3846794366836548,-0.7615662217140198,-0.7228483557701111,0.4820025563240051,0.574282169342041,-0.077023261523848,-0.4338227678047047,0.44828494854166445,1.0447415120058774,1.6967827432382663,0.0,0.004391767860072865,0.21649834666541853,-0.10829795190196947,0.19560823213992715,-0.01649834666541853,0.10829795190196947,0.2,0.2,0.0,0.2421141634022219,-0.10515826035232136,False
0,140,-0.077023261523848,-0.4338227678047047,0.44828494854166445,1.0447415120058774,1.6967827432382663,0.0,0.004391767860072865,0.21649834666541853,-0.10829795190196947,0.4820585548877716,0.6779940724372864,0.4816875457763672,-0.16987678408622742,0.8433386087417603,-0.9414247870445251,-0.077023261523848,-0.4338227678047047,0.44828494854166445,1.0447415120058774,1.6967827432382663,0.0,-0.0006415919731666275,0.21119452786895812,-0.09188611245155087,0.20064159197316664,-0.01119452786895812,0.09188611245155087,0.2,0.2,0.0,0.2303184706086579,-0.02720230736868906,False
0,141,-0.077023261523848,-0.4338227678047047,0.44828494854166445,1.0447415120058774,1.6967827432382663,0.0,-0.0006415919731666275,0.21119452786895812,-0.09188611245155087,-0.40369951725006104,0.4966200590133667,-0.32739102840423584,-0.4857993423938751,-0.8490855097770691,0.9633123278617859,-0.03987957269735911,-0.31096477466123346,0.4633912299734901,1.0095437059155679,1.7542710893492761,0.0,-0.00011429084500386155,0.20814144129126058,-0.08200964346839318,0.20011429084500387,-0.008141441291260567,0.08200964346839318,0.2,0.2,0.0,0.22371511854815154,-0.0758240386690122,False
0,142,-0.03987957269735911,-0.31096477466123346,0.4633912299734901,1.0095437059155679,1.7542710893492761,0.0,-0.00011429084500386155,0.20814144129126058,-0.08200964346839318,0.29328083992004395,-0.6612616181373596,0.5661287307739258,-0.1655617654323578,-0.7607731819152832,0.80710369348526,-0.04372582629620848,-0.3057157979920071,0.45470773091387173,1.0046609050804738,1.7484737438774622,0.0,-0.00011429084500386155,0.20814144129126058,-0.08200964346839318,0.20011429084500387,-0.008141441291260567,0.08200964346839318,0.2,0.2,0.0,0.22371511854815154,-0.14185755927407578,False
0,143,-0.04372582629620848,-0.3057157979920071,0.45470773091387173,1.0046609050804738,1.7484737438774622,0.0,-0.00011429084500386155,0.20814144129126058,-0.08200964346839318,-0.029070695862174034,-0.2511928379535675,-0.7082017660140991,-0.1058923676609993,-0.9305644035339355,0.7999773025512695,-0.04028353387558563,-0.3204149400445529,0.45875345229169173,1.001520204724984,1.7396703119129624,0.0,-0.001450453206617075,0.20859668611853793,-0.08402444614337856,0.20145045320661709,-0.008596686118537934,0.08402444614337856,0.2,0.2,0.0,0.22488839192773366,-0.154176929759688,False
0,144,-0.04028353387558563,-0.3204149400445529,0.45875345229169173,1.001520204724984,1.7396703119129624,0.0,-0.001450453206617075,0.20859668611853793,-0.08402444614337856,0.6130217909812927,-0.26899662613868713,-0.445814311504364,-0.6676434278488159,0.2529543936252594,0.5256284475326538,-0.04119462400887284,-0.32446889232909915,0.44915345229640713,1.0004501158541657,1.734503449197762,0.0,-0.001450453206617075,0.20859668611853793,-0.08402444614337856,0.20145045320661709,-0.008596686118537934,0.08402444614337856,0.2,0.2,0.0,0.22488839192773366,-0.14244419596386682,False
0,145,-0.04119462400887284,-0.32446889232909915,0.44915345229640713,1.0004501158541657,1.734503449197762,0.0,-0.001450453206617075,0.20859668611853793,-0.08402444614337856,0.672061026096344,0.9721996784210205,0.5689617991447449,-0.7247992753982544,-0.04464340582489967,0.9561744332313538,-0.03539109092540307,-0.32963034243047745,0.4319800953965199,0.9930998126953613,1.7361739701948646,0.0,-0.003665037192283782,0.20838671188365968,-0.08913454023948443,0.2036650371922838,-0.008386711883659671,0.08913454023948443,0.2,0.2,0.0,0.2266791133982319,-0.1612467714040984,False
0,146,-0.03539109092540307,-0.32963034243047745,0.4319800953965199,0.9930998126953613,1.7361739701948646,0.0,-0.003665037192283782,0.20838671188365968,-0.08913454023948443,0.05662498623132706,0.25025784969329834,-0.4048643112182617,-0.8948158025741577,-0.01701868698000908,0.8992619514465332,-0.02916153769846458,-0.30670198942325666,0.43504446483499914,0.9836869723610687,1.7357676581157826,0.0,-0.006227668451563889,0.20606470826297335,-0.08780403085497138,0.2062276684515639,-0.006064708262973336,0.08780403085497138,0.2,0.2,0.0,0.22407810174184287,-0.11602893430703103,False
0,147,-0.02916153769846458,-0.30670198942325666,0.43504446483499914,0.9836869723610687,1.7357676581157826,0.0,-0.006227668451563889,0.20606470826297335,-0.08780403085497138,0.10329227894544601,0.7255961894989014,0.4350765645503998,-0.7850239276885986,-0.0193821731954813,0.46048256754875183,-0.029398832710887658,-0.30096486374599374,0.4223106316687139,0.9743441055701908,1.735590718401587,0.0,-0.006227668451563889,0.20606470826297335,-0.08780403085497138,0.2062276684515639,-0.006064708262973336,0.08780403085497138,0.2,0.2,0.0,0.22407810174184287,-0.14203905087092145,False
0,148,-0.029398832710887658,-0.30096486374599374,0.4223106316687139,0.9743441055701908,1.735590718401587,0.0,-0.006227668451563889,0.20606470826297335,-0.08780403085497138,-0.42130398750305176,-0.8549964427947998,-0.47949451208114624,0.10999462753534317,-0.286435604095459,-0.15529631078243256,-0.03192960177897459,-0.2946289476903998,0.41699306357856425,0.9682344460393237,1.7344577936288894,0.0,-0.009479399495483376,0.20621283170311897,-0.08923099608866142,0.2094793994954834,-0.006212831703118947,0.08923099608866142,0.2,0.2,0.0,0.22489055479674672,-0.15056980794741187,False
0,149,-0.03192960177897459,-0.2946289476903998,0.41699306357856425,0.9682344460393237,1.7344577936288894,0.0,-0.009479399495483376,0.20621283170311897,-0.08923099608866142,0.2630203664302826,0.05103122070431709,-0.48058658838272095,-0.443036288022995,0.8337379693984985,-0.952704668045044,-0.037816833813091026,-0.30409448350485024,0.4045761181668071,0.9691560774805663,1.7331290015406362,0.0,-0.011637279805307293,0.20825763136502026,-0.0944532987236831,0.2116372798053073,-0.008257631365020258,0.0944532987236831,0.2,0.2,0.0,0.22897181691819846,-0.18529852967361662,False
0,150,-0.037816833813091026,-0.30409448350485024,0.4045761181668071,0.9691560774805663,1.7331290015406362,0.0,-0.011637279805307293,0.20825763136502026,-0.0944532987236831,-0.5418058633804321,0.11322271078824997,-0.26923784613609314,0.7635300159454346,-0.4734081029891968,0.9442001581192017,-0.037816833813091026,-0.30409448350485024,0.4045761181668071,0.9691560774805663,1.7331290015406362,0.0,-0.014807412668407127,0.21775304793825512,-0.10367172378060656,0.21480741266840714,-0.017753047938255107,0.10367172378060656,0.2,0.2,0.0,0.24162672796686818,-0.27736247447013135,False
0,151,-0.037816833813091026,-0.30409448350485024,0.4045761181668071,0.9691560774805663,1.7331290015406362,0.0,-0.014807412668407127,0.21775304793825512,-0.10367172378060656,0.767802894115448,0.15583984553813934,0.8625284433364868,-0.9102460741996765,-0.3793799877166748,0.9107812643051147,-0.09241176737157406,-0.2863435611025598,0.3287729521959314,1.022062358479878,1.7098775603940601,0.0,-0.014807412668407127,0.21775304793825512,-0.10367172378060656,0.21480741266840714,-0.017753047938255107,0.10367172378060656,0.2,0.2,0.0,0.24162672796686818,-0.1508133639834341,False
0,152,-0.09241176737157406,-0.2863435611025598,0.3287729521959314,1.022062358479878,1.7098775603940601,0.0,-0.014807412668407127,0.21775304793825512,-0.10367172378060656,-0.24693523347377777,0.620384693145752,-0.14077016711235046,0.954219400882721,0.8790282011032104,0.016153763979673386,-0.08137336743432746,-0.2810341437065917,0.3412890729188372,1.010736137885871,1.7075644664111496,0.0,-0.01454600049759916,0.22008404201606818,-0.10367893747808374,0.21454600049759917,-0.020084042016068185,0.10367893747808374,0.2,0.2,0.0,0.24371683109131181,-0.17275944679009222,False
0,153,-0.08137336743432746,-0.2810341437065917,0.3412890729188372,1.010736137885871,1.7075644664111496,0.0,-0.01454600049759916,0.22008404201606818,-0.10367893747808374,0.6753158569335938,0.2765801250934601,-0.035860102623701096,-0.9801154136657715,-0.2504454255104065,-0.6318038702011108,-0.08266679128241251,-0.27185596705707604,0.3328341521631874,1.0170518898453662,1.7123651795777208,0.0,-0.014609031710886844,0.21875527019778934,-0.10056634863718061,0.21460903171088686,-0.01875527019778933,0.10056634863718061,0.2,0.2,0.0,0.241207136140398,-0.1255066185610607,False
0,154,-0.08266679128241251,-0.27185596705707604,0.3328341521631874,1.0170518898453662,1.7123651795777208,0.0,-0.014609031710886844,0.21875527019778934,-0.10056634863718061,0.7817564606666565,-0.08179999142885208,-0.7383111715316772,0.6469929218292236,-0.8877061009407043,-0.7549421191215515,-0.07553595937190176,-0.26862313220909034,0.3238953719772881,1.009736192609506,1.7102028825796975,0.0,-0.014609031710886844,0.21875527019778934,-0.10056634863718061,0.21460903171088686,-0.01875527019778933,0.10056634863718061,0.2,0.2,0.0,0.241207136140398,-0.15060356807019898,False
0,155,-0.07553595937190176,-0.26862313220909034,0.3238953719772881,1.009736192609506,1.7102028825796975,0.0,-0.014609031710886844,0.21875527019778934,-0.10056634863718061,-0.7336509227752686,0.26009586453437805,-0.1934458166360855,0.4529586732387543,-0.4251873195171356,0.77568519115448,-0.06552822154829567,-0.27146112487513196,0.3079238583161495,1.0206111568809648,1.701443625629755,0.0,-0.0172535476669283,0.21646259364313622,-0.10346612290551951,0.2172535476669283,-0.0164625936431362,0.10346612290551951,0.2,0.2,0.0,0.24053893228105205,-0.1435874275470667,False
0,156,-0.06552822154829567,-0.27146112487513196,0.3079238583161495,1.0206111568809648,1.701443625629755,0.0,-0.0172535476669283,0.21646259364313622,-0.10346612290551951,0.3852732479572296,-0.6914762258529663,0.45905762910842896,0.5503394603729248,-0.07200773805379868,0.4779083728790283,-0.07661938710013799,-0.2676338124039829,0.2960277897641068,1.028216702689105,1.6978128135616286,0.0,-0.01811205183772674,0.21645077911914712,-0.1066275923147417,0.21811205183772675,-0.016450779119147097,0.1066275923147417,0.2,0.2,0.0,0.2419678277083486,-0.16527286812713973,False
0,157,-0.07661938710013799,-0.2676338124039829,0.2960277897641068,1.028216702689105,1.6978128135616286,0.0,-0.01811205183772674,0.21645077911914712,-0.1066275923147417,-0.00778160197660327,0.011332730762660503,-0.588787317276001,0.9011849761009216,-0.3690311312675476,-0.5370210409164429,-0.07100157880201104,-0.2819116730724499,0.3001707672838958,1.0378935825726348,1.6973606660673235,0.0,-0.016369682798913765,0.2159624736243053,-0.10838962820691682,0.21636968279891378,-0.01596247362430528,0.10838962820691682,0.2,0.2,0.0,0.24219014850257528,-0.15331828219355448,False
0,158,-0.07100157880201104,-0.2819116730724499,0.3001707672838958,1.0378935825726348,1.6973606660673235,0.0,-0.016369682798913765,0.2159624736243053,-0.10838962820691682,-0.021056722849607468,-0.9652948975563049,0.43036606907844543,0.4632095694541931,0.8482067584991455,-0.035745538771152496,-0.07205262028322049,-0.29046579716222987,0.28798399823130183,1.0523741587296205,1.697349643077323,0.0,-0.016559045183337423,0.21619701293095606,-0.11208480981494222,0.21655904518333743,-0.01619701293095603,0.11208480981494222,0.2,0.2,0.0,0.2440867775380378,-0.17100967912364423,False
0,159,-0.07205262028322049,-0.29046579716222987,0.28798399823130183,1.0523741587296205,1.697349643077323,0.0,-0.016559045183337423,0.21619701293095606,-0.11208480981494222,0.6368087530136108,-0.241270512342453,0.3409371078014374,0.37625598907470703,-0.30894237756729126,0.6761584281921387,-0.06953307525670485,-0.30249440702444086,0.29405848621301983,1.0588955259113668,1.7034088287736184,0.0,-0.014717557172887502,0.2155255191857059,-0.11378879660153374,0.2147175571728875,-0.015525519185705881,0.11378879660153374,0.2,0.2,0.0,0.24416335953912188,-0.15284749978040163,False
0,160,-0.06953307525670485,-0.30249440702444086,0.29405848621301983,1.0588955259113668,1.7034088287736184,0.0,-0.014717557172887502,0.2155255191857059,-0.11378879660153374,0.19145344197750092,0.1185620129108429,-0.8926064372062683,0.3886967599391937,-0.6745125651359558,0.5727211236953735,-0.06953307525670485,-0.30249440702444086,0.29405848621301983,1.0588955259113668,1.7034088287736184,0.0,-0.01765558110841814,0.21099104245156064,-0.12244287861831872,0.21765558110841815,-0.010991042451560636,0.12244287861831872,0.2,0.2,0.0,0.24458372403619283,-0.15649550698880588,False
0,161,-0.06953307525670485,-0.30249440702444086,0.29405848621301983,1.0588955259113668,1.7034088287736184,0.0,-0.01765558110841814,0.21099104245156064,-0.12244287861831872,-0.8213804960250854,-0.05579400062561035,-0.7382038831710815,-0.6511053442955017,-0.9184888601303101,0.7103028893470764,-0.06953307525670485,-0.30249440702444086,0.29405848621301983,1.0588955259113668,1.7034088287736184,0.0,-0.01765558110841814,0.21099104245156064,-0.12244287861831872,0.21765558110841815,-0.010991042451560636,0.12244287861831872,0.2,0.2,0.0,0.24458372403619283,-0.1522918620180964,False
0,162,-0.06953307525670485,-0.30249440702444086,0.29405848621301983,1.0588955259113668,1.7034088287736184,0.0,-0.01765558110841814,0.21099104245156064,-0.12244287861831872,0.9534549117088318,-0.5573217272758484,-0.3360048234462738,0.8207622766494751,-0.5809169411659241,-0.32857877016067505,-0.0451982731948576,-0.28737708555587743,0.22049274951199238,1.099165996552649,1.6563459156996594,0.0,-0.019503356891838297,0.21140703551876525,-0.12650030471904733,0.2195033568918383,-0.011407035518765228,0.12650030471904733,0.2,0.2,0.0,0.24713486741229923,-0.17907886746721363,False
0,163,-0.0451982731948576,-0.28737708555587743,0.22049274951199238,1.099165996552649,1.6563459156996594,0.0,-0.019503356891838297,0.21140703551876525,-0.12650030471904733,0.3247528374195099,-0.2891820967197418,0.3693324625492096,0.8467904925346375,0.708834171295166,-0.7025601267814636,-0.03908649550914289,-0.30615236559879444,0.203832475338303,1.1064586039300195,1.65375157927984,0.0,-0.018610673161802538,0.20885634874686163,-0.13181177168564465,0.21861067316180255,-0.008856348746861609,0.13181177168564465,0.2,0.2,0.0,0.24767251507245336,-0.15921273413776796,False
0,164,-0.03908649550914289,-0.30615236559879444,0.203832475338303,1.1064586039300195,1.65375157927984,0.0,-0.018610673161802538,0.20885634874686163,-0.13181177168564465,-0.655312180519104,-0.40302136540412903,-0.6134880781173706,0.7434790134429932,0.47588813304901123,-0.004494308959692717,-0.03992029502220466,-0.31675595651272964,0.20067533755299033,1.118342024110671,1.6622063288062,0.0,-0.018610673161802538,0.20885634874686163,-0.13181177168564465,0.21861067316180255,-0.008856348746861609,0.13181177168564465,0.2,0.2,0.0,0.24767251507245336,-0.15383625753622668,False
0,165,-0.03992029502220466,-0.31675595651272964,0.20067533755299033,1.118342024110671,1.6622063288062,0.0,-0.018610673161802538,0.20885634874686163,-0.13181177168564465,0.39755159616470337,-0.8074225187301636,0.13361968100070953,-0.547871470451355,0.9031808972358704,0.9171602129936218,-0.046756798547602486,-0.3375436602569565,0.19061144699462376,1.1220368174940214,1.6701119369033166,0.0,-0.0171619618601333,0.20986617601200777,-0.13596340899481965,0.2171619618601333,-0.009866176012007767,0.13596340899481965,0.2,0.2,0.0,0.25064794703784093,-0.18507829317279623,False
0,166,-0.046756798547602486,-0.3375436602569565,0.19061144699462376,1.1220368174940214,1.6701119369033166,0.0,-0.0171619618601333,0.20986617601200777,-0.13596340899481965,0.028770320117473602,-0.47556251287460327,0.3274472653865814,0.615086555480957,-0.6075674891471863,-0.8462569117546082,-0.04282506678422333,-0.35150120519884465,0.19101951918306728,1.1161099381469057,1.6761144636102476,0.0,-0.017374879793892656,0.20956889120192795,-0.14402589373826286,0.21737487979389267,-0.009568891201927936,0.14402589373826286,0.2,0.2,0.0,0.2548812756452759,-0.19977392389698767,False
0,167,-0.04282506678422333,-0.35150120519884465,0.19101951918306728,1.1161099381469057,1.6761144636102476,0.0,-0.017374879793892656,0.20956889120192795,-0.14402589373826286,0.03862125054001808,0.8008575439453125,-0.716291606426239,-0.9153093695640564,0.9372318387031555,-0.9303040504455566,-0.04373682184211639,-0.362854625531755,0.19401716244846484,1.1244016268487633,1.670582700068533,0.0,-0.014632140829280216,0.2097168627739845,-0.1455077367787561,0.21463214082928023,-0.009716862773984467,0.1455077367787561,0.2,0.2,0.0,0.25567120201439564,-0.16573486469839513,False
0,168,-0.04373682184211639,-0.362854625531755,0.19401716244846484,1.1244016268487633,1.670582700068533,0.0,-0.014632140829280216,0.2097168627739845,-0.1455077367787561,0.7177550792694092,-0.9124391078948975,-0.7391835451126099,-0.7112909555435181,-0.6479440927505493,-0.20849992334842682,-0.0407075149466815,-0.3561486427502362,0.1667104737513124,1.106399143254281,1.679004955002331,0.0,-0.01850447763411009,0.20971716528510237,-0.14827190346190253,0.2185044776341101,-0.00971716528510236,0.14827190346190253,0.2,0.2,0.0,0.2575039076673322,-0.17707901036303195,False
0,169,-0.0407075149466815,-0.3561486427502362,0.1667104737513124,1.106399143254281,1.679004955002331,0.0,-0.01850447763411009,0.20971716528510237,-0.14827190346190253,0.9739617109298706,0.2839663326740265,0.10261572897434235,0.8941131830215454,-0.6239036321640015,0.7872923612594604,-0.027925152880657257,-0.3628290488236281,0.14703504788449298,1.1013275662152513,1.6730228078853904,0.0,-0.01850447763411009,0.20971716528510237,-0.14827190346190253,0.2185044776341101,-0.00971716528510236,0.14827190346190253,0.2,0.2,0.0,0.2575039076673322,-0.1587519538336661,False
0,170,-0.027925152880657257,-0.3628290488236281,0.14703504788449298,1.1013275662152513,1.6730228078853904,0.0,-0.01850447763411009,0.20971716528510237,-0.14827190346190253,-0.30214759707450867,0.4781445562839508,0.043234750628471375,0.43844059109687805,0.39813604950904846,0.7416984438896179,-0.027925152880657257,-0.3628290488236281,0.14703504788449298,1.1013275662152513,1.6730228078853904,0.0,-0.02173169302992159,0.21280093729422564,-0.14608952425165334,0.2217316930299216,-0.012800937294225635,0.14608952425165334,0.2,0.2,0.0,0.2590340797874328,-0.17481876109472233,False
0,171,-0.027925152880657257,-0.3628290488236281,0.14703504788449298,1.1013275662152513,1.6730228078853904,0.0,-0.02173169302992159,0.21280093729422564,-0.14608952425165334,0.31484583020210266,-0.8066055774688721,-0.8489036560058594,-0.9412368535995483,-0.5156271457672119,0.49668022990226746,-0.0557619721256093,-0.29905076249041673,0.12388729398904032,1.1391124874055543,1.698484418811085,0.0,-0.02237069509083081,0.2156502703931419,-0.14420142902847816,0.22237069509083082,-0.015650270393141912,0.14420142902847816,0.2,0.2,0.0,0.2603834465808788,-0.17368539122489934,False
0,172,-0.0557619721256093,-0.29905076249041673,0.12388729398904032,1.1391124874055543,1.698484418811085,0.0,-0.02237069509083081,0.2156502703931419,-0.14420142902847816,0.7739341259002686,-0.6843434572219849,0.1832296997308731,0.9335689544677734,0.47198039293289185,0.8764321804046631,-0.05953293963465646,-0.30357552840418317,0.08490748964475608,1.1374289223035188,1.7049009101354675,0.0,-0.024203796696090935,0.21381953559282993,-0.1561794650504914,0.22420379669609095,-0.01381953559282993,0.1561794650504914,0.2,0.2,0.0,0.26588840305492234,-0.2179937662678965,False
0,173,-0.05953293963465646,-0.30357552840418317,0.08490748964475608,1.1374289223035188,1.7049009101354675,0.0,-0.024203796696090935,0.21381953559282993,-0.1561794650504914,0.5365054607391357,0.9137702584266663,0.5169437527656555,0.3981664180755615,-0.5890302658081055,0.6212778687477112,-0.04837721520484377,-0.31375087597120327,0.0907392215499205,1.1475709708176176,1.7070420980914904,0.0,-0.024203796696090935,0.21381953559282993,-0.1561794650504914,0.22420379669609095,-0.01381953559282993,0.1561794650504914,0.2,0.2,0.0,0.26588840305492234,-0.16294420152746117,False
0,174,-0.04837721520484377,-0.31375087597120327,0.0907392215499205,1.1475709708176176,1.7070420980914904,0.0,-0.024203796696090935,0.21381953559282993,-0.1561794650504914,0.7075260877609253,0.6724913120269775,-0.4812745749950409,0.6287139654159546,-0.4644041657447815,0.5968281626701355,-0.04837721520484377,-0.31375087597120327,0.0907392215499205,1.1475709708176176,1.7070420980914904,0.0,-0.01774913457663177,0.19699552949325894,-0.10241941512715914,0.21774913457663178,0.003004470506741088,0.10241941512715914,0.2,0.2,0.0,0.22273752942317152,0.29013997160592253,False
0,175,-0.04837721520484377,-0.31375087597120327,0.0907392215499205,1.1475709708176176,1.7070420980914904,0.0,-0.01774913457663177,0.19699552949325894,-0.10241941512715914,0.8897419571876526,-0.7613804340362549,-0.7006815671920776,0.8963514566421509,-0.5531191229820251,0.8521212935447693,0.008795629803674553,-0.16975087596069124,0.16219186045930425,1.17479953692029,1.666357819155714,0.0,-0.013639031479683567,0.19305479310745335,-0.08634957675268586,0.21363903147968358,0.006945206892546664,0.08634957675268586,0.2,0.2,0.0,0.21192551929117315,-0.027842658325602898,False
0,176,0.008795629803674553,-0.16975087596069124,0.16219186045930425,1.17479953692029,1.666357819155714,0.0,-0.013639031479683567,0.19305479310745335,-0.08634957675268586,-0.6542836427688599,0.5457661151885986,-0.3112366795539856,-0.09142056107521057,0.6896065473556519,0.04679129645228386,0.042553509534290546,-0.12306055706376436,0.1805068378793523,1.194740660575987,1.6456189985727931,0.0,-0.013842368328530447,0.1902960310250279,-0.09052854968400903,0.21384236832853046,0.00970396897497211,0.09052854968400903,0.2,0.2,0.0,0.21118619484405504,-0.12819985295084646,False
0,177,0.042553509534290546,-0.12306055706376436,0.1805068378793523,1.194740660575987,1.6456189985727931,0.0,-0.013842368328530447,0.1902960310250279,-0.09052854968400903,-0.16552852094173431,-0.007125756237655878,-0.2317000925540924,0.6534834504127502,0.793554961681366,0.09713418036699295,0.03316252873995073,-0.11549920856482015,0.1690773576895782,1.191981698866114,1.652220123082798,0.0,-0.013842368328530447,0.1902960310250279,-0.09052854968400903,0.21384236832853046,0.00970396897497211,0.09052854968400903,0.2,0.2,0.0,0.21118619484405504,-0.13559309742202752,False
0,178,0.03316252873995073,-0.11549920856482015,0.1690773576895782,1.191981698866114,1.652220123082798,0.0,-0.013842368328530447,0.1902960310250279,-0.09052854968400903,-0.3237805664539337,-0.8559679985046387,0.4744497537612915,0.193160280585289,0.535026490688324,-0.5409549474716187,0.029529226083994373,-0.12097589912192179,0.16298584630565016,1.1957890630241321,1.6580376371829373,0.0,-0.015798099129792798,0.19258738650678212,-0.09192242546087842,0.2157980991297928,0.007412613493217887,0.09192242546087842,0.2,0.2,0.0,0.21398414352525796,-0.1649715585746582,False
0,179,0.029529226083994373,-0.12097589912192179,0.16298584630565016,1.1957890630241321,1.6580376371829373,0.0,-0.015798099129792798,0.19258738650678212,-0.09192242546087842,0.5834122896194458,0.884868323802948,0.7227023839950562,0.9467965364456177,0.9468187093734741,0.6386597156524658,0.022807540315071213,-0.13294805253623154,0.17504268323325142,1.196500324575823,1.6657152215453295,0.0,-0.014914423756300421,0.19487643433002136,-0.0947749798647998,0.21491442375630043,0.0051235656699786655,0.0947749798647998,0.2,0.2,0.0,0.21721317064473517,-0.1708968565171396,False
0,180,0.022807540315071213,-0.13294805253623154,0.17504268323325142,1.196500324575823,1.6657152215453295,0.0,-0.014914423756300421,0.19487643433002136,-0.0947749798647998,0.24654653668403625,0.36742857098579407,0.5592586994171143,0.36625808477401733,0.32665345072746277,-0.4612114131450653,0.022807540315071213,-0.13294805253623154,0.17504268323325142,1.196500324575823,1.6657152215453295,0.0,-0.010687136383084217,0.19364650085047455,-0.08595617280883432,0.21068713638308423,0.006353499149525465,0.08595617280883432,0.2,0.2,0.0,0.21213591355460223,-0.08529538587597181,False
0,181,0.022807540315071213,-0.13294805253623154,0.17504268323325142,1.196500324575823,1.6657152215453295,0.0,-0.010687136383084217,0.19364650085047455,-0.08595617280883432,0.19062477350234985,0.15075844526290894,-0.9068782329559326,-0.7880496382713318,-0.09287211298942566,-0.1614004522562027,0.022807540315071213,-0.13294805253623154,0.17504268323325142,1.196500324575823,1.6657152215453295,0.0,-0.010687136383084217,0.19364650085047455,-0.08595617280883432,0.21068713638308423,0.006353499149525465,0.08595617280883432,0.2,0.2,0.0,0.21213591355460223,-0.1360679567773011,False
0,182,0.022807540315071213,-0.13294805253623154,0.17504268323325142,1.196500324575823,1.6657152215453295,0.0,-0.010687136383084217,0.19364650085047455,-0.08595617280883432,0.7066061496734619,-0.11123320460319519,0.8834810256958008,0.42725276947021484,0.14595858752727509,0.5211936831474304,0.029474192548173503,-0.11224976904015078,0.20685233178958484,1.2065131715380237,1.678776800362648,0.0,-0.006560442401958966,0.19283098455771913,-0.07744294371557868,0.20656044240195898,0.007169015442280885,0.07744294371557868,0.2,0.2,0.0,0.207904395194866,-0.0916370140000707,False
0,183,0.029474192548173503,-0.11224976904015078,0.20685233178958484,1.2065131715380237,1.678776800362648,0.0,-0.006560442401958966,0.19283098455771913,-0.07744294371557868,0.6205112934112549,-0.713576078414917,0.2547370195388794,-0.6997039318084717,-0.29527732729911804,0.6599195003509521,0.03408466337771427,-0.09913139593284512,0.2197127999958447,1.2057739814298407,1.6880784591899007,0.0,-0.006560442401958966,0.19283098455771913,-0.07744294371557868,0.20656044240195898,0.007169015442280885,0.07744294371557868,0.2,0.2,0.0,0.207904395194866,-0.133952197597433,False
0,184,0.03408466337771427,-0.09913139593284512,0.2197127999958447,1.2057739814298407,1.6880784591899007,0.0,-0.006560442401958966,0.19283098455771913,-0.07744294371557868,-0.6952759623527527,-0.5965625047683716,-0.8065719604492188,-0.25726020336151123,0.41251227259635925,0.25119760632514954,0.03408466337771427,-0.09913139593284512,0.2197127999958447,1.2057739814298407,1.6880784591899007,0.0,-0.007412944675037475,0.19217605029654572,-0.07789333391472178,0.20741294467503749,0.00782394970345428,0.07789333391472178,0.2,0.2,0.0,0.2074944758895667,-0.1296480448917904,False
0,185,0.03408466337771427,-0.09913139593284512,0.2197127999958447,1.2057739814298407,1.6880784591899007,0.0,-0.007412944675037475,0.19217605029654572,-0.07789333391472178,0.8304754495620728,-0.025965526700019836,0.6345841884613037,-0.8804263472557068,0.08063869923353195,0.5265946388244629,0.050475761314434715,-0.12585154651708355,0.22375120554524244,1.1814738501524031,1.683325044389945,0.0,-0.009788576464712817,0.18865352922181305,-0.08312919342197003,0.20978857646471283,0.01134647077818695,0.08312919342197003,0.2,0.2,0.0,0.20638903341999135,-0.12214009201424204,False
0,186,0.050475761314434715,-0.12585154651708355,0.22375120554524244,1.1814738501524031,1.683325044389945,0.0,-0.009788576464712817,0.18865352922181305,-0.08312919342197003,-0.9594196677207947,-0.30919793248176575,0.9564260244369507,0.4667057991027832,-0.7166268825531006,-0.1692463606595993,0.04804499426851869,-0.1299862580066535,0.22444475767300184,1.1791672037194463,1.6833611501188595,0.0,-0.009788576464712817,0.18865352922181305,-0.08312919342197003,0.20978857646471283,0.01134647077818695,0.08312919342197003,0.2,0.2,0.0,0.20638903341999135,-0.13319451670999566,False
0,187,0.04804499426851869,-0.1299862580066535,0.22444475767300184,1.1791672037194463,1.6833611501188595,0.0,-0.009788576464712817,0.18865352922181305,-0.08312919342197003,-0.5093387365341187,0.18763470649719238,-0.3684958517551422,0.1999020129442215,-0.5054509043693542,0.3178149461746216,0.03325106219912915,-0.14144492048206392,0.23669785385163097,1.1833040605348626,1.6767082322487128,0.0,-0.00869955267905892,0.19119862943814286,-0.08356240188885938,0.20869955267905893,0.00880137056185714,0.08356240188885938,0.2,0.2,0.0,0.20884269947804077,-0.1589580103195146,False
0,188,0.03325106219912915,-0.14144492048206392,0.23669785385163097,1.1833040605348626,1.6767082322487128,0.0,-0.00869955267905892,0.19119862943814286,-0.08356240188885938,0.8056951761245728,0.8390880823135376,-0.5309628844261169,0.1272696703672409,-0.7618762850761414,-0.6116440892219543,0.02271513152119928,-0.13959118880048338,0.22287351523929363,1.183045675275751,1.6727183331631303,0.0,-0.010125215880866373,0.19480773277742508,-0.08628850899268828,0.21012521588086638,0.005192267222574936,0.08628850899268828,0.2,0.2,0.0,0.2133032571966402,-0.18125720578431445,False
0,189,0.02271513152119928,-0.13959118880048338,0.22287351523929363,1.183045675275751,1.6727183331631303,0.0,-0.010125215880866373,0.19480773277742508,-0.08628850899268828,-0.46397045254707336,-0.19334305822849274,-0.1392534375190735,-0.6110620498657227,0.3092487156391144,-0.8453567028045654,0.02633689904354049,-0.13286465877348339,0.21544145965695938,1.1825752591608112,1.670571582991362,0.0,-0.010125215880866373,0.19480773277742508,-0.08628850899268828,0.21012521588086638,0.005192267222574936,0.08628850899268828,0.2,0.2,0.0,0.2133032571966402,-0.13665162859832009,False
0,190,0.02633689904354049,-0.13286465877348339,0.21544145965695938,1.1825752591608112,1.670571582991362,0.0,-0.010125215880866373,0.19480773277742508,-0.08628850899268828,0.5327401757240295,0.170345738530159,-0.25538554787635803,-0.7629668116569519,-0.9011977314949036,0.5345008373260498,0.02633689904354049,-0.13286465877348339,0.21544145965695938,1.1825752591608112,1.670571582991362,0.0,-0.01934396634208388,0.19286779831914724,-0.09647121428074519,0.2193439663420839,0.007132201680852764,0.09647121428074519,0.2,0.2,0.0,0.21651529240938244,-0.17037799833211364,False
0,191,0.02633689904354049,-0.13286465877348339,0.21544145965695938,1.1825752591608112,1.670571582991362,0.0,-0.01934396634208388,0.19286779831914724,-0.09647121428074519,0.8381423354148865,0.38025814294815063,0.4533546268939972,-0.9208502769470215,-0.4787576496601105,0.393707275390625,0.02633689904354049,-0.13286465877348339,0.21544145965695938,1.1825752591608112,1.670571582991362,0.0,-0.027298769021913555,0.18864805113003877,-0.10680220369157241,0.22729876902191357,0.011351948869961232,0.10680220369157241,0.2,0.2,0.0,0.21849489856435925,-0.15904351083194765,False
0,192,0.02633689904354049,-0.13286465877348339,0.21544145965695938,1.1825752591608112,1.670571582991362,0.0,-0.027298769021913555,0.18864805113003877,-0.10680220369157241,-0.13994190096855164,0.7774995565414429,-0.17594943940639496,0.45149070024490356,0.5677621960639954,0.04643155634403229,0.04709297115892895,-0.13347134791489812,0.1267851387957338,1.1300757808124062,1.6393154965839611,0.0,-0.027298769021913555,0.18864805113003877,-0.10680220369157241,0.22729876902191357,0.011351948869961232,0.10680220369157241,0.2,0.2,0.0,0.21849489856435925,-0.13924744928217964,False
0,193,0.04709297115892895,-0.13347134791489812,0.1267851387957338,1.1300757808124062,1.6393154965839611,0.0,-0.027298769021913555,0.18864805113003877,-0.10680220369157241,-0.07467968761920929,0.3368150591850281,0.10207333415746689,0.19972018897533417,-0.3789997398853302,0.120836541056633,0.05415935944045099,-0.12934558404329416,0.10770940449675681,1.1191540968563138,1.6317529566359712,0.0,-0.03047299280084248,0.18679800895034954,-0.11046434128637166,0.2304729928008425,0.013201991049650485,0.11046434128637166,0.2,0.2,0.0,0.219144861071135,-0.14607205560332515,False
0,194,0.05415935944045099,-0.12934558404329416,0.10770940449675681,1.1191540968563138,1.6317529566359712,0.0,-0.03047299280084248,0.18679800895034954,-0.11046434128637166,0.4467899799346924,0.5963636636734009,-0.7718303799629211,0.516402006149292,-0.42804574966430664,-0.09137819707393646,0.05198277939290665,-0.12407524153536018,0.10366230023827375,1.1204209102198495,1.6301507874700139,0.0,-0.03047299280084248,0.18679800895034954,-0.11046434128637166,0.2304729928008425,0.013201991049650485,0.11046434128637166,0.2,0.2,0.0,0.219144861071135,-0.1395724305355675,False
0,195,0.05198277939290665,-0.12407524153536018,0.10366230023827375,1.1204209102198495,1.6301507874700139,0.0,-0.03047299280084248,0.18679800895034954,-0.11046434128637166,0.1451265811920166,0.5431215763092041,-0.398845374584198,-0.8589645624160767,0.8653186559677124,0.9803522229194641,0.05435184946456675,-0.11561584952656435,0.09217081944645927,1.1219206306149048,1.629968684328794,0.0,-0.031235767029337835,0.1870508655556428,-0.11025143637739018,0.23123576702933785,0.012949134444357222,0.11025143637739018,0.2,0.2,0.0,0.2193606133067282,-0.1418378290092961,False
0,196,0.05435184946456675,-0.11561584952656435,0.09217081944645927,1.1219206306149048,1.629968684328794,0.0,-0.031235767029337835,0.1870508655556428,-0.11025143637739018,-0.8671231269836426,0.25211453437805176,-0.6231335401535034,0.07612872123718262,-0.8358371257781982,0.4578625559806824,0.05218374806690522,-0.10902807375354683,0.08086841866827557,1.113395989330493,1.6349626995691007,0.0,-0.031235767029337835,0.1870508655556428,-0.11025143637739018,0.23123576702933785,0.012949134444357222,0.11025143637739018,0.2,0.2,0.0,0.2193606133067282,-0.13968030665336412,False
0,197,0.05218374806690522,-0.10902807375354683,0.08086841866827557,1.113395989330493,1.6349626995691007,0.0,-0.031235767029337835,0.1870508655556428,-0.11025143637739018,-0.24628175795078278,0.1563553512096405,0.5230641961097717,0.18474315106868744,0.31859686970710754,0.7044041156768799,0.0342498798674827,-0.10443568840645029,0.061668418681485114,1.1119356846450648,1.6249357189336588,0.0,-0.0347372642758669,0.18792283279772082,-0.11252206449542,0.2347372642758669,0.01207716720227919,0.11252206449542,0.2,0.2,0.0,0.22177214345900842,-0.16500137325230632,False
0,198,0.0342498798674827,-0.10443568840645029,0.061668418681485114,1.1119356846450648,1.6249357189336588,0.0,-0.0347372642758669,0.18792283279772082,-0.11252206449542,-0.4648699164390564,0.4640061557292938,-0.09071586281061172,-0.33465468883514404,0.5630358457565308,0.9538183212280273,0.03107408278892442,-0.10337372026491298,0.06545056182645519,1.1113518740740371,1.6274834982078659,0.0,-0.0360688381690315,0.19195192567514116,-0.11372182196508514,0.23606883816903151,0.00804807432485885,0.11372182196508514,0.2,0.2,0.0,0.2260069814149935,-0.18535187026734765,False
0,199,0.03107408278892442,-0.10337372026491298,0.06545056182645519,1.1113518740740371,1.6274834982078659,0.0,-0.0360688381690315,0.19195192567514116,-0.11372182196508514,-0.7127475738525391,0.18468698859214783,0.969760000705719,-0.8654263019561768,0.775052547454834,0.7260316610336304,0.024091988063882623,-0.09833437064563844,0.06485207222328433,1.10532413059734,1.632613233957403,0.0,-0.0360688381690315,0.19195192567514116,-0.11372182196508514,0.23606883816903151,0.00804807432485885,0.11372182196508514,0.2,0.2,0.0,0.2260069814149935,-0.14300349070749674,False
0,200,0.024091988063882623,-0.09833437064563844,0.06485207222328433,1.10532413059734,1.632613233957403,0.0,-0.0360688381690315,0.19195192567514116,-0.11372182196508514,-0.6103665232658386,-0.4080176055431366,-0.819674551486969,-0.899520218372345,-0.1365884244441986,0.21817144751548767,0.024091988063882623,-0.09833437064563844,0.06485207222328433,1.10532413059734,1.632613233957403,0.0,-0.04105866407609812,0.19860639116803477,-0.12160001549475122,0.24105866407609813,0.0013936088319652334,0.12160001549475122,0.2,0.2,0.0,0.23646749518026372,-0.252838885242834,False
0,201,0.024091988063882623,-0.09833437064563844,0.06485207222328433,1.10532413059734,1.632613233957403,0.0,-0.04105866407609812,0.19860639116803477,-0.12160001549475122,0.21663738787174225,-0.27425163984298706,0.6869555711746216,0.9843044281005859,-0.4632008373737335,0.32357335090637207,0.021053070975233876,-0.09814065052334991,0.06965207222562622,1.1017424146696653,1.634695201368724,0.0,-0.04665964603184794,0.20476693197951612,-0.14027124221789136,0.24665964603184795,-0.004766931979516102,0.14027124221789136,0.2,0.2,0.0,0.2525522527982506,-0.31712370257899425,False
0,202,0.021053070975233876,-0.09814065052334991,0.06965207222562622,1.1017424146696653,1.634695201368724,0.0,-0.04665964603184794,0.20476693197951612,-0.14027124221789136,0.04210910201072693,-0.0405762679874897,0.37223342061042786,0.8172122240066528,0.9060710668563843,0.1127021536231041,0.021053070975233876,-0.09814065052334991,0.06965207222562622,1.1017424146696653,1.634695201368724,0.0,-0.04665964603184794,0.20476693197951612,-0.14027124221789136,0.24665964603184795,-0.004766931979516102,0.14027124221789136,0.2,0.2,0.0,0.2525522527982506,-0.1562761263991253,False
0,203,0.021053070975233876,-0.09814065052334991,0.06965207222562622,1.1017424146696653,1.634695201368724,0.0,-0.04665964603184794,0.20476693197951612,-0.14027124221789136,0.54905104637146,-0.24717281758785248,0.4483352601528168,0.5061112642288208,0.4594985246658325,-0.28949710726737976,-0.02145981257796006,-0.15244798030109255,0.006855809086295732,1.070767847917073,1.6370026503156405,0.0,-0.044343852482356755,0.20535690159343117,-0.1420436573237725,0.24434385248235677,-0.00535690159343115,0.1420436573237725,0.2,0.2,0.0,0.25360251353435853,-0.16730386412825848,False
0,204,-0.02145981257796006,-0.15244798030109255,0.006855809086295732,1.070767847917073,1.6370026503156405,0.0,-0.044343852482356755,0.20535690159343117,-0.1420436573237725,-0.1491100937128067,-0.10370349884033203,-0.34346526861190796,0.9434048533439636,0.8751312494277954,0.5145894289016724,-0.019012551483696502,-0.15587545635952854,0.01085224360049815,1.0730050634110786,1.6390614707158087,0.0,-0.044343852482356755,0.20535690159343117,-0.1420436573237725,0.24434385248235677,-0.00535690159343115,0.1420436573237725,0.2,0.2,0.0,0.25360251353435853,-0.15680125676717926,False
0,205,-0.019012551483696502,-0.15587545635952854,0.01085224360049815,1.0730050634110786,1.6390614707158087,0.0,-0.044343852482356755,0.20535690159343117,-0.1420436573237725,-0.4237014949321747,0.7013417482376099,0.5151811242103577,-0.20142795145511627,0.2600232660770416,-0.7581633925437927,-0.02034410778384152,-0.1579034700071207,0.006147720546823226,1.0775987061060173,1.6424781222122622,0.0,-0.043271646618588205,0.20506411389718512,-0.1429001151145901,0.24327164661858822,-0.0050641138971851025,0.1429001151145901,0.2,0.2,0.0,0.25366152469242315,-0.15742087392685772,False
0,206,-0.02034410778384152,-0.1579034700071207,0.006147720546823226,1.0775987061060173,1.6424781222122622,0.0,-0.043271646618588205,0.20506411389718512,-0.1429001151145901,-0.5806548595428467,0.38436180353164673,-0.2545383870601654,-0.3995325267314911,0.34306269884109497,0.8129816055297852,-0.025853905035124428,-0.14273692305686286,0.015662809261193518,1.0743053751368388,1.6451964861963924,0.0,-0.043271646618588205,0.20506411389718512,-0.1429001151145901,0.24327164661858822,-0.0050641138971851025,0.1429001151145901,0.2,0.2,0.0,0.25366152469242315,-0.15683076234621157,False
0,207,-0.025853905035124428,-0.14273692305686286,0.015662809261193518,1.0743053751368388,1.6451964861963924,0.0,-0.043271646618588205,0.20506411389718512,-0.1429001151145901,0.5402042269706726,-0.5642877817153931,0.03470524773001671,0.9065617918968201,-0.15441851317882538,0.6056075096130371,-0.02939545117238781,-0.14040419193369075,0.011872764851246916,1.0716479474579061,1.646819486180915,0.0,-0.04411482869025282,0.2073871547798944,-0.13753510076944298,0.24411482869025283,-0.007387154779894392,0.13753510076944298,0.2,0.2,0.0,0.2527280238155853,-0.14702900313941408,False
0,208,-0.02939545117238781,-0.14040419193369075,0.011872764851246916,1.0716479474579061,1.646819486180915,0.0,-0.04411482869025282,0.2073871547798944,-0.13753510076944298,-0.7678569555282593,-0.3515946865081787,0.30992162227630615,0.5351139307022095,0.9751502871513367,0.861907958984375,-0.026032666803874817,-0.1579169957387455,0.011672197197377604,1.0812475107550137,1.6480234093540995,0.0,-0.04411482869025282,0.2073871547798944,-0.13753510076944298,0.24411482869025283,-0.007387154779894392,0.13753510076944298,0.2,0.2,0.0,0.2527280238155853,-0.15636401190779264,False
0,209,-0.026032666803874817,-0.1579169957387455,0.011672197197377604,1.0812475107550137,1.6480234093540995,0.0,-0.04411482869025282,0.2073871547798944,-0.13753510076944298,0.6269519329071045,0.8467755913734436,0.7071095108985901,0.3430904448032379,0.8004075884819031,0.795414924621582,-0.03265380784350666,-0.16275005921188856,0.018031348966208303,1.0855210798724033,1.6552012612787548,0.0,-0.042055567603325045,0.2072464899917929,-0.14160823283022345,0.24205556760332506,-0.0072464899917929065,0.14160823283022345,0.2,0.2,0.0,0.2545047543478411,-0.17501968249647853,False
0,210,-0.03265380784350666,-0.16275005921188856,0.018031348966208303,1.0855210798724033,1.6552012612787548,0.0,-0.042055567603325045,0.2072464899917929,-0.14160823283022345,-0.27506232261657715,-0.5790504217147827,0.47282853722572327,-0.6375224590301514,0.6363527774810791,-0.34876522421836853,-0.03265380784350666,-0.16275005921188856,0.018031348966208303,1.0855210798724033,1.6552012612787548,0.0,-0.04032970000351424,0.21002261682063306,-0.1378490771278659,0.24032970000351425,-0.010022616820633037,0.1378490771278659,0.2,0.2,0.0,0.25443732498115174,-0.15654436882368233,False
0,211,-0.03265380784350666,-0.16275005921188856,0.018031348966208303,1.0855210798724033,1.6552012612787548,0.0,-0.04032970000351424,0.21002261682063306,-0.1378490771278659,0.3980262875556946,0.5052278637886047,0.08420220017433167,0.6307089924812317,0.8872498273849487,0.8221257925033569,-0.028407607207707707,-0.15077064746224428,0.028684597886005702,1.0862646566127483,1.661123615024264,0.0,-0.03964188117253439,0.21378664482447532,-0.14003006014583708,0.2396418811725344,-0.013786644824475308,0.14003006014583708,0.2,0.2,0.0,0.2586206217467015,-0.2011432785288481,False
0,212,-0.028407607207707707,-0.15077064746224428,0.028684597886005702,1.0862646566127483,1.661123615024264,0.0,-0.03964188117253439,0.21378664482447532,-0.14003006014583708,-0.1733904480934143,0.6941527128219604,0.5162575840950012,0.3509398102760315,0.7111268639564514,0.7987593412399292,-0.05716050933978643,-0.19728352648732841,0.079715357387929,1.0400539995909508,1.704385884784248,0.0,-0.03964188117253439,0.21378664482447532,-0.14003006014583708,0.2396418811725344,-0.013786644824475308,0.14003006014583708,0.2,0.2,0.0,0.2586206217467015,-0.15931031087335074,False
0,213,-0.05716050933978643,-0.19728352648732841,0.079715357387929,1.0400539995909508,1.704385884784248,0.0,-0.03964188117253439,0.21378664482447532,-0.14003006014583708,-0.0855247750878334,-0.10197335481643677,-0.4592565894126892,0.22361008822917938,0.46573111414909363,-0.3369753658771515,-0.05989673395074076,-0.1858975347737452,0.0804471413022604,1.0435554975051848,1.7101609636920463,0.0,-0.039139748940097446,0.21431664966538266,-0.1367835396615526,0.23913974894009746,-0.01431664966538265,0.1367835396615526,0.2,0.2,0.0,0.25724168206811227,-0.14483144424816405,False
0,214,-0.05989673395074076,-0.1858975347737452,0.0804471413022604,1.0435554975051848,1.7101609636920463,0.0,-0.039139748940097446,0.21431664966538266,-0.1367835396615526,-0.44869062304496765,0.8040575981140137,0.21973416209220886,-0.1904526799917221,0.7520698308944702,0.9445478916168213,-0.06421840789914697,-0.18354274069212587,0.07204343677758113,1.044213590810899,1.7165535383904973,0.0,-0.03970437662093926,0.21524265174623886,-0.13838679826368183,0.23970437662093927,-0.01524265174623885,0.13838679826368183,0.2,0.2,0.0,0.25895316678365415,-0.17659143054724596,False
0,215,-0.06421840789914697,-0.18354274069212587,0.07204343677758113,1.044213590810899,1.7165535383904973,0.0,-0.03970437662093926,0.21524265174623886,-0.13838679826368183,-0.3153342604637146,-0.4704720675945282,0.0005892887129448354,0.6865406036376953,0.4552810490131378,-0.44898125529289246,-0.07220266702799846,-0.17471715297659804,0.07337165628410221,1.0444685556098097,1.7240098270807487,0.0,-0.040347831814766394,0.2176412149434721,-0.13299644086266404,0.2403478318147664,-0.017641214943472094,0.13299644086266404,0.2,0.2,0.0,0.2582318711088145,-0.15190297880601086,False
0,216,-0.07220266702799846,-0.17471715297659804,0.07337165628410221,1.0444685556098097,1.7240098270807487,0.0,-0.040347831814766394,0.2176412149434721,-0.13299644086266404,-0.9541358351707458,-0.8329652547836304,0.07651343941688538,0.3134874999523163,-0.5908045768737793,0.005065263714641333,-0.08139275562847402,-0.20633507337791163,0.06814900580265132,1.0575579080538295,1.7294428937869788,0.0,-0.03772157321183148,0.22005573990973382,-0.14218171311806177,0.2377215732118315,-0.02005573990973379,0.14218171311806177,0.2,0.2,0.0,0.26469432426476924,-0.2269716936919319,False
0,217,-0.08139275562847402,-0.20633507337791163,0.06814900580265132,1.0575579080538295,1.7294428937869788,0.0,-0.03772157321183148,0.22005573990973382,-0.14218171311806177,0.11660371720790863,-0.1248895674943924,0.8339771032333374,0.9664003849029541,-0.6939610838890076,0.5503674149513245,-0.09424679387367346,-0.2213226971415748,0.069557108951811,1.0629407574729144,1.722877020504951,0.0,-0.03772157321183148,0.22005573990973382,-0.14218171311806177,0.2377215732118315,-0.02005573990973379,0.14218171311806177,0.2,0.2,0.0,0.26469432426476924,-0.16234716213238462,False
0,218,-0.09424679387367346,-0.2213226971415748,0.069557108951811,1.0629407574729144,1.722877020504951,0.0,-0.03772157321183148,0.22005573990973382,-0.14218171311806177,0.6592334508895874,0.10265933722257614,0.4007454514503479,-0.7945132255554199,-0.08390834927558899,0.13292630016803741,-0.09424679387367346,-0.2213226971415748,0.069557108951811,1.0629407574729144,1.722877020504951,0.0,-0.03543083579101386,0.22297605402625004,-0.14415276469231417,0.23543083579101387,-0.022976054026250036,0.14415276469231417,0.2,0.2,0.0,0.2678687819855174,-0.19567896820024017,False
0,219,-0.09424679387367346,-0.2213226971415748,0.069557108951811,1.0629407574729144,1.722877020504951,0.0,-0.03543083579101386,0.22297605402625004,-0.14415276469231417,-0.11628426611423492,-0.2849350869655609,-0.5149280428886414,0.6333217024803162,-0.17084240913391113,0.9314011335372925,-0.09424679387367346,-0.2213226971415748,0.069557108951811,1.0629407574729144,1.722877020504951,0.0,-0.03543083579101386,0.22297605402625004,-0.14415276469231417,0.23543083579101387,-0.022976054026250036,0.14415276469231417,0.2,0.2,0.0,0.2678687819855174,-0.1639343909927587,False
0,220,-0.09424679387367346,-0.2213226971415748,0.069557108951811,1.0629407574729144,1.722877020504951,0.0,-0.03543083579101386,0.22297605402625004,-0.14415276469231417,0.868304967880249,-0.33991163969039917,0.1508769392967224,-0.45271873474121094,0.60920250415802,0.8687415719032288,-0.09424679387367346,-0.2213226971415748,0.069557108951811,1.0629407574729144,1.722877020504951,0.0,-0.031753080857539695,0.21856437422979896,-0.14455314775013922,0.2317530808575397,-0.01856437422979895,0.14455314775013922,0.2,0.2,0.0,0.26395881563395956,-0.12287974430140153,False
0,221,-0.09424679387367346,-0.2213226971415748,0.069557108951811,1.0629407574729144,1.722877020504951,0.0,-0.031753080857539695,0.21856437422979896,-0.14455314775013922,0.5488598346710205,-0.6471877098083496,-0.6729377508163452,0.9561734795570374,0.5440765619277954,0.19664080440998077,-0.09424679387367346,-0.2213226971415748,0.069557108951811,1.0629407574729144,1.722877020504951,0.0,-0.031753080857539695,0.21856437422979896,-0.14455314775013922,0.2317530808575397,-0.01856437422979895,0.14455314775013922,0.2,0.2,0.0,0.26395881563395956,-0.16197940781697978,False
0,222,-0.09424679387367346,-0.2213226971415748,0.069557108951811,1.0629407574729144,1.722877020504951,0.0,-0.031753080857539695,0.21856437422979896,-0.14455314775013922,0.7866860628128052,0.508872926235199,0.7461295127868652,-0.1269761025905609,0.8128732442855835,-0.7510014772415161,-0.09424679387367346,-0.2213226971415748,0.069557108951811,1.0629407574729144,1.722877020504951,0.0,-0.031753080857539695,0.21856437422979896,-0.14455314775013922,0.2317530808575397,-0.01856437422979895,0.14455314775013922,0.2,0.2,0.0,0.26395881563395956,-0.16197940781697978,False
0,223,-0.09424679387367346,-0.2213226971415748,0.069557108951811,1.0629407574729144,1.722877020504951,0.0,-0.031753080857539695,0.21856437422979896,-0.14455314775013922,0.10726998001337051,0.7792341709136963,-0.8775568008422852,0.7077083587646484,-0.6076722741127014,0.6819058656692505,-0.09424679387367346,-0.2213226971415748,0.069557108951811,1.0629407574729144,1.722877020504951,0.0,-0.031753080857539695,0.21856437422979896,-0.14455314775013922,0.2317530808575397,-0.01856437422979895,0.14455314775013922,0.2,0.2,0.0,0.26395881563395956,-0.16197940781697978,False
0,224,-0.09424679387367346,-0.2213226971415748,0.069557108951811,1.0629407574729144,1.722877020504951,0.0,-0.031753080857539695,0.21856437422979896,-0.14455314775013922,0.9103631973266602,-0.8426162600517273,0.7243800163269043,-0.476828008890152,0.03726028650999069,0.39465537667274475,-0.09424679387367346,-0.2213226971415748,0.069557108951811,1.0629407574729144,1.722877020504951,0.0,-0.031753080857539695,0.21856437422979896,-0.14455314775013922,0.2317530808575397,-0.01856437422979895,0.14455314775013922,0.2,0.2,0.0,0.26395881563395956,-0.16197940781697978,False
0,225,-0.09424679387367346,-0.2213226971415748,0.069557108951811,1.0629407574729144,1.722877020504951,0.0,-0.031753080857539695,0.21856437422979896,-0.14455314775013922,-0.12670554220676422,0.0912490040063858,0.46000340580940247,0.5888699293136597,-0.5074589252471924,-0.5623956918716431,-0.09424679387367346,-0.2213226971415748,0.069557108951811,1.0629407574729144,1.722877020504951,0.0,-0.03279213311929821,0.21370634164979746,-0.15140731923268874,0.23279213311929822,-0.013706341649797442,0.15140731923268874,0.2,0.2,0.0,0.26395056501754843,-0.1618927763446629,False
0,226,-0.09424679387367346,-0.2213226971415748,0.069557108951811,1.0629407574729144,1.722877020504951,0.0,-0.03279213311929821,0.21370634164979746,-0.15140731923268874,-0.6757251024246216,-0.6089683771133423,0.9202941656112671,-0.05459263548254967,0.22778668999671936,0.13397908210754395,-0.09424679387367346,-0.2213226971415748,0.069557108951811,1.0629407574729144,1.722877020504951,0.0,-0.03279213311929821,0.21370634164979746,-0.15140731923268874,0.23279213311929822,-0.013706341649797442,0.15140731923268874,0.2,0.2,0.0,0.26395056501754843,-0.16197528250877422,False
0,227,-0.09424679387367346,-0.2213226971415748,0.069557108951811,1.0629407574729144,1.722877020504951,0.0,-0.03279213311929821,0.21370634164979746,-0.15140731923268874,-0.8076081275939941,0.5700275301933289,0.35897496342658997,-0.42275214195251465,0.5707883238792419,0.3926796317100525,-0.09424679387367346,-0.2213226971415748,0.069557108951811,1.0629407574729144,1.722877020504951,0.0,-0.03279213311929821,0.21370634164979746,-0.15140731923268874,0.23279213311929822,-0.013706341649797442,0.15140731923268874,0.2,0.2,0.0,0.26395056501754843,-0.16197528250877422,False
0,228,-0.09424679387367346,-0.2213226971415748,0.069557108951811,1.0629407574729144,1.722877020504951,0.0,-0.03279213311929821,0.21370634164979746,-0.15140731923268874,-0.29352572560310364,0.6449562311172485,-0.35861966013908386,-0.41702380776405334,0.7552122473716736,-0.1716337502002716,-0.09424679387367346,-0.2213226971415748,0.069557108951811,1.0629407574729144,1.722877020504951,0.0,-0.03279213311929821,0.21370634164979746,-0.15140731923268874,0.23279213311929822,-0.013706341649797442,0.15140731923268874,0.2,0.2,0.0,0.26395056501754843,-0.16197528250877422,False
0,229,-0.09424679387367346,-0.2213226971415748,0.069557108951811,1.0629407574729144,1.722877020504951,0.0,-0.03279213311929821,0.21370634164979746,-0.15140731923268874,-0.36124205589294434,0.7238472700119019,-0.5293764472007751,0.17248520255088806,0.9329080581665039,-0.06997103244066238,-0.07719930482174055,-0.24959036861703934,0.09795420413470703,1.0769472295800506,1.7162829902643923,0.0,-0.03122848681360421,0.2134719458235399,-0.15087133127181485,0.23122848681360422,-0.013471945823539881,0.15087133127181485,0.2,0.2,0.0,0.2632634586152919,-0.1547606652850804,False
0,230,-0.07719930482174055,-0.24959036861703934,0.09795420413470703,1.0769472295800506,1.7162829902643923,0.0,-0.03122848681360421,0.2134719458235399,-0.15087133127181485,-0.3155636489391327,0.6985443830490112,0.4173162877559662,-0.6738805770874023,-0.7848465442657471,0.6340301036834717,-0.07719930482174055,-0.24959036861703934,0.09795420413470703,1.0769472295800506,1.7162829902643923,0.0,-0.03274311088260526,0.2147182069712445,-0.14903488773584322,0.23274311088260527,-0.014718206971244492,0.14903488773584322,0.2,0.2,0.0,0.26341491506300885,-0.1632220220086741,False
0,231,-0.07719930482174055,-0.24959036861703934,0.09795420413470703,1.0769472295800506,1.7162829902643923,0.0,-0.03274311088260526,0.2147182069712445,-0.14903488773584322,-0.3103679120540619,-0.4214833378791809,-0.7782448530197144,-0.5478487014770508,-0.22495786845684052,-0.26127636432647705,-0.07719930482174055,-0.24959036861703934,0.09795420413470703,1.0769472295800506,1.7162829902643923,0.0,-0.03274311088260526,0.2147182069712445,-0.14903488773584322,0.23274311088260527,-0.014718206971244492,0.14903488773584322,0.2,0.2,0.0,0.26341491506300885,-0.16170745753150442,False
0,232,-0.07719930482174055,-0.24959036861703934,0.09795420413470703,1.0769472295800506,1.7162829902643923,0.0,-0.03274311088260526,0.2147182069712445,-0.14903488773584322,0.26167920231819153,0.30971774458885193,-0.3006618916988373,0.7964576482772827,0.24716046452522278,0.3698526620864868,-0.07719930482174055,-0.24959036861703934,0.09795420413470703,1.0769472295800506,1.7162829902643923,0.0,-0.03274311088260526,0.2147182069712445,-0.14903488773584322,0.23274311088260527,-0.014718206971244492,0.14903488773584322,0.2,0.2,0.0,0.26341491506300885,-0.16170745753150442,False
0,233,-0.07719930482174055,-0.24959036861703934,0.09795420413470703,1.0769472295800506,1.7162829902643923,0.0,-0.03274311088260526,0.2147182069712445,-0.14903488773584322,-0.9201363921165466,-0.046513695269823074,0.9663814306259155,0.08061961084604263,0.791779100894928,0.2976074814796448,-0.07719930482174055,-0.24959036861703934,0.09795420413470703,1.0769472295800506,1.7162829902643923,0.0,-0.03513996945874229,0.2185349363334645,-0.1337206341701472,0.2351399694587423,-0.018534936333464487,0.1337206341701472,0.2,0.2,0.0,0.2585991953867975,-0.11114240093128513,False
0,234,-0.07719930482174055,-0.24959036861703934,0.09795420413470703,1.0769472295800506,1.7162829902643923,0.0,-0.03513996945874229,0.2185349363334645,-0.1337206341701472,0.5181171894073486,-0.8495454788208008,0.5172334909439087,-0.7744590044021606,0.21880300343036652,-0.10738132148981094,-0.07719930482174055,-0.24959036861703934,0.09795420413470703,1.0769472295800506,1.7162829902643923,0.0,-0.03513996945874229,0.2185349363334645,-0.1337206341701472,0.2351399694587423,-0.018534936333464487,0.1337206341701472,0.2,0.2,0.0,0.2585991953867975,-0.15929959769339874,False
0,235,-0.07719930482174055,-0.24959036861703934,0.09795420413470703,1.0769472295800506,1.7162829902643923,0.0,-0.03513996945874229,0.2185349363334645,-0.1337206341701472,0.1682121455669403,0.1859970986843109,0.08879394084215164,0.9313071966171265,-0.7597854137420654,-0.34773361682891846,-0.0593677810203929,-0.27664685419960283,0.1056940526633141,1.054736489042313,1.735694443582527,0.0,-0.03513996945874229,0.2185349363334645,-0.1337206341701472,0.2351399694587423,-0.018534936333464487,0.1337206341701472,0.2,0.2,0.0,0.2585991953867975,-0.15929959769339874,False
0,236,-0.0593677810203929,-0.27664685419960283,0.1056940526633141,1.054736489042313,1.735694443582527,0.0,-0.03513996945874229,0.2185349363334645,-0.1337206341701472,0.6480215787887573,0.753477156162262,-0.604394793510437,0.5655288696289062,0.8291147947311401,-0.9161962270736694,-0.0593677810203929,-0.27664685419960283,0.1056940526633141,1.054736489042313,1.735694443582527,0.0,-0.03654247572701522,0.20567273735331856,-0.12786871206193307,0.23654247572701523,-0.005672737353318564,0.12786871206193307,0.2,0.2,0.0,0.24492250804498186,-0.015694380604334687,False
0,237,-0.0593677810203929,-0.27664685419960283,0.1056940526633141,1.054736489042313,1.735694443582527,0.0,-0.03654247572701522,0.20567273735331856,-0.12786871206193307,-0.5290912389755249,-0.8751477003097534,0.7861313819885254,-0.4324844479560852,-0.3074892461299896,-0.5461254119873047,-0.0593677810203929,-0.27664685419960283,0.1056940526633141,1.054736489042313,1.735694443582527,0.0,-0.04105765454150859,0.1680814588761262,-0.11536739551755597,0.2410576545415086,0.03191854112387382,0.11536739551755597,0.2,0.2,0.0,0.20795851452364472,0.23566067795154902,False
0,238,-0.0593677810203929,-0.27664685419960283,0.1056940526633141,1.054736489042313,1.735694443582527,0.0,-0.04105765454150859,0.1680814588761262,-0.11536739551755597,0.5083458423614502,0.44341564178466797,-0.41366714239120483,0.8453407287597656,-0.8606548309326172,0.43409550189971924,0.13342878495959504,0.014485221705809272,-0.10280952693345659,1.216839048606073,1.8979075266535888,0.0,-0.04134411494609139,0.1648359056880771,-0.11432234184285124,0.2413441149460914,0.03516409431192291,0.11432234184285124,0.2,0.2,0.0,0.20481652640623998,-0.10098838202907262,False
0,239,0.13342878495959504,0.014485221705809272,-0.10280952693345659,1.216839048606073,1.8979075266535888,0.0,-0.04134411494609139,0.1648359056880771,-0.11432234184285124,0.011630219407379627,-0.8961107134819031,0.552707314491272,0.4796593189239502,0.4000685214996338,0.3969007134437561,0.13560399830061298,0.015168202704200945,-0.11037402394474144,1.22368195048031,1.890421337107571,0.0,-0.04108267891301429,0.16506399627090568,-0.11573672184397946,0.2410826789130143,0.034936003729094334,0.11573672184397946,0.2,0.2,0.0,0.2057398798356363,-0.14210347421178127,False
0,240,0.13560399830061298,0.015168202704200945,-0.11037402394474144,1.22368195048031,1.890421337107571,0.0,-0.04108267891301429,0.16506399627090568,-0.11573672184397946,0.26461485028266907,0.7183383703231812,0.20023983716964722,0.1713441014289856,-0.04980461671948433,-0.8186362981796265,0.13560399830061298,0.015168202704200945,-0.11037402394474144,1.22368195048031,1.890421337107571,0.0,-0.0372977723281081,0.16660786895929935,-0.08623013719147955,0.23729777232810811,0.03339213104070066,0.08623013719147955,0.2,0.2,0.0,0.19127190692796428,0.019043775612738026,False
0,241,0.13560399830061298,0.015168202704200945,-0.11037402394474144,1.22368195048031,1.890421337107571,0.0,-0.0372977723281081,0.16660786895929935,-0.08623013719147955,-0.22243644297122955,0.5929698944091797,0.1406918615102768,-0.5567593574523926,-0.17847605049610138,0.015058020129799843,0.13160231829252333,0.05834017944852028,-0.07818262928942886,1.2223304437422724,1.8805159306208612,0.0,-0.0372977723281081,0.16660786895929935,-0.08623013719147955,0.23729777232810811,0.03339213104070066,0.08623013719147955,0.2,0.2,0.0,0.19127190692796428,-0.12563595346398215,False
0,242,0.13160231829252333,0.05834017944852028,-0.07818262928942886,1.2223304437422724,1.8805159306208612,0.0,-0.0372977723281081,0.16660786895929935,-0.08623013719147955,0.44188380241394043,-0.5228447914123535,0.15981146693229675,0.40677040815353394,0.00044788417289964855,-0.3710782527923584,0.12683145826454995,0.11893659609291309,-0.05804063822013301,1.2093463484758298,1.8670442842491355,0.0,-0.03731467377405509,0.16792139727430466,-0.0788345254754049,0.2373146737740551,0.03207860272569536,0.0788345254754049,0.2,0.2,0.0,0.18922172958820366,-0.1041090913964956,False
0,243,0.12683145826454995,0.11893659609291309,-0.05804063822013301,1.2093463484758298,1.8670442842491355,0.0,-0.03731467377405509,0.16792139727430466,-0.0788345254754049,0.7056496143341064,-0.6249905824661255,0.7367178797721863,0.0318753644824028,-0.8882231116294861,0.5193421244621277,0.13086856419168533,0.1017108110419385,-0.048669545192191445,1.2096958947848238,1.861970174256008,0.0,-0.036217311145808756,0.16696486293351354,-0.08184693141377239,0.23621731114580877,0.03303513706648649,0.08184693141377239,0.2,0.2,0.0,0.18944096511285527,-0.12691283780294377,False
0,244,0.13086856419168533,0.1017108110419385,-0.048669545192191445,1.2096958947848238,1.861970174256008,0.0,-0.036217311145808756,0.16696486293351354,-0.08184693141377239,0.6217271089553833,-0.44838428497314453,-0.47289174795150757,-0.13953454792499542,-0.6741297245025635,-0.7400830984115601,0.14089032176392413,0.08508634069685321,-0.03625183723631606,1.2044538253217036,1.8477126475960322,0.0,-0.036217311145808756,0.16696486293351354,-0.08184693141377239,0.23621731114580877,0.03303513706648649,0.08184693141377239,0.2,0.2,0.0,0.18944096511285527,-0.12472048255642763,False
0,245,0.14089032176392413,0.08508634069685321,-0.03625183723631606,1.2044538253217036,1.8477126475960322,0.0,-0.036217311145808756,0.16696486293351354,-0.08184693141377239,-0.2903963625431061,0.5751805305480957,0.6086906790733337,0.8087979555130005,-0.11254338175058365,-0.08336121588945389,0.14089032176392413,0.08508634069685321,-0.03625183723631606,1.2044538253217036,1.8477126475960322,0.0,-0.016654339070427016,0.18160468466445157,-0.05631422333551209,0.21665433907042703,0.018395315335548446,0.05631422333551209,0.2,0.2,0.0,0.190863616888682,-0.13965832620260832,False
0,246,0.14089032176392413,0.08508634069685321,-0.03625183723631606,1.2044538253217036,1.8477126475960322,0.0,-0.016654339070427016,0.18160468466445157,-0.05631422333551209,-0.1846192181110382,-0.5782141089439392,0.05828507989645004,0.252447247505188,0.27812132239341736,0.5866214036941528,0.14089032176392413,0.08508634069685321,-0.03625183723631606,1.2044538253217036,1.8477126475960322,0.0,-0.016654339070427016,0.18160468466445157,-0.05631422333551209,0.21665433907042703,0.018395315335548446,0.05631422333551209,0.2,0.2,0.0,0.190863616888682,-0.125431808444341,False
0,247,0.14089032176392413,0.08508634069685321,-0.03625183723631606,1.2044538253217036,1.8477126475960322,0.0,-0.016654339070427016,0.18160468466445157,-0.05631422333551209,0.7313388586044312,0.681380033493042,-0.012418502941727638,0.07767362892627716,-0.6671319007873535,0.7379804849624634,0.07026910032102338,0.1328205838199558,0.07220359276897313,1.2736409695802136,1.776528986605378,0.0,-0.010853275561605896,0.18544459448845357,-0.05013006872574273,0.2108532755616059,0.014555405511546436,0.05013006872574273,0.2,0.2,0.0,0.19240715944540843,-0.14163900528996845,False
0,248,0.07026910032102338,0.1328205838199558,0.07220359276897313,1.2736409695802136,1.776528986605378,0.0,-0.010853275561605896,0.18544459448845357,-0.05013006872574273,0.44055530428886414,-0.3840804994106293,0.6040067076683044,-0.8317846655845642,0.24006173014640808,0.8046371340751648,0.07022022986156552,0.13474558236975281,0.07983117225046384,1.2730331753738826,1.7713673833642911,0.0,-0.010853275561605896,0.18544459448845357,-0.05013006872574273,0.2108532755616059,0.014555405511546436,0.05013006872574273,0.2,0.2,0.0,0.19240715944540843,-0.1262035797227042,False
0,249,0.07022022986156552,0.13474558236975281,0.07983117225046384,1.2730331753738826,1.7713673833642911,0.0,-0.010853275561605896,0.18544459448845357,-0.05013006872574273,-0.895767867565155,-0.4093802273273468,0.749380886554718,-0.23639565706253052,-0.7142090797424316,-0.35168179869651794,0.06822287660924352,0.11429562956682596,0.09967761092496685,1.2564626626140307,1.7704049112263733,0.0,-0.0113929234596645,0.1838274652416076,-0.04962154552275447,0.2113929234596645,0.016172534758392428,0.04962154552275447,0.2,0.2,0.0,0.19074756476080895,-0.10877783553440973,False
0,250,0.06822287660924352,0.11429562956682596,0.09967761092496685,1.2564626626140307,1.7704049112263733,0.0,-0.0113929234596645,0.1838274652416076,-0.04962154552275447,0.2916482388973236,0.5394248962402344,0.7095824480056763,0.5232306122779846,0.6180754899978638,-0.1647208034992218,0.06822287660924352,0.11429562956682596,0.09967761092496685,1.2564626626140307,1.7704049112263733,0.0,0.033553010489624085,0.1824771136993801,-0.007329762403698398,0.16644698951037593,0.017522886300619916,0.007329762403698398,0.2,0.2,0.0,0.18568098166981986,-0.07217465992501902,False
0,251,0.06822287660924352,0.11429562956682596,0.09967761092496685,1.2564626626140307,1.7704049112263733,0.0,0.033553010489624085,0.1824771136993801,-0.007329762403698398,0.25965720415115356,-0.7696171402931213,0.43458908796310425,-0.294730007648468,0.2680851221084595,0.8623036742210388,0.09629283607945921,0.24524971009642185,0.22417080664493835,1.3693612884715416,1.9381022053885246,0.0,0.03360587563099826,0.18230866352851147,-0.007447955357621241,0.16639412436900175,0.017691336471488538,0.007447955357621241,0.2,0.2,0.0,0.18552971652403083,-0.1212522068041251,False
0,252,0.09629283607945921,0.24524971009642185,0.22417080664493835,1.3693612884715416,1.9381022053885246,0.0,0.03360587563099826,0.18230866352851147,-0.007447955357621241,0.6198660135269165,0.5284853577613831,-0.6896976828575134,-0.577904224395752,0.6576206684112549,0.5898687839508057,0.09872583559692372,0.2372798911659334,0.2203531276399552,1.3575895524918187,1.9384331026146175,0.0,0.031760702602843166,0.18190051977060556,-0.009221909437512995,0.16823929739715685,0.01809948022939444,0.009221909437512995,0.2,0.2,0.0,0.18488262475504938,-0.11597039468771018,False
0,253,0.09872583559692372,0.2372798911659334,0.2203531276399552,1.3575895524918187,1.9384331026146175,0.0,0.031760702602843166,0.18190051977060556,-0.009221909437512995,0.0008213555556721985,0.8078026175498962,-0.39270278811454773,-0.19192376732826233,0.4875737726688385,-0.738512396812439,0.10234478177791442,0.24505872918494587,0.1974447216022508,1.3448661528583161,1.9409268172665815,0.0,0.025556142744629223,0.1803467447178941,-0.01034057250120415,0.1744438572553708,0.019653255282105913,0.01034057250120415,0.2,0.2,0.0,0.1824417501614633,-0.09681212914487086,False
0,254,0.10234478177791442,0.24505872918494587,0.1974447216022508,1.3448661528583161,1.9409268172665815,0.0,0.025556142744629223,0.1803467447178941,-0.01034057250120415,0.05021648108959198,0.3289419114589691,-0.39588668942451477,0.5328807830810547,0.07980818301439285,-0.6832098364830017,0.09652567589837237,0.2582656622404804,0.17684141712917487,1.3336208583271316,1.941301513433357,0.0,0.025556142744629223,0.1803467447178941,-0.01034057250120415,0.1744438572553708,0.019653255282105913,0.01034057250120415,0.2,0.2,0.0,0.1824417501614633,-0.12122087508073165,False
0,255,0.09652567589837237,0.2582656622404804,0.17684141712917487,1.3336208583271316,1.941301513433357,0.0,0.025556142744629223,0.1803467447178941,-0.01034057250120415,-0.5509883165359497,-0.20937062799930573,0.702430009841919,0.6185437440872192,-0.7196958065032959,0.928876519203186,0.09024794637230646,0.2516624194532651,0.17313707892530145,1.3368414921319751,1.9353715682994563,0.0,0.02144871652660424,0.181040143089198,-0.010032353542430955,0.17855128347339577,0.018959856910802025,0.010032353542430955,0.2,0.2,0.0,0.18258211568496033,-0.12269471307745043,False
0,256,0.09024794637230646,0.2516624194532651,0.17313707892530145,1.3368414921319751,1.9353715682994563,0.0,0.02144871652660424,0.181040143089198,-0.010032353542430955,-0.0104035260155797,0.9279360771179199,0.31890207529067993,-0.2682674825191498,0.17641401290893555,-0.15999411046504974,0.07140807025410659,0.2390808851317889,0.18800555682036815,1.3406879485194034,1.9220518661412391,0.0,0.0210152852927325,0.1830052421771585,-0.012187354994995334,0.1789847147072675,0.01699475782284151,0.012187354994995334,0.2,0.2,0.0,0.18461065110667207,-0.1425906797704535,False
0,257,0.07140807025410659,0.2390808851317889,0.18800555682036815,1.3406879485194034,1.9220518661412391,0.0,0.0210152852927325,0.1830052421771585,-0.012187354994995334,-0.285715252161026,0.11680793762207031,-0.06493449211120605,0.5696192979812622,-0.33207768201828003,-0.4659772515296936,0.06706046807025007,0.24969805750094506,0.18775480113756624,1.3358189254112438,1.9189315888295015,0.0,0.02316165851172075,0.1863343099120485,-0.009555696685919799,0.17683834148827926,0.013665690087951526,0.009555696685919799,0.2,0.2,0.0,0.18801129969915692,-0.1580121357744269,False
0,258,0.06706046807025007,0.24969805750094506,0.18775480113756624,1.3358189254112438,1.9189315888295015,0.0,0.02316165851172075,0.1863343099120485,-0.009555696685919799,-0.17782330513000488,0.5483124256134033,0.24337545037269592,0.31736356019973755,-0.7403783798217773,-0.9789006114006042,0.0591647781455512,0.2458515687583667,0.18231158796570554,1.3377998255148231,1.9101427095461843,0.0,0.021166800895424193,0.18794809299172888,-0.012138297964181297,0.17883319910457582,0.012051907008271124,0.012138297964181297,0.2,0.2,0.0,0.18952534763677745,-0.139903153194594,False
0,259,0.0591647781455512,0.2458515687583667,0.18231158796570554,1.3377998255148231,1.9101427095461843,0.0,0.021166800895424193,0.18794809299172888,-0.012138297964181297,0.7843161225318909,-0.034299734979867935,0.8549714088439941,0.2814164161682129,0.2824695408344269,0.11029362678527832,0.05785457782830377,0.24604641468619576,0.19132193982094728,1.336368462190312,1.901713152907059,0.0,0.022829947804481276,0.188566131094755,-0.010668346903029497,0.17717005219551873,0.011433868905245006,0.010668346903029497,0.2,0.2,0.0,0.19024249246275934,-0.13229269449119863,False
0,260,0.05785457782830377,0.24604641468619576,0.19132193982094728,1.336368462190312,1.901713152907059,0.0,0.022829947804481276,0.188566131094755,-0.010668346903029497,-0.7800253033638,0.3322288990020752,0.9044094681739807,0.6961946487426758,-0.1998140662908554,-0.5566362142562866,0.05785457782830377,0.24604641468619576,0.19132193982094728,1.336368462190312,1.901713152907059,0.0,0.02574243261367612,0.18742655867712404,-0.010590170630211195,0.1742575673863239,0.012573441322875956,0.010590170630211195,0.2,0.2,0.0,0.18948229323183752,-0.1171391543067005,False
0,261,0.05785457782830377,0.24604641468619576,0.19132193982094728,1.336368462190312,1.901713152907059,0.0,0.02574243261367612,0.18742655867712404,-0.010590170630211195,0.7803141474723816,-0.7036000490188599,0.732683539390564,-0.23500141501426697,0.17350077629089355,0.6549475193023682,0.06538459539850447,0.23743144357079088,0.2009219398235711,1.3350870070950753,1.9015272002136645,0.0,0.031286506820753485,0.19213721175879503,-0.008491329610776841,0.16871349317924653,0.00786278824120498,0.008491329610776841,0.2,0.2,0.0,0.19485290947288406,-0.1811326171469074,False
0,262,0.06538459539850447,0.23743144357079088,0.2009219398235711,1.3350870070950753,1.9015272002136645,0.0,0.031286506820753485,0.19213721175879503,-0.008491329610776841,0.3155674636363983,0.5435168147087097,0.3728867471218109,-0.7992154359817505,0.21013006567955017,-0.9784995913505554,0.035067337869384554,0.22257735357299285,0.24809464777282692,1.3452298406597158,1.8846019543473334,0.0,0.031286506820753485,0.19213721175879503,-0.008491329610776841,0.16871349317924653,0.00786278824120498,0.008491329610776841,0.2,0.2,0.0,0.19485290947288406,-0.12742645473644204,False
0,263,0.035067337869384554,0.22257735357299285,0.24809464777282692,1.3452298406597158,1.8846019543473334,0.0,0.031286506820753485,0.19213721175879503,-0.008491329610776841,-0.8805785179138184,0.8046793937683105,0.7585527896881104,-0.3579568564891815,-0.11570387333631516,0.34657859802246094,0.035067337869384554,0.22257735357299285,0.24809464777282692,1.3452298406597158,1.8846019543473334,0.0,0.03211532688968344,0.19312161512154422,-0.008098463924023386,0.16788467311031657,0.006878384878455808,0.008098463924023386,0.2,0.2,0.0,0.19594115842852872,-0.13885306877071096,False
0,264,0.035067337869384554,0.22257735357299285,0.24809464777282692,1.3452298406597158,1.8846019543473334,0.0,0.03211532688968344,0.19312161512154422,-0.008098463924023386,-0.04816201329231262,0.8288708925247192,0.8183618783950806,0.09378740936517715,0.29842108488082886,0.7149004936218262,0.03450923388172515,0.21208106356453943,0.27314421883104034,1.3181500656085026,1.8778330374030978,0.0,0.0327182745754484,0.1932999981201601,-0.006822962444740201,0.1672817254245516,0.00670000187983991,0.006822962444740201,0.2,0.2,0.0,0.1961681105097632,-0.13035357606722653,False
0,265,0.03450923388172515,0.21208106356453943,0.27314421883104034,1.3181500656085026,1.8778330374030978,0.0,0.0327182745754484,0.1932999981201601,-0.006822962444740201,-0.369474321603775,-0.761611819267273,0.14148622751235962,0.8163736462593079,0.2666410803794861,-0.2951124608516693,0.02991604023108678,0.19968317192583374,0.2778651197085746,1.318261457496062,1.8780217738258087,0.0,0.03312430729780774,0.19385452422822863,-0.007485157780912469,0.16687569270219227,0.00614547577177138,0.007485157780912469,0.2,0.2,0.0,0.1968065646382702,-0.13478782360420505,False
0,266,0.02991604023108678,0.19968317192583374,0.2778651197085746,1.318261457496062,1.8780217738258087,0.0,0.03312430729780774,0.19385452422822863,-0.007485157780912469,-0.6058351993560791,-0.9815110564231873,-0.016669070348143578,0.8525331020355225,0.6898295879364014,-0.012481547892093658,0.019495672492724343,0.18117092972355728,0.27294515673264624,1.326561328613851,1.8794099160205275,0.0,0.031127680804951097,0.19600187609041061,-0.012591087856225893,0.16887231919504891,0.003998123909589393,0.012591087856225893,0.2,0.2,0.0,0.1988572438626735,-0.14993541417536976,False
0,267,0.019495672492724343,0.18117092972355728,0.27294515673264624,1.326561328613851,1.8794099160205275,0.0,0.031127680804951097,0.19600187609041061,-0.012591087856225893,-0.7779617309570312,-0.18752329051494598,0.5037373304367065,-0.20719389617443085,0.7710517048835754,-0.5764195919036865,0.005938237860028375,0.16212453773119637,0.2698722536252484,1.329370261558284,1.8842437740216527,0.0,0.031127680804951097,0.19600187609041061,-0.012591087856225893,0.16887231919504891,0.003998123909589393,0.012591087856225893,0.2,0.2,0.0,0.1988572438626735,-0.12942862193133675,False
0,268,0.005938237860028375,0.16212453773119637,0.2698722536252484,1.329370261558284,1.8842437740216527,0.0,0.031127680804951097,0.19600187609041061,-0.012591087856225893,-0.9010961651802063,-0.1841721087694168,-0.10752414911985397,0.7754728198051453,0.7856948971748352,-0.21251383423805237,-0.009024135536810488,0.14801646303168242,0.27323299732329354,1.3242713434691342,1.8896350661150398,0.0,0.02906898906913785,0.1992968290675096,-0.016887870614745587,0.17093101093086216,0.0007031709324904114,0.016887870614745587,0.2,0.2,0.0,0.20211242509001315,-0.163608024818403,False
0,269,-0.009024135536810488,0.14801646303168242,0.27323299732329354,1.3242713434691342,1.8896350661150398,0.0,0.02906898906913785,0.1992968290675096,-0.016887870614745587,-0.9295480847358704,-0.24656686186790466,0.5495272874832153,0.6313630938529968,0.18790552020072937,0.8763622045516968,-0.020422570188562732,0.132160051630081,0.2659957351125034,1.3298536048290854,1.8933041800039287,0.0,0.026128148079781366,0.20294072488782244,-0.02232553611527814,0.17387185192021865,-0.0029407248878224237,0.02232553611527814,0.2,0.2,0.0,0.20583014235749925,-0.1700922438536106,False
0,270,-0.020422570188562732,0.132160051630081,0.2659957351125034,1.3298536048290854,1.8933041800039287,0.0,0.026128148079781366,0.20294072488782244,-0.02232553611527814,0.3847161829471588,0.7584105730056763,0.031334906816482544,0.07181429117918015,-0.058746587485075,0.498638778924942,-0.020422570188562732,0.132160051630081,0.2659957351125034,1.3298536048290854,1.8933041800039287,0.0,0.02281264714805828,0.2014159838443647,-0.018316205133912716,0.17718735285194173,-0.0014159838443647038,0.018316205133912716,0.2,0.2,0.0,0.20352960174972773,-0.10875939479714869,False
0,271,-0.020422570188562732,0.132160051630081,0.2659957351125034,1.3298536048290854,1.8933041800039287,0.0,0.02281264714805828,0.2014159838443647,-0.018316205133912716,-0.49121424555778503,0.5764360427856445,0.9356733560562134,-0.7820438146591187,0.8065488338470459,0.0318869985640049,-0.015144831142645192,0.1567381560588788,0.2523857203221604,1.3150417975532078,1.879016248292879,0.0,0.020265102510834576,0.19911112364771996,-0.015605472658672126,0.17973489748916543,0.0008888763522800402,0.015605472658672126,0.2,0.2,0.0,0.2007472159630933,-0.10254975011520243,False
0,272,-0.015144831142645192,0.1567381560588788,0.2523857203221604,1.3150417975532078,1.879016248292879,0.0,0.020265102510834576,0.19911112364771996,-0.015605472658672126,0.2789910137653351,0.6296072006225586,0.10175696015357971,-0.6766846776008606,-0.13458403944969177,0.4494958221912384,-0.0034047787364673513,0.1975413094453163,0.24054513392776508,1.2810547802767631,1.8691174738152245,0.0,0.020990155521373344,0.20017752697598964,-0.012504029023000126,0.17900984447862667,-0.00017752697598963723,0.012504029023000126,0.2,0.2,0.0,0.20166303497875493,-0.1399897076459937,False
0,273,-0.0034047787364673513,0.1975413094453163,0.24054513392776508,1.2810547802767631,1.8691174738152245,0.0,0.020990155521373344,0.20017752697598964,-0.012504029023000126,0.9378010034561157,-0.3030887246131897,-0.08576949685811996,0.20514868199825287,0.1467171013355255,0.3130655586719513,0.0030779287786677108,0.19776814881503887,0.23459929297271725,1.2709435538746152,1.865839468374762,0.0,0.020990155521373344,0.20017752697598964,-0.012504029023000126,0.17900984447862667,-0.00017752697598963723,0.012504029023000126,0.2,0.2,0.0,0.20166303497875493,-0.13083151748937746,False
0,274,0.0030779287786677108,0.19776814881503887,0.23459929297271725,1.2709435538746152,1.865839468374762,0.0,0.020990155521373344,0.20017752697598964,-0.012504029023000126,0.07142847776412964,0.7084790468215942,-0.5452398061752319,0.22540120780467987,-0.173328697681427,-0.10345321893692017,0.012252024314231598,0.18816814881813115,0.22719402182284182,1.2696348584992367,1.8650918216533041,0.0,0.017637317004966957,0.19809239242862495,-0.01437104298605904,0.18236268299503305,0.0019076075713750742,0.01437104298605904,0.2,0.2,0.0,0.19939457807507505,-0.10701272000073869,False
0,275,0.012252024314231598,0.18816814881813115,0.22719402182284182,1.2696348584992367,1.8650918216533041,0.0,0.017637317004966957,0.19809239242862495,-0.01437104298605904,-0.7894320487976074,0.9651035666465759,-0.5201981067657471,-0.6926786303520203,-0.4711069166660309,0.9895474910736084,0.01974975027938448,0.1842258368660121,0.198029821963211,1.2655025742327382,1.8618802438747388,0.0,0.01080044233237587,0.19524655297980956,-0.020613583987137293,0.18919955766762414,0.004753447020190461,0.020613583987137293,0.2,0.2,0.0,0.19662854790153775,-0.10065397221539589,False
0,276,0.01974975027938448,0.1842258368660121,0.198029821963211,1.2655025742327382,1.8618802438747388,0.0,0.01080044233237587,0.19524655297980956,-0.020613583987137293,-0.3913685083389282,0.7236171960830688,-0.5876986980438232,-0.25928109884262085,-0.9362475872039795,-0.22941695153713226,0.005951206513857066,0.19898205535693556,0.18086885726404187,1.2513343755827515,1.8536456466611682,0.0,0.006569896476149667,0.19833533554246963,-0.01982992026961411,0.19343010352385034,0.0016646644575303857,0.01982992026961411,0.2,0.2,0.0,0.19943243116993434,-0.15775504826893308,False
0,277,0.005951206513857066,0.19898205535693556,0.18086885726404187,1.2513343755827515,1.8536456466611682,0.0,0.006569896476149667,0.19833533554246963,-0.01982992026961411,0.3378693759441376,0.7655314803123474,0.006892635487020016,-0.7450405359268188,0.4850808382034302,-0.824536919593811,-0.001782550200761382,0.2110184377139338,0.16591572909894578,1.2406807625287712,1.842860870636495,0.0,0.006569896476149667,0.19833533554246963,-0.01982992026961411,0.19343010352385034,0.0016646644575303857,0.01982992026961411,0.2,0.2,0.0,0.19943243116993434,-0.12971621558496715,False
0,278,-0.001782550200761382,0.2110184377139338,0.16591572909894578,1.2406807625287712,1.842860870636495,0.0,0.006569896476149667,0.19833533554246963,-0.01982992026961411,0.22081196308135986,0.9007733464241028,0.45604515075683594,0.4183047413825989,0.12472223490476608,-0.6586421132087708,-0.001782550200761382,0.2110184377139338,0.16591572909894578,1.2406807625287712,1.842860870636495,0.0,0.012202524049782781,0.19871503696234238,-0.004331656363145631,0.18779747595021723,0.0012849630376576217,0.004331656363145631,0.2,0.2,0.0,0.19913646264554116,-0.1266085460788388,False
0,279,-0.001782550200761382,0.2110184377139338,0.16591572909894578,1.2406807625287712,1.842860870636495,0.0,0.012202524049782781,0.19871503696234238,-0.004331656363145631,0.6312161684036255,-0.39254698157310486,0.616879940032959,-0.2844839096069336,-0.7888484597206116,-0.48043057322502136,-0.0005330650336152413,0.30466998915160304,0.1331761161049761,1.2686689501744073,1.8323296571454253,0.0,0.0093358200290794,0.1995513294886616,-0.0049052823935613644,0.1906641799709206,0.00044867051133841364,0.0049052823935613644,0.2,0.2,0.0,0.19982980866644579,-0.13684836454226912,False
0,280,-0.0005330650336152413,0.30466998915160304,0.1331761161049761,1.2686689501744073,1.8323296571454253,0.0,0.0093358200290794,0.1995513294886616,-0.0049052823935613644,-0.5473383069038391,0.7211253643035889,0.6884262561798096,0.9136877059936523,0.4782140552997589,0.3212944269180298,-0.0005330650336152413,0.30466998915160304,0.1331761161049761,1.2686689501744073,1.8323296571454253,0.0,0.014243880102981527,0.19845539742347446,-0.006285817097295199,0.18575611989701848,0.0015446025765255564,0.006285817097295199,0.2,0.2,0.0,0.1990651762199455,-0.12188626364496978,False
0,281,-0.0005330650336152413,0.30466998915160304,0.1331761161049761,1.2686689501744073,1.8323296571454253,0.0,0.014243880102981527,0.19845539742347446,-0.006285817097295199,-0.5418283939361572,0.9506154656410217,-0.10000703483819962,0.4167291522026062,0.6669005155563354,0.8262315988540649,0.0061085970774692544,0.3441944867181957,0.076610422629284,1.3736692790951592,1.8545550325382414,0.0,0.014243880102981527,0.19845539742347446,-0.006285817097295199,0.18575611989701848,0.0015446025765255564,0.006285817097295199,0.2,0.2,0.0,0.1990651762199455,-0.12953258810997276,False
0,282,0.0061085970774692544,0.3441944867181957,0.076610422629284,1.3736692790951592,1.8545550325382414,0.0,0.014243880102981527,0.19845539742347446,-0.006285817097295199,0.6331570148468018,-0.8797049522399902,-0.3483893871307373,-0.48237359523773193,-0.9333943128585815,0.46324431896209717,0.00959848400384687,0.3377587584114792,0.06759895351130754,1.3686382363730942,1.8531071944451325,0.0,0.014192729441331292,0.19827555331780292,-0.006540022966192806,0.18580727055866872,0.0017244466821970932,0.006540022966192806,0.2,0.2,0.0,0.1988904233815044,-0.12769768330634124,False
0,283,0.00959848400384687,0.3377587584114792,0.06759895351130754,1.3686382363730942,1.8531071944451325,0.0,0.014192729441331292,0.19827555331780292,-0.006540022966192806,0.0802479088306427,0.767479658126831,-0.07989218831062317,-0.10350921005010605,-0.9952858090400696,0.7064576148986816,0.00959848400384687,0.3377587584114792,0.06759895351130754,1.3686382363730942,1.8531071944451325,0.0,0.0022660750011832265,0.19557378728057126,-0.013445818270154009,0.19773392499881678,0.004426212719428755,0.013445818270154009,0.2,0.2,0.0,0.19604854346852754,-0.09960547260449525,False
0,284,0.00959848400384687,0.3377587584114792,0.06759895351130754,1.3686382363730942,1.8531071944451325,0.0,0.0022660750011832265,0.19557378728057126,-0.013445818270154009,0.09256921708583832,0.9359692335128784,0.3497566282749176,0.3809928596019745,-0.35078924894332886,-0.06386905163526535,0.010243665468768683,0.41468305372891084,-0.023183485975281817,1.2669222385826568,1.7359175740553174,0.0,-0.014161025733775257,0.1980871286986535,-0.0016321214222787817,0.21416102573377527,0.0019128713013465124,0.0016321214222787817,0.2,0.2,0.0,0.19859936814160972,-0.15480793080162666,False
0,285,0.010243665468768683,0.41468305372891084,-0.023183485975281817,1.2669222385826568,1.7359175740553174,0.0,-0.014161025733775257,0.1980871286986535,-0.0016321214222787817,-0.1419440060853958,-0.8509187698364258,0.3654390871524811,-0.18422158062458038,-0.05607474595308304,0.4999556243419647,0.004559009412681191,0.4342728213242075,-0.0486324608061082,1.227392446454344,1.6828980453699063,0.0,-0.01748528601002633,0.1986586609405655,-0.0009630622356341031,0.21748528601002634,0.0013413390594345116,0.0009630622356341031,0.2,0.2,0.0,0.1994290006052798,-0.1380108249393406,False
0,286,0.004559009412681191,0.4342728213242075,-0.0486324608061082,1.227392446454344,1.6828980453699063,0.0,-0.01748528601002633,0.1986586609405655,-0.0009630622356341031,-0.6524996757507324,-0.7059535980224609,0.0002041459083557129,-0.284302681684494,-0.1445075273513794,0.28848519921302795,-0.0010138892861501208,0.4161704933092649,-0.03863797288322466,1.2191965350428808,1.6831283563976647,0.0,-0.017817266472841153,0.19974045945331784,-0.0030696653385116936,0.21781726647284116,0.0002595405466821712,0.0030696653385116936,0.2,0.2,0.0,0.2005570466786874,-0.14155898407341977,False
0,287,-0.0010138892861501208,0.4161704933092649,-0.03863797288322466,1.2191965350428808,1.6831283563976647,0.0,-0.017817266472841153,0.19974045945331784,-0.0030696653385116936,-0.015389135107398033,-0.7808210849761963,0.6540762186050415,0.4421314001083374,0.945223867893219,0.30645570158958435,-0.013196509793912238,0.39306813314153205,-0.033972101855696615,1.2116466451227899,1.6859561553748963,0.0,-0.020926133080844844,0.20279296283150094,-0.008103704848969662,0.22092613308084486,-0.0027929628315009275,0.008103704848969662,0.2,0.2,0.0,0.20403077917798326,-0.16675271458195026,False
0,288,-0.013196509793912238,0.39306813314153205,-0.033972101855696615,1.2116466451227899,1.6859561553748963,0.0,-0.020926133080844844,0.20279296283150094,-0.008103704848969662,-0.5745385885238647,0.1645691692829132,0.8373648524284363,0.5065736174583435,-0.695703387260437,0.5639458894729614,-0.01685996964562238,0.37779506046330574,-0.016794176733541062,1.216354042993347,1.697889007357105,0.0,-0.018211961106989805,0.20366625818716116,-0.009525360919516664,0.21821196110698982,-0.0036662581871611463,0.009525360919516664,0.2,0.2,0.0,0.20470064179667086,-0.13904894708521137,False
0,289,-0.01685996964562238,0.37779506046330574,-0.016794176733541062,1.216354042993347,1.697889007357105,0.0,-0.018211961106989805,0.20366625818716116,-0.009525360919516664,0.45893147587776184,-0.5233557224273682,0.5173915028572083,-0.3026036322116852,0.09049387276172638,0.02215583063662052,-0.022386321155817644,0.3700888689270382,-0.005610662786831031,1.217714709379776,1.69439652635683,0.0,-0.018211961106989805,0.20366625818716116,-0.009525360919516664,0.21821196110698982,-0.0036662581871611463,0.009525360919516664,0.2,0.2,0.0,0.20470064179667086,-0.13235032089833543,False
0,290,-0.022386321155817644,0.3700888689270382,-0.005610662786831031,1.217714709379776,1.69439652635683,0.0,-0.018211961106989805,0.20366625818716116,-0.009525360919516664,-0.13319198787212372,-0.2552189230918884,-0.4268497824668884,-0.6603670120239258,0.16374626755714417,-0.6541405916213989,-0.022386321155817644,0.3700888689270382,-0.005610662786831031,1.217714709379776,1.69439652635683,0.0,-0.08146703217702977,0.2146949749824382,-0.12607821428408922,0.2814670321770298,-0.014694974982438182,0.12607821428408922,0.2,0.2,0.0,0.26196665003680847,-0.7336434074197804,False
0,291,-0.022386321155817644,0.3700888689270382,-0.005610662786831031,1.217714709379776,1.69439652635683,0.0,-0.08146703217702977,0.2146949749824382,-0.12607821428408922,0.13408413529396057,-0.2589130103588104,-0.6526423692703247,0.6149640679359436,0.21238477528095245,0.5707721710205078,-0.04577576134801717,0.16229428800955056,-0.22912352685823276,1.0181680461301879,1.7335137437815342,0.0,-0.08583767907429574,0.2174320473183821,-0.14653465857972328,0.28583767907429575,-0.01743204731838207,0.14653465857972328,0.2,0.2,0.0,0.2758934731286715,-0.3072149674829663,False
0,292,-0.04577576134801717,0.16229428800955056,-0.22912352685823276,1.0181680461301879,1.7335137437815342,0.0,-0.08583767907429574,0.2174320473183821,-0.14653465857972328,0.5439980626106262,-0.9212838411331177,0.8197312355041504,-0.015564465895295143,0.37902161478996277,0.7897613048553467,-0.05963073509818296,0.10064961542752375,-0.3228210079368563,0.9736548793693108,1.7436502951798276,0.0,-0.08646645914155571,0.21802867549246463,-0.15784018607801578,0.2864664591415557,-0.018028675492464608,0.15784018607801578,0.2,0.2,0.0,0.28271270971539186,-0.23954872072489938,False
0,293,-0.05963073509818296,0.10064961542752375,-0.3228210079368563,0.9736548793693108,1.7436502951798276,0.0,-0.08646645914155571,0.21802867549246463,-0.15784018607801578,0.3828731179237366,-0.5551770925521851,0.8027558326721191,-0.5537421703338623,-0.6474887132644653,0.10359405726194382,-0.052921598245251604,0.0884806938056767,-0.30998229752675155,0.9726784725387787,1.7456132605520018,0.0,-0.08447470204248375,0.21504989903741256,-0.15906324320918636,0.28447470204248376,-0.015049899037412546,0.15906324320918636,0.2,0.2,0.0,0.2805058817589972,-0.14818466131555208,False
0,294,-0.052921598245251604,0.0884806938056767,-0.30998229752675155,0.9726784725387787,1.7456132605520018,0.0,-0.08447470204248375,0.21504989903741256,-0.15906324320918636,-0.44801005721092224,-0.48334068059921265,0.847763180732727,0.4746917188167572,0.10493344068527222,0.8521361351013184,-0.04769230314989783,0.062359546810369454,-0.28262394140157876,0.9620417658977066,1.7356507526618141,0.0,-0.08447470204248375,0.21504989903741256,-0.15906324320918636,0.28447470204248376,-0.015049899037412546,0.15906324320918636,0.2,0.2,0.0,0.2805058817589972,-0.1702529408794986,False
0,295,-0.04769230314989783,0.062359546810369454,-0.28262394140157876,0.9620417658977066,1.7356507526618141,0.0,-0.08447470204248375,0.21504989903741256,-0.15906324320918636,-0.8697261810302734,-0.5827572345733643,0.2516293525695801,-0.8276224136352539,-0.16490845382213593,-0.05741405487060547,-0.04769230314989783,0.062359546810369454,-0.28262394140157876,0.9620417658977066,1.7356507526618141,0.0,-0.07822107635168307,0.21929907908491764,-0.1599876920466651,0.2782210763516831,-0.019299079084917625,0.1599876920466651,0.2,0.2,0.0,0.28250076898926724,-0.19119925679733388,False
0,296,-0.04769230314989783,0.062359546810369454,-0.28262394140157876,0.9620417658977066,1.7356507526618141,0.0,-0.07822107635168307,0.21929907908491764,-0.1599876920466651,-0.8340897560119629,-0.8852304816246033,0.7929666042327881,-0.14998315274715424,0.6779783964157104,0.4747103750705719,-0.08050323515636941,0.02395954682554823,-0.24422394137334844,0.9948170565933572,1.7394396737937439,0.0,-0.07822107635168307,0.21929907908491764,-0.1599876920466651,0.2782210763516831,-0.019299079084917625,0.1599876920466651,0.2,0.2,0.0,0.28250076898926724,-0.17125038449463362,False
0,297,-0.08050323515636941,0.02395954682554823,-0.24422394137334844,0.9948170565933572,1.7394396737937439,0.0,-0.07822107635168307,0.21929907908491764,-0.1599876920466651,0.1729159653186798,-0.8836972713470459,0.09130082279443741,0.4248731732368469,-0.17302310466766357,0.5793479681015015,-0.08420062457305696,0.007428554177140532,-0.234863013376474,0.9961888302644493,1.7409581814639163,0.0,-0.07430656819145032,0.22407354138657323,-0.16006270657938498,0.27430656819145033,-0.02407354138657321,0.16006270657938498,0.2,0.2,0.0,0.28522006953128193,-0.19980304018578787,False
0,298,-0.08420062457305696,0.007428554177140532,-0.234863013376474,0.9961888302644493,1.7409581814639163,0.0,-0.07430656819145032,0.22407354138657323,-0.16006270657938498,-0.12373323738574982,-0.4282771348953247,0.049181267619132996,0.6749438047409058,0.3639269173145294,0.02775903418660164,-0.08311790921360072,-0.00814580459747929,-0.23023479543699213,1.0049916164894686,1.7406322521705964,0.0,-0.07209027345981062,0.22318223382941807,-0.16366018899886478,0.2720902734598106,-0.023182233829418065,0.16366018899886478,0.2,0.2,0.0,0.28599296230457044,-0.18072540888517036,False
0,299,-0.08311790921360072,-0.00814580459747929,-0.23023479543699213,1.0049916164894686,1.7406322521705964,0.0,-0.07209027345981062,0.22318223382941807,-0.16366018899886478,-0.6805230975151062,0.2431659698486328,0.8216366767883301,-0.025655262172222137,-0.1006104052066803,-0.5907164812088013,-0.08999754287029746,-0.02206349930642063,-0.2180533798300425,1.0176799305928546,1.7447213162984965,0.0,-0.06908476502892325,0.22431566970586267,-0.1655425997720935,0.26908476502892326,-0.02431566970586265,0.1655425997720935,0.2,0.2,0.0,0.2872186915470418,-0.18586663819823476,False
0,300,-0.08999754287029746,-0.02206349930642063,-0.2180533798300425,1.0176799305928546,1.7447213162984965,0.0,-0.06908476502892325,0.22431566970586267,-0.1655425997720935,0.3874747157096863,0.40200304985046387,-0.3737410306930542,-0.05412464961409569,-0.8342498540878296,0.247757226228714,-0.08999754287029746,-0.02206349930642063,-0.2180533798300425,1.0176799305928546,1.7447213162984965,0.0,-0.08824989986783599,0.19230097673989568,-0.18260514681395204,0.288249899867836,0.007699023260104337,0.18260514681395204,0.2,0.2,0.0,0.2794858674866154,-0.09241469313904357,False
0,301,-0.08999754287029746,-0.02206349930642063,-0.2180533798300425,1.0176799305928546,1.7447213162984965,0.0,-0.08824989986783599,0.19230097673989568,-0.18260514681395204,-0.3843781650066376,-0.8302614688873291,-0.7161746025085449,-0.16979949176311493,-0.007384583353996277,0.3485822379589081,-0.08999754287029746,-0.02206349930642063,-0.2180533798300425,1.0176799305928546,1.7447213162984965,0.0,-0.08824989986783599,0.19230097673989568,-0.18260514681395204,0.288249899867836,0.007699023260104337,0.18260514681395204,0.2,0.2,0.0,0.2794858674866154,-0.1697429337433077,False
0,302,-0.08999754287029746,-0.02206349930642063,-0.2180533798300425,1.0176799305928546,1.7447213162984965,0.0,-0.08824989986783599,0.19230097673989568,-0.18260514681395204,-0.3196497857570648,0.4683261513710022,0.28841111063957214,0.33232200145721436,0.6765103340148926,-0.03416745364665985,-0.08999754287029746,-0.02206349930642063,-0.2180533798300425,1.0176799305928546,1.7447213162984965,0.0,-0.08824989986783599,0.19230097673989568,-0.18260514681395204,0.288249899867836,0.007699023260104337,0.18260514681395204,0.2,0.2,0.0,0.2794858674866154,-0.1697429337433077,False
0,303,-0.08999754287029746,-0.02206349930642063,-0.2180533798300425,1.0176799305928546,1.7447213162984965,0.0,-0.08824989986783599,0.19230097673989568,-0.18260514681395204,-0.005162882152944803,0.926873505115509,0.1904541552066803,0.27707263827323914,0.7280938625335693,0.05656756833195686,-0.08999754287029746,-0.02206349930642063,-0.2180533798300425,1.0176799305928546,1.7447213162984965,0.0,-0.08824989986783599,0.19230097673989568,-0.18260514681395204,0.288249899867836,0.007699023260104337,0.18260514681395204,0.2,0.2,0.0,0.2794858674866154,-0.1697429337433077,False
0,304,-0.08999754287029746,-0.02206349930642063,-0.2180533798300425,1.0176799305928546,1.7447213162984965,0.0,-0.08824989986783599,0.19230097673989568,-0.18260514681395204,-0.46664929389953613,0.3888031244277954,0.8642680644989014,0.6760263442993164,-0.2845165729522705,0.5993658304214478,-0.08999754287029746,-0.02206349930642063,-0.2180533798300425,1.0176799305928546,1.7447213162984965,0.0,-0.08109826075779886,0.1978025137408539,-0.07148042213277953,0.28109826075779887,0.0021974862591461076,0.07148042213277953,0.2,0.2,0.0,0.22541564517224838,0.3979944005575461,False
0,305,-0.08999754287029746,-0.02206349930642063,-0.2180533798300425,1.0176799305928546,1.7447213162984965,0.0,-0.08109826075779886,0.1978025137408539,-0.07148042213277953,-0.5370702147483826,-0.17355886101722717,0.5395040512084961,-0.790607750415802,0.4619707465171814,-0.5033107399940491,-0.002080576438904511,0.36229423685509266,-0.24897215355033703,1.0295444352286844,1.6657651312358412,0.0,-0.07716043272791917,0.19943839558264462,-0.05926306162983892,0.2771604327279192,0.0005616044173554012,0.05926306162983892,0.2,0.2,0.0,0.22190429577879123,-0.10583865395482409,False
0,306,-0.002080576438904511,0.36229423685509266,-0.24897215355033703,1.0295444352286844,1.6657651312358412,0.0,-0.07716043272791917,0.19943839558264462,-0.05926306162983892,0.04047376662492752,-0.31535035371780396,0.7663760185241699,-0.794136643409729,0.5701638460159302,0.31796351075172424,-0.01046029397899577,0.3456632056155833,-0.2316141264387665,1.0157840197828394,1.6724145903172019,0.0,-0.07711305957397852,0.20285415397232293,-0.06169027625857616,0.2771130595739785,-0.0028541539723229096,0.06169027625857616,0.2,0.2,0.0,0.22561454280596874,-0.17990974167475945,False
0,307,-0.01046029397899577,0.3456632056155833,-0.2316141264387665,1.0157840197828394,1.6724145903172019,0.0,-0.07711305957397852,0.20285415397232293,-0.06169027625857616,-0.6705136299133301,-0.8449549674987793,-0.06559488922357559,-0.7019093036651611,0.45336249470710754,0.023409351706504822,-0.015376320294464407,0.3272898920011501,-0.22231876387534677,1.0026861286935698,1.6793543970240397,0.0,-0.07711305957397852,0.20285415397232293,-0.06169027625857616,0.2771130595739785,-0.0028541539723229096,0.06169027625857616,0.2,0.2,0.0,0.22561454280596874,-0.14280727140298438,False
0,308,-0.015376320294464407,0.3272898920011501,-0.22231876387534677,1.0026861286935698,1.6793543970240397,0.0,-0.07711305957397852,0.20285415397232293,-0.06169027625857616,0.2433527559041977,-0.896559476852417,0.5599044561386108,0.17675134539604187,0.44513532519340515,0.3435002565383911,-0.02287351810911517,0.30808989200956866,-0.213676319017687,0.9956068656524089,1.6864177254661212,0.0,-0.07854882248177453,0.20547429352522337,-0.06734495270878271,0.27854882248177454,-0.005474293525223344,0.06734495270878271,0.2,0.2,0.0,0.2300542228873688,-0.18942391225768493,False
0,309,-0.02287351810911517,0.30808989200956866,-0.213676319017687,0.9956068656524089,1.6864177254661212,0.0,-0.07854882248177453,0.20547429352522337,-0.06734495270878271,-0.513250470161438,-0.3823290169239044,-0.04201982170343399,-0.565822958946228,0.8225396871566772,0.30915942788124084,-0.02421285828304944,0.29125149439023107,-0.20423055213051428,0.9946229754992024,1.693348215544765,0.0,-0.07705545371783501,0.20584977936385215,-0.07036351426128229,0.277055453717835,-0.0058497793638521535,0.07036351426128229,0.2,0.2,0.0,0.23078712865107034,-0.1527226219625507,False
0,310,-0.02421285828304944,0.29125149439023107,-0.20423055213051428,0.9946229754992024,1.693348215544765,0.0,-0.07705545371783501,0.20584977936385215,-0.07036351426128229,0.4918321669101715,-0.5507172346115112,-0.242858424782753,0.44603073596954346,-0.5269924998283386,0.5659778714179993,-0.02421285828304944,0.29125149439023107,-0.20423055213051428,0.9946229754992024,1.693348215544765,0.0,-0.07785243154619798,0.195042641867208,-0.12362392160250642,0.277852431546198,0.0049573581327920155,0.12362392160250642,0.2,0.2,0.0,0.2436914180609938,-0.2808886031297313,False
0,311,-0.02421285828304944,0.29125149439023107,-0.20423055213051428,0.9946229754992024,1.693348215544765,0.0,-0.07785243154619798,0.195042641867208,-0.12362392160250642,-0.22418487071990967,-0.06868640333414078,0.05135565251111984,-0.11418255418539047,0.7237457036972046,-0.06408809125423431,-0.02421285828304944,0.29125149439023107,-0.20423055213051428,0.9946229754992024,1.693348215544765,0.0,-0.07348662825796898,0.19724784062104425,-0.15133140585948907,0.273486628257969,0.002752159378955767,0.15133140585948907,0.2,0.2,0.0,0.2592454234153405,-0.3151627652511375,False
0,312,-0.02421285828304944,0.29125149439023107,-0.20423055213051428,0.9946229754992024,1.693348215544765,0.0,-0.07348662825796898,0.19724784062104425,-0.15133140585948907,0.34184199571609497,-0.7882119417190552,0.5249612927436829,-0.7262246608734131,0.17056503891944885,0.1993177980184555,-0.02421285828304944,0.29125149439023107,-0.20423055213051428,0.9946229754992024,1.693348215544765,0.0,-0.06680137182942042,0.21658095741377423,-0.17400946455840524,0.26680137182942043,-0.016580957413774217,0.17400946455840524,0.2,0.2,0.0,0.2857429406800148,-0.43784664298675047,False
0,313,-0.02421285828304944,0.29125149439023107,-0.20423055213051428,0.9946229754992024,1.693348215544765,0.0,-0.06680137182942042,0.21658095741377423,-0.17400946455840524,-0.4343833327293396,0.06798715889453888,0.1914512813091278,0.13009069859981537,0.9379194378852844,0.8736684322357178,-0.048203797171766476,-0.04193860428303455,-0.21843845511252719,1.0180699563540874,1.7697116836189903,0.0,-0.06680137182942042,0.21658095741377423,-0.17400946455840524,0.26680137182942043,-0.016580957413774217,0.17400946455840524,0.2,0.2,0.0,0.2857429406800148,-0.1728714703400074,False
0,314,-0.048203797171766476,-0.04193860428303455,-0.21843845511252719,1.0180699563540874,1.7697116836189903,0.0,-0.06680137182942042,0.21658095741377423,-0.17400946455840524,-0.48641106486320496,0.9218305349349976,0.49765345454216003,-0.23102998733520508,0.3906376361846924,0.029082395136356354,-0.06169469881459843,-0.0711989411730182,-0.18626138685800178,0.9963414101985807,1.7932151344758873,0.0,-0.06569478145108498,0.21571389198975338,-0.17692678847482315,0.265694781451085,-0.01571389198975337,0.17692678847482315,0.2,0.2,0.0,0.28662061333282995,-0.1820870331945663,False
0,315,-0.06169469881459843,-0.0711989411730182,-0.18626138685800178,0.9963414101985807,1.7932151344758873,0.0,-0.06569478145108498,0.21571389198975338,-0.17692678847482315,-0.6991084218025208,-0.2183408886194229,-0.12229485809803009,0.3220853805541992,0.10742396116256714,-0.08268420398235321,-0.07224829692563982,-0.05589510584230896,-0.17785695644340702,0.9950620061999655,1.7952840442382045,0.0,-0.0674375485706239,0.218718334262118,-0.1647384819381422,0.2674375485706239,-0.01871833426211799,0.1647384819381422,0.2,0.2,0.0,0.28200053214647386,-0.12479945420967598,False
0,316,-0.07224829692563982,-0.05589510584230896,-0.17785695644340702,0.9950620061999655,1.7952840442382045,0.0,-0.0674375485706239,0.218718334262118,-0.1647384819381422,0.12719577550888062,-0.8448185324668884,-0.17990511655807495,-0.4932505190372467,0.44443824887275696,0.14793801307678223,-0.08445969550971624,-0.07724147788953614,-0.1839258853553363,0.9935472262429191,1.7973518528513708,0.0,-0.06578748906277987,0.22338669070818712,-0.16975622572630822,0.2657874890627799,-0.02338669070818712,0.16975622572630822,0.2,0.2,0.0,0.2881783882868074,-0.2358677555467393,False
0,317,-0.08445969550971624,-0.07724147788953614,-0.1839258853553363,0.9935472262429191,1.7973518528513708,0.0,-0.06578748906277987,0.22338669070818712,-0.16975622572630822,-0.07234369218349457,-0.9148943424224854,0.8993669748306274,0.39561551809310913,0.641940176486969,0.8896101713180542,-0.08328650251329864,-0.09498966857473617,-0.18085064595824613,0.987673999499828,1.802220219047163,0.0,-0.06527922466306102,0.22262081016671437,-0.1782043965151871,0.26527922466306103,-0.02262081016671435,0.1782043965151871,0.2,0.2,0.0,0.29253753473569283,-0.2198602318567005,False
0,318,-0.08328650251329864,-0.09498966857473617,-0.18085064595824613,0.987673999499828,1.802220219047163,0.0,-0.06527922466306102,0.22262081016671437,-0.1782043965151871,-0.488444983959198,0.31925979256629944,-0.36776939034461975,-0.2557869553565979,0.8205943703651428,0.663306713104248,-0.08721115144894505,-0.10289882301018362,-0.17516157720335965,0.9912530326328628,1.8083646940450282,0.0,-0.06338303576461074,0.22363399030318007,-0.1786833958307189,0.26338303576461075,-0.023633990303180048,0.1786833958307189,0.2,0.2,0.0,0.29318479972068495,-0.18306504971026372,False
0,319,-0.08721115144894505,-0.10289882301018362,-0.17516157720335965,0.9912530326328628,1.8083646940450282,0.0,-0.06338303576461074,0.22363399030318007,-0.1786833958307189,-0.39041104912757874,-0.09841951727867126,0.7484253644943237,0.8532348871231079,-0.34348198771476746,0.9338569045066833,-0.09563475152906067,-0.10149734085597019,-0.17614057815282974,0.9926326798002988,1.811893945766375,0.0,-0.06338303576461074,0.22363399030318007,-0.1786833958307189,0.26338303576461075,-0.023633990303180048,0.1786833958307189,0.2,0.2,0.0,0.29318479972068495,-0.17659239986034247,False
0,320,-0.09563475152906067,-0.10149734085597019,-0.17614057815282974,0.9926326798002988,1.811893945766375,0.0,-0.06338303576461074,0.22363399030318007,-0.1786833958307189,0.18750371038913727,-0.0717855766415596,-0.06079152598977089,0.6652249097824097,-0.3501094579696655,0.12119848281145096,-0.09563475152906067,-0.10149734085597019,-0.17614057815282974,0.9926326798002988,1.811893945766375,0.0,-0.019331180544983895,0.24385456034386532,-0.15140117390356952,0.2193311805449839,-0.043854560343865305,0.15140117390356952,0.2,0.2,0.0,0.28768221460691923,-0.11881525616580238,False
0,321,-0.09563475152906067,-0.10149734085597019,-0.17614057815282974,0.9926326798002988,1.811893945766375,0.0,-0.019331180544983895,0.24385456034386532,-0.15140117390356952,-0.5746778845787048,-0.2876800000667572,-0.344036728143692,-0.8363798260688782,-0.8152697086334229,0.6823017001152039,-0.09563475152906067,-0.10149734085597019,-0.17614057815282974,0.9926326798002988,1.811893945766375,0.0,-0.008848025753463967,0.2212964331573123,-0.1813419713672561,0.20884802575346398,-0.02129643315731229,0.1813419713672561,0.2,0.2,0.0,0.28624344440920474,-0.15873402022745747,False
0,322,-0.09563475152906067,-0.10149734085597019,-0.17614057815282974,0.9926326798002988,1.811893945766375,0.0,-0.008848025753463967,0.2212964331573123,-0.1813419713672561,0.13784514367580414,-0.14345446228981018,-0.9376788139343262,0.3115156292915344,-0.15122033655643463,0.5619806051254272,-0.10191458175962831,-0.3176734912222073,-0.0716050785176613,1.3479060859653584,1.648555521056807,0.0,-0.008848025753463967,0.2212964331573123,-0.1813419713672561,0.20884802575346398,-0.02129643315731229,0.1813419713672561,0.2,0.2,0.0,0.28624344440920474,-0.17312172220460237,False
0,323,-0.10191458175962831,-0.3176734912222073,-0.0716050785176613,1.3479060859653584,1.648555521056807,0.0,-0.008848025753463967,0.2212964331573123,-0.1813419713672561,0.7744402289390564,0.8467389345169067,-0.2565426230430603,-0.2482662945985794,-0.16953177750110626,0.8819982409477234,-0.09726756549683624,-0.3214257720348849,-0.09353716878896756,1.342364356073446,1.6398509448006313,0.0,-0.009493756965177985,0.22234838078884284,-0.18654788161456054,0.209493756965178,-0.02234838078884281,0.18654788161456054,0.2,0.2,0.0,0.2903946383727052,-0.21670925882135703,False
0,324,-0.09726756549683624,-0.3214257720348849,-0.09353716878896756,1.342364356073446,1.6398509448006313,0.0,-0.009493756965177985,0.22234838078884284,-0.18654788161456054,0.037483662366867065,0.4338167607784271,0.039806634187698364,-0.06573965400457382,-0.5502879023551941,0.3732350766658783,-0.08355480291085061,-0.30317718605324545,-0.10522415934633168,1.3271865614741987,1.638500802220565,0.0,-0.013845572918488869,0.21874329149933297,-0.18612892254744423,0.21384557291848888,-0.018743291499332966,0.18612892254744423,0.2,0.2,0.0,0.28754878416379337,-0.14531584999277855,False
0,325,-0.08355480291085061,-0.30317718605324545,-0.10522415934633168,1.3271865614741987,1.638500802220565,0.0,-0.013845572918488869,0.21874329149933297,-0.18612892254744423,0.48554158210754395,0.14182181656360626,0.6731007099151611,0.8364353179931641,-0.06809847056865692,-0.09006360173225403,-0.08257731914151052,-0.28942967524139285,-0.10231045148467566,1.3225553545196447,1.635680295904914,0.0,-0.015947032478368123,0.21869998682907207,-0.18192757671766174,0.21594703247836813,-0.018699986829072056,0.18192757671766174,0.2,0.2,0.0,0.2849239113417179,-0.14621322745010432,False
0,326,-0.08257731914151052,-0.28942967524139285,-0.10231045148467566,1.3225553545196447,1.635680295904914,0.0,-0.015947032478368123,0.21869998682907207,-0.18192757671766174,-0.011147752404212952,0.04219306260347366,-0.3018924593925476,0.6715316772460938,0.23999378085136414,0.3238728642463684,-0.08257731914151052,-0.28942967524139285,-0.10231045148467566,1.3225553545196447,1.635680295904914,0.0,-0.014612457262360712,0.2173437495121313,-0.1812666716294883,0.21461245726236072,-0.017343749512131287,0.1812666716294883,0.2,0.2,0.0,0.28338919457676776,-0.15634742963888237,False
0,327,-0.08257731914151052,-0.28942967524139285,-0.10231045148467566,1.3225553545196447,1.635680295904914,0.0,-0.014612457262360712,0.2173437495121313,-0.1812666716294883,-0.39741790294647217,-0.48527732491493225,-0.32958275079727173,-0.040841199457645416,-0.20252899825572968,-0.507394552230835,-0.08257731914151052,-0.28942967524139285,-0.10231045148467566,1.3225553545196447,1.635680295904914,0.0,-0.010575655862108707,0.21966226802121083,-0.21395978985501032,0.21057565586210872,-0.019662268021210818,0.21395978985501032,0.2,0.2,0.0,0.30682592485632015,-0.41778026522368406,False
0,328,-0.08257731914151052,-0.28942967524139285,-0.10231045148467566,1.3225553545196447,1.635680295904914,0.0,-0.010575655862108707,0.21966226802121083,-0.21395978985501032,-0.4724014401435852,-0.8335638642311096,0.8038236498832703,0.7113158702850342,0.42866697907447815,0.5427812933921814,-0.09412977663474059,-0.2901129162686941,-0.3037911161243531,1.4235200841749798,1.7191705239787824,0.0,-0.010575655862108707,0.21966226802121083,-0.21395978985501032,0.21057565586210872,-0.019662268021210818,0.21395978985501032,0.2,0.2,0.0,0.30682592485632015,-0.18341296242816008,False
0,329,-0.09412977663474059,-0.2901129162686941,-0.3037911161243531,1.4235200841749798,1.7191705239787824,0.0,-0.010575655862108707,0.21966226802121083,-0.21395978985501032,-0.9025695323944092,-0.641452431678772,0.8758363723754883,-0.5264298319816589,-0.5428271293640137,-0.15178579092025757,-0.09497893040527537,-0.29279793413840244,-0.3005079033345064,1.4239639209081625,1.7196711796969197,0.0,-0.00934591584131203,0.22077679953259124,-0.2182502720805302,0.20934591584131204,-0.020776799532591227,0.2182502720805302,0.2,0.2,0.0,0.3105848074487745,-0.2228812296489305,False
0,330,-0.09497893040527537,-0.29279793413840244,-0.3005079033345064,1.4239639209081625,1.7196711796969197,0.0,-0.00934591584131203,0.22077679953259124,-0.2182502720805302,-0.3407762944698334,0.2301415205001831,-0.7235164642333984,-0.844261109828949,-0.5271506309509277,0.4299652874469757,-0.09497893040527537,-0.29279793413840244,-0.3005079033345064,1.4239639209081625,1.7196711796969197,0.0,-0.02235541043837383,0.24094452364517702,-0.2386672016124774,0.22235541043837384,-0.040944523645177,0.2386672016124774,0.2,0.2,0.0,0.3398765378427884,-0.49285557286153314,False
0,331,-0.09497893040527537,-0.29279793413840244,-0.3005079033345064,1.4239639209081625,1.7196711796969197,0.0,-0.02235541043837383,0.24094452364517702,-0.2386672016124774,0.2034430205821991,-0.20057103037834167,-0.7476738691329956,-0.43611884117126465,0.29993242025375366,0.21169084310531616,-0.09497893040527537,-0.29279793413840244,-0.3005079033345064,1.4239639209081625,1.7196711796969197,0.0,-0.03281084437559484,0.25616086992063597,-0.26315603401352583,0.23281084437559485,-0.05616086992063594,0.26315603401352583,0.2,0.2,0.0,0.36870861262637256,-0.5026750541490281,False
0,332,-0.09497893040527537,-0.29279793413840244,-0.3005079033345064,1.4239639209081625,1.7196711796969197,0.0,-0.03281084437559484,0.25616086992063597,-0.26315603401352583,0.7941564321517944,-0.8935584425926208,0.2136078029870987,-0.38206180930137634,-0.7550754547119141,-0.003146094037219882,-0.21890563022326093,-0.19725715198624705,-0.48662759405313866,1.1915386243945618,1.616372428637246,0.0,-0.0314599424346767,0.254753533835493,-0.2724564400600254,0.2314599424346767,-0.054753533835492994,0.2724564400600254,0.2,0.2,0.0,0.3743282018628132,-0.27335999329581284,False
0,333,-0.21890563022326093,-0.19725715198624705,-0.48662759405313866,1.1915386243945618,1.616372428637246,0.0,-0.0314599424346767,0.254753533835493,-0.2724564400600254,-0.10404146462678909,-0.6194950342178345,0.39387163519859314,-0.9975332617759705,-0.6937307119369507,0.6009573936462402,-0.21715477276740305,-0.2100297928360006,-0.5195742174704384,1.1468739413649787,1.6100413619839142,0.0,-0.0314599424346767,0.254753533835493,-0.2724564400600254,0.2314599424346767,-0.054753533835492994,0.2724564400600254,0.2,0.2,0.0,0.3743282018628132,-0.2171641009314066,False
0,334,-0.21715477276740305,-0.2100297928360006,-0.5195742174704384,1.1468739413649787,1.6100413619839142,0.0,-0.0314599424346767,0.254753533835493,-0.2724564400600254,-0.1266685575246811,0.07451274245977402,0.13801231980323792,-0.73680180311203,-0.7531583309173584,0.23948858678340912,-0.21715477276740305,-0.2100297928360006,-0.5195742174704384,1.1468739413649787,1.6100413619839142,0.0,-0.031097656708500343,0.2533618866778391,-0.2744226453598203,0.23109765670850035,-0.053361886677839115,0.2744226453598203,0.2,0.2,0.0,0.37478940507970027,-0.22200673470872098,False
0,335,-0.21715477276740305,-0.2100297928360006,-0.5195742174704384,1.1468739413649787,1.6100413619839142,0.0,-0.031097656708500343,0.2533618866778391,-0.2744226453598203,-0.7472577095031738,-0.3287103772163391,0.021757014095783234,0.23197102546691895,-0.3481026589870453,-0.33083829283714294,-0.2181175473494172,-0.2207619245499085,-0.4492080181438067,1.0751410903439371,1.5732341955492228,0.0,-0.035942540607193735,0.2544959106961827,-0.2684330792455043,0.23594254060719375,-0.05449591069618273,0.2684330792455043,0.2,0.2,0.0,0.3716400850548853,-0.18432684227929327,False
0,336,-0.2181175473494172,-0.2207619245499085,-0.4492080181438067,1.0751410903439371,1.5732341955492228,0.0,-0.035942540607193735,0.2544959106961827,-0.2684330792455043,0.08146919310092926,-0.48542940616607666,0.4273580312728882,-0.8681947588920593,0.055358558893203735,0.07590841501951218,-0.20915833942522755,-0.2850094403140969,-0.3886396279139719,1.0241536974450385,1.590627223103319,0.0,-0.035942540607193735,0.2544959106961827,-0.2684330792455043,0.23594254060719375,-0.05449591069618273,0.2684330792455043,0.2,0.2,0.0,0.3716400850548853,-0.21582004252744266,False
0,337,-0.20915833942522755,-0.2850094403140969,-0.3886396279139719,1.0241536974450385,1.590627223103319,0.0,-0.035942540607193735,0.2544959106961827,-0.2684330792455043,0.8450453877449036,-0.14044257998466492,0.8301033973693848,-0.9758703708648682,0.3745584189891815,0.30573052167892456,-0.18895400325705902,-0.342609440298029,-0.33103962787287733,0.9665536975282578,1.6099729242802374,0.0,-0.028112650336543893,0.24691654457099138,-0.2810364720803218,0.2281126503365439,-0.04691654457099137,0.2810364720803218,0.2,0.2,0.0,0.37515276852393964,-0.2527032189525129,False
0,338,-0.18895400325705902,-0.342609440298029,-0.33103962787287733,0.9665536975282578,1.6099729242802374,0.0,-0.028112650336543893,0.24691654457099138,-0.2810364720803218,0.6313694715499878,0.8822078704833984,-0.5751360654830933,0.9628851413726807,-0.8896036148071289,0.12603485584259033,-0.180130919097223,-0.3362277600316231,-0.3281360797487746,0.9668922459875543,1.6096607402654393,0.0,-0.027861305300650896,0.2444188130834552,-0.2816227611958586,0.2278613053006509,-0.044418813083455175,0.2816227611958586,0.2,0.2,0.0,0.37393607494565256,-0.20480110168995552,False
0,339,-0.180130919097223,-0.3362277600316231,-0.3281360797487746,0.9668922459875543,1.6096607402654393,0.0,-0.027861305300650896,0.2444188130834552,-0.2816227611958586,-0.11712175607681274,-0.5023378133773804,-0.8996679186820984,0.7958916425704956,-0.6688085794448853,0.6632508039474487,-0.16703205472738705,-0.3267229413577235,-0.350185108749198,0.9855879023662939,1.5994624383736846,0.0,-0.03060567250322771,0.24064897330226426,-0.27873580733620373,0.23060567250322772,-0.04064897330226424,0.27873580733620373,0.2,0.2,0.0,0.3695162862881337,-0.17056025656887833,False
0,340,-0.16703205472738705,-0.3267229413577235,-0.350185108749198,0.9855879023662939,1.5994624383736846,0.0,-0.03060567250322771,0.24064897330226426,-0.27873580733620373,0.18333549797534943,-0.9321166276931763,0.6252163648605347,-0.029477767646312714,-0.33002719283103943,0.6307221055030823,-0.16703205472738705,-0.3267229413577235,-0.350185108749198,0.9855879023662939,1.5994624383736846,0.0,0.09996989408910355,0.2047848194756306,-0.34755428148915624,0.10003010591089646,-0.004784819475630581,0.34755428148915624,0.2,0.2,0.0,0.41560170908370536,-0.6986550824975692,False
0,341,-0.16703205472738705,-0.3267229413577235,-0.350185108749198,0.9855879023662939,1.5994624383736846,0.0,0.09996989408910355,0.2047848194756306,-0.34755428148915624,0.39131224155426025,0.8158671855926514,0.39997950196266174,-0.3481384813785553,0.5947649478912354,0.10821952670812607,-0.03895670914046856,-1.0543499736978923,-0.07704085778932464,1.0348981278716565,1.5436490763380677,0.0,0.09996989408910355,0.2047848194756306,-0.34755428148915624,0.10003010591089646,-0.004784819475630581,0.34755428148915624,0.2,0.2,0.0,0.41560170908370536,-0.23780085454185268,False
0,342,-0.03895670914046856,-1.0543499736978923,-0.07704085778932464,1.0348981278716565,1.5436490763380677,0.0,0.09996989408910355,0.2047848194756306,-0.34755428148915624,-0.11531861126422882,-0.9339040517807007,-0.8264970183372498,-0.8101568818092346,-0.33420324325561523,-0.7701729536056519,-0.03895670914046856,-1.0543499736978923,-0.07704085778932464,1.0348981278716565,1.5436490763380677,0.0,0.08226103557000893,0.2033035613141958,-0.3361897387611986,0.11773896442999109,-0.0033035613141957983,0.3361897387611986,0.2,0.2,0.0,0.4014009921069058,-0.08869332628545701,False
0,343,-0.03895670914046856,-1.0543499736978923,-0.07704085778932464,1.0348981278716565,1.5436490763380677,0.0,0.08226103557000893,0.2033035613141958,-0.3361897387611986,-0.9800606966018677,0.7426348924636841,0.03578275814652443,-0.3867523670196533,-0.7279517650604248,-0.5960369110107422,-0.03895670914046856,-1.0543499736978923,-0.07704085778932464,1.0348981278716565,1.5436490763380677,0.0,0.08956957139214965,0.20325219380758452,-0.3500557967907709,0.11043042860785036,-0.0032521938075845093,0.3500557967907709,0.2,0.2,0.0,0.4145759559764541,-0.36903761668371016,False
0,344,-0.03895670914046856,-1.0543499736978923,-0.07704085778932464,1.0348981278716565,1.5436490763380677,0.0,0.08956957139214965,0.20325219380758452,-0.3500557967907709,0.9421921372413635,0.28370508551597595,-0.55828857421875,0.7008745074272156,0.3203272521495819,-0.6521198749542236,-0.05880921873621345,-0.9885789019724769,-0.1336068789272359,0.947717518305747,1.5686255083399079,0.0,0.0938035845154861,0.20691838488781872,-0.3597152974936678,0.10619641548451392,-0.006918384887818714,0.3597152974936678,0.2,0.2,0.0,0.42545202517263375,-0.3514867045481136,False
0,345,-0.05880921873621345,-0.9885789019724769,-0.1336068789272359,0.947717518305747,1.5686255083399079,0.0,0.0938035845154861,0.20691838488781872,-0.3597152974936678,0.8629757761955261,-0.4152033030986786,0.35983604192733765,0.2322196662425995,-0.1952049732208252,0.5537456274032593,-0.044208284275321974,-0.9722500244976416,-0.1495721088610582,0.9609097848124785,1.5755774023437743,0.0,0.0938035845154861,0.20691838488781872,-0.3597152974936678,0.10619641548451392,-0.006918384887818714,0.3597152974936678,0.2,0.2,0.0,0.42545202517263375,-0.24272601258631687,False
0,346,-0.044208284275321974,-0.9722500244976416,-0.1495721088610582,0.9609097848124785,1.5755774023437743,0.0,0.0938035845154861,0.20691838488781872,-0.3597152974936678,-0.21299616992473602,0.7406383752822876,0.5907386541366577,0.5462275147438049,0.7246658802032471,-0.26364150643348694,-0.044208284275321974,-0.9722500244976416,-0.1495721088610582,0.9609097848124785,1.5755774023437743,0.0,0.06941790090556763,0.18330725285848276,-0.31826911946464953,0.13058209909443239,0.016692747141517264,0.31826911946464953,0.2,0.2,0.0,0.3737855351956016,0.29977213217252074,False
0,347,-0.044208284275321974,-0.9722500244976416,-0.1495721088610582,0.9609097848124785,1.5755774023437743,0.0,0.06941790090556763,0.18330725285848276,-0.31826911946464953,-0.3817106783390045,-0.4721347391605377,-0.47501155734062195,-0.04150816425681114,0.8882929086685181,-0.376657098531723,0.10224515600652541,-0.9558321750537614,0.039862931406382855,1.040994891140906,1.607928729349048,0.0,0.06182140117937068,0.1842843096183752,-0.30748140169179283,0.13817859882062933,0.015715690381624816,0.30748140169179283,0.2,0.2,0.0,0.36376833947122383,-0.11171221249183433,False
0,348,0.10224515600652541,-0.9558321750537614,0.039862931406382855,1.040994891140906,1.607928729349048,0.0,0.06182140117937068,0.1842843096183752,-0.30748140169179283,0.14409306645393372,-0.7201751470565796,0.6240198612213135,0.3900628089904785,-0.6546614170074463,0.8414784669876099,0.0897506469168897,-0.959867114456425,0.02744770880084675,1.0394444465058261,1.6206295914666375,0.0,0.06442410253792957,0.18670676107109066,-0.3120210892182069,0.13557589746207044,0.01329323892890936,0.3120210892182069,0.2,0.2,0.0,0.36927908109503205,-0.2697469567855981,False
0,349,0.0897506469168897,-0.959867114456425,0.02744770880084675,1.0394444465058261,1.6206295914666375,0.0,0.06442410253792957,0.18670676107109066,-0.3120210892182069,-0.8270225524902344,-0.33339643478393555,-0.5171178579330444,0.3720771372318268,0.3510344922542572,-0.07141412049531937,0.08307070230717782,-0.9683118470155129,0.03413716780963007,1.0465110767542625,1.6179517494387403,0.0,0.06547410407008525,0.18778667982654892,-0.3109690279133688,0.13452589592991476,0.012213320173451083,0.3109690279133688,0.2,0.2,0.0,0.36912387046280914,-0.21300982890917555,False
0,350,0.08307070230717782,-0.9683118470155129,0.03413716780963007,1.0465110767542625,1.6179517494387403,0.0,0.06547410407008525,0.18778667982654892,-0.3109690279133688,-0.7507581114768982,0.5089316368103027,0.9431570172309875,0.4908202588558197,-0.05539543181657791,-0.2560787498950958,0.08307070230717782,-0.9683118470155129,0.03413716780963007,1.0465110767542625,1.6179517494387403,0.0,0.03104030960403306,0.22753181364286182,-0.15683441301467804,0.16895969039596695,-0.0275318136428618,0.15683441301467804,0.2,0.2,0.0,0.27808498727112696,0.7413463382812584,False
0,351,0.08307070230717782,-0.9683118470155129,0.03413716780963007,1.0465110767542625,1.6179517494387403,0.0,0.03104030960403306,0.22753181364286182,-0.15683441301467804,-0.056049663573503494,-0.5180220007896423,-0.6881989240646362,0.05947384610772133,0.8477491140365601,0.7784780859947205,0.08307070230717782,-0.9683118470155129,0.03413716780963007,1.0465110767542625,1.6179517494387403,0.0,0.03104030960403306,0.22753181364286182,-0.15683441301467804,0.16895969039596695,-0.0275318136428618,0.15683441301467804,0.2,0.2,0.0,0.27808498727112696,-0.16904249363556348,False
0,352,0.08307070230717782,-0.9683118470155129,0.03413716780963007,1.0465110767542625,1.6179517494387403,0.0,0.03104030960403306,0.22753181364286182,-0.15683441301467804,-0.07813013345003128,0.6215089559555054,0.3219306170940399,0.2155374139547348,0.33606791496276855,-0.3172591030597687,0.08307070230717782,-0.9683118470155129,0.03413716780963007,1.0465110767542625,1.6179517494387403,0.0,0.03104030960403306,0.22753181364286182,-0.15683441301467804,0.16895969039596695,-0.0275318136428618,0.15683441301467804,0.2,0.2,0.0,0.27808498727112696,-0.16904249363556348,False
0,353,0.08307070230717782,-0.9683118470155129,0.03413716780963007,1.0465110767542625,1.6179517494387403,0.0,0.03104030960403306,0.22753181364286182,-0.15683441301467804,-0.8117144107818604,0.8182317018508911,0.9232807159423828,-0.14848379790782928,-0.8434653282165527,0.6038219332695007,0.08307070230717782,-0.9683118470155129,0.03413716780963007,1.0465110767542625,1.6179517494387403,0.0,0.0335184486505008,0.2306365704405705,-0.1450668317772521,0.1664815513494992,-0.03063657044057049,0.1450668317772521,0.2,0.2,0.0,0.2745197619597068,-0.13160762786565167,False
0,354,0.08307070230717782,-0.9683118470155129,0.03413716780963007,1.0465110767542625,1.6179517494387403,0.0,0.0335184486505008,0.2306365704405705,-0.1450668317772521,0.9480949640274048,0.8182733654975891,-0.4909094572067261,0.20234647393226624,0.44385671615600586,-0.03239637240767479,0.08307070230717782,-0.9683118470155129,0.03413716780963007,1.0465110767542625,1.6179517494387403,0.0,0.0335184486505008,0.2306365704405705,-0.1450668317772521,0.1664815513494992,-0.03063657044057049,0.1450668317772521,0.2,0.2,0.0,0.2745197619597068,-0.1672598809798534,False
0,355,0.08307070230717782,-0.9683118470155129,0.03413716780963007,1.0465110767542625,1.6179517494387403,0.0,0.0335184486505008,0.2306365704405705,-0.1450668317772521,0.7176985144615173,0.9042137861251831,0.8121373653411865,-0.36789605021476746,0.7232722043991089,0.9136250615119934,0.08307070230717782,-0.9683118470155129,0.03413716780963007,1.0465110767542625,1.6179517494387403,0.0,0.03261454086110818,0.2310395916165386,-0.14118589958741917,0.16738545913889183,-0.03103959161653859,0.14118589958741917,0.2,0.2,0.0,0.2727204785347566,-0.1483674050178766,False
0,356,0.08307070230717782,-0.9683118470155129,0.03413716780963007,1.0465110767542625,1.6179517494387403,0.0,0.03261454086110818,0.2310395916165386,-0.14118589958741917,-0.23019489645957947,-0.17431150376796722,0.5585987567901611,-0.7861995697021484,0.5509355664253235,-0.47849971055984497,0.08307070230717782,-0.9683118470155129,0.03413716780963007,1.0465110767542625,1.6179517494387403,0.0,0.03261454086110818,0.2310395916165386,-0.14118589958741917,0.16738545913889183,-0.03103959161653859,0.14118589958741917,0.2,0.2,0.0,0.2727204785347566,-0.1663602392673783,False
0,357,0.08307070230717782,-0.9683118470155129,0.03413716780963007,1.0465110767542625,1.6179517494387403,0.0,0.03261454086110818,0.2310395916165386,-0.14118589958741917,-0.8187050819396973,0.39477792382240295,0.6542025804519653,-0.5589233636856079,-0.6756353378295898,-0.4517591893672943,0.08307070230717782,-0.9683118470155129,0.03413716780963007,1.0465110767542625,1.6179517494387403,0.0,0.03261454086110818,0.2310395916165386,-0.14118589958741917,0.16738545913889183,-0.03103959161653859,0.14118589958741917,0.2,0.2,0.0,0.2727204785347566,-0.1663602392673783,False
0,358,0.08307070230717782,-0.9683118470155129,0.03413716780963007,1.0465110767542625,1.6179517494387403,0.0,0.03261454086110818,0.2310395916165386,-0.14118589958741917,-0.16548864543437958,-0.8224989175796509,0.7330388426780701,0.05085247382521629,0.8869224786758423,0.8813124895095825,0.08307070230717782,-0.9683118470155129,0.03413716780963007,1.0465110767542625,1.6179517494387403,0.0,0.03261454086110818,0.2310395916165386,-0.14118589958741917,0.16738545913889183,-0.03103959161653859,0.14118589958741917,0.2,0.2,0.0,0.2727204785347566,-0.1663602392673783,False
0,359,0.08307070230717782,-0.9683118470155129,0.03413716780963007,1.0465110767542625,1.6179517494387403,0.0,0.03261454086110818,0.2310395916165386,-0.14118589958741917,0.23918026685714722,-0.13702601194381714,0.7007960081100464,0.7628738880157471,-0.5995065569877625,-0.4385562241077423,0.08307070230717782,-0.9683118470155129,0.03413716780963007,1.0465110767542625,1.6179517494387403,0.0,0.031894110417215765,0.2311302165309133,-0.13490833030273058,0.16810588958278425,-0.031130216530913305,0.13490833030273058,0.2,0.2,0.0,0.26951561895000276,-0.13270921362746277,False
0,360,0.08307070230717782,-0.9683118470155129,0.03413716780963007,1.0465110767542625,1.6179517494387403,0.0,0.031894110417215765,0.2311302165309133,-0.13490833030273058,-0.7114264369010925,-0.4226172864437103,-0.4805402457714081,-0.6181206107139587,0.4072181284427643,-0.18932121992111206,0.08307070230717782,-0.9683118470155129,0.03413716780963007,1.0465110767542625,1.6179517494387403,0.0,0.030510418847259108,0.2325819821973617,-0.1398072358449102,0.1694895811527409,-0.032581982197361706,0.1398072358449102,0.2,0.2,0.0,0.2730775115158394,-0.20215768141628637,False
0,361,0.08307070230717782,-0.9683118470155129,0.03413716780963007,1.0465110767542625,1.6179517494387403,0.0,0.030510418847259108,0.2325819821973617,-0.1398072358449102,-0.4762926995754242,0.8550622463226318,0.5096697211265564,-0.21514441072940826,0.3408438265323639,0.5067111253738403,-0.19807440357276065,-0.6999137507333316,0.45978371668163687,1.1655230674186423,1.6773081505392224,0.0,0.026734449407249727,0.2377774716510759,-0.15510334008627663,0.17326555059275028,-0.037777471651075895,0.15510334008627663,0.2,0.2,0.0,0.2851489135799156,-0.29328847743071984,False
0,362,-0.19807440357276065,-0.6999137507333316,0.45978371668163687,1.1655230674186423,1.6773081505392224,0.0,0.026734449407249727,0.2377774716510759,-0.15510334008627663,-0.13034415245056152,-0.346037358045578,-0.6519496440887451,-0.4987265467643738,-0.2440856397151947,0.191829651594162,-0.2067594288586493,-0.6911140080021901,0.44600871049006724,1.152751044545216,1.68233846804183,0.0,0.02523951953036782,0.23883502354230784,-0.1544066865667164,0.1747604804696322,-0.03883502354230784,0.1544066865667164,0.2,0.2,0.0,0.28551817222917836,-0.17645167260721656,False
0,363,-0.2067594288586493,-0.6911140080021901,0.44600871049006724,1.152751044545216,1.68233846804183,0.0,0.02523951953036782,0.23883502354230784,-0.1544066865667164,-0.5357680320739746,-0.17032556235790253,0.5193473100662231,0.5956447124481201,0.582066535949707,0.8233771324157715,-0.20920207853155093,-0.6932556387389488,0.43398920150728654,1.1466428188092743,1.6833493879411676,0.0,0.02523951953036782,0.23883502354230784,-0.1544066865667164,0.1747604804696322,-0.03883502354230784,0.1544066865667164,0.2,0.2,0.0,0.28551817222917836,-0.17275908611458918,False
0,364,-0.20920207853155093,-0.6932556387389488,0.43398920150728654,1.1466428188092743,1.6833493879411676,0.0,0.02523951953036782,0.23883502354230784,-0.1544066865667164,-0.17382702231407166,-0.22535455226898193,0.16433164477348328,-0.4878748059272766,-0.07589294016361237,0.622855544090271,-0.21464790556463342,-0.6920366169996048,0.4375162126354131,1.1483226005576912,1.6884349647997596,0.0,0.024631651797334814,0.2398705314081892,-0.15724334261006112,0.1753683482026652,-0.039870531408189205,0.15724334261006112,0.2,0.2,0.0,0.28787160141892654,-0.19747009260694506,False
0,365,-0.21464790556463342,-0.6920366169996048,0.4375162126354131,1.1483226005576912,1.6884349647997596,0.0,0.024631651797334814,0.2398705314081892,-0.15724334261006112,-0.46645310521125793,-0.2798079252243042,0.22637662291526794,-0.15050116181373596,0.7559715509414673,-0.6408228874206543,-0.217535647292932,-0.6925607111944101,0.42995459373575323,1.133503894288727,1.6911647273540535,0.0,0.02377377573403297,0.2407993241984613,-0.158400857006384,0.17622622426596704,-0.0407993241984613,0.158400857006384,0.2,0.2,0.0,0.28920639420221106,-0.18795112493395075,False
0,366,-0.217535647292932,-0.6925607111944101,0.42995459373575323,1.133503894288727,1.6911647273540535,0.0,0.02377377573403297,0.2407993241984613,-0.158400857006384,-0.6627256870269775,-0.061458609998226166,0.7660782337188721,0.911268949508667,-0.00857140775769949,-0.8178750276565552,-0.22569539310995393,-0.6940664123949624,0.42789020351762047,1.1282435656960048,1.7020279160485852,0.0,0.022909322291403994,0.24225929316837935,-0.16087845421414673,0.17709067770859602,-0.04225929316837934,0.16087845421414673,0.2,0.2,0.0,0.2917126654854525,-0.2009190455751406,False
0,367,-0.22569539310995393,-0.6940664123949624,0.42789020351762047,1.1282435656960048,1.7020279160485852,0.0,0.022909322291403994,0.24225929316837935,-0.16087845421414673,-0.04804937541484833,-0.6499796509742737,0.0007807610672898591,-0.019423432648181915,0.1572936773300171,-0.05163133889436722,-0.22982527691210303,-0.6955022222866633,0.43720145453082043,1.1340639538006865,1.7029036386005632,0.0,0.024274137278575275,0.24359740103937796,-0.15756157803879628,0.17572586272142474,-0.04359740103937795,0.15756157803879628,0.2,0.2,0.0,0.29112639593110473,-0.16970050242207474,False
0,368,-0.22982527691210303,-0.6955022222866633,0.43720145453082043,1.1340639538006865,1.7029036386005632,0.0,0.024274137278575275,0.24359740103937796,-0.15756157803879628,0.7431564331054688,-0.05924828723073006,-0.12488707154989243,0.30238673090934753,0.10298661887645721,-0.9199801683425903,-0.22394650671195607,-0.7025863991585681,0.4243974561048034,1.1325759264026611,1.7049740172039487,0.0,0.023659337109042777,0.24250743208636527,-0.1631410971790912,0.17634066289095723,-0.042507432086365246,0.1631410971790912,0.2,0.2,0.0,0.29323137014712475,-0.19766542723376254,False
0,369,-0.22394650671195607,-0.7025863991585681,0.4243974561048034,1.1325759264026611,1.7049740172039487,0.0,0.023659337109042777,0.24250743208636527,-0.1631410971790912,-0.2557678818702698,-0.8556309342384338,0.9177173376083374,0.972388744354248,0.6000984907150269,-0.7337589263916016,-0.2099416410666288,-0.69808741116585,0.41235657590738684,1.1371437733471779,1.707626042422805,0.0,0.023659337109042777,0.24250743208636527,-0.1631410971790912,0.17634066289095723,-0.042507432086365246,0.1631410971790912,0.2,0.2,0.0,0.29323137014712475,-0.17661568507356237,False
0,370,-0.2099416410666288,-0.69808741116585,0.41235657590738684,1.1371437733471779,1.707626042422805,0.0,0.023659337109042777,0.24250743208636527,-0.1631410971790912,-0.8126339912414551,0.8616893291473389,-0.4491974413394928,0.5327224135398865,-0.7299262881278992,0.12007815390825272,-0.2099416410666288,-0.69808741116585,0.41235657590738684,1.1371437733471779,1.707626042422805,0.0,0.023309529038027216,0.2521383928309523,-0.16287378887733558,0.1766904709619728,-0.052138392830952264,0.16287378887733558,0.2,0.2,0.0,0.30107303829238696,-0.25895320059881566,False
0,371,-0.2099416410666288,-0.69808741116585,0.41235657590738684,1.1371437733471779,1.707626042422805,0.0,0.023309529038027216,0.2521383928309523,-0.16287378887733558,-0.896927535533905,-0.7243146896362305,0.7555564641952515,0.8920693397521973,-0.8245029449462891,0.07884597033262253,-0.2990020412254498,-0.6221726968273045,0.3394108276021397,1.1993370000233459,1.6486394491427128,0.0,0.02326911168660925,0.2570708217578265,-0.16262243111230398,0.17673088831339076,-0.057070821757826476,0.16262243111230398,0.2,0.2,0.0,0.3050785375256741,-0.2225942610957084,False
0,372,-0.2990020412254498,-0.6221726968273045,0.3394108276021397,1.1993370000233459,1.6486394491427128,0.0,0.02326911168660925,0.2570708217578265,-0.16262243111230398,0.40186208486557007,-0.8009505271911621,0.7604894638061523,0.09984569251537323,-0.844184160232544,0.19754596054553986,-0.3039871037407804,-0.6374980794485652,0.35432045889543246,1.206811632790131,1.6412365081262672,0.0,0.026828778774212497,0.2581943183717634,-0.16121766924973865,0.1731712212257875,-0.05819431837176338,0.16121766924973865,0.2,0.2,0.0,0.3055736020802407,-0.1877374465857864,False
0,373,-0.3039871037407804,-0.6374980794485652,0.35432045889543246,1.206811632790131,1.6412365081262672,0.0,0.026828778774212497,0.2581943183717634,-0.16121766924973865,0.3760853111743927,-0.002341159153729677,0.7782847881317139,0.20796073973178864,-0.09226558357477188,-0.2879633903503418,-0.29036742832775714,-0.6512366880162224,0.3705058326700265,1.2037096709606792,1.6324159827512001,0.0,0.027645399455673514,0.2547606037060278,-0.16037721982516442,0.1723546005443265,-0.05476060370602781,0.16037721982516442,0.2,0.2,0.0,0.3023046244280306,-0.14846253569191403,False
0,374,-0.29036742832775714,-0.6512366880162224,0.3705058326700265,1.2037096709606792,1.6324159827512001,0.0,0.027645399455673514,0.2547606037060278,-0.16037721982516442,-0.004303183872252703,-0.815921425819397,-0.028198543936014175,-0.7916736602783203,-0.09475839138031006,-0.3721928000450134,-0.28011898785443445,-0.6515208926321084,0.38018861606079124,1.1976781157930934,1.6335593841417768,0.0,0.027040671753649076,0.25288949586079645,-0.15866198425792388,0.17295932824635094,-0.05288949586079643,0.15866198425792388,0.2,0.2,0.0,0.29976310695994274,-0.15446637879909297,False
0,375,-0.28011898785443445,-0.6515208926321084,0.38018861606079124,1.1976781157930934,1.6335593841417768,0.0,0.027040671753649076,0.25288949586079645,-0.15866198425792388,-0.2859736382961273,-0.736486554145813,-0.042599037289619446,0.9395899772644043,-0.5861965417861938,-0.05708705633878708,-0.27826602868597977,-0.6660625781239732,0.3687083394438419,1.1920505243621233,1.632809380807617,0.0,0.027040671753649076,0.25288949586079645,-0.15866198425792388,0.17295932824635094,-0.05288949586079643,0.15866198425792388,0.2,0.2,0.0,0.29976310695994274,-0.17988155347997137,False
0,376,-0.27826602868597977,-0.6660625781239732,0.3687083394438419,1.1920505243621233,1.632809380807617,0.0,0.027040671753649076,0.25288949586079645,-0.15866198425792388,-0.8742191791534424,-0.5911950469017029,0.8761019706726074,-0.7201026678085327,0.20256546139717102,-0.5135318040847778,-0.27826602868597977,-0.6660625781239732,0.3687083394438419,1.1920505243621233,1.632809380807617,0.0,0.10414148827204121,0.2347671575445225,-0.26520162773472356,0.0958585117279588,-0.034767157544522476,0.26520162773472356,0.2,0.2,0.0,0.3691787794472987,-0.9087461145972091,False
0,377,-0.27826602868597977,-0.6660625781239732,0.3687083394438419,1.1920505243621233,1.632809380807617,0.0,0.10414148827204121,0.2347671575445225,-0.26520162773472356,-0.0886453241109848,-0.1440836638212204,0.7684337496757507,0.9567246437072754,-0.7770340442657471,-0.8013225793838501,-0.31523374985833347,-1.1314516694514845,0.1108419732391275,1.4662313155922622,1.5311339457721738,0.0,0.10414148827204121,0.2347671575445225,-0.26520162773472356,0.0958585117279588,-0.034767157544522476,0.26520162773472356,0.2,0.2,0.0,0.3691787794472987,-0.21458938972364935,False
0,378,-0.31523374985833347,-1.1314516694514845,0.1108419732391275,1.4662313155922622,1.5311339457721738,0.0,0.10414148827204121,0.2347671575445225,-0.26520162773472356,-0.6492961645126343,-0.6754628419876099,0.42115598917007446,0.5303137302398682,0.7712290287017822,-0.4189950227737427,-0.31523374985833347,-1.1314516694514845,0.1108419732391275,1.4662313155922622,1.5311339457721738,0.0,0.09403453586091955,0.23207622671213224,-0.13677606599541572,0.10596546413908046,-0.032076226712132214,0.13677606599541572,0.2,0.2,0.0,0.2853236078012156,0.6658899125602236,False
0,379,-0.31523374985833347,-1.1314516694514845,0.1108419732391275,1.4662313155922622,1.5311339457721738,0.0,0.09403453586091955,0.23207622671213224,-0.13677606599541572,0.6702947616577148,0.8666442036628723,-0.850163459777832,0.8155421614646912,0.6938402652740479,0.400640606880188,-0.2615464248335119,-0.9011737191514557,0.61490871774549,1.6241756572563006,1.4404449616450357,0.0,0.09705610101631243,0.23097152136047253,-0.1278981231733155,0.10294389898368758,-0.03097152136047252,0.1278981231733155,0.2,0.2,0.0,0.2812928373338298,-0.13033871399305733,False
0,380,-0.2615464248335119,-0.9011737191514557,0.61490871774549,1.6241756572563006,1.4404449616450357,0.0,0.09705610101631243,0.23097152136047253,-0.1278981231733155,-0.4428407549858093,0.9773370027542114,0.8704981803894043,0.6103051900863647,0.41089802980422974,-0.7663185596466064,-0.2615464248335119,-0.9011737191514557,0.61490871774549,1.6241756572563006,1.4404449616450357,0.0,0.10231349766924283,0.23363598015788473,-0.09917546569366509,0.09768650233075718,-0.033635980157884715,0.09917546569366509,0.2,0.2,0.0,0.2736596353597019,-0.09049779793857171,False
0,381,-0.2615464248335119,-0.9011737191514557,0.61490871774549,1.6241756572563006,1.4404449616450357,0.0,0.10231349766924283,0.23363598015788473,-0.09917546569366509,-0.1875421553850174,-0.5528574585914612,-0.037359099835157394,-0.8888565897941589,-0.6122440695762634,-0.8991212844848633,-0.3088510782868346,-0.7635495676418386,0.7285021062010947,1.6039720762464549,1.5595635420844138,0.0,0.10484856646276021,0.23397721894380155,-0.09257168448383585,0.0951514335372398,-0.03397721894380154,0.09257168448383585,0.2,0.2,0.0,0.2725950800035583,-0.15565198644034334,False
0,382,-0.3088510782868346,-0.7635495676418386,0.7285021062010947,1.6039720762464549,1.5595635420844138,0.0,0.10484856646276021,0.23397721894380155,-0.09257168448383585,0.2712317407131195,0.7916347980499268,0.8042823672294617,0.6899253129959106,-0.4361383616924286,-0.08628596365451813,-0.305508601222466,-0.7633546180082176,0.7093868572600612,1.5897888825432072,1.5561492409459372,0.0,0.10026743197687027,0.23524301238348239,-0.09704691994155179,0.09973256802312974,-0.03524301238348236,0.09704691994155179,0.2,0.2,0.0,0.27351588155102347,-0.17596595625016329,False
0,383,-0.305508601222466,-0.7633546180082176,0.7093868572600612,1.5897888825432072,1.5561492409459372,0.0,0.10026743197687027,0.23524301238348239,-0.09704691994155179,-0.037759147584438324,0.8179482221603394,-0.28600484132766724,0.9285303354263306,-0.949357807636261,0.3853783905506134,-0.2984194332144977,-0.74557797369501,0.7103187406869997,1.591601062963509,1.5531493811268016,0.0,0.10060255265507449,0.23406527878266972,-0.09385459267269125,0.09939744734492552,-0.034065278782669704,0.09385459267269125,0.2,0.2,0.0,0.27150711389958593,-0.1456658804354176,False
0,384,-0.2984194332144977,-0.74557797369501,0.7103187406869997,1.591601062963509,1.5531493811268016,0.0,0.10060255265507449,0.23406527878266972,-0.09385459267269125,-0.15128181874752045,0.6224672794342041,-0.9693279266357422,0.9508217573165894,0.9499712586402893,0.914914071559906,-0.2958920009165997,-0.7284537030057369,0.6911187406924499,1.5964377319070593,1.5525903534535512,0.0,0.10060255265507449,0.23406527878266972,-0.09385459267269125,0.09939744734492552,-0.034065278782669704,0.09385459267269125,0.2,0.2,0.0,0.27150711389958593,-0.16575355694979296,False
0,385,-0.2958920009165997,-0.7284537030057369,0.6911187406924499,1.5964377319070593,1.5525903534535512,0.0,0.10060255265507449,0.23406527878266972,-0.09385459267269125,-0.8283869624137878,0.8612518310546875,0.9163450598716736,-0.3648366332054138,-0.1603023111820221,0.2322230339050293,-0.2940198571028033,-0.7092537030046114,0.6719187406979578,1.6049743079701768,1.5711983735230466,0.0,0.09866484418215606,0.23430336345526753,-0.09517875105382874,0.10133515581784396,-0.03430336345526753,0.09517875105382874,0.2,0.2,0.0,0.27146235881997904,-0.16528362861392068,False
0,386,-0.2940198571028033,-0.7092537030046114,0.6719187406979578,1.6049743079701768,1.5711983735230466,0.0,0.09866484418215606,0.23430336345526753,-0.09517875105382874,-0.33226466178894043,0.5441097021102905,0.41410550475120544,-0.4395560920238495,0.8421841859817505,0.34161892533302307,-0.29739040724774746,-0.6843178863457933,0.67197170466831,1.59572574917102,1.5800239782573555,0.0,0.09762643553828111,0.2344664085934879,-0.09531606272231458,0.1023735644617189,-0.034466408593487895,0.09531606272231458,0.2,0.2,0.0,0.27127581810313056,-0.16377250188308046,False
0,387,-0.29739040724774746,-0.6843178863457933,0.67197170466831,1.59572574917102,1.5800239782573555,0.0,0.09762643553828111,0.2344664085934879,-0.09531606272231458,-0.2777250409126282,-0.6336114406585693,-0.6976232528686523,-0.9576306343078613,-0.5840352773666382,-0.8153557777404785,-0.2989334778526523,-0.6760795648053077,0.6669863295288235,1.5832313872947945,1.5881007901337392,0.0,0.09588717627213793,0.2355086198748517,-0.09175477107123516,0.10411282372786208,-0.035508619874851675,0.09175477107123516,0.2,0.2,0.0,0.2703286862749424,-0.15569302485558945,False
0,388,-0.2989334778526523,-0.6760795648053077,0.6669863295288235,1.5832313872947945,1.5881007901337392,0.0,0.09588717627213793,0.2355086198748517,-0.09175477107123516,-0.7489569187164307,0.20716100931167603,-0.8731535077095032,0.9517525434494019,-0.6858715415000916,-0.4374726116657257,-0.30083743413640296,-0.6860964681739095,0.6335111785677018,1.5694365703670212,1.5843735091458622,0.0,0.08984283858817432,0.23764431981858036,-0.09931222994355957,0.11015716141182569,-0.03764431981858035,0.09931222994355957,0.2,0.2,0.0,0.27278100631088464,-0.1909137035148649,False
0,389,-0.30083743413640296,-0.6860964681739095,0.6335111785677018,1.5694365703670212,1.5843735091458622,0.0,0.08984283858817432,0.23764431981858036,-0.09931222994355957,-0.5437110662460327,-0.8503246903419495,0.1879461705684662,0.5904514789581299,-0.14175991714000702,0.7214517593383789,-0.31092934618061996,-0.680596573330429,0.6166814157581051,1.5742058673631902,1.5806928516871097,0.0,0.08898308156224585,0.23927415026546323,-0.10139525296822936,0.11101691843775416,-0.0392741502654632,0.10139525296822936,0.2,0.2,0.0,0.2746836455161901,-0.18636821481114985,False
0,390,-0.31092934618061996,-0.680596573330429,0.6166814157581051,1.5742058673631902,1.5806928516871097,0.0,0.08898308156224585,0.23927415026546323,-0.10139525296822936,0.7760348320007324,0.6436902284622192,0.8885012865066528,-0.77811598777771,-0.06300082802772522,-0.24603675305843353,-0.31092934618061996,-0.680596573330429,0.6166814157581051,1.5742058673631902,1.5806928516871097,0.0,0.08689547886272864,0.2358048804745171,-0.08904402715379761,0.11310452113727137,-0.035804880474517076,0.08904402715379761,0.2,0.2,0.0,0.26661508710902027,-0.08262195948281156,False
0,391,-0.31092934618061996,-0.680596573330429,0.6166814157581051,1.5742058673631902,1.5806928516871097,0.0,0.08689547886272864,0.2358048804745171,-0.08904402715379761,0.6918331980705261,0.2985652685165405,0.9355361461639404,0.6954959034919739,-0.23181544244289398,0.3025103509426117,-0.25505431735554246,-0.5708837833805598,0.6707531974547122,1.513572757747865,1.5935995198779414,0.0,0.08692480141049508,0.23257794777523824,-0.07897068931833343,0.11307519858950493,-0.03257794777523823,0.07897068931833343,0.2,0.2,0.0,0.2605471025803361,-0.09959370600332626,False
0,392,-0.25505431735554246,-0.5708837833805598,0.6707531974547122,1.513572757747865,1.5935995198779414,0.0,0.08692480141049508,0.23257794777523824,-0.07897068931833343,-0.6195478439331055,-0.5655471086502075,0.2053222507238388,0.1395750790834427,0.17085565626621246,-0.5829355120658875,-0.24520123062953894,-0.56324072786834,0.6811419829238288,1.5131170892731487,1.5951229537661218,0.0,0.08877561266431487,0.23038953577175428,-0.0753567834750648,0.11122438733568514,-0.03038953577175426,0.0753567834750648,0.2,0.2,0.0,0.2581454869114638,-0.13505658676700874,False
0,393,-0.24520123062953894,-0.56324072786834,0.6811419829238288,1.5131170892731487,1.5951229537661218,0.0,0.08877561266431487,0.23038953577175428,-0.0753567834750648,0.5814076662063599,0.3035554587841034,-0.8443464636802673,-0.06550554931163788,0.7937096953392029,-0.5513094663619995,-0.2469498873979863,-0.5677000041955317,0.6653964801708792,1.5041660173216085,1.6016996221119626,0.0,0.08515043827267195,0.23173814303283577,-0.07889180664268065,0.11484956172732806,-0.031738143032835765,0.07889180664268065,0.2,0.2,0.0,0.2591854186285974,-0.16999202648563494,False
0,394,-0.2469498873979863,-0.5677000041955317,0.6653964801708792,1.5041660173216085,1.6016996221119626,0.0,0.08515043827267195,0.23173814303283577,-0.07889180664268065,0.9046623706817627,-0.6453233957290649,-0.0425226129591465,0.32157188653945923,0.9796426296234131,-0.6721808910369873,-0.22779183920594598,-0.5682148608069597,0.6458283448976944,1.4936993679359183,1.6173801174215054,0.0,0.08515043827267195,0.23173814303283577,-0.07889180664268065,0.11484956172732806,-0.031738143032835765,0.07889180664268065,0.2,0.2,0.0,0.2591854186285974,-0.1595927093142987,False
0,395,-0.22779183920594598,-0.5682148608069597,0.6458283448976944,1.4936993679359183,1.6173801174215054,0.0,0.08515043827267195,0.23173814303283577,-0.07889180664268065,0.30548417568206787,-0.1044435203075409,0.6046940088272095,0.886774480342865,0.2841596007347107,0.14337831735610962,-0.21594112062221624,-0.5772916178406985,0.638251222566517,1.491735128811801,1.6284697313880876,0.0,0.08075188503715992,0.23017498244354884,-0.08201234333556426,0.11924811496284009,-0.030174982443548826,0.08201234333556426,0.2,0.2,0.0,0.2573468747417252,-0.14028799850214047,False
0,396,-0.21594112062221624,-0.5772916178406985,0.638251222566517,1.491735128811801,1.6284697313880876,0.0,0.08075188503715992,0.23017498244354884,-0.08201234333556426,-0.4266287088394165,-0.899796187877655,0.7244746685028076,0.8180875182151794,-0.37925851345062256,0.8087533712387085,-0.2123043292394633,-0.5832749789722331,0.645989307110353,1.4973120586813953,1.6313465814021606,0.0,0.07946870352502418,0.22849560681569164,-0.0840716014875513,0.12053129647497583,-0.028495606815691632,0.0840716014875513,0.2,0.2,0.0,0.2561123803151675,-0.14571124589200665,False
0,397,-0.2123043292394633,-0.5832749789722331,0.645989307110353,1.4973120586813953,1.6313465814021606,0.0,0.07946870352502418,0.22849560681569164,-0.0840716014875513,0.9758726358413696,-0.7790391445159912,0.055339157581329346,0.6695043444633484,0.3193988800048828,-0.45702794194221497,-0.21020778613474195,-0.5986262436121387,0.6492201452734571,1.5010922548467456,1.6314669832423807,0.0,0.08184130296071958,0.22831694059395308,-0.08408378442460943,0.11815869703928043,-0.02831694059395306,0.08408378442460943,0.2,0.2,0.0,0.2567035391958108,-0.16426335840433856,False
0,398,-0.21020778613474195,-0.5986262436121387,0.6492201452734571,1.5010922548467456,1.6314669832423807,0.0,0.08184130296071958,0.22831694059395308,-0.08408378442460943,-0.14874015748500824,0.839301347732544,0.2944839596748352,0.7584172487258911,-0.6699310541152954,-0.8144203424453735,-0.19612427309087063,-0.6049868784781425,0.6341169865582761,1.5043642208133396,1.6363152768891929,0.0,0.07916766684349912,0.22608887028520108,-0.08970649667779101,0.1208323331565009,-0.026088870285201085,0.08970649667779101,0.2,0.2,0.0,0.25579474640125877,-0.1488094452551091,False
0,399,-0.19612427309087063,-0.6049868784781425,0.6341169865582761,1.5043642208133396,1.6363152768891929,0.0,0.07916766684349912,0.22608887028520108,-0.08970649667779101,-0.5736379623413086,-0.25516393780708313,-0.7034982442855835,0.14793695509433746,0.011755111627280712,0.5886188745498657,-0.19612427309087063,-0.6049868784781425,0.6341169865582761,1.5043642208133396,1.6363152768891929,0.0,0.07914352919557448,0.22628963802502952,-0.08782064924526413,0.12085647080442553,-0.02628963802502952,0.08782064924526413,0.2,0.2,0.0,0.2553099389465466,-0.1528068949261514,False
0,400,-0.19612427309087063,-0.6049868784781425,0.6341169865582761,1.5043642208133396,1.6363152768891929,0.0,0.07914352919557448,0.22628963802502952,-0.08782064924526413,0.04774602875113487,0.6789412498474121,-0.2172476202249527,0.5608183145523071,0.7457979321479797,0.855359673500061,-0.19612427309087063,-0.6049868784781425,0.6341169865582761,1.5043642208133396,1.6363152768891929,0.0,0.023424063478358015,0.2302049531831969,-0.11068533913539888,0.176575936521642,-0.030204953183196895,0.11068533913539888,0.2,0.2,0.0,0.2565039015676648,-0.17019157699501444,False
0,401,-0.19612427309087063,-0.6049868784781425,0.6341169865582761,1.5043642208133396,1.6363152768891929,0.0,0.023424063478358015,0.2302049531831969,-0.11068533913539888,-0.8936984539031982,-0.31834715604782104,0.44211769104003906,0.9185978174209595,-0.15325190126895905,0.9903140068054199,-0.19612427309087063,-0.6049868784781425,0.6341169865582761,1.5043642208133396,1.6363152768891929,0.0,-0.007334277959237828,0.2255559016950234,-0.10387264254518841,0.20733427795923784,-0.025555901695023385,0.10387264254518841,0.2,0.2,0.0,0.24843265142078025,-0.07350382424154478,False
0,402,-0.19612427309087063,-0.6049868784781425,0.6341169865582761,1.5043642208133396,1.6363152768891929,0.0,-0.007334277959237828,0.2255559016950234,-0.10387264254518841,0.30084866285324097,-0.1344311386346817,0.47229981422424316,0.84306800365448,0.14898209273815155,-0.6309546232223511,-0.10184216801352715,0.1635914790678683,-0.20937365758077658,1.4876046064077928,2.0431028955855797,0.0,0.002445387599808835,0.2078343678843521,-0.09493552073600894,0.19755461240019118,-0.007834367884352093,0.09493552073600894,0.2,0.2,0.0,0.2285035174604949,0.05503958087260594,False
0,403,-0.10184216801352715,0.1635914790678683,-0.20937365758077658,1.4876046064077928,2.0431028955855797,0.0,0.002445387599808835,0.2078343678843521,-0.09493552073600894,-0.3960919976234436,0.4947788715362549,0.934363067150116,0.34696948528289795,-0.8843259811401367,0.4542078375816345,-0.10184216801352715,0.1635914790678683,-0.20937365758077658,1.4876046064077928,2.0431028955855797,0.0,0.01740834493136792,0.20000624417294974,-0.098554454430356,0.1825916550686321,-6.244172949723583e-06,0.098554454430356,0.2,0.2,0.0,0.22364822527684897,-0.09327119080196505,False
0,404,-0.10184216801352715,0.1635914790678683,-0.20937365758077658,1.4876046064077928,2.0431028955855797,0.0,0.01740834493136792,0.20000624417294974,-0.098554454430356,0.6920954585075378,-0.2587043344974518,-0.42504167556762695,-0.6332752704620361,0.2521858811378479,-0.5462222099304199,0.002939495609719897,-0.09192273716889472,0.05387043377540641,1.6022298622048399,1.943903459278419,0.0,0.01740834493136792,0.20000624417294974,-0.098554454430356,0.1825916550686321,-6.244172949723583e-06,0.098554454430356,0.2,0.2,0.0,0.22364822527684897,-0.14182411263842448,False
0,405,0.002939495609719897,-0.09192273716889472,0.05387043377540641,1.6022298622048399,1.943903459278419,0.0,0.01740834493136792,0.20000624417294974,-0.098554454430356,-0.3186008930206299,0.8232978582382202,0.3578415811061859,-0.8935808539390564,0.9610943794250488,-0.15925990045070648,0.016014468140884846,-0.10578866796628072,0.022221814232246173,1.5803104223539153,1.9425235038528472,0.0,0.018114474029523125,0.19845642278512707,-0.10063611483233528,0.18188552597047689,0.001543577214872956,0.10063611483233528,0.2,0.2,0.0,0.22325033823621038,-0.1376462987117193,False
0,406,0.016014468140884846,-0.10578866796628072,0.022221814232246173,1.5803104223539153,1.9425235038528472,0.0,0.018114474029523125,0.19845642278512707,-0.10063611483233528,0.4485543668270111,0.8078679442405701,-0.30634596943855286,-0.43630874156951904,0.15334071218967438,0.31805357336997986,0.01367573834545009,-0.0858765941687216,0.022785841821573297,1.5649291309949216,1.9448892221562295,0.0,0.012682486443326813,0.19656370323388164,-0.10635705045680378,0.1873175135566732,0.0034362967661183646,0.10635705045680378,0.2,0.2,0.0,0.2238525342123108,-0.14794822686715964,False
0,407,0.01367573834545009,-0.0858765941687216,0.022785841821573297,1.5649291309949216,1.9448892221562295,0.0,0.012682486443326813,0.19656370323388164,-0.10635705045680378,-0.1391986459493637,-0.3545416295528412,0.8771370649337769,0.3182825446128845,-0.7339031100273132,-0.02815055474638939,0.01613036927227968,-0.08124576762309074,0.021377713489564177,1.5537341953742265,1.9393907849920267,0.0,0.008926640550615123,0.19584924202045256,-0.10324467855660491,0.1910733594493849,0.004150757979547446,0.10324467855660491,0.2,0.2,0.0,0.2215763393545492,-0.11802622109965867,False
0,408,0.01613036927227968,-0.08124576762309074,0.021377713489564177,1.5537341953742265,1.9393907849920267,0.0,0.008926640550615123,0.19584924202045256,-0.10324467855660491,-0.8158131837844849,0.7347232103347778,0.4667339324951172,-0.6014471054077148,-0.168344646692276,0.7302868366241455,0.005269330032106398,-0.09008865812199783,0.03974976807203112,1.5406304660119792,1.9244636069468046,0.0,0.01048983122193839,0.19737715122084187,-0.10345382912927738,0.18951016877806162,0.002622848779158137,0.10345382912927738,0.2,0.2,0.0,0.22309296525132646,-0.15671274159343582,False
0,409,0.005269330032106398,-0.09008865812199783,0.03974976807203112,1.5406304660119792,1.9244636069468046,0.0,0.01048983122193839,0.19737715122084187,-0.10345382912927738,0.31410980224609375,0.20488905906677246,0.87049800157547,0.45728951692581177,-0.020399363711476326,0.0761704370379448,-0.003179000841885304,-0.07067883989297034,0.05610603760745782,1.5303350808840286,1.9193269272505051,0.0,0.010218709990336028,0.20024232814016232,-0.09596420194789806,0.18978129000966398,-0.0002423281401623034,0.09596420194789806,0.2,0.2,0.0,0.22228481744904666,-0.13306093070172526,False
0,410,-0.003179000841885304,-0.07067883989297034,0.05610603760745782,1.5303350808840286,1.9193269272505051,0.0,0.010218709990336028,0.20024232814016232,-0.09596420194789806,-0.08325020223855972,-0.6281751394271851,-0.10272063314914703,-0.27572277188301086,-0.38683021068573,0.09057962149381638,-0.003179000841885304,-0.07067883989297034,0.05610603760745782,1.5303350808840286,1.9193269272505051,0.0,0.002633740878862284,0.20252780009803084,-0.10935343521790467,0.19736625912113773,-0.0025278000980308215,0.10935343521790467,0.2,0.2,0.0,0.23017953905054508,-0.22403698554025683,False
0,411,-0.003179000841885304,-0.07067883989297034,0.05610603760745782,1.5303350808840286,1.9193269272505051,0.0,0.002633740878862284,0.20252780009803084,-0.10935343521790467,-0.3627381920814514,0.6739687323570251,-0.1584441214799881,-0.2998617887496948,0.2521042823791504,-0.4975307285785675,-0.003179000841885304,-0.07067883989297034,0.05610603760745782,1.5303350808840286,1.9193269272505051,0.0,-0.005354596086564134,0.2066657834814938,-0.1188790957080149,0.20535459608656415,-0.006665783481493785,0.1188790957080149,0.2,0.2,0.0,0.23847779174930586,-0.2322214228622607,False
0,412,-0.003179000841885304,-0.07067883989297034,0.05610603760745782,1.5303350808840286,1.9193269272505051,0.0,-0.005354596086564134,0.2066657834814938,-0.1188790957080149,0.5274553894996643,-0.9465323686599731,-0.09176219999790192,0.9587039947509766,0.08838288486003876,0.8511606454849243,-0.03682868922257284,-0.1277070873289216,0.0004550684040488547,1.4310394779418618,1.8593648129339313,0.0,-0.012503247472387513,0.20946155841073805,-0.13711366461878874,0.21250324747238752,-0.009461558410738034,0.13711366461878874,0.2,0.2,0.0,0.25066039311068766,-0.2771562101691618,False
0,413,-0.03682868922257284,-0.1277070873289216,0.0004550684040488547,1.4310394779418618,1.8593648129339313,0.0,-0.012503247472387513,0.20946155841073805,-0.13711366461878874,-0.1343938112258911,0.457585871219635,0.9100583791732788,-0.11289168149232864,-0.1312570720911026,-0.9026382565498352,-0.03682868922257284,-0.1277070873289216,0.0004550684040488547,1.4310394779418618,1.8593648129339313,0.0,-0.012503247472387513,0.20946155841073805,-0.13711366461878874,0.21250324747238752,-0.009461558410738034,0.13711366461878874,0.2,0.2,0.0,0.25066039311068766,-0.15533019655534383,False
0,414,-0.03682868922257284,-0.1277070873289216,0.0004550684040488547,1.4310394779418618,1.8593648129339313,0.0,-0.012503247472387513,0.20946155841073805,-0.13711366461878874,-0.30293047428131104,0.07983273267745972,0.12284437566995621,0.5069729089736938,0.395670622587204,0.9202413558959961,-0.03682868922257284,-0.1277070873289216,0.0004550684040488547,1.4310394779418618,1.8593648129339313,0.0,-0.012503247472387513,0.20946155841073805,-0.13711366461878874,0.21250324747238752,-0.009461558410738034,0.13711366461878874,0.2,0.2,0.0,0.25066039311068766,-0.15533019655534383,False
0,415,-0.03682868922257284,-0.1277070873289216,0.0004550684040488547,1.4310394779418618,1.8593648129339313,0.0,-0.012503247472387513,0.20946155841073805,-0.13711366461878874,0.2818810045719147,0.5432980060577393,-0.8436756730079651,-0.6958105564117432,0.8446513414382935,0.7393949627876282,-0.03682868922257284,-0.1277070873289216,0.0004550684040488547,1.4310394779418618,1.8593648129339313,0.0,-0.012503247472387513,0.20946155841073805,-0.13711366461878874,0.21250324747238752,-0.009461558410738034,0.13711366461878874,0.2,0.2,0.0,0.25066039311068766,-0.15533019655534383,False
0,416,-0.03682868922257284,-0.1277070873289216,0.0004550684040488547,1.4310394779418618,1.8593648129339313,0.0,-0.012503247472387513,0.20946155841073805,-0.13711366461878874,0.31753987073898315,0.31319424510002136,-0.28558260202407837,0.906274676322937,0.6274118423461914,-0.11014791578054428,-0.03682868922257284,-0.1277070873289216,0.0004550684040488547,1.4310394779418618,1.8593648129339313,0.0,-0.043547629749426026,0.19718138074658723,-0.14417383564699998,0.24354762974942604,0.00281861925341278,0.14417383564699998,0.2,0.2,0.0,0.24811889862542083,-0.1286445044600421,False
0,417,-0.03682868922257284,-0.1277070873289216,0.0004550684040488547,1.4310394779418618,1.8593648129339313,0.0,-0.043547629749426026,0.19718138074658723,-0.14417383564699998,0.6455014944076538,-0.9243202805519104,0.3022579848766327,-0.2139488160610199,-0.8078615665435791,-0.633423924446106,0.00014103804439608597,-0.05992543196895099,-0.1729577017015794,1.3069286448512525,1.9221740596668218,0.0,-0.04532828343160575,0.1958711697744083,-0.14523236407236714,0.24532828343160576,0.004128830225591717,0.14523236407236714,0.2,0.2,0.0,0.2480173542349399,-0.15299323321266062,False
0,418,0.00014103804439608597,-0.05992543196895099,-0.1729577017015794,1.3069286448512525,1.9221740596668218,0.0,-0.04532828343160575,0.1958711697744083,-0.14523236407236714,0.6637285947799683,-0.2237841635942459,0.11144786328077316,-0.33290937542915344,0.1556892991065979,-0.1932937204837799,0.02292945590802817,-0.03937841708253434,-0.20212496173591196,1.2622652266878571,1.9315483622136145,0.0,-0.04532828343160575,0.1958711697744083,-0.14523236407236714,0.24532828343160576,0.004128830225591717,0.14523236407236714,0.2,0.2,0.0,0.2480173542349399,-0.15400867711746996,False
0,419,0.02292945590802817,-0.03937841708253434,-0.20212496173591196,1.2622652266878571,1.9315483622136145,0.0,-0.04532828343160575,0.1958711697744083,-0.14523236407236714,-0.7131664752960205,0.5835543870925903,-0.578947126865387,0.7302507758140564,0.7356426119804382,0.012860394082963467,0.02292945590802817,-0.03937841708253434,-0.20212496173591196,1.2622652266878571,1.9315483622136145,0.0,-0.043642637306328974,0.167190167108333,-0.17386792061125614,0.24364263730632899,0.03280983289166699,0.17386792061125614,0.2,0.2,0.0,0.245127080483667,-0.12366080272910446,False
0,420,0.02292945590802817,-0.03937841708253434,-0.20212496173591196,1.2622652266878571,1.9315483622136145,0.0,-0.043642637306328974,0.167190167108333,-0.17386792061125614,0.09824744611978531,-0.8032999038696289,-0.23097828030586243,0.592125654220581,-0.5461091995239258,0.32778114080429077,0.02292945590802817,-0.03937841708253434,-0.20212496173591196,1.2622652266878571,1.9315483622136145,0.0,0.027585943494523646,0.18422745403227084,-0.29374725676283975,0.17241405650547637,0.015772545967729163,0.29374725676283975,0.2,0.2,0.0,0.3478335664558399,-1.2309816429496492,False
0,421,0.02292945590802817,-0.03937841708253434,-0.20212496173591196,1.2622652266878571,1.9315483622136145,0.0,0.027585943494523646,0.18422745403227084,-0.29374725676283975,0.8572567701339722,-0.43511268496513367,0.4698762893676758,-0.822284460067749,0.4840155243873596,-0.4398476779460907,0.02292945590802817,-0.03937841708253434,-0.20212496173591196,1.2622652266878571,1.9315483622136145,0.0,0.038844926637361527,0.18605725768061898,-0.30374751390914434,0.16115507336263848,0.013942742319381016,0.30374751390914434,0.2,0.2,0.0,0.35831380613518105,-0.3139592998610019,False
0,422,0.02292945590802817,-0.03937841708253434,-0.20212496173591196,1.2622652266878571,1.9315483622136145,0.0,0.038844926637361527,0.18605725768061898,-0.30374751390914434,0.8312468528747559,0.9632846713066101,-0.13703720271587372,-0.021240049973130226,0.7144323587417603,0.2938002049922943,0.08296247239699694,-0.6550559132387808,-0.2977173958541186,1.2742325274233535,1.7211729898669446,0.0,0.038844926637361527,0.18605725768061898,-0.30374751390914434,0.16115507336263848,0.013942742319381016,0.30374751390914434,0.2,0.2,0.0,0.35831380613518105,-0.20915690306759052,False
0,423,0.08296247239699694,-0.6550559132387808,-0.2977173958541186,1.2742325274233535,1.7211729898669446,0.0,0.038844926637361527,0.18605725768061898,-0.30374751390914434,0.859656572341919,0.02250785566866398,-0.44014474749565125,0.21071308851242065,-0.37918907403945923,-0.14034762978553772,0.09624203588426453,-0.638692771663073,-0.30331142803085964,1.2683448315081118,1.7270754631576117,0.0,0.03909572621969623,0.18505869832036786,-0.30432403664736885,0.16090427378030378,0.01494130167963216,0.30432403664736885,0.2,0.2,0.0,0.3583131548157609,-0.20915006421367927,False
0,424,0.09624203588426453,-0.638692771663073,-0.30331142803085964,1.2683448315081118,1.7270754631576117,0.0,0.03909572621969623,0.18505869832036786,-0.30432403664736885,-0.13480590283870697,-0.04141336679458618,-0.3796849846839905,0.5629653930664062,-0.4850379526615143,-0.007141781505197287,0.10324053785991923,-0.6320006200817689,-0.31597183244349286,1.2683474739374068,1.7222462024795078,0.0,0.037111683465242795,0.18214247412673268,-0.3045450494287084,0.16288831653475722,0.017857525873267343,0.3045450494287084,0.2,0.2,0.0,0.3567924397491717,-0.19318906920869344,False
0,425,0.10324053785991923,-0.6320006200817689,-0.31597183244349286,1.2683474739374068,1.7222462024795078,0.0,0.037111683465242795,0.18214247412673268,-0.3045450494287084,-0.4479542374610901,0.1544516682624817,-0.43096256256103516,0.7922672629356384,0.757292628288269,0.6942678689956665,0.05719367915319049,-0.5899203106185377,-0.3661799053161814,1.304855323020225,1.74707848620444,0.0,0.03712041540898653,0.18252947537966138,-0.3059777675593849,0.16287958459101348,0.01747052462033863,0.3059777675593849,0.2,0.2,0.0,0.35821408244670544,-0.22332346819869026,False
0,426,0.05719367915319049,-0.5899203106185377,-0.3661799053161814,1.304855323020225,1.74707848620444,0.0,0.03712041540898653,0.18252947537966138,-0.3059777675593849,0.20531485974788666,-0.7630431652069092,0.928675651550293,0.9013687968254089,0.18332882225513458,0.19573861360549927,0.05719367915319049,-0.5899203106185377,-0.3661799053161814,1.304855323020225,1.74707848620444,0.0,0.02970611624849151,0.1979900449070401,-0.3013387350410197,0.1702938837515085,0.002009955092959888,0.3013387350410197,0.2,0.2,0.0,0.36178383664970787,-0.24658946035487822,False
0,427,0.05719367915319049,-0.5899203106185377,-0.3661799053161814,1.304855323020225,1.74707848620444,0.0,0.02970611624849151,0.1979900449070401,-0.3013387350410197,0.17600184679031372,-0.20986202359199524,0.5241563320159912,-0.48789796233177185,-0.04013814777135849,-0.28933486342430115,0.013993679154679894,-0.5473087603591134,-0.40937990528505713,1.3396783578668918,1.781797324847638,0.0,0.028530627933196745,0.20142539750713992,-0.29990540845212754,0.17146937206680327,-0.0014253975071398986,0.29990540845212754,0.2,0.2,0.0,0.36239404176946577,-0.2172990720823119,False
0,428,0.013993679154679894,-0.5473087603591134,-0.40937990528505713,1.3396783578668918,1.781797324847638,0.0,0.028530627933196745,0.20142539750713992,-0.29990540845212754,-0.4371349811553955,0.7315769195556641,0.7285032868385315,0.6875653862953186,0.5895472764968872,0.2528124749660492,-0.011948580430219846,-0.5196355346736312,-0.4093453171133336,1.3570285471317667,1.8009011715992242,0.0,0.025341836014089403,0.20185649094704686,-0.29459504306893236,0.1746581639859106,-0.0018564909470468378,0.29459504306893236,0.2,0.2,0.0,0.3580146519219658,-0.1652134274859832,False
0,429,-0.011948580430219846,-0.5196355346736312,-0.4093453171133336,1.3570285471317667,1.8009011715992242,0.0,0.025341836014089403,0.20185649094704686,-0.29459504306893236,-0.9719668030738831,-0.6217775940895081,0.604942262172699,-0.5486332774162292,0.6110031604766846,0.056086279451847076,-0.028176192912858108,-0.4956355346726597,-0.37574531710987796,1.365613012608639,1.8094526707058602,0.0,0.025341836014089403,0.20185649094704686,-0.29459504306893236,0.1746581639859106,-0.0018564909470468378,0.29459504306893236,0.2,0.2,0.0,0.3580146519219658,-0.2090073259609829,False
0,430,-0.028176192912858108,-0.4956355346726597,-0.37574531710987796,1.365613012608639,1.8094526707058602,0.0,0.025341836014089403,0.20185649094704686,-0.29459504306893236,0.7898470759391785,0.34322744607925415,-0.9686042666435242,0.14290405809879303,0.7619080543518066,0.0548468716442585,-0.028176192912858108,-0.4956355346726597,-0.37574531710987796,1.365613012608639,1.8094526707058602,0.0,0.0008137157291716879,0.08793288314332132,-0.3503131745647613,0.19918628427082832,0.1120671168566787,0.3503131745647613,0.2,0.2,0.0,0.36118163622314164,-0.24226066112332928,False
0,431,-0.028176192912858108,-0.4956355346726597,-0.37574531710987796,1.365613012608639,1.8094526707058602,0.0,0.0008137157291716879,0.08793288314332132,-0.3503131745647613,-0.42620155215263367,-0.8504327535629272,-0.7805505394935608,0.7256675958633423,-0.5948837399482727,-0.5205001831054688,-0.028176192912858108,-0.4956355346726597,-0.37574531710987796,1.365613012608639,1.8094526707058602,0.0,0.0008137157291716879,0.08793288314332132,-0.3503131745647613,0.19918628427082832,0.1120671168566787,0.3503131745647613,0.2,0.2,0.0,0.36118163622314164,-0.21059081811157082,False
0,432,-0.028176192912858108,-0.4956355346726597,-0.37574531710987796,1.365613012608639,1.8094526707058602,0.0,0.0008137157291716879,0.08793288314332132,-0.3503131745647613,0.7278673648834229,0.17986148595809937,-0.436212956905365,0.5719422698020935,0.9104955792427063,0.7385136485099792,-0.028176192912858108,-0.4956355346726597,-0.37574531710987796,1.365613012608639,1.8094526707058602,0.0,0.0008137157291716879,0.08793288314332132,-0.3503131745647613,0.19918628427082832,0.1120671168566787,0.3503131745647613,0.2,0.2,0.0,0.36118163622314164,-0.21059081811157082,False
0,433,-0.028176192912858108,-0.4956355346726597,-0.37574531710987796,1.365613012608639,1.8094526707058602,0.0,0.0008137157291716879,0.08793288314332132,-0.3503131745647613,0.19306819140911102,0.7661653757095337,-0.07134155929088593,0.7760984301567078,0.5919768214225769,0.9463523626327515,-0.028176192912858108,-0.4956355346726597,-0.37574531710987796,1.365613012608639,1.8094526707058602,0.0,0.0034042332242588402,0.08890723816767876,-0.35188274027603694,0.19659576677574117,0.11109276183232125,0.35188274027603694,0.2,0.2,0.0,0.3629566760739116,-0.22922873654465512,False
0,434,-0.028176192912858108,-0.4956355346726597,-0.37574531710987796,1.365613012608639,1.8094526707058602,0.0,0.0034042332242588402,0.08890723816767876,-0.35188274027603694,0.14366881549358368,0.15080201625823975,0.8951970934867859,-0.40934401750564575,0.6929439306259155,0.7669823169708252,-0.028176192912858108,-0.4956355346726597,-0.37574531710987796,1.365613012608639,1.8094526707058602,0.0,0.0034042332242588402,0.08890723816767876,-0.35188274027603694,0.19659576677574117,0.11109276183232125,0.35188274027603694,0.2,0.2,0.0,0.3629566760739116,-0.2114783380369558,False
0,435,-0.028176192912858108,-0.4956355346726597,-0.37574531710987796,1.365613012608639,1.8094526707058602,0.0,0.0034042332242588402,0.08890723816767876,-0.35188274027603694,-0.23793424665927887,0.6561837196350098,0.5644887685775757,-0.9220514893531799,-0.09915342181921005,0.774194598197937,-0.028176192912858108,-0.4956355346726597,-0.37574531710987796,1.365613012608639,1.8094526707058602,0.0,0.0020444040974862687,0.08842330889353983,-0.3486321283356707,0.19795559590251374,0.11157669110646018,0.3486321283356707,0.2,0.2,0.0,0.35967655199033444,-0.1770370351593958,False
0,436,-0.028176192912858108,-0.4956355346726597,-0.37574531710987796,1.365613012608639,1.8094526707058602,0.0,0.0020444040974862687,0.08842330889353983,-0.3486321283356707,0.5879707932472229,-0.5697357654571533,0.8078956007957458,0.9427375197410583,-0.492902010679245,-0.9590328931808472,-0.028176192912858108,-0.4956355346726597,-0.37574531710987796,1.365613012608639,1.8094526707058602,0.0,-0.007657994353756747,0.08781470067317215,-0.3408936826652892,0.20765799435375676,0.11218529932682786,0.3408936826652892,0.2,0.2,0.0,0.3521059065294757,-0.13034649865615058,False
0,437,-0.028176192912858108,-0.4956355346726597,-0.37574531710987796,1.365613012608639,1.8094526707058602,0.0,-0.007657994353756747,0.08781470067317215,-0.3408936826652892,0.6149864196777344,0.8857569694519043,0.27738431096076965,-0.17898373305797577,0.010757779702544212,0.6516097187995911,-0.028176192912858108,-0.4956355346726597,-0.37574531710987796,1.365613012608639,1.8094526707058602,0.0,-0.007657994353756747,0.08781470067317215,-0.3408936826652892,0.20765799435375676,0.11218529932682786,0.3408936826652892,0.2,0.2,0.0,0.3521059065294757,-0.20605295326473785,False
0,438,-0.028176192912858108,-0.4956355346726597,-0.37574531710987796,1.365613012608639,1.8094526707058602,0.0,-0.007657994353756747,0.08781470067317215,-0.3408936826652892,-0.8408410549163818,-0.9217654466629028,0.710176408290863,-0.7407122850418091,0.7672265768051147,0.3413851857185364,-0.028176192912858108,-0.4956355346726597,-0.37574531710987796,1.365613012608639,1.8094526707058602,0.0,-0.02038238459298311,0.08693047128806222,-0.32925862194278077,0.22038238459298312,0.11306952871193779,0.32925862194278077,0.2,0.2,0.0,0.34115038995100083,-0.09102002919075164,False
0,439,-0.028176192912858108,-0.4956355346726597,-0.37574531710987796,1.365613012608639,1.8094526707058602,0.0,-0.02038238459298311,0.08693047128806222,-0.32925862194278077,0.9638645648956299,0.5593068599700928,0.40720686316490173,0.9487454891204834,-0.3623396158218384,-0.3533225655555725,-0.028176192912858108,-0.4956355346726597,-0.37574531710987796,1.365613012608639,1.8094526707058602,0.0,-0.02038238459298311,0.08693047128806222,-0.32925862194278077,0.22038238459298312,0.11306952871193779,0.32925862194278077,0.2,0.2,0.0,0.34115038995100083,-0.20057519497550041,False
0,440,-0.028176192912858108,-0.4956355346726597,-0.37574531710987796,1.365613012608639,1.8094526707058602,0.0,-0.02038238459298311,0.08693047128806222,-0.32925862194278077,-0.48228219151496887,0.36014649271965027,0.8834527134895325,-0.5524353981018066,0.8294103145599365,0.21741792559623718,-0.028176192912858108,-0.4956355346726597,-0.37574531710987796,1.365613012608639,1.8094526707058602,0.0,-0.031014367113025437,0.09135970792818833,-0.32155444546792966,0.23101436711302545,0.10864029207181168,0.32155444546792966,0.2,0.2,0.0,0.3357167684229269,-0.14352216893072428,False
0,441,-0.028176192912858108,-0.4956355346726597,-0.37574531710987796,1.365613012608639,1.8094526707058602,0.0,-0.031014367113025437,0.09135970792818833,-0.32155444546792966,0.7247846722602844,0.6274850964546204,-0.484128475189209,0.18442349135875702,0.6481172442436218,0.2452494502067566,-0.028176192912858108,-0.4956355346726597,-0.37574531710987796,1.365613012608639,1.8094526707058602,0.0,-0.04894485537577367,0.08857097392027731,-0.2997325256568658,0.24894485537577368,0.1114290260797227,0.2997325256568658,0.2,0.2,0.0,0.31635423693319736,0.005448196430696828,False
0,442,-0.028176192912858108,-0.4956355346726597,-0.37574531710987796,1.365613012608639,1.8094526707058602,0.0,-0.04894485537577367,0.08857097392027731,-0.2997325256568658,0.14452749490737915,-0.6780903935432434,-0.8535569906234741,0.6235989332199097,0.9315646886825562,0.5102894306182861,0.406082758911745,0.20065163739515554,-1.063901948307689,1.0854162099159659,2.0872416224261268,0.0,-0.052396752337862895,0.08491109226229607,-0.29237235505328596,0.2523967523378629,0.11508890773770394,0.29237235505328596,0.2,0.2,0.0,0.3089286442596999,-0.11020839539487534,False
0,443,0.406082758911745,0.20065163739515554,-1.063901948307689,1.0854162099159659,2.0872416224261268,0.0,-0.052396752337862895,0.08491109226229607,-0.29237235505328596,0.9269294142723083,0.6758303642272949,-0.18964426219463348,0.12377096712589264,-0.5054092407226562,0.5488020181655884,0.4139926509489582,0.22263680111867254,-1.0599084703879795,1.0898544719853342,2.083795608548112,0.0,-0.053877086524976026,0.08304218226389265,-0.28865157956425536,0.25387708652497604,0.11695781773610736,0.28865157956425536,0.2,0.2,0.0,0.3051532055746899,-0.1448222159372448,False
0,444,0.4139926509489582,0.22263680111867254,-1.0599084703879795,1.0898544719853342,2.083795608548112,0.0,-0.053877086524976026,0.08304218226389265,-0.28865157956425536,0.032342683523893356,-0.7321859002113342,-0.5191825032234192,-0.3546385169029236,0.2447975128889084,0.10615953058004379,0.4153498695940442,0.2214289587061187,-1.0522516897226233,1.0874718227351132,2.074026993102323,0.0,-0.05459741183114719,0.08191622821893535,-0.2864312405742564,0.2545974118311472,0.11808377178106466,0.2864312405742564,0.2,0.2,0.0,0.30287621465077796,-0.15866819808626972,False
0,445,0.4153498695940442,0.2214289587061187,-1.0522516897226233,1.0874718227351132,2.074026993102323,0.0,-0.05459741183114719,0.08191622821893535,-0.2864312405742564,-0.3969370126724243,0.9386619329452515,-0.5130029320716858,0.7341258525848389,-0.3577837347984314,0.2874569296836853,0.4124077936535215,0.21662895870896295,-1.0525000655941383,1.08495798988806,2.0727998734102253,0.0,-0.05459741183114719,0.08191622821893535,-0.2864312405742564,0.2545974118311472,0.11808377178106466,0.2864312405742564,0.2,0.2,0.0,0.30287621465077796,-0.18143810732538898,False
0,446,0.4124077936535215,0.21662895870896295,-1.0525000655941383,1.08495798988806,2.0727998734102253,0.0,-0.05459741183114719,0.08191622821893535,-0.2864312405742564,0.29542282223701477,0.5452162027359009,0.32627367973327637,-0.6001049280166626,-0.32619792222976685,-0.48136866092681885,0.4124077936535215,0.21662895870896295,-1.0525000655941383,1.08495798988806,2.0727998734102253,0.0,-0.061668727402223844,0.0933906652728427,-0.28060961853456123,0.26166872740222386,0.1066093347271573,0.28060961853456123,0.2,0.2,0.0,0.3021036350553,-0.1733260215728706,False
0,447,0.4124077936535215,0.21662895870896295,-1.0525000655941383,1.08495798988806,2.0727998734102253,0.0,-0.061668727402223844,0.0933906652728427,-0.28060961853456123,0.12368038296699524,-0.19245818257331848,0.4061233401298523,0.8413401246070862,-0.6803094148635864,0.14158661663532257,0.4124077936535215,0.21662895870896295,-1.0525000655941383,1.08495798988806,2.0727998734102253,0.0,-0.06653871655363441,0.09773735748520077,-0.2722928507386305,0.2665387165536344,0.10226264251479925,0.2722928507386305,0.2,0.2,0.0,0.2968558377599554,-0.12594994592653133,False
0,448,0.4124077936535215,0.21662895870896295,-1.0525000655941383,1.08495798988806,2.0727998734102253,0.0,-0.06653871655363441,0.09773735748520077,-0.2722928507386305,0.6422481536865234,0.22695472836494446,-0.7463924884796143,0.5941170454025269,-0.17854808270931244,0.14680200815200806,0.4124077936535215,0.21662895870896295,-1.0525000655941383,1.08495798988806,2.0727998734102253,0.0,-0.060730428870118425,0.11972865666940574,-0.2637695213142932,0.26073042887011844,0.08027134333059427,0.2637695213142932,0.2,0.2,0.0,0.29596874259451844,-0.16911341964288976,False
0,449,0.4124077936535215,0.21662895870896295,-1.0525000655941383,1.08495798988806,2.0727998734102253,0.0,-0.060730428870118425,0.11972865666940574,-0.2637695213142932,0.7148423194885254,0.7255488634109497,0.023111972957849503,-0.4162856638431549,0.3191904127597809,0.12164658308029175,0.20050059593785144,-0.013115546617368532,-0.7612024993929587,1.3702381770359977,1.7515024892609654,0.0,-0.03732850328904644,0.15087917522537184,-0.24745494280024113,0.23732850328904645,0.049120824774628175,0.24745494280024113,0.2,0.2,0.0,0.29221891004991346,-0.13861112957890692,False
0,450,0.20050059593785144,-0.013115546617368532,-0.7612024993929587,1.3702381770359977,1.7515024892609654,0.0,-0.03732850328904644,0.15087917522537184,-0.24745494280024113,-0.7000561952590942,-0.5512875318527222,-0.20712020993232727,-0.4610399305820465,0.05306689441204071,0.420870304107666,0.20050059593785144,-0.013115546617368532,-0.7612024993929587,1.3702381770359977,1.7515024892609654,0.0,0.0016931695339645614,0.23551240171918672,-0.3455665095806344,0.19830683046603545,-0.035512401719186716,0.3455665095806344,0.2,0.2,0.0,0.41819274351709285,-1.4988347064303402,False
0,451,0.20050059593785144,-0.013115546617368532,-0.7612024993929587,1.3702381770359977,1.7515024892609654,0.0,0.0016931695339645614,0.23551240171918672,-0.3455665095806344,0.3147290050983429,-0.5177712440490723,-0.3127376437187195,-0.3680982291698456,0.6550931930541992,-0.4093776345252991,0.20050059593785144,-0.013115546617368532,-0.7612024993929587,1.3702381770359977,1.7515024892609654,0.0,0.06516836988031602,0.2553283567027409,-0.3972985333980499,0.134831630119684,-0.05532835670274086,0.3972985333980499,0.2,0.2,0.0,0.47674480679879583,-0.8538930362164278,False
0,452,0.20050059593785144,-0.013115546617368532,-0.7612024993929587,1.3702381770359977,1.7515024892609654,0.0,0.06516836988031602,0.2553283567027409,-0.3972985333980499,0.017884522676467896,0.8876399993896484,-0.15600714087486267,0.0029430603608489037,0.7612109184265137,-0.8045253157615662,0.20050059593785144,-0.013115546617368532,-0.7612024993929587,1.3702381770359977,1.7515024892609654,0.0,0.15606308848864653,0.206355164442611,-0.4426932493835818,0.04393691151135347,-0.006355164442610987,0.4426932493835818,0.2,0.2,0.0,0.5127528201097935,-0.6464565431648736,False
0,453,0.20050059593785144,-0.013115546617368532,-0.7612024993929587,1.3702381770359977,1.7515024892609654,0.0,0.15606308848864653,0.206355164442611,-0.4426932493835818,0.8780308365821838,0.5887661576271057,-0.44561126828193665,0.3235000967979431,-0.5891508460044861,-0.39356252551078796,-0.11049411805183904,-0.827864834660153,-0.6369465103742972,0.7547270512768428,1.9118075110964712,0.0,0.16001505867635407,0.20523211625621454,-0.4437991683704382,0.039984941323645926,-0.005232116256214522,0.4437991683704382,0.2,0.2,0.0,0.5144732669366737,-0.304441101737139,False
0,454,-0.11049411805183904,-0.827864834660153,-0.6369465103742972,0.7547270512768428,1.9118075110964712,0.0,0.16001505867635407,0.20523211625621454,-0.4437991683704382,0.3373711109161377,0.04006620869040489,0.369782030582428,-0.7389569282531738,-0.5176312923431396,0.6288576126098633,-0.10088323232073218,-0.8150739346470418,-0.6330821176532819,0.7572748936301579,1.904037929035504,0.0,0.1533484575611962,0.20540065570459418,-0.44227782354546463,0.04665154243880383,-0.005400655704594178,0.44227782354546463,0.2,0.2,0.0,0.5111896438704411,-0.25275859127289413,False
0,455,-0.10088323232073218,-0.8150739346470418,-0.6330821176532819,0.7572748936301579,1.904037929035504,0.0,0.1533484575611962,0.20540065570459418,-0.44227782354546463,-0.5964862704277039,0.023326627910137177,0.5271304249763489,-0.9218450784683228,0.23680654168128967,0.3536529839038849,-0.10325801385304915,-0.8015966735555381,-0.6110304276438605,0.7440734981317031,1.897294720848969,0.0,0.1447324357069834,0.20615996919061105,-0.44002293384054714,0.0552675642930166,-0.006159969190611032,0.44002293384054714,0.2,0.2,0.0,0.5070203084177125,-0.24181679968157052,False
0,456,-0.10325801385304915,-0.8015966735555381,-0.6110304276438605,0.7440734981317031,1.897294720848969,0.0,0.1447324357069834,0.20615996919061105,-0.44002293384054714,0.9726501107215881,-0.9937629699707031,0.377061128616333,0.5016958117485046,0.2996143102645874,-0.5445846915245056,-0.1070076011464636,-0.7948143563896124,-0.5946279812226877,0.7388682152750424,1.8966539143348744,0.0,0.13718642735891348,0.20744061386436333,-0.4375680007107777,0.06281357264108653,-0.007440613864363319,0.4375680007107777,0.2,0.2,0.0,0.5033065461306395,-0.2445156501945899,False
0,457,-0.1070076011464636,-0.7948143563896124,-0.5946279812226877,0.7388682152750424,1.8966539143348744,0.0,0.13718642735891348,0.20744061386436333,-0.4375680007107777,0.11995714157819748,-0.16129814088344574,-0.0010642182314768434,-0.35433998703956604,-0.7829667329788208,0.6580386161804199,-0.09687306923008956,-0.8030724514938503,-0.5824564835561158,0.7473503979630988,1.8930638711580534,0.0,0.13718642735891348,0.20744061386436333,-0.4375680007107777,0.06281357264108653,-0.007440613864363319,0.4375680007107777,0.2,0.2,0.0,0.5033065461306395,-0.28165327306531973,False
0,458,-0.09687306923008956,-0.8030724514938503,-0.5824564835561158,0.7473503979630988,1.8930638711580534,0.0,0.13718642735891348,0.20744061386436333,-0.4375680007107777,-0.28918638825416565,-0.19032889604568481,0.40428122878074646,0.6563683748245239,-0.694392740726471,-0.06359241157770157,-0.09506948130832162,-0.797703764707473,-0.569757033627055,0.7471001781691371,1.8789615088835427,0.0,0.13551106267131555,0.20681216874339778,-0.43543067953606507,0.06448893732868446,-0.006812168743397767,0.43543067953606507,0.2,0.2,0.0,0.5007338593783092,-0.254640062165851,False
0,459,-0.09506948130832162,-0.797703764707473,-0.569757033627055,0.7471001781691371,1.8789615088835427,0.0,0.13551106267131555,0.20681216874339778,-0.43543067953606507,0.8617163300514221,0.9582430124282837,-0.863683819770813,-0.3473881781101227,0.1847110539674759,0.5998209714889526,-0.09831477453118671,-0.7909318907831465,-0.5483555747350307,0.7598316526046721,1.8694861907198008,0.0,0.1275602296382651,0.20772692196724343,-0.43092175401878086,0.0724397703617349,-0.0077269219672434315,0.43092175401878086,0.2,0.2,0.0,0.49509155151544937,-0.22112269712912672,False
0,460,-0.09831477453118671,-0.7909318907831465,-0.5483555747350307,0.7598316526046721,1.8694861907198008,0.0,0.1275602296382651,0.20772692196724343,-0.43092175401878086,0.8172438144683838,-0.18601270020008087,0.2228541374206543,-0.8993698954582214,-0.28988587856292725,0.3287316560745239,-0.09831477453118671,-0.7909318907831465,-0.5483555747350307,0.7598316526046721,1.8694861907198008,0.0,0.11761233764432341,0.20590642798749295,-0.4284444761749032,0.0823876623556766,-0.005906427987492935,0.4284444761749032,0.2,0.2,0.0,0.4896884603679345,-0.22081331870881865,False
0,461,-0.09831477453118671,-0.7909318907831465,-0.5483555747350307,0.7598316526046721,1.8694861907198008,0.0,0.11761233764432341,0.20590642798749295,-0.4284444761749032,-0.4941422641277313,-0.4450119733810425,-0.9973220825195312,0.9627003073692322,-0.41612350940704346,0.21152223646640778,-0.05825806593909241,-0.7694645912537765,-0.5336681898786444,0.7322520319463137,1.8542711852235854,0.0,0.11145557975634576,0.20394464528114964,-0.42672489550558945,0.08854442024365425,-0.00394464528114964,0.42672489550558945,0.2,0.2,0.0,0.4859114127512682,-0.23518523020897103,False
0,462,-0.05825806593909241,-0.7694645912537765,-0.5336681898786444,0.7322520319463137,1.8542711852235854,0.0,0.11145557975634576,0.20394464528114964,-0.42672489550558945,0.22320358455181122,-0.8663788437843323,-0.017238469794392586,-0.022398900240659714,-0.03307630866765976,-0.41017141938209534,-0.039058065940788006,-0.763976255544945,-0.5144681898738223,0.7130520319777316,1.8430794495443326,0.0,0.11215496800056544,0.20359084860756846,-0.4269979672824682,0.08784503199943457,-0.0035908486075684506,0.4269979672824682,0.2,0.2,0.0,0.48616379394944403,-0.27560570895648034,False
0,463,-0.039058065940788006,-0.763976255544945,-0.5144681898738223,0.7130520319777316,1.8430794495443326,0.0,0.11215496800056544,0.20359084860756846,-0.4269979672824682,-0.5174260139465332,0.6515711545944214,-0.843268096446991,-0.9019520282745361,-0.0596308708190918,0.7026448845863342,-0.039058065940788006,-0.763976255544945,-0.5144681898738223,0.7130520319777316,1.8430794495443326,0.0,0.12788649873630492,0.20257489781082955,-0.4250961249821027,0.07211350126369508,-0.002574897810829524,0.4250961249821027,0.2,0.2,0.0,0.4879531342833023,-0.29186997048023366,False
0,464,-0.039058065940788006,-0.763976255544945,-0.5144681898738223,0.7130520319777316,1.8430794495443326,0.0,0.12788649873630492,0.20257489781082955,-0.4250961249821027,-0.8293715715408325,0.25193387269973755,-0.13250161707401276,-0.07769110798835754,0.3596479892730713,0.08608877658843994,-0.039058065940788006,-0.763976255544945,-0.5144681898738223,0.7130520319777316,1.8430794495443326,0.0,0.12434659279981117,0.21058575794344606,-0.4392043004015347,0.07565340720018884,-0.010585757943446041,0.4392043004015347,0.2,0.2,0.0,0.5027015556776597,-0.42883499178240436,False
0,465,-0.039058065940788006,-0.763976255544945,-0.5144681898738223,0.7130520319777316,1.8430794495443326,0.0,0.12434659279981117,0.21058575794344606,-0.4392043004015347,0.8295093774795532,-0.9889224767684937,-0.4032026529312134,-0.4373238980770111,-0.9041464924812317,0.9081828594207764,-0.039058065940788006,-0.763976255544945,-0.5144681898738223,0.7130520319777316,1.8430794495443326,0.0,0.11822124698902085,0.21302996071013772,-0.4375264140463535,0.08177875301097916,-0.013029960710137695,0.4375264140463535,0.2,0.2,0.0,0.5007867713788605,-0.2612455427014382,False
0,466,-0.039058065940788006,-0.763976255544945,-0.5144681898738223,0.7130520319777316,1.8430794495443326,0.0,0.11822124698902085,0.21302996071013772,-0.4375264140463535,0.5654114484786987,0.10595385730266571,-0.9046745896339417,-0.0937647745013237,-0.9279683232307434,-0.10055194795131683,0.07293341096888424,-0.9463280834122794,-0.6924372180671262,0.644297112749198,1.5940910296518231,0.0,0.22720498865416053,0.20129401936611444,-0.45936030269646877,-0.027204988654160506,-0.0012940193661144183,0.45936030269646877,0.2,0.2,0.0,0.5505935677024335,-0.8033647470869467,False
0,467,0.07293341096888424,-0.9463280834122794,-0.6924372180671262,0.644297112749198,1.5940910296518231,0.0,0.22720498865416053,0.20129401936611444,-0.45936030269646877,-0.8785594701766968,-0.44864338636398315,0.3581911027431488,0.9861330389976501,0.7668827176094055,-0.07933911681175232,0.09275509995010377,-0.9659901292950941,-0.6960125889378879,0.6505711668034709,1.57768837598056,0.0,0.2337425022404676,0.2022215920193136,-0.4597660056400451,-0.033742502240467584,-0.0022215920193136146,0.4597660056400451,0.2,0.2,0.0,0.5539981133313205,-0.34104451295453064,False
0,468,0.09275509995010377,-0.9659901292950941,-0.6960125889378879,0.6505711668034709,1.57768837598056,0.0,0.2337425022404676,0.2022215920193136,-0.4597660056400451,0.5821157693862915,-0.47243964672088623,0.3644067347049713,0.39158156514167786,-0.8234814405441284,0.4664548337459564,0.07907113914442773,-0.9680976237772358,-0.6653788654643649,0.6662907283428845,1.5898391101460656,0.0,0.2219185765673737,0.2008060196621048,-0.4561478168973987,-0.0219185765673737,-0.000806019662104773,0.4561478168973987,0.2,0.2,0.0,0.5455655258706232,-0.21845688832833857,False
0,469,0.07907113914442773,-0.9680976237772358,-0.6653788654643649,0.6662907283428845,1.5898391101460656,0.0,0.2219185765673737,0.2008060196621048,-0.4561478168973987,0.7730715274810791,0.7738494873046875,-0.9228777885437012,-0.8080727458000183,-0.10399722307920456,-0.5913605690002441,0.08614289550781853,-0.9664057137608559,-0.6534837118000237,0.6768963389783657,1.5843747033607076,0.0,0.21655547944520487,0.20043635761406225,-0.45444027751646454,-0.01655547944520487,-0.0004363576140622432,0.45444027751646454,0.2,0.2,0.0,0.5418366681580125,-0.2636297569528985,False
0,470,0.08614289550781853,-0.9664057137608559,-0.6534837118000237,0.6768963389783657,1.5843747033607076,0.0,0.21655547944520487,0.20043635761406225,-0.45444027751646454,0.6560445427894592,0.8621293306350708,0.5828789472579956,0.5590515732765198,0.6742993593215942,0.4513608515262604,0.08614289550781853,-0.9664057137608559,-0.6534837118000237,0.6768963389783657,1.5843747033607076,0.0,0.1643930146592,0.19367155314870596,-0.4409719297217899,0.03560698534080001,0.00632844685129404,0.4409719297217899,0.2,0.2,0.0,0.5089105781670599,0.04480561082599596,False
0,471,0.08614289550781853,-0.9664057137608559,-0.6534837118000237,0.6768963389783657,1.5843747033607076,0.0,0.1643930146592,0.19367155314870596,-0.4409719297217899,-0.6872308850288391,0.9754276871681213,0.3928212821483612,0.7295874357223511,-0.5851118564605713,-0.4312326908111572,0.08614289550781853,-0.9664057137608559,-0.6534837118000237,0.6768963389783657,1.5843747033607076,0.0,0.08817928427985482,0.17531422399011365,-0.39470937838430753,0.1118207157201452,0.02468577600988636,0.39470937838430753,0.2,0.2,0.0,0.4408017203844486,0.43068771763388847,False
0,472,0.08614289550781853,-0.9664057137608559,-0.6534837118000237,0.6768963389783657,1.5843747033607076,0.0,0.08817928427985482,0.17531422399011365,-0.39470937838430753,0.24254800379276276,-0.7137116193771362,0.7635711431503296,0.9731690883636475,-0.9759495854377747,0.592495322227478,0.20533863214462367,-0.7775714647426014,-0.3236982144533218,0.8411523756427272,1.7330859780299586,0.0,0.07399459482125942,0.1711230741994939,-0.3818568335573016,0.1260054051787406,0.028876925800506097,0.3818568335573016,0.2,0.2,0.0,0.42493875784712387,-0.08383975355031473,False
0,473,0.20533863214462367,-0.7775714647426014,-0.3236982144533218,0.8411523756427272,1.7330859780299586,0.0,0.07399459482125942,0.1711230741994939,-0.3818568335573016,-0.3375477194786072,-0.8646317720413208,0.42763325572013855,-0.5875373482704163,-0.6569763422012329,-0.5783489942550659,0.20079196749824982,-0.7898439110726453,-0.3084612668923529,0.8476265971973801,1.725599076389146,0.0,0.07427944149760782,0.17186998704817702,-0.37927077780936613,0.1257205585023922,0.028130012951823005,0.37927077780936613,0.2,0.2,0.0,0.4229693260477155,-0.2217903450297738,False
0,474,0.20079196749824982,-0.7898439110726453,-0.3084612668923529,0.8476265971973801,1.725599076389146,0.0,0.07427944149760782,0.17186998704817702,-0.37927077780936613,-0.4081638753414154,-0.5467061400413513,0.5599058866500854,0.04630574584007263,0.28221064805984497,0.4329105317592621,0.18455405757284316,-0.8041242917802808,-0.2870697142348757,0.8444495081384525,1.7226629138935352,0.0,0.07425102446730258,0.17417902636593208,-0.37753911430864473,0.12574897553269743,0.025820973634067938,0.37753911430864473,0.2,0.2,0.0,0.42235924364595584,-0.23507879780538155,False
0,475,0.18455405757284316,-0.8041242917802808,-0.2870697142348757,0.8444495081384525,1.7226629138935352,0.0,0.07425102446730258,0.17417902636593208,-0.37753911430864473,-0.7305305004119873,-0.8263709545135498,0.1524399071931839,-0.07535857707262039,0.44383227825164795,0.9097104072570801,0.16943730785422081,-0.8160906887284607,-0.2750596340221759,0.8481958776719304,1.727066108816314,0.0,0.07425102446730258,0.17417902636593208,-0.37753911430864473,0.12574897553269743,0.025820973634067938,0.37753911430864473,0.2,0.2,0.0,0.42235924364595584,-0.24117962182297792,False
0,476,0.16943730785422081,-0.8160906887284607,-0.2750596340221759,0.8481958776719304,1.727066108816314,0.0,0.07425102446730258,0.17417902636593208,-0.37753911430864473,0.2195276916027069,-0.10435275733470917,0.9003595113754272,0.7953163385391235,0.06684068590402603,0.9318344593048096,0.16943730785422081,-0.8160906887284607,-0.2750596340221759,0.8481958776719304,1.727066108816314,0.0,0.07582778580523576,0.17724608385164764,-0.37660667912045,0.12417221419476425,0.02275391614835237,0.37660667912045,0.2,0.2,0.0,0.4230822828942422,-0.24877153392998483,False
0,477,0.16943730785422081,-0.8160906887284607,-0.2750596340221759,0.8481958776719304,1.727066108816314,0.0,0.07582778580523576,0.17724608385164764,-0.37660667912045,0.5254553556442261,-0.48576390743255615,0.19912832975387573,0.28916436433792114,-0.5134893655776978,0.4006117880344391,0.16943730785422081,-0.8160906887284607,-0.2750596340221759,0.8481958776719304,1.727066108816314,0.0,0.0514963267740067,0.18058128927598602,-0.09757481954807931,0.1485036732259933,0.019418710724014,0.09757481954807931,0.2,0.2,0.0,0.2116183336047065,1.9788303260930038,False
0,478,0.16943730785422081,-0.8160906887284607,-0.2750596340221759,0.8481958776719304,1.727066108816314,0.0,0.0514963267740067,0.18058128927598602,-0.09757481954807931,0.016665806993842125,0.34471431374549866,-0.13230367004871368,-0.7560713291168213,0.7177518606185913,-0.8689528703689575,0.11915156263479867,-0.6217845812651607,0.7145577459715764,1.3288271383880512,1.7511332870520573,0.0,0.06833577413938047,0.18296686308953908,-0.0770010195786439,0.13166422586061954,0.017033136910460933,0.0770010195786439,0.2,0.2,0.0,0.20994239217510421,-0.11821178179152926,False
0,479,0.11915156263479867,-0.6217845812651607,0.7145577459715764,1.3288271383880512,1.7511332870520573,0.0,0.06833577413938047,0.18296686308953908,-0.0770010195786439,0.7514336109161377,-0.3960675597190857,-0.789408802986145,-0.37216198444366455,-0.1046891063451767,-0.1804600954055786,0.11915156263479867,-0.6217845812651607,0.7145577459715764,1.3288271383880512,1.7511332870520573,0.0,0.05945480185954355,0.18048618949422754,-0.08623198948439315,0.14054519814045646,0.01951381050577248,0.08623198948439315,0.2,0.2,0.0,0.2086770089701793,-0.12168467243584045,False
0,480,0.11915156263479867,-0.6217845812651607,0.7145577459715764,1.3288271383880512,1.7511332870520573,0.0,0.05945480185954355,0.18048618949422754,-0.08623198948439315,0.5958853960037231,0.9060193300247192,0.5706735849380493,0.6316667795181274,0.5303035974502563,-0.1674921065568924,0.11915156263479867,-0.6217845812651607,0.7145577459715764,1.3288271383880512,1.7511332870520573,0.0,0.054857700868745585,0.149573736770548,-0.08359840638550878,0.14514229913125443,0.050426263229452005,0.08359840638550878,0.2,0.2,0.0,0.17991765790579486,0.1676346816909469,False
0,481,0.11915156263479867,-0.6217845812651607,0.7145577459715764,1.3288271383880512,1.7511332870520573,0.0,0.054857700868745585,0.149573736770548,-0.08359840638550878,-0.9572288393974304,-0.19020015001296997,0.09683389216661453,0.08908426761627197,0.7885099649429321,-0.3338431119918823,0.3081630846567153,-0.5017652149677397,0.5818462734745895,1.297239621264516,1.8320669698861978,0.0,0.05902621769673297,0.1499005833795704,-0.076718504658802,0.14097378230326704,0.05009941662042962,0.076718504658802,0.2,0.2,0.0,0.17843768724739817,-0.10441913703973213,False
0,482,0.3081630846567153,-0.5017652149677397,0.5818462734745895,1.297239621264516,1.8320669698861978,0.0,0.05902621769673297,0.1499005833795704,-0.076718504658802,0.15206030011177063,0.3701508343219757,0.15104147791862488,0.9015527963638306,-0.7099756598472595,0.045359235256910324,0.3141102966358269,-0.4777652149649592,0.5974952566524905,1.3102053793513553,1.8414334804462025,0.0,0.06051821406677488,0.1510384235730977,-0.07358558130871518,0.13948178593322513,0.0489615764269023,0.07358558130871518,0.2,0.2,0.0,0.17857742692126571,-0.1206861101993083,False
0,483,0.3141102966358269,-0.4777652149649592,0.5974952566524905,1.3102053793513553,1.8414334804462025,0.0,0.06051821406677488,0.1510384235730977,-0.07358558130871518,-0.2679814398288727,0.33891260623931885,-0.794238805770874,0.9093102812767029,-0.28567415475845337,-0.4414074718952179,0.3160875589014826,-0.4589600593610904,0.6082880998470118,1.3195981390245626,1.8492153204660229,0.0,0.06028383017259176,0.15234711229593867,-0.0729525662859141,0.13971616982740825,0.04765288770406134,0.0729525662859141,0.2,0.2,0.0,0.1793484310856661,-0.12738425718683677,False
0,484,0.3160875589014826,-0.4589600593610904,0.6082880998470118,1.3195981390245626,1.8492153204660229,0.0,0.06028383017259176,0.15234711229593867,-0.0729525662859141,0.38671252131462097,-0.41282013058662415,-0.028321856632828712,-0.45536917448043823,0.4871022403240204,-0.8928921222686768,0.28796069577574757,-0.42457519317967307,0.5687579357106796,1.3471217422311192,1.8256833394096519,0.0,0.05837474318387639,0.1542986422163265,-0.0740503114038609,0.14162525681612362,0.04570135778367353,0.0740503114038609,0.2,0.2,0.0,0.18082900832165794,-0.13522027652074745,False
0,485,0.28796069577574757,-0.42457519317967307,0.5687579357106796,1.3471217422311192,1.8256833394096519,0.0,0.05837474318387639,0.1542986422163265,-0.0740503114038609,-0.5087792873382568,0.45109477639198303,0.41005364060401917,0.1360866278409958,-0.4661765992641449,0.6498318910598755,0.2858064925437251,-0.42973720895078715,0.5598868574763648,1.3374423110585334,1.8270710816097326,0.0,0.05837474318387639,0.1542986422163265,-0.0740503114038609,0.14162525681612362,0.04570135778367353,0.0740503114038609,0.2,0.2,0.0,0.18082900832165794,-0.12041450416082897,False
0,486,0.2858064925437251,-0.42973720895078715,0.5598868574763648,1.3374423110585334,1.8270710816097326,0.0,0.05837474318387639,0.1542986422163265,-0.0740503114038609,0.16396944224834442,0.0018759422237053514,0.08233461529016495,0.7110590934753418,0.05393723025918007,0.6496330499649048,0.26803455632743567,-0.4121079728341513,0.5612583392776044,1.331263988490842,1.8172630082428847,0.0,0.055677950691932876,0.15443421866553134,-0.07592835782402821,0.14432204930806714,0.045565781334468675,0.07592835782402821,0.2,0.2,0.0,0.18087309808244045,-0.1208774466490454,False
0,487,0.26803455632743567,-0.4121079728341513,0.5612583392776044,1.331263988490842,1.8172630082428847,0.0,0.055677950691932876,0.15443421866553134,-0.07592835782402821,0.7386504411697388,0.5607423782348633,-0.6344165205955505,-0.0969628244638443,0.862241268157959,0.5906649827957153,0.2671968295307235,-0.4055292724640189,0.54617620976429,1.3322881074021131,1.8189794700887325,0.0,0.05460537744975952,0.15679018615442375,-0.0739280528283355,0.1453946225502405,0.043209813845576275,0.0739280528283355,0.2,0.2,0.0,0.1817423085463556,-0.12956325891232917,False
0,488,0.2671968295307235,-0.4055292724640189,0.54617620976429,1.3322881074021131,1.8189794700887325,0.0,0.05460537744975952,0.15679018615442375,-0.0739280528283355,-0.7774991393089294,-0.6493644714355469,-0.3997421860694885,0.5506751537322998,0.12145835906267166,0.9375163316726685,0.2647966583940433,-0.40176847070770766,0.5289964228953598,1.3272928519011689,1.82416533992928,0.0,0.051408312480256596,0.15513249220675224,-0.07505152297978196,0.14859168751974342,0.044867507793247774,0.07505152297978196,0.2,0.2,0.0,0.17983780423462273,-0.10087385899998273,False
0,489,0.2647966583940433,-0.40176847070770766,0.5289964228953598,1.3272928519011689,1.82416533992928,0.0,0.051408312480256596,0.15513249220675224,-0.07505152297978196,0.2440185546875,-0.0033414799254387617,0.06019822508096695,0.5999643802642822,0.15036919713020325,0.6854119896888733,0.25016284912858444,-0.4159816951538744,0.5135418964784363,1.331530341583598,1.8234932943843447,0.0,0.047737832926119966,0.15776646325477875,-0.08220214784450194,0.15226216707388004,0.042233536745221255,0.08220214784450194,0.2,0.2,0.0,0.18419107125659745,-0.16562820584804594,False
0,490,0.25016284912858444,-0.4159816951538744,0.5135418964784363,1.331530341583598,1.8234932943843447,0.0,0.047737832926119966,0.15776646325477875,-0.08220214784450194,-0.5309119820594788,0.5473011136054993,-0.638187050819397,-0.4291648864746094,-0.2305639684200287,0.575035035610199,0.25016284912858444,-0.4159816951538744,0.5135418964784363,1.331530341583598,1.8234932943843447,0.0,0.033243272825846326,0.16360141069272138,-0.08539853441674765,0.16675672717415368,0.03639858930727863,0.08539853441674765,0.2,0.2,0.0,0.18751918954963137,-0.1570407777051549,False
0,491,0.25016284912858444,-0.4159816951538744,0.5135418964784363,1.331530341583598,1.8234932943843447,0.0,0.033243272825846326,0.16360141069272138,-0.08539853441674765,-0.9733138680458069,0.8168007731437683,0.03612299636006355,0.7121965885162354,-0.6778873801231384,-0.5201456546783447,0.2092607816620441,-0.37538423332480697,0.46187997894644933,1.2975059344365683,1.808371315702678,0.0,0.02677746372956452,0.1668975759615952,-0.08596666319833926,0.1732225362704355,0.0331024240384048,0.08596666319833926,0.2,0.2,0.0,0.18963675964090213,-0.14599408073315862,False
0,492,0.2092607816620441,-0.37538423332480697,0.46187997894644933,1.2975059344365683,1.808371315702678,0.0,0.02677746372956452,0.1668975759615952,-0.08596666319833926,0.5237495303153992,-0.8272261023521423,0.2317047417163849,0.7202756404876709,-0.23761248588562012,0.5036195516586304,0.15971752178583604,-0.32751710628828573,0.4173645378083229,1.2644094085665043,1.7869804826296267,0.0,0.025073194513956176,0.1696612143670401,-0.08530129025299804,0.17492680548604383,0.030338785632959914,0.08530129025299804,0.2,0.2,0.0,0.19154608547934263,-0.14486630112407634,False
0,493,0.15971752178583604,-0.32751710628828573,0.4173645378083229,1.2644094085665043,1.7869804826296267,0.0,0.025073194513956176,0.1696612143670401,-0.08530129025299804,-0.277889609336853,0.46226146817207336,0.2713135778903961,-0.8902384638786316,0.6132065057754517,-0.03160984814167023,0.16343345224401226,-0.341917106285007,0.41497761356899276,1.2711213662902852,1.7836599201920638,0.0,0.025073194513956176,0.1696612143670401,-0.08530129025299804,0.17492680548604383,0.030338785632959914,0.08530129025299804,0.2,0.2,0.0,0.19154608547934263,-0.12577304273967133,False
0,494,0.16343345224401226,-0.341917106285007,0.41497761356899276,1.2711213662902852,1.7836599201920638,0.0,0.025073194513956176,0.1696612143670401,-0.08530129025299804,-0.8888885378837585,-0.5256171822547913,0.0629820004105568,0.3038296103477478,0.9406848549842834,-0.8097381591796875,0.16343345224401226,-0.341917106285007,0.41497761356899276,1.2711213662902852,1.7836599201920638,0.0,0.025073194513956176,0.1696612143670401,-0.08530129025299804,0.17492680548604383,0.030338785632959914,0.08530129025299804,0.2,0.2,0.0,0.19154608547934263,-0.12577304273967133,False
0,495,0.16343345224401226,-0.341917106285007,0.41497761356899276,1.2711213662902852,1.7836599201920638,0.0,0.025073194513956176,0.1696612143670401,-0.08530129025299804,0.4641624987125397,0.2815687656402588,0.9495239853858948,-0.45820313692092896,-0.6723308563232422,-0.0021619019098579884,0.16343345224401226,-0.341917106285007,0.41497761356899276,1.2711213662902852,1.7836599201920638,0.0,0.024645942821904382,0.1694793396261431,-0.0876853725077384,0.17535405717809563,0.03052066037385691,0.0876853725077384,0.2,0.2,0.0,0.1924042453001362,-0.13478372085800377,False
0,496,0.16343345224401226,-0.341917106285007,0.41497761356899276,1.2711213662902852,1.7836599201920638,0.0,0.024645942821904382,0.1694793396261431,-0.0876853725077384,-0.307641863822937,-0.7149958610534668,-0.3660491704940796,0.07186360657215118,-0.029115306213498116,0.8724003434181213,0.16343345224401226,-0.341917106285007,0.41497761356899276,1.2711213662902852,1.7836599201920638,0.0,0.025306708322664517,0.1694127702219625,-0.0837087841516824,0.1746932916773355,0.030587229778037517,0.0837087841516824,0.2,0.2,0.0,0.19065224033449182,-0.1078060705108022,False
0,497,0.16343345224401226,-0.341917106285007,0.41497761356899276,1.2711213662902852,1.7836599201920638,0.0,0.025306708322664517,0.1694127702219625,-0.0837087841516824,-0.6156946420669556,-0.4579678177833557,-0.01948368549346924,0.4303532540798187,0.4955935776233673,0.12165002524852753,0.16343345224401226,-0.341917106285007,0.41497761356899276,1.2711213662902852,1.7836599201920638,0.0,0.025306708322664517,0.1694127702219625,-0.0837087841516824,0.1746932916773355,0.030587229778037517,0.0837087841516824,0.2,0.2,0.0,0.19065224033449182,-0.12532612016724592,False
0,498,0.16343345224401226,-0.341917106285007,0.41497761356899276,1.2711213662902852,1.7836599201920638,0.0,0.025306708322664517,0.1694127702219625,-0.0837087841516824,-0.32395902276039124,-0.5969188809394836,-0.14162248373031616,0.11338669061660767,-0.11805358529090881,-0.9614638090133667,0.16343345224401226,-0.341917106285007,0.41497761356899276,1.2711213662902852,1.7836599201920638,0.0,0.025306708322664517,0.1694127702219625,-0.0837087841516824,0.1746932916773355,0.030587229778037517,0.0837087841516824,0.2,0.2,0.0,0.19065224033449182,-0.12532612016724592,False
0,499,0.16343345224401226,-0.341917106285007,0.41497761356899276,1.2711213662902852,1.7836599201920638,0.0,0.025306708322664517,0.1694127702219625,-0.0837087841516824,0.9020003080368042,0.1351063996553421,-0.6501007080078125,0.7141075134277344,0.6563534736633301,-0.05567512661218643,0.16343345224401226,-0.341917106285007,0.41497761356899276,1.2711213662902852,1.7836599201920638,0.0,0.025306708322664517,0.1694127702219625,-0.0837087841516824,0.1746932916773355,0.030587229778037517,0.0837087841516824,0.2,0.2,0.0,0.19065224033449182,-0.12532612016724592,False
0,500,0.16343345224401226,-0.341917106285007,0.41497761356899276,1.2711213662902852,1.7836599201920638,0.0,0.025306708322664517,0.1694127702219625,-0.0837087841516824,-0.3128856420516968,-0.7741121053695679,-0.17210380733013153,0.65801602602005,0.6703426837921143,0.8071893453598022,0.16343345224401226,-0.341917106285007,0.41497761356899276,1.2711213662902852,1.7836599201920638,0.0,0.020505022427372177,0.17715376201378014,-0.10966129959763975,0.17949497757262783,0.022846237986219875,0.10966129959763975,0.2,0.2,0.0,0.20935499031507557,-0.32170499496337523,True
