episode,timestep,s1,s2,s3,s4,s5,g_s,rb_x,rb_y,rb_z,a1,a2,a3,a4,a5,g_a,ns1,ns2,ns3,ns4,ns5,ng_s,nrb_x,nrb_y,nrb_z,jp_x,jp_y,jp_z,bp_x,bp_y,bp_z,distance,reward,done
0,0,1.1871002833444163e-12,-1.5699949592022118,1.5699950561337908,1.5699949595119331,-5.858283206677548e-12,0.0,0.16226874045177397,0.20159999999984776,-0.018461585919247486,-0.9055858850479126,0.8770719766616821,-0.028025975450873375,0.00758000835776329,-0.5097200870513916,0.989091157913208,1.1871002833444163e-12,-1.5699949592022118,1.5699950561337908,1.5699949595119331,-5.858283206677548e-12,0.0,0.16355857429769938,0.20241680801244158,-0.017744087817198908,0.036441425702300634,-0.0024168080124415793,0.017744087817198908,0.2,0.2,0.0,0.2608425272932045,0.0,False
0,1,1.1871002833444163e-12,-1.5699949592022118,1.5699950561337908,1.5699949595119331,-5.858283206677548e-12,0.0,0.16355857429769938,0.20241680801244158,-0.017744087817198908,-0.9498447179794312,0.7894373536109924,0.19752918183803558,0.12920579314231873,-0.6952290534973145,0.9664735794067383,1.1871002833444163e-12,-1.5699949592022118,1.5699950561337908,1.5699949595119331,-5.858283206677548e-12,0.0,0.1636653896815533,0.20248192244121588,-0.017686163165053975,0.03633461031844672,-0.002481922441215871,0.017686163165053975,0.2,0.2,0.0,0.2609561056243102,-0.26322767224642424,False
0,2,1.1871002833444163e-12,-1.5699949592022118,1.5699950561337908,1.5699949595119331,-5.858283206677548e-12,0.0,0.1636653896815533,0.20248192244121588,-0.017686163165053975,-0.9575491547584534,0.7838550806045532,0.021806418895721436,0.12386175990104675,-0.8008601069450378,0.47915908694267273,-0.019070784882659286,-1.5515420848482337,1.569422471717139,1.570169811637071,-0.010759477681174646,0.0,0.16369759426588087,0.2025014770034901,-0.01766874208110225,0.03630240573411915,-0.0025014770034900865,0.01766874208110225,0.2,0.2,0.0,0.2609902967617005,-0.26167411950950614,False
0,3,-0.019070784882659286,-1.5515420848482337,1.569422471717139,1.570169811637071,-0.010759477681174646,0.0,0.16369759426588087,0.2025014770034901,-0.01766874208110225,-0.9240467548370361,0.867437481880188,0.21771763265132904,0.14645755290985107,-0.6600191593170166,0.9487301707267761,-0.019330985179875533,-1.551336958713783,1.5694734227788136,1.5702307077045903,-0.011007671586239507,0.0,0.16371886636163244,0.2025113200150181,-0.017657730443863942,0.036281133638367574,-0.002511320015018082,0.017657730443863942,0.2,0.2,0.0,0.26101053116951295,-0.2614152193257621,False
0,4,-0.019330985179875533,-1.551336958713783,1.5694734227788136,1.5702307077045903,-0.011007671586239507,0.0,0.16371886636163244,0.2025113200150181,-0.017657730443863942,-0.9395633935928345,0.9069378972053528,0.24392879009246826,0.17661941051483154,-0.702014684677124,0.9170645475387573,-0.020357907105027245,-1.5503699781123108,1.569717122515088,1.570394392234097,-0.01174067769185234,0.0,0.16382753515732515,0.2025505976881539,-0.01758616469025739,0.03617246484267486,-0.0025505976881538958,0.01758616469025739,0.2,0.2,0.0,0.2611043452110015,-0.2629806260407727,False
0,5,-0.020357907105027245,-1.5503699781123108,1.569717122515088,1.570394392234097,-0.01174067769185234,0.0,0.16382753515732515,0.2025505976881539,-0.01758616469025739,-0.9308395385742188,0.81954425573349,-0.11609859764575958,0.09607583284378052,-0.8007098436355591,0.9639341235160828,-0.02078839964333171,-1.5499682983302976,1.5697649901744597,1.5704615274171774,-0.01208163216324368,0.0,0.16390725321322114,0.20257938030796235,-0.017535358157559744,0.03609274678677887,-0.00257938030796233,0.017535358157559744,0.2,0.2,0.0,0.2611732791990309,-0.26255195895961836,False
0,6,-0.02078839964333171,-1.5499682983302976,1.5697649901744597,1.5704615274171774,-0.01208163216324368,0.0,0.16390725321322114,0.20257938030796235,-0.017535358157559744,-0.8826572299003601,0.9010201692581177,0.1848139464855194,0.27848049998283386,-0.767557680606842,0.865185558795929,-0.02170930159440125,-1.5491583426422646,1.5696463695009188,1.5705557368028413,-0.012874881044692546,0.0,0.16397717127754396,0.2026266658192888,-0.01751391264451363,0.03602282872245603,-0.0026266658192887833,0.01751391264451363,0.2,0.2,0.0,0.26125239814659384,-0.2628347770978531,False
0,7,-0.02170930159440125,-1.5491583426422646,1.5696463695009188,1.5705557368028413,-0.012874881044692546,0.0,0.16397717127754396,0.2026266658192888,-0.01751391264451363,-0.8743561506271362,0.807664155960083,0.033060405403375626,0.16355782747268677,-0.836326539516449,0.9427708983421326,-0.02243881823045173,-1.5485024014887994,1.5695963023855004,1.570654776107653,-0.013518560213534132,0.0,0.1640362670868839,0.20265985486209673,-0.01749110166914339,0.03596373291311612,-0.0026598548620967066,0.01749110166914339,0.2,0.2,0.0,0.2613137048264517,-0.26253983842360923,False
0,8,-0.02243881823045173,-1.5485024014887994,1.5695963023855004,1.570654776107653,-0.013518560213534132,0.0,0.1640362670868839,0.20265985486209673,-0.01749110166914339,-0.9097365140914917,0.8587899208068848,0.3519320785999298,0.05703802406787872,-0.7594492435455322,0.9204696416854858,-0.023095938026458575,-1.5478939045003344,1.5696419788446798,1.5707717519475541,-0.014141758816819141,0.0,0.1640362670868839,0.20265985486209673,-0.01749110166914339,0.03596373291311612,-0.0026598548620967066,0.01749110166914339,0.2,0.2,0.0,0.2613137048264517,-0.2613137048264517,False
0,9,-0.023095938026458575,-1.5478939045003344,1.5696419788446798,1.5707717519475541,-0.014141758816819141,0.0,0.1640362670868839,0.20265985486209673,-0.01749110166914339,-0.8569360971450806,0.8830128312110901,0.1626073271036148,-0.10004422813653946,-0.654525876045227,0.941421627998352,-0.023095938026458575,-1.5478939045003344,1.5696419788446798,1.5707717519475541,-0.014141758816819141,0.0,0.1642790068767035,0.2027464884546582,-0.017315687899930265,0.03572099312329653,-0.0027464884546581788,0.017315687899930265,0.2,0.2,0.0,0.261521631473457,-0.265680164413562,False
0,10,-0.023095938026458575,-1.5478939045003344,1.5696419788446798,1.5707717519475541,-0.014141758816819141,0.0,0.1642790068767035,0.2027464884546582,-0.017315687899930265,-0.8866214752197266,0.6292904019355774,0.07247109711170197,0.3433731198310852,-0.8522526025772095,0.9505031108856201,-0.023095938026458575,-1.5478939045003344,1.5696419788446798,1.5707717519475541,-0.014141758816819141,0.0,0.16487040984001486,0.20297093531893076,-0.017007266982370536,0.03512959015998515,-0.0029709353189307504,0.017007266982370536,0.2,0.2,0.0,0.2620471326980428,-0.2725571571897595,False
0,11,-0.023095938026458575,-1.5478939045003344,1.5696419788446798,1.5707717519475541,-0.014141758816819141,0.0,0.16487040984001486,0.20297093531893076,-0.017007266982370536,-0.7764497995376587,0.9351938366889954,0.36995527148246765,0.23641301691532135,-0.743573784828186,0.8617771863937378,-0.030336288882716892,-1.5420349771770179,1.5709542434743677,1.5725285035330612,-0.020689062932092394,0.0,0.16487040984001486,0.20297093531893076,-0.017007266982370536,0.03512959015998515,-0.0029709353189307504,0.017007266982370536,0.2,0.2,0.0,0.2620471326980428,-0.2620471326980428,False
0,12,-0.030336288882716892,-1.5420349771770179,1.5709542434743677,1.5725285035330612,-0.020689062932092394,0.0,0.16487040984001486,0.20297093531893076,-0.017007266982370536,-0.903272271156311,0.9195880889892578,0.2979317605495453,0.3854440152645111,-0.810093343257904,0.7302088141441345,-0.030750353033155146,-1.5415783376408614,1.5711177993128447,1.5726961343576717,-0.021067607333856403,0.0,0.164968357031669,0.20300625341545994,-0.016973053518396897,0.035031642968331014,-0.0030062534154599425,0.016973053518396897,0.2,0.2,0.0,0.262133901457344,-0.26386927664336784,False
0,13,-0.030750353033155146,-1.5415783376408614,1.5711177993128447,1.5726961343576717,-0.021067607333856403,0.0,0.164968357031669,0.20300625341545994,-0.016973053518396897,-0.9220594763755798,0.8690983057022095,0.2418099343776703,0.20359838008880615,-0.7749087810516357,0.874638020992279,-0.03138665047193193,-1.540943701201375,1.5713159817526454,1.5729337459268509,-0.021628736093134135,0.0,0.16507673309933424,0.20303052821800258,-0.016910962974454602,0.03492326690066577,-0.003030528218002552,0.016910962974454602,0.2,0.2,0.0,0.2622169023307867,-0.26387691979964084,False
0,14,-0.03138665047193193,-1.540943701201375,1.5713159817526454,1.5729337459268509,-0.021628736093134135,0.0,0.16507673309933424,0.20303052821800258,-0.016910962974454602,-0.8737395405769348,0.915673553943634,0.20170383155345917,0.3056960999965668,-0.7318568229675293,0.9240835905075073,-0.03196031020300641,-1.5403594398707956,1.5714531175007151,1.5731124735997726,-0.0221063007692238,0.0,0.1651749440437385,0.2030568388321487,-0.01685409190057746,0.034825055956261494,-0.0030568388321486773,0.01685409190057746,0.2,0.2,0.0,0.26229544858832465,-0.2638663737390836,False
0,15,-0.03196031020300641,-1.5403594398707956,1.5714531175007151,1.5731124735997726,-0.0221063007692238,0.0,0.1651749440437385,0.2030568388321487,-0.01685409190057746,-0.8802136182785034,0.8630366325378418,0.18668144941329956,0.2943895161151886,-0.725143551826477,0.922731876373291,-0.03196031020300641,-1.5403594398707956,1.5714531175007151,1.5731124735997726,-0.0221063007692238,0.0,0.1653039953480791,0.2030904788685254,-0.01678572904508896,0.034696004651920895,-0.003090478868525391,0.01678572904508896,0.2,0.2,0.0,0.26239838830423456,-0.2644571826224328,False
0,16,-0.03196031020300641,-1.5403594398707956,1.5714531175007151,1.5731124735997726,-0.0221063007692238,0.0,0.1653039953480791,0.2030904788685254,-0.01678572904508896,-0.9022533297538757,0.8464609384536743,0.47531136870384216,0.3510128855705261,-0.732375979423523,0.8781578540802002,-0.03196031020300641,-1.5403594398707956,1.5714531175007151,1.5731124735997726,-0.0221063007692238,0.0,0.1657791292764971,0.20321792911377376,-0.01653798754408774,0.03422087072350291,-0.0032179291137737504,0.01653798754408774,0.2,0.2,0.0,0.262780804947722,-0.2704291378174705,False
0,17,-0.03196031020300641,-1.5403594398707956,1.5714531175007151,1.5731124735997726,-0.0221063007692238,0.0,0.1657791292764971,0.20321792911377376,-0.01653798754408774,-0.8965497612953186,0.8802710771560669,0.3099818229675293,0.12900827825069427,-0.7344338893890381,0.9397061467170715,-0.039277496496836595,-1.5330929784873792,1.573521342535791,1.574901697927431,-0.028133943392025403,0.0,0.16589413402173592,0.2032486501483401,-0.016476099600262903,0.034105865978264094,-0.0032486501483400803,0.016476099600262903,0.2,0.2,0.0,0.2628732381738046,-0.2647219026954566,False
0,18,-0.039277496496836595,-1.5330929784873792,1.573521342535791,1.574901697927431,-0.028133943392025403,0.0,0.16589413402173592,0.2032486501483401,-0.016476099600262903,-0.8875706791877747,0.9445173740386963,0.36060190200805664,0.13602088391780853,-0.6955866813659668,0.8243046402931213,-0.03947328955035952,-1.5329015617798574,1.5735936548289875,1.574922508167779,-0.028293997118350334,0.0,0.16631054360262007,0.20336661890178256,-0.016175615105374963,0.03368945639737994,-0.0033666189017825428,0.016175615105374963,0.2,0.2,0.0,0.263208717790614,-0.2699183101268022,False
0,19,-0.03947328955035952,-1.5329015617798574,1.5735936548289875,1.574922508167779,-0.028293997118350334,0.0,0.16631054360262007,0.20336661890178256,-0.016175615105374963,-0.8677951097488403,0.9226200580596924,0.283582866191864,0.1064111590385437,-0.8385955691337585,0.8820894360542297,-0.04156644994044658,-1.5308329033322137,1.5743598121193463,1.575150828699066,-0.03003424902614246,0.0,0.16657524691408965,0.2034400389079404,-0.015986280249376816,0.03342475308591038,-0.0034400389079403976,0.015986280249376816,0.2,0.2,0.0,0.2634211902477966,-0.26767063939144836,False
0,20,-0.04156644994044658,-1.5308329033322137,1.5743598121193463,1.575150828699066,-0.03003424902614246,0.0,0.16657524691408965,0.2034400389079404,-0.015986280249376816,-0.8815476894378662,0.885839581489563,0.5245501399040222,0.1679539829492569,-0.6391279697418213,0.9745348691940308,-0.04156644994044658,-1.5308329033322137,1.5743598121193463,1.575150828699066,-0.03003424902614246,0.0,0.16819335824879034,0.20375873111920303,-0.014803516679926701,0.03180664175120969,-0.0037587311192030194,0.014803516679926701,0.2,0.2,0.0,0.2646238280510779,-0.28867658411670466,False
0,21,-0.04156644994044658,-1.5308329033322137,1.5743598121193463,1.575150828699066,-0.03003424902614246,0.0,0.16819335824879034,0.20375873111920303,-0.014803516679926701,-0.7576654553413391,0.9403253793716431,0.33415713906288147,0.3159228563308716,-0.6595584154129028,0.8658602833747864,-0.0513426954448217,-1.5209719738524885,1.5800975956331127,1.5770179414078165,-0.037196279166601225,0.0,0.16835710052312988,0.20378836854116403,-0.01468553457798559,0.03164289947687013,-0.003788368541164007,0.01468553457798559,0.2,0.2,0.0,0.26474417344875745,-0.2671510814023479,False
0,22,-0.0513426954448217,-1.5209719738524885,1.5800975956331127,1.5770179414078165,-0.037196279166601225,0.0,0.16835710052312988,0.20378836854116403,-0.01468553457798559,-0.7735191583633423,0.9231969714164734,0.5116143226623535,0.13187658786773682,-0.25165802240371704,0.626472532749176,-0.05173336429431205,-1.520448861758916,1.5802723035769648,1.5771902460639775,-0.037487344056367056,0.0,0.16846808786684642,0.20380604819090972,-0.014618213522726357,0.031531912133153595,-0.0038060481909097136,0.014618213522726357,0.2,0.2,0.0,0.2648246477866117,-0.2664341345436965,False
0,23,-0.05173336429431205,-1.520448861758916,1.5802723035769648,1.5771902460639775,-0.037487344056367056,0.0,0.16846808786684642,0.20380604819090972,-0.014618213522726357,-0.9286920428276062,0.9395613670349121,0.45504575967788696,0.3069642186164856,-0.629591703414917,0.9189454317092896,-0.052212187451181793,-1.5199085861339345,1.5805617850726132,1.577296848374748,-0.03769923732006083,0.0,0.16858598498876315,0.20382370722245594,-0.014538455081310405,0.03141401501123685,-0.003823707222455917,0.014538455081310405,0.2,0.2,0.0,0.2649088610007,-0.26659312528246604,False
0,24,-0.052212187451181793,-1.5199085861339345,1.5805617850726132,1.577296848374748,-0.03769923732006083,0.0,0.16858598498876315,0.20382370722245594,-0.014538455081310405,-0.8570647239685059,0.9296259880065918,0.5005844831466675,0.07567290961742401,-0.6527857780456543,0.7398248314857483,-0.0530625590155117,-1.5190385905266297,1.5809914018496638,1.5775421090589432,-0.038291726126543114,0.0,0.16875050095069755,0.20385211264287892,-0.014438479861184184,0.031249499049302475,-0.0038521126428789016,0.014438479861184184,0.2,0.2,0.0,0.2650299701935202,-0.26745215404992445,False
0,25,-0.0530625590155117,-1.5190385905266297,1.5809914018496638,1.5775421090589432,-0.038291726126543114,0.0,0.16875050095069755,0.20385211264287892,-0.014438479861184184,-0.9218639731407166,0.9082109332084656,0.1463632434606552,0.15019775927066803,-0.7066287994384766,0.8095953464508057,-0.053567242540799496,-1.5185067947227195,1.5812169044807853,1.5775962967348223,-0.03867780656741343,0.0,0.16884463170182976,0.2038702364317447,-0.014368579696612208,0.031155368298170266,-0.0038702364317446934,0.014368579696612208,0.2,0.2,0.0,0.26510005477132575,-0.2665017463274368,False
0,26,-0.053567242540799496,-1.5185067947227195,1.5812169044807853,1.5775962967348223,-0.03867780656741343,0.0,0.16884463170182976,0.2038702364317447,-0.014368579696612208,-0.8091025352478027,0.9149406552314758,0.15864582359790802,0.16223447024822235,-0.7296708822250366,0.925743579864502,-0.054083513207625354,-1.5179776235837819,1.5813018047542386,1.577686345522786,-0.03909319264160606,0.0,0.16892507358812667,0.20389243382478375,-0.014326965625396676,0.03107492641187334,-0.0038924338247837377,0.014326965625396676,0.2,0.2,0.0,0.26516611209160784,-0.2664872584972496,False
0,27,-0.054083513207625354,-1.5179776235837819,1.5813018047542386,1.577686345522786,-0.03909319264160606,0.0,0.16892507358812667,0.20389243382478375,-0.014326965625396676,-0.8511676788330078,0.8152655363082886,0.5386075973510742,0.30077043175697327,-0.4758526682853699,0.3547794222831726,-0.05489021963155215,-1.5170991321416403,1.5815494199761575,1.5778796182990502,-0.03975224468471275,0.0,0.16905569476658935,0.20391953097554705,-0.014253341175195805,0.03094430523341066,-0.003919530975547049,0.014253341175195805,0.2,0.2,0.0,0.26526620738601037,-0.26726811327406086,False
0,28,-0.05489021963155215,-1.5170991321416403,1.5815494199761575,1.5778796182990502,-0.03975224468471275,0.0,0.16905569476658935,0.20391953097554705,-0.014253341175195805,-0.8975909948348999,0.9393179416656494,0.39829206466674805,0.3464992344379425,-0.7136896848678589,0.511935293674469,-0.056889036400358924,-1.5151934085770646,1.5828360648148705,1.5785935438817957,-0.04085242979035234,0.0,0.16927905583575906,0.20395221285378076,-0.014108586516094465,0.030720944164240965,-0.003952212853780739,0.014108586516094465,0.2,0.2,0.0,0.26542598984666527,-0.2686216390597633,False
0,29,-0.056889036400358924,-1.5151934085770646,1.5828360648148705,1.5785935438817957,-0.04085242979035234,0.0,0.16927905583575906,0.20395221285378076,-0.014108586516094465,-0.7400836944580078,0.9183920621871948,0.4241999685764313,-0.03918761759996414,-0.6409684419631958,0.8062313795089722,-0.057165451869234864,-1.5148769380099596,1.582972922018294,1.5786423961976725,-0.041085285870230935,0.0,0.16948378575266804,0.20398187567606746,-0.013977473244398336,0.030516214247331964,-0.0039818756760674565,0.013977473244398336,0.2,0.2,0.0,0.26557245526537726,-0.26850176363961714,False
0,30,-0.057165451869234864,-1.5148769380099596,1.582972922018294,1.5786423961976725,-0.041085285870230935,0.0,0.16948378575266804,0.20398187567606746,-0.013977473244398336,-0.6745412349700928,0.9416483044624329,0.5461313724517822,0.1435304880142212,-0.5108466744422913,0.6409717202186584,-0.057165451869234864,-1.5148769380099596,1.582972922018294,1.5786423961976725,-0.041085285870230935,0.0,0.17018376255217418,0.20406503291872302,-0.013473057557850967,0.02981623744782583,-0.00406503291872301,0.013473057557850967,0.2,0.2,0.0,0.26605746367371746,-0.27575763184052154,False
0,31,-0.057165451869234864,-1.5148769380099596,1.582972922018294,1.5786423961976725,-0.041085285870230935,0.0,0.17018376255217418,0.20406503291872302,-0.013473057557850967,-0.9034684300422668,0.9305848479270935,0.4627397060394287,0.18785759806632996,-0.4682442545890808,0.8769410252571106,-0.06397797369175051,-1.505637607121781,1.588229203986202,1.5799934974924337,-0.046142085490832964,0.0,0.17099601147206342,0.20414507112482858,-0.012905309065944472,0.029003988527936602,-0.004145071124828553,0.012905309065944472,0.2,0.2,0.0,0.26661093939672265,-0.27768045385682627,False
0,32,-0.06397797369175051,-1.505637607121781,1.588229203986202,1.5799934974924337,-0.046142085490832964,0.0,0.17099601147206342,0.20414507112482858,-0.012905309065944472,-0.6150251626968384,0.8775796890258789,0.5287861227989197,0.24933788180351257,-0.4331710934638977,0.8641003966331482,-0.06397797369175051,-1.505637607121781,1.588229203986202,1.5799934974924337,-0.046142085490832964,0.0,0.1715643601685091,0.20423732705581843,-0.012552771205430881,0.02843563983149092,-0.004237327055818422,0.012552771205430881,0.2,0.2,0.0,0.2670295629848335,-0.2754020347470504,False
0,33,-0.06397797369175051,-1.505637607121781,1.588229203986202,1.5799934974924337,-0.046142085490832964,0.0,0.1715643601685091,0.20423732705581843,-0.012552771205430881,-0.448853462934494,0.9023135900497437,0.4119936227798462,0.3718333840370178,-0.09902781248092651,0.7908086776733398,-0.06770531732024791,-1.5013819972950002,1.590521512355998,1.5810968607365266,-0.04821895649865788,0.0,0.1719897967980366,0.20426400386124371,-0.012284766367294173,0.028010203201963405,-0.004264003861243714,0.012284766367294173,0.2,0.2,0.0,0.2673110341171032,-0.2729404567624978,False
0,34,-0.06770531732024791,-1.5013819972950002,1.590521512355998,1.5810968607365266,-0.04821895649865788,0.0,0.1719897967980366,0.20426400386124371,-0.012284766367294173,-0.8787989020347595,0.9246784448623657,0.25473132729530334,0.43118271231651306,-0.3550046682357788,0.6652480363845825,-0.06802313112148081,-1.5009745976329314,1.590654950683029,1.5812839266909406,-0.04832877579050804,0.0,0.1719897967980366,0.20426400386124371,-0.012284766367294173,0.028010203201963405,-0.004264003861243714,0.012284766367294173,0.2,0.2,0.0,0.2673110341171032,-0.2673110341171032,False
0,35,-0.06802313112148081,-1.5009745976329314,1.590654950683029,1.5812839266909406,-0.04832877579050804,0.0,0.1719897967980366,0.20426400386124371,-0.012284766367294173,-0.9366169571876526,0.9491927027702332,0.5307156443595886,0.32738614082336426,-0.012336641550064087,0.5757738351821899,-0.06880203509831805,-1.5001635463472553,1.5909260975632242,1.5816415329855344,-0.0485782691267127,0.0,0.17209538611631187,0.20427548379916716,-0.012238826675869507,0.02790461388368815,-0.004275483799167146,0.012238826675869507,0.2,0.2,0.0,0.26738564673951415,-0.26887789918773275,False
0,36,-0.06880203509831805,-1.5001635463472553,1.5909260975632242,1.5816415329855344,-0.0485782691267127,0.0,0.17209538611631187,0.20427548379916716,-0.012238826675869507,-0.6065230369567871,0.9249334335327148,0.3535318076610565,0.2282492071390152,-0.5717642307281494,0.649254560470581,-0.06928392107614899,-1.4996198794797413,1.5912036665351745,1.5818115070850456,-0.0486818928468332,0.0,0.17225103535946232,0.20429572799303142,-0.01216324114448547,0.027748964640537697,-0.004295727993031392,0.01216324114448547,0.2,0.2,0.0,0.2674978655872759,-0.26974224254251083,False
0,37,-0.06928392107614899,-1.4996198794797413,1.5912036665351745,1.5818115070850456,-0.0486818928468332,0.0,0.17225103535946232,0.20429572799303142,-0.01216324114448547,-0.7914159297943115,0.9113265872001648,0.5422171950340271,0.3072339594364166,-0.3779226541519165,0.5538194179534912,-0.06974888228176115,-1.49892339571928,1.591479629358171,1.5819873542196172,-0.049106505561447494,0.0,0.1723860514583752,0.20430848869718782,-0.012087345611467595,0.02761394854162481,-0.004308488697187817,0.012087345611467595,0.2,0.2,0.0,0.26759113067340173,-0.2694564323959185,False
0,38,-0.06974888228176115,-1.49892339571928,1.591479629358171,1.5819873542196172,-0.049106505561447494,0.0,0.1723860514583752,0.20430848869718782,-0.012087345611467595,-0.7746955752372742,0.8882972598075867,0.47319090366363525,0.3893834352493286,-0.40472912788391113,0.7191321849822998,-0.06974888228176115,-1.49892339571928,1.591479629358171,1.5819873542196172,-0.049106505561447494,0.0,0.17303677790712904,0.20436679295260002,-0.011706761726900605,0.02696322209287098,-0.004366792952600019,0.011706761726900605,0.2,0.2,0.0,0.2680383570318666,-0.27698288420116446,False
0,39,-0.06974888228176115,-1.49892339571928,1.591479629358171,1.5819873542196172,-0.049106505561447494,0.0,0.17303677790712904,0.20436679295260002,-0.011706761726900605,-0.8266538381576538,0.913535475730896,0.49609968066215515,0.31426748633384705,-0.5069916844367981,0.5053036212921143,-0.06974888228176115,-1.49892339571928,1.591479629358171,1.5819873542196172,-0.049106505561447494,0.0,0.1736952638339515,0.20442076274797952,-0.01136891651524052,0.026304736166048507,-0.0044207627479795186,0.01136891651524052,0.2,0.2,0.0,0.2684904936558132,-0.27753322613474424,False
0,40,-0.06974888228176115,-1.49892339571928,1.591479629358171,1.5819873542196172,-0.049106505561447494,0.0,0.1736952638339515,0.20442076274797952,-0.01136891651524052,-0.745557963848114,0.9706206321716309,0.2678370773792267,0.5139755606651306,-0.5833684206008911,0.7071784138679504,-0.06974888228176115,-1.49892339571928,1.591479629358171,1.5819873542196172,-0.049106505561447494,0.0,0.17437470702538072,0.2044721083947952,-0.011126059365502528,0.025625292974619285,-0.004472108394795186,0.011126059365502528,0.2,0.2,0.0,0.2689594221413426,-0.2783379918519312,False
0,41,-0.06974888228176115,-1.49892339571928,1.591479629358171,1.5819873542196172,-0.049106505561447494,0.0,0.17437470702538072,0.2044721083947952,-0.011126059365502528,-0.8353185653686523,0.957104504108429,0.3437691926956177,0.18800868093967438,-0.5277948975563049,0.829098641872406,-0.06974888228176115,-1.49892339571928,1.591479629358171,1.5819873542196172,-0.049106505561447494,0.0,0.17464773579200413,0.20449745207569553,-0.01102163383165533,0.02535226420799588,-0.004497452075695516,0.01102163383165533,0.2,0.2,0.0,0.26915147396037825,-0.2729925103410911,False
0,42,-0.06974888228176115,-1.49892339571928,1.591479629358171,1.5819873542196172,-0.049106505561447494,0.0,0.17464773579200413,0.20449745207569553,-0.01102163383165533,-0.813673734664917,0.9263858199119568,0.5306355953216553,0.4871765673160553,-0.6054857969284058,0.5992838740348816,-0.06974888228176115,-1.49892339571928,1.591479629358171,1.5819873542196172,-0.049106505561447494,0.0,0.17528204799422542,0.20459726735649889,-0.01063992265416612,0.024717952005774587,-0.0045972673564988785,0.01063992265416612,0.2,0.2,0.0,0.26962389751816,-0.2790723686737953,False
0,43,-0.06974888228176115,-1.49892339571928,1.591479629358171,1.5819873542196172,-0.049106505561447494,0.0,0.17528204799422542,0.20459726735649889,-0.01063992265416612,-0.8726553916931152,0.9509667158126831,0.41853541135787964,0.1776413917541504,-0.004111922346055508,0.8309360146522522,-0.06974888228176115,-1.49892339571928,1.591479629358171,1.5819873542196172,-0.049106505561447494,0.0,0.1758447983300196,0.20466814418212992,-0.010318287903736317,0.024155201669980416,-0.004668144182129908,0.010318287903736317,0.2,0.2,0.0,0.2700313119027991,-0.278179599595581,False
0,44,-0.06974888228176115,-1.49892339571928,1.591479629358171,1.5819873542196172,-0.049106505561447494,0.0,0.1758447983300196,0.20466814418212992,-0.010318287903736317,-0.6606574654579163,0.9557185769081116,0.13163161277770996,0.21893642842769623,-0.7140575647354126,0.7411811351776123,-0.08693938526241884,-1.4789645517597039,1.599391772718438,1.587883627875832,-0.05968785277770036,0.0,0.17600529682725077,0.20467510212854595,-0.010234907414984895,0.02399470317274924,-0.004675102128545927,0.010234907414984895,0.2,0.2,0.0,0.27013795600095275,-0.27227083796402557,False
0,45,-0.08693938526241884,-1.4789645517597039,1.599391772718438,1.587883627875832,-0.05968785277770036,0.0,0.17600529682725077,0.20467510212854595,-0.010234907414984895,-0.6508113145828247,0.9289912581443787,0.23751044273376465,-0.021188216283917427,-0.5137344002723694,0.3340672552585602,-0.08719678539384834,-1.4785485273299013,1.5994377494840613,1.587882633346167,-0.059977909440307176,0.0,0.17604846084051176,0.20468047807534223,-0.01021342313120327,0.023951539159488246,-0.004680478075342234,0.01021342313120327,0.2,0.2,0.0,0.270169340750428,-0.2707970357399325,False
0,46,-0.08719678539384834,-1.4785485273299013,1.5994377494840613,1.587882633346167,-0.059977909440307176,0.0,0.17604846084051176,0.20468047807534223,-0.01021342313120327,-0.3544060289859772,0.8316187262535095,0.4507376253604889,0.2793861925601959,-0.3795514702796936,0.5212744474411011,-0.08774946324290822,-1.4777414693372177,1.5996601098041625,1.5878818830937,-0.06041766946954725,0.0,0.17604846084051176,0.20468047807534223,-0.01021342313120327,0.023951539159488246,-0.004680478075342234,0.01021342313120327,0.2,0.2,0.0,0.270169340750428,-0.270169340750428,False
0,47,-0.08774946324290822,-1.4777414693372177,1.5996601098041625,1.5878818830937,-0.06041766946954725,0.0,0.17604846084051176,0.20468047807534223,-0.01021342313120327,-0.5117350816726685,0.8845267295837402,0.660880446434021,0.16135983169078827,-0.1546771079301834,0.35787537693977356,-0.08801666595136282,-1.47716055075572,1.6000122049109418,1.5880586011473217,-0.060636571747403833,0.0,0.17617091207029423,0.2046907278654685,-0.010142260271036149,0.02382908792970578,-0.004690727865468472,0.010142260271036149,0.2,0.2,0.0,0.27025423174703495,-0.2719520516791743,False
0,48,-0.08801666595136282,-1.47716055075572,1.6000122049109418,1.5880586011473217,-0.060636571747403833,0.0,0.17617091207029423,0.2046907278654685,-0.010142260271036149,-0.7602518200874329,0.8895583152770996,0.4926222264766693,0.11373962461948395,-0.494862824678421,0.6426882743835449,-0.08827018324952905,-1.476749776891021,1.6003101457050612,1.5881294627571205,-0.06072683208171004,0.0,0.17630582424335461,0.20469007633169709,-0.010062613244369523,0.0236941757566454,-0.0046900763316970705,0.010062613244369523,0.2,0.2,0.0,0.2703387267782964,-0.2720286274035255,False
0,49,-0.08827018324952905,-1.476749776891021,1.6003101457050612,1.5881294627571205,-0.06072683208171004,0.0,0.17630582424335461,0.20469007633169709,-0.010062613244369523,-0.48966094851493835,0.9648566246032715,0.540178656578064,0.020876562222838402,-0.3767501711845398,0.20203375816345215,-0.08827018324952905,-1.476749776891021,1.6003101457050612,1.5881294627571205,-0.06072683208171004,0.0,0.17667355218620576,0.20471509263993534,-0.00983451914847791,0.02332644781379425,-0.004715092639935339,0.00983451914847791,0.2,0.2,0.0,0.2705892292083169,-0.275599277808727,False
0,50,-0.08827018324952905,-1.476749776891021,1.6003101457050612,1.5881294627571205,-0.06072683208171004,0.0,0.17667355218620576,0.20471509263993534,-0.00983451914847791,-0.6620173454284668,0.9661056399345398,0.5958607792854309,0.2099790722131729,-0.4382478892803192,-0.5857135057449341,-0.08827018324952905,-1.476749776891021,1.6003101457050612,1.5881294627571205,-0.06072683208171004,0.0,0.1774760965915445,0.20473662182385757,-0.009357102992855387,0.0225239034084555,-0.00473662182385755,0.009357102992855387,0.2,0.2,0.0,0.2711132688630997,-0.281594061958756,False
0,51,-0.08827018324952905,-1.476749776891021,1.6003101457050612,1.5881294627571205,-0.06072683208171004,0.0,0.1774760965915445,0.20473662182385757,-0.009357102992855387,-0.3252216875553131,0.8735464811325073,0.492143839597702,0.5319172143936157,-0.6661596894264221,0.6842581629753113,-0.08827018324952905,-1.476749776891021,1.6003101457050612,1.5881294627571205,-0.06072683208171004,0.0,0.17770899888912856,0.20474099840696655,-0.009222120820426474,0.022291001110871445,-0.0047409984069665435,0.009222120820426474,0.2,0.2,0.0,0.2712644691574706,-0.2742884750448882,False
0,52,-0.08827018324952905,-1.476749776891021,1.6003101457050612,1.5881294627571205,-0.06072683208171004,0.0,0.17770899888912856,0.20474099840696655,-0.009222120820426474,-0.4009934067726135,0.8424339294433594,0.5752378106117249,0.10107002407312393,-0.5227938890457153,-0.32215616106987,-0.09484073148494157,-1.466586882504364,1.6066518330693973,1.5898932660457186,-0.0659795713155023,0.0,0.17818220035743781,0.20473803163950016,-0.008932359102157839,0.021817799642562193,-0.004738031639500154,0.008932359102157839,0.2,0.2,0.0,0.2715627830962206,-0.27752906187122095,False
0,53,-0.09484073148494157,-1.466586882504364,1.6066518330693973,1.5898932660457186,-0.0659795713155023,0.0,0.17818220035743781,0.20473803163950016,-0.008932359102157839,-0.4714416265487671,0.8637561202049255,0.19581526517868042,0.1645403951406479,-0.5954771041870117,-0.09328596293926239,-0.09484073148494157,-1.466586882504364,1.6066518330693973,1.5898932660457186,-0.0659795713155023,0.0,0.17902247764861998,0.2047073963291701,-0.008374876472625015,0.02097752235138003,-0.00470739632917008,0.008374876472625015,0.2,0.2,0.0,0.2720740784625582,-0.2822999857893101,False
0,54,-0.09484073148494157,-1.466586882504364,1.6066518330693973,1.5898932660457186,-0.0659795713155023,0.0,0.17902247764861998,0.2047073963291701,-0.008374876472625015,-0.6902837753295898,0.9460212588310242,0.630439043045044,-0.2630833387374878,-0.8495546579360962,0.5197672843933105,-0.09484073148494157,-1.466586882504364,1.6066518330693973,1.5898932660457186,-0.0659795713155023,0.0,0.18033952676818707,0.2047667637402203,-0.0075708076509421185,0.019660473231812938,-0.004766763740220285,0.0075708076509421185,0.2,0.2,0.0,0.2729635315863722,-0.2907525940626522,False
0,55,-0.09484073148494157,-1.466586882504364,1.6066518330693973,1.5898932660457186,-0.0659795713155023,0.0,0.18033952676818707,0.2047667637402203,-0.0075708076509421185,-0.7706794738769531,0.7523325085639954,0.6786066293716431,0.1921558827161789,-0.765792965888977,-0.08479154109954834,-0.09484073148494157,-1.466586882504364,1.6066518330693973,1.5898932660457186,-0.0659795713155023,0.0,0.18105821773957317,0.2048123730104703,-0.00688475696449908,0.018941782260426827,-0.004812373010470292,0.00688475696449908,0.2,0.2,0.0,0.273454907119384,-0.2832824177796204,False
0,56,-0.09484073148494157,-1.466586882504364,1.6066518330693973,1.5898932660457186,-0.0659795713155023,0.0,0.18105821773957317,0.2048123730104703,-0.00688475696449908,-0.8202629685401917,0.946253776550293,0.3443107604980469,0.4230329394340515,-0.6215126514434814,0.06410824507474899,-0.09484073148494157,-1.466586882504364,1.6066518330693973,1.5898932660457186,-0.0659795713155023,0.0,0.18148009526917183,0.20481860344176966,-0.006676867206328509,0.018519904730828173,-0.004818603441769667,0.006676867206328509,0.2,0.2,0.0,0.273733932588628,-0.2793144419735073,False
0,57,-0.09484073148494157,-1.466586882504364,1.6066518330693973,1.5898932660457186,-0.0659795713155023,0.0,0.18148009526917183,0.20481860344176966,-0.006676867206328509,-0.8436970114707947,0.9092555046081543,0.6133741736412048,0.36780595779418945,-0.6811878681182861,0.716689944267273,-0.09484073148494157,-1.466586882504364,1.6066518330693973,1.5898932660457186,-0.0659795713155023,0.0,0.1821852778674358,0.20484086768950938,-0.006683736237358264,0.017814722132564218,-0.004840867689509379,0.006683736237358264,0.2,0.2,0.0,0.27421876098749415,-0.28391532896481725,False
0,58,-0.09484073148494157,-1.466586882504364,1.6066518330693973,1.5898932660457186,-0.0659795713155023,0.0,0.1821852778674358,0.20484086768950938,-0.006683736237358264,-0.37096962332725525,0.8816190361976624,0.4544003903865814,-0.12328429520130157,-0.6185519695281982,0.2637409567832947,-0.09484073148494157,-1.466586882504364,1.6066518330693973,1.5898932660457186,-0.0659795713155023,0.0,0.18236248070686095,0.20484179799994295,-0.0066455370018150516,0.017637519293139062,-0.004841797999942942,0.0066455370018150516,0.2,0.2,0.0,0.2743362895051476,-0.27668685985821667,False
0,59,-0.09484073148494157,-1.466586882504364,1.6066518330693973,1.5898932660457186,-0.0659795713155023,0.0,0.18236248070686095,0.20484179799994295,-0.0066455370018150516,-0.7041890025138855,0.96002197265625,0.44085609912872314,0.29894721508026123,-0.7017087340354919,-0.04103292524814606,-0.09484073148494157,-1.466586882504364,1.6066518330693973,1.5898932660457186,-0.0659795713155023,0.0,0.1824100721845341,0.20483937651191275,-0.006618953032171429,0.017589927815465922,-0.0048393765119127494,0.006618953032171429,0.2,0.2,0.0,0.2743654773170236,-0.27494923355454354,False
0,60,-0.09484073148494157,-1.466586882504364,1.6066518330693973,1.5898932660457186,-0.0659795713155023,0.0,0.1824100721845341,0.20483937651191275,-0.006618953032171429,-0.6661012172698975,0.961766242980957,0.7411164045333862,0.24599845707416534,-0.8176053166389465,0.017651334404945374,-0.09484073148494157,-1.466586882504364,1.6066518330693973,1.5898932660457186,-0.0659795713155023,0.0,0.18305534338255594,0.20478411297159554,-0.006219436951801518,0.016944656617444067,-0.004784112971595522,0.006219436951801518,0.2,0.2,0.0,0.2747443776721666,-0.2823223847750263,False
0,61,-0.09484073148494157,-1.466586882504364,1.6066518330693973,1.5898932660457186,-0.0659795713155023,0.0,0.18305534338255594,0.20478411297159554,-0.006219436951801518,-0.7169076204299927,0.9337878227233887,0.48169398307800293,0.2593936324119568,-0.7469819784164429,0.3645597994327545,-0.11219951180653107,-1.4435499241675867,1.6204575736301399,1.5941634347937927,-0.08429827048613561,0.0,0.18326315312069041,0.20477759237692023,-0.006147064030800745,0.016736846879309597,-0.004777592376920205,0.006147064030800745,0.2,0.2,0.0,0.2748763940894607,-0.2775167224353427,False
0,62,-0.11219951180653107,-1.4435499241675867,1.6204575736301399,1.5941634347937927,-0.08429827048613561,0.0,0.18326315312069041,0.20477759237692023,-0.006147064030800745,-0.409749835729599,0.9565123915672302,0.6959131956100464,0.052158523350954056,-0.7182057499885559,-0.20515583455562592,-0.1130353862201181,-1.442330757763563,1.621238095875792,1.5949430611754893,-0.08541630805893768,0.0,0.18326315312069041,0.20477759237692023,-0.006147064030800745,0.016736846879309597,-0.004777592376920205,0.006147064030800745,0.2,0.2,0.0,0.2748763940894607,-0.2748763940894607,False
0,63,-0.1130353862201181,-1.442330757763563,1.621238095875792,1.5949430611754893,-0.08541630805893768,0.0,0.18326315312069041,0.20477759237692023,-0.006147064030800745,-0.4979761838912964,0.8346768617630005,0.5810290575027466,0.23019695281982422,-0.5999549627304077,-0.009511064738035202,-0.11327989196387096,-1.4418723856450624,1.6215632185591873,1.595029587874754,-0.08574970413200969,0.0,0.1833009874539527,0.20477779694916445,-0.006139154501283023,0.016699012546047293,-0.0047777969491644414,0.006139154501283023,0.2,0.2,0.0,0.2749015957446191,-0.27540562884778713,False
0,64,-0.11327989196387096,-1.4418723856450624,1.6215632185591873,1.595029587874754,-0.08574970413200969,0.0,0.1833009874539527,0.20477779694916445,-0.006139154501283023,-0.35725992918014526,0.9604934453964233,0.4545079469680786,0.05091933161020279,-0.5989928245544434,0.054457854479551315,-0.11327989196387096,-1.4418723856450624,1.6215632185591873,1.595029587874754,-0.08574970413200969,0.0,0.1846390741636984,0.20472031331310317,-0.005462677650364817,0.015360925836301595,-0.004720313313103165,0.005462677650364817,0.2,0.2,0.0,0.2757387082695403,-0.2924809587679641,False
0,65,-0.11327989196387096,-1.4418723856450624,1.6215632185591873,1.595029587874754,-0.08574970413200969,0.0,0.1846390741636984,0.20472031331310317,-0.005462677650364817,-0.20167621970176697,0.9291307926177979,0.6808396577835083,-0.12403955310583115,-0.6605383157730103,0.36527279019355774,-0.11655874025155608,-1.4363656436023966,1.6253823448861533,1.5965443050859214,-0.08970152551828178,0.0,0.18477428885240732,0.20471196363606017,-0.005389584503387366,0.015225711147592694,-0.004711963636060171,0.005389584503387366,0.2,0.2,0.0,0.27582163348396666,-0.2774801377724942,False
0,66,-0.11655874025155608,-1.4363656436023966,1.6253823448861533,1.5965443050859214,-0.08970152551828178,0.0,0.18477428885240732,0.20471196363606017,-0.005389584503387366,-0.5104589462280273,0.9552288055419922,0.738075315952301,0.26144084334373474,-0.6345045566558838,-0.13031211495399475,-0.11691000740800778,-1.4352631795008954,1.625846059384732,1.5965443243612287,-0.09036432152034245,0.0,0.18488222027047474,0.20470244966869164,-0.005314282480075143,0.015117779729525271,-0.004702449668691626,0.005314282480075143,0.2,0.2,0.0,0.27588542888449474,-0.2771613368950565,False
0,67,-0.11691000740800778,-1.4352631795008954,1.625846059384732,1.5965443243612287,-0.09036432152034245,0.0,0.18488222027047474,0.20470244966869164,-0.005314282480075143,-0.20710477232933044,0.8887636661529541,0.5318057537078857,-0.275897353887558,-0.7144708037376404,-0.5388407707214355,-0.11710102509720528,-1.434310340473449,1.6265497267832156,1.5964144088160568,-0.09104641278000337,0.0,0.18488222027047474,0.20470244966869164,-0.005314282480075143,0.015117779729525271,-0.004702449668691626,0.005314282480075143,0.2,0.2,0.0,0.27588542888449474,-0.27588542888449474,False
0,68,-0.11710102509720528,-1.434310340473449,1.6265497267832156,1.5964144088160568,-0.09104641278000337,0.0,0.18488222027047474,0.20470244966869164,-0.005314282480075143,-0.26606258749961853,0.9755111336708069,0.5738817453384399,-0.38924527168273926,-0.7439500689506531,-0.11319584399461746,-0.11710102509720528,-1.434310340473449,1.6265497267832156,1.5964144088160568,-0.09104641278000337,0.0,0.1858834511379663,0.20462793425583825,-0.004520780147643309,0.014116548862033704,-0.004627934255838254,0.004520780147643309,0.2,0.2,0.0,0.27648813055521154,-0.2885421639695475,False
0,69,-0.11710102509720528,-1.434310340473449,1.6265497267832156,1.5964144088160568,-0.09104641278000337,0.0,0.1858834511379663,0.20462793425583825,-0.004520780147643309,-0.579657793045044,0.9763085842132568,0.6666131615638733,-0.10084257274866104,-0.6669467687606812,-0.6807972192764282,-0.11710102509720528,-1.434310340473449,1.6265497267832156,1.5964144088160568,-0.09104641278000337,0.0,0.1862341647795929,0.20462204146084806,-0.0042200576886801434,0.013765835220407117,-0.004622041460848051,0.0042200576886801434,0.2,0.2,0.0,0.27671493069520725,-0.2812509334951214,False
0,70,-0.11710102509720528,-1.434310340473449,1.6265497267832156,1.5964144088160568,-0.09104641278000337,0.0,0.1862341647795929,0.20462204146084806,-0.0042200576886801434,-0.17173337936401367,0.8107466101646423,0.5347448587417603,-0.003260559868067503,-0.683513879776001,-0.5605740547180176,-0.11710102509720528,-1.434310340473449,1.6265497267832156,1.5964144088160568,-0.09104641278000337,0.0,0.1862808696503725,0.2046301457593948,-0.004231555651881588,0.013719130349627504,-0.004630145759394808,0.004231555651881588,0.2,0.2,0.0,0.27675253388983667,-0.2775045977824251,False
0,71,-0.11710102509720528,-1.434310340473449,1.6265497267832156,1.5964144088160568,-0.09104641278000337,0.0,0.1862808696503725,0.2046301457593948,-0.004231555651881588,-0.030770109966397285,0.9312881231307983,0.7826817035675049,0.09298764914274216,-0.5499401092529297,-0.256541907787323,-0.11710102509720528,-1.434310340473449,1.6265497267832156,1.5964144088160568,-0.09104641278000337,0.0,0.18638137821895912,0.20461982116068847,-0.004199712811294165,0.013618621781040886,-0.004619821160688455,0.004199712811294165,0.2,0.2,0.0,0.27681207875800534,-0.27800297612137875,False
0,72,-0.11710102509720528,-1.434310340473449,1.6265497267832156,1.5964144088160568,-0.09104641278000337,0.0,0.18638137821895912,0.20461982116068847,-0.004199712811294165,0.06597433239221573,0.9528177380561829,0.49774256348609924,-0.26505982875823975,-0.43896976113319397,-0.5835654735565186,-0.12073113391091694,-1.420827086850096,1.6309187620843275,1.592463452644867,-0.10155787292095293,0.0,0.1864164289127489,0.20461626530789645,-0.004212559321851304,0.013583571087251101,-0.004616265307896429,0.004212559321851304,0.2,0.2,0.0,0.27683324701555184,-0.27725661216648184,False
0,73,-0.12073113391091694,-1.420827086850096,1.6309187620843275,1.592463452644867,-0.10155787292095293,0.0,0.1864164289127489,0.20461626530789645,-0.004212559321851304,0.4576452970504761,0.9579483866691589,0.6821662783622742,0.18613965809345245,-0.6510100364685059,-0.3921508193016052,-0.12061615044197865,-1.4205670909812487,1.630964017926941,1.5924729165339142,-0.10168999075874108,0.0,0.1864164289127489,0.20461626530789645,-0.004212559321851304,0.013583571087251101,-0.004616265307896429,0.004212559321851304,0.2,0.2,0.0,0.27683324701555184,-0.27683324701555184,False
0,74,-0.12061615044197865,-1.4205670909812487,1.630964017926941,1.5924729165339142,-0.10168999075874108,0.0,0.1864164289127489,0.20461626530789645,-0.004212559321851304,0.21065698564052582,0.9415157437324524,0.7466490268707275,-0.06960506737232208,-0.6662760972976685,-0.5745079517364502,-0.12061615044197865,-1.4205670909812487,1.630964017926941,1.5924729165339142,-0.10168999075874108,0.0,0.1864482959624957,0.20460738147925686,-0.004212974251529347,0.013551704037504296,-0.004607381479256851,0.004212974251529347,0.2,0.2,0.0,0.27684814750176784,-0.27714615722608776,False
0,75,-0.12061615044197865,-1.4205670909812487,1.630964017926941,1.5924729165339142,-0.10168999075874108,0.0,0.1864482959624957,0.20460738147925686,-0.004212974251529347,-0.01554156094789505,0.9250760674476624,0.2578955590724945,0.15654578804969788,-0.5795909762382507,-0.21536950767040253,-0.12061615044197865,-1.4205670909812487,1.630964017926941,1.5924729165339142,-0.10168999075874108,0.0,0.18685815667739442,0.20453789611552914,-0.004239025878934488,0.013141843322605599,-0.004537896115529118,0.004239025878934488,0.2,0.2,0.0,0.277073439731496,-0.2815792843260594,False
0,76,-0.12061615044197865,-1.4205670909812487,1.630964017926941,1.5924729165339142,-0.10168999075874108,0.0,0.18685815667739442,0.20453789611552914,-0.004239025878934488,0.11322326213121414,0.9049010276794434,0.5540178418159485,0.27604353427886963,-0.6477298140525818,-0.6421780586242676,-0.12061615044197865,-1.4205670909812487,1.630964017926941,1.5924729165339142,-0.10168999075874108,0.0,0.18747118487924486,0.20447395355372835,-0.004278383740855651,0.012528815120755165,-0.004473953553728349,0.004278383740855651,0.2,0.2,0.0,0.27744070971894924,-0.2847861094680139,False
0,77,-0.12061615044197865,-1.4205670909812487,1.630964017926941,1.5924729165339142,-0.10168999075874108,0.0,0.18747118487924486,0.20447395355372835,-0.004278383740855651,0.2043619304895401,0.8353042006492615,0.5880293846130371,-0.12719149887561798,-0.6073390245437622,-0.3160567879676819,-0.12061615044197865,-1.4205670909812487,1.630964017926941,1.5924729165339142,-0.10168999075874108,0.0,0.18758654827027374,0.2044586130253662,-0.004282761437278546,0.012413451729726271,-0.004458613025366177,0.004282761437278546,0.2,0.2,0.0,0.2775074405808623,-0.2788420578191234,False
0,78,-0.12061615044197865,-1.4205670909812487,1.630964017926941,1.5924729165339142,-0.10168999075874108,0.0,0.18758654827027374,0.2044586130253662,-0.004282761437278546,0.41473689675331116,0.8817309141159058,0.6408684253692627,-0.04802552983164787,-0.6984103918075562,-0.4255129098892212,-0.12061615044197865,-1.4205670909812487,1.630964017926941,1.5924729165339142,-0.10168999075874108,0.0,0.18765480329966702,0.2044394594826596,-0.004213127941050079,0.012345196700332985,-0.004439459482659582,0.004213127941050079,0.2,0.2,0.0,0.27753840858887696,-0.27815776874917025,False
0,79,-0.12061615044197865,-1.4205670909812487,1.630964017926941,1.5924729165339142,-0.10168999075874108,0.0,0.18765480329966702,0.2044394594826596,-0.004213127941050079,-0.11650463938713074,0.8917759656906128,0.6101497411727905,-0.09536600112915039,-0.5062242150306702,-0.6287565231323242,-0.11991759814179075,-1.4054391048554133,1.628373146738713,1.5943528082465699,-0.11151552870912904,0.0,0.18765421879530755,0.2044403731531353,-0.004212913939620089,0.012345781204692447,-0.004440373153135281,0.004212913939620089,0.2,0.2,0.0,0.2775386831606236,-0.2775441745955559,False
0,80,-0.11991759814179075,-1.4054391048554133,1.628373146738713,1.5943528082465699,-0.11151552870912904,0.0,0.18765421879530755,0.2044403731531353,-0.004212913939620089,0.25871673226356506,0.9012429714202881,0.7864206433296204,0.15782953798770905,-0.34492528438568115,-0.16960139572620392,-0.11991759814179075,-1.4054391048554133,1.628373146738713,1.5943528082465699,-0.11151552870912904,0.0,0.18779175855911168,0.2044276905801441,-0.004228933248476705,0.012208241440888338,-0.004427690580144093,0.004228933248476705,0.2,0.2,0.0,0.2776226019888779,-0.2793009785539642,False
0,81,-0.11991759814179075,-1.4054391048554133,1.628373146738713,1.5943528082465699,-0.11151552870912904,0.0,0.18779175855911168,0.2044276905801441,-0.004228933248476705,0.38227003812789917,0.9187610745429993,0.13664768636226654,0.0067191715352237225,-0.7401061654090881,-0.6579990386962891,-0.11991759814179075,-1.4054391048554133,1.628373146738713,1.5943528082465699,-0.11151552870912904,0.0,0.18804271294267105,0.2043606683485111,-0.004291367909488447,0.011957287057328955,-0.004360668348511105,0.004291367909488447,0.2,0.2,0.0,0.2777440557369762,-0.2801731306989422,False
0,82,-0.11991759814179075,-1.4054391048554133,1.628373146738713,1.5943528082465699,-0.11151552870912904,0.0,0.18804271294267105,0.2043606683485111,-0.004291367909488447,0.29024842381477356,0.92411208152771,0.7518521547317505,-0.197107195854187,-0.6662881374359131,-0.24244505167007446,-0.11868491408394173,-1.3976287090474229,1.6262994243411257,1.5940089580115333,-0.11537998100227058,0.0,0.1880981615273492,0.204342390248174,-0.004295674436993607,0.011901838472650805,-0.004342390248173979,0.004295674436993607,0.2,0.2,0.0,0.27776821927854606,-0.2782514901099434,False
0,83,-0.11868491408394173,-1.3976287090474229,1.6262994243411257,1.5940089580115333,-0.11537998100227058,0.0,0.1880981615273492,0.204342390248174,-0.004295674436993607,0.27916616201400757,0.8320963978767395,0.7408900260925293,0.40314021706581116,-0.38256537914276123,-0.7653931379318237,-0.11767876909802788,-1.3955743007113883,1.6257076144985165,1.5940290742864662,-0.11720557897589386,0.0,0.188109328845447,0.20433589544956726,-0.004310548550517199,0.01189067115455299,-0.004335895449567265,0.004310548550517199,0.2,0.2,0.0,0.277771234285819,-0.2778315344312781,False
0,84,-0.11767876909802788,-1.3955743007113883,1.6257076144985165,1.5940290742864662,-0.11720557897589386,0.0,0.188109328845447,0.20433589544956726,-0.004310548550517199,0.07814627140760422,0.8252398371696472,0.7870794534683228,-0.27992063760757446,-0.4818563759326935,-0.31339961290359497,-0.11751653919681297,-1.3949653731014786,1.6257681490316116,1.5942225810884805,-0.11748582489546561,0.0,0.18819624598435755,0.20432174393114683,-0.0042942611145758425,0.011803754015642463,-0.004321743931146807,0.0042942611145758425,0.2,0.2,0.0,0.2778194426676976,-0.27878361030526916,False
0,85,-0.11751653919681297,-1.3949653731014786,1.6257681490316116,1.5942225810884805,-0.11748582489546561,0.0,0.18819624598435755,0.20432174393114683,-0.0042942611145758425,0.6535607576370239,0.898657500743866,0.7304136753082275,0.10489678382873535,-0.4539497494697571,-0.7499011158943176,-0.11742163318399639,-1.3942933258955807,1.6255395251918943,1.5940083267277108,-0.11787603211731279,0.0,0.18819624598435755,0.20432174393114683,-0.0042942611145758425,0.011803754015642463,-0.004321743931146807,0.0042942611145758425,0.2,0.2,0.0,0.2778194426676976,-0.2778194426676976,False
0,86,-0.11742163318399639,-1.3942933258955807,1.6255395251918943,1.5940083267277108,-0.11787603211731279,0.0,0.18819624598435755,0.20432174393114683,-0.0042942611145758425,0.3693225383758545,0.9762840867042542,0.8639557361602783,0.03859454393386841,-0.6688005328178406,-0.7077559232711792,-0.1170348421646294,-1.393517731622994,1.6252929336732387,1.594062388562615,-0.11836063161781467,0.0,0.18819801155535393,0.20431738531741275,-0.004307724717017181,0.011801988444646076,-0.004317385317412735,0.004307724717017181,0.2,0.2,0.0,0.2778176416078915,-0.27778162041177007,False
0,87,-0.1170348421646294,-1.393517731622994,1.6252929336732387,1.594062388562615,-0.11836063161781467,0.0,0.18819801155535393,0.20431738531741275,-0.004307724717017181,0.4461287558078766,0.9233735203742981,0.522009551525116,0.12444067746400833,-0.5105215907096863,-0.27587372064590454,-0.11676642122011587,-1.392849444417311,1.6252252896296229,1.5941041373795026,-0.11879732528342442,0.0,0.1882890457467448,0.20429729509682143,-0.004284009548916251,0.011710954253255215,-0.004297295096821406,0.004284009548916251,0.2,0.2,0.0,0.27786417953725645,-0.2787949381245551,False
0,88,-0.11676642122011587,-1.392849444417311,1.6252252896296229,1.5941041373795026,-0.11879732528342442,0.0,0.1882890457467448,0.20429729509682143,-0.004284009548916251,0.04443837329745293,0.9349534511566162,0.5546589493751526,0.31311649084091187,-0.3344070017337799,-0.0871143639087677,-0.11657034540296708,-1.392094488967596,1.6251621275049202,1.5942846044122532,-0.11913759759435716,0.0,0.18833243380934137,0.20428355077596533,-0.004300300807684145,0.011667566190658639,-0.00428355077596531,0.004300300807684145,0.2,0.2,0.0,0.27788372987496573,-0.2782747366291514,False
0,89,-0.11657034540296708,-1.392094488967596,1.6251621275049202,1.5942846044122532,-0.11913759759435716,0.0,0.18833243380934137,0.20428355077596533,-0.004300300807684145,0.45139890909194946,0.8485344052314758,0.47736626863479614,0.3365575969219208,-0.5143885016441345,-0.7245373725891113,-0.11650964594809006,-1.391236690576639,1.624900654849228,1.5945771596589606,-0.11945498534292054,0.0,0.1884311902230446,0.20427106008096618,-0.004306788154850968,0.011568809776955399,-0.0042710600809661835,0.004306788154850968,0.2,0.2,0.0,0.27794159073389085,-0.2790988079123932,False
0,90,-0.11650964594809006,-1.391236690576639,1.624900654849228,1.5945771596589606,-0.11945498534292054,0.0,0.1884311902230446,0.20427106008096618,-0.004306788154850968,0.37807291746139526,0.9576995372772217,0.5715966820716858,-0.12421112507581711,-0.47914329171180725,-0.748504638671875,-0.11650964594809006,-1.391236690576639,1.624900654849228,1.5945771596589606,-0.11945498534292054,0.0,0.18872612304822906,0.20417591507560764,-0.0043398439956074085,0.011273876951770949,-0.004175915075607644,0.0043398439956074085,0.2,0.2,0.0,0.2780722712959407,-0.2806858825369376,False
0,91,-0.11650964594809006,-1.391236690576639,1.624900654849228,1.5945771596589606,-0.11945498534292054,0.0,0.18872612304822906,0.20417591507560764,-0.0043398439956074085,0.3129795491695404,0.8512166738510132,0.7911764979362488,-0.31023338437080383,-0.6709831953048706,-0.4373607039451599,-0.11650964594809006,-1.391236690576639,1.624900654849228,1.5945771596589606,-0.11945498534292054,0.0,0.18895023703835936,0.20409519999529918,-0.004337430654164115,0.01104976296164064,-0.004095199995299171,0.004337430654164115,0.2,0.2,0.0,0.27816515964917865,-0.2800229267139377,False
0,92,-0.11650964594809006,-1.391236690576639,1.624900654849228,1.5945771596589606,-0.11945498534292054,0.0,0.18895023703835936,0.20409519999529918,-0.004337430654164115,0.4169480800628662,0.903571367263794,0.7368223667144775,0.1540748029947281,-0.490569531917572,-0.7276691198348999,-0.11650964594809006,-1.391236690576639,1.624900654849228,1.5945771596589606,-0.11945498534292054,0.0,0.18906746999091129,0.2040631518017303,-0.004376693256526232,0.010932530009088736,-0.00406315180173027,0.004376693256526232,0.2,0.2,0.0,0.2782219142624856,-0.27935700652862466,False
0,93,-0.11650964594809006,-1.391236690576639,1.624900654849228,1.5945771596589606,-0.11945498534292054,0.0,0.18906746999091129,0.2040631518017303,-0.004376693256526232,0.32181379199028015,0.9730345606803894,0.6661069989204407,-0.2678893208503723,-0.39788293838500977,-0.4799364507198334,-0.11650964594809006,-1.391236690576639,1.624900654849228,1.5945771596589606,-0.11945498534292054,0.0,0.18946022044388164,0.2039800369664134,-0.00439274882999716,0.010539779556118373,-0.003980036966413391,0.00439274882999716,0.2,0.2,0.0,0.2784283154669206,-0.28255633955562043,False
0,94,-0.11650964594809006,-1.391236690576639,1.624900654849228,1.5945771596589606,-0.11945498534292054,0.0,0.18946022044388164,0.2039800369664134,-0.00439274882999716,0.6892179250717163,0.9555701017379761,0.6978904008865356,-0.26711398363113403,-0.598202645778656,-0.36992377042770386,-0.10843583371224462,-1.3704039486135122,1.6203309240396468,1.593108858057884,-0.1297008529056648,0.0,0.1894483787338925,0.203970777218707,-0.004383096552134674,0.010551621266107505,-0.003970777218706985,0.004383096552134674,0.2,0.2,0.0,0.27841332169903277,-0.2781134463412762,False
0,95,-0.10843583371224462,-1.3704039486135122,1.6203309240396468,1.593108858057884,-0.1297008529056648,0.0,0.1894483787338925,0.203970777218707,-0.004383096552134674,0.5252711176872253,0.9773185849189758,0.7492496371269226,0.035587459802627563,-0.7036001682281494,-0.5823349952697754,-0.10823968291846311,-1.3701715377067316,1.6202578777052423,1.5930191716756956,-0.12985067633702307,0.0,0.18944608590522838,0.20396921583464267,-0.004381116570397331,0.010553914094771619,-0.003969215834642666,0.004381116570397331,0.2,0.2,0.0,0.27841058646433264,-0.27835588177033016,False
0,96,-0.10823968291846311,-1.3701715377067316,1.6202578777052423,1.5930191716756956,-0.12985067633702307,0.0,0.18944608590522838,0.20396921583464267,-0.004381116570397331,0.471596360206604,0.7391242980957031,0.7000960111618042,-0.2784673869609833,-0.5551598072052002,-0.4730372726917267,-0.10800333393486214,-1.36975439643814,1.620051870357692,1.592980770105814,-0.13015517001146742,0.0,0.1894456441693664,0.20396383871280926,-0.004388577488873339,0.010554355830633598,-0.003963838712809251,0.004388577488873339,0.2,0.2,0.0,0.2784064640226353,-0.2783240151886885,False
0,97,-0.10800333393486214,-1.36975439643814,1.620051870357692,1.592980770105814,-0.13015517001146742,0.0,0.1894456441693664,0.20396383871280926,-0.004388577488873339,0.6333068609237671,0.8233717679977417,0.6045969724655151,0.3045974373817444,-0.7380566596984863,-0.13817141950130463,-0.10697267231103416,-1.3681527039456711,1.6195670762206464,1.5924053347518163,-0.13136603928559226,0.0,0.18944613875311153,0.20394040610866387,-0.004398980435116197,0.01055386124688848,-0.003940406108663861,0.004398980435116197,0.2,0.2,0.0,0.2783897982345949,-0.2780564824737873,False
0,98,-0.10697267231103416,-1.3681527039456711,1.6195670762206464,1.5924053347518163,-0.13136603928559226,0.0,0.18944613875311153,0.20394040610866387,-0.004398980435116197,0.2752554416656494,0.9800727963447571,0.6733693480491638,-0.10993850976228714,-0.20415805280208588,-0.061624959111213684,-0.10674851122078917,-1.3677525455789878,1.6195199417069532,1.592481534862774,-0.13160624632732726,0.0,0.18948348853805821,0.2039283575648892,-0.004399039950598319,0.01051651146194179,-0.003928357564889184,0.004399039950598319,0.2,0.2,0.0,0.2784063918090831,-0.2787382632988469,False
0,99,-0.10674851122078917,-1.3677525455789878,1.6195199417069532,1.592481534862774,-0.13160624632732726,0.0,0.18948348853805821,0.2039283575648892,-0.004399039950598319,0.5295473337173462,0.9657061696052551,0.8031346797943115,0.2866324484348297,-0.3677962124347687,-0.0010045763337984681,-0.10654398499128642,-1.3671824577271303,1.6192818769976511,1.592486346783522,-0.1317521884039249,0.0,0.18949899114668695,0.20392142659248386,-0.0044201085215164505,0.010501008853313055,-0.0039214265924838515,0.0044201085215164505,0.2,0.2,0.0,0.27841220021483953,-0.278528368329968,False
0,100,-0.10654398499128642,-1.3671824577271303,1.6192818769976511,1.592486346783522,-0.1317521884039249,0.0,0.18949899114668695,0.20392142659248386,-0.0044201085215164505,0.2844342887401581,0.923158586025238,0.48730406165122986,0.17343781888484955,-0.577465832233429,-0.6466395854949951,-0.10654398499128642,-1.3671824577271303,1.6192818769976511,1.592486346783522,-0.1317521884039249,0.0,0.189691419560961,0.2038851949822228,-0.004417261010044693,0.010308580439039008,-0.0038851949822227903,0.004417261010044693,0.2,0.2,0.0,0.27851664148273514,-0.28060546684064724,False
0,101,-0.10654398499128642,-1.3671824577271303,1.6192818769976511,1.592486346783522,-0.1317521884039249,0.0,0.189691419560961,0.2038851949822228,-0.004417261010044693,0.7127512693405151,0.9402809739112854,0.8197673559188843,0.2588896155357361,-0.5383927226066589,-0.4495577812194824,-0.10561021677126232,-1.3644344590287572,1.6188447288956451,1.5930439033454513,-0.13338529616940026,0.0,0.189691419560961,0.2038851949822228,-0.004417261010044693,0.010308580439039008,-0.0038851949822227903,0.004417261010044693,0.2,0.2,0.0,0.27851664148273514,-0.27851664148273514,False
0,102,-0.10561021677126232,-1.3644344590287572,1.6188447288956451,1.5930439033454513,-0.13338529616940026,0.0,0.189691419560961,0.2038851949822228,-0.004417261010044693,0.460920125246048,0.9870319962501526,0.5213032960891724,0.07151379436254501,-0.6771348714828491,-0.4927021265029907,-0.10541265072368355,-1.363961947687611,1.6188114962234104,1.5931165846237891,-0.13368966571026036,0.0,0.18975745722942367,0.20387039836777957,-0.004442784170606468,0.010242542770576332,-0.003870398367779555,0.004442784170606468,0.2,0.2,0.0,0.278551198590134,-0.27924234073811116,False
0,103,-0.10541265072368355,-1.363961947687611,1.6188114962234104,1.5931165846237891,-0.13368966571026036,0.0,0.18975745722942367,0.20387039836777957,-0.004442784170606468,0.6030699610710144,0.8936769366264343,0.5525771379470825,0.16806289553642273,-0.4847659170627594,-0.36130964756011963,-0.10501188762352699,-1.3632464368057418,1.6186138002095845,1.593204779637202,-0.13413494137159274,0.0,0.18983198301693513,0.2038557445110257,-0.004420923714280062,0.010168016983064871,-0.00385574451102569,0.004420923714280062,0.2,0.2,0.0,0.27859090242284296,-0.27938497907702214,False
0,104,-0.10501188762352699,-1.3632464368057418,1.6186138002095845,1.593204779637202,-0.13413494137159274,0.0,0.18983198301693513,0.2038557445110257,-0.004420923714280062,0.23982253670692444,0.9750472903251648,0.5254117250442505,-0.20813021063804626,-0.4737240970134735,-0.6750485897064209,-0.10465680249204858,-1.3626113617647808,1.6184991131663284,1.5932548403266373,-0.1344684587262222,0.0,0.18987691405558843,0.20383990633876947,-0.004439061059843152,0.01012308594441158,-0.003839906338769466,0.004439061059843152,0.2,0.2,0.0,0.27861022086521636,-0.2789965897126845,False
0,105,-0.10465680249204858,-1.3626113617647808,1.6184991131663284,1.5932548403266373,-0.1344684587262222,0.0,0.18987691405558843,0.20383990633876947,-0.004439061059843152,0.5139601826667786,0.8646174073219299,0.7131571769714355,-0.01739436760544777,-0.37686657905578613,-0.8660153746604919,-0.10447184342196983,-1.3620654079542083,1.6184776996128245,1.5931651341337574,-0.13472553409158833,0.0,0.1899129408611986,0.20383146034986813,-0.004429092555849869,0.01008705913880142,-0.0038314603498681163,0.004429092555849869,0.2,0.2,0.0,0.2786284375216881,-0.2789927706511226,False
0,106,-0.10447184342196983,-1.3620654079542083,1.6184776996128245,1.5931651341337574,-0.13472553409158833,0.0,0.1899129408611986,0.20383146034986813,-0.004429092555849869,0.482183039188385,0.8779711723327637,0.9247767925262451,-0.1514100730419159,-0.6984930038452148,-0.5370423197746277,-0.1040831174820614,-1.3614137985039616,1.6182000651540622,1.5931461176410957,-0.13502798655178344,0.0,0.1899129408611986,0.20383146034986813,-0.004429092555849869,0.01008705913880142,-0.0038314603498681163,0.004429092555849869,0.2,0.2,0.0,0.2786284375216881,-0.2786284375216881,False
0,107,-0.1040831174820614,-1.3614137985039616,1.6182000651540622,1.5931461176410957,-0.13502798655178344,0.0,0.1899129408611986,0.20383146034986813,-0.004429092555849869,0.4992769956588745,0.9788382649421692,0.5320053696632385,-0.11795414984226227,-0.5016189813613892,-0.4962400794029236,-0.10369552511304407,-1.3607062384197655,1.6180496714329105,1.5930210545260486,-0.1355979260761242,0.0,0.1899502408468494,0.2038178321649068,-0.004431858843794878,0.010049759153150623,-0.0038178321649067625,0.004431858843794878,0.2,0.2,0.0,0.2786439378113034,-0.2789539436036101,False
0,108,-0.10369552511304407,-1.3607062384197655,1.6180496714329105,1.5930210545260486,-0.1355979260761242,0.0,0.1899502408468494,0.2038178321649068,-0.004431858843794878,0.737903356552124,0.9590553641319275,0.720130443572998,0.0002778097987174988,-0.5173972845077515,-0.5772812366485596,-0.10334383895577598,-1.3601220263063114,1.61790316792072,1.5929581398465111,-0.13597168633683876,0.0,0.18996046310654152,0.20380583002337735,-0.0044485344391778266,0.010039536893458496,-0.0038058300233773405,0.0044485344391778266,0.2,0.2,0.0,0.27864239331771834,-0.2786115034460167,False
0,109,-0.10334383895577598,-1.3601220263063114,1.61790316792072,1.5929581398465111,-0.13597168633683876,0.0,0.18996046310654152,0.20380583002337735,-0.0044485344391778266,0.21401451528072357,0.9254664182662964,0.8033193945884705,0.2863941192626953,-0.5423959493637085,-0.10746593773365021,-0.10300708271184174,-1.3595701801378552,1.6178565071067448,1.5930105663592655,-0.13627635899932833,0.0,0.19002037527467577,0.20378894167126174,-0.004432329080434696,0.00997962472532423,-0.003788941671261743,0.004432329080434696,0.2,0.2,0.0,0.2786706323029013,-0.27923541200656027,False
0,110,-0.10300708271184174,-1.3595701801378552,1.6178565071067448,1.5930105663592655,-0.13627635899932833,0.0,0.19002037527467577,0.20378894167126174,-0.004432329080434696,0.583228349685669,0.975408673286438,0.6932015419006348,0.28937503695487976,-0.3027898967266083,-0.13820363581180573,-0.10300708271184174,-1.3595701801378552,1.6178565071067448,1.5930105663592655,-0.13627635899932833,0.0,0.1904653002550032,0.20369179371362603,-0.004455928308421897,0.009534699744996825,-0.0036917937136260086,0.004455928308421897,0.2,0.2,0.0,0.2789036262306259,-0.2835635047851186,False
0,111,-0.10300708271184174,-1.3595701801378552,1.6178565071067448,1.5930105663592655,-0.13627635899932833,0.0,0.1904653002550032,0.20369179371362603,-0.004455928308421897,0.4490588903427124,0.6069937348365784,0.8198275566101074,0.09080652892589569,-0.6824322938919067,-0.35274627804756165,-0.10300708271184174,-1.3595701801378552,1.6178565071067448,1.5930105663592655,-0.13627635899932833,0.0,0.1904653002550032,0.20369179371362603,-0.004455928308421897,0.009534699744996825,-0.0036917937136260086,0.004455928308421897,0.2,0.2,0.0,0.2789036262306259,-0.2789036262306259,False
0,112,-0.10300708271184174,-1.3595701801378552,1.6178565071067448,1.5930105663592655,-0.13627635899932833,0.0,0.1904653002550032,0.20369179371362603,-0.004455928308421897,0.625942051410675,0.8845657706260681,0.5141996145248413,-0.028273427858948708,-0.6644260287284851,-0.37492042779922485,-0.10079313345712322,-1.3556616461286524,1.6171760664395807,1.5941760665188915,-0.1375801098452579,0.0,0.19052969453231514,0.203669568731273,-0.004511099195843221,0.009470305467684879,-0.0036695687312730085,0.004511099195843221,0.2,0.2,0.0,0.27893226371596885,-0.27950501342282746,False
0,113,-0.10079313345712322,-1.3556616461286524,1.6171760664395807,1.5941760665188915,-0.1375801098452579,0.0,0.19052969453231514,0.203669568731273,-0.004511099195843221,0.37847262620925903,0.950126051902771,0.6358219981193542,0.025038156658411026,-0.6788830161094666,-0.8502635955810547,-0.09968600312507386,-1.3538281929324223,1.6168850137609712,1.5946248448114773,-0.13840920926125116,0.0,0.1905702050202126,0.2036618241486638,-0.004491933167212497,0.009429794979787399,-0.0036618241486637924,0.004491933167212497,0.2,0.2,0.0,0.2789539731220651,-0.2793881612439901,False
0,114,-0.09968600312507386,-1.3538281929324223,1.6168850137609712,1.5946248448114773,-0.13840920926125116,0.0,0.1905702050202126,0.2036618241486638,-0.004491933167212497,0.7141211032867432,0.960197925567627,0.3442041575908661,0.2133575677871704,-0.7763923406600952,-0.6690835952758789,-0.0994011070048886,-1.3531403708596381,1.6167491202690065,1.5946448184737647,-0.1389174265492046,0.0,0.19061325991213124,0.20365054472382338,-0.004499785088909896,0.009386740087868762,-0.0036505447238233558,0.004499785088909896,0.2,0.2,0.0,0.2789752807803696,-0.27940143394645944,False
0,115,-0.0994011070048886,-1.3531403708596381,1.6167491202690065,1.5946448184737647,-0.1389174265492046,0.0,0.19061325991213124,0.20365054472382338,-0.004499785088909896,0.5934395790100098,0.9588389992713928,0.7553918361663818,0.36087068915367126,-0.42988356947898865,-0.7903292775154114,-0.0994011070048886,-1.3531403708596381,1.6167491202690065,1.5946448184737647,-0.1389174265492046,0.0,0.1907196899171651,0.2036232569341121,-0.004496460307258501,0.009280310082834909,-0.0036232569341120846,0.004496460307258501,0.2,0.2,0.0,0.27902804346848326,-0.2800832972307565,False
0,116,-0.0994011070048886,-1.3531403708596381,1.6167491202690065,1.5946448184737647,-0.1389174265492046,0.0,0.1907196899171651,0.2036232569341121,-0.004496460307258501,0.6285746097564697,0.9575273990631104,0.4824550449848175,0.5735601186752319,-0.5690420866012573,-0.4731198847293854,-0.09821180318169584,-1.3514992432442794,1.6170345457329407,1.5950691141694644,-0.14012332408177242,0.0,0.1907196899171651,0.2036232569341121,-0.004496460307258501,0.009280310082834909,-0.0036232569341120846,0.004496460307258501,0.2,0.2,0.0,0.27902804346848326,-0.27902804346848326,False
0,117,-0.09821180318169584,-1.3514992432442794,1.6170345457329407,1.5950691141694644,-0.14012332408177242,0.0,0.1907196899171651,0.2036232569341121,-0.004496460307258501,0.5439333915710449,0.9644675254821777,0.6832343339920044,-0.12187682092189789,-0.676213264465332,-0.5146562457084656,-0.0978730114457041,-1.3509669945507328,1.6165299294857984,1.595349544019339,-0.14040249501850585,0.0,0.19085296345277028,0.2035989227937064,-0.00446533635561272,0.009147036547229724,-0.003598922793706394,0.00446533635561272,0.2,0.2,0.0,0.27910090334900534,-0.28055810095944694,False
0,118,-0.0978730114457041,-1.3509669945507328,1.6165299294857984,1.595349544019339,-0.14040249501850585,0.0,0.19085296345277028,0.2035989227937064,-0.00446533635561272,0.5490902662277222,0.8570815324783325,0.6242116689682007,-0.1751696616411209,-0.5554909706115723,-0.5877336859703064,-0.09760740382447883,-1.350549541765863,1.6164702119925094,1.5954397808824725,-0.14066353978929313,0.0,0.1908639887449216,0.20358997780455582,-0.004524443988584422,0.009136011255078392,-0.003589977804555798,0.004524443988584422,0.2,0.2,0.0,0.27910286966544595,-0.27914219599425827,False
0,119,-0.09760740382447883,-1.350549541765863,1.6164702119925094,1.5954397808824725,-0.14066353978929313,0.0,0.1908639887449216,0.20358997780455582,-0.004524443988584422,-0.01593782566487789,0.8734763264656067,0.7257367968559265,0.07452664524316788,-0.7420787811279297,-0.5386101603507996,-0.0972298046987256,-1.3497990869334169,1.6162071593607774,1.5953276556713338,-0.1411816949775102,0.0,0.1908920592719851,0.20357713382427253,-0.004519328092629241,0.009107940728014897,-0.0035771338242725154,0.004519328092629241,0.2,0.2,0.0,0.2791126153286764,-0.2793075285932848,False
0,120,-0.0972298046987256,-1.3497990869334169,1.6162071593607774,1.5953276556713338,-0.1411816949775102,0.0,0.1908920592719851,0.20357713382427253,-0.004519328092629241,0.5638593435287476,0.9779052734375,0.5700870752334595,-0.005448019132018089,-0.4946191906929016,-0.4947996735572815,-0.0972298046987256,-1.3497990869334169,1.6162071593607774,1.5953276556713338,-0.1411816949775102,0.0,0.19186024069187146,0.20340252534091183,-0.004574440797353207,0.008139759308128554,-0.0034025253409118036,0.004574440797353207,0.2,0.2,0.0,0.2796495392129435,-0.290388016898286,False
0,121,-0.0972298046987256,-1.3497990869334169,1.6162071593607774,1.5953276556713338,-0.1411816949775102,0.0,0.19186024069187146,0.20340252534091183,-0.004574440797353207,0.509791910648346,0.9674248099327087,0.7813581228256226,0.036560676991939545,-0.46919193863868713,-0.3575442433357239,-0.09144769568627677,-1.3330909901111048,1.613061394161027,1.595912039111356,-0.15174866619422508,0.0,0.19190570714188113,0.20337379422670326,-0.00459795623052783,0.008094292858118881,-0.003373794226703264,0.00459795623052783,0.2,0.2,0.0,0.2796602256547912,-0.27987395449174535,False
0,122,-0.09144769568627677,-1.3330909901111048,1.613061394161027,1.595912039111356,-0.15174866619422508,0.0,0.19190570714188113,0.20337379422670326,-0.00459795623052783,0.18605300784111023,0.9883321523666382,0.797914981842041,0.4219159483909607,-0.6249593496322632,-0.5523154139518738,-0.09144769568627677,-1.3330909901111048,1.613061394161027,1.595912039111356,-0.15174866619422508,0.0,0.1920383171612404,0.20333735812622947,-0.00458254933981414,0.007961682838759615,-0.0033373581262294595,0.00458254933981414,0.2,0.2,0.0,0.2797245005828547,-0.2810099991441245,False
0,123,-0.09144769568627677,-1.3330909901111048,1.613061394161027,1.595912039111356,-0.15174866619422508,0.0,0.1920383171612404,0.20333735812622947,-0.00458254933981414,0.6379028558731079,0.9074440002441406,0.7317156195640564,0.25498494505882263,-0.6783061623573303,-0.5435047149658203,-0.09144769568627677,-1.3330909901111048,1.613061394161027,1.595912039111356,-0.15174866619422508,0.0,0.19275557272328675,0.2032443342239422,-0.0046421120162844914,0.007244427276713258,-0.0032443342239421758,0.0046421120162844914,0.2,0.2,0.0,0.2801508868698929,-0.28867861261065747,False
0,124,-0.09144769568627677,-1.3330909901111048,1.613061394161027,1.595912039111356,-0.15174866619422508,0.0,0.19275557272328675,0.2032443342239422,-0.0046421120162844914,0.6739755272865295,0.8646149039268494,0.8650984764099121,0.07989998906850815,-0.40828171372413635,-0.662629246711731,-0.08951237655558715,-1.3263206204225235,1.6119882808191175,1.5983664057780456,-0.1556368191091516,0.0,0.19275557272328675,0.2032443342239422,-0.0046421120162844914,0.007244427276713258,-0.0032443342239421758,0.0046421120162844914,0.2,0.2,0.0,0.2801508868698929,-0.2801508868698929,False
0,125,-0.08951237655558715,-1.3263206204225235,1.6119882808191175,1.5983664057780456,-0.1556368191091516,0.0,0.19275557272328675,0.2032443342239422,-0.0046421120162844914,0.5851929187774658,0.8900101780891418,0.902151346206665,0.05133455991744995,-0.5750117301940918,-0.32046401500701904,-0.08850661518967336,-1.3250981531699388,1.6118783859060164,1.5986351504572773,-0.15658210025747757,0.0,0.19281626540002492,0.20322492715084317,-0.004664848561255208,0.007183734599975084,-0.003224927150843148,0.004664848561255208,0.2,0.2,0.0,0.2801789500129833,-0.28074021287479123,False
0,126,-0.08850661518967336,-1.3250981531699388,1.6118783859060164,1.5986351504572773,-0.15658210025747757,0.0,0.19281626540002492,0.20322492715084317,-0.004664848561255208,0.7380366325378418,0.9642643928527832,0.6716822981834412,0.1511048972606659,-0.6260665655136108,-0.6060027480125427,-0.08814749496072444,-1.3245760498718226,1.6118122841403804,1.5986796887507495,-0.15691788822205807,0.0,0.1928692670351321,0.20321336530574827,-0.004654152645235832,0.007130732964867902,-0.0032133653057482532,0.004654152645235832,0.2,0.2,0.0,0.2802068649094839,-0.28076516283949504,False
0,127,-0.08814749496072444,-1.3245760498718226,1.6118122841403804,1.5986796887507495,-0.15691788822205807,0.0,0.1928692670351321,0.20321336530574827,-0.004654152645235832,0.608293890953064,0.9751657843589783,0.6660828590393066,0.26169100403785706,-0.6679887771606445,0.33206045627593994,-0.08770893913431725,-1.3239608807768455,1.6117768989675283,1.5988027175678694,-0.1573256727034099,0.0,0.19290632601825605,0.20320070455830588,-0.004672719342350137,0.007093673981743969,-0.003200704558305882,0.004672719342350137,0.2,0.2,0.0,0.2802235023278847,-0.2805562506959007,False
0,128,-0.08770893913431725,-1.3239608807768455,1.6117768989675283,1.5988027175678694,-0.1573256727034099,0.0,0.19290632601825605,0.20320070455830588,-0.004672719342350137,0.5991449356079102,0.6892216205596924,0.8059967756271362,0.4815429151058197,-0.7967461347579956,-0.7521983981132507,-0.0871843752488121,-1.3231662497340797,1.6115667678688363,1.5990702930737704,-0.15792859848458207,0.0,0.1930006417974353,0.2031825133437916,-0.004671607658478242,0.006999358202564702,-0.0031825133437915817,0.004671607658478242,0.2,0.2,0.0,0.2802752314797666,-0.2813098145174045,False
0,129,-0.0871843752488121,-1.3231662497340797,1.6115667678688363,1.5990702930737704,-0.15792859848458207,0.0,0.1930006417974353,0.2031825133437916,-0.004671607658478242,0.3258001208305359,0.9143911004066467,0.6031059622764587,0.521966814994812,-0.5285369157791138,-0.45624345541000366,-0.08700400412995776,-1.3228316720018722,1.6116856824499883,1.5992765473870159,-0.15818885908768357,0.0,0.19307344377486046,0.20317145742058806,-0.00466924312778394,0.00692655622513955,-0.0031714574205880613,0.00466924312778394,0.2,0.2,0.0,0.28031731597044873,-0.2811590057840919,False
0,130,-0.08700400412995776,-1.3228316720018722,1.6116856824499883,1.5992765473870159,-0.15818885908768357,0.0,0.19307344377486046,0.20317145742058806,-0.00466924312778394,0.5036420822143555,0.9062451720237732,0.7523054480552673,0.16348591446876526,-0.5618392825126648,-0.2611285448074341,-0.08700400412995776,-1.3228316720018722,1.6116856824499883,1.5992765473870159,-0.15818885908768357,0.0,0.19364814871087277,0.2030653715721926,-0.004670008515248555,0.0063518512891272555,-0.0030653715721925827,0.004670008515248555,0.2,0.2,0.0,0.28063670396160484,-0.28702446378472696,False
0,131,-0.08700400412995776,-1.3228316720018722,1.6116856824499883,1.5992765473870159,-0.15818885908768357,0.0,0.19364814871087277,0.2030653715721926,-0.004670008515248555,0.41516393423080444,0.9520924091339111,0.7629010677337646,0.2809462249279022,-0.5912619829177856,-0.3906613886356354,-0.08700400412995776,-1.3228316720018722,1.6116856824499883,1.5992765473870159,-0.15818885908768357,0.0,0.1945543848439064,0.20288447348739844,-0.004751247071754727,0.005445615156093594,-0.0028844734873984135,0.004751247071754727,0.2,0.2,0.0,0.28113358496093377,-0.2910712049475124,False
0,132,-0.08700400412995776,-1.3228316720018722,1.6116856824499883,1.5992765473870159,-0.15818885908768357,0.0,0.1945543848439064,0.20288447348739844,-0.004751247071754727,0.18297085165977478,0.8179665803909302,0.7713345289230347,0.021651742979884148,-0.6790676712989807,-0.41772913932800293,-0.08700400412995776,-1.3228316720018722,1.6116856824499883,1.5992765473870159,-0.15818885908768357,0.0,0.19463635100015209,0.2028718705613923,-0.004769773543392086,0.005363648999847929,-0.0028718705613923045,0.004769773543392086,0.2,0.2,0.0,0.2811815351963709,-0.28214053990511356,False
0,133,-0.08700400412995776,-1.3228316720018722,1.6116856824499883,1.5992765473870159,-0.15818885908768357,0.0,0.19463635100015209,0.2028718705613923,-0.004769773543392086,0.4811202585697174,0.9468580484390259,0.7612410187721252,0.05367200821638107,-0.6346142292022705,-0.14041586220264435,-0.08700400412995776,-1.3228316720018722,1.6116856824499883,1.5992765473870159,-0.15818885908768357,0.0,0.19464524685173373,0.20289817802661841,-0.0047677170910956634,0.005354753148266268,-0.0028981780266184153,0.0047677170910956634,0.2,0.2,0.0,0.28120663913704885,-0.28170871795060787,False
0,134,-0.08700400412995776,-1.3228316720018722,1.6116856824499883,1.5992765473870159,-0.15818885908768357,0.0,0.19464524685173373,0.20289817802661841,-0.0047677170910956634,0.19465792179107666,0.9025954604148865,0.7635729908943176,0.3405454754829407,-0.5202774405479431,0.18517521023750305,-0.07924795414509202,-1.3022757651472199,1.6083935137273961,1.601460800109964,-0.17318259852842538,0.0,0.19464608985464601,0.20289998231362638,-0.004767414642846881,0.005353910145353993,-0.0028999823136263815,0.004767414642846881,0.2,0.2,0.0,0.28120851936054436,-0.28124612383045455,False
0,135,-0.07924795414509202,-1.3022757651472199,1.6083935137273961,1.601460800109964,-0.17318259852842538,0.0,0.19464608985464601,0.20289998231362638,-0.004767414642846881,0.6513527035713196,0.9611552357673645,0.44219329953193665,0.44634243845939636,-0.6171219348907471,0.07746372371912003,-0.0791439796221791,-1.3020359772942975,1.608212444023785,1.6015404070261243,-0.17335530314929315,0.0,0.19464608985464601,0.20289998231362638,-0.004767414642846881,0.005353910145353993,-0.0028999823136263815,0.004767414642846881,0.2,0.2,0.0,0.28120851936054436,-0.28120851936054436,False
0,136,-0.0791439796221791,-1.3020359772942975,1.608212444023785,1.6015404070261243,-0.17335530314929315,0.0,0.19464608985464601,0.20289998231362638,-0.004767414642846881,0.3216957747936249,0.9387398958206177,0.8758934140205383,0.2741703689098358,-0.5294086337089539,-0.7810774445533752,-0.0791439796221791,-1.3020359772942975,1.608212444023785,1.6015404070261243,-0.17335530314929315,0.0,0.19626293974493597,0.20264132350231584,-0.004903479171870839,0.003737060255064043,-0.002641323502315831,0.004903479171870839,0.2,0.2,0.0,0.28214657824627887,-0.30090775596096897,False
0,137,-0.0791439796221791,-1.3020359772942975,1.608212444023785,1.6015404070261243,-0.17335530314929315,0.0,0.19626293974493597,0.20264132350231584,-0.004903479171870839,0.287698894739151,0.9627977609634399,0.752556324005127,0.359239786863327,-0.36899062991142273,-0.7926620841026306,-0.0791439796221791,-1.3020359772942975,1.608212444023785,1.6015404070261243,-0.17335530314929315,0.0,0.19738653168676043,0.20252653196878184,-0.004877934073654014,0.0026134683132395826,-0.00252653196878184,0.004877934073654014,0.2,0.2,0.0,0.28284666037175943,-0.29684830288137065,False
0,138,-0.0791439796221791,-1.3020359772942975,1.608212444023785,1.6015404070261243,-0.17335530314929315,0.0,0.19738653168676043,0.20252653196878184,-0.004877934073654014,0.3086499869823456,0.8730055093765259,0.7806134223937988,0.37774449586868286,-0.43719130754470825,-0.6321972608566284,-0.0791439796221791,-1.3020359772942975,1.608212444023785,1.6015404070261243,-0.17335530314929315,0.0,0.19763608369266808,0.202520856657949,-0.004975025067447181,0.002363916307331933,-0.0025208566579489906,0.004975025067447181,0.2,0.2,0.0,0.28301849733412576,-0.28645523658145244,False
0,139,-0.0791439796221791,-1.3020359772942975,1.608212444023785,1.6015404070261243,-0.17335530314929315,0.0,0.19763608369266808,0.202520856657949,-0.004975025067447181,0.34894657135009766,0.8707413673400879,0.7426513433456421,0.4906412661075592,-0.6929500102996826,-0.5272024869918823,-0.0791439796221791,-1.3020359772942975,1.608212444023785,1.6015404070261243,-0.17335530314929315,0.0,0.19777915270743188,0.202510125970184,-0.004977053985824934,0.002220847292568136,-0.0025101259701840015,0.004977053985824934,0.2,0.2,0.0,0.28311078296756426,-0.28495649563633413,False
0,140,-0.0791439796221791,-1.3020359772942975,1.608212444023785,1.6015404070261243,-0.17335530314929315,0.0,0.19777915270743188,0.202510125970184,-0.004977053985824934,0.6536883115768433,0.933332622051239,0.7659430503845215,0.20488190650939941,-0.5350129008293152,-0.14238323271274567,-0.0791439796221791,-1.3020359772942975,1.608212444023785,1.6015404070261243,-0.17335530314929315,0.0,0.19790661542717666,0.20246214457776945,-0.004948247877029938,0.002093384572823348,-0.00246214457776944,0.004948247877029938,0.2,0.2,0.0,0.2831650288681894,-0.28424994688069216,False
0,141,-0.0791439796221791,-1.3020359772942975,1.608212444023785,1.6015404070261243,-0.17335530314929315,0.0,0.19790661542717666,0.20246214457776945,-0.004948247877029938,-0.13867591321468353,0.9272068738937378,0.8012650012969971,0.47864848375320435,-0.4707189202308655,-0.7122161388397217,-0.0791439796221791,-1.3020359772942975,1.608212444023785,1.6015404070261243,-0.17335530314929315,0.0,0.1979000231110293,0.20244892749847887,-0.004976036835320441,0.0020999768889707077,-0.002448927498478848,0.004976036835320441,0.2,0.2,0.0,0.2831514582961154,-0.282880046854635,False
0,142,-0.0791439796221791,-1.3020359772942975,1.608212444023785,1.6015404070261243,-0.17335530314929315,0.0,0.1979000231110293,0.20244892749847887,-0.004976036835320441,-0.1700768917798996,0.9460054636001587,0.7817134261131287,0.3541104197502136,-0.6649168729782104,0.34473997354507446,-0.0791439796221791,-1.3020359772942975,1.608212444023785,1.6015404070261243,-0.17335530314929315,0.0,0.19801263133327385,0.2025117239157703,-0.005026350622502871,0.0019873686667261775,-0.002511723915770278,0.005026350622502871,0.2,0.2,0.0,0.2832759514880226,-0.2857658153261669,False
0,143,-0.0791439796221791,-1.3020359772942975,1.608212444023785,1.6015404070261243,-0.17335530314929315,0.0,0.19801263133327385,0.2025117239157703,-0.005026350622502871,-0.05291304737329483,0.9161935448646545,0.5953077077865601,0.4234057664871216,-0.7017107009887695,-0.5069478750228882,-0.0791439796221791,-1.3020359772942975,1.608212444023785,1.6015404070261243,-0.17335530314929315,0.0,0.19806094524818216,0.20262313558239614,-0.0052116138098331245,0.0019390547518178536,-0.0026231355823961335,0.0052116138098331245,0.2,0.2,0.0,0.2833927204858098,-0.28572810044155444,False
0,144,-0.0791439796221791,-1.3020359772942975,1.608212444023785,1.6015404070261243,-0.17335530314929315,0.0,0.19806094524818216,0.20262313558239614,-0.0052116138098331245,0.4733086824417114,0.7790036201477051,0.6144828796386719,0.357328861951828,-0.4356994032859802,-0.8414297103881836,-0.0791439796221791,-1.3020359772942975,1.608212444023785,1.6015404070261243,-0.17335530314929315,0.0,0.1980681452032706,0.2026507416087478,-0.005250371638553412,0.0019318547967294292,-0.0026507416087477873,0.005250371638553412,0.2,0.2,0.0,0.2834182062274445,-0.2839279210601383,False
0,145,-0.0791439796221791,-1.3020359772942975,1.608212444023785,1.6015404070261243,-0.17335530314929315,0.0,0.1980681452032706,0.2026507416087478,-0.005250371638553412,0.10258643329143524,0.932675838470459,0.9346781373023987,0.523252546787262,-0.6024333238601685,-0.3765784502029419,-0.0791439796221791,-1.3020359772942975,1.608212444023785,1.6015404070261243,-0.17335530314929315,0.0,0.198067702042615,0.20264810890225612,-0.005260114781473885,0.0019322979573850128,-0.0026481089022561003,0.005260114781473885,0.2,0.2,0.0,0.2834161947412622,-0.28337596501761536,False
0,146,-0.0791439796221791,-1.3020359772942975,1.608212444023785,1.6015404070261243,-0.17335530314929315,0.0,0.198067702042615,0.20264810890225612,-0.005260114781473885,0.41642481088638306,0.885030210018158,0.7824110388755798,0.17498637735843658,-0.4537454843521118,-0.4158473312854767,-0.08127076385010981,-1.2739495904182625,1.6048303305492941,1.6140108912586817,-0.19249064693011694,0.0,0.19806575180712416,0.20264492671866405,-0.005279186433698072,0.0019342481928758468,-0.0026449267186640455,0.005279186433698072,0.2,0.2,0.0,0.28341291109110706,-0.2833472380880047,False
0,147,-0.08127076385010981,-1.2739495904182625,1.6048303305492941,1.6140108912586817,-0.19249064693011694,0.0,0.19806575180712416,0.20264492671866405,-0.005279186433698072,0.5395387411117554,0.88292396068573,0.8630592823028564,-0.023542284965515137,-0.46782776713371277,-0.8858360648155212,-0.08127076385010981,-1.2739495904182625,1.6048303305492941,1.6140108912586817,-0.19249064693011694,0.0,0.19806575180712416,0.20264492671866405,-0.005279186433698072,0.0019342481928758468,-0.0026449267186640455,0.005279186433698072,0.2,0.2,0.0,0.28341291109110706,-0.28341291109110706,False
0,148,-0.08127076385010981,-1.2739495904182625,1.6048303305492941,1.6140108912586817,-0.19249064693011694,0.0,0.19806575180712416,0.20264492671866405,-0.005279186433698072,0.34304681420326233,0.6567866802215576,0.8722509145736694,0.3197908401489258,-0.5751997232437134,-0.6121793985366821,-0.08127076385010981,-1.2739495904182625,1.6048303305492941,1.6140108912586817,-0.19249064693011694,0.0,0.19806575180712416,0.20264492671866405,-0.005279186433698072,0.0019342481928758468,-0.0026449267186640455,0.005279186433698072,0.2,0.2,0.0,0.28341291109110706,-0.28341291109110706,False
0,149,-0.08127076385010981,-1.2739495904182625,1.6048303305492941,1.6140108912586817,-0.19249064693011694,0.0,0.19806575180712416,0.20264492671866405,-0.005279186433698072,0.35140761733055115,0.7940655946731567,0.875985324382782,0.06001787632703781,-0.5222076773643494,-0.6974983215332031,-0.08127076385010981,-1.2739495904182625,1.6048303305492941,1.6140108912586817,-0.19249064693011694,0.0,0.19806304557455365,0.20264247212217196,-0.005286268131288522,0.0019369544254463598,-0.002642472122171943,0.005286268131288522,0.2,0.2,0.0,0.28340939674049065,-0.2833391097281625,False
0,150,-0.08127076385010981,-1.2739495904182625,1.6048303305492941,1.6140108912586817,-0.19249064693011694,0.0,0.19806304557455365,0.20264247212217196,-0.005286268131288522,0.6210180521011353,0.969876766204834,0.841691792011261,0.4695670008659363,-0.12836116552352905,-0.6483801603317261,-0.08127076385010981,-1.2739495904182625,1.6048303305492941,1.6140108912586817,-0.19249064693011694,0.0,0.19850401080951133,0.20258384859485273,-0.0052905097065793945,0.0014959891904886766,-0.0025838485948527236,0.0052905097065793945,0.2,0.2,0.0,0.2836759551176663,-0.28900712266117934,False
0,151,-0.08127076385010981,-1.2739495904182625,1.6048303305492941,1.6140108912586817,-0.19249064693011694,0.0,0.19850401080951133,0.20258384859485273,-0.0052905097065793945,0.7063493728637695,0.9445224404335022,0.5933618545532227,0.4016275703907013,-0.6575164794921875,-0.8972419500350952,-0.08127076385010981,-1.2739495904182625,1.6048303305492941,1.6140108912586817,-0.19249064693011694,0.0,0.20072078206325164,0.2023156995059364,-0.005268257036477538,-0.0007207820632516293,-0.0023156995059363684,0.005268257036477538,0.2,0.2,0.0,0.2850407499829842,-0.3123366472893417,False
0,152,-0.08127076385010981,-1.2739495904182625,1.6048303305492941,1.6140108912586817,-0.19249064693011694,0.0,0.20072078206325164,0.2023156995059364,-0.005268257036477538,0.5385172367095947,0.9219570159912109,0.798084557056427,0.5766777992248535,-0.4012514352798462,-0.5482644438743591,-0.0686799730399817,-1.2553423018854384,1.6067041221389624,1.622818661691048,-0.19770341375604622,0.0,0.2009947473859327,0.20228184011457878,-0.005219824482224078,-0.0009947473859326823,-0.002281840114578776,0.005219824482224078,0.2,0.2,0.0,0.2852088320590724,-0.2885704735808365,False
0,153,-0.0686799730399817,-1.2553423018854384,1.6067041221389624,1.622818661691048,-0.19770341375604622,0.0,0.2009947473859327,0.20228184011457878,-0.005219824482224078,0.43968355655670166,0.7869613170623779,0.8395810127258301,0.08042830973863602,-0.396433025598526,-0.722602128982544,-0.06858129681541864,-1.255149172131612,1.606554424308207,1.6228826470574804,-0.19781270270276008,0.0,0.20103302806818607,0.2022752757945524,-0.005231599233205517,-0.0010330280681860714,-0.002275275794552398,0.005231599233205517,0.2,0.2,0.0,0.28523137135063387,-0.28568215718186357,False
0,154,-0.06858129681541864,-1.255149172131612,1.606554424308207,1.6228826470574804,-0.19781270270276008,0.0,0.20103302806818607,0.2022752757945524,-0.005231599233205517,0.21508806943893433,0.9294575452804565,0.7804727554321289,0.558763861656189,-0.5664875507354736,-0.7292453050613403,-0.06858129681541864,-1.255149172131612,1.606554424308207,1.6228826470574804,-0.19781270270276008,0.0,0.2012633262788329,0.20224370491814833,-0.005246839186658012,-0.0012633262788328825,-0.0022437049181483182,0.005246839186658012,0.2,0.2,0.0,0.2853716384038359,-0.2881769794678764,False
0,155,-0.06858129681541864,-1.255149172131612,1.606554424308207,1.6228826470574804,-0.19781270270276008,0.0,0.2012633262788329,0.20224370491814833,-0.005246839186658012,0.1854451298713684,0.8623311519622803,0.8889696598052979,0.14572498202323914,-0.5112159848213196,-0.48830169439315796,-0.06680217931807658,-1.2519029501936323,1.606120255693368,1.623239317624309,-0.19945677308536106,0.0,0.20138889161070825,0.2022299321072336,-0.005269778341225773,-0.0013888916107082407,-0.0022299321072335957,0.005269778341225773,0.2,0.2,0.0,0.28545087435152755,-0.2870355933053607,False
0,156,-0.06680217931807658,-1.2519029501936323,1.606120255693368,1.623239317624309,-0.19945677308536106,0.0,0.20138889161070825,0.2022299321072336,-0.005269778341225773,0.4696732461452484,0.9321890473365784,0.7563219666481018,0.4038264751434326,-0.42719849944114685,-0.7914347648620605,-0.06680217931807658,-1.2519029501936323,1.606120255693368,1.623239317624309,-0.19945677308536106,0.0,0.20216808037304201,0.20216538389991626,-0.005269558173868868,-0.002168080373042015,-0.0021653838999162343,0.005269558173868868,0.2,0.2,0.0,0.2859554920131262,-0.2960478452450992,False
0,157,-0.06680217931807658,-1.2519029501936323,1.606120255693368,1.623239317624309,-0.19945677308536106,0.0,0.20216808037304201,0.20216538389991626,-0.005269558173868868,0.6998789310455322,0.8898794651031494,0.7738519310951233,0.23941312730312347,-0.5918303728103638,0.13718527555465698,-0.06680217931807658,-1.2519029501936323,1.606120255693368,1.623239317624309,-0.19945677308536106,0.0,0.20234889142333684,0.20214796332953772,-0.005280006703309994,-0.002348891423336821,-0.0021479633295376998,0.005280006703309994,0.2,0.2,0.0,0.2860712348512525,-0.2883860916137789,False
0,158,-0.06680217931807658,-1.2519029501936323,1.606120255693368,1.623239317624309,-0.19945677308536106,0.0,0.20234889142333684,0.20214796332953772,-0.005280006703309994,0.6416018009185791,0.8967337012290955,0.884559690952301,0.4616914391517639,-0.3772924244403839,-0.47376880049705505,-0.0645096124125982,-1.242048551703315,1.606052640584885,1.625416987654946,-0.20519229789964488,0.0,0.20234889142333684,0.20214796332953772,-0.005280006703309994,-0.002348891423336821,-0.0021479633295376998,0.005280006703309994,0.2,0.2,0.0,0.2860712348512525,-0.2860712348512525,False
0,159,-0.0645096124125982,-1.242048551703315,1.606052640584885,1.625416987654946,-0.20519229789964488,0.0,0.20234889142333684,0.20214796332953772,-0.005280006703309994,0.38724926114082336,0.7869617342948914,0.8073545694351196,0.4791315495967865,-0.059890929609537125,-0.5767912268638611,-0.0645096124125982,-1.242048551703315,1.606052640584885,1.625416987654946,-0.20519229789964488,0.0,0.20295108130160067,0.20208106997477018,-0.005320225177501959,-0.002951081301600657,-0.002081069974770174,0.005320225177501959,0.2,0.2,0.0,0.2864510517341073,-0.2940473893912026,False
0,160,-0.0645096124125982,-1.242048551703315,1.606052640584885,1.625416987654946,-0.20519229789964488,0.0,0.20295108130160067,0.20208106997477018,-0.005320225177501959,0.09516323357820511,0.96785569190979,0.7428733706474304,0.4064754545688629,-0.5438793301582336,-0.12400905042886734,-0.0645096124125982,-1.242048551703315,1.606052640584885,1.625416987654946,-0.20519229789964488,0.0,0.20532610274197452,0.2019088527512269,-0.005428651683024439,-0.005326102741974504,-0.0019088527512269038,0.005428651683024439,0.2,0.2,0.0,0.28801990130131655,-0.3193968926455018,False
0,161,-0.0645096124125982,-1.242048551703315,1.606052640584885,1.625416987654946,-0.20519229789964488,0.0,0.20532610274197452,0.2019088527512269,-0.005428651683024439,0.2061946839094162,0.9296751618385315,0.8543996810913086,0.49223190546035767,-0.568625271320343,-0.07815678417682648,-0.0645096124125982,-1.242048551703315,1.606052640584885,1.625416987654946,-0.20519229789964488,0.0,0.20621241595737572,0.20186831880355713,-0.005457324658385443,-0.006212415957375716,-0.0018683188035571168,0.005457324658385443,0.2,0.2,0.0,0.28862460225001496,-0.3007186212239832,False
0,162,-0.0645096124125982,-1.242048551703315,1.606052640584885,1.625416987654946,-0.20519229789964488,0.0,0.20621241595737572,0.20186831880355713,-0.005457324658385443,0.44157809019088745,0.9727928638458252,0.7810583114624023,0.2898808717727661,-0.29864272475242615,-0.4179510772228241,-0.06044670392555553,-1.216554724130429,1.6081868186416037,1.636796830441477,-0.21796900598425029,0.0,0.2063753512558246,0.20186033896183633,-0.005466149708214324,-0.00637535125582458,-0.0018603389618363324,0.005466149708214324,0.2,0.2,0.0,0.2887356244809169,-0.2909560690989554,False
0,163,-0.06044670392555553,-1.216554724130429,1.6081868186416037,1.636796830441477,-0.21796900598425029,0.0,0.2063753512558246,0.20186033896183633,-0.005466149708214324,0.5063404440879822,0.8714107275009155,0.7649223208427429,0.38247063755989075,-0.6117162704467773,-0.5983061790466309,-0.06045483957411222,-1.2162329196872699,1.6083567860870187,1.6368874805299731,-0.21827087825604105,0.0,0.2063753512558246,0.20186033896183633,-0.005466149708214324,-0.00637535125582458,-0.0018603389618363324,0.005466149708214324,0.2,0.2,0.0,0.2887356244809169,-0.2887356244809169,False
0,164,-0.06045483957411222,-1.2162329196872699,1.6083567860870187,1.6368874805299731,-0.21827087825604105,0.0,0.2063753512558246,0.20186033896183633,-0.005466149708214324,0.6797342300415039,0.8921008110046387,0.732872486114502,0.6475242376327515,-0.20610032975673676,-0.276115357875824,-0.06024389982703298,-1.2159210095655024,1.60817220623803,1.6370708300183021,-0.2184143723375419,0.0,0.20640301399541097,0.20185811554144636,-0.005458925409988682,-0.006403013995410967,-0.001858115541446363,0.005458925409988682,0.2,0.2,0.0,0.28875370623243185,-0.28911534126273114,False
0,165,-0.06024389982703298,-1.2159210095655024,1.60817220623803,1.6370708300183021,-0.2184143723375419,0.0,0.20640301399541097,0.20185811554144636,-0.005458925409988682,0.25584447383880615,0.9640610218048096,0.7913373708724976,0.43174171447753906,-0.5202739238739014,-0.5916643142700195,-0.06024389982703298,-1.2159210095655024,1.60817220623803,1.6370708300183021,-0.2184143723375419,0.0,0.2065340385763147,0.20184789666304614,-0.005462403478149802,-0.006534038576314672,-0.0018478966630461403,0.005462403478149802,0.2,0.2,0.0,0.2888403024678109,-0.2905722271753918,False
0,166,-0.06024389982703298,-1.2159210095655024,1.60817220623803,1.6370708300183021,-0.2184143723375419,0.0,0.2065340385763147,0.20184789666304614,-0.005462403478149802,-0.023082923144102097,0.9307160377502441,0.8138681054115295,0.742674708366394,-0.6622676849365234,-0.42797887325286865,-0.06024389982703298,-1.2159210095655024,1.60817220623803,1.6370708300183021,-0.2184143723375419,0.0,0.20933358403585275,0.2016673568060849,-0.005597723076341543,-0.009333584035852735,-0.0016673568060848987,0.005597723076341543,0.2,0.2,0.0,0.290725999370692,-0.3284399374283139,False
0,167,-0.06024389982703298,-1.2159210095655024,1.60817220623803,1.6370708300183021,-0.2184143723375419,0.0,0.20933358403585275,0.2016673568060849,-0.005597723076341543,0.5980778932571411,0.9809042811393738,0.8373950123786926,0.30949512124061584,-0.47224196791648865,-0.21821793913841248,-0.06024389982703298,-1.2159210095655024,1.60817220623803,1.6370708300183021,-0.2184143723375419,0.0,0.21057930125301028,0.20159553848873496,-0.00566571980749507,-0.010579301253010272,-0.0015955384887349517,0.00566571980749507,0.2,0.2,0.0,0.2915758968702765,-0.3085738468619671,False
0,168,-0.06024389982703298,-1.2159210095655024,1.60817220623803,1.6370708300183021,-0.2184143723375419,0.0,0.21057930125301028,0.20159553848873496,-0.00566571980749507,0.49261850118637085,0.9510210752487183,0.823377251625061,0.8342686891555786,-0.6248112320899963,-0.5514333248138428,-0.05822889230257309,-1.188942087413185,1.6161814983780998,1.6557204079788597,-0.23611750816801055,0.0,0.21215971075814358,0.20150503336438516,-0.005729558011284885,-0.012159710758143571,-0.001505033364385137,0.005729558011284885,0.2,0.2,0.0,0.29265824638162136,-0.3143052366085181,False
0,169,-0.05822889230257309,-1.188942087413185,1.6161814983780998,1.6557204079788597,-0.23611750816801055,0.0,0.21215971075814358,0.20150503336438516,-0.005729558011284885,0.4939320385456085,0.9537385106086731,0.9225912094116211,0.583275556564331,-0.2614218592643738,-0.4061283469200134,-0.057652693841472064,-1.1886481934546178,1.6159219440690962,1.6558984363788465,-0.2361239712399252,0.0,0.21222712587567968,0.20150173717921271,-0.005727836884545482,-0.012227125875679664,-0.0015017371792127045,0.005727836884545482,0.2,0.2,0.0,0.29270481915928215,-0.293636274712498,False
0,170,-0.057652693841472064,-1.1886481934546178,1.6159219440690962,1.6558984363788465,-0.2361239712399252,0.0,0.21222712587567968,0.20150173717921271,-0.005727836884545482,0.5058763027191162,0.9399381875991821,0.8526697158813477,0.23363229632377625,-0.33335238695144653,-0.8117696642875671,-0.057652693841472064,-1.1886481934546178,1.6159219440690962,1.6558984363788465,-0.2361239712399252,0.0,0.21358811002100025,0.2014336914715393,-0.005795807031210045,-0.013588110021000232,-0.0014336914715392922,0.005795807031210045,0.2,0.2,0.0,0.29364775528060355,-0.3125064777070316,False
0,171,-0.057652693841472064,-1.1886481934546178,1.6159219440690962,1.6558984363788465,-0.2361239712399252,0.0,0.21358811002100025,0.2014336914715393,-0.005795807031210045,0.6056884527206421,0.9824957847595215,0.7408109903335571,-0.12834306061267853,-0.400621622800827,-0.7077277302742004,-0.057652693841472064,-1.1886481934546178,1.6159219440690962,1.6558984363788465,-0.2361239712399252,0.0,0.2137135573406772,0.20142815042802345,-0.0058007611950559625,-0.01371355734067719,-0.0014281504280234496,0.0058007611950559625,0.2,0.2,0.0,0.2937353114736181,-0.29548643533390884,False
0,172,-0.057652693841472064,-1.1886481934546178,1.6159219440690962,1.6558984363788465,-0.2361239712399252,0.0,0.2137135573406772,0.20142815042802345,-0.0058007611950559625,0.6313852071762085,0.7691207528114319,0.9145945906639099,0.4591306447982788,-0.5606594681739807,-0.6987152099609375,-0.05151948920540606,-1.1772857048001701,1.6173944537143266,1.6587206255084834,-0.24018571101322067,0.0,0.21380247450535328,0.20142431279824213,-0.005795893369214263,-0.013802474505353277,-0.00142431279824213,0.005795893369214263,0.2,0.2,0.0,0.2937972843148889,-0.2950367411403048,False
0,173,-0.05151948920540606,-1.1772857048001701,1.6173944537143266,1.6587206255084834,-0.24018571101322067,0.0,0.21380247450535328,0.20142431279824213,-0.005795893369214263,0.648583173751831,0.9740085601806641,0.9254608154296875,0.5780026316642761,-0.6088807582855225,-0.8370066285133362,-0.05151948920540606,-1.1772857048001701,1.6173944537143266,1.6587206255084834,-0.24018571101322067,0.0,0.21416651351810168,0.2014092607843513,-0.005820225688230065,-0.014166513518101661,-0.0014092607843512917,0.005820225688230065,0.2,0.2,0.0,0.29405247978763926,-0.29915638924264687,False
0,174,-0.05151948920540606,-1.1772857048001701,1.6173944537143266,1.6587206255084834,-0.24018571101322067,0.0,0.21416651351810168,0.2014092607843513,-0.005820225688230065,0.6101230382919312,0.9556761384010315,0.7314739227294922,0.29996684193611145,-0.3037250339984894,-0.7934880256652832,-0.04997515612249866,-1.175874367312974,1.618343463355276,1.6600419276430516,-0.24174697916906032,0.0,0.21426436647012412,0.2014054793176691,-0.0058395723145671374,-0.014264366470124119,-0.0014054793176691033,0.0058395723145671374,0.2,0.2,0.0,0.294121550456339,-0.2955029638303332,False
0,175,-0.04997515612249866,-1.175874367312974,1.618343463355276,1.6600419276430516,-0.24174697916906032,0.0,0.21426436647012412,0.2014054793176691,-0.0058395723145671374,0.8644071817398071,0.9866888523101807,0.8387277126312256,0.430425763130188,-0.35510173439979553,-0.6870142221450806,-0.04997515612249866,-1.175874367312974,1.618343463355276,1.6600419276430516,-0.24174697916906032,0.0,0.21541973666432787,0.20136734610353296,-0.0058727371527556756,-0.015419736664327853,-0.0013673461035329493,0.0058727371527556756,0.2,0.2,0.0,0.2949389090353691,-0.31128608061597207,False
0,176,-0.04997515612249866,-1.175874367312974,1.618343463355276,1.6600419276430516,-0.24174697916906032,0.0,0.21541973666432787,0.20136734610353296,-0.0058727371527556756,0.6034471988677979,0.9647640585899353,0.8504452705383301,0.5486000776290894,-0.15671543776988983,-0.6303037405014038,-0.04203913930510956,-1.165380566658864,1.6205844027568745,1.6639790002380894,-0.2452444328926743,0.0,0.2162318851143089,0.20134977296322493,-0.005901391347068866,-0.016231885114308883,-0.001349772963224919,0.005901391347068866,0.2,0.2,0.0,0.2955212101224905,-0.30716723186491796,False
0,177,-0.04203913930510956,-1.165380566658864,1.6205844027568745,1.6639790002380894,-0.2452444328926743,0.0,0.2162318851143089,0.20134977296322493,-0.005901391347068866,0.5104274749755859,0.9243966341018677,0.7665542364120483,0.34224990010261536,-0.4864070415496826,-0.7823184132575989,-0.040482778523076905,-1.1637281538625157,1.6211301932268718,1.6647552378734547,-0.24586326862203486,0.0,0.21633478595036562,0.20134824107129629,-0.005917643372806956,-0.01633478595036561,-0.00134824107129627,0.005917643372806956,0.2,0.2,0.0,0.2955957920840266,-0.2970874313147484,False
0,178,-0.040482778523076905,-1.1637281538625157,1.6211301932268718,1.6647552378734547,-0.24586326862203486,0.0,0.21633478595036562,0.20134824107129629,-0.005917643372806956,0.532753050327301,0.8927454352378845,0.8260095119476318,0.5744553804397583,-0.4215211570262909,-0.8470667600631714,-0.03997246455993784,-1.1628965165393497,1.6212821503474604,1.6651230922072675,-0.24622987959602138,0.0,0.21643443723501027,0.20134563657503007,-0.005921237457947953,-0.016434437235010264,-0.0013456365750300673,0.005921237457947953,0.2,0.2,0.0,0.29566702900741754,-0.2970917674752365,False
0,179,-0.03997246455993784,-1.1628965165393497,1.6212821503474604,1.6651230922072675,-0.24622987959602138,0.0,0.21643443723501027,0.20134563657503007,-0.005921237457947953,0.7014206647872925,0.8381189107894897,0.9368205070495605,0.3847331702709198,-0.3409014940261841,-0.6804004311561584,-0.039911396422786925,-1.1627942355081597,1.6213798579350178,1.6651899151133613,-0.24627819579853788,0.0,0.21643443723501027,0.20134563657503007,-0.005921237457947953,-0.016434437235010264,-0.0013456365750300673,0.005921237457947953,0.2,0.2,0.0,0.29566702900741754,-0.29566702900741754,False
0,180,-0.039911396422786925,-1.1627942355081597,1.6213798579350178,1.6651899151133613,-0.24627819579853788,0.0,0.21643443723501027,0.20134563657503007,-0.005921237457947953,0.5090426206588745,0.9483755230903625,0.6704583764076233,0.5197446942329407,-0.4884886145591736,-0.7600111961364746,-0.039911396422786925,-1.1627942355081597,1.6213798579350178,1.6651899151133613,-0.24627819579853788,0.0,0.21859634635427827,0.2012998598731345,-0.006017197173969119,-0.01859634635427827,-0.0012998598731344862,0.006017197173969119,0.2,0.2,0.0,0.2972241626890613,-0.32836683632193703,False
0,181,-0.039911396422786925,-1.1627942355081597,1.6213798579350178,1.6651899151133613,-0.24627819579853788,0.0,0.21859634635427827,0.2012998598731345,-0.006017197173969119,0.4548812210559845,0.9545460939407349,0.9008410573005676,0.4804828464984894,-0.3859700858592987,-0.16531778872013092,-0.039911396422786925,-1.1627942355081597,1.6213798579350178,1.6651899151133613,-0.24627819579853788,0.0,0.22092221778506022,0.20126966247304173,-0.006119246677510903,-0.020922217785060218,-0.0012696624730417318,0.006119246677510903,0.2,0.2,0.0,0.2989206391719748,-0.3328501688302446,False
0,182,-0.039911396422786925,-1.1627942355081597,1.6213798579350178,1.6651899151133613,-0.24627819579853788,0.0,0.22092221778506022,0.20126966247304173,-0.006119246677510903,0.6687724590301514,0.9821220636367798,0.8150074481964111,0.5844663381576538,-0.32277193665504456,-0.7574737668037415,-0.028352094471308233,-1.1409010555505419,1.6302079642254796,1.6769142093620302,-0.25690110939819516,0.0,0.22133930771188426,0.2012641391385214,-0.006136950567007325,-0.02133930771188424,-0.0012641391385213737,0.006136950567007325,0.2,0.2,0.0,0.2992256757095022,-0.30532640646005005,False
0,183,-0.028352094471308233,-1.1409010555505419,1.6302079642254796,1.6769142093620302,-0.25690110939819516,0.0,0.22133930771188426,0.2012641391385214,-0.006136950567007325,0.7978426814079285,0.7714052200317383,0.8538600206375122,0.5816534161567688,-0.21315546333789825,-0.5983895063400269,-0.028352094471308233,-1.1409010555505419,1.6302079642254796,1.6769142093620302,-0.25690110939819516,0.0,0.22188161962500352,0.20127377289073772,-0.0061722967594539345,-0.0218816196250035,-0.0012737728907377221,0.0061722967594539345,0.2,0.2,0.0,0.299634247088636,-0.3078056746713121,False
0,184,-0.028352094471308233,-1.1409010555505419,1.6302079642254796,1.6769142093620302,-0.25690110939819516,0.0,0.22188161962500352,0.20127377289073772,-0.0061722967594539345,0.8604918122291565,0.9001675844192505,0.8809359073638916,0.6045445203781128,-0.07515211403369904,-0.5563490390777588,-0.028352094471308233,-1.1409010555505419,1.6302079642254796,1.6769142093620302,-0.25690110939819516,0.0,0.22188161962500352,0.20127377289073772,-0.0061722967594539345,-0.0218816196250035,-0.0012737728907377221,0.0061722967594539345,0.2,0.2,0.0,0.299634247088636,-0.299634247088636,False
0,185,-0.028352094471308233,-1.1409010555505419,1.6302079642254796,1.6769142093620302,-0.25690110939819516,0.0,0.22188161962500352,0.20127377289073772,-0.0061722967594539345,0.48514118790626526,0.9903022050857544,0.8823102712631226,0.8262309432029724,-0.17894452810287476,-0.7834694981575012,-0.026039771072849778,-1.138461142620108,1.6316201851241812,1.6785926201215093,-0.25673824603214523,0.0,0.2228910458492378,0.20126694818197552,-0.0062262682736577285,-0.02289104584923779,-0.0012669481819755077,0.0062262682736577285,0.2,0.2,0.0,0.300379042489433,-0.3152749505053724,False
0,186,-0.026039771072849778,-1.138461142620108,1.6316201851241812,1.6785926201215093,-0.25673824603214523,0.0,0.2228910458492378,0.20126694818197552,-0.0062262682736577285,0.6985998153686523,0.7208132147789001,0.8703926205635071,0.5548475384712219,-0.05036306753754616,-0.3593359887599945,-0.026039771072849778,-1.138461142620108,1.6316201851241812,1.6785926201215093,-0.25673824603214523,0.0,0.2274297858838985,0.20125550039868317,-0.00643048404384176,-0.027429785883898494,-0.0012555003986831736,0.00643048404384176,0.2,0.2,0.0,0.3037588436127554,-0.37135486607920387,False
0,187,-0.026039771072849778,-1.138461142620108,1.6316201851241812,1.6785926201215093,-0.25673824603214523,0.0,0.2274297858838985,0.20125550039868317,-0.00643048404384176,0.7493517398834229,0.9655528664588928,0.9048835635185242,0.7434842586517334,-0.5134313702583313,-0.11303489655256271,-0.026039771072849778,-1.138461142620108,1.6316201851241812,1.6785926201215093,-0.25673824603214523,0.0,0.2289346435937789,0.2012765674412773,-0.006479825075011297,-0.028934643593778907,-0.001276567441277301,0.006479825075011297,0.2,0.2,0.0,0.3049021413033309,-0.32776809511484034,False
0,188,-0.026039771072849778,-1.138461142620108,1.6316201851241812,1.6785926201215093,-0.25673824603214523,0.0,0.2289346435937789,0.2012765674412773,-0.006479825075011297,0.526073694229126,0.9735502004623413,0.905917763710022,0.6063027381896973,-0.6038762331008911,-0.6641398668289185,-0.026039771072849778,-1.138461142620108,1.6316201851241812,1.6785926201215093,-0.25673824603214523,0.0,0.22929420410964013,0.2013288002720313,-0.006507903275922891,-0.029294204109640135,-0.0013288002720312708,0.006507903275922891,0.2,0.2,0.0,0.3052072585347497,-0.3113096031631267,False
0,189,-0.026039771072849778,-1.138461142620108,1.6316201851241812,1.6785926201215093,-0.25673824603214523,0.0,0.22929420410964013,0.2013288002720313,-0.006507903275922891,0.6670807003974915,0.853165328502655,0.8024131059646606,0.32068073749542236,-0.27310624718666077,-0.6222673654556274,-0.011748391278189354,-1.1140812535152156,1.651192798668084,1.6977835877628684,-0.26503265357694006,0.0,0.22934975258486054,0.20133181655816346,-0.006507599661406627,-0.029349752584860524,-0.001331816558163451,0.006507599661406627,0.2,0.2,0.0,0.30525097579319854,-0.3061253209621749,False
0,190,-0.011748391278189354,-1.1140812535152156,1.651192798668084,1.6977835877628684,-0.26503265357694006,0.0,0.22934975258486054,0.20133181655816346,-0.006507599661406627,0.4368017613887787,0.9192343950271606,0.7976553440093994,-0.1448373943567276,-0.6552319526672363,-0.2510642111301422,-0.011748391278189354,-1.1140812535152156,1.651192798668084,1.6977835877628684,-0.26503265357694006,0.0,0.2310364742641712,0.20150665104568807,-0.006612815556379374,-0.031036474264171193,-0.0015066510456880633,0.006612815556379374,0.2,0.2,0.0,0.30663742789433,-0.3343664699169595,False
0,191,-0.011748391278189354,-1.1140812535152156,1.651192798668084,1.6977835877628684,-0.26503265357694006,0.0,0.2310364742641712,0.20150665104568807,-0.006612815556379374,0.6840792894363403,0.9221318364143372,0.6793424487113953,0.19776929914951324,-0.3015565574169159,-0.8964501023292542,-0.011748391278189354,-1.1140812535152156,1.651192798668084,1.6977835877628684,-0.26503265357694006,0.0,0.2311309677880798,0.20151186347089917,-0.006599696359076392,-0.031130967788079777,-0.0015118634708991623,0.006599696359076392,0.2,0.2,0.0,0.30671177248713605,-0.30819866434325666,False
0,192,-0.011748391278189354,-1.1140812535152156,1.651192798668084,1.6977835877628684,-0.26503265357694006,0.0,0.2311309677880798,0.20151186347089917,-0.006599696359076392,0.4353536069393158,0.7891895771026611,0.8581295609474182,0.7502544522285461,-0.23284855484962463,-0.6736689805984497,-0.011748391278189354,-1.1140812535152156,1.651192798668084,1.6977835877628684,-0.26503265357694006,0.0,0.2318176256294892,0.20155116018597885,-0.006662603748690571,-0.031817625629489185,-0.0015511601859788532,0.006662603748690571,0.2,0.2,0.0,0.30725668750007734,-0.3181549877589032,False
0,193,-0.011748391278189354,-1.1140812535152156,1.651192798668084,1.6977835877628684,-0.26503265357694006,0.0,0.2318176256294892,0.20155116018597885,-0.006662603748690571,0.7268542647361755,0.9613436460494995,0.8657343983650208,0.534817636013031,-0.037967633455991745,-0.4620160162448883,0.0006965576012433188,-1.0908029132416017,1.6552248441795083,1.6976698988165804,-0.27914900881434507,0.0,0.23213052504230663,0.20155220743739935,-0.006684846471432335,-0.03213052504230662,-0.0015522074373993488,0.006684846471432335,0.2,0.2,0.0,0.3074940001880557,-0.31224025394762345,False
0,194,0.0006965576012433188,-1.0908029132416017,1.6552248441795083,1.6976698988165804,-0.27914900881434507,0.0,0.23213052504230663,0.20155220743739935,-0.006684846471432335,0.5794636011123657,0.8677977323532104,0.8719062805175781,0.526055097579956,-0.6507045030593872,-0.5925208330154419,0.0008921648252001712,-1.0905927755781892,1.6555940856529452,1.6979203576762159,-0.27913930070846704,0.0,0.23225052504790322,0.20155680525311415,-0.006686250081338246,-0.03225052504790321,-0.0015568052531141471,0.006686250081338246,0.2,0.2,0.0,0.3075876429068936,-0.30946049728365127,False
0,195,0.0008921648252001712,-1.0905927755781892,1.6555940856529452,1.6979203576762159,-0.27913930070846704,0.0,0.23225052504790322,0.20155680525311415,-0.006686250081338246,0.8159022927284241,0.9811349511146545,0.8385109305381775,0.7187502384185791,-0.04740256443619728,0.2842409908771515,0.001273876425099497,-1.0900628917140909,1.6560973293745946,1.6982616900153864,-0.27941603250305225,0.0,0.23225052504790322,0.20155680525311415,-0.006686250081338246,-0.03225052504790321,-0.0015568052531141471,0.006686250081338246,0.2,0.2,0.0,0.3075876429068936,-0.3075876429068936,False
0,196,0.001273876425099497,-1.0900628917140909,1.6560973293745946,1.6982616900153864,-0.27941603250305225,0.0,0.23225052504790322,0.20155680525311415,-0.006686250081338246,0.7114490270614624,0.7877497673034668,0.9258663654327393,0.7094511985778809,0.11431360244750977,-0.17788240313529968,0.0017310813415098874,-1.089526464967972,1.6566002382572975,1.6986792064942802,-0.27941032684690786,0.0,0.2324735315512771,0.2015680262499128,-0.006697663709999382,-0.032473531551277066,-0.001568026249912793,0.006697663709999382,0.2,0.2,0.0,0.30776366058613935,-0.3112840141710542,False
0,197,0.0017310813415098874,-1.089526464967972,1.6566002382572975,1.6986792064942802,-0.27941032684690786,0.0,0.2324735315512771,0.2015680262499128,-0.006697663709999382,0.6616308689117432,0.8123953342437744,0.8255850076675415,0.7704230546951294,-0.13891834020614624,0.18943901360034943,0.0022633953096370223,-1.0889330889443596,1.657293340549505,1.6992177015730747,-0.2793376791371099,0.0,0.23272088583497053,0.20158135243989486,-0.006713086485265682,-0.03272088583497053,-0.0015813524398948595,0.006713086485265682,0.2,0.2,0.0,0.30795960430788505,-0.31187847874279895,False
0,198,0.0022633953096370223,-1.0889330889443596,1.657293340549505,1.6992177015730747,-0.2793376791371099,0.0,0.23272088583497053,0.20158135243989486,-0.006713086485265682,0.5044839382171631,0.9420874714851379,0.7969784140586853,0.6558695435523987,-0.03744317218661308,-0.5736278295516968,0.0026918607377207963,-1.0883477527720538,1.6578573792962326,1.6997307268431219,-0.2794195023826322,0.0,0.23297668590322312,0.20159456234333945,-0.0067340802633403946,-0.03297668590322313,-0.0015945623433394217,0.0067340802633403946,0.2,0.2,0.0,0.30816205408493236,-0.31221104962587853,False
0,199,0.0026918607377207963,-1.0883477527720538,1.6578573792962326,1.6997307268431219,-0.2794195023826322,0.0,0.23297668590322312,0.20159456234333945,-0.0067340802633403946,0.7668136954307556,0.8690369725227356,0.784225583076477,0.5473242998123169,0.004567859694361687,0.47934120893478394,0.0030755477241160593,-1.0877621688185102,1.6583633543272196,1.7001229060686016,-0.27943248370213897,0.0,0.23317544882757515,0.2016034143901934,-0.006749673814063967,-0.033175448827575144,-0.0016034143901933887,0.006749673814063967,0.2,0.2,0.0,0.30831847937858253,-0.31144698525158604,False
0,200,0.0030755477241160593,-1.0877621688185102,1.6583633543272196,1.7001229060686016,-0.27943248370213897,0.0,0.23317544882757515,0.2016034143901934,-0.006749673814063967,0.8336845636367798,0.8837975859642029,0.8095815777778625,0.6553552150726318,-0.31961140036582947,-0.17334525287151337,0.0030755477241160593,-1.0877621688185102,1.6583633543272196,1.7001229060686016,-0.27943248370213897,0.0,0.23448802522360584,0.20169587036918327,-0.006854210643091635,-0.03448802522360585,-0.0016958703691832442,0.006854210643091635,0.2,0.2,0.0,0.30937491543560647,-0.33050363657608517,False
0,201,0.0030755477241160593,-1.0877621688185102,1.6583633543272196,1.7001229060686016,-0.27943248370213897,0.0,0.23448802522360584,0.20169587036918327,-0.006854210643091635,0.6116900444030762,0.959333062171936,0.8346376419067383,0.09383676201105118,-0.7692179679870605,-0.5384494066238403,0.008461499887464339,-1.0820244897427158,1.6636131619059973,1.7043233615739013,-0.28133086962861553,0.0,0.23484331398852737,0.20172271675571293,-0.006886359698939085,-0.03484331398852737,-0.0017227167557129098,0.006886359698939085,0.2,0.2,0.0,0.30966249131969925,-0.3154140090015549,False
0,202,0.008461499887464339,-1.0820244897427158,1.6636131619059973,1.7043233615739013,-0.28133086962861553,0.0,0.23484331398852737,0.20172271675571293,-0.006886359698939085,0.7147934436798096,0.9707528352737427,0.8590381741523743,0.7001597881317139,-0.6253020167350769,-0.562187135219574,0.008790096283862592,-1.081545687221409,1.664033263512095,1.704563523828611,-0.28167705817767036,0.0,0.2350798331866092,0.20174052190832262,-0.006901094553527179,-0.03507983318660917,-0.0017405219083226106,0.006901094553527179,0.2,0.2,0.0,0.30985382240166587,-0.3136804440409982,False
0,203,0.008790096283862592,-1.081545687221409,1.664033263512095,1.704563523828611,-0.28167705817767036,0.0,0.2350798331866092,0.20174052190832262,-0.006901094553527179,0.6077480316162109,0.9658418297767639,0.7868867516517639,0.41940632462501526,-0.5087039470672607,-0.5777236223220825,0.009313896290999117,-1.0808097599707787,1.6646724063523466,1.705046648892031,-0.2821300072090892,0.0,0.23536726460934693,0.2017589803703133,-0.00692919529523367,-0.03536726460934692,-0.0017589803703133048,0.00692919529523367,0.2,0.2,0.0,0.3100845838754231,-0.31469981335056757,False
0,204,0.009313896290999117,-1.0808097599707787,1.6646724063523466,1.705046648892031,-0.2821300072090892,0.0,0.23536726460934693,0.2017589803703133,-0.00692919529523367,0.6016452312469482,0.9263137578964233,0.7382630109786987,0.3831520676612854,-0.4519927203655243,-0.0644945502281189,0.009698942557239985,-1.0802033578448726,1.6651618729706337,1.7053026946467293,-0.2824397388020243,0.0,0.23554923861189292,0.20177069099609643,-0.006937023894899971,-0.03554923861189292,-0.0017706909960964056,0.006937023894899971,0.2,0.2,0.0,0.31023052373388904,-0.313149320903208,False
0,205,0.009698942557239985,-1.0802033578448726,1.6651618729706337,1.7053026946467293,-0.2824397388020243,0.0,0.23554923861189292,0.20177069099609643,-0.006937023894899971,-0.04128831624984741,0.9702032804489136,0.8220811486244202,0.591853141784668,-0.4682183265686035,-0.5696729421615601,0.01010537519534572,-1.0793925052245545,1.665816710505076,1.70567213180274,-0.28283408975870084,0.0,0.23576878679720722,0.20178449902740994,-0.006947622606173431,-0.035768786797207214,-0.0017844990274099356,0.006947622606173431,0.2,0.2,0.0,0.3104064663235087,-0.31392531811590213,False
0,206,0.01010537519534572,-1.0793925052245545,1.665816710505076,1.70567213180274,-0.28283408975870084,0.0,0.23576878679720722,0.20178449902740994,-0.006947622606173431,0.9185733795166016,0.9367411732673645,0.6276403665542603,0.6376082897186279,0.029437558725476265,-0.5483624935150146,0.010298821010974143,-1.0787257604270053,1.6663424587480125,1.7060968733380661,-0.28304053418611763,0.0,0.23599550993704346,0.20179127723371676,-0.006971291754931885,-0.03599550993704345,-0.001791277233716739,0.006971291754931885,0.2,0.2,0.0,0.3105836428191161,-0.3141271727312639,False
0,207,0.010298821010974143,-1.0787257604270053,1.6663424587480125,1.7060968733380661,-0.28304053418611763,0.0,0.23599550993704346,0.20179127723371676,-0.006971291754931885,0.5060023665428162,0.9564973711967468,0.805412769317627,0.5747456550598145,-0.45279058814048767,0.051372505724430084,0.011061310957093423,-1.0778553787738272,1.6669628444543783,1.7066718570267836,-0.2831224911776387,0.0,0.23623697292593782,0.2018127944786602,-0.007004372730569058,-0.03623697292593779,-0.001812794478660191,0.007004372730569058,0.2,0.2,0.0,0.31078187307152416,-0.31474647811968537,False
0,208,0.011061310957093423,-1.0778553787738272,1.6669628444543783,1.7066718570267836,-0.2831224911776387,0.0,0.23623697292593782,0.2018127944786602,-0.007004372730569058,0.5418258905410767,0.9293769001960754,0.6663631200790405,0.8398830890655518,-0.5200167298316956,-0.5954126119613647,0.0113544459453067,-1.0773090621620665,1.6674038353861003,1.707049780594104,-0.283400802600242,0.0,0.23623697292593782,0.2018127944786602,-0.007004372730569058,-0.03623697292593779,-0.001812794478660191,0.007004372730569058,0.2,0.2,0.0,0.31078187307152416,-0.31078187307152416,False
0,209,0.0113544459453067,-1.0773090621620665,1.6674038353861003,1.707049780594104,-0.283400802600242,0.0,0.23623697292593782,0.2018127944786602,-0.007004372730569058,0.8336868286132812,0.8837946057319641,0.8315008282661438,0.8792171478271484,-0.08015652000904083,-0.6727465391159058,0.0113544459453067,-1.0773090621620665,1.6674038353861003,1.707049780594104,-0.283400802600242,0.0,0.23644816847572936,0.2018247520827372,-0.0070331328836172186,-0.036448168475729355,-0.0018247520827372025,0.0070331328836172186,0.2,0.2,0.0,0.3109508512401017,-0.31433041461165223,False
0,210,0.0113544459453067,-1.0773090621620665,1.6674038353861003,1.707049780594104,-0.283400802600242,0.0,0.23644816847572936,0.2018247520827372,-0.0070331328836172186,0.529008686542511,0.977630615234375,0.6603647470474243,0.5680950880050659,-0.10331613570451736,-0.4636075496673584,0.0113544459453067,-1.0773090621620665,1.6674038353861003,1.707049780594104,-0.283400802600242,0.0,0.23904863124043382,0.2020336366380553,-0.007441302329730198,-0.03904863124043381,-0.002033636638055288,0.007441302329730198,0.2,0.2,0.0,0.313077005561707,-0.35560009199381276,False
0,211,0.0113544459453067,-1.0773090621620665,1.6674038353861003,1.707049780594104,-0.283400802600242,0.0,0.23904863124043382,0.2020336366380553,-0.007441302329730198,0.8037222027778625,0.9437434077262878,0.8241585493087769,0.7889057993888855,-0.42991966009140015,-0.6503740549087524,0.017992841945152365,-1.0686201362706624,1.6745536064574142,1.7141649605822196,-0.28436579984866417,0.0,0.23904863124043382,0.2020336366380553,-0.007441302329730198,-0.03904863124043381,-0.002033636638055288,0.007441302329730198,0.2,0.2,0.0,0.313077005561707,-0.313077005561707,False
0,212,0.017992841945152365,-1.0686201362706624,1.6745536064574142,1.7141649605822196,-0.28436579984866417,0.0,0.23904863124043382,0.2020336366380553,-0.007441302329730198,0.4777136743068695,0.92611163854599,0.7692371606826782,0.7857640981674194,0.12423422932624817,0.16363489627838135,0.018472976380775767,-1.0676102560819096,1.6752200340777619,1.7147257003772367,-0.28445017956602897,0.0,0.23929646158431206,0.20205086055936022,-0.007477897287397426,-0.039296461584312034,-0.0020508605593602216,0.007477897287397426,0.2,0.2,0.0,0.3132782560718044,-0.31730326627375227,False
0,213,0.018472976380775767,-1.0676102560819096,1.6752200340777619,1.7147257003772367,-0.28445017956602897,0.0,0.23929646158431206,0.20205086055936022,-0.007477897287397426,0.2483191192150116,0.9197923541069031,0.6867497563362122,0.5191856622695923,-0.5614560842514038,-0.3549323081970215,0.0186790059913866,-1.0671854596861903,1.6755706018524597,1.715074532178853,-0.2844310826699521,0.0,0.23947695792285217,0.20206292496264086,-0.007509728261422013,-0.03947695792285215,-0.002062924962640842,0.007509728261422013,0.2,0.2,0.0,0.313424687985809,-0.31635332626590207,False
0,214,0.0186790059913866,-1.0671854596861903,1.6755706018524597,1.715074532178853,-0.2844310826699521,0.0,0.23947695792285217,0.20206292496264086,-0.007509728261422013,0.5991501808166504,0.939508318901062,0.6397266983985901,0.15019956231117249,0.2509150803089142,0.5059354901313782,0.019033400887755163,-1.0661673657798798,1.6763148037919542,1.7155544122168278,-0.2848648645504955,0.0,0.2397103889455173,0.2020735160926123,-0.007540478258098889,-0.03971038894551729,-0.002073516092612289,0.007540478258098889,0.2,0.2,0.0,0.31361064281494544,-0.3173297393976737,False
0,215,0.019033400887755163,-1.0661673657798798,1.6763148037919542,1.7155544122168278,-0.2848648645504955,0.0,0.2397103889455173,0.2020735160926123,-0.007540478258098889,0.5343887209892273,0.9306103587150574,0.9289267659187317,0.5403723120689392,-0.39899301528930664,-0.09783801436424255,0.01940532990045516,-1.0655753869007853,1.6767699954347064,1.7157139168618243,-0.2848109467263387,0.0,0.23987272019402162,0.20208958432544738,-0.007546204169553983,-0.039872720194021605,-0.002089584325447379,0.007546204169553983,0.2,0.2,0.0,0.3137452265509072,-0.31643690127014235,False
0,216,0.01940532990045516,-1.0655753869007853,1.6767699954347064,1.7157139168618243,-0.2848109467263387,0.0,0.23987272019402162,0.20208958432544738,-0.007546204169553983,0.5855816602706909,0.9537357091903687,0.4028667211532593,0.8742289543151855,0.2822943329811096,-0.16780148446559906,0.019724279191641474,-1.0651870357034448,1.677027906985127,1.7160172021402291,-0.2848136633728587,0.0,0.2400152376215726,0.20210328835682717,-0.007572301171132834,-0.04001523762157258,-0.0021032883568271555,0.007572301171132834,0.2,0.2,0.0,0.31386365383747306,-0.31623219956879023,False
0,217,0.019724279191641474,-1.0651870357034448,1.677027906985127,1.7160172021402291,-0.2848136633728587,0.0,0.2400152376215726,0.20210328835682717,-0.007572301171132834,0.7138656377792358,0.9666069746017456,0.7444432973861694,0.6388499736785889,0.20501047372817993,-0.3692592978477478,0.020298653892012523,-1.0642944609463987,1.6774830080119478,1.7167775782780084,-0.2845656654345089,0.0,0.24024372000820055,0.202124584644836,-0.0076384641177239705,-0.040243720008200534,-0.0021245846448359677,0.0076384641177239705,0.2,0.2,0.0,0.314053719696653,-0.31785503688025235,False
0,218,0.020298653892012523,-1.0642944609463987,1.6774830080119478,1.7167775782780084,-0.2845656654345089,0.0,0.24024372000820055,0.202124584644836,-0.0076384641177239705,0.8493717312812805,0.8982099294662476,0.5794492959976196,0.5742522478103638,-0.2346840649843216,-0.30376386642456055,0.02073554495924837,-1.0636936208531886,1.6779296249018794,1.7171682550025311,-0.2845155257827165,0.0,0.24024372000820055,0.202124584644836,-0.0076384641177239705,-0.040243720008200534,-0.0021245846448359677,0.0076384641177239705,0.2,0.2,0.0,0.314053719696653,-0.314053719696653,False
0,219,0.02073554495924837,-1.0636936208531886,1.6779296249018794,1.7171682550025311,-0.2845155257827165,0.0,0.24024372000820055,0.202124584644836,-0.0076384641177239705,0.7726105451583862,0.9708583354949951,0.5095335245132446,0.6752369403839111,-0.43531548976898193,-0.17939607799053192,0.02073554495924837,-1.0636936208531886,1.6779296249018794,1.7171682550025311,-0.2845155257827165,0.0,0.24121330407415872,0.20226465038933633,-0.007910015068278264,-0.041213304074158706,-0.002264650389336331,0.007910015068278264,0.2,0.2,0.0,0.3148927042626955,-0.33167239558354505,False
0,220,0.02073554495924837,-1.0636936208531886,1.6779296249018794,1.7171682550025311,-0.2845155257827165,0.0,0.24121330407415872,0.20226465038933633,-0.007910015068278264,0.24811051785945892,0.94129478931427,0.7444700002670288,0.6654112339019775,-0.024355139583349228,0.003593816887587309,0.02073554495924837,-1.0636936208531886,1.6779296249018794,1.7171682550025311,-0.2845155257827165,0.0,0.24188264734811293,0.20233407796297564,-0.008812613496317758,-0.041882647348112936,-0.00233407796297564,0.008812613496317758,0.2,0.2,0.0,0.3154741769937669,-0.32710363161519485,False
0,221,0.02073554495924837,-1.0636936208531886,1.6779296249018794,1.7171682550025311,-0.2845155257827165,0.0,0.24188264734811293,0.20233407796297564,-0.008812613496317758,0.48119646310806274,0.9645271897315979,0.5369154214859009,0.8465492129325867,-0.3060101270675659,0.26839756965637207,0.02073554495924837,-1.0636936208531886,1.6779296249018794,1.7171682550025311,-0.2845155257827165,0.0,0.24226519744907057,0.20236125621725018,-0.009261900459081606,-0.04226519744907057,-0.002361256217250156,0.009261900459081606,0.2,0.2,0.0,0.3157978573596956,-0.3222714646782701,False
0,222,0.02073554495924837,-1.0636936208531886,1.6779296249018794,1.7171682550025311,-0.2845155257827165,0.0,0.24226519744907057,0.20236125621725018,-0.009261900459081606,0.6012094020843506,0.9554361701011658,0.4336429834365845,0.7575727105140686,-0.1761969029903412,-0.1427018791437149,0.02672663820753356,-1.0471800575185202,1.6745773158639263,1.7287409334493806,-0.2855768690322338,0.0,0.24226519744907057,0.20236125621725018,-0.009261900459081606,-0.04226519744907057,-0.002361256217250156,0.009261900459081606,0.2,0.2,0.0,0.3157978573596956,-0.3157978573596956,False
0,223,0.02672663820753356,-1.0471800575185202,1.6745773158639263,1.7287409334493806,-0.2855768690322338,0.0,0.24226519744907057,0.20236125621725018,-0.009261900459081606,0.7112678289413452,0.9187533855438232,0.8031392693519592,0.19990622997283936,-0.2952161729335785,0.15594550967216492,0.02672663820753356,-1.0471800575185202,1.6745773158639263,1.7287409334493806,-0.2855768690322338,0.0,0.24238629659667899,0.2024121371696768,-0.009409263287067496,-0.04238629659667899,-0.002412137169676783,0.009409263287067496,0.2,0.2,0.0,0.3159277200358567,-0.3185249735590777,False
0,224,0.02672663820753356,-1.0471800575185202,1.6745773158639263,1.7287409334493806,-0.2855768690322338,0.0,0.24238629659667899,0.2024121371696768,-0.009409263287067496,0.46641603112220764,0.8933826684951782,0.8596410751342773,0.6492831110954285,-0.27627044916152954,-0.6716750860214233,0.029143824133925734,-1.0440755739413359,1.6734375755662125,1.7295331080534155,-0.2865769779868396,0.0,0.24237460196676472,0.20244207668640588,-0.009507508769332984,-0.0423746019667647,-0.0024420766864058684,0.009507508769332984,0.2,0.2,0.0,0.315940872339511,-0.3162039184125978,False
0,225,0.029143824133925734,-1.0440755739413359,1.6734375755662125,1.7295331080534155,-0.2865769779868396,0.0,0.24237460196676472,0.20244207668640588,-0.009507508769332984,-0.023268254473805428,0.9704959988594055,0.5381224155426025,0.6071052551269531,-0.06541654467582703,-0.22193028032779694,0.02926764805267587,-1.0433957928785127,1.6735412405850942,1.7300041944913904,-0.2866886793625873,0.0,0.2424544235548554,0.20244911320175837,-0.009552661858820009,-0.0424544235548554,-0.0024491132017583675,0.009552661858820009,0.2,0.2,0.0,0.31600798136452907,-0.3173501618648901,False
0,226,0.02926764805267587,-1.0433957928785127,1.6735412405850942,1.7300041944913904,-0.2866886793625873,0.0,0.2424544235548554,0.20244911320175837,-0.009552661858820009,0.32773900032043457,0.9574750065803528,0.7059791088104248,0.45452094078063965,-0.5714671611785889,-0.8072947263717651,0.029284208674956465,-1.0424979743438514,1.6732142235615186,1.730547202611937,-0.28680814460163156,0.0,0.24257582569387467,0.20245291533657137,-0.009655349107277694,-0.042575825693874664,-0.0024529153365713493,0.009655349107277694,0.2,0.2,0.0,0.3161066907006643,-0.3180808774233684,False
0,227,0.029284208674956465,-1.0424979743438514,1.6732142235615186,1.730547202611937,-0.28680814460163156,0.0,0.24257582569387467,0.20245291533657137,-0.009655349107277694,0.6383239030838013,0.9820494055747986,0.5911017060279846,0.6227787733078003,-0.37950289249420166,-0.3430395722389221,0.029532999622723304,-1.0419937376821482,1.6728356546920964,1.7308225091084735,-0.287065111334402,0.0,0.24257582569387467,0.20245291533657137,-0.009655349107277694,-0.042575825693874664,-0.0024529153365713493,0.009655349107277694,0.2,0.2,0.0,0.3161066907006643,-0.3161066907006643,False
0,228,0.029532999622723304,-1.0419937376821482,1.6728356546920964,1.7308225091084735,-0.287065111334402,0.0,0.24257582569387467,0.20245291533657137,-0.009655349107277694,0.6685448884963989,0.9220058917999268,0.855783224105835,0.6648502349853516,-0.17305219173431396,0.3413790166378021,0.029988543821866994,-1.041320524445919,1.672462188760464,1.7312693733521647,-0.28728034970775473,0.0,0.24257167323178613,0.2024651815562824,-0.009740050518704638,-0.04257167323178611,-0.002465181556282405,0.009740050518704638,0.2,0.2,0.0,0.31611395885217364,-0.31625932188236094,False
0,229,0.029988543821866994,-1.041320524445919,1.672462188760464,1.7312693733521647,-0.28728034970775473,0.0,0.24257167323178613,0.2024651815562824,-0.009740050518704638,0.25429219007492065,0.9516789317131042,0.7696353197097778,0.7034496068954468,-0.6998593807220459,0.1391826719045639,0.030480752509907776,-1.040570785221023,1.6728598442878062,1.7318130977875708,-0.2874812509895397,0.0,0.24266990979544117,0.20248615607695725,-0.009819282189947261,-0.04266990979544115,-0.0024861560769572476,0.009819282189947261,0.2,0.2,0.0,0.31620522896637127,-0.3180306312503238,False
0,230,0.030480752509907776,-1.040570785221023,1.6728598442878062,1.7318130977875708,-0.2874812509895397,0.0,0.24266990979544117,0.20248615607695725,-0.009819282189947261,0.3551468253135681,0.9391736388206482,0.7904379367828369,0.8701415061950684,-0.24977484345436096,-0.2904210388660431,0.030480752509907776,-1.040570785221023,1.6728598442878062,1.7318130977875708,-0.2874812509895397,0.0,0.24332421778663266,0.20257652348064265,-0.010692102225012094,-0.043324217786632646,-0.0025765234806426453,0.010692102225012094,0.2,0.2,0.0,0.31679369292485937,-0.3285629720946215,False
0,231,0.030480752509907776,-1.040570785221023,1.6728598442878062,1.7318130977875708,-0.2874812509895397,0.0,0.24332421778663266,0.20257652348064265,-0.010692102225012094,0.4421055316925049,0.9101743698120117,0.8040279150009155,0.530921995639801,-0.29075947403907776,0.03185722604393959,0.030480752509907776,-1.040570785221023,1.6728598442878062,1.7318130977875708,-0.2874812509895397,0.0,0.24348361175376498,0.20259528693038492,-0.010814664878138782,-0.04348361175376496,-0.0025952869303849063,0.010814664878138782,0.2,0.2,0.0,0.31693229001711015,-0.31970423186212577,False
0,232,0.030480752509907776,-1.040570785221023,1.6728598442878062,1.7318130977875708,-0.2874812509895397,0.0,0.24348361175376498,0.20259528693038492,-0.010814664878138782,0.37115249037742615,0.9362767934799194,0.8133084177970886,0.6903908252716064,0.0633140355348587,-0.41675320267677307,0.03327577899150564,-1.0316193459151861,1.669475040190982,1.738886698667711,-0.2924704239470521,0.0,0.24353754190579358,0.20260716796065215,-0.010875001646384094,-0.04353754190579355,-0.0026071679606521347,0.010875001646384094,0.2,0.2,0.0,0.3169833820365997,-0.31800522242639073,False
0,233,0.03327577899150564,-1.0316193459151861,1.669475040190982,1.738886698667711,-0.2924704239470521,0.0,0.24353754190579358,0.20260716796065215,-0.010875001646384094,0.3506607115268707,0.9402704238891602,0.6248815655708313,0.9600369930267334,-0.3928643763065338,0.21804311871528625,0.03342354145728642,-1.0312797428192424,1.6691917561524319,1.739129120715971,-0.2923472183379334,0.0,0.24353754190579358,0.20260716796065215,-0.010875001646384094,-0.04353754190579355,-0.0026071679606521347,0.010875001646384094,0.2,0.2,0.0,0.3169833820365997,-0.3169833820365997,False
0,234,0.03342354145728642,-1.0312797428192424,1.6691917561524319,1.739129120715971,-0.2923472183379334,0.0,0.24353754190579358,0.20260716796065215,-0.010875001646384094,0.7080056667327881,0.9279871582984924,0.7835931777954102,0.5996080040931702,0.2656800448894501,0.2728143632411957,0.03342354145728642,-1.0312797428192424,1.6691917561524319,1.739129120715971,-0.2923472183379334,0.0,0.2438430576248583,0.20265101617854328,-0.011221400017036393,-0.043843057624858295,-0.002651016178543272,0.011221400017036393,0.2,0.2,0.0,0.3172582401268382,-0.3227554019316076,False
0,235,0.03342354145728642,-1.0312797428192424,1.6691917561524319,1.739129120715971,-0.2923472183379334,0.0,0.2438430576248583,0.20265101617854328,-0.011221400017036393,0.6208789348602295,0.9246205687522888,0.8764486312866211,0.6492605209350586,-0.20799489319324493,-0.20770971477031708,0.03608551802198955,-1.0267297182550505,1.6677986412239258,1.7428502901421072,-0.29256224335066644,0.0,0.24390494466142293,0.20270363674680072,-0.011434464718770156,-0.04390494466142292,-0.002703636746800722,0.011434464718770156,0.2,0.2,0.0,0.31734702356265376,-0.3191226922789655,False
0,236,0.03608551802198955,-1.0267297182550505,1.6677986412239258,1.7428502901421072,-0.29256224335066644,0.0,0.24390494466142293,0.20270363674680072,-0.011434464718770156,0.4296034872531891,0.9434298872947693,0.844772458076477,0.44135844707489014,-0.23361405730247498,0.45269060134887695,0.0361478674761274,-1.0266389324951886,1.6677233916632517,1.742912072999647,-0.292586677026355,0.0,0.24406273588122707,0.20274473874559232,-0.011616197451929822,-0.04406273588122704,-0.0027447387455923123,0.011616197451929822,0.2,0.2,0.0,0.3175011561838639,-0.3205838086080661,False
0,237,0.0361478674761274,-1.0266389324951886,1.6677233916632517,1.742912072999647,-0.292586677026355,0.0,0.24406273588122707,0.20274473874559232,-0.011616197451929822,0.38176509737968445,0.9562627077102661,0.7596962451934814,0.70842444896698,-0.3105352818965912,-0.4934687316417694,0.0361478674761274,-1.0266389324951886,1.6677233916632517,1.742912072999647,-0.292586677026355,0.0,0.2443216706448152,0.20280345290062954,-0.011949220616881057,-0.04432167064481517,-0.0028034529006295264,0.011949220616881057,0.2,0.2,0.0,0.3177500639314528,-0.3227282188832308,False
0,238,0.0361478674761274,-1.0266389324951886,1.6677233916632517,1.742912072999647,-0.292586677026355,0.0,0.2443216706448152,0.20280345290062954,-0.011949220616881057,0.3349419832229614,0.908348798751831,0.7996938228607178,0.48448216915130615,-0.2607525587081909,0.7533667087554932,0.0361478674761274,-1.0266389324951886,1.6677233916632517,1.742912072999647,-0.292586677026355,0.0,0.2447475531155111,0.20287538613974343,-0.012436220204779441,-0.04474755311551111,-0.0028753861397434227,0.012436220204779441,0.2,0.2,0.0,0.31814217989817334,-0.3259844992325846,False
0,239,0.0361478674761274,-1.0266389324951886,1.6677233916632517,1.742912072999647,-0.292586677026355,0.0,0.2447475531155111,0.20287538613974343,-0.012436220204779441,0.30895864963531494,0.9000875353813171,0.9114075899124146,0.4688049554824829,0.06752932816743851,-0.07358431071043015,0.04043593832931869,-1.0163683886891335,1.664441837063738,1.7497296560814346,-0.29567385525216294,0.0,0.24481533603347416,0.2028887204387846,-0.01253108677452655,-0.04481533603347415,-0.0028887204387845807,0.01253108677452655,0.2,0.2,0.0,0.318206552060483,-0.3194939953066759,False
0,240,0.04043593832931869,-1.0163683886891335,1.664441837063738,1.7497296560814346,-0.29567385525216294,0.0,0.24481533603347416,0.2028887204387846,-0.01253108677452655,0.41132745146751404,0.9479237198829651,0.6660927534103394,0.664654016494751,-0.038880735635757446,-0.3551985025405884,0.04043593832931869,-1.0163683886891335,1.664441837063738,1.7497296560814346,-0.29567385525216294,0.0,0.2459406767596833,0.20314026305248328,-0.014025343418603304,-0.0459406767596833,-0.003140263052483273,0.014025343418603304,0.2,0.2,0.0,0.31929530722522825,-0.34107041052013365,False
0,241,0.04043593832931869,-1.0163683886891335,1.664441837063738,1.7497296560814346,-0.29567385525216294,0.0,0.2459406767596833,0.20314026305248328,-0.014025343418603304,0.2325073629617691,0.9285202622413635,0.8088025450706482,0.6389950513839722,-0.2000766545534134,0.19478797912597656,0.04043593832931869,-1.0163683886891335,1.664441837063738,1.7497296560814346,-0.29567385525216294,0.0,0.2463813110050662,0.20324335173602806,-0.014620366655055117,-0.04638131100506618,-0.003243351736028054,0.014620366655055117,0.2,0.2,0.0,0.3197270172484618,-0.3283612177131329,False
0,242,0.04043593832931869,-1.0163683886891335,1.664441837063738,1.7497296560814346,-0.29567385525216294,0.0,0.2463813110050662,0.20324335173602806,-0.014620366655055117,0.6896895170211792,0.9210360050201416,0.6581598520278931,0.8902371525764465,-0.42012128233909607,-0.3227117955684662,0.04043593832931869,-1.0163683886891335,1.664441837063738,1.7497296560814346,-0.29567385525216294,0.0,0.24655482696089107,0.203247538561637,-0.014858582634217216,-0.046554826960891055,-0.0032475385616369846,0.014858582634217216,0.2,0.2,0.0,0.3198743848872193,-0.3228217376623693,False
0,243,0.04043593832931869,-1.0163683886891335,1.664441837063738,1.7497296560814346,-0.29567385525216294,0.0,0.24655482696089107,0.203247538561637,-0.014858582634217216,-0.0055791158229112625,0.9147987961769104,0.8355628252029419,0.8481941223144531,0.18962199985980988,-0.5696582794189453,0.04043593832931869,-1.0163683886891335,1.664441837063738,1.7497296560814346,-0.29567385525216294,0.0,0.2466974785894927,0.20324622652709842,-0.014994198694417107,-0.046697478589492705,-0.0032462265270984123,0.014994198694417107,0.2,0.2,0.0,0.31998984442385897,-0.3222990351566522,False
0,244,0.04043593832931869,-1.0163683886891335,1.664441837063738,1.7497296560814346,-0.29567385525216294,0.0,0.2466974785894927,0.20324622652709842,-0.014994198694417107,0.4512183368206024,0.9789307117462158,0.7746670246124268,0.6952462196350098,-0.31468456983566284,0.014296317473053932,0.04734619921820604,-0.9937595975703319,1.657600111253821,1.766868932640968,-0.29645503636635684,0.0,0.24676783588443763,0.2032224491126356,-0.015105940750547418,-0.046767835884437614,-0.003222449112635586,0.015105940750547418,0.2,0.2,0.0,0.3200342451932067,-0.32092226058016177,False
0,245,0.04734619921820604,-0.9937595975703319,1.657600111253821,1.766868932640968,-0.29645503636635684,0.0,0.24676783588443763,0.2032224491126356,-0.015105940750547418,-0.04917936772108078,0.9134068489074707,0.8292279839515686,0.6062207221984863,0.03728388622403145,-0.06324280798435211,0.047304597665739335,-0.9934541411638036,1.657339003917389,1.767116713893697,-0.2964341680993362,0.0,0.24683749846395003,0.20321610586371894,-0.01514008452780503,-0.04683749846395001,-0.003216105863718917,0.01514008452780503,0.2,0.2,0.0,0.3200855487051295,-0.3211116189435852,False
0,246,0.047304597665739335,-0.9934541411638036,1.657339003917389,1.767116713893697,-0.2964341680993362,0.0,0.24683749846395003,0.20321610586371894,-0.01514008452780503,0.7738856077194214,0.8872203230857849,0.8006296157836914,0.5456136465072632,-0.1924547702074051,-0.1658678501844406,0.04745609271499562,-0.9926065864599366,1.6571228009275163,1.7676678459046202,-0.2964543059901291,0.0,0.2468309475275589,0.20321561721440862,-0.01521763687626057,-0.0468309475275589,-0.003215617214408593,0.01521763687626057,0.2,0.2,0.0,0.3200838643375878,-0.32005017698675337,False
0,247,0.04745609271499562,-0.9926065864599366,1.6571228009275163,1.7676678459046202,-0.2964543059901291,0.0,0.2468309475275589,0.20321561721440862,-0.01521763687626057,-0.12033643573522568,0.9446035027503967,0.9147641658782959,0.8060557842254639,0.0416799932718277,-0.1370813399553299,0.0477962865936278,-0.9920340284897087,1.6569559086843157,1.7680598252982054,-0.2965370741752585,0.0,0.24690133782504514,0.20323815472427315,-0.015308189309855239,-0.04690133782504512,-0.003238154724273136,0.015308189309855239,0.2,0.2,0.0,0.32015677224677136,-0.3216149304304428,False
0,248,0.0477962865936278,-0.9920340284897087,1.6569559086843157,1.7680598252982054,-0.2965370741752585,0.0,0.24690133782504514,0.20323815472427315,-0.015308189309855239,0.48685717582702637,0.9195787906646729,0.6512396335601807,0.2992847263813019,-0.004100337158888578,-0.06169953569769859,0.04782915527759383,-0.9914950926123246,1.6567333930015289,1.7684342257679375,-0.2965195459454433,0.0,0.24699000461034742,0.20324264562307717,-0.015382443254727249,-0.04699000461034743,-0.003242645623077165,0.015382443254727249,0.2,0.2,0.0,0.32023156455566976,-0.3217274107336377,False
0,249,0.04782915527759383,-0.9914950926123246,1.6567333930015289,1.7684342257679375,-0.2965195459454433,0.0,0.24699000461034742,0.20324264562307717,-0.015382443254727249,0.13706892728805542,0.7181587219238281,0.6397495269775391,0.5238395929336548,-0.15043580532073975,-0.5388301610946655,0.04817918359195333,-0.9908192627323675,1.6568766460340958,1.7686662288276505,-0.29653192433412984,0.0,0.24699000461034742,0.20324264562307717,-0.015382443254727249,-0.04699000461034743,-0.003242645623077165,0.015382443254727249,0.2,0.2,0.0,0.32023156455566976,-0.32023156455566976,False
0,250,0.04817918359195333,-0.9908192627323675,1.6568766460340958,1.7686662288276505,-0.29653192433412984,0.0,0.24699000461034742,0.20324264562307717,-0.015382443254727249,0.26760435104370117,0.8918659090995789,0.9213125109672546,0.8882480263710022,-0.3873491585254669,0.4808654487133026,0.04817918359195333,-0.9908192627323675,1.6568766460340958,1.7686662288276505,-0.29653192433412984,0.0,0.24786189627994343,0.20337912117617532,-0.016474137183894122,-0.04786189627994343,-0.0033791211761753097,0.016474137183894122,0.2,0.2,0.0,0.32104514285974894,-0.3373167089413327,False
0,251,0.04817918359195333,-0.9908192627323675,1.6568766460340958,1.7686662288276505,-0.29653192433412984,0.0,0.24786189627994343,0.20337912117617532,-0.016474137183894122,-0.0018870510393753648,0.8057248592376709,0.7371973991394043,0.5277391672134399,0.3051953911781311,-0.33404600620269775,0.05061853359609466,-0.9826305753327589,1.654419075990597,1.7767864611899675,-0.3000574530664967,0.0,0.24801767256705387,0.20339722037468433,-0.01659302161193491,-0.04801767256705387,-0.0033972203746843316,0.01659302161193491,0.2,0.2,0.0,0.3211830062875998,-0.32394027484461746,False
0,252,0.05061853359609466,-0.9826305753327589,1.654419075990597,1.7767864611899675,-0.3000574530664967,0.0,0.24801767256705387,0.20339722037468433,-0.01659302161193491,0.6326520442962646,0.9261465072631836,0.8250864148139954,0.7814991474151611,-0.11412911862134933,0.021266799420118332,0.05081644748544319,-0.9819955333728364,1.654293036874803,1.7773952675759832,-0.30027800743944877,0.0,0.24801767256705387,0.20339722037468433,-0.01659302161193491,-0.04801767256705387,-0.0033972203746843316,0.01659302161193491,0.2,0.2,0.0,0.3211830062875998,-0.3211830062875998,False
0,253,0.05081644748544319,-0.9819955333728364,1.654293036874803,1.7773952675759832,-0.30027800743944877,0.0,0.24801767256705387,0.20339722037468433,-0.01659302161193491,0.797514796257019,0.8974907994270325,0.8643072843551636,0.6927809119224548,0.004314107354730368,-0.18539828062057495,0.05123468993530985,-0.9814066436099256,1.6543520624822443,1.7778869939351674,-0.3003411504483929,0.0,0.24804216845454535,0.2034099166594809,-0.016673954791761314,-0.048042168454545356,-0.0034099166594808903,0.016673954791761314,0.2,0.2,0.0,0.3212141533236786,-0.3218370940452538,False
0,254,0.05123468993530985,-0.9814066436099256,1.6543520624822443,1.7778869939351674,-0.3003411504483929,0.0,0.24804216845454535,0.2034099166594809,-0.016673954791761314,0.8698867559432983,0.9702563881874084,0.7809723615646362,0.8188464641571045,0.14558841288089752,-0.39274802803993225,0.05170211628029409,-0.9808837926151952,1.6539888282565571,1.778293946763867,-0.3003286609720463,0.0,0.2480983943400265,0.20343541645676552,-0.016763300380564238,-0.048098394340026496,-0.0034354164567655223,0.016763300380564238,0.2,0.2,0.0,0.3212783686815624,-0.32256267583923864,False
0,255,0.05170211628029409,-0.9808837926151952,1.6539888282565571,1.778293946763867,-0.3003286609720463,0.0,0.2480983943400265,0.20343541645676552,-0.016763300380564238,-0.17118872702121735,0.9017828702926636,0.8130208253860474,0.5917820930480957,0.07042769342660904,-0.24170859158039093,0.05214428041718182,-0.9803250851434839,1.6541676565678596,1.7787561020239961,-0.300247191607137,0.0,0.24822608138352104,0.2034603422903452,-0.016825680616054814,-0.048226081383521024,-0.003460342290345198,0.016825680616054814,0.2,0.2,0.0,0.32139602034268616,-0.3237490535651614,False
0,256,0.05214428041718182,-0.9803250851434839,1.6541676565678596,1.7787561020239961,-0.300247191607137,0.0,0.24822608138352104,0.2034603422903452,-0.016825680616054814,0.03321650251746178,0.9059536457061768,0.7912827730178833,0.8491188287734985,0.24433133006095886,-0.6443336009979248,0.05204497069431369,-0.9798034102941385,1.6537492863995105,1.779111527868753,-0.30019694056994617,0.0,0.24822608138352104,0.2034603422903452,-0.016825680616054814,-0.048226081383521024,-0.003460342290345198,0.016825680616054814,0.2,0.2,0.0,0.32139602034268616,-0.32139602034268616,False
0,257,0.05204497069431369,-0.9798034102941385,1.6537492863995105,1.779111527868753,-0.30019694056994617,0.0,0.24822608138352104,0.2034603422903452,-0.016825680616054814,-0.34578630328178406,0.8898669481277466,0.8480579853057861,0.6304993629455566,-0.09883813560009003,-0.6291911602020264,0.05205630158450344,-0.9795404981125226,1.6537971518188979,1.7793598611253878,-0.30012475283258405,0.0,0.24821991814235628,0.20345654094005658,-0.016908707070915102,-0.04821991814235625,-0.003456540940056559,0.016908707070915102,0.2,0.2,0.0,0.32139321117394654,-0.321337027799154,False
0,258,0.05205630158450344,-0.9795404981125226,1.6537971518188979,1.7793598611253878,-0.30012475283258405,0.0,0.24821991814235628,0.20345654094005658,-0.016908707070915102,0.5045561790466309,0.9398458003997803,0.8749032020568848,0.6866602897644043,-0.2175150066614151,0.13298527896404266,0.052165014837850514,-0.9790578770622469,1.6535701489540824,1.7797549952998488,-0.30012621926596383,0.0,0.24829862784391313,0.20346495784950488,-0.01698578913566745,-0.04829862784391312,-0.0034649578495048604,0.01698578913566745,0.2,0.2,0.0,0.32146339557472514,-0.32286708359029725,False
0,259,0.052165014837850514,-0.9790578770622469,1.6535701489540824,1.7797549952998488,-0.30012621926596383,0.0,0.24829862784391313,0.20346495784950488,-0.01698578913566745,0.11494910717010498,0.8464818000793457,0.8217371702194214,0.7732689380645752,-0.11869077384471893,-0.32622280716896057,0.052403861732986216,-0.978617775946542,1.6535924648810778,1.7800758695403776,-0.30022983305936946,0.0,0.24829862784391313,0.20346495784950488,-0.01698578913566745,-0.04829862784391312,-0.0034649578495048604,0.01698578913566745,0.2,0.2,0.0,0.32146339557472514,-0.32146339557472514,False
0,260,0.052403861732986216,-0.978617775946542,1.6535924648810778,1.7800758695403776,-0.30022983305936946,0.0,0.24829862784391313,0.20346495784950488,-0.01698578913566745,-0.16491231322288513,0.8571730256080627,0.7651872634887695,0.3918435275554657,-0.003988766577094793,-0.48539701104164124,0.052403861732986216,-0.978617775946542,1.6535924648810778,1.7800758695403776,-0.30022983305936946,0.0,0.24842285129611869,0.2034761226938576,-0.01713952013047873,-0.04842285129611869,-0.003476122693857585,0.01713952013047873,0.2,0.2,0.0,0.3215745772024312,-0.3237982097565526,False
0,261,0.052403861732986216,-0.978617775946542,1.6535924648810778,1.7800758695403776,-0.30022983305936946,0.0,0.24842285129611869,0.2034761226938576,-0.01713952013047873,0.5794332027435303,0.9346699714660645,0.8481901288032532,0.7664499878883362,0.30220675468444824,-0.04378994554281235,0.05213732377574351,-0.9765522155074051,1.6528808714715968,1.7811654127123107,-0.3002569374993956,0.0,0.2484853124067558,0.20347360705817794,-0.017233285498210738,-0.0484853124067558,-0.0034736070581779313,0.017233285498210738,0.2,0.2,0.0,0.32162625107446013,-0.3226597285150386,False
0,262,0.05213732377574351,-0.9765522155074051,1.6528808714715968,1.7811654127123107,-0.3002569374993956,0.0,0.2484853124067558,0.20347360705817794,-0.017233285498210738,0.4960610270500183,0.8874517679214478,0.7429267168045044,0.6836364269256592,0.04591784253716469,-0.872140109539032,0.052399700164384305,-0.9761408482962755,1.6527857711602294,1.7815016109127149,-0.30015958063515347,0.0,0.2484853124067558,0.20347360705817794,-0.017233285498210738,-0.0484853124067558,-0.0034736070581779313,0.017233285498210738,0.2,0.2,0.0,0.32162625107446013,-0.32162625107446013,False
0,263,0.052399700164384305,-0.9761408482962755,1.6527857711602294,1.7815016109127149,-0.30015958063515347,0.0,0.2484853124067558,0.20347360705817794,-0.017233285498210738,0.2591322362422943,0.9338317513465881,0.9195026159286499,0.7622042298316956,-0.21292729675769806,-0.0273295808583498,0.05260235224079041,-0.9757772948242203,1.652829586565053,1.7817813346157956,-0.3001420858231952,0.0,0.24852335316866592,0.20348872609160418,-0.017304822751564336,-0.048523353168665906,-0.003488726091604161,0.017304822751564336,0.2,0.2,0.0,0.32166904670335383,-0.3225249592812278,False
0,264,0.05260235224079041,-0.9757772948242203,1.652829586565053,1.7817813346157956,-0.3001420858231952,0.0,0.24852335316866592,0.20348872609160418,-0.017304822751564336,0.17936241626739502,0.953030526638031,0.9229755401611328,0.6968791484832764,0.2074214518070221,-0.18116174638271332,0.05270077457801506,-0.9753961552405148,1.652495043605652,1.7820879381451755,-0.30020568529624303,0.0,0.24857790448333789,0.2034995988082807,-0.0173753769242251,-0.048577904483337875,-0.0034995988082806946,0.0173753769242251,0.2,0.2,0.0,0.3217218752831668,-0.3227784468794264,False
0,265,0.05270077457801506,-0.9753961552405148,1.652495043605652,1.7820879381451755,-0.30020568529624303,0.0,0.24857790448333789,0.2034995988082807,-0.0173753769242251,0.05905291065573692,0.9586711525917053,0.8204163312911987,0.5806262493133545,0.1501232385635376,-0.3435714542865753,0.05276658012122112,-0.9750055574224675,1.6524822496024592,1.7823658918394016,-0.30012188537664913,0.0,0.24857790448333789,0.2034995988082807,-0.0173753769242251,-0.048577904483337875,-0.0034995988082806946,0.0173753769242251,0.2,0.2,0.0,0.3217218752831668,-0.3217218752831668,False
0,266,0.05276658012122112,-0.9750055574224675,1.6524822496024592,1.7823658918394016,-0.30012188537664913,0.0,0.24857790448333789,0.2034995988082807,-0.0173753769242251,0.4264669418334961,0.9270083904266357,0.819029688835144,0.588221549987793,0.15748058259487152,-0.30811208486557007,0.05282206069665063,-0.9744486777966131,1.6524218430153101,1.7827038009806855,-0.30003449653364406,0.0,0.24862436133119897,0.20350520665228772,-0.017450034500971528,-0.04862436133119895,-0.0035052066522877085,0.017450034500971528,0.2,0.2,0.0,0.32176535843067694,-0.32263502138087946,False
0,267,0.05282206069665063,-0.9744486777966131,1.6524218430153101,1.7827038009806855,-0.30003449653364406,0.0,0.24862436133119897,0.20350520665228772,-0.017450034500971528,0.898051917552948,0.9308177828788757,0.8621991872787476,0.6658034324645996,-0.5612476468086243,-0.010131102055311203,0.05297384891679073,-0.9741254750026918,1.652163260976374,1.7829091221406121,-0.29997945995924735,0.0,0.24862436133119897,0.20350520665228772,-0.017450034500971528,-0.04862436133119895,-0.0035052066522877085,0.017450034500971528,0.2,0.2,0.0,0.32176535843067694,-0.32176535843067694,False
0,268,0.05297384891679073,-0.9741254750026918,1.652163260976374,1.7829091221406121,-0.29997945995924735,0.0,0.24862436133119897,0.20350520665228772,-0.017450034500971528,0.15031442046165466,0.790297269821167,0.8687591552734375,0.7467642426490784,-0.008731970563530922,0.2573425769805908,0.053345037858622206,-0.9737443536322011,1.652132838077526,1.7831822974935965,-0.30021467273962354,0.0,0.2486811505203392,0.20351740102803012,-0.01751802321866262,-0.048681150520339195,-0.003517401028030105,0.01751802321866262,0.2,0.2,0.0,0.3218206461413146,-0.3229264003540681,False
0,269,0.053345037858622206,-0.9737443536322011,1.652132838077526,1.7831822974935965,-0.30021467273962354,0.0,0.2486811505203392,0.20351740102803012,-0.01751802321866262,0.5972427129745483,0.8336799144744873,0.8441898226737976,0.9112743139266968,-0.06340902298688889,0.03919493779540062,0.05359701591917779,-0.9734340451836665,1.6519462145395511,1.7834341549900687,-0.30034976049419204,0.0,0.24873648417347943,0.2035416605446041,-0.017592617216465403,-0.048736484173479436,-0.0035416605446040757,0.017592617216465403,0.2,0.2,0.0,0.3218828145719549,-0.3231261831847604,False
0,270,0.05359701591917779,-0.9734340451836665,1.6519462145395511,1.7834341549900687,-0.30034976049419204,0.0,0.24873648417347943,0.2035416605446041,-0.017592617216465403,0.9197052717208862,0.9240357875823975,0.6601313352584839,0.6888840198516846,0.21647636592388153,-0.43929198384284973,0.05359701591917779,-0.9734340451836665,1.6519462145395511,1.7834341549900687,-0.30034976049419204,0.0,0.24919176914373475,0.2037284145555683,-0.0180886766650461,-0.04919176914373474,-0.00372841455556829,0.0180886766650461,0.2,0.2,0.0,0.32238021795668925,-0.3323282856513765,False
0,271,0.05359701591917779,-0.9734340451836665,1.6519462145395511,1.7834341549900687,-0.30034976049419204,0.0,0.24919176914373475,0.2037284145555683,-0.0180886766650461,0.5722927451133728,0.9795445203781128,0.8663232326507568,0.510205864906311,-0.06289402395486832,-0.6861234903335571,0.062092167002907005,-0.9648516242934232,1.6499369179797125,1.7898917975614408,-0.2983904561926469,0.0,0.24951784862438237,0.20391144228742036,-0.01859233703236836,-0.04951784862438234,-0.003911442287420344,0.01859233703236836,0.2,0.2,0.0,0.32277656060222426,-0.3307034135129244,False
0,272,0.062092167002907005,-0.9648516242934232,1.6499369179797125,1.7898917975614408,-0.2983904561926469,0.0,0.24951784862438237,0.20391144228742036,-0.01859233703236836,0.5249916315078735,0.9413026571273804,0.7856390476226807,0.8061766624450684,0.26640111207962036,-0.32956671714782715,0.06251914024168617,-0.9643512740444343,1.6496117651832025,1.7902238154609285,-0.29832432721884616,0.0,0.24956612022196223,0.20393279960136423,-0.018657193583498877,-0.04956612022196222,-0.0039327996013642265,0.018657193583498877,0.2,0.2,0.0,0.322831110626447,-0.3239221111109014,False
0,273,0.06251914024168617,-0.9643512740444343,1.6496117651832025,1.7902238154609285,-0.29832432721884616,0.0,0.24956612022196223,0.20393279960136423,-0.018657193583498877,0.8444535732269287,0.9303557276725769,0.8618020415306091,0.8913378119468689,0.006121447309851646,0.011493980884552002,0.06251914024168617,-0.9643512740444343,1.6496117651832025,1.7902238154609285,-0.29832432721884616,0.0,0.2500105456996512,0.20410854569194595,-0.019303839595902636,-0.05001054569965116,-0.004108545691945938,0.019303839595902636,0.2,0.2,0.0,0.32332369169094755,-0.3331753129809588,False
0,274,0.06251914024168617,-0.9643512740444343,1.6496117651832025,1.7902238154609285,-0.29832432721884616,0.0,0.2500105456996512,0.20410854569194595,-0.019303839595902636,0.5960977673530579,0.8607611060142517,0.7904112339019775,0.6373621225357056,0.25315454602241516,-0.23957747220993042,0.06251914024168617,-0.9643512740444343,1.6496117651832025,1.7902238154609285,-0.29832432721884616,0.0,0.2500105456996512,0.20410854569194595,-0.019303839595902636,-0.05001054569965116,-0.004108545691945938,0.019303839595902636,0.2,0.2,0.0,0.32332369169094755,-0.32332369169094755,False
0,275,0.06251914024168617,-0.9643512740444343,1.6496117651832025,1.7902238154609285,-0.29832432721884616,0.0,0.2500105456996512,0.20410854569194595,-0.019303839595902636,0.7136152982711792,0.8452409505844116,0.8471758365631104,0.6929289102554321,-0.1862531304359436,-0.17828971147537231,0.06251914024168617,-0.9643512740444343,1.6496117651832025,1.7902238154609285,-0.29832432721884616,0.0,0.2500105456996512,0.20410854569194595,-0.019303839595902636,-0.05001054569965116,-0.004108545691945938,0.019303839595902636,0.2,0.2,0.0,0.32332369169094755,-0.32332369169094755,False
0,276,0.06251914024168617,-0.9643512740444343,1.6496117651832025,1.7902238154609285,-0.29832432721884616,0.0,0.2500105456996512,0.20410854569194595,-0.019303839595902636,-0.14645563066005707,0.8633534908294678,0.827107846736908,0.6621407270431519,0.28603485226631165,0.28839313983917236,0.06251914024168617,-0.9643512740444343,1.6496117651832025,1.7902238154609285,-0.29832432721884616,0.0,0.25016044423782824,0.2041526773578124,-0.019424554048522114,-0.050160444237828256,-0.004152677357812376,0.019424554048522114,0.2,0.2,0.0,0.32347469272512586,-0.32649471340869207,False
0,277,0.06251914024168617,-0.9643512740444343,1.6496117651832025,1.7902238154609285,-0.29832432721884616,0.0,0.25016044423782824,0.2041526773578124,-0.019424554048522114,0.08218280971050262,0.9522634744644165,0.8643307089805603,0.7013905048370361,-0.09299478679895401,-0.6248162388801575,0.06251914024168617,-0.9643512740444343,1.6496117651832025,1.7902238154609285,-0.29832432721884616,0.0,0.25016044423782824,0.2041526773578124,-0.019424554048522114,-0.050160444237828256,-0.004152677357812376,0.019424554048522114,0.2,0.2,0.0,0.32347469272512586,-0.32347469272512586,False
0,278,0.06251914024168617,-0.9643512740444343,1.6496117651832025,1.7902238154609285,-0.29832432721884616,0.0,0.25016044423782824,0.2041526773578124,-0.019424554048522114,0.403312087059021,0.8956002593040466,0.8545451164245605,0.8667932748794556,0.6190184354782104,-0.3905377686023712,0.06251914024168617,-0.9643512740444343,1.6496117651832025,1.7902238154609285,-0.29832432721884616,0.0,0.25016044423782824,0.2041526773578124,-0.019424554048522114,-0.050160444237828256,-0.004152677357812376,0.019424554048522114,0.2,0.2,0.0,0.32347469272512586,-0.32347469272512586,False
0,279,0.06251914024168617,-0.9643512740444343,1.6496117651832025,1.7902238154609285,-0.29832432721884616,0.0,0.25016044423782824,0.2041526773578124,-0.019424554048522114,0.7418527603149414,0.9349934458732605,0.8807811737060547,0.5515692234039307,-0.03683101758360863,-0.6172317266464233,0.06251914024168617,-0.9643512740444343,1.6496117651832025,1.7902238154609285,-0.29832432721884616,0.0,0.2505764012473949,0.2042346485507329,-0.019939312518099675,-0.0505764012473949,-0.004234648550732882,0.019939312518099675,0.2,0.2,0.0,0.32387945398624973,-0.33197467920872725,False
0,280,0.06251914024168617,-0.9643512740444343,1.6496117651832025,1.7902238154609285,-0.29832432721884616,0.0,0.2505764012473949,0.2042346485507329,-0.019939312518099675,0.49098557233810425,0.9063562154769897,0.7824560403823853,0.5636465549468994,0.5350876450538635,-0.25471222400665283,0.06251914024168617,-0.9643512740444343,1.6496117651832025,1.7902238154609285,-0.29832432721884616,0.0,0.25076091460036115,0.20428465285602185,-0.02018012585670502,-0.050760914600361126,-0.0042846528560218375,0.02018012585670502,0.2,0.2,0.0,0.3240686550151178,-0.3278526755924787,False
0,281,0.06251914024168617,-0.9643512740444343,1.6496117651832025,1.7902238154609285,-0.29832432721884616,0.0,0.25076091460036115,0.20428465285602185,-0.02018012585670502,0.6073726415634155,0.9082266092300415,0.8682805299758911,0.7685674428939819,0.07705065608024597,-0.7189860343933105,0.06923469525963595,-0.9529722661127448,1.6471586194325745,1.8003781866630828,-0.2938114223567599,0.0,0.25076091460036115,0.20428465285602185,-0.02018012585670502,-0.050760914600361126,-0.0042846528560218375,0.02018012585670502,0.2,0.2,0.0,0.3240686550151178,-0.3240686550151178,False
0,282,0.06923469525963595,-0.9529722661127448,1.6471586194325745,1.8003781866630828,-0.2938114223567599,0.0,0.25076091460036115,0.20428465285602185,-0.02018012585670502,0.2956499457359314,0.9362949132919312,0.8271152973175049,0.8094894289970398,-0.20313408970832825,-0.6608610153198242,0.0698004458415775,-0.9518697162475575,1.6468500618718216,1.800861468373028,-0.29303441198105556,0.0,0.2507666693262185,0.20429830337703217,-0.020243026240984813,-0.05076666932621847,-0.004298303377032155,0.020243026240984813,0.2,0.2,0.0,0.32408563578025495,-0.32442525108299847,False
0,283,0.0698004458415775,-0.9518697162475575,1.6468500618718216,1.800861468373028,-0.29303441198105556,0.0,0.2507666693262185,0.20429830337703217,-0.020243026240984813,0.2728445827960968,0.9234296679496765,0.8659414052963257,0.867005467414856,-0.3501415550708771,-0.5309338569641113,0.06989904810447606,-0.9515485406154297,1.6467561906038106,1.8011447511689944,-0.293116165170325,0.0,0.2507666693262185,0.20429830337703217,-0.020243026240984813,-0.05076666932621847,-0.004298303377032155,0.020243026240984813,0.2,0.2,0.0,0.32408563578025495,-0.32408563578025495,False
0,284,0.06989904810447606,-0.9515485406154297,1.6467561906038106,1.8011447511689944,-0.293116165170325,0.0,0.2507666693262185,0.20429830337703217,-0.020243026240984813,0.012562120333313942,0.7956510186195374,0.8384230136871338,0.933279812335968,0.25265973806381226,0.058997612446546555,0.06989904810447606,-0.9515485406154297,1.6467561906038106,1.8011447511689944,-0.293116165170325,0.0,0.2508863359115863,0.20431693921755864,-0.02040429187331802,-0.05088633591158631,-0.004316939217558628,0.02040429187331802,0.2,0.2,0.0,0.3242000930370385,-0.32648923817270953,False
0,285,0.06989904810447606,-0.9515485406154297,1.6467561906038106,1.8011447511689944,-0.293116165170325,0.0,0.2508863359115863,0.20431693921755864,-0.02040429187331802,0.6421219110488892,0.8963263034820557,0.8384151458740234,0.7814974784851074,0.04306982085108757,-0.32074257731437683,0.07007195122731201,-0.9494174726640928,1.646589988414182,1.8035283349181355,-0.2927877622574786,0.0,0.25102127812250913,0.20432698216626233,-0.020578407694321288,-0.0510212781225091,-0.004326982166262308,0.020578407694321288,0.2,0.2,0.0,0.3243218595387364,-0.32675718957269384,False
0,286,0.07007195122731201,-0.9494174726640928,1.646589988414182,1.8035283349181355,-0.2927877622574786,0.0,0.25102127812250913,0.20432698216626233,-0.020578407694321288,-0.15170498192310333,0.8229442238807678,0.8660509586334229,0.8280929327011108,0.12964098155498505,-0.17346148192882538,0.07017614644455772,-0.9492241667442476,1.6464133759467887,1.8036994634437884,-0.29277526752875643,0.0,0.25102127812250913,0.20432698216626233,-0.020578407694321288,-0.0510212781225091,-0.004326982166262308,0.020578407694321288,0.2,0.2,0.0,0.3243218595387364,-0.3243218595387364,False
0,287,0.07017614644455772,-0.9492241667442476,1.6464133759467887,1.8036994634437884,-0.29277526752875643,0.0,0.25102127812250913,0.20432698216626233,-0.020578407694321288,0.056203410029411316,0.7469890117645264,0.751048743724823,0.7193285226821899,0.16254554688930511,0.29844725131988525,0.0701291233318928,-0.9489816447930403,1.6464789735191843,1.803943891874712,-0.29273678370021733,0.0,0.25109587334733574,0.2043357670920805,-0.0206501962953914,-0.0510958733473357,-0.004335767092080489,0.0206501962953914,0.2,0.2,0.0,0.3243896945530305,-0.32574639483891327,False
0,288,0.0701291233318928,-0.9489816447930403,1.6464789735191843,1.803943891874712,-0.29273678370021733,0.0,0.25109587334733574,0.2043357670920805,-0.0206501962953914,0.011594818904995918,0.9215842485427856,0.7249054908752441,0.7571277618408203,0.2323087900876999,-0.3751026391983032,0.0701536240299889,-0.948676258488205,1.646192237299213,1.8042377156008915,-0.2926700360955443,0.0,0.25109587334733574,0.2043357670920805,-0.0206501962953914,-0.0510958733473357,-0.004335767092080489,0.0206501962953914,0.2,0.2,0.0,0.3243896945530305,-0.3243896945530305,False
0,289,0.0701536240299889,-0.948676258488205,1.646192237299213,1.8042377156008915,-0.2926700360955443,0.0,0.25109587334733574,0.2043357670920805,-0.0206501962953914,0.43918919563293457,0.9174660444259644,0.8153488039970398,0.5071066617965698,0.1844981461763382,-0.24176698923110962,0.07015541374592027,-0.9485145718237076,1.6461434191173852,1.8043700353785288,-0.2926291714409188,0.0,0.2511549524457268,0.20433984829153118,-0.020719558790477766,-0.05115495244572678,-0.004339848291531157,0.020719558790477766,0.2,0.2,0.0,0.32444241993656336,-0.3254969276072203,False
0,290,0.07015541374592027,-0.9485145718237076,1.6461434191173852,1.8043700353785288,-0.2926291714409188,0.0,0.2511549524457268,0.20433984829153118,-0.020719558790477766,-0.09915756434202194,0.8003630638122559,0.7921617031097412,0.6821521520614624,-0.5900802612304688,-0.10536597669124603,0.07015541374592027,-0.9485145718237076,1.6461434191173852,1.8043700353785288,-0.2926291714409188,0.0,0.2513177903911485,0.2043577409119527,-0.020868963438662624,-0.05131779039114849,-0.004357740911952689,0.020868963438662624,0.2,0.2,0.0,0.32458932772463467,-0.32752748348606076,False
0,291,0.07015541374592027,-0.9485145718237076,1.6461434191173852,1.8043700353785288,-0.2926291714409188,0.0,0.2513177903911485,0.2043577409119527,-0.020868963438662624,0.5193281173706055,0.937847375869751,0.8375775814056396,0.4948982000350952,0.041490424424409866,-0.2988835275173187,0.07016466320850337,-0.9461677864482967,1.6456117316998984,1.8062209099247526,-0.2938959133742632,0.0,0.25137108138023667,0.20435488434118038,-0.021021335064724936,-0.05137108138023666,-0.004354884341180378,0.021021335064724936,0.2,0.2,0.0,0.3246386234511695,-0.32562453798186625,False
0,292,0.07016466320850337,-0.9461677864482967,1.6456117316998984,1.8062209099247526,-0.2938959133742632,0.0,0.25137108138023667,0.20435488434118038,-0.021021335064724936,0.37596043944358826,0.9377356171607971,0.8694140911102295,0.9443097710609436,0.1900695413351059,0.020985249429941177,0.07022852862624333,-0.9458012444282293,1.645744988957987,1.8064810636022641,-0.29404196385222203,0.0,0.25137108138023667,0.20435488434118038,-0.021021335064724936,-0.05137108138023666,-0.004354884341180378,0.021021335064724936,0.2,0.2,0.0,0.3246386234511695,-0.3246386234511695,False
0,293,0.07022852862624333,-0.9458012444282293,1.645744988957987,1.8064810636022641,-0.29404196385222203,0.0,0.25137108138023667,0.20435488434118038,-0.021021335064724936,0.23698820173740387,0.9214790463447571,0.8088026642799377,0.8371638655662537,0.13232430815696716,0.4473237991333008,0.07022852862624333,-0.9458012444282293,1.645744988957987,1.8064810636022641,-0.29404196385222203,0.0,0.25143695375244224,0.20436472893821142,-0.021084721031835396,-0.051436953752442255,-0.004364728938211402,0.021084721031835396,0.2,0.2,0.0,0.32469993779994283,-0.3259262247754093,False
0,294,0.07022852862624333,-0.9458012444282293,1.645744988957987,1.8064810636022641,-0.29404196385222203,0.0,0.25143695375244224,0.20436472893821142,-0.021084721031835396,0.09210216253995895,0.9472796320915222,0.8930771946907043,0.7156569957733154,-0.0023346655070781708,-0.02152159810066223,0.07039969366873232,-0.9453164703488803,1.6455799077496553,1.8069551250320424,-0.2939507532584964,0.0,0.25143695375244224,0.20436472893821142,-0.021084721031835396,-0.051436953752442255,-0.004364728938211402,0.021084721031835396,0.2,0.2,0.0,0.32469993779994283,-0.32469993779994283,False
0,295,0.07039969366873232,-0.9453164703488803,1.6455799077496553,1.8069551250320424,-0.2939507532584964,0.0,0.25143695375244224,0.20436472893821142,-0.021084721031835396,0.5492560863494873,0.9437001943588257,0.7783666253089905,0.8094407320022583,-0.32742732763290405,-0.042223114520311356,0.0704301021076341,-0.9449854145356015,1.6456039894660994,1.8072036596394996,-0.29395293952415036,0.0,0.251479071012181,0.20437258798349184,-0.02115007027993733,-0.051479071012180966,-0.0043725879834918295,0.02115007027993733,0.2,0.2,0.0,0.3247417487005112,-0.32557796671187866,False
0,296,0.0704301021076341,-0.9449854145356015,1.6456039894660994,1.8072036596394996,-0.29395293952415036,0.0,0.251479071012181,0.20437258798349184,-0.02115007027993733,-0.2652401626110077,0.9396929144859314,0.8827653527259827,0.8386337757110596,0.35610371828079224,-0.056341130286455154,0.07052849745659383,-0.9445533281872094,1.6454115378754868,1.8075535754230434,-0.2939891843632338,0.0,0.2515527774889238,0.20438238629767702,-0.021220983273091742,-0.051552777488923784,-0.004382386297677002,0.021220983273091742,0.2,0.2,0.0,0.32480962088922444,-0.32616706466348916,False
0,297,0.07052849745659383,-0.9445533281872094,1.6454115378754868,1.8075535754230434,-0.2939891843632338,0.0,0.2515527774889238,0.20438238629767702,-0.021220983273091742,0.256600946187973,0.9369546175003052,0.7671568393707275,0.6564520597457886,0.19202029705047607,0.011800054460763931,0.0704637565401985,-0.9442240795005913,1.6454303839284494,1.8078370185457653,-0.2938714912942103,0.0,0.2515527774889238,0.20438238629767702,-0.021220983273091742,-0.051552777488923784,-0.004382386297677002,0.021220983273091742,0.2,0.2,0.0,0.32480962088922444,-0.32480962088922444,False
0,298,0.0704637565401985,-0.9442240795005913,1.6454303839284494,1.8078370185457653,-0.2938714912942103,0.0,0.2515527774889238,0.20438238629767702,-0.021220983273091742,0.07095857709646225,0.9278233647346497,0.8133021593093872,0.7261295318603516,-0.2101111114025116,0.20353741943836212,0.070545125174438,-0.9438957739800594,1.645159145558339,1.808070765652981,-0.2938290116054353,0.0,0.2515965298511925,0.2043860820163786,-0.021297260806875162,-0.05159652985119252,-0.004386082016378582,0.021297260806875162,0.2,0.2,0.0,0.3248508237222801,-0.32567488038339293,False
0,299,0.070545125174438,-0.9438957739800594,1.645159145558339,1.808070765652981,-0.2938290116054353,0.0,0.2515965298511925,0.2043860820163786,-0.021297260806875162,0.5666400194168091,0.8862892389297485,0.7988411784172058,0.725977897644043,0.1819545328617096,-0.2401260882616043,0.07059888097397952,-0.9435726540319198,1.645167175772601,1.808325952153762,-0.2938810558927831,0.0,0.2515965298511925,0.2043860820163786,-0.021297260806875162,-0.05159652985119252,-0.004386082016378582,0.021297260806875162,0.2,0.2,0.0,0.3248508237222801,-0.3248508237222801,False
0,300,0.07059888097397952,-0.9435726540319198,1.645167175772601,1.808325952153762,-0.2938810558927831,0.0,0.2515965298511925,0.2043860820163786,-0.021297260806875162,0.3822467625141144,0.9581571221351624,0.6713171601295471,0.6669542789459229,-0.01879417896270752,-0.12491011619567871,0.07059888097397952,-0.9435726540319198,1.645167175772601,1.808325952153762,-0.2938810558927831,0.0,0.2518535676926327,0.20444474765955087,-0.021591265768118234,-0.05185356769263268,-0.0044447476595508685,0.021591265768118234,0.2,0.2,0.0,0.3251062244291156,-0.3302142385658255,False
0,301,0.07059888097397952,-0.9435726540319198,1.645167175772601,1.808325952153762,-0.2938810558927831,0.0,0.2518535676926327,0.20444474765955087,-0.021591265768118234,0.5293595194816589,0.9193719029426575,0.8181420564651489,0.7648411989212036,0.14246343076229095,-0.4047311544418335,0.07204814419120162,-0.9400821455142399,1.6441820410325376,1.810783722480035,-0.2938966097094514,0.0,0.25189933962106664,0.20446916668488221,-0.021749515800305624,-0.05189933962106662,-0.004469166684882213,0.021749515800305624,0.2,0.2,0.0,0.3251675858136652,-0.32639481350465827,False
0,302,0.07204814419120162,-0.9400821455142399,1.6441820410325376,1.810783722480035,-0.2938966097094514,0.0,0.25189933962106664,0.20446916668488221,-0.021749515800305624,0.15679721534252167,0.9063957333564758,0.799567699432373,0.8897584080696106,0.3735515773296356,0.01694965362548828,0.072232631638024,-0.939690569123481,1.6442684684057358,1.8110782538751125,-0.2938763094796626,0.0,0.25189933962106664,0.20446916668488221,-0.021749515800305624,-0.05189933962106662,-0.004469166684882213,0.021749515800305624,0.2,0.2,0.0,0.3251675858136652,-0.3251675858136652,False
0,303,0.072232631638024,-0.939690569123481,1.6442684684057358,1.8110782538751125,-0.2938763094796626,0.0,0.25189933962106664,0.20446916668488221,-0.021749515800305624,0.13687776029109955,0.9304434657096863,0.7608681917190552,0.7042917013168335,-0.22829417884349823,0.05253290757536888,0.07226689196296432,-0.9394769441947858,1.6441655241533815,1.8112761088298535,-0.2938238702829031,0.0,0.2519609351005089,0.20448229978071836,-0.02181776796978213,-0.05196093510050889,-0.004482299780718342,0.02181776796978213,0.2,0.2,0.0,0.3252281333764311,-0.3264390846317482,False
0,304,0.07226689196296432,-0.9394769441947858,1.6441655241533815,1.8112761088298535,-0.2938238702829031,0.0,0.2519609351005089,0.20448229978071836,-0.02181776796978213,0.13842099905014038,0.8683234453201294,0.7437261939048767,0.3643815219402313,0.17010164260864258,-0.4958890974521637,0.07231522561869129,-0.9391524195066969,1.6440831074629516,1.8115035859914517,-0.2938822253110875,0.0,0.2519609351005089,0.20448229978071836,-0.02181776796978213,-0.05196093510050889,-0.004482299780718342,0.02181776796978213,0.2,0.2,0.0,0.3252281333764311,-0.3252281333764311,False
0,305,0.07231522561869129,-0.9391524195066969,1.6440831074629516,1.8115035859914517,-0.2938822253110875,0.0,0.2519609351005089,0.20448229978071836,-0.02181776796978213,0.48156023025512695,0.9189587831497192,0.648898720741272,0.6919863224029541,-0.36187925934791565,0.14032310247421265,0.07247640138162481,-0.9381423256910975,1.6439515360285832,1.8119233430412611,-0.29367889110590534,0.0,0.2520802938481382,0.20450159884895955,-0.02197093680751272,-0.05208029384813817,-0.004501598848959534,0.02197093680751272,0.2,0.2,0.0,0.3253430505520967,-0.32764139406540954,False
0,306,0.07247640138162481,-0.9381423256910975,1.6439515360285832,1.8119233430412611,-0.29367889110590534,0.0,0.2520802938481382,0.20450159884895955,-0.02197093680751272,0.6033503413200378,0.9568608999252319,0.8695375323295593,0.8113577365875244,-0.2635980546474457,0.3915993869304657,0.0727330713523011,-0.9368277483631107,1.6434243046763681,1.8125135342352323,-0.29347497486423774,0.0,0.25213286227940623,0.20451298482825064,-0.022063624522598052,-0.052132862279406195,-0.004512984828250627,0.022063624522598052,0.2,0.2,0.0,0.3253972107004614,-0.326480413667755,False
0,307,0.0727330713523011,-0.9368277483631107,1.6434243046763681,1.8125135342352323,-0.29347497486423774,0.0,0.25213286227940623,0.20451298482825064,-0.022063624522598052,0.5979996919631958,0.9740554690361023,0.6294054388999939,0.9523715972900391,0.31042349338531494,0.354413241147995,0.07301491012018076,-0.9363851062274553,1.643311233718797,1.8129167121326235,-0.29349851847624564,0.0,0.25217193905660434,0.2045289045624765,-0.022132202086549008,-0.05217193905660435,-0.004528904562476484,0.022132202086549008,0.2,0.2,0.0,0.3254421515696672,-0.32634096895378345,False
0,308,0.07301491012018076,-0.9363851062274553,1.643311233718797,1.8129167121326235,-0.29349851847624564,0.0,0.25217193905660434,0.2045289045624765,-0.022132202086549008,-0.08104513585567474,0.919508159160614,0.6831912994384766,0.8438389301300049,-0.12787961959838867,-0.22346606850624084,0.07341447059644912,-0.9355451952139652,1.6432569186267707,1.8137288256233646,-0.2933018917134089,0.0,0.2522810015675289,0.20455350073200343,-0.022247883332723845,-0.05228100156752892,-0.004553500732003411,0.022247883332723845,0.2,0.2,0.0,0.32555000649119903,-0.3277071049218353,False
0,309,0.07341447059644912,-0.9355451952139652,1.6432569186267707,1.8137288256233646,-0.2933018917134089,0.0,0.2522810015675289,0.20455350073200343,-0.022247883332723845,0.3915371298789978,0.9447275996208191,0.8167033791542053,0.8345924019813538,-0.006031765136867762,-0.1116514727473259,0.0733408806771824,-0.9348574138149846,1.643075718781858,1.8143588764991898,-0.2934060997645978,0.0,0.2522810015675289,0.20455350073200343,-0.022247883332723845,-0.05228100156752892,-0.004553500732003411,0.022247883332723845,0.2,0.2,0.0,0.32555000649119903,-0.32555000649119903,False
0,310,0.0733408806771824,-0.9348574138149846,1.643075718781858,1.8143588764991898,-0.2934060997645978,0.0,0.2522810015675289,0.20455350073200343,-0.022247883332723845,0.42910706996917725,0.93305504322052,0.8038273453712463,0.6446429491043091,-0.005562152247875929,0.22224144637584686,0.0733408806771824,-0.9348574138149846,1.643075718781858,1.8143588764991898,-0.2934060997645978,0.0,0.2527361183991687,0.20467330047302726,-0.022882547827125316,-0.0527361183991687,-0.004673300473027243,0.022882547827125316,0.2,0.2,0.0,0.32602195702906483,-0.33546096778638096,False
0,311,0.0733408806771824,-0.9348574138149846,1.643075718781858,1.8143588764991898,-0.2934060997645978,0.0,0.2527361183991687,0.20467330047302726,-0.022882547827125316,0.7778081297874451,0.8519026637077332,0.7603839039802551,-0.15845370292663574,0.38838815689086914,-0.47193390130996704,0.0733408806771824,-0.9348574138149846,1.643075718781858,1.8143588764991898,-0.2934060997645978,0.0,0.2527361183991687,0.20467330047302726,-0.022882547827125316,-0.0527361183991687,-0.004673300473027243,0.022882547827125316,0.2,0.2,0.0,0.32602195702906483,-0.32602195702906483,False
0,312,0.0733408806771824,-0.9348574138149846,1.643075718781858,1.8143588764991898,-0.2934060997645978,0.0,0.2527361183991687,0.20467330047302726,-0.022882547827125316,0.03434034436941147,0.7300319075584412,0.8372865319252014,0.7356360554695129,0.31269127130508423,0.32770049571990967,0.07594330375125198,-0.9292350366398425,1.641805053066734,1.8182482526044348,-0.29341438270566,0.0,0.2528016946580765,0.20469769992893555,-0.02298941970989743,-0.05280169465807648,-0.004697699928935527,0.02298941970989743,0.2,0.2,0.0,0.32609562799398234,-0.32756904729233244,False
0,313,0.07594330375125198,-0.9292350366398425,1.641805053066734,1.8182482526044348,-0.29341438270566,0.0,0.2528016946580765,0.20469769992893555,-0.02298941970989743,0.5547428131103516,0.9009064435958862,0.8940359950065613,0.8629792928695679,0.7476926445960999,-0.32697391510009766,0.07607200517785707,-0.9289891423728485,1.6418669170034135,1.8184892415327323,-0.29321827117767396,0.0,0.2528016946580765,0.20469769992893555,-0.02298941970989743,-0.05280169465807648,-0.004697699928935527,0.02298941970989743,0.2,0.2,0.0,0.32609562799398234,-0.32609562799398234,False
0,314,0.07607200517785707,-0.9289891423728485,1.6418669170034135,1.8184892415327323,-0.29321827117767396,0.0,0.2528016946580765,0.20469769992893555,-0.02298941970989743,0.2744320333003998,0.8485424518585205,0.6924124956130981,0.8885719776153564,0.05669969320297241,-0.21477863192558289,0.0763163771233105,-0.9285688074068801,1.6418872866071852,1.8188963218641276,-0.29290812216513806,0.0,0.25284331960976225,0.2047105534011171,-0.02304768051205429,-0.05284331960976224,-0.004710553401117091,0.02304768051205429,0.2,0.2,0.0,0.3261400780677863,-0.327029079543865,False
0,315,0.0763163771233105,-0.9285688074068801,1.6418872866071852,1.8188963218641276,-0.29290812216513806,0.0,0.25284331960976225,0.2047105534011171,-0.02304768051205429,0.5260260105133057,0.9116153717041016,0.7325085401535034,0.7260642647743225,-0.3111220896244049,0.2901209592819214,0.07642552217774543,-0.9282690234850948,1.6416903974520194,1.8191970472142334,-0.29291476003707495,0.0,0.25291721170697656,0.20472698757867663,-0.02312678295833026,-0.05291721170697655,-0.004726987578676621,0.02312678295833026,0.2,0.2,0.0,0.32621327917586823,-0.32767730133750733,False
0,316,0.07642552217774543,-0.9282690234850948,1.6416903974520194,1.8191970472142334,-0.29291476003707495,0.0,0.25291721170697656,0.20472698757867663,-0.02312678295833026,0.5692822933197021,0.8412410616874695,0.9220372438430786,0.5036599636077881,-0.24012653529644012,0.12754814326763153,0.07658083514390981,-0.9280016194815659,1.6417303908848964,1.8194090391555278,-0.2930075302606409,0.0,0.25291721170697656,0.20472698757867663,-0.02312678295833026,-0.05291721170697655,-0.004726987578676621,0.02312678295833026,0.2,0.2,0.0,0.32621327917586823,-0.32621327917586823,False
0,317,0.07658083514390981,-0.9280016194815659,1.6417303908848964,1.8194090391555278,-0.2930075302606409,0.0,0.25291721170697656,0.20472698757867663,-0.02312678295833026,0.6944223642349243,0.8022345304489136,0.7428434491157532,0.840071439743042,0.07120213657617569,-0.45208877325057983,0.0768032374328669,-0.927643232734056,1.6415219383661117,1.819664090932116,-0.29312222024263407,0.0,0.2529644610283778,0.20474640310230538,-0.02320286729701415,-0.05296446102837778,-0.004746403102305375,0.02320286729701415,0.2,0.2,0.0,0.3262674994195901,-0.3273519042940275,False
0,318,0.0768032374328669,-0.927643232734056,1.6415219383661117,1.819664090932116,-0.29312222024263407,0.0,0.2529644610283778,0.20474640310230538,-0.02320286729701415,-0.38363492488861084,0.7989012002944946,0.8546889424324036,0.8743541240692139,0.4876038432121277,-0.6123422384262085,0.07692556576622951,-0.9275028094937718,1.6414740244032,1.8198124714581558,-0.29310836006327295,0.0,0.2529644610283778,0.20474640310230538,-0.02320286729701415,-0.05296446102837778,-0.004746403102305375,0.02320286729701415,0.2,0.2,0.0,0.3262674994195901,-0.3262674994195901,False
0,319,0.07692556576622951,-0.9275028094937718,1.6414740244032,1.8198124714581558,-0.29310836006327295,0.0,0.2529644610283778,0.20474640310230538,-0.02320286729701415,0.33498629927635193,0.880613386631012,0.8369258642196655,0.9527609348297119,-0.49797213077545166,-0.39657098054885864,0.07678546633677671,-0.9272204599728736,1.6415903282864197,1.8201216176698343,-0.2929343346087566,0.0,0.2530395523348248,0.20475151967125688,-0.023264433811528373,-0.05303955233482477,-0.004751519671256874,0.023264433811528373,0.2,0.2,0.0,0.3263333169231554,-0.3276496669944619,False
0,320,0.07678546633677671,-0.9272204599728736,1.6415903282864197,1.8201216176698343,-0.2929343346087566,0.0,0.2530395523348248,0.20475151967125688,-0.023264433811528373,0.34261971712112427,0.941060483455658,0.8273746967315674,0.666614294052124,-0.41757845878601074,-0.22814466059207916,0.07678546633677671,-0.9272204599728736,1.6415903282864197,1.8201216176698343,-0.2929343346087566,0.0,0.2532265314404648,0.2047933911533637,-0.023474229823223808,-0.05322653144046478,-0.004793391153363684,0.023474229823223808,0.2,0.2,0.0,0.32651959933709473,-0.3302452476158809,False
0,321,0.07678546633677671,-0.9272204599728736,1.6415903282864197,1.8201216176698343,-0.2929343346087566,0.0,0.2532265314404648,0.2047933911533637,-0.023474229823223808,0.44830918312072754,0.8037704825401306,0.826874852180481,0.31906962394714355,-0.33380115032196045,-0.22865039110183716,0.07678546633677671,-0.9272204599728736,1.6415903282864197,1.8201216176698343,-0.2929343346087566,0.0,0.25341469755543966,0.20486783817126059,-0.023759727949703116,-0.053414697555439636,-0.004867838171260582,0.023759727949703116,0.2,0.2,0.0,0.32673286447237704,-0.3309981671780231,False
0,322,0.07678546633677671,-0.9272204599728736,1.6415903282864197,1.8201216176698343,-0.2929343346087566,0.0,0.25341469755543966,0.20486783817126059,-0.023759727949703116,0.45398280024528503,0.8763173818588257,0.8925337791442871,0.402299165725708,-0.5771765112876892,-0.8154363036155701,0.07942119071330732,-0.9215631539870012,1.6404552514611699,1.823268188282011,-0.2953940261515287,0.0,0.2534594684170865,0.2048949329413333,-0.023838281396804384,-0.05345946841708647,-0.004894932941333283,0.023838281396804384,0.2,0.2,0.0,0.3267902987165604,-0.32793898360022766,False
0,323,0.07942119071330732,-0.9215631539870012,1.6404552514611699,1.823268188282011,-0.2953940261515287,0.0,0.2534594684170865,0.2048949329413333,-0.023838281396804384,0.20760971307754517,0.9337685108184814,0.8583576083183289,0.28932324051856995,-0.38568195700645447,0.13205863535404205,0.07957418337594013,-0.9212101821663524,1.6402098771817146,1.8234073748154698,-0.2956147439562906,0.0,0.2534594684170865,0.2048949329413333,-0.023838281396804384,-0.05345946841708647,-0.004894932941333283,0.023838281396804384,0.2,0.2,0.0,0.3267902987165604,-0.3267902987165604,False
0,324,0.07957418337594013,-0.9212101821663524,1.6402098771817146,1.8234073748154698,-0.2956147439562906,0.0,0.2534594684170865,0.2048949329413333,-0.023838281396804384,0.5149841904640198,0.8440181016921997,0.5695114135742188,0.9127078056335449,-0.08140037208795547,0.574965238571167,0.07966430164486564,-0.9208882138082856,1.6399750986600767,1.8235628112769977,-0.2957532294983025,0.0,0.25344854695727453,0.2049014569647772,-0.023883754967931048,-0.05344854695727454,-0.004901456964777198,0.023883754967931048,0.2,0.2,0.0,0.32678923907070506,-0.3267680461535983,False
0,325,0.07966430164486564,-0.9208882138082856,1.6399750986600767,1.8235628112769977,-0.2957532294983025,0.0,0.25344854695727453,0.2049014569647772,-0.023883754967931048,-0.018037807196378708,0.9119531512260437,0.8709030151367188,0.6619101762771606,-0.36507102847099304,-0.043877989053726196,0.07996572549043113,-0.9203421739311834,1.6399430700431303,1.8241388705376385,-0.2958198730674485,0.0,0.2538810197858276,0.20494523817048121,-0.024479196587479574,-0.053881019785827586,-0.00494523817048121,0.024479196587479574,0.2,0.2,0.0,0.3271962009587146,-0.33533543871890537,False
0,326,0.07996572549043113,-0.9203421739311834,1.6399430700431303,1.8241388705376385,-0.2958198730674485,0.0,0.2538810197858276,0.20494523817048121,-0.024479196587479574,-0.5095531940460205,0.7818961143493652,0.8397659659385681,0.8316614031791687,0.3208960294723511,-0.23482351005077362,0.07981256059195446,-0.9155079025626569,1.6394880928898736,1.8276145616888304,-0.2977829407921186,0.0,0.2538810197858276,0.20494523817048121,-0.024479196587479574,-0.053881019785827586,-0.00494523817048121,0.024479196587479574,0.2,0.2,0.0,0.3271962009587146,-0.3271962009587146,False
0,327,0.07981256059195446,-0.9155079025626569,1.6394880928898736,1.8276145616888304,-0.2977829407921186,0.0,0.2538810197858276,0.20494523817048121,-0.024479196587479574,0.15225784480571747,0.8987427949905396,0.6193366050720215,0.7964103817939758,0.07257815450429916,-0.35623711347579956,0.07971530630881571,-0.9151811339801554,1.6392054239832692,1.8278978912374777,-0.2978011028182163,0.0,0.25401893824838917,0.2049536009139182,-0.024583881944739705,-0.05401893824838916,-0.004953600913918188,0.024583881944739705,0.2,0.2,0.0,0.3273163099631509,-0.3297184900518773,False
0,328,0.07971530630881571,-0.9151811339801554,1.6392054239832692,1.8278978912374777,-0.2978011028182163,0.0,0.25401893824838917,0.2049536009139182,-0.024583881944739705,0.6237102150917053,0.977002739906311,0.7539398670196533,0.5886532068252563,-0.2644999027252197,-0.22206470370292664,0.07977198333667024,-0.9148649143811902,1.63892292672112,1.8281778214045914,-0.29777576096911207,0.0,0.25401893824838917,0.2049536009139182,-0.024583881944739705,-0.05401893824838916,-0.004953600913918188,0.024583881944739705,0.2,0.2,0.0,0.3273163099631509,-0.3273163099631509,False
0,329,0.07977198333667024,-0.9148649143811902,1.63892292672112,1.8281778214045914,-0.29777576096911207,0.0,0.25401893824838917,0.2049536009139182,-0.024583881944739705,0.4868975579738617,0.9282437562942505,0.7564761638641357,0.8339312076568604,-0.07388877123594284,-0.10736080259084702,0.07977198333667024,-0.9148649143811902,1.63892292672112,1.8281778214045914,-0.29777576096911207,0.0,0.2542119510767388,0.2050181725158849,-0.024870021023033373,-0.05421195107673879,-0.0050181725158848734,0.024870021023033373,0.2,0.2,0.0,0.3275281439474805,-0.3317648236340716,False
0,330,0.07977198333667024,-0.9148649143811902,1.63892292672112,1.8281778214045914,-0.29777576096911207,0.0,0.2542119510767388,0.2050181725158849,-0.024870021023033373,0.19771189987659454,0.8682960271835327,0.8982895016670227,0.6829041242599487,-0.6678318977355957,0.4775369167327881,0.07977198333667024,-0.9148649143811902,1.63892292672112,1.8281778214045914,-0.29777576096911207,0.0,0.25527491544650355,0.2052025792699975,-0.02620488186705694,-0.05527491544650355,-0.005202579269997483,0.02620488186705694,0.2,0.2,0.0,0.32857278771825515,-0.3494656631337487,False
0,331,0.07977198333667024,-0.9148649143811902,1.63892292672112,1.8281778214045914,-0.29777576096911207,0.0,0.25527491544650355,0.2052025792699975,-0.02620488186705694,-0.20385921001434326,0.9665845632553101,0.8238136172294617,0.6786396503448486,-0.029139820486307144,0.009018861688673496,0.07977198333667024,-0.9148649143811902,1.63892292672112,1.8281778214045914,-0.29777576096911207,0.0,0.25594914302526917,0.20531838618998555,-0.02715853441963033,-0.05594914302526913,-0.005318386189985544,0.02715853441963033,0.2,0.2,0.0,0.3292463963581864,-0.34271856915681176,False
0,332,0.07977198333667024,-0.9148649143811902,1.63892292672112,1.8281778214045914,-0.29777576096911207,0.0,0.25594914302526917,0.20531838618998555,-0.02715853441963033,-0.16112302243709564,0.7523446083068848,0.7196279168128967,0.7757401466369629,0.2402176409959793,-0.1292496919631958,0.07977198333667024,-0.9148649143811902,1.63892292672112,1.8281778214045914,-0.29777576096911207,0.0,0.2560183063307295,0.20526283877635174,-0.027275754805006824,-0.056018306330729475,-0.005262838776351713,0.027275754805006824,0.2,0.2,0.0,0.32927522372502405,-0.32985177106177654,False
0,333,0.07977198333667024,-0.9148649143811902,1.63892292672112,1.8281778214045914,-0.29777576096911207,0.0,0.2560183063307295,0.20526283877635174,-0.027275754805006824,0.4565316438674927,0.9644652605056763,0.6751478314399719,0.7285581231117249,0.25496572256088257,-0.37800168991088867,0.08293579949139124,-0.8935112465869204,1.6356623498363994,1.844694852741827,-0.31047705082360894,0.0,0.25602237543449297,0.20525052520994924,-0.027302355839973147,-0.05602237543449297,-0.005250525209949236,0.027302355839973147,0.2,0.2,0.0,0.32927291637256323,-0.3292267693233469,False
0,334,0.08293579949139124,-0.8935112465869204,1.6356623498363994,1.844694852741827,-0.31047705082360894,0.0,0.25602237543449297,0.20525052520994924,-0.027302355839973147,-0.46574491262435913,0.8931765556335449,0.8016546964645386,0.9526755809783936,-0.17759071290493011,-0.3411295413970947,0.08293579949139124,-0.8935112465869204,1.6356623498363994,1.844694852741827,-0.31047705082360894,0.0,0.25602237543449297,0.20525052520994924,-0.027302355839973147,-0.05602237543449297,-0.005250525209949236,0.027302355839973147,0.2,0.2,0.0,0.32927291637256323,-0.32927291637256323,False
0,335,0.08293579949139124,-0.8935112465869204,1.6356623498363994,1.844694852741827,-0.31047705082360894,0.0,0.25602237543449297,0.20525052520994924,-0.027302355839973147,0.02260672301054001,0.9132509231567383,0.5461521148681641,0.7209861278533936,0.17600701749324799,-0.19463294744491577,0.08293579949139124,-0.8935112465869204,1.6356623498363994,1.844694852741827,-0.31047705082360894,0.0,0.25662191871009554,0.20521891237954154,-0.028230575462490998,-0.056621918710095545,-0.005218912379541527,0.028230575462490998,0.2,0.2,0.0,0.32979778130187026,-0.34029507988801094,False
0,336,0.08293579949139124,-0.8935112465869204,1.6356623498363994,1.844694852741827,-0.31047705082360894,0.0,0.25662191871009554,0.20521891237954154,-0.028230575462490998,0.010823899880051613,0.7997796535491943,0.8095183372497559,0.45130613446235657,-0.13164584338665009,-0.14549392461776733,0.08293579949139124,-0.8935112465869204,1.6356623498363994,1.844694852741827,-0.31047705082360894,0.0,0.2567491552022938,0.20524176279630713,-0.028478385720769953,-0.056749155202293816,-0.005241762796307117,0.028478385720769953,0.2,0.2,0.0,0.3299323087333038,-0.33262285736197483,False
0,337,0.08293579949139124,-0.8935112465869204,1.6356623498363994,1.844694852741827,-0.31047705082360894,0.0,0.2567491552022938,0.20524176279630713,-0.028478385720769953,0.6190068125724792,0.8485203981399536,0.7191866636276245,0.7938717603683472,-0.39438292384147644,-0.4170624017715454,0.08293579949139124,-0.8935112465869204,1.6356623498363994,1.844694852741827,-0.31047705082360894,0.0,0.2567966463892022,0.20525353990943268,-0.028533092726881842,-0.05679664638920215,-0.005253539909432673,0.028533092726881842,0.2,0.2,0.0,0.3299813185964546,-0.3309615158594698,False
0,338,0.08293579949139124,-0.8935112465869204,1.6356623498363994,1.844694852741827,-0.31047705082360894,0.0,0.2567966463892022,0.20525353990943268,-0.028533092726881842,0.7773258686065674,0.8962514400482178,0.8771219253540039,0.8291433453559875,-0.37681230902671814,0.17088603973388672,0.08293579949139124,-0.8935112465869204,1.6356623498363994,1.844694852741827,-0.31047705082360894,0.0,0.2567966463892022,0.20525353990943268,-0.028533092726881842,-0.05679664638920215,-0.005253539909432673,0.028533092726881842,0.2,0.2,0.0,0.3299813185964546,-0.3299813185964546,False
0,339,0.08293579949139124,-0.8935112465869204,1.6356623498363994,1.844694852741827,-0.31047705082360894,0.0,0.2567966463892022,0.20525353990943268,-0.028533092726881842,0.44510483741760254,0.8436359167098999,0.7905911207199097,0.8579118847846985,0.09846729785203934,-0.5787559747695923,0.08293579949139124,-0.8935112465869204,1.6356623498363994,1.844694852741827,-0.31047705082360894,0.0,0.2567966463892022,0.20525353990943268,-0.028533092726881842,-0.05679664638920215,-0.005253539909432673,0.028533092726881842,0.2,0.2,0.0,0.3299813185964546,-0.3299813185964546,False
0,340,0.08293579949139124,-0.8935112465869204,1.6356623498363994,1.844694852741827,-0.31047705082360894,0.0,0.2567966463892022,0.20525353990943268,-0.028533092726881842,-0.1341547816991806,0.8356258869171143,0.8576981425285339,0.7118984460830688,0.26692530512809753,-0.4506264626979828,0.08293579949139124,-0.8935112465869204,1.6356623498363994,1.844694852741827,-0.31047705082360894,0.0,0.25688256645911395,0.20528838086352477,-0.02868790279968292,-0.05688256645911394,-0.0052883808635247505,0.02868790279968292,0.2,0.2,0.0,0.33008327439486046,-0.33212239036297814,False
0,341,0.08293579949139124,-0.8935112465869204,1.6356623498363994,1.844694852741827,-0.31047705082360894,0.0,0.25688256645911395,0.20528838086352477,-0.02868790279968292,0.6725237369537354,0.9207412600517273,0.8602050542831421,0.5215898156166077,-0.11463990807533264,-0.33434996008872986,0.08293579949139124,-0.8935112465869204,1.6356623498363994,1.844694852741827,-0.31047705082360894,0.0,0.25688256645911395,0.20528838086352477,-0.02868790279968292,-0.05688256645911394,-0.0052883808635247505,0.02868790279968292,0.2,0.2,0.0,0.33008327439486046,-0.33008327439486046,False
0,342,0.08293579949139124,-0.8935112465869204,1.6356623498363994,1.844694852741827,-0.31047705082360894,0.0,0.25688256645911395,0.20528838086352477,-0.02868790279968292,-0.056021030992269516,0.8448284864425659,0.8256811499595642,0.6810493469238281,0.20966418087482452,-0.7211213111877441,0.08293579949139124,-0.8935112465869204,1.6356623498363994,1.844694852741827,-0.31047705082360894,0.0,0.25688256645911395,0.20528838086352477,-0.02868790279968292,-0.05688256645911394,-0.0052883808635247505,0.02868790279968292,0.2,0.2,0.0,0.33008327439486046,-0.33008327439486046,False
0,343,0.08293579949139124,-0.8935112465869204,1.6356623498363994,1.844694852741827,-0.31047705082360894,0.0,0.25688256645911395,0.20528838086352477,-0.02868790279968292,0.27382588386535645,0.8203246593475342,0.8483514785766602,0.8388173580169678,0.05732417106628418,-0.49030646681785583,0.08293579949139124,-0.8935112465869204,1.6356623498363994,1.844694852741827,-0.31047705082360894,0.0,0.25693999952384516,0.20528722205156802,-0.02877228232657736,-0.05693999952384515,-0.0052872220515679975,0.02877228232657736,0.2,0.2,0.0,0.3301345954656125,-0.3311610168806538,False
0,344,0.08293579949139124,-0.8935112465869204,1.6356623498363994,1.844694852741827,-0.31047705082360894,0.0,0.25693999952384516,0.20528722205156802,-0.02877228232657736,0.4135848879814148,0.926203191280365,0.9009435772895813,0.3842175006866455,-0.29853731393814087,0.028189757838845253,0.08293579949139124,-0.8935112465869204,1.6356623498363994,1.844694852741827,-0.31047705082360894,0.0,0.25693999952384516,0.20528722205156802,-0.02877228232657736,-0.05693999952384515,-0.0052872220515679975,0.02877228232657736,0.2,0.2,0.0,0.3301345954656125,-0.3301345954656125,False
0,345,0.08293579949139124,-0.8935112465869204,1.6356623498363994,1.844694852741827,-0.31047705082360894,0.0,0.25693999952384516,0.20528722205156802,-0.02877228232657736,0.4037333130836487,0.9023587703704834,0.8690255284309387,0.8632705211639404,-0.014746375381946564,-0.16606129705905914,0.08293579949139124,-0.8935112465869204,1.6356623498363994,1.844694852741827,-0.31047705082360894,0.0,0.25693999952384516,0.20528722205156802,-0.02877228232657736,-0.05693999952384515,-0.0052872220515679975,0.02877228232657736,0.2,0.2,0.0,0.3301345954656125,-0.3301345954656125,False
0,346,0.08293579949139124,-0.8935112465869204,1.6356623498363994,1.844694852741827,-0.31047705082360894,0.0,0.25693999952384516,0.20528722205156802,-0.02877228232657736,0.5608123540878296,0.971800684928894,0.7608436346054077,0.9239130020141602,0.04144616052508354,0.5977236032485962,0.08226830891172406,-0.8835841161164241,1.6336174893245572,1.853074598113857,-0.3108826236018626,0.0,0.25693999952384516,0.20528722205156802,-0.02877228232657736,-0.05693999952384515,-0.0052872220515679975,0.02877228232657736,0.2,0.2,0.0,0.3301345954656125,-0.3301345954656125,False
0,347,0.08226830891172406,-0.8835841161164241,1.6336174893245572,1.853074598113857,-0.3108826236018626,0.0,0.25693999952384516,0.20528722205156802,-0.02877228232657736,0.381250262260437,0.8404085636138916,0.8102850914001465,0.7747194766998291,0.21128007769584656,-0.2433033585548401,0.08226830891172406,-0.8835841161164241,1.6336174893245572,1.853074598113857,-0.3108826236018626,0.0,0.25693999952384516,0.20528722205156802,-0.02877228232657736,-0.05693999952384515,-0.0052872220515679975,0.02877228232657736,0.2,0.2,0.0,0.3301345954656125,-0.3301345954656125,False
0,348,0.08226830891172406,-0.8835841161164241,1.6336174893245572,1.853074598113857,-0.3108826236018626,0.0,0.25693999952384516,0.20528722205156802,-0.02877228232657736,-0.02854429930448532,0.8705223798751831,0.6426302194595337,0.7189363241195679,0.16387315094470978,-0.6507605314254761,0.08226830891172406,-0.8835841161164241,1.6336174893245572,1.853074598113857,-0.3108826236018626,0.0,0.25699874110176635,0.2053140858416579,-0.028916648890378094,-0.056998741101766365,-0.005314085841657873,0.028916648890378094,0.2,0.2,0.0,0.33020962941128446,-0.3317103083247231,False
0,349,0.08226830891172406,-0.8835841161164241,1.6336174893245572,1.853074598113857,-0.3108826236018626,0.0,0.25699874110176635,0.2053140858416579,-0.028916648890378094,0.6771181225776672,0.914631187915802,0.9165332913398743,0.8248208165168762,0.21705661714076996,-0.620570182800293,0.08218864294380668,-0.8824929712291002,1.6332488332830586,1.8540391582043254,-0.3103600649369147,0.0,0.25699874110176635,0.2053140858416579,-0.028916648890378094,-0.056998741101766365,-0.005314085841657873,0.028916648890378094,0.2,0.2,0.0,0.33020962941128446,-0.33020962941128446,False
0,350,0.08218864294380668,-0.8824929712291002,1.6332488332830586,1.8540391582043254,-0.3103600649369147,0.0,0.25699874110176635,0.2053140858416579,-0.028916648890378094,0.7430468797683716,0.8845175504684448,0.8060895800590515,0.9602758288383484,-0.28216949105262756,0.07729015499353409,0.08218864294380668,-0.8824929712291002,1.6332488332830586,1.8540391582043254,-0.3103600649369147,0.0,0.25722639761331656,0.20540719408224542,-0.029283726311347014,-0.05722639761331652,-0.005407194082245407,0.029283726311347014,0.2,0.2,0.0,0.33047703647385723,-0.3358251777253128,False
0,351,0.08218864294380668,-0.8824929712291002,1.6332488332830586,1.8540391582043254,-0.3103600649369147,0.0,0.25722639761331656,0.20540719408224542,-0.029283726311347014,-0.010298007167875767,0.9424983859062195,0.7692345380783081,0.7848566770553589,0.15248602628707886,-0.8974899649620056,0.08218864294380668,-0.8824929712291002,1.6332488332830586,1.8540391582043254,-0.3103600649369147,0.0,0.25764645932165386,0.20557536641488305,-0.02980836479035455,-0.05764645932165385,-0.005575366414883057,0.02980836479035455,0.2,0.2,0.0,0.3309553865539477,-0.3405223881557567,False
0,352,0.08218864294380668,-0.8824929712291002,1.6332488332830586,1.8540391582043254,-0.3103600649369147,0.0,0.25764645932165386,0.20557536641488305,-0.02980836479035455,0.725743293762207,0.9491656422615051,0.897426426410675,0.8948282599449158,0.07057718187570572,-0.7749086618423462,0.0877048731989149,-0.8751643777445722,1.6322057696789252,1.8616773811298748,-0.3116634155195597,0.0,0.25769986933833466,0.2056116160655553,-0.0299450272434965,-0.057699869338334625,-0.0056116160655552885,0.0299450272434965,0.2,0.2,0.0,0.33103181716369473,-0.33256042935863567,False
0,353,0.0877048731989149,-0.8751643777445722,1.6322057696789252,1.8616773811298748,-0.3116634155195597,0.0,0.25769986933833466,0.2056116160655553,-0.0299450272434965,0.16308137774467468,0.9379292726516724,0.9124763607978821,0.8872815370559692,0.14839662611484528,-0.6449958682060242,0.08800315718745239,-0.8747334878573608,1.6326614272230668,1.8620709524379078,-0.3115939957748902,0.0,0.25784350128963623,0.205639863453877,-0.03000546299245807,-0.05784350128963624,-0.005639863453876981,0.03000546299245807,0.2,0.2,0.0,0.33116665352661884,-0.33386338078510097,False
0,354,0.08800315718745239,-0.8747334878573608,1.6326614272230668,1.8620709524379078,-0.3115939957748902,0.0,0.25784350128963623,0.205639863453877,-0.03000546299245807,0.3403145372867584,0.9779419302940369,0.7695217132568359,0.7180893421173096,0.2826206088066101,-0.8773235082626343,0.08810356344820215,-0.8741853117103745,1.63238914109807,1.8625774518901117,-0.3114996731034369,0.0,0.25784350128963623,0.205639863453877,-0.03000546299245807,-0.05784350128963624,-0.005639863453876981,0.03000546299245807,0.2,0.2,0.0,0.33116665352661884,-0.33116665352661884,False
0,355,0.08810356344820215,-0.8741853117103745,1.63238914109807,1.8625774518901117,-0.3114996731034369,0.0,0.25784350128963623,0.205639863453877,-0.03000546299245807,0.5043599605560303,0.932661235332489,0.7970806360244751,0.7681707739830017,0.6129887104034424,-0.32944589853286743,0.08810356344820215,-0.8741853117103745,1.63238914109807,1.8625774518901117,-0.3114996731034369,0.0,0.2578605879615117,0.20564805294549926,-0.03010298539452229,-0.05786058796151167,-0.005648052945499237,0.03010298539452229,0.2,0.2,0.0,0.3311938922048445,-0.3317386657693582,False
0,356,0.08810356344820215,-0.8741853117103745,1.63238914109807,1.8625774518901117,-0.3114996731034369,0.0,0.2578605879615117,0.20564805294549926,-0.03010298539452229,0.11743411421775818,0.9608294367790222,0.756826639175415,0.9163656234741211,0.38443562388420105,-0.20085790753364563,0.08861249612345852,-0.8730268955879674,1.6317121009069615,1.8634925226618817,-0.310934043893762,0.0,0.2578862446289458,0.20566682750814233,-0.030207506331269895,-0.057886244628945815,-0.005666827508142314,0.030207506331269895,0.2,0.2,0.0,0.33123504123935643,-0.33205802192959466,False
0,357,0.08861249612345852,-0.8730268955879674,1.6317121009069615,1.8634925226618817,-0.310934043893762,0.0,0.2578862446289458,0.20566682750814233,-0.030207506331269895,-0.13593076169490814,0.9564298391342163,0.8576827049255371,0.6183372735977173,-0.037764403969049454,-0.49355900287628174,0.08859203516899644,-0.8724181545611811,1.632248687352083,1.8639701277332665,-0.31084237719957175,0.0,0.25796670799209276,0.20568084777233775,-0.030290352452082364,-0.05796670799209275,-0.005680847772337724,0.030290352452082364,0.2,0.2,0.0,0.33131395839037114,-0.3328923014106654,False
0,358,0.08859203516899644,-0.8724181545611811,1.632248687352083,1.8639701277332665,-0.31084237719957175,0.0,0.25796670799209276,0.20568084777233775,-0.030290352452082364,0.45773428678512573,0.8705887794494629,0.8732280135154724,0.7747456431388855,0.10445127636194229,-0.5285782217979431,0.09080337382272884,-0.8676837116230516,1.6308644817204938,1.8680811719896937,-0.310342189248914,0.0,0.25808933661175715,0.20568767726112652,-0.030384192188034453,-0.05808933661175715,-0.0056876772611265235,0.030384192188034453,0.2,0.2,0.0,0.3314222765365865,-0.3335886394608939,False
0,359,0.09080337382272884,-0.8676837116230516,1.6308644817204938,1.8680811719896937,-0.310342189248914,0.0,0.25808933661175715,0.20568767726112652,-0.030384192188034453,0.0977294072508812,0.9465025663375854,0.8758863210678101,0.7616639137268066,0.5079666972160339,0.7001179456710815,0.09080337382272884,-0.8676837116230516,1.6308644817204938,1.8680811719896937,-0.310342189248914,0.0,0.25862245069589596,0.2059254954723718,-0.031448721560003765,-0.058622450695895945,-0.005925495472371792,0.031448721560003765,0.2,0.2,0.0,0.33208418176307586,-0.34532228629286277,False
0,360,0.09080337382272884,-0.8676837116230516,1.6308644817204938,1.8680811719896937,-0.310342189248914,0.0,0.25862245069589596,0.2059254954723718,-0.031448721560003765,0.07934462279081345,0.9144418239593506,0.8681422472000122,0.840997576713562,-0.030911756679415703,-0.6610379815101624,0.09080337382272884,-0.8676837116230516,1.6308644817204938,1.8680811719896937,-0.310342189248914,0.0,0.2591898221262054,0.20599622357313982,-0.03224564967154489,-0.059189822126205396,-0.005996223573139804,0.03224564967154489,0.2,0.2,0.0,0.33264634364885026,-0.34388958136433834,False
0,361,0.09080337382272884,-0.8676837116230516,1.6308644817204938,1.8680811719896937,-0.310342189248914,0.0,0.2591898221262054,0.20599622357313982,-0.03224564967154489,0.5084742903709412,0.9262984395027161,0.7545508742332458,0.8290273547172546,0.24373747408390045,-0.545768678188324,0.09080337382272884,-0.8676837116230516,1.6308644817204938,1.8680811719896937,-0.310342189248914,0.0,0.2592335265018313,0.20600096752297334,-0.03238419075814619,-0.05923352650183129,-0.0060009675229733325,0.03238419075814619,0.2,0.2,0.0,0.3326967924312418,-0.3337057680790722,False
0,362,0.09080337382272884,-0.8676837116230516,1.6308644817204938,1.8680811719896937,-0.310342189248914,0.0,0.2592335265018313,0.20600096752297334,-0.03238419075814619,0.47850602865219116,0.8967474102973938,0.8514527082443237,0.6214255094528198,0.0663955956697464,-0.3115440309047699,0.09289997403325798,-0.8582929502404207,1.6296229753042282,1.8766174049075757,-0.31006849927083535,0.0,0.2592335265018313,0.20600096752297334,-0.03238419075814619,-0.05923352650183129,-0.0060009675229733325,0.03238419075814619,0.2,0.2,0.0,0.3326967924312418,-0.3326967924312418,False
0,363,0.09289997403325798,-0.8582929502404207,1.6296229753042282,1.8766174049075757,-0.31006849927083535,0.0,0.2592335265018313,0.20600096752297334,-0.03238419075814619,-0.18247516453266144,0.9317707419395447,0.9169253706932068,0.3496782183647156,0.2631537616252899,-0.9212539792060852,0.0929799014509363,-0.8572841980413257,1.6294475922587695,1.8774428042467521,-0.31002288689954816,0.0,0.2593256749574646,0.20601378406138363,-0.03247554001197357,-0.059325674957464575,-0.006013784061383622,0.03247554001197357,0.2,0.2,0.0,0.33278543479921757,-0.33455828215873334,False
0,364,0.0929799014509363,-0.8572841980413257,1.6294475922587695,1.8774428042467521,-0.31002288689954816,0.0,0.2593256749574646,0.20601378406138363,-0.03247554001197357,0.513394296169281,0.93821120262146,0.8701459169387817,0.8693604469299316,0.4130514860153198,0.08349630236625671,0.0929799014509363,-0.8572841980413257,1.6294475922587695,1.8774428042467521,-0.31002288689954816,0.0,0.2594271124989194,0.20600617647482844,-0.032642399421830975,-0.05942711249891941,-0.006006176474828426,0.032642399421830975,0.2,0.2,0.0,0.3328760996006164,-0.3346893956285935,False
0,365,0.0929799014509363,-0.8572841980413257,1.6294475922587695,1.8774428042467521,-0.31002288689954816,0.0,0.2594271124989194,0.20600617647482844,-0.032642399421830975,-0.14242903888225555,0.9222513437271118,0.8391799926757812,0.45649510622024536,0.5290183424949646,-0.1877904087305069,0.0929799014509363,-0.8572841980413257,1.6294475922587695,1.8774428042467521,-0.31002288689954816,0.0,0.25992679033223615,0.20611572400327902,-0.03362964532795806,-0.05992679033223615,-0.006115724003279,0.03362964532795806,0.2,0.2,0.0,0.3334315237926648,-0.34454000763363174,False
0,366,0.0929799014509363,-0.8572841980413257,1.6294475922587695,1.8774428042467521,-0.31002288689954816,0.0,0.25992679033223615,0.20611572400327902,-0.03362964532795806,0.44587719440460205,0.9142709970474243,0.9057568311691284,0.7268834114074707,0.4640158712863922,0.5619721412658691,0.0929799014509363,-0.8572841980413257,1.6294475922587695,1.8774428042467521,-0.31002288689954816,0.0,0.26003268234505583,0.20609424992040062,-0.03386543282574299,-0.06003268234505585,-0.006094249920400615,0.03386543282574299,0.2,0.2,0.0,0.33352466667143554,-0.3353875242468509,False
0,367,0.0929799014509363,-0.8572841980413257,1.6294475922587695,1.8774428042467521,-0.31002288689954816,0.0,0.26003268234505583,0.20609424992040062,-0.03386543282574299,0.10709641128778458,0.957400918006897,0.8654179573059082,0.7310877442359924,0.11783631145954132,0.08798664063215256,0.09359208598190763,-0.8448263364300994,1.6266764329597803,1.8849457747606002,-0.3037649728238589,0.0,0.2600725154058279,0.20611624843021223,-0.03393518446828658,-0.060072515405827864,-0.006116248430212214,0.03393518446828658,0.2,0.2,0.0,0.33357640486304807,-0.3346111686952986,False
0,368,0.09359208598190763,-0.8448263364300994,1.6266764329597803,1.8849457747606002,-0.3037649728238589,0.0,0.2600725154058279,0.20611624843021223,-0.03393518446828658,0.5806915760040283,0.9444379210472107,0.8861421346664429,0.46468499302864075,0.46297499537467957,-0.7018764019012451,0.09363695785964808,-0.8445380188607311,1.626681677569678,1.885201450779492,-0.30381441307645674,0.0,0.2600725154058279,0.20611624843021223,-0.03393518446828658,-0.060072515405827864,-0.006116248430212214,0.03393518446828658,0.2,0.2,0.0,0.33357640486304807,-0.33357640486304807,False
0,369,0.09363695785964808,-0.8445380188607311,1.626681677569678,1.885201450779492,-0.30381441307645674,0.0,0.2600725154058279,0.20611624843021223,-0.03393518446828658,-0.12511181831359863,0.9243575930595398,0.8028048276901245,0.8914731740951538,0.08914516866207123,-0.8065481781959534,0.09367154759681184,-0.8444829547651501,1.6266439707727063,1.8852279099443225,-0.30378637548915605,0.0,0.2604240871258014,0.20613950310395732,-0.03449122159962578,-0.06042408712580137,-0.006139503103957306,0.03449122159962578,0.2,0.2,0.0,0.3339219134209193,-0.3408320845783442,False
0,370,0.09367154759681184,-0.8444829547651501,1.6266439707727063,1.8852279099443225,-0.30378637548915605,0.0,0.2604240871258014,0.20613950310395732,-0.03449122159962578,-0.7265576124191284,0.9526069164276123,0.9354658126831055,0.8672308325767517,0.20789022743701935,-0.1510048508644104,0.09367154759681184,-0.8444829547651501,1.6266439707727063,1.8852279099443225,-0.30378637548915605,0.0,0.2612576171373198,0.20600141257887328,-0.035688694867838225,-0.06125761713731981,-0.006001412578873254,0.035688694867838225,0.2,0.2,0.0,0.3346129218038825,-0.3484330894631467,False
0,371,0.09367154759681184,-0.8444829547651501,1.6266439707727063,1.8852279099443225,-0.30378637548915605,0.0,0.2612576171373198,0.20600141257887328,-0.035688694867838225,0.5730042457580566,0.9037846326828003,0.8065292239189148,0.3446464240550995,0.24432475864887238,0.09578946232795715,0.09367154759681184,-0.8444829547651501,1.6266439707727063,1.8852279099443225,-0.30378637548915605,0.0,0.2613487459749225,0.2060470272423168,-0.035860768876195145,-0.06134874597492253,-0.006047027242316799,0.035860768876195145,0.2,0.2,0.0,0.33473054716062667,-0.33708305429550955,False
0,372,0.09367154759681184,-0.8444829547651501,1.6266439707727063,1.8852279099443225,-0.30378637548915605,0.0,0.2613487459749225,0.2060470272423168,-0.035860768876195145,0.4031638503074646,0.9213812351226807,0.7712805867195129,0.7854504585266113,0.10253974050283432,-0.14403650164604187,0.09367154759681184,-0.8444829547651501,1.6266439707727063,1.8852279099443225,-0.30378637548915605,0.0,0.26130005194175154,0.20639577516500038,-0.036071636728052844,-0.06130005194175153,-0.006395775165000363,0.036071636728052844,0.2,0.2,0.0,0.3349299869031796,-0.33891878175423823,False
0,373,0.09367154759681184,-0.8444829547651501,1.6266439707727063,1.8852279099443225,-0.30378637548915605,0.0,0.26130005194175154,0.20639577516500038,-0.036071636728052844,0.08312268555164337,0.9163192510604858,0.6334030032157898,0.48562878370285034,0.04478459432721138,-0.0979681983590126,0.09367154759681184,-0.8444829547651501,1.6266439707727063,1.8852279099443225,-0.30378637548915605,0.0,0.2612852492211716,0.20643030438947713,-0.03613074445901572,-0.061285249221171595,-0.0064303043894771246,0.03613074445901572,0.2,0.2,0.0,0.3349460892831332,-0.3352681368822049,False
0,374,0.09367154759681184,-0.8444829547651501,1.6266439707727063,1.8852279099443225,-0.30378637548915605,0.0,0.2612852492211716,0.20643030438947713,-0.03613074445901572,0.11191196739673615,0.9352520108222961,0.8922333121299744,0.5465471744537354,0.3526008129119873,-0.5429635047912598,0.09367154759681184,-0.8444829547651501,1.6266439707727063,1.8852279099443225,-0.30378637548915605,0.0,0.26143964523083923,0.20642507815420957,-0.036372810732357375,-0.06143964523083924,-0.006425078154209571,0.036372810732357375,0.2,0.2,0.0,0.3350895139361578,-0.3379580069966506,False
0,375,0.09367154759681184,-0.8444829547651501,1.6266439707727063,1.8852279099443225,-0.30378637548915605,0.0,0.26143964523083923,0.20642507815420957,-0.036372810732357375,-0.5365509986877441,0.9669522047042847,0.887765109539032,0.8115425109863281,0.15866850316524506,-0.6275345087051392,0.09713408608946295,-0.8235583474884707,1.6231366247545356,1.8973518505002798,-0.30045584580267387,0.0,0.2617058909480252,0.20628993062562131,-0.03667422500149271,-0.0617058909480252,-0.006289930625621307,0.03667422500149271,0.2,0.2,0.0,0.3352469352788828,-0.3383953621333818,False
0,376,0.09713408608946295,-0.8235583474884707,1.6231366247545356,1.8973518505002798,-0.30045584580267387,0.0,0.2617058909480252,0.20628993062562131,-0.03667422500149271,-0.5410115718841553,0.8365484476089478,0.8398244976997375,0.5758167505264282,0.21855178475379944,-0.28351321816444397,0.09344729548076945,-0.8216657662999445,1.6231019677188707,1.8997958596628632,-0.3001636839139705,0.0,0.2617058909480252,0.20628993062562131,-0.03667422500149271,-0.0617058909480252,-0.006289930625621307,0.03667422500149271,0.2,0.2,0.0,0.3352469352788828,-0.3352469352788828,False
0,377,0.09344729548076945,-0.8216657662999445,1.6231019677188707,1.8997958596628632,-0.3001636839139705,0.0,0.2617058909480252,0.20628993062562131,-0.03667422500149271,-0.5523320436477661,0.9254226684570312,0.8318350315093994,0.6745647192001343,0.473832905292511,-0.6995729207992554,0.09320182042090709,-0.8212271245505238,1.6230363512178039,1.9000906601677185,-0.3000050990058082,0.0,0.2616991248528021,0.20625947821962798,-0.03674015514669644,-0.061699124852802115,-0.006259478219627957,0.03674015514669644,0.2,0.2,0.0,0.3352301348392758,-0.33489412604713575,False
0,378,0.09320182042090709,-0.8212271245505238,1.6230363512178039,1.9000906601677185,-0.3000050990058082,0.0,0.2616991248528021,0.20625947821962798,-0.03674015514669644,0.3598308861255646,0.9170353412628174,0.8006370663642883,0.6717226505279541,-0.0719786286354065,-0.1662662923336029,0.09302013743400532,-0.8207407861362713,1.6230308973299261,1.9004459755160032,-0.29981996434000985,0.0,0.2617868706248251,0.20624752475177524,-0.036827338596303646,-0.06178687062482506,-0.006247524751775229,0.036827338596303646,0.2,0.2,0.0,0.3353008499331009,-0.33671515180960315,False
0,379,0.09302013743400532,-0.8207407861362713,1.6230308973299261,1.9004459755160032,-0.29981996434000985,0.0,0.2617868706248251,0.20624752475177524,-0.036827338596303646,-0.5952028036117554,0.9406263828277588,0.8977119326591492,0.7914966344833374,0.06970767676830292,0.26974087953567505,0.09307208328030386,-0.8200431196236437,1.6228402143743064,1.9009815706128481,-0.2998457627597996,0.0,0.2618244339662462,0.20626149703476626,-0.03691213279684217,-0.06182443396624622,-0.006261497034766238,0.03691213279684217,0.2,0.2,0.0,0.33534809516140063,-0.33629299972739546,False
0,380,0.09307208328030386,-0.8200431196236437,1.6228402143743064,1.9009815706128481,-0.2998457627597996,0.0,0.2618244339662462,0.20626149703476626,-0.03691213279684217,-0.10449200868606567,0.9428358674049377,0.8951931595802307,0.8445133566856384,0.1551094651222229,-0.30656877160072327,0.09307208328030386,-0.8200431196236437,1.6228402143743064,1.9009815706128481,-0.2998457627597996,0.0,0.2619774165473756,0.20624873469774915,-0.037201864435180185,-0.06197741654737561,-0.006248734697749139,0.037201864435180185,0.2,0.2,0.0,0.33549170788964844,-0.33836396245460465,False
0,381,0.09307208328030386,-0.8200431196236437,1.6228402143743064,1.9009815706128481,-0.2998457627597996,0.0,0.2619774165473756,0.20624873469774915,-0.037201864435180185,-0.037035610526800156,0.9384177327156067,0.8073116540908813,0.4668755531311035,0.5053507089614868,-0.03997300565242767,0.09307208328030386,-0.8200431196236437,1.6228402143743064,1.9009815706128481,-0.2998457627597996,0.0,0.2619774165473756,0.20624873469774915,-0.037201864435180185,-0.06197741654737561,-0.006248734697749139,0.037201864435180185,0.2,0.2,0.0,0.33549170788964844,-0.33549170788964844,False
0,382,0.09307208328030386,-0.8200431196236437,1.6228402143743064,1.9009815706128481,-0.2998457627597996,0.0,0.2619774165473756,0.20624873469774915,-0.037201864435180185,-0.07177859544754028,0.8530778884887695,0.8241926431655884,0.671238362789154,0.07010400295257568,-0.6689299941062927,0.09250526992333355,-0.8165672710587425,1.622747545892684,1.9039495419655892,-0.2992925830960945,0.0,0.26211763854901204,0.2062563100139389,-0.037362143183789207,-0.06211763854901205,-0.006256310013938893,0.037362143183789207,0.2,0.2,0.0,0.3356236755688766,-0.3382630291534403,False
0,383,0.09250526992333355,-0.8165672710587425,1.622747545892684,1.9039495419655892,-0.2992925830960945,0.0,0.26211763854901204,0.2062563100139389,-0.037362143183789207,-0.6142574548721313,0.9046531319618225,0.8430216312408447,0.5089218020439148,0.10157801955938339,0.08002784103155136,0.09250526992333355,-0.8165672710587425,1.622747545892684,1.9039495419655892,-0.2992925830960945,0.0,0.26247750210692533,0.20627641460244023,-0.037861646127714865,-0.062477502106925334,-0.006276414602440229,0.037861646127714865,0.2,0.2,0.0,0.33597306823766265,-0.34296092161338326,False
0,384,0.09250526992333355,-0.8165672710587425,1.622747545892684,1.9039495419655892,-0.2992925830960945,0.0,0.26247750210692533,0.20627641460244023,-0.037861646127714865,0.21554328501224518,0.952717661857605,0.8816455006599426,0.8849611878395081,0.21468712389469147,-0.2969135046005249,0.09518826030433582,-0.8018666464048937,1.6230520024516735,1.9172869679762963,-0.2962733167761354,0.0,0.26342488734855646,0.20648597944490804,-0.0393189214735249,-0.06342488734855646,-0.0064859794449080195,0.0393189214735249,0.2,0.2,0.0,0.33700906303505235,-0.35772895898284623,False
0,385,0.09518826030433582,-0.8018666464048937,1.6230520024516735,1.9172869679762963,-0.2962733167761354,0.0,0.26342488734855646,0.20648597944490804,-0.0393189214735249,0.16756728291511536,0.9213292002677917,0.6945272088050842,-0.19041799008846283,0.13296924531459808,-0.35119593143463135,0.09518826030433582,-0.8018666464048937,1.6230520024516735,1.9172869679762963,-0.2962733167761354,0.0,0.26433480942218057,0.20669806294219503,-0.040635882147640454,-0.06433480942218053,-0.006698062942195031,0.040635882147640454,0.2,0.2,0.0,0.3380062952287029,-0.357950939101714,False
0,386,0.09518826030433582,-0.8018666464048937,1.6230520024516735,1.9172869679762963,-0.2962733167761354,0.0,0.26433480942218057,0.20669806294219503,-0.040635882147640454,-0.018370795994997025,0.9747357964515686,0.8116868138313293,0.19534151256084442,0.022493695840239525,-0.18965743482112885,0.09518826030433582,-0.8018666464048937,1.6230520024516735,1.9172869679762963,-0.2962733167761354,0.0,0.26430294799189014,0.20670917044602516,-0.040961347262707185,-0.0643029479918901,-0.006709170446025162,0.040961347262707185,0.2,0.2,0.0,0.33802745662632755,-0.3384506845788205,False
0,387,0.09518826030433582,-0.8018666464048937,1.6230520024516735,1.9172869679762963,-0.2962733167761354,0.0,0.26430294799189014,0.20670917044602516,-0.040961347262707185,-0.7342413067817688,0.9754441380500793,0.7069498300552368,0.42620041966438293,0.06125054135918617,-0.5053666830062866,0.09617728079180338,-0.7818908322708334,1.618561734121952,1.9225207567536735,-0.29488090742059386,0.0,0.264402823309437,0.20666512992824404,-0.04132173371333189,-0.064402823309437,-0.006665129928244022,0.04132173371333189,0.2,0.2,0.0,0.3381224845811572,-0.34002304367774977,False
0,388,0.09617728079180338,-0.7818908322708334,1.618561734121952,1.9225207567536735,-0.29488090742059386,0.0,0.264402823309437,0.20666512992824404,-0.04132173371333189,-0.5935285091400146,0.9130985736846924,0.6807787418365479,0.6977412700653076,-0.06379273533821106,-0.6279149055480957,0.09595091879904963,-0.7812589869393282,1.6185387058230931,1.922691156172315,-0.2949263735255221,0.0,0.2643953853456953,0.2066587067466832,-0.04134574513766808,-0.06439538534569529,-0.006658706746683209,0.04134574513766808,0.2,0.2,0.0,0.33811567770113726,-0.33797954010073894,False
0,389,0.09595091879904963,-0.7812589869393282,1.6185387058230931,1.922691156172315,-0.2949263735255221,0.0,0.2643953853456953,0.2066587067466832,-0.04134574513766808,0.4971544146537781,0.9358108043670654,0.817236065864563,0.6759597659111023,0.16112498939037323,0.725321888923645,0.09556545869400757,-0.7805703400275619,1.6184283764079133,1.9232224077806603,-0.294960921514384,0.0,0.26442428866928364,0.2066333414396001,-0.041456461673394715,-0.06442428866928362,-0.006633341439600097,0.041456461673394715,0.2,0.2,0.0,0.3381363341127786,-0.3385494623456054,False
0,390,0.09556545869400757,-0.7805703400275619,1.6184283764079133,1.9232224077806603,-0.294960921514384,0.0,0.26442428866928364,0.2066333414396001,-0.041456461673394715,-0.4213736057281494,0.9497876167297363,0.5656694173812866,0.8357646465301514,0.20523113012313843,-0.35010120272636414,0.09556545869400757,-0.7805703400275619,1.6184283764079133,1.9232224077806603,-0.294960921514384,0.0,0.26448888186067976,0.20664539673648089,-0.04152567151419118,-0.06448888186067975,-0.0066453967364808655,0.04152567151419118,0.2,0.2,0.0,0.338202705511051,-0.3395301334764995,False
0,391,0.09556545869400757,-0.7805703400275619,1.6184283764079133,1.9232224077806603,-0.294960921514384,0.0,0.26448888186067976,0.20664539673648089,-0.04152567151419118,0.3276600241661072,0.6215740442276001,0.7612735033035278,0.4692479372024536,-0.17014069855213165,0.19358812272548676,0.09571925199125988,-0.780300726638535,1.618400982295135,1.9234166803150308,-0.2949123446039444,0.0,0.26462725478610466,0.20662909722570133,-0.04171098324391805,-0.06462725478610466,-0.00662909722570133,0.04171098324391805,0.2,0.2,0.0,0.3383237708454916,-0.34074507753430283,False
0,392,0.09571925199125988,-0.780300726638535,1.618400982295135,1.9234166803150308,-0.2949123446039444,0.0,0.26462725478610466,0.20662909722570133,-0.04171098324391805,-0.738855242729187,0.9432539343833923,0.6694285869598389,0.22864295542240143,-0.10211633145809174,-0.5232135653495789,0.09494875315882695,-0.778570491949634,1.6187377300589254,1.9249015694861134,-0.29457425864902453,0.0,0.26462725478610466,0.20662909722570133,-0.04171098324391805,-0.06462725478610466,-0.00662909722570133,0.04171098324391805,0.2,0.2,0.0,0.3383237708454916,-0.3383237708454916,False
0,393,0.09494875315882695,-0.778570491949634,1.6187377300589254,1.9249015694861134,-0.29457425864902453,0.0,0.26462725478610466,0.20662909722570133,-0.04171098324391805,0.030570723116397858,0.9334608316421509,0.4943268597126007,0.28887391090393066,0.33162450790405273,-0.6366381645202637,0.0945708297493796,-0.7780436045054667,1.6185200343676904,1.9250139609494865,-0.29461462645358416,0.0,0.26467451569111927,0.2066143757910736,-0.041780285485798284,-0.06467451569111925,-0.006614375791073615,0.041780285485798284,0.2,0.2,0.0,0.33836029878686763,-0.33909085761438845,False
0,394,0.0945708297493796,-0.7780436045054667,1.6185200343676904,1.9250139609494865,-0.29461462645358416,0.0,0.26467451569111927,0.2066143757910736,-0.041780285485798284,-0.18831460177898407,0.9625763893127441,0.6357609629631042,0.5335863828659058,-0.22177568078041077,0.4637584090232849,0.0945708297493796,-0.7780436045054667,1.6185200343676904,1.9250139609494865,-0.29461462645358416,0.0,0.26469724070161893,0.2066090472411906,-0.04184389842077814,-0.06469724070161895,-0.0066090472411906,0.04184389842077814,0.2,0.2,0.0,0.33838268199187105,-0.3388303460919394,False
0,395,0.0945708297493796,-0.7780436045054667,1.6185200343676904,1.9250139609494865,-0.29461462645358416,0.0,0.26469724070161893,0.2066090472411906,-0.04184389842077814,-0.18225641548633575,0.9716631174087524,0.705316960811615,0.5443934202194214,0.19674506783485413,-0.5034373998641968,0.09392595077616116,-0.7734840180405206,1.6182030804198555,1.9273461053174459,-0.2935901381646766,0.0,0.26472834785811217,0.20661162059899885,-0.041910462391925744,-0.06472834785811218,-0.006611620598998827,0.041910462391925744,0.2,0.2,0.0,0.3384168240264294,-0.33909966471759684,False
0,396,0.09392595077616116,-0.7734840180405206,1.6182030804198555,1.9273461053174459,-0.2935901381646766,0.0,0.26472834785811217,0.20661162059899885,-0.041910462391925744,0.09901843219995499,0.92217618227005,0.6235473155975342,0.36020582914352417,-0.15870514512062073,-0.3685849905014038,0.09392595077616116,-0.7734840180405206,1.6182030804198555,1.9273461053174459,-0.2935901381646766,0.0,0.26515302272780017,0.20658886809109978,-0.04261213780563539,-0.06515302272780013,-0.006588868091099764,0.04261213780563539,0.2,0.2,0.0,0.33882278578811315,-0.34694202102178767,False
0,397,0.09392595077616116,-0.7734840180405206,1.6182030804198555,1.9273461053174459,-0.2935901381646766,0.0,0.26515302272780017,0.20658886809109978,-0.04261213780563539,-0.12941111624240875,0.979697585105896,0.4434414803981781,0.7403757572174072,0.33062639832496643,-0.8070827722549438,0.09392595077616116,-0.7734840180405206,1.6182030804198555,1.9273461053174459,-0.2935901381646766,0.0,0.265360624701,0.20660968812352515,-0.04291905113087062,-0.06536062470100003,-0.006609688123525134,0.04291905113087062,0.2,0.2,0.0,0.3390366784260659,-0.3433145311851207,False
0,398,0.09392595077616116,-0.7734840180405206,1.6182030804198555,1.9273461053174459,-0.2935901381646766,0.0,0.265360624701,0.20660968812352515,-0.04291905113087062,-0.5692656636238098,0.8665909171104431,0.7668143510818481,0.4106788635253906,0.051234904676675797,0.7336424589157104,0.09392595077616116,-0.7734840180405206,1.6182030804198555,1.9273461053174459,-0.2935901381646766,0.0,0.265494134009152,0.20658483427376917,-0.043153545777309586,-0.065494134009152,-0.006584834273769149,0.043153545777309586,0.2,0.2,0.0,0.33915580115684973,-0.3415382557725267,False
0,399,0.09392595077616116,-0.7734840180405206,1.6182030804198555,1.9273461053174459,-0.2935901381646766,0.0,0.265494134009152,0.20658483427376917,-0.043153545777309586,0.5163722634315491,0.6770261526107788,0.8423283696174622,0.678276538848877,-0.22722895443439484,0.5643370151519775,0.09198033277676677,-0.7655329721823725,1.617951691246555,1.9318684552091945,-0.2924777399197952,0.0,0.2655874182846347,0.20655067226929555,-0.043250534972071986,-0.0655874182846347,-0.0065506722692955325,0.043250534972071986,0.2,0.2,0.0,0.33922037931316257,-0.34051194243941924,False
0,400,0.09198033277676677,-0.7655329721823725,1.617951691246555,1.9318684552091945,-0.2924777399197952,0.0,0.2655874182846347,0.20655067226929555,-0.043250534972071986,-0.26019176840782166,0.9611268639564514,0.724624752998352,0.5493912696838379,0.04805894196033478,0.35114914178848267,0.09198033277676677,-0.7655329721823725,1.617951691246555,1.9318684552091945,-0.2924777399197952,0.0,0.2655982800059279,0.20655226485792513,-0.04330471679139522,-0.06559828000592788,-0.0065522648579251185,0.04330471679139522,0.2,0.2,0.0,0.33923676533717373,-0.33956448581739695,False
0,401,0.09198033277676677,-0.7655329721823725,1.617951691246555,1.9318684552091945,-0.2924777399197952,0.0,0.2655982800059279,0.20655226485792513,-0.04330471679139522,-0.3072167634963989,0.9451714754104614,0.36689573526382446,0.5850260257720947,0.23379328846931458,0.56777024269104,0.09198033277676677,-0.7655329721823725,1.617951691246555,1.9318684552091945,-0.2924777399197952,0.0,0.2657423021000547,0.20654530617658917,-0.043465618954191376,-0.06574230210005465,-0.006545306176589147,0.043465618954191376,0.2,0.2,0.0,0.3393658713838041,-0.3419479923164112,False
0,402,0.09198033277676677,-0.7655329721823725,1.617951691246555,1.9318684552091945,-0.2924777399197952,0.0,0.2657423021000547,0.20654530617658917,-0.043465618954191376,-0.23541341722011566,0.979973554611206,0.5250281691551208,0.7584166526794434,-0.0017209184588864446,-0.06174313649535179,0.09198033277676677,-0.7655329721823725,1.617951691246555,1.9318684552091945,-0.2924777399197952,0.0,0.2665588711341324,0.20644558049596573,-0.04473398601486754,-0.0665588711341324,-0.006445580495965728,0.04473398601486754,0.2,0.2,0.0,0.3401095984993626,-0.3549841408105333,False
0,403,0.09198033277676677,-0.7655329721823725,1.617951691246555,1.9318684552091945,-0.2924777399197952,0.0,0.2665588711341324,0.20644558049596573,-0.04473398601486754,-0.2460547238588333,0.9854385852813721,0.6438300013542175,0.38656899333000183,0.1647360622882843,0.6359372735023499,0.09198033277676677,-0.7655329721823725,1.617951691246555,1.9318684552091945,-0.2924777399197952,0.0,0.2667844766750906,0.20643063608598228,-0.04504448508006581,-0.06678447667509056,-0.006430636085982273,0.04504448508006581,0.2,0.2,0.0,0.3403183364818791,-0.3444930961322085,False
0,404,0.09198033277676677,-0.7655329721823725,1.617951691246555,1.9318684552091945,-0.2924777399197952,0.0,0.2667844766750906,0.20643063608598228,-0.04504448508006581,-0.6912718415260315,0.8353986144065857,0.652193009853363,0.5625683069229126,-0.2721368968486786,0.01930338330566883,0.09198033277676677,-0.7655329721823725,1.617951691246555,1.9318684552091945,-0.2924777399197952,0.0,0.2669185665498419,0.2063822306667835,-0.045423898600474674,-0.0669185665498419,-0.006382230666783475,0.045423898600474674,0.2,0.2,0.0,0.3404445283274296,-0.34296836523843993,False
0,405,0.09198033277676677,-0.7655329721823725,1.617951691246555,1.9318684552091945,-0.2924777399197952,0.0,0.2669185665498419,0.2063822306667835,-0.045423898600474674,-0.8522863984107971,0.8650774955749512,0.507786750793457,0.7673956155776978,-0.6713868379592896,-0.3524092435836792,0.08641760021306966,-0.7457631423688482,1.6171795906098667,1.9416763476151195,-0.2894472581454267,0.0,0.2669456860643534,0.20636429142024504,-0.04545627833414414,-0.06694568606435342,-0.006364291420245032,0.04545627833414414,0.2,0.2,0.0,0.34045923885501966,-0.3407534494068208,False
0,406,0.08641760021306966,-0.7457631423688482,1.6171795906098667,1.9416763476151195,-0.2894472581454267,0.0,0.2669456860643534,0.20636429142024504,-0.04545627833414414,-0.5161276459693909,0.9513464570045471,0.6078541278839111,0.4567960202693939,-0.1754641979932785,-0.1718541979789734,0.08561996701925997,-0.7453101210731969,1.6173362559310462,1.9421453524984893,-0.289940842120707,0.0,0.2669801687214135,0.2063353008142017,-0.04549989568181009,-0.06698016872141352,-0.006335300814201694,0.04549989568181009,0.2,0.2,0.0,0.34047453261537364,-0.3407804078224531,False
0,407,0.08561996701925997,-0.7453101210731969,1.6173362559310462,1.9421453524984893,-0.289940842120707,0.0,0.2669801687214135,0.2063353008142017,-0.04549989568181009,-0.8894069194793701,0.9664616584777832,0.6651605367660522,0.9323501586914062,-0.5685796141624451,0.43951767683029175,0.08541662422915158,-0.7449201361967234,1.6173742994008584,1.9423287592066367,-0.29000630393251436,0.0,0.2670526295649286,0.20631689566822875,-0.045579083083621824,-0.06705262956492855,-0.0063168956682287366,0.045579083083621824,0.2,0.2,0.0,0.3405307933366107,-0.3416560077613516,False
0,408,0.08541662422915158,-0.7449201361967234,1.6173742994008584,1.9423287592066367,-0.29000630393251436,0.0,0.2670526295649286,0.20631689566822875,-0.045579083083621824,-0.6902211904525757,0.9383580088615417,0.7903122305870056,0.45761799812316895,-0.15687130391597748,0.7387070655822754,0.0845834140528568,-0.7440217546886946,1.6175698815619208,1.9432034361667723,-0.29049063176478535,0.0,0.26716989759320803,0.20627967363268399,-0.04573066130198593,-0.06716989759320803,-0.006279673632683981,0.04573066130198593,0.2,0.2,0.0,0.34062053860137215,-0.34241544389660145,False
0,409,0.0845834140528568,-0.7440217546886946,1.6175698815619208,1.9432034361667723,-0.29049063176478535,0.0,0.26716989759320803,0.20627967363268399,-0.04573066130198593,-0.48580750823020935,0.9507029056549072,0.6306281089782715,0.5701934695243835,-0.5472177267074585,0.2801257371902466,0.0845834140528568,-0.7440217546886946,1.6175698815619208,1.9432034361667723,-0.29049063176478535,0.0,0.26760686126019506,0.2061775528442856,-0.04623461631493093,-0.06760686126019506,-0.006177552844285594,0.04623461631493093,0.2,0.2,0.0,0.34096958110098374,-0.34795043109321566,False
0,410,0.0845834140528568,-0.7440217546886946,1.6175698815619208,1.9432034361667723,-0.29049063176478535,0.0,0.26760686126019506,0.2061775528442856,-0.04623461631493093,-0.603583574295044,0.878294825553894,0.7340480089187622,0.65791916847229,-0.053588949143886566,-0.0703236386179924,0.0845834140528568,-0.7440217546886946,1.6175698815619208,1.9432034361667723,-0.29049063176478535,0.0,0.26857363262545597,0.2059378005459032,-0.04747699822369966,-0.06857363262545599,-0.00593780054590318,0.04747699822369966,0.2,0.2,0.0,0.3417546476577177,-0.35745597879239643,False
0,411,0.0845834140528568,-0.7440217546886946,1.6175698815619208,1.9432034361667723,-0.29049063176478535,0.0,0.26857363262545597,0.2059378005459032,-0.04747699822369966,-0.5379663705825806,0.9239014387130737,0.6990541219711304,0.7605737447738647,-0.17932288348674774,0.7334527969360352,0.0845834140528568,-0.7440217546886946,1.6175698815619208,1.9432034361667723,-0.29049063176478535,0.0,0.26963948960759976,0.20569067932565413,-0.04871475496406356,-0.06963948960759976,-0.005690679325654108,0.04871475496406356,0.2,0.2,0.0,0.34261820918991553,-0.3598894398338726,False
0,412,0.0845834140528568,-0.7440217546886946,1.6175698815619208,1.9432034361667723,-0.29049063176478535,0.0,0.26963948960759976,0.20569067932565413,-0.04871475496406356,-0.33876118063926697,0.9743349552154541,0.8351913690567017,0.8174738883972168,-0.14367590844631195,0.8322156667709351,0.0845834140528568,-0.7440217546886946,1.6175698815619208,1.9432034361667723,-0.29049063176478535,0.0,0.2702859449326674,0.20566620817237186,-0.04933994104017119,-0.07028594493266739,-0.005666208172371834,0.04933994104017119,0.2,0.2,0.0,0.3432018516762313,-0.3548747014025465,False
0,413,0.0845834140528568,-0.7440217546886946,1.6175698815619208,1.9432034361667723,-0.29049063176478535,0.0,0.2702859449326674,0.20566620817237186,-0.04933994104017119,0.004433483816683292,0.9650455713272095,0.5554144382476807,0.20962469279766083,-0.5023453831672668,0.26098886132240295,0.07129195972404323,-0.7194240233416082,1.6244023538080103,1.9619866059734115,-0.2945566971521135,0.0,0.27022995732774674,0.2058231624080307,-0.0494023020686046,-0.07022995732774673,-0.005823162408030689,0.0494023020686046,0.2,0.2,0.0,0.343260821345338,-0.34444021472747155,False
0,414,0.07129195972404323,-0.7194240233416082,1.6244023538080103,1.9619866059734115,-0.2945566971521135,0.0,0.27022995732774674,0.2058231624080307,-0.0494023020686046,0.8027761578559875,0.857932448387146,0.7209198474884033,0.9454140067100525,-0.3380621671676636,0.2740204632282257,0.07366814640615017,-0.7186175566364456,1.6240306563910583,1.9617817576404482,-0.2946069458627765,0.0,0.27020936666113793,0.20588653171496238,-0.04941499656847234,-0.07020936666113793,-0.005886531714962376,0.04941499656847234,0.2,0.2,0.0,0.3432844413294777,-0.3437568410122726,False
0,415,0.07366814640615017,-0.7186175566364456,1.6240306563910583,1.9617817576404482,-0.2946069458627765,0.0,0.27020936666113793,0.20588653171496238,-0.04941499656847234,-0.7703151702880859,0.9546180367469788,0.6613701581954956,0.703647792339325,-0.18950039148330688,0.6379683017730713,0.07375404652242999,-0.7185183469502884,1.623937564389583,1.9618957594699626,-0.2946125922875054,0.0,0.27038808153751975,0.2059478281909708,-0.04960415305157577,-0.07038808153751974,-0.005947828190970772,0.04960415305157577,0.2,0.2,0.0,0.34348914768021743,-0.3475832746950117,False
0,416,0.07375404652242999,-0.7185183469502884,1.623937564389583,1.9618957594699626,-0.2946125922875054,0.0,0.27038808153751975,0.2059478281909708,-0.04960415305157577,0.3593631684780121,0.909841775894165,0.7399314641952515,0.5391985774040222,-0.173953115940094,0.8237876892089844,0.07375404652242999,-0.7185183469502884,1.623937564389583,1.9618957594699626,-0.2946125922875054,0.0,0.27072530846171317,0.20593782336668837,-0.04994659672733093,-0.07072530846171315,-0.005937823366688367,0.04994659672733093,0.2,0.2,0.0,0.34379825808072634,-0.34998046609090444,False
0,417,0.07375404652242999,-0.7185183469502884,1.623937564389583,1.9618957594699626,-0.2946125922875054,0.0,0.27072530846171317,0.20593782336668837,-0.04994659672733093,-0.8413153886795044,0.986015796661377,0.7035326957702637,0.8388066291809082,-0.003988960292190313,0.003569416468963027,0.07375404652242999,-0.7185183469502884,1.623937564389583,1.9618957594699626,-0.2946125922875054,0.0,0.2708220308677335,0.20588392699335933,-0.05010795562368289,-0.0708220308677335,-0.005883926993359332,0.05010795562368289,0.2,0.2,0.0,0.3438656293006259,-0.34521305369861754,False
0,418,0.07375404652242999,-0.7185183469502884,1.623937564389583,1.9618957594699626,-0.2946125922875054,0.0,0.2708220308677335,0.20588392699335933,-0.05010795562368289,0.5231707096099854,0.9555277228355408,0.6321221590042114,0.6965482831001282,-0.30825600028038025,-0.562751293182373,0.07375404652242999,-0.7185183469502884,1.623937564389583,1.9618957594699626,-0.2946125922875054,0.0,0.2714278538947101,0.2057727821967363,-0.05075402654090268,-0.07142785389471006,-0.005772782196736293,0.05075402654090268,0.2,0.2,0.0,0.344371150030005,-0.3544815646175869,False
0,419,0.07375404652242999,-0.7185183469502884,1.623937564389583,1.9618957594699626,-0.2946125922875054,0.0,0.2714278538947101,0.2057727821967363,-0.05075402654090268,-0.6733128428459167,0.8687742948532104,0.5481607913970947,0.7537215352058411,-0.05741279944777489,-0.6293936967849731,0.07375404652242999,-0.7185183469502884,1.623937564389583,1.9618957594699626,-0.2946125922875054,0.0,0.2716298789215942,0.205798860962584,-0.05096916080111176,-0.07162987892159417,-0.005798860962584014,0.05096916080111176,0.2,0.2,0.0,0.34457773817997367,-0.3487095011793468,False
0,420,0.07375404652242999,-0.7185183469502884,1.623937564389583,1.9618957594699626,-0.2946125922875054,0.0,0.2716298789215942,0.205798860962584,-0.05096916080111176,-0.39422163367271423,0.8589789867401123,0.7445650696754456,0.7445393204689026,-0.19348856806755066,-0.42679619789123535,0.07375404652242999,-0.7185183469502884,1.623937564389583,1.9618957594699626,-0.2946125922875054,0.0,0.27232520830440976,0.20562183237838488,-0.05169044001923115,-0.07232520830440978,-0.005621832378384884,0.05169044001923115,0.2,0.2,0.0,0.3451278873375296,-0.35613087048864783,False
0,421,0.07375404652242999,-0.7185183469502884,1.623937564389583,1.9618957594699626,-0.2946125922875054,0.0,0.27232520830440976,0.20562183237838488,-0.05169044001923115,0.3785947561264038,0.8771089911460876,0.746002197265625,0.9173018932342529,-0.3235214352607727,-0.008246843703091145,0.0665961092256142,-0.7045174443822546,1.631355884182862,1.9738489669419341,-0.29654214542245894,0.0,0.2724513197280768,0.20561536956422685,-0.05180011293047563,-0.07245131972807675,-0.005615369564226836,0.05180011293047563,0.2,0.2,0.0,0.34523999409427397,-0.3474821292291618,False
0,422,0.0665961092256142,-0.7045174443822546,1.631355884182862,1.9738489669419341,-0.29654214542245894,0.0,0.2724513197280768,0.20561536956422685,-0.05180011293047563,0.5175941586494446,0.7120679616928101,0.5723918676376343,0.7347955107688904,0.2807021141052246,0.06540260463953018,0.06684739001293871,-0.7043309394637716,1.6313545607875364,1.9740756316931003,-0.2965807399425614,0.0,0.2724513197280768,0.20561536956422685,-0.05180011293047563,-0.07245131972807675,-0.005615369564226836,0.05180011293047563,0.2,0.2,0.0,0.34523999409427397,-0.34523999409427397,False
0,423,0.06684739001293871,-0.7043309394637716,1.6313545607875364,1.9740756316931003,-0.2965807399425614,0.0,0.2724513197280768,0.20561536956422685,-0.05180011293047563,-0.15946631133556366,0.9091697931289673,0.6653674244880676,0.7183048129081726,-0.4510190784931183,0.11613645404577255,0.06698756030048361,-0.7040680449929745,1.631564731772223,1.9743332190759422,-0.2965241873349341,0.0,0.2724817221954819,0.20563658878871846,-0.05185471885180159,-0.07248172219548189,-0.005636588788718444,0.05185471885180159,0.2,0.2,0.0,0.34528482075885647,-0.34618135405050643,False
0,424,0.06698756030048361,-0.7040680449929745,1.631564731772223,1.9743332190759422,-0.2965241873349341,0.0,0.2724817221954819,0.20563658878871846,-0.05185471885180159,-0.15467135608196259,0.9287371635437012,0.6074164509773254,0.5990087389945984,-0.23001982271671295,-0.17807476222515106,0.06688039919005052,-0.7034814576768414,1.6319892316296898,1.9747872998823852,-0.2968061223348827,0.0,0.2726154285891974,0.20564429108138696,-0.051978044035848395,-0.07261542858919738,-0.005644291081386945,0.051978044035848395,0.2,0.2,0.0,0.3454134673417216,-0.3479863989990247,False
0,425,0.06688039919005052,-0.7034814576768414,1.6319892316296898,1.9747872998823852,-0.2968061223348827,0.0,0.2726154285891974,0.20564429108138696,-0.051978044035848395,-0.016151033341884613,0.8085858821868896,0.707694411277771,0.6270396709442139,-0.318488210439682,-0.17060486972332,0.06683254386268253,-0.7030234123176076,1.6321767255013542,1.9751068872283184,-0.29693119143515917,0.0,0.27268419778741176,0.20564533312503447,-0.052055186864375214,-0.07268419778741177,-0.0056453331250344504,0.052055186864375214,0.2,0.2,0.0,0.3454799809519442,-0.3468102531563959,False
0,426,0.06683254386268253,-0.7030234123176076,1.6321767255013542,1.9751068872283184,-0.29693119143515917,0.0,0.27268419778741176,0.20564533312503447,-0.052055186864375214,0.4407021403312683,0.9447358846664429,0.674950122833252,0.6415600776672363,-0.20584377646446228,0.6581129431724548,0.06687864303969626,-0.7025351877201321,1.6324299031138494,1.9754752127254391,-0.29709666852346667,0.0,0.27268419778741176,0.20564533312503447,-0.052055186864375214,-0.07268419778741177,-0.0056453331250344504,0.052055186864375214,0.2,0.2,0.0,0.3454799809519442,-0.3454799809519442,False
0,427,0.06687864303969626,-0.7025351877201321,1.6324299031138494,1.9754752127254391,-0.29709666852346667,0.0,0.27268419778741176,0.20564533312503447,-0.052055186864375214,0.17788191139698029,0.9747147560119629,0.7182333469390869,0.7698532938957214,-0.4610975384712219,0.5232633352279663,0.06712273784086906,-0.7019855028192603,1.632743080786795,1.975854105645535,-0.29722437154125586,0.0,0.2728049607613497,0.20566426251279096,-0.05217602251873679,-0.0728049607613497,-0.005664262512790945,0.05217602251873679,0.2,0.2,0.0,0.3456047928151568,-0.3481010300794091,False
0,428,0.06712273784086906,-0.7019855028192603,1.632743080786795,1.975854105645535,-0.29722437154125586,0.0,0.2728049607613497,0.20566426251279096,-0.05217602251873679,-0.5200156569480896,0.8900941014289856,0.7418306469917297,0.3833290636539459,0.05732869356870651,-0.6605408191680908,0.06704739950880556,-0.7014941963223159,1.6329788296252108,1.9761665899724457,-0.2973444661438851,0.0,0.2729126550067008,0.20567761290730457,-0.052279298108222766,-0.07291265500670079,-0.0056776129073045556,0.052279298108222766,0.2,0.2,0.0,0.3457133534081985,-0.3478845652690315,False
0,429,0.06704739950880556,-0.7014941963223159,1.6329788296252108,1.9761665899724457,-0.2973444661438851,0.0,0.2729126550067008,0.20567761290730457,-0.052279298108222766,0.5943846106529236,0.9161255955696106,0.5455073118209839,0.6263595819473267,0.4074647128582001,0.6964482069015503,0.06686862522486363,-0.7010784798975965,1.633018868720312,1.9763577789114233,-0.2973005519941828,0.0,0.2729126550067008,0.20567761290730457,-0.052279298108222766,-0.07291265500670079,-0.0056776129073045556,0.052279298108222766,0.2,0.2,0.0,0.3457133534081985,-0.3457133534081985,False
0,430,0.06686862522486363,-0.7010784798975965,1.633018868720312,1.9763577789114233,-0.2973005519941828,0.0,0.2729126550067008,0.20567761290730457,-0.052279298108222766,-0.7182875871658325,0.9291583895683289,0.656234860420227,0.7325137853622437,-0.22338081896305084,0.7432196736335754,0.06686862522486363,-0.7010784798975965,1.633018868720312,1.9763577789114233,-0.2973005519941828,0.0,0.2732733149809313,0.20562698641777752,-0.052679285492620576,-0.07327331498093129,-0.005626986417777513,0.052679285492620576,0.2,0.2,0.0,0.34602871173348776,-0.3523358782392734,False
0,431,0.06686862522486363,-0.7010784798975965,1.633018868720312,1.9763577789114233,-0.2973005519941828,0.0,0.2732733149809313,0.20562698641777752,-0.052679285492620576,0.07653297483921051,0.9791092872619629,0.8166264891624451,0.081330806016922,-0.1323871612548828,0.7280604839324951,0.06686862522486363,-0.7010784798975965,1.633018868720312,1.9763577789114233,-0.2973005519941828,0.0,0.27365472075448666,0.20558137514822733,-0.053065901563752155,-0.07365472075448663,-0.005581375148227319,0.053065901563752155,0.2,0.2,0.0,0.3463619463910926,-0.35302663954318897,False
0,432,0.06686862522486363,-0.7010784798975965,1.633018868720312,1.9763577789114233,-0.2973005519941828,0.0,0.27365472075448666,0.20558137514822733,-0.053065901563752155,0.04881446436047554,0.9524283409118652,0.7036243677139282,0.5865198373794556,-0.5271916389465332,-0.5271913409233093,0.06491746008356643,-0.6950467439328434,1.635121701283316,1.9792850946895741,-0.2981193418918062,0.0,0.27365472075448666,0.20558137514822733,-0.053065901563752155,-0.07365472075448663,-0.005581375148227319,0.053065901563752155,0.2,0.2,0.0,0.3463619463910926,-0.3463619463910926,False
0,433,0.06491746008356643,-0.6950467439328434,1.635121701283316,1.9792850946895741,-0.2981193418918062,0.0,0.27365472075448666,0.20558137514822733,-0.053065901563752155,0.7800690531730652,0.9631602168083191,0.7045615911483765,0.8208170533180237,-0.3365762531757355,-0.27180472016334534,0.06507692799785611,-0.6947444552425379,1.6352925547255086,1.9795187949521926,-0.29826000179666884,0.0,0.27364885998724053,0.2055903347725298,-0.05312104400631894,-0.07364885998724051,-0.0055903347725297856,0.05312104400631894,0.2,0.2,0.0,0.346371086611626,-0.3465538910222949,False
0,434,0.06507692799785611,-0.6947444552425379,1.6352925547255086,1.9795187949521926,-0.29826000179666884,0.0,0.27364885998724053,0.2055903347725298,-0.05312104400631894,-0.2663649320602417,0.9523462057113647,0.6395167112350464,0.8186706900596619,-0.2751990258693695,0.25971001386642456,0.065347735459702,-0.6941820962216935,1.6356942935172496,1.9799997384152614,-0.2984455373180462,0.0,0.2737593827166225,0.20562537790221544,-0.05323227270435686,-0.07375938271662247,-0.005625377902215424,0.05323227270435686,0.2,0.2,0.0,0.34649627778676945,-0.34900010128963793,False
0,435,0.065347735459702,-0.6941820962216935,1.6356942935172496,1.9799997384152614,-0.2984455373180462,0.0,0.2737593827166225,0.20562537790221544,-0.05323227270435686,0.056777503341436386,0.891336977481842,0.7222690582275391,0.6795016527175903,-0.10782688111066818,-0.09477723389863968,0.06516282239676185,-0.6933657117267146,1.6362640582706778,1.9806860400930564,-0.29865396557102203,0.0,0.2739039691436228,0.20562042209068518,-0.053379118744571644,-0.0739039691436228,-0.005620422090685178,0.053379118744571644,0.2,0.2,0.0,0.346630166908954,-0.34930794935264475,False
0,436,0.06516282239676185,-0.6933657117267146,1.6362640582706778,1.9806860400930564,-0.29865396557102203,0.0,0.2739039691436228,0.20562042209068518,-0.053379118744571644,0.8317996263504028,0.9238616824150085,0.6965883374214172,0.7029745578765869,0.02761514112353325,0.13519205152988434,0.0653384097057084,-0.6928461464294344,1.6365132303153398,1.9810808542613458,-0.2986900362847726,0.0,0.2739950543185079,0.20563793235927277,-0.05348125367406734,-0.07399505431850786,-0.005637932359272771,0.05348125367406734,0.2,0.2,0.0,0.34672827042303445,-0.34869034070464366,False
0,437,0.0653384097057084,-0.6928461464294344,1.6365132303153398,1.9810808542613458,-0.2986900362847726,0.0,0.2739950543185079,0.20563793235927277,-0.05348125367406734,0.507127046585083,0.9260735511779785,0.6737213730812073,0.7849541306495667,-0.23731787502765656,-0.439369261264801,0.06595447829423139,-0.6921488879077777,1.6370417588124175,1.9816162362806264,-0.2986837007285084,0.0,0.2739950543185079,0.20563793235927277,-0.05348125367406734,-0.07399505431850786,-0.005637932359272771,0.05348125367406734,0.2,0.2,0.0,0.34672827042303445,-0.34672827042303445,False
0,438,0.06595447829423139,-0.6921488879077777,1.6370417588124175,1.9816162362806264,-0.2986837007285084,0.0,0.2739950543185079,0.20563793235927277,-0.05348125367406734,0.12680770456790924,0.8983088135719299,0.8001406192779541,0.8153919577598572,0.022682858631014824,0.297233521938324,0.0661038073716809,-0.6918302217877639,1.6372820930952638,1.9818903580836325,-0.29875277412617723,0.0,0.27413813540090803,0.20568984778547283,-0.053619374284384944,-0.07413813540090804,-0.0056898477854728105,0.053619374284384944,0.2,0.2,0.0,0.34689345347202294,-0.3501971144517928,False
0,439,0.0661038073716809,-0.6918302217877639,1.6372820930952638,1.9818903580836325,-0.29875277412617723,0.0,0.27413813540090803,0.20568984778547283,-0.053619374284384944,-0.22462671995162964,0.9146239161491394,0.7581350803375244,0.5866763591766357,-0.15666750073432922,0.6281650066375732,0.06615415376249215,-0.6913048505208848,1.6377477385631651,1.9823530004442333,-0.2987483816914144,0.0,0.2742751331769107,0.20570883007656673,-0.05374835137236578,-0.07427513317691072,-0.005708830076566726,0.05374835137236578,0.2,0.2,0.0,0.3470329332007687,-0.3498225277756844,False
0,440,0.06615415376249215,-0.6913048505208848,1.6377477385631651,1.9823530004442333,-0.2987483816914144,0.0,0.2742751331769107,0.20570883007656673,-0.05374835137236578,0.33765625953674316,0.9215075373649597,0.8145245313644409,0.7713893055915833,0.3041440546512604,-0.3046031594276428,0.06615415376249215,-0.6913048505208848,1.6377477385631651,1.9823530004442333,-0.2987483816914144,0.0,0.27538443273903024,0.20592414344665028,-0.05489462269664666,-0.07538443273903025,-0.005924143446650259,0.05489462269664666,0.2,0.2,0.0,0.34821653931173524,-0.3718886615310656,False
0,441,0.06615415376249215,-0.6913048505208848,1.6377477385631651,1.9823530004442333,-0.2987483816914144,0.0,0.27538443273903024,0.20592414344665028,-0.05489462269664666,-0.0048433165065944195,0.9733740091323853,0.6671037673950195,0.6265620589256287,-0.24687178432941437,0.20831167697906494,0.06615415376249215,-0.6913048505208848,1.6377477385631651,1.9823530004442333,-0.2987483816914144,0.0,0.27599726298702476,0.20603890150552423,-0.05545580022146478,-0.07599726298702475,-0.006038901505524229,0.05545580022146478,0.2,0.2,0.0,0.34885794227469585,-0.3616860015339081,False
0,442,0.06615415376249215,-0.6913048505208848,1.6377477385631651,1.9823530004442333,-0.2987483816914144,0.0,0.27599726298702476,0.20603890150552423,-0.05545580022146478,0.01731974259018898,0.8774908781051636,0.8592408299446106,0.1244114562869072,0.14796432852745056,-0.4177114963531494,0.06971668999253221,-0.6811889395147749,1.645783618195527,1.9907391965676304,-0.29562335264148526,0.0,0.27615040765703747,0.2060666996593145,-0.055597747083660665,-0.07615040765703748,-0.006066699659314509,0.055597747083660665,0.2,0.2,0.0,0.3490181110464166,-0.3522214864808318,False
0,443,0.06971668999253221,-0.6811889395147749,1.645783618195527,1.9907391965676304,-0.29562335264148526,0.0,0.27615040765703747,0.2060666996593145,-0.055597747083660665,-0.13030296564102173,0.9798410534858704,0.6271620988845825,0.35670459270477295,-0.038768500089645386,-0.6717243790626526,0.06966357710471051,-0.6808547058085097,1.6457179611766857,1.990759560964028,-0.29561722950305497,0.0,0.27615040765703747,0.2060666996593145,-0.055597747083660665,-0.07615040765703748,-0.006066699659314509,0.055597747083660665,0.2,0.2,0.0,0.3490181110464166,-0.3490181110464166,False
0,444,0.06966357710471051,-0.6808547058085097,1.6457179611766857,1.990759560964028,-0.29561722950305497,0.0,0.27615040765703747,0.2060666996593145,-0.055597747083660665,0.15867584943771362,0.9304319024085999,0.4932907819747925,0.35282695293426514,-0.3015712797641754,-0.42267462611198425,0.06956416302705794,-0.6797237727892923,1.646089383330631,1.9911775100917084,-0.2957101718869026,0.0,0.276570150093962,0.20611165064816614,-0.05603052666077054,-0.07657015009396198,-0.0061116506481661255,0.05603052666077054,0.2,0.2,0.0,0.34944596202244443,-0.35800298154300086,False
0,445,0.06956416302705794,-0.6797237727892923,1.646089383330631,1.9911775100917084,-0.2957101718869026,0.0,0.276570150093962,0.20611165064816614,-0.05603052666077054,-0.8021532893180847,0.9308155179023743,0.8558125495910645,0.8867576718330383,-0.2569620907306671,0.21080349385738373,0.06978359951141246,-0.6785163162344958,1.64674105354148,1.9916358918373356,-0.296114185922277,0.0,0.276570150093962,0.20611165064816614,-0.05603052666077054,-0.07657015009396198,-0.0061116506481661255,0.05603052666077054,0.2,0.2,0.0,0.34944596202244443,-0.34944596202244443,False
0,446,0.06978359951141246,-0.6785163162344958,1.64674105354148,1.9916358918373356,-0.296114185922277,0.0,0.276570150093962,0.20611165064816614,-0.05603052666077054,-0.6251075267791748,0.9753056168556213,0.5292056202888489,0.6251401305198669,-0.21168960630893707,-0.9216733574867249,0.06988988576081911,-0.676016646254708,1.6479475172628093,1.9927755511119356,-0.2968819599670511,0.0,0.276687214117481,0.20613407807893044,-0.056173523192259094,-0.07668721411748099,-0.006134078078930421,0.056173523192259094,0.2,0.2,0.0,0.3495747950144213,-0.35215145485395843,False
0,447,0.06988988576081911,-0.676016646254708,1.6479475172628093,1.9927755511119356,-0.2968819599670511,0.0,0.276687214117481,0.20613407807893044,-0.056173523192259094,-0.4845360815525055,0.9442895650863647,0.6026498079299927,0.7761696577072144,-0.2413286566734314,0.0319538377225399,0.06975089219916324,-0.6758031418708708,1.648068783384939,1.9929246084452703,-0.2969290412406084,0.0,0.27677428451943276,0.20611338656093645,-0.05626065734910254,-0.07677428451943275,-0.006113386560936423,0.05626065734910254,0.2,0.2,0.0,0.34964552657829767,-0.3510601578558253,False
0,448,0.06975089219916324,-0.6758031418708708,1.648068783384939,1.9929246084452703,-0.2969290412406084,0.0,0.27677428451943276,0.20611338656093645,-0.05626065734910254,0.08997774869203568,0.9688953161239624,0.6922683119773865,0.6851480603218079,0.15219776332378387,0.30844154953956604,0.06962669777208619,-0.6753548852672566,1.6483683663178228,1.9932735312076264,-0.29697199592996326,0.0,0.27685636293678306,0.20610902952702703,-0.056349783769039555,-0.07685636293678307,-0.0061090295270270194,0.056349783769039555,0.2,0.2,0.0,0.34972228393680344,-0.3512574311069187,False
0,449,0.06962669777208619,-0.6753548852672566,1.6483683663178228,1.9932735312076264,-0.29697199592996326,0.0,0.27685636293678306,0.20610902952702703,-0.056349783769039555,0.7664759755134583,0.9243909120559692,0.7906639575958252,0.4215184152126312,0.389305979013443,-0.662382185459137,0.06973992669017726,-0.6746238849862717,1.6488990344101624,1.9937756561740827,-0.2968394414348781,0.0,0.27685636293678306,0.20610902952702703,-0.056349783769039555,-0.07685636293678307,-0.0061090295270270194,0.056349783769039555,0.2,0.2,0.0,0.34972228393680344,-0.34972228393680344,False
0,450,0.06973992669017726,-0.6746238849862717,1.6488990344101624,1.9937756561740827,-0.2968394414348781,0.0,0.27685636293678306,0.20610902952702703,-0.056349783769039555,0.24786880612373352,0.9634174704551697,0.5953717827796936,0.8673897385597229,-0.23894943296909332,-0.3192444443702698,0.06973992669017726,-0.6746238849862717,1.6488990344101624,1.9937756561740827,-0.2968394414348781,0.0,0.2771556785145541,0.20616647938113186,-0.05667153181330194,-0.07715567851455406,-0.006166479381131856,0.05667153181330194,0.2,0.2,0.0,0.3500450683431201,-0.35650075646945345,False
0,451,0.06973992669017726,-0.6746238849862717,1.6488990344101624,1.9937756561740827,-0.2968394414348781,0.0,0.2771556785145541,0.20616647938113186,-0.05667153181330194,0.25145626068115234,0.8537487983703613,0.8360852003097534,0.5397962331771851,-0.27585312724113464,-0.5045110583305359,0.06973992669017726,-0.6746238849862717,1.6488990344101624,1.9937756561740827,-0.2968394414348781,0.0,0.2778924559461081,0.20629562226907286,-0.05749251269550336,-0.0778924559461081,-0.006295622269072854,0.05749251269550336,0.2,0.2,0.0,0.3508382673757044,-0.3667022480273902,False
0,452,0.06973992669017726,-0.6746238849862717,1.6488990344101624,1.9937756561740827,-0.2968394414348781,0.0,0.2778924559461081,0.20629562226907286,-0.05749251269550336,-0.4224148988723755,0.791938304901123,0.7728707790374756,0.7071869373321533,0.2040719985961914,0.2309945821762085,0.06973992669017726,-0.6746238849862717,1.6488990344101624,1.9937756561740827,-0.2968394414348781,0.0,0.27810050157025196,0.20632993566474214,-0.0576563619609142,-0.07810050157025195,-0.006329935664742122,0.0576563619609142,0.2,0.2,0.0,0.3510501209223696,-0.35528719185567353,False
0,453,0.06973992669017726,-0.6746238849862717,1.6488990344101624,1.9937756561740827,-0.2968394414348781,0.0,0.27810050157025196,0.20632993566474214,-0.0576563619609142,0.7584739923477173,0.8421974182128906,0.636107325553894,0.5927802324295044,-0.05235723778605461,-0.9218962788581848,0.07180626238902418,-0.667215320080392,1.65478462437482,1.9994549155636587,-0.2987144207320149,0.0,0.27826639168908096,0.2063547279838889,-0.05778878925671112,-0.07826639168908096,-0.006354727983888903,0.05778878925671112,0.2,0.2,0.0,0.3512178848930139,-0.3545731643059005,False
0,454,0.07180626238902418,-0.667215320080392,1.65478462437482,1.9994549155636587,-0.2987144207320149,0.0,0.27826639168908096,0.2063547279838889,-0.05778878925671112,-0.3527068793773651,0.818203866481781,0.5958366990089417,0.44478917121887207,0.2779696583747864,-0.6444253921508789,0.07210819839745522,-0.6667546374493665,1.6551232662902091,1.9997472685855948,-0.2986595693400846,0.0,0.2783369452336988,0.2063836292621365,-0.05786260788425312,-0.0783369452336988,-0.006383629262136485,0.05786260788425312,0.2,0.2,0.0,0.35130291615727427,-0.35300354144248125,False
0,455,0.07210819839745522,-0.6667546374493665,1.6551232662902091,1.9997472685855948,-0.2986595693400846,0.0,0.2783369452336988,0.2063836292621365,-0.05786260788425312,-0.025981709361076355,0.9536871910095215,0.4839475154876709,0.5497105121612549,-0.11834124475717545,-0.8437444567680359,0.07195337193202918,-0.6662541385555911,1.6554499172909207,2.000024273502146,-0.29856723119048934,0.0,0.27842247415950105,0.2063749670650853,-0.057944513850287024,-0.07842247415950104,-0.00637496706508528,0.057944513850287024,0.2,0.2,0.0,0.35137909418967883,-0.35290265483777006,False
0,456,0.07195337193202918,-0.6662541385555911,1.6554499172909207,2.000024273502146,-0.29856723119048934,0.0,0.27842247415950105,0.2063749670650853,-0.057944513850287024,-0.3621658682823181,0.9037741422653198,0.5631773471832275,0.28682172298431396,0.1235550120472908,-0.42583608627319336,0.07187893389475386,-0.6656516665993384,1.6557730954776744,2.0003297466003507,-0.29860247516903576,0.0,0.27851626675770225,0.20637652820887192,-0.05804815464857023,-0.07851626675770221,-0.006376528208871902,0.05804815464857023,0.2,0.2,0.0,0.3514714362537861,-0.3533182775359309,False
0,457,0.07187893389475386,-0.6656516665993384,1.6557730954776744,2.0003297466003507,-0.29860247516903576,0.0,0.27851626675770225,0.20637652820887192,-0.05804815464857023,0.08819115906953812,0.9314853549003601,0.5328891277313232,0.6337165832519531,0.08931004256010056,0.04652560129761696,0.07164135939249121,-0.6648632175274196,1.6562572569857432,2.000637607097663,-0.29849840450240944,0.0,0.27851626675770225,0.20637652820887192,-0.05804815464857023,-0.07851626675770221,-0.006376528208871902,0.05804815464857023,0.2,0.2,0.0,0.3514714362537861,-0.3514714362537861,False
0,458,0.07164135939249121,-0.6648632175274196,1.6562572569857432,2.000637607097663,-0.29849840450240944,0.0,0.27851626675770225,0.20637652820887192,-0.05804815464857023,-0.5387921929359436,0.8200255036354065,0.6745887398719788,0.323296457529068,-0.08940888941287994,0.6088833808898926,0.07165900952503262,-0.6647019654422627,1.656349254466232,2.0007490560390866,-0.29848316061009894,0.0,0.27862886369835843,0.2063685682300064,-0.058153037655535415,-0.0786288636983584,-0.006368568230006406,0.058153037655535415,0.2,0.2,0.0,0.35157332866374735,-0.35361117686297294,False
0,459,0.07165900952503262,-0.6647019654422627,1.656349254466232,2.0007490560390866,-0.29848316061009894,0.0,0.27862886369835843,0.2063685682300064,-0.058153037655535415,-0.25692126154899597,0.9278845191001892,0.6283221244812012,0.6938695907592773,-0.30014634132385254,-0.4513523578643799,0.07168762007379263,-0.6634874869640052,1.6570723692987985,2.0015813214871123,-0.29844747462527627,0.0,0.2787913258735145,0.20638878927913312,-0.058349337161443735,-0.0787913258735145,-0.006388789279133115,0.058349337161443735,0.2,0.2,0.0,0.35174647243376644,-0.35520934783414826,False
0,460,0.07168762007379263,-0.6634874869640052,1.6570723692987985,2.0015813214871123,-0.29844747462527627,0.0,0.2787913258735145,0.20638878927913312,-0.058349337161443735,-0.45079705119132996,0.9268050193786621,0.7902384996414185,0.6520065069198608,-0.48611950874328613,-0.8804556727409363,0.07168762007379263,-0.6634874869640052,1.6570723692987985,2.0015813214871123,-0.29844747462527627,0.0,0.2792747516300197,0.20633935773666,-0.05882569083990477,-0.07927475163001968,-0.006339357736659999,0.05882569083990477,0.2,0.2,0.0,0.35218003826449135,-0.3608513548789894,False
0,461,0.07168762007379263,-0.6634874869640052,1.6570723692987985,2.0015813214871123,-0.29844747462527627,0.0,0.2792747516300197,0.20633935773666,-0.05882569083990477,-0.3495470881462097,0.9418585300445557,0.7653757333755493,0.6575575470924377,0.2659968435764313,-0.199024498462677,0.07004145990196438,-0.6599592586292422,1.660022833870393,2.0040784687662785,-0.3001926820662179,0.0,0.2794670607186572,0.20631805529616865,-0.05901242497688644,-0.07946706071865715,-0.006318055296168637,0.05901242497688644,0.2,0.2,0.0,0.35235130802875014,-0.3557767033139261,False
0,462,0.07004145990196438,-0.6599592586292422,1.660022833870393,2.0040784687662785,-0.3001926820662179,0.0,0.2794670607186572,0.20631805529616865,-0.05901242497688644,0.37787842750549316,0.8470427989959717,0.7875332236289978,0.8798973560333252,-0.4447738826274872,-0.4421009123325348,0.06989099167172945,-0.6594232537456537,1.6604626113533552,2.0044693120194816,-0.3000263469216957,0.0,0.2794670607186572,0.20631805529616865,-0.05901242497688644,-0.07946706071865715,-0.006318055296168637,0.05901242497688644,0.2,0.2,0.0,0.35235130802875014,-0.35235130802875014,False
0,463,0.06989099167172945,-0.6594232537456537,1.6604626113533552,2.0044693120194816,-0.3000263469216957,0.0,0.2794670607186572,0.20631805529616865,-0.05901242497688644,0.19466550648212433,0.8279770016670227,0.6231521368026733,0.8580237627029419,-0.05380193516612053,0.07042549550533295,0.0700966934926657,-0.6589818437565256,1.66087432970359,2.004931583737519,-0.3002682149637552,0.0,0.2795816030891539,0.20631897476660285,-0.05913203447692571,-0.07958160308915393,-0.006318974766602855,0.05913203447692571,0.2,0.2,0.0,0.35246274928852217,-0.3546915744839627,False
0,464,0.0700966934926657,-0.6589818437565256,1.66087432970359,2.004931583737519,-0.3002682149637552,0.0,0.2795816030891539,0.20631897476660285,-0.05913203447692571,0.3858644664287567,0.8865514993667603,0.8583147525787354,0.7094869613647461,-0.19888503849506378,-0.8494037985801697,0.07018499570071203,-0.6586430370435638,1.6611392209424591,2.005270039816891,-0.3002945145986598,0.0,0.27969690279180953,0.2063424582284998,-0.05927075013943686,-0.07969690279180952,-0.006342458228499801,0.05927075013943686,0.2,0.2,0.0,0.35259124963788124,-0.3551612566250627,False
0,465,0.07018499570071203,-0.6586430370435638,1.6611392209424591,2.005270039816891,-0.3002945145986598,0.0,0.27969690279180953,0.2063424582284998,-0.05927075013943686,-0.699994683265686,0.8615156412124634,0.6294724941253662,0.7986038327217102,0.14399147033691406,-0.6013485789299011,0.07025608375248558,-0.6583335286355732,1.6614275292239522,2.0055232834799166,-0.3003444448251745,0.0,0.27969690279180953,0.2063424582284998,-0.05927075013943686,-0.07969690279180952,-0.006342458228499801,0.05927075013943686,0.2,0.2,0.0,0.35259124963788124,-0.35259124963788124,False
0,466,0.07025608375248558,-0.6583335286355732,1.6614275292239522,2.0055232834799166,-0.3003444448251745,0.0,0.27969690279180953,0.2063424582284998,-0.05927075013943686,-0.07815694808959961,0.8846631646156311,0.7552710771560669,0.7998604774475098,0.03644989803433418,-0.28261715173721313,0.07004270040163305,-0.6580298705246852,1.661654950916118,2.005804086176207,-0.3002987713244859,0.0,0.2797836900200712,0.2063491854024154,-0.05936211074283208,-0.07978369002007117,-0.006349185402415382,0.05936211074283208,0.2,0.2,0.0,0.3526794007442623,-0.3544424228718833,False
0,467,0.07004270040163305,-0.6580298705246852,1.661654950916118,2.005804086176207,-0.3002987713244859,0.0,0.2797836900200712,0.2063491854024154,-0.05936211074283208,0.28720223903656006,0.799873948097229,0.7683557868003845,0.6228786706924438,-0.2792404890060425,-0.8166013956069946,0.07004012371791887,-0.6577243436484974,1.6619214213744804,2.0060742080244163,-0.30030543751237676,0.0,0.2798754892658464,0.20634656332016707,-0.05946544587343873,-0.07987548926584637,-0.0063465633201670694,0.05946544587343873,0.2,0.2,0.0,0.35276810079536314,-0.35454210181738,False
0,468,0.07004012371791887,-0.6577243436484974,1.6619214213744804,2.0060742080244163,-0.30030543751237676,0.0,0.2798754892658464,0.20634656332016707,-0.05946544587343873,-0.3682936131954193,0.9093843698501587,0.8057953715324402,0.9452776908874512,-0.41414669156074524,0.202535480260849,0.07005861432303738,-0.6573306001288947,1.6622879186709378,2.006422858715217,-0.3004618080547953,0.0,0.2798754892658464,0.20634656332016707,-0.05946544587343873,-0.07987548926584637,-0.0063465633201670694,0.05946544587343873,0.2,0.2,0.0,0.35276810079536314,-0.35276810079536314,False
0,469,0.07005861432303738,-0.6573306001288947,1.6622879186709378,2.006422858715217,-0.3004618080547953,0.0,0.2798754892658464,0.20634656332016707,-0.05946544587343873,0.6861324310302734,0.9297764301300049,0.8644856214523315,0.33375003933906555,-0.0689968541264534,-0.24284252524375916,0.06994661031863708,-0.656904236199683,1.662667846596362,2.0068291409678847,-0.30063511349540545,0.0,0.2799825745940231,0.20635065682794698,-0.05958152491868418,-0.0799825745940231,-0.006350656827946959,0.05958152491868418,0.2,0.2,0.0,0.3528750398671726,-0.3550138213033621,False
0,470,0.06994661031863708,-0.656904236199683,1.662667846596362,2.0068291409678847,-0.30063511349540545,0.0,0.2799825745940231,0.20635065682794698,-0.05958152491868418,0.18775051832199097,0.9405919313430786,0.7262199521064758,0.9050952792167664,-0.32271429896354675,-0.5393275022506714,0.06994661031863708,-0.656904236199683,1.662667846596362,2.0068291409678847,-0.30063511349540545,0.0,0.28012089545248825,0.20638278589329964,-0.059704907889788106,-0.08012089545248824,-0.006382785893299629,0.059704907889788106,0.2,0.2,0.0,0.35302442749519686,-0.35601218005568175,False
0,471,0.06994661031863708,-0.656904236199683,1.662667846596362,2.0068291409678847,-0.30063511349540545,0.0,0.28012089545248825,0.20638278589329964,-0.059704907889788106,0.5361409783363342,0.8964510560035706,0.6755871772766113,0.7280269861221313,0.18755552172660828,-0.07937027513980865,0.0704177820191272,-0.6558719738332078,1.6635399083131222,2.007530711800965,-0.3008585659378562,0.0,0.2802586896879097,0.2064029555162825,-0.05987713685906644,-0.08025868968790967,-0.006402955516282473,0.05987713685906644,0.2,0.2,0.0,0.3531747226372237,-0.35618062547776086,False
0,472,0.0704177820191272,-0.6558719738332078,1.6635399083131222,2.007530711800965,-0.3008585659378562,0.0,0.2802586896879097,0.2064029555162825,-0.05987713685906644,0.23160342872142792,0.9751832485198975,0.7846350073814392,0.5204704403877258,0.17757757008075714,-0.9247620701789856,0.07064800356604081,-0.6546927828260815,1.664451199244996,2.0086269079724257,-0.30120710091540714,0.0,0.2804111206117724,0.20642602802660567,-0.06006259574498053,-0.08041112061177244,-0.006426028026605665,0.06006259574498053,0.2,0.2,0.0,0.3533406529359676,-0.3566592589108456,False
0,473,0.07064800356604081,-0.6546927828260815,1.664451199244996,2.0086269079724257,-0.30120710091540714,0.0,0.2804111206117724,0.20642602802660567,-0.06006259574498053,-0.09016372263431549,0.8662620186805725,0.5781774520874023,0.6343161463737488,-0.2509651184082031,-0.6420543789863586,0.0707615964229029,-0.6541465178258264,1.6648843685072132,2.0089191613459474,-0.3011205490565252,0.0,0.2804111206117724,0.20642602802660567,-0.06006259574498053,-0.08041112061177244,-0.006426028026605665,0.06006259574498053,0.2,0.2,0.0,0.3533406529359676,-0.3533406529359676,False
0,474,0.0707615964229029,-0.6541465178258264,1.6648843685072132,2.0089191613459474,-0.3011205490565252,0.0,0.2804111206117724,0.20642602802660567,-0.06006259574498053,0.4189041554927826,0.9443631768226624,0.5891550779342651,0.8968157768249512,0.45535820722579956,-0.6325212121009827,0.07068302480441334,-0.6534454175354312,1.6653500576410258,2.009436074488456,-0.30133170393802783,0.0,0.2809810008676582,0.2065542168881574,-0.0608197176123131,-0.0809810008676582,-0.006554216888157383,0.0608197176123131,0.2,0.2,0.0,0.3539971827759543,-0.3671277795756885,False
0,475,0.07068302480441334,-0.6534454175354312,1.6653500576410258,2.009436074488456,-0.30133170393802783,0.0,0.2809810008676582,0.2065542168881574,-0.0608197176123131,-0.14664897322654724,0.9749372601509094,0.7043215036392212,0.4401671290397644,0.02246391586959362,-0.7808739542961121,0.07165930400876384,-0.6513180568815294,1.6666748713830475,2.0114687972635674,-0.3002599386579397,0.0,0.2809810008676582,0.2065542168881574,-0.0608197176123131,-0.0809810008676582,-0.006554216888157383,0.0608197176123131,0.2,0.2,0.0,0.3539971827759543,-0.3539971827759543,False
0,476,0.07165930400876384,-0.6513180568815294,1.6666748713830475,2.0114687972635674,-0.3002599386579397,0.0,0.2809810008676582,0.2065542168881574,-0.0608197176123131,0.18848955631256104,0.8136593699455261,0.624880313873291,0.10269579291343689,-0.21921390295028687,-0.857478141784668,0.07165930400876384,-0.6513180568815294,1.6666748713830475,2.0114687972635674,-0.3002599386579397,0.0,0.28115379388777956,0.20660640242381426,-0.06107315090923726,-0.08115379388777953,-0.006606402423814247,0.06107315090923726,0.2,0.2,0.0,0.35420840066546355,-0.35843275845564815,False
0,477,0.07165930400876384,-0.6513180568815294,1.6666748713830475,2.0114687972635674,-0.3002599386579397,0.0,0.28115379388777956,0.20660640242381426,-0.06107315090923726,0.4230681359767914,0.9317847490310669,0.7778247594833374,0.926252543926239,0.5515913963317871,-0.8639969825744629,0.07235826261327874,-0.6489576987683985,1.6682232129119847,2.01331369184678,-0.29946204520155295,0.0,0.2812373803260257,0.20660442058080936,-0.06114734191821694,-0.08123738032602569,-0.0066044205808093405,0.06114734191821694,0.2,0.2,0.0,0.3542863927952087,-0.3558462353901113,False
0,478,0.07235826261327874,-0.6489576987683985,1.6682232129119847,2.01331369184678,-0.29946204520155295,0.0,0.2812373803260257,0.20660442058080936,-0.06114734191821694,0.7002781629562378,0.9115550518035889,0.8703975081443787,0.9344582557678223,0.3339195251464844,-0.5301429629325867,0.07255424091481319,-0.6486446495720845,1.6685067237860973,2.0136340439541303,-0.2993089864570853,0.0,0.2812373803260257,0.20660442058080936,-0.06114734191821694,-0.08123738032602569,-0.0066044205808093405,0.06114734191821694,0.2,0.2,0.0,0.3542863927952087,-0.3542863927952087,False
0,479,0.07255424091481319,-0.6486446495720845,1.6685067237860973,2.0136340439541303,-0.2993089864570853,0.0,0.2812373803260257,0.20660442058080936,-0.06114734191821694,-0.6302160620689392,0.7459182739257812,0.7713223695755005,0.09101743996143341,-0.055379901081323624,-0.7981739044189453,0.0728450984096551,-0.6481731318889521,1.6689607812213527,2.014077001668484,-0.29915668505964155,0.0,0.2813079760026038,0.20662483892431385,-0.06122691266071378,-0.08130797600260384,-0.006624838924313854,0.06122691266071378,0.2,0.2,0.0,0.3543680801894308,-0.3560018280738727,False
0,480,0.0728450984096551,-0.6481731318889521,1.6689607812213527,2.014077001668484,-0.29915668505964155,0.0,0.2813079760026038,0.20662483892431385,-0.06122691266071378,0.23544426262378693,0.8499284386634827,0.8924511075019836,0.5981018543243408,0.18202073872089386,-0.49666035175323486,0.0728450984096551,-0.6481731318889521,1.6689607812213527,2.014077001668484,-0.29915668505964155,0.0,0.2830385826909786,0.206914041096455,-0.06290756255132748,-0.08303858269097861,-0.006914041096454984,0.06290756255132748,0.2,0.2,0.0,0.3562044653295809,-0.3929321681325831,False
0,481,0.0728450984096551,-0.6481731318889521,1.6689607812213527,2.014077001668484,-0.29915668505964155,0.0,0.2830385826909786,0.206914041096455,-0.06290756255132748,-0.3641500473022461,0.7524250745773315,0.766681969165802,0.7529758214950562,0.38941270112991333,0.1444282978773117,0.0728450984096551,-0.6481731318889521,1.6689607812213527,2.014077001668484,-0.29915668505964155,0.0,0.2832054224252231,0.2069447670787296,-0.06307531066508869,-0.08320542242522312,-0.00694476707872959,0.06307531066508869,0.2,0.2,0.0,0.35638454333460673,-0.35998610343512355,False
0,482,0.0728450984096551,-0.6481731318889521,1.6689607812213527,2.014077001668484,-0.29915668505964155,0.0,0.2832054224252231,0.2069447670787296,-0.06307531066508869,0.43690571188926697,0.8874011635780334,0.7798206806182861,0.4503273665904999,0.4610670506954193,-0.8471590876579285,0.0728450984096551,-0.6481731318889521,1.6689607812213527,2.014077001668484,-0.29915668505964155,0.0,0.28331672208808323,0.20695787032628093,-0.06319192505139619,-0.08331672208808323,-0.006957870326280921,0.06319192505139619,0.2,0.2,0.0,0.35650125455098636,-0.3588354788785789,False
0,483,0.0728450984096551,-0.6481731318889521,1.6689607812213527,2.014077001668484,-0.29915668505964155,0.0,0.28331672208808323,0.20695787032628093,-0.06319192505139619,-0.14194248616695404,0.9520739316940308,0.72017502784729,0.478250116109848,-0.12465450912714005,-0.2280343919992447,0.07625116192217626,-0.636768864104321,1.6804521009188471,2.021459625267834,-0.2958932124209378,0.0,0.28407755673956725,0.20705668408763528,-0.06400175485600738,-0.08407755673956724,-0.0070566840876352555,0.06400175485600738,0.2,0.2,0.0,0.3573076451646918,-0.37343545743880113,False
0,484,0.07625116192217626,-0.636768864104321,1.6804521009188471,2.021459625267834,-0.2958932124209378,0.0,0.28407755673956725,0.20705668408763528,-0.06400175485600738,-0.5283790826797485,0.8400322198867798,0.5076098442077637,-0.07931915670633316,0.32112860679626465,-0.5355122685432434,0.07493615759513314,-0.6316764212125595,1.6836245117957596,2.0235238716458666,-0.29699562058057444,0.0,0.2842399993559592,0.20701885193759356,-0.06418764692726642,-0.08423999935595924,-0.007018851937593556,0.06418764692726642,0.2,0.2,0.0,0.3574482288520876,-0.3602599026000032,False
0,485,0.07493615759513314,-0.6316764212125595,1.6836245117957596,2.0235238716458666,-0.29699562058057444,0.0,0.2842399993559592,0.20701885193759356,-0.06418764692726642,0.2587445378303528,0.949973464012146,0.7792832851409912,0.7469698190689087,0.0035968490410596132,-0.5637598037719727,0.07478057929609794,-0.6313833190819089,1.6838128749436396,2.0235151588313744,-0.29686713666381853,0.0,0.2842940978941769,0.20700678492380717,-0.06423343899536828,-0.08429409789417691,-0.007006784923807165,0.06423343899536828,0.2,0.2,0.0,0.35749248633660385,-0.3583776360269289,False
0,486,0.07478057929609794,-0.6313833190819089,1.6838128749436396,2.0235151588313744,-0.29686713666381853,0.0,0.2842940978941769,0.20700678492380717,-0.06423343899536828,0.8085079193115234,0.9427307844161987,0.71548992395401,0.8840064406394958,0.5752665996551514,-0.9295161366462708,0.07497054435046778,-0.6308278332409115,1.684266311687436,2.0239661536331126,-0.29683373500547383,0.0,0.2842940978941769,0.20700678492380717,-0.06423343899536828,-0.08429409789417691,-0.007006784923807165,0.06423343899536828,0.2,0.2,0.0,0.35749248633660385,-0.35749248633660385,False
0,487,0.07497054435046778,-0.6308278332409115,1.684266311687436,2.0239661536331126,-0.29683373500547383,0.0,0.2842940978941769,0.20700678492380717,-0.06423343899536828,-0.3127062916755676,0.877695620059967,0.7366130352020264,0.3236859142780304,0.5618846416473389,0.04436618462204933,0.07497054435046778,-0.6308278332409115,1.684266311687436,2.0239661536331126,-0.29683373500547383,0.0,0.2848788082383039,0.20718294068498552,-0.06499630254253597,-0.08487880823830388,-0.007182940684985513,0.06499630254253597,0.2,0.2,0.0,0.3581971882055406,-0.3722912255842752,False
0,488,0.07497054435046778,-0.6308278332409115,1.684266311687436,2.0239661536331126,-0.29683373500547383,0.0,0.2848788082383039,0.20718294068498552,-0.06499630254253597,-0.015841685235500336,0.8447049260139465,0.6329379677772522,0.7802151441574097,0.22292160987854004,-0.8960870504379272,0.07677440800447774,-0.6280157576804165,1.6864396324417963,2.0263125581894696,-0.2950754132978447,0.0,0.285063318434051,0.20715747821307576,-0.06516317232274238,-0.085063318434051,-0.007157478213075756,0.06516317232274238,0.2,0.2,0.0,0.3583595336019366,-0.3616064415298573,False
0,489,0.07677440800447774,-0.6280157576804165,1.6864396324417963,2.0263125581894696,-0.2950754132978447,0.0,0.285063318434051,0.20715747821307576,-0.06516317232274238,-0.03552313148975372,0.9286941289901733,0.7401961088180542,0.6075794696807861,0.22424530982971191,-0.3620423674583435,0.075894285579086,-0.6258032229289568,1.6882789984658517,2.027226971037956,-0.2938339459670706,0.0,0.28514289458245634,0.20715472814098057,-0.06525992495900776,-0.08514289458245634,-0.0071547281409805475,0.06525992495900776,0.2,0.2,0.0,0.3584388504719887,-0.36002518787303034,False
0,490,0.075894285579086,-0.6258032229289568,1.6882789984658517,2.027226971037956,-0.2938339459670706,0.0,0.28514289458245634,0.20715472814098057,-0.06525992495900776,-0.42166203260421753,0.7947872281074524,0.7868284583091736,0.22692255675792694,0.3972392678260803,-0.6952747106552124,0.075894285579086,-0.6258032229289568,1.6882789984658517,2.027226971037956,-0.2938339459670706,0.0,0.2863235779056477,0.20701818063776872,-0.06630063858898105,-0.08632357790564771,-0.007018180637768701,0.06630063858898105,0.2,0.2,0.0,0.3594906021811558,-0.3805256363644979,False
0,491,0.075894285579086,-0.6258032229289568,1.6882789984658517,2.027226971037956,-0.2938339459670706,0.0,0.2863235779056477,0.20701818063776872,-0.06630063858898105,-0.24989667534828186,0.9733583927154541,0.6551921963691711,0.805878221988678,-0.32973331212997437,-0.09525103121995926,0.07247983560522145,-0.6184856476804405,1.6953107773536702,2.0297233600150575,-0.29055243347343,0.0,0.28645383539893743,0.20699851890515336,-0.06641389937251284,-0.08645383539893742,-0.00699851890515334,0.06641389937251284,0.2,0.2,0.0,0.3596039386235236,-0.36187066747087904,False
0,492,0.07247983560522145,-0.6184856476804405,1.6953107773536702,2.0297233600150575,-0.29055243347343,0.0,0.28645383539893743,0.20699851890515336,-0.06641389937251284,0.7552006244659424,0.9187573790550232,0.4681631326675415,0.8071319460868835,-0.3248645067214966,-0.5824528932571411,0.07263641495136736,-0.6181405495893754,1.6954948526366342,2.030041162048985,-0.2907065347254982,0.0,0.2865024044762919,0.20701261749358255,-0.06650515522086561,-0.08650240447629189,-0.0070126174935825295,0.06650515522086561,0.2,0.2,0.0,0.359667606608091,-0.36094096629943934,False
0,493,0.07263641495136736,-0.6181405495893754,1.6954948526366342,2.030041162048985,-0.2907065347254982,0.0,0.2865024044762919,0.20701261749358255,-0.06650515522086561,0.4486025273799896,0.9317219257354736,0.5608722567558289,0.7050482630729675,0.4358724057674408,-0.07281054556369781,0.07263641495136736,-0.6181405495893754,1.6954948526366342,2.030041162048985,-0.2907065347254982,0.0,0.2867552666710453,0.2071847125662346,-0.06700379062208722,-0.08675526667104529,-0.007184712566234588,0.06700379062208722,0.2,0.2,0.0,0.36006054496773743,-0.3679193121606661,False
0,494,0.07263641495136736,-0.6181405495893754,1.6954948526366342,2.030041162048985,-0.2907065347254982,0.0,0.2867552666710453,0.2071847125662346,-0.06700379062208722,0.08241773396730423,0.9457850456237793,0.38562270998954773,0.6218680739402771,-0.21605436503887177,0.12672531604766846,0.07263641495136736,-0.6181405495893754,1.6954948526366342,2.030041162048985,-0.2907065347254982,0.0,0.2878008491353991,0.20757910574881197,-0.0687487276511189,-0.08780084913539911,-0.007579105748811965,0.0687487276511189,0.2,0.2,0.0,0.36144820024476665,-0.38920130578535106,False
0,495,0.07263641495136736,-0.6181405495893754,1.6954948526366342,2.030041162048985,-0.2907065347254982,0.0,0.2878008491353991,0.20757910574881197,-0.0687487276511189,0.06518028676509857,0.9259895086288452,0.8061318397521973,0.8528982400894165,0.22703097760677338,-0.8674109578132629,0.07263641495136736,-0.6181405495893754,1.6954948526366342,2.030041162048985,-0.2907065347254982,0.0,0.2880148867590541,0.20760952726837328,-0.06911783049365555,-0.08801488675905411,-0.0076095272683732755,0.06911783049365555,0.2,0.2,0.0,0.3617064628943999,-0.3668717158870648,False
0,496,0.07263641495136736,-0.6181405495893754,1.6954948526366342,2.030041162048985,-0.2907065347254982,0.0,0.2880148867590541,0.20760952726837328,-0.06911783049365555,0.3920169472694397,0.9516614079475403,0.5804295539855957,0.8351998329162598,0.14828960597515106,-0.6737958192825317,0.07263641495136736,-0.6181405495893754,1.6954948526366342,2.030041162048985,-0.2907065347254982,0.0,0.28847235233682217,0.20773298439483062,-0.06996307925740848,-0.08847235233682214,-0.0077329843948306136,0.06996307925740848,0.2,0.2,0.0,0.362303910174181,-0.3742528557698033,False
0,497,0.07263641495136736,-0.6181405495893754,1.6954948526366342,2.030041162048985,-0.2907065347254982,0.0,0.28847235233682217,0.20773298439483062,-0.06996307925740848,-0.5158577561378479,0.8689548969268799,0.37245652079582214,0.39383289217948914,0.1941230446100235,-0.6362137794494629,0.08096544163260944,-0.5986392557156245,1.707324729419219,2.0463201295728,-0.286466558150976,0.0,0.28875905917634426,0.20783182829747562,-0.0705374727871231,-0.08875905917634423,-0.007831828297475618,0.0705374727871231,0.2,0.2,0.0,0.36270014912744797,-0.37062492819278714,False
0,498,0.08096544163260944,-0.5986392557156245,1.707324729419219,2.0463201295728,-0.286466558150976,0.0,0.28875905917634426,0.20783182829747562,-0.0705374727871231,0.186734139919281,0.7735336422920227,0.6311379671096802,0.726029098033905,-0.14216148853302002,-0.7060064077377319,0.08086890326997545,-0.5984653439769962,1.7074133165288812,2.0464230507809087,-0.28646364493500154,0.0,0.28875905917634426,0.20783182829747562,-0.0705374727871231,-0.08875905917634423,-0.007831828297475618,0.0705374727871231,0.2,0.2,0.0,0.36270014912744797,-0.36270014912744797,False
0,499,0.08086890326997545,-0.5984653439769962,1.7074133165288812,2.0464230507809087,-0.28646364493500154,0.0,0.28875905917634426,0.20783182829747562,-0.0705374727871231,0.23203374445438385,0.9275527000427246,0.5374481678009033,0.5585401058197021,0.3685608506202698,-0.7627324461936951,0.08086890326997545,-0.5984653439769962,1.7074133165288812,2.0464230507809087,-0.28646364493500154,0.0,0.2888821354883266,0.2078502462690082,-0.07073836831963784,-0.08888213548832659,-0.007850246269008192,0.07073836831963784,0.2,0.2,0.0,0.36284780532739613,-0.36580092932635944,False
0,500,0.08086890326997545,-0.5984653439769962,1.7074133165288812,2.0464230507809087,-0.28646364493500154,0.0,0.2888821354883266,0.2078502462690082,-0.07073836831963784,-0.09383856505155563,0.9505640864372253,0.41292622685432434,0.3435586094856262,0.4026443660259247,-0.3135361671447754,0.08086890326997545,-0.5984653439769962,1.7074133165288812,2.0464230507809087,-0.28646364493500154,0.0,0.28979651143509666,0.20786003090202573,-0.07224814612718022,-0.08979651143509668,-0.007860030902025734,0.07224814612718022,0.2,0.2,0.0,0.36387855818302567,-0.3844936152956164,False
0,501,0.08086890326997545,-0.5984653439769962,1.7074133165288812,2.0464230507809087,-0.28646364493500154,0.0,0.28979651143509666,0.20786003090202573,-0.07224814612718022,-0.22784189879894257,0.8814453482627869,0.5842302441596985,0.09277652949094772,-0.4076329469680786,0.5762100219726562,0.08086890326997545,-0.5984653439769962,1.7074133165288812,2.0464230507809087,-0.28646364493500154,0.0,0.2898674149452186,0.20785730464842642,-0.07236723055825423,-0.08986741494521859,-0.007857304648426398,0.07236723055825423,0.2,0.2,0.0,0.3639571312687853,-0.3655285929839783,False
0,502,0.08086890326997545,-0.5984653439769962,1.7074133165288812,2.0464230507809087,-0.28646364493500154,0.0,0.2898674149452186,0.20785730464842642,-0.07236723055825423,0.17473623156547546,0.8336947560310364,0.6285606622695923,0.2917276918888092,-0.28238776326179504,-0.3012993335723877,0.08009125321204152,-0.5853678363271752,1.7134238135319384,2.05153572591149,-0.28127817090252866,0.0,0.2899346723895327,0.20785468388837822,-0.07248058723387041,-0.08993467238953269,-0.007854683888378202,0.07248058723387041,0.2,0.2,0.0,0.36403175602374305,-0.36552425112289766,False
0,503,0.08009125321204152,-0.5853678363271752,1.7134238135319384,2.05153572591149,-0.28127817090252866,0.0,0.2899346723895327,0.20785468388837822,-0.07248058723387041,-0.03991670906543732,0.7709676027297974,0.5972685217857361,0.514580488204956,-0.26661741733551025,0.42822855710983276,0.08016418152648576,-0.5850208225204276,1.7137421346635662,2.0517084456178027,-0.28152855453942427,0.0,0.2899837105264716,0.20786802312129113,-0.07252732526156089,-0.08998371052647158,-0.00786802312129111,0.07252732526156089,0.2,0.2,0.0,0.3640877371138038,-0.3652073589150193,False
0,504,0.08016418152648576,-0.5850208225204276,1.7137421346635662,2.0517084456178027,-0.28152855453942427,0.0,0.2899837105264716,0.20786802312129113,-0.07252732526156089,0.0526873879134655,0.809587299823761,0.441333532333374,0.8445131778717041,0.26528897881507874,-0.8169886469841003,0.08015270664185126,-0.5846100816826637,1.7140371829741416,2.0520201041800656,-0.2816029264076414,0.0,0.290058410262298,0.20787219771438312,-0.07264860904608511,-0.090058410262298,-0.007872197714383116,0.07264860904608511,0.2,0.2,0.0,0.364173794146188,-0.3658949347938716,False
0,505,0.08015270664185126,-0.5846100816826637,1.7140371829741416,2.0520201041800656,-0.2816029264076414,0.0,0.290058410262298,0.20787219771438312,-0.07264860904608511,-0.7290207147598267,0.9240686893463135,0.383698433637619,0.39570194482803345,0.08897489309310913,-0.2521974444389343,0.08021971773576177,-0.5828961440246063,1.7149590561880605,2.053782507153652,-0.2810387049617902,0.0,0.2901529166492222,0.20788516722311737,-0.07287881760489237,-0.09015291664922222,-0.007885167223117353,0.07287881760489237,0.2,0.2,0.0,0.3643024565480188,-0.36687570458463464,False
0,506,0.08021971773576177,-0.5828961440246063,1.7149590561880605,2.053782507153652,-0.2810387049617902,0.0,0.2901529166492222,0.20788516722311737,-0.07287881760489237,-0.7940199375152588,0.9152020812034607,0.1735742688179016,0.41633176803588867,0.1333591341972351,0.40752312541007996,0.07981519316526342,-0.5824251614767291,1.715102987352198,2.0539786005807614,-0.2809869856373846,0.0,0.29023110262952495,0.20788468691874637,-0.07306026013872792,-0.09023110262952495,-0.007884686918746357,0.07306026013872792,0.2,0.2,0.0,0.36440079253535335,-0.3663675122820444,False
0,507,0.07981519316526342,-0.5824251614767291,1.715102987352198,2.0539786005807614,-0.2809869856373846,0.0,0.29023110262952495,0.20788468691874637,-0.07306026013872792,0.04003989323973656,0.808803915977478,0.4106641709804535,0.6778856515884399,-0.13089941442012787,0.2146567851305008,0.07950236538290921,-0.5818574517100694,1.7152558255517099,2.0542927882483606,-0.28094858333390427,0.0,0.29027954094862707,0.2078375248192619,-0.07317558803148796,-0.09027954094862707,-0.007837524819261893,0.07317558803148796,0.2,0.2,0.0,0.36443561200861946,-0.3651320014739417,False
0,508,0.07950236538290921,-0.5818574517100694,1.7152558255517099,2.0542927882483606,-0.28094858333390427,0.0,0.29027954094862707,0.2078375248192619,-0.07317558803148796,-0.516071617603302,0.9471533298492432,0.6486103534698486,0.7955397367477417,0.023389915004372597,-0.0012877632398158312,0.07930910424504199,-0.581142340693896,1.7156909833431662,2.054895519528174,-0.28099289588770404,0.0,0.2903361640143394,0.20783974967017874,-0.0732970797405142,-0.0903361640143394,-0.00783974967017872,0.0732970797405142,0.2,0.2,0.0,0.3645063944240365,-0.365922042732377,False
0,509,0.07930910424504199,-0.581142340693896,1.7156909833431662,2.054895519528174,-0.28099289588770404,0.0,0.2903361640143394,0.20783974967017874,-0.0732970797405142,-0.5324516296386719,0.9022430181503296,0.34358131885528564,0.40590307116508484,-0.45542365312576294,0.4389300048351288,0.07897363952922784,-0.5805424635886933,1.7160698970336599,2.05535710345085,-0.28103423568441166,0.0,0.2904375081072298,0.2078087961786741,-0.07347978559251118,-0.09043750810722981,-0.007808796178674086,0.07347978559251118,0.2,0.2,0.0,0.3646062544382478,-0.3666034547224739,False
0,510,0.07897363952922784,-0.5805424635886933,1.7160698970336599,2.05535710345085,-0.28103423568441166,0.0,0.2904375081072298,0.2078087961786741,-0.07347978559251118,0.34728047251701355,0.9270620346069336,0.44987910985946655,0.1994241625070572,-0.05715916305780411,-0.7461090087890625,0.07897363952922784,-0.5805424635886933,1.7160698970336599,2.05535710345085,-0.28103423568441166,0.0,0.29091881753823956,0.2079822822606017,-0.07421388986962218,-0.09091881753823956,-0.007982282260601692,0.07421388986962218,0.2,0.2,0.0,0.3652370320514563,-0.3778525843156265,False
0,511,0.07897363952922784,-0.5805424635886933,1.7160698970336599,2.05535710345085,-0.28103423568441166,0.0,0.29091881753823956,0.2079822822606017,-0.07421388986962218,0.38631266355514526,0.8801010847091675,0.6140168905258179,0.8037706613540649,-0.475394606590271,-0.1348789930343628,0.08066281002009286,-0.5750557495249153,1.718722543867478,2.0566611784885884,-0.2815896867262995,0.0,0.29091881753823956,0.2079822822606017,-0.07421388986962218,-0.09091881753823956,-0.007982282260601692,0.07421388986962218,0.2,0.2,0.0,0.3652370320514563,-0.3652370320514563,False
0,512,0.08066281002009286,-0.5750557495249153,1.718722543867478,2.0566611784885884,-0.2815896867262995,0.0,0.29091881753823956,0.2079822822606017,-0.07421388986962218,-0.5364387035369873,0.9536012411117554,0.3706735372543335,0.04571967571973801,-0.4234585464000702,-0.2475273311138153,0.08092655105664227,-0.5739726569163829,1.719243019209343,2.05689662856794,-0.2817377535039922,0.0,0.2909997731396188,0.20801793050425024,-0.07433934522827923,-0.09099977313961875,-0.008017930504250228,0.07433934522827923,0.2,0.2,0.0,0.3653473219110138,-0.36755311910216426,False
0,513,0.08092655105664227,-0.5739726569163829,1.719243019209343,2.05689662856794,-0.2817377535039922,0.0,0.2909997731396188,0.20801793050425024,-0.07433934522827923,0.27800923585891724,0.8643810749053955,0.57586270570755,0.4834200441837311,-0.27955636382102966,0.843475341796875,0.08075205517109325,-0.5734404253570948,1.7194914845366596,2.056998670330124,-0.2819598940780394,0.0,0.2910499196491715,0.20799710387560952,-0.07440596806853599,-0.0910499196491715,-0.007997103875609502,0.07440596806853599,0.2,0.2,0.0,0.36538896950051225,-0.3662219212904808,False
0,514,0.08075205517109325,-0.5734404253570948,1.7194914845366596,2.056998670330124,-0.2819598940780394,0.0,0.2910499196491715,0.20799710387560952,-0.07440596806853599,-0.7720694541931152,0.9412202835083008,0.4732038676738739,0.6178561449050903,-0.38595083355903625,0.394767165184021,0.08103828092019948,-0.5725901113631668,1.720061886718542,2.057481433000152,-0.28223305762424983,0.0,0.29115479062568606,0.2080313164028917,-0.07458115830927661,-0.09115479062568604,-0.00803131640289167,0.07458115830927661,0.2,0.2,0.0,0.36552768689028264,-0.3683020346856905,False
0,515,0.08103828092019948,-0.5725901113631668,1.720061886718542,2.057481433000152,-0.28223305762424983,0.0,0.29115479062568606,0.2080313164028917,-0.07458115830927661,0.2259553223848343,0.9417078495025635,0.43014436960220337,0.5483068823814392,-0.32274970412254333,0.2693580985069275,0.08093959079163605,-0.5722633061853722,1.7202170078178303,2.057684176339386,-0.28235643798221566,0.0,0.29115479062568606,0.2080313164028917,-0.07458115830927661,-0.09115479062568604,-0.00803131640289167,0.07458115830927661,0.2,0.2,0.0,0.36552768689028264,-0.36552768689028264,False
0,516,0.08093959079163605,-0.5722633061853722,1.7202170078178303,2.057684176339386,-0.28235643798221566,0.0,0.29115479062568606,0.2080313164028917,-0.07458115830927661,-0.42653563618659973,0.9260799884796143,0.35676100850105286,0.5491721630096436,-0.10277119278907776,-0.251284122467041,0.08095790863996298,-0.5717149309463164,1.7204555009350477,2.0580050342385445,-0.2825056777431903,0.0,0.291196710296493,0.20803002832467118,-0.07466902681817672,-0.091196710296493,-0.008030028324671168,0.07466902681817672,0.2,0.2,0.0,0.36557828209322935,-0.3665901861521634,False
0,517,0.08095790863996298,-0.5717149309463164,1.7204555009350477,2.0580050342385445,-0.2825056777431903,0.0,0.291196710296493,0.20803002832467118,-0.07466902681817672,-0.1833771914243698,0.8584680557250977,0.5799310803413391,0.22925999760627747,-0.0772218257188797,0.2041579931974411,0.08086074788394175,-0.5714537747564321,1.7205856441635001,2.0581265265324125,-0.28253178927961076,0.0,0.2912448564320598,0.20802499927699553,-0.07477062267243466,-0.09124485643205978,-0.008024999276995518,0.07477062267243466,0.2,0.2,0.0,0.3656345343880262,-0.3667595802839628,False
0,518,0.08086074788394175,-0.5714537747564321,1.7205856441635001,2.0581265265324125,-0.28253178927961076,0.0,0.2912448564320598,0.20802499927699553,-0.07477062267243466,-0.6924571394920349,0.9349199533462524,0.4771968126296997,0.6209630966186523,-0.2552969455718994,0.09529440104961395,0.08076670117896072,-0.5711480762052463,1.7207838089184373,2.0582294190213752,-0.2825695078571368,0.0,0.2912448564320598,0.20802499927699553,-0.07477062267243466,-0.09124485643205978,-0.008024999276995518,0.07477062267243466,0.2,0.2,0.0,0.3656345343880262,-0.3656345343880262,False
0,519,0.08076670117896072,-0.5711480762052463,1.7207838089184373,2.0582294190213752,-0.2825695078571368,0.0,0.2912448564320598,0.20802499927699553,-0.07477062267243466,-0.11507884413003922,0.9443448185920715,0.6471548080444336,0.6118888854980469,-0.07754264026880264,-0.3030824065208435,0.08055319787144927,-0.5708626845168182,1.7209288012009516,2.058420580436192,-0.2826481741577751,0.0,0.2912962228164512,0.20801374789350727,-0.07484729007574106,-0.09129622281645115,-0.00801374789350726,0.07484729007574106,0.2,0.2,0.0,0.36568473521808004,-0.3666887518191572,False
0,520,0.08055319787144927,-0.5708626845168182,1.7209288012009516,2.058420580436192,-0.2826481741577751,0.0,0.2912962228164512,0.20801374789350727,-0.07484729007574106,-0.2823425531387329,0.9675898551940918,0.3283722400665283,0.35206499695777893,-0.4255836606025696,0.5560016632080078,0.08055319787144927,-0.5708626845168182,1.7209288012009516,2.058420580436192,-0.2826481741577751,0.0,0.2917693199446218,0.20789086032122092,-0.07581538305885235,-0.09176931994462177,-0.007890860321220912,0.07581538305885235,0.2,0.2,0.0,0.36619109515989734,-0.3763182939962434,False
0,521,0.08055319787144927,-0.5708626845168182,1.7209288012009516,2.058420580436192,-0.2826481741577751,0.0,0.2917693199446218,0.20789086032122092,-0.07581538305885235,-0.3916166424751282,0.7878434658050537,0.5159753561019897,0.5817301273345947,-0.3615066111087799,-0.08593915402889252,0.08055319787144927,-0.5708626845168182,1.7209288012009516,2.058420580436192,-0.2826481741577751,0.0,0.2919140976237304,0.20785033798418726,-0.07612225032093246,-0.09191409762373036,-0.007850337984187248,0.07612225032093246,0.2,0.2,0.0,0.36634710369476153,-0.3694672743920454,False
0,522,0.08055319787144927,-0.5708626845168182,1.7209288012009516,2.058420580436192,-0.2826481741577751,0.0,0.2919140976237304,0.20785033798418726,-0.07612225032093246,0.12462347000837326,0.8174909949302673,0.3924048840999603,0.03672541677951813,-0.1544944792985916,-0.8487285375595093,0.07788081359071371,-0.5615968009532556,1.724125194056812,2.0618303247015897,-0.2865674624836979,0.0,0.2919140976237304,0.20785033798418726,-0.07612225032093246,-0.09191409762373036,-0.007850337984187248,0.07612225032093246,0.2,0.2,0.0,0.36634710369476153,-0.36634710369476153,False
0,523,0.07788081359071371,-0.5615968009532556,1.724125194056812,2.0618303247015897,-0.2865674624836979,0.0,0.2919140976237304,0.20785033798418726,-0.07612225032093246,0.5083598494529724,0.862822413444519,0.4966767430305481,0.5117923617362976,-0.40918517112731934,-0.20934398472309113,0.0779875929849161,-0.5613647137422617,1.7242561748395953,2.0618331908482617,-0.28660026071547023,0.0,0.29195586001279167,0.20783864836430285,-0.07621075261552271,-0.09195586001279164,-0.007838648364302847,0.07621075261552271,0.2,0.2,0.0,0.3663921488841342,-0.3672930526715872,False
0,524,0.0779875929849161,-0.5613647137422617,1.7242561748395953,2.0618331908482617,-0.28660026071547023,0.0,0.29195586001279167,0.20783864836430285,-0.07621075261552271,-0.19627708196640015,0.958838701248169,0.48242881894111633,0.6301566362380981,-0.31147781014442444,0.4738355875015259,0.07810038683403378,-0.5609422420222095,1.7244869335954756,2.0620967804909123,-0.2867760507946697,0.0,0.29199820747560523,0.20786173423144882,-0.07628135599819877,-0.09199820747560522,-0.007861734231448807,0.07628135599819877,0.2,0.2,0.0,0.36645367920051775,-0.367684285528189,False
0,525,0.07810038683403378,-0.5609422420222095,1.7244869335954756,2.0620967804909123,-0.2867760507946697,0.0,0.29199820747560523,0.20786173423144882,-0.07628135599819877,-0.7826563715934753,0.9613175988197327,0.26020681858062744,0.6273554563522339,-0.23686261475086212,0.378912091255188,0.07792312138494516,-0.5604366174739843,1.7247142007793792,2.062428794279576,-0.2869305834307043,0.0,0.2920530647163516,0.2078484601844775,-0.07640646789374078,-0.09205306471635158,-0.007848460184477478,0.07640646789374078,0.2,0.2,0.0,0.3665159250936704,-0.367760842956724,False
0,526,0.07792312138494516,-0.5604366174739843,1.7247142007793792,2.062428794279576,-0.2869305834307043,0.0,0.2920530647163516,0.2078484601844775,-0.07640646789374078,-0.8393615484237671,0.8226355910301208,0.5308437347412109,0.32702916860580444,-0.4065741300582886,0.2790830433368683,0.0757403887664395,-0.5577843941890445,1.725423062261198,2.0641594300776442,-0.28758108110781044,0.0,0.29233180474926246,0.2075422551087569,-0.0772567149866239,-0.09233180474926242,-0.007542255108756895,0.0772567149866239,0.2,0.2,0.0,0.36674278688764106,-0.37128002276705374,False
0,527,0.0757403887664395,-0.5577843941890445,1.725423062261198,2.0641594300776442,-0.28758108110781044,0.0,0.29233180474926246,0.2075422551087569,-0.0772567149866239,0.4672180116176605,0.8604599833488464,0.18407021462917328,0.5893237590789795,-0.1824943870306015,-0.8357001543045044,0.07371302970583737,-0.5552451560871849,1.7261180258954778,2.0658055650469507,-0.2882140530823065,0.0,0.29233180474926246,0.2075422551087569,-0.0772567149866239,-0.09233180474926242,-0.007542255108756895,0.0772567149866239,0.2,0.2,0.0,0.36674278688764106,-0.36674278688764106,False
0,528,0.07371302970583737,-0.5552451560871849,1.7261180258954778,2.0658055650469507,-0.2882140530823065,0.0,0.29233180474926246,0.2075422551087569,-0.0772567149866239,-0.32210904359817505,0.954379141330719,0.6041752099990845,0.4754948616027832,-0.5459858179092407,-0.2965131103992462,0.07397876016903618,-0.5547754895113166,1.7262395643996244,2.0661183581803177,-0.28833177157296513,0.0,0.29235976918297024,0.2075409162115619,-0.0773524823143963,-0.0923597691829702,-0.007540916211561902,0.0773524823143963,0.2,0.2,0.0,0.36678450493287357,-0.36761886583752373,False
0,529,0.07397876016903618,-0.5547754895113166,1.7262395643996244,2.0661183581803177,-0.28833177157296513,0.0,0.29235976918297024,0.2075409162115619,-0.0773524823143963,0.6307032704353333,0.9167547225952148,0.593614935874939,0.5852863788604736,-0.4877818822860718,0.7200900316238403,0.07380017085638564,-0.5542753362987611,1.726560243713223,2.066365729476997,-0.2886213816119502,0.0,0.2924250684822947,0.2075396397194776,-0.0774828392901663,-0.09242506848229469,-0.0075396397194775686,0.0774828392901663,0.2,0.2,0.0,0.3668633439255427,-0.3684401237789255,False
0,530,0.07380017085638564,-0.5542753362987611,1.726560243713223,2.066365729476997,-0.2886213816119502,0.0,0.2924250684822947,0.2075396397194776,-0.0774828392901663,-0.7858471870422363,0.9274207353591919,0.38541972637176514,0.11163311451673508,-0.5069918036460876,-0.14844059944152832,0.07380017085638564,-0.5542753362987611,1.726560243713223,2.066365729476997,-0.2886213816119502,0.0,0.2924690402951514,0.20754973532627985,-0.07756383963024693,-0.0924690402951514,-0.007549735326279851,0.07756383963024693,0.2,0.2,0.0,0.36692121958720564,-0.36807873282046427,False
0,531,0.07380017085638564,-0.5542753362987611,1.726560243713223,2.066365729476997,-0.2886213816119502,0.0,0.2924690402951514,0.20754973532627985,-0.07756383963024693,-0.47406667470932007,0.8547672629356384,0.3132118880748749,0.5510260462760925,0.15898020565509796,0.6213597655296326,0.07380017085638564,-0.5542753362987611,1.726560243713223,2.066365729476997,-0.2886213816119502,0.0,0.2926962233459983,0.20738471801480077,-0.07801776549684092,-0.09269622334599832,-0.00738471801480076,0.07801776549684092,0.2,0.2,0.0,0.36710526032761914,-0.37078607513588924,False
0,532,0.07380017085638564,-0.5542753362987611,1.726560243713223,2.066365729476997,-0.2886213816119502,0.0,0.2926962233459983,0.20738471801480077,-0.07801776549684092,-0.03256644308567047,0.6873779296875,0.442225843667984,0.9152708649635315,0.04563429206609726,0.44515037536621094,0.07380017085638564,-0.5542753362987611,1.726560243713223,2.066365729476997,-0.2886213816119502,0.0,0.29283152978848137,0.20729974178088878,-0.07840971526664395,-0.09283152978848133,-0.007299741780888767,0.07840971526664395,0.2,0.2,0.0,0.36724865041124605,-0.37011645208378413,False
0,533,0.07380017085638564,-0.5542753362987611,1.726560243713223,2.066365729476997,-0.2886213816119502,0.0,0.29283152978848137,0.20729974178088878,-0.07840971526664395,-0.022720152512192726,0.7572327256202698,0.4100528359413147,0.004677202086895704,-0.12510958313941956,0.7613989114761353,0.07020163503015535,-0.547966696788494,1.7290350552064326,2.0696212833277046,-0.2887737990132145,0.0,0.29287528363038384,0.20727719754149088,-0.07853206936905847,-0.0928752836303838,-0.00727719754149087,0.07853206936905847,0.2,0.2,0.0,0.3672969565646013,-0.36826307963170674,False
0,534,0.07020163503015535,-0.547966696788494,1.7290350552064326,2.0696212833277046,-0.2887737990132145,0.0,0.29287528363038384,0.20727719754149088,-0.07853206936905847,-0.6830667853355408,0.9373487830162048,0.6175413727760315,0.5514035820960999,0.03130470588803291,0.2832954227924347,0.07023056917205849,-0.5478038645475224,1.7291325260418915,2.069589850127425,-0.2888096179449472,0.0,0.29287528363038384,0.20727719754149088,-0.07853206936905847,-0.0928752836303838,-0.00727719754149087,0.07853206936905847,0.2,0.2,0.0,0.3672969565646013,-0.3672969565646013,False
0,535,0.07023056917205849,-0.5478038645475224,1.7291325260418915,2.069589850127425,-0.2888096179449472,0.0,0.29287528363038384,0.20727719754149088,-0.07853206936905847,-0.2677747309207916,0.9747955203056335,0.6477665901184082,0.784565806388855,-0.2670396566390991,0.8007091283798218,0.06978053900310269,-0.5470836731875317,1.7296083029786957,2.070055357705361,-0.28883802478062615,0.0,0.2929273211427375,0.20726309421484435,-0.07861100041261018,-0.0929273211427375,-0.007263094214844341,0.07861100041261018,0.2,0.2,0.0,0.36734737658140876,-0.36835577691755755,False
0,536,0.06978053900310269,-0.5470836731875317,1.7296083029786957,2.070055357705361,-0.28883802478062615,0.0,0.2929273211427375,0.20726309421484435,-0.07861100041261018,-0.23202963173389435,0.9352952837944031,0.5174878239631653,0.47760552167892456,-0.14821240305900574,-0.2149745225906372,0.06958829930010867,-0.5463545716712865,1.7300866333222071,2.070628634566726,-0.2890356648482377,0.0,0.29300780045244673,0.2072431976345654,-0.07877602231013867,-0.09300780045244672,-0.007243197634565387,0.07877602231013867,0.2,0.2,0.0,0.36743567570771873,-0.36920165823391826,False
0,537,0.06958829930010867,-0.5463545716712865,1.7300866333222071,2.070628634566726,-0.2890356648482377,0.0,0.29300780045244673,0.2072431976345654,-0.07877602231013867,0.0952427089214325,0.7888234853744507,0.45251187682151794,0.08776272088289261,-0.15449532866477966,-0.23671375215053558,0.06946127866859246,-0.5457710961115133,1.730408644731802,2.0709029014835165,-0.2891279437609617,0.0,0.2930887171804717,0.20723055437146792,-0.07894030934793772,-0.09308871718047167,-0.007230554371467912,0.07894030934793772,0.2,0.2,0.0,0.36752832713077854,-0.3693813555919747,False
0,538,0.06946127866859246,-0.5457710961115133,1.730408644731802,2.0709029014835165,-0.2891279437609617,0.0,0.2930887171804717,0.20723055437146792,-0.07894030934793772,-0.04715001583099365,0.944989800453186,0.47509628534317017,0.4232254922389984,-0.0766211599111557,-0.6084219217300415,0.06951200717119903,-0.5453074997833338,1.7306708527520003,2.0709688684146825,-0.28921272651127355,0.0,0.29313606189383473,0.2072385125312111,-0.07900725152021912,-0.09313606189383473,-0.007238512531211071,0.07900725152021912,0.2,0.2,0.0,0.3675849529721724,-0.36871746980004994,False
0,539,0.06951200717119903,-0.5453074997833338,1.7306708527520003,2.0709688684146825,-0.28921272651127355,0.0,0.29313606189383473,0.2072385125312111,-0.07900725152021912,0.5849889516830444,0.8052145838737488,0.4643935561180115,0.6226158142089844,-0.3408161699771881,0.8680486679077148,0.06960236751283798,-0.5448915948644552,1.730890224722992,2.0712041399667274,-0.2892952107556606,0.0,0.29313606189383473,0.2072385125312111,-0.07900725152021912,-0.09313606189383473,-0.007238512531211071,0.07900725152021912,0.2,0.2,0.0,0.3675849529721724,-0.3675849529721724,False
0,540,0.06960236751283798,-0.5448915948644552,1.730890224722992,2.0712041399667274,-0.2892952107556606,0.0,0.29313606189383473,0.2072385125312111,-0.07900725152021912,-0.23128579556941986,0.8118453621864319,0.5643578767776489,0.6803050637245178,-0.26850655674934387,0.6276988983154297,0.06960236751283798,-0.5448915948644552,1.730890224722992,2.0712041399667274,-0.2892952107556606,0.0,0.29430245664676613,0.20712372441422888,-0.081640844396904,-0.09430245664676609,-0.007123724414228864,0.081640844396904,0.2,0.2,0.0,0.36902493232488043,-0.3978245193790406,False
0,541,0.06960236751283798,-0.5448915948644552,1.730890224722992,2.0712041399667274,-0.2892952107556606,0.0,0.29430245664676613,0.20712372441422888,-0.081640844396904,-0.27113157510757446,0.9034134149551392,0.4627918303012848,0.31114768981933594,-0.10864189267158508,0.6085150837898254,0.06453198719097494,-0.5258654900244809,1.7440760209249568,2.087126635763817,-0.2956209744760748,0.0,0.2948996473394583,0.2069804399724859,-0.08304783749243105,-0.09489964733945826,-0.00698043997248591,0.08304783749243105,0.2,0.2,0.0,0.3697345640379189,-0.3839271982986879,False
0,542,0.06453198719097494,-0.5258654900244809,1.7440760209249568,2.087126635763817,-0.2956209744760748,0.0,0.2948996473394583,0.2069804399724859,-0.08304783749243105,0.33798128366470337,0.9071415066719055,0.6301827430725098,-0.08639244735240936,-0.12342818826436996,-0.5520220398902893,0.06359930617654312,-0.5233724529178136,1.74456987083897,2.08584179672157,-0.2949925024006759,0.0,0.29517245985931106,0.20686985211813977,-0.08344577490697036,-0.09517245985931103,-0.00686985211813975,0.08344577490697036,0.2,0.2,0.0,0.369979883405304,-0.3748862707530069,False
0,543,0.06359930617654312,-0.5233724529178136,1.74456987083897,2.08584179672157,-0.2949925024006759,0.0,0.29517245985931106,0.20686985211813977,-0.08344577490697036,-0.5047414898872375,0.7442429065704346,0.540086030960083,0.6396714448928833,-0.05463908612728119,0.4199291169643402,0.06339213031622709,-0.522616940458386,1.7447926018365627,2.085496336371276,-0.29481977505511553,0.0,0.29518620189573164,0.20686593964395936,-0.08344657262888067,-0.09518620189573164,-0.006865939643959348,0.08344657262888067,0.2,0.2,0.0,0.3699888393693963,-0.37016795865124197,False
0,544,0.06339213031622709,-0.522616940458386,1.7447926018365627,2.085496336371276,-0.29481977505511553,0.0,0.29518620189573164,0.20686593964395936,-0.08344657262888067,0.08129711449146271,0.8938775062561035,0.3965666890144348,-0.04253822937607765,-0.2646128833293915,0.4956248700618744,0.06339213031622709,-0.522616940458386,1.7447926018365627,2.085496336371276,-0.29481977505511553,0.0,0.295305415561166,0.20684533147319337,-0.08367643445132335,-0.09530541556116601,-0.0068453314731933505,0.08367643445132335,0.2,0.2,0.0,0.37012433761439517,-0.3728343025143725,False
0,545,0.06339213031622709,-0.522616940458386,1.7447926018365627,2.085496336371276,-0.29481977505511553,0.0,0.295305415561166,0.20684533147319337,-0.08367643445132335,-0.3440359830856323,0.8411116600036621,0.41970372200012207,-0.12696048617362976,0.3773801624774933,0.2633824348449707,0.06317798298010224,-0.5200917994093681,1.7460607193390905,2.085808593229782,-0.2953553099379139,0.0,0.2953964565430374,0.2068622058718406,-0.08380747521700532,-0.09539645654303741,-0.006862205871840579,0.08380747521700532,0.2,0.2,0.0,0.37023604856712067,-0.3724702676216306,False
0,546,0.06317798298010224,-0.5200917994093681,1.7460607193390905,2.085808593229782,-0.2953553099379139,0.0,0.2953964565430374,0.2068622058718406,-0.08380747521700532,-0.11945010721683502,0.9068441390991211,0.558883547782898,0.06911470741033554,-0.15999725461006165,-0.08405695855617523,0.06299786518963295,-0.5195737546247028,1.7463382327166836,2.0857563921231073,-0.2951976803552457,0.0,0.2954439319537703,0.206846022287228,-0.08386163491236881,-0.09544393195377024,-0.006846022287227988,0.08386163491236881,0.2,0.2,0.0,0.3702771498142005,-0.3710991747557974,False
0,547,0.06299786518963295,-0.5195737546247028,1.7463382327166836,2.0857563921231073,-0.2951976803552457,0.0,0.2954439319537703,0.206846022287228,-0.08386163491236881,-0.550743579864502,0.8140696883201599,0.6653609871864319,0.645269513130188,-0.1773274540901184,0.45549124479293823,0.06291135566101133,-0.5191039233803365,1.7466383484644818,2.085828822565201,-0.29528702052319206,0.0,0.2954439319537703,0.206846022287228,-0.08386163491236881,-0.09544393195377024,-0.006846022287227988,0.08386163491236881,0.2,0.2,0.0,0.3702771498142005,-0.3702771498142005,False
0,548,0.06291135566101133,-0.5191039233803365,1.7466383484644818,2.085828822565201,-0.29528702052319206,0.0,0.2954439319537703,0.206846022287228,-0.08386163491236881,-0.14520114660263062,0.9297918677330017,0.5503253936767578,0.7407213449478149,-0.012429637834429741,0.12920531630516052,0.06291135566101133,-0.5191039233803365,1.7466383484644818,2.085828822565201,-0.29528702052319206,0.0,0.29556773028963385,0.20682407179925438,-0.08411878423655647,-0.09556773028963383,-0.006824071799254379,0.08411878423655647,0.2,0.2,0.0,0.3704219887177666,-0.37331876678908843,False
0,549,0.06291135566101133,-0.5191039233803365,1.7466383484644818,2.085828822565201,-0.29528702052319206,0.0,0.29556773028963385,0.20682407179925438,-0.08411878423655647,-0.7821222543716431,0.825892448425293,0.741034746170044,0.5590243935585022,0.28351670503616333,-0.5061467289924622,0.06291135566101133,-0.5191039233803365,1.7466383484644818,2.085828822565201,-0.29528702052319206,0.0,0.29556773028963385,0.20682407179925438,-0.08411878423655647,-0.09556773028963383,-0.006824071799254379,0.08411878423655647,0.2,0.2,0.0,0.3704219887177666,-0.3704219887177666,False
0,550,0.06291135566101133,-0.5191039233803365,1.7466383484644818,2.085828822565201,-0.29528702052319206,0.0,0.29556773028963385,0.20682407179925438,-0.08411878423655647,0.1529499888420105,0.7184619903564453,0.4811382591724396,-0.4652359187602997,-0.2520880401134491,0.15873004496097565,0.06291135566101133,-0.5191039233803365,1.7466383484644818,2.085828822565201,-0.29528702052319206,0.0,0.2956530360448121,0.2068165637370438,-0.08435191399187653,-0.09565303604481204,-0.006816563737043785,0.08435191399187653,0.2,0.2,0.0,0.3705388699618524,-0.37287649484356883,False
0,551,0.06291135566101133,-0.5191039233803365,1.7466383484644818,2.085828822565201,-0.29528702052319206,0.0,0.2956530360448121,0.2068165637370438,-0.08435191399187653,-0.1780513972043991,0.9536432027816772,0.6279034614562988,0.424146831035614,0.5284003615379333,-0.26089736819267273,0.06291135566101133,-0.5191039233803365,1.7466383484644818,2.085828822565201,-0.29528702052319206,0.0,0.2956530360448121,0.2068165637370438,-0.08435191399187653,-0.09565303604481204,-0.006816563737043785,0.08435191399187653,0.2,0.2,0.0,0.3705388699618524,-0.3705388699618524,False
0,552,0.06291135566101133,-0.5191039233803365,1.7466383484644818,2.085828822565201,-0.29528702052319206,0.0,0.2956530360448121,0.2068165637370438,-0.08435191399187653,-0.40617892146110535,0.902987003326416,0.5425208806991577,-0.07864905893802643,-0.053908467292785645,0.33438417315483093,0.06266076682826784,-0.5183136906142772,1.747160933815377,2.0864602149690246,-0.29534599242626036,0.0,0.2957384604061706,0.20683766060297568,-0.08437679031606743,-0.0957384604061706,-0.006837660602975656,0.08437679031606743,0.2,0.2,0.0,0.37062446971451507,-0.372336464767768,False
0,553,0.06266076682826784,-0.5183136906142772,1.747160933815377,2.0864602149690246,-0.29534599242626036,0.0,0.2957384604061706,0.20683766060297568,-0.08437679031606743,0.25806713104248047,0.6546188592910767,0.5387555956840515,0.20324788987636566,-0.056647323071956635,0.6970787048339844,0.06266076682826784,-0.5183136906142772,1.747160933815377,2.0864602149690246,-0.29534599242626036,0.0,0.2957384604061706,0.20683766060297568,-0.08437679031606743,-0.0957384604061706,-0.006837660602975656,0.08437679031606743,0.2,0.2,0.0,0.37062446971451507,-0.37062446971451507,False
0,554,0.06266076682826784,-0.5183136906142772,1.747160933815377,2.0864602149690246,-0.29534599242626036,0.0,0.2957384604061706,0.20683766060297568,-0.08437679031606743,0.4856315851211548,0.779562771320343,0.3967660069465637,0.29438135027885437,0.19903863966464996,-0.548918604850769,0.06266076682826784,-0.5183136906142772,1.747160933815377,2.0864602149690246,-0.29534599242626036,0.0,0.2957384604061706,0.20683766060297568,-0.08437679031606743,-0.0957384604061706,-0.006837660602975656,0.08437679031606743,0.2,0.2,0.0,0.37062446971451507,-0.37062446971451507,False
0,555,0.06266076682826784,-0.5183136906142772,1.747160933815377,2.0864602149690246,-0.29534599242626036,0.0,0.2957384604061706,0.20683766060297568,-0.08437679031606743,-0.1545051485300064,0.8277005553245544,0.6465615034103394,-0.24423693120479584,0.46541082859039307,-0.27817514538764954,0.06266076682826784,-0.5183136906142772,1.747160933815377,2.0864602149690246,-0.29534599242626036,0.0,0.2957384604061706,0.20683766060297568,-0.08437679031606743,-0.0957384604061706,-0.006837660602975656,0.08437679031606743,0.2,0.2,0.0,0.37062446971451507,-0.37062446971451507,False
0,556,0.06266076682826784,-0.5183136906142772,1.747160933815377,2.0864602149690246,-0.29534599242626036,0.0,0.2957384604061706,0.20683766060297568,-0.08437679031606743,-0.588545560836792,0.8130565881729126,0.4431421160697937,-0.17114834487438202,-0.08405879884958267,-0.35979127883911133,0.06266076682826784,-0.5183136906142772,1.747160933815377,2.0864602149690246,-0.29534599242626036,0.0,0.29577366799726745,0.20683372435413844,-0.08442152839578186,-0.09577366799726744,-0.006833724354138436,0.08442152839578186,0.2,0.2,0.0,0.3706605545070062,-0.3713822503568286,False
0,557,0.06266076682826784,-0.5183136906142772,1.747160933815377,2.0864602149690246,-0.29534599242626036,0.0,0.29577366799726745,0.20683372435413844,-0.08442152839578186,0.1263829618692398,0.9624119400978088,0.7463756799697876,0.45323070883750916,0.09816504269838333,-0.5746755599975586,0.06266076682826784,-0.5183136906142772,1.747160933815377,2.0864602149690246,-0.29534599242626036,0.0,0.29577366799726745,0.20683372435413844,-0.08442152839578186,-0.09577366799726744,-0.006833724354138436,0.08442152839578186,0.2,0.2,0.0,0.3706605545070062,-0.3706605545070062,False
0,558,0.06266076682826784,-0.5183136906142772,1.747160933815377,2.0864602149690246,-0.29534599242626036,0.0,0.29577366799726745,0.20683372435413844,-0.08442152839578186,-0.7653536200523376,0.8705892562866211,0.5412898063659668,0.7338541746139526,0.030653001740574837,0.38191482424736023,0.06266076682826784,-0.5183136906142772,1.747160933815377,2.0864602149690246,-0.29534599242626036,0.0,0.29577366799726745,0.20683372435413844,-0.08442152839578186,-0.09577366799726744,-0.006833724354138436,0.08442152839578186,0.2,0.2,0.0,0.3706605545070062,-0.3706605545070062,False
0,559,0.06266076682826784,-0.5183136906142772,1.747160933815377,2.0864602149690246,-0.29534599242626036,0.0,0.29577366799726745,0.20683372435413844,-0.08442152839578186,-0.616386353969574,0.873446524143219,0.778089165687561,-0.6109291315078735,-0.19318538904190063,0.43324699997901917,0.06266076682826784,-0.5183136906142772,1.747160933815377,2.0864602149690246,-0.29534599242626036,0.0,0.29577366799726745,0.20683372435413844,-0.08442152839578186,-0.09577366799726744,-0.006833724354138436,0.08442152839578186,0.2,0.2,0.0,0.3706605545070062,-0.3706605545070062,False
0,560,0.06266076682826784,-0.5183136906142772,1.747160933815377,2.0864602149690246,-0.29534599242626036,0.0,0.29577366799726745,0.20683372435413844,-0.08442152839578186,0.45776161551475525,0.9225435853004456,0.6719300746917725,0.737163782119751,-0.07067500054836273,-0.5745833516120911,0.06266076682826784,-0.5183136906142772,1.747160933815377,2.0864602149690246,-0.29534599242626036,0.0,0.2960688937948108,0.20696455675426334,-0.08509679242904186,-0.09606889379481076,-0.006964556754263334,0.08509679242904186,0.2,0.2,0.0,0.3711234049572771,-0.3803804139626949,False
0,561,0.06266076682826784,-0.5183136906142772,1.747160933815377,2.0864602149690246,-0.29534599242626036,0.0,0.2960688937948108,0.20696455675426334,-0.08509679242904186,0.16632698476314545,0.8760500550270081,0.4671332836151123,0.9492751359939575,-0.27462881803512573,0.1902443766593933,0.06266076682826784,-0.5183136906142772,1.747160933815377,2.0864602149690246,-0.29534599242626036,0.0,0.2960688937948108,0.20696455675426334,-0.08509679242904186,-0.09606889379481076,-0.006964556754263334,0.08509679242904186,0.2,0.2,0.0,0.3711234049572771,-0.3711234049572771,False
0,562,0.06266076682826784,-0.5183136906142772,1.747160933815377,2.0864602149690246,-0.29534599242626036,0.0,0.2960688937948108,0.20696455675426334,-0.08509679242904186,0.1307598203420639,0.8372520208358765,0.6905262470245361,0.03110644780099392,-0.06647033989429474,-0.06957598030567169,0.06443564191604645,-0.5120630885356482,1.7515747190188307,2.089611723662536,-0.29576899257844874,0.0,0.296148728846071,0.20701179586810017,-0.08531089762674834,-0.09614872884607102,-0.007011795868100152,0.08531089762674834,0.2,0.2,0.0,0.37126257888395003,-0.3740460574174091,False
0,563,0.06443564191604645,-0.5120630885356482,1.7515747190188307,2.089611723662536,-0.29576899257844874,0.0,0.296148728846071,0.20701179586810017,-0.08531089762674834,-0.37578117847442627,0.9479522109031677,0.5890239477157593,0.08955942839384079,0.36144712567329407,-0.4022407531738281,0.06436553142231166,-0.5116535552835878,1.751873773569947,2.0896095831450494,-0.2956976758086971,0.0,0.296148728846071,0.20701179586810017,-0.08531089762674834,-0.09614872884607102,-0.007011795868100152,0.08531089762674834,0.2,0.2,0.0,0.37126257888395003,-0.37126257888395003,False
0,564,0.06436553142231166,-0.5116535552835878,1.751873773569947,2.0896095831450494,-0.2956976758086971,0.0,0.296148728846071,0.20701179586810017,-0.08531089762674834,-0.005543145351111889,0.900449812412262,0.44114193320274353,0.7513952851295471,-0.019579418003559113,-0.1948862373828888,0.06410148072769703,-0.510834711855995,1.7523601351288174,2.089807583626746,-0.29544827221396064,0.0,0.2962089759330871,0.20700404381344542,-0.0853884101255406,-0.0962089759330871,-0.007004043813445418,0.0853884101255406,0.2,0.2,0.0,0.3713241335574817,-0.37255522702811444,False
0,565,0.06410148072769703,-0.510834711855995,1.7523601351288174,2.089807583626746,-0.29544827221396064,0.0,0.2962089759330871,0.20700404381344542,-0.0853884101255406,-0.608473539352417,0.9437503814697266,0.6481648683547974,-0.28335312008857727,0.09609942883253098,-0.17701146006584167,0.06399430324305895,-0.5103078648311998,1.752650201612564,2.0900629444314394,-0.29544312248493165,0.0,0.2962729612845431,0.20699148437265805,-0.0855252330773896,-0.09627296128454309,-0.0069914843726580295,0.0855252330773896,0.2,0.2,0.0,0.3713996603176295,-0.372910195520586,False
0,566,0.06399430324305895,-0.5103078648311998,1.752650201612564,2.0900629444314394,-0.29544312248493165,0.0,0.2962729612845431,0.20699148437265805,-0.0855252330773896,0.2639557719230652,0.9189039468765259,0.6291021704673767,0.8715898394584656,0.2439657598733902,-0.28401291370391846,0.06358116295903321,-0.5095971168019248,1.7531401589775106,2.0899072322381844,-0.2953604166324446,0.0,0.2963472422411777,0.20696543559840047,-0.08562159779090056,-0.0963472422411777,-0.0069654355984004705,0.08562159779090056,0.2,0.2,0.0,0.3714666035118819,-0.37280546739692944,False
0,567,0.06358116295903321,-0.5095971168019248,1.7531401589775106,2.0899072322381844,-0.2953604166324446,0.0,0.2963472422411777,0.20696543559840047,-0.08562159779090056,-0.11320869624614716,0.9405421018600464,0.6877151727676392,0.6513797640800476,0.5098975300788879,0.7111352682113647,0.06372425363200708,-0.509067518483727,1.753505286845705,2.090412635773206,-0.29520214304703124,0.0,0.29641862833607807,0.20696920717636008,-0.0857786504552497,-0.09641862833607806,-0.006969207176360077,0.0857786504552497,0.2,0.2,0.0,0.3715618828913657,-0.37346747048104245,False
0,568,0.06372425363200708,-0.509067518483727,1.753505286845705,2.090412635773206,-0.29520214304703124,0.0,0.29641862833607807,0.20696920717636008,-0.0857786504552497,0.14321888983249664,0.8288782835006714,0.5800808072090149,0.412455677986145,0.11466921865940094,-0.21748217940330505,0.06372316065657938,-0.5086005925212753,1.753840805501808,2.0906939393188786,-0.2950275283004571,0.0,0.29646640343975167,0.20697160468272138,-0.08588592187408664,-0.09646640343975167,-0.006971604682721361,0.08588592187408664,0.2,0.2,0.0,0.3716261092679092,-0.37291063679877845,False
0,569,0.06372316065657938,-0.5086005925212753,1.753840805501808,2.0906939393188786,-0.2950275283004571,0.0,0.29646640343975167,0.20697160468272138,-0.08588592187408664,0.18165744841098785,0.841184675693512,0.6882952451705933,-0.18855953216552734,-0.09256784617900848,0.26723572611808777,0.06385726452607736,-0.5079200628831088,1.75435839230233,2.09077891622861,-0.2950222675308507,0.0,0.29646640343975167,0.20697160468272138,-0.08588592187408664,-0.09646640343975167,-0.006971604682721361,0.08588592187408664,0.2,0.2,0.0,0.3716261092679092,-0.3716261092679092,False
0,570,0.06385726452607736,-0.5079200628831088,1.75435839230233,2.09077891622861,-0.2950222675308507,0.0,0.29646640343975167,0.20697160468272138,-0.08588592187408664,0.19650527834892273,0.9049609303474426,0.6444617509841919,0.49667567014694214,0.35703223943710327,0.016645563766360283,0.06385726452607736,-0.5079200628831088,1.75435839230233,2.09077891622861,-0.2950222675308507,0.0,0.2971300483192707,0.2071467254704834,-0.0872048974375034,-0.09713004831927072,-0.007146725470483405,0.0872048974375034,0.2,0.2,0.0,0.37255969404169503,-0.39123138951741215,False
0,571,0.06385726452607736,-0.5079200628831088,1.75435839230233,2.09077891622861,-0.2950222675308507,0.0,0.2971300483192707,0.2071467254704834,-0.0872048974375034,-0.38471168279647827,0.947606086730957,0.5126999020576477,0.5435596704483032,0.5566977262496948,-0.9029767513275146,0.06548613503538836,-0.5002534690272439,1.7598781551624725,2.0944546718581587,-0.2923327992040852,0.0,0.297217129373504,0.20717168534149416,-0.0874114190940323,-0.09721712937350396,-0.007171685341494137,0.0874114190940323,0.2,0.2,0.0,0.3726914077199712,-0.37532568128549504,False
0,572,0.06548613503538836,-0.5002534690272439,1.7598781551624725,2.0944546718581587,-0.2923327992040852,0.0,0.297217129373504,0.20717168534149416,-0.0874114190940323,-0.7904716730117798,0.9496732950210571,0.6138783693313599,0.058202750980854034,-0.2677651643753052,0.13870257139205933,0.06516801851509445,-0.49982535312433723,1.7601199294530763,2.0945911209276376,-0.2922603623469208,0.0,0.29725969351541587,0.20715649150918383,-0.08751366338343725,-0.09725969351541587,-0.007156491509183823,0.08751366338343725,0.2,0.2,0.0,0.3727409001465537,-0.3737307486782032,False
0,573,0.06516801851509445,-0.49982535312433723,1.7601199294530763,2.0945911209276376,-0.2922603623469208,0.0,0.29725969351541587,0.20715649150918383,-0.08751366338343725,-0.5420533418655396,0.9404687285423279,0.5390208959579468,0.6878453493118286,0.10261005908250809,0.42478176951408386,0.06478082254225084,-0.49932626582518075,1.7604348819939013,2.094695420260426,-0.29236030116618805,0.0,0.29725969351541587,0.20715649150918383,-0.08751366338343725,-0.09725969351541587,-0.007156491509183823,0.08751366338343725,0.2,0.2,0.0,0.3727409001465537,-0.3727409001465537,False
0,574,0.06478082254225084,-0.49932626582518075,1.7604348819939013,2.094695420260426,-0.29236030116618805,0.0,0.29725969351541587,0.20715649150918383,-0.08751366338343725,-0.41310563683509827,0.7511275410652161,0.37642520666122437,-0.21243181824684143,0.14015556871891022,0.6719135642051697,0.06478082254225084,-0.49932626582518075,1.7604348819939013,2.094695420260426,-0.29236030116618805,0.0,0.29750038544879714,0.20699675631548733,-0.08818121496718603,-0.09750038544879713,-0.006996756315487336,0.08818121496718603,0.2,0.2,0.0,0.3730014251184641,-0.37821192455667263,False
0,575,0.06478082254225084,-0.49932626582518075,1.7604348819939013,2.094695420260426,-0.29236030116618805,0.0,0.29750038544879714,0.20699675631548733,-0.08818121496718603,-0.24086062610149384,0.9265952110290527,0.7149713039398193,0.265931099653244,-0.3685944974422455,-0.6400132179260254,0.06478082254225084,-0.49932626582518075,1.7604348819939013,2.094695420260426,-0.29236030116618805,0.0,0.29785842787027283,0.20692542937005526,-0.08869365565430443,-0.09785842787027284,-0.00692542937005524,0.08869365565430443,0.2,0.2,0.0,0.3733689072842791,-0.380718550600578,False
0,576,0.06478082254225084,-0.49932626582518075,1.7604348819939013,2.094695420260426,-0.29236030116618805,0.0,0.29785842787027283,0.20692542937005526,-0.08869365565430443,0.1032579317688942,0.943605363368988,0.6607948541641235,0.6800282001495361,-0.3996177017688751,0.4119410514831543,0.06198044198855311,-0.49224955089345407,1.7652016428981379,2.0971877167827206,-0.293497254146868,0.0,0.2980589679688157,0.2069038266222037,-0.08902725255028618,-0.09805896796881569,-0.0069038266222036905,0.08902725255028618,0.2,0.2,0.0,0.37359629756489676,-0.37814410317725056,False
0,577,0.06198044198855311,-0.49224955089345407,1.7652016428981379,2.0971877167827206,-0.293497254146868,0.0,0.2980589679688157,0.2069038266222037,-0.08902725255028618,-0.18519410490989685,0.9568360447883606,0.5886907577514648,0.3832235336303711,-0.12376276403665543,-0.6943470239639282,0.061800710998118354,-0.4911158884563416,1.7661021668521266,2.0975613194179625,-0.29404413433847965,0.0,0.2981134404743603,0.20692697251315467,-0.08920668947041369,-0.09811344047436024,-0.0069269725131546655,0.08920668947041369,0.2,0.2,0.0,0.3736953689720956,-0.3756767971160723,False
0,578,0.061800710998118354,-0.4911158884563416,1.7661021668521266,2.0975613194179625,-0.29404413433847965,0.0,0.2981134404743603,0.20692697251315467,-0.08920668947041369,-0.04019324481487274,0.9310760498046875,0.6455931067466736,0.7775282859802246,0.1400097757577896,-0.06813821941614151,0.06183719949913304,-0.49099657042453637,1.7661861335291518,2.0976658993132533,-0.2941053386928328,0.0,0.2981134404743603,0.20692697251315467,-0.08920668947041369,-0.09811344047436024,-0.0069269725131546655,0.08920668947041369,0.2,0.2,0.0,0.3736953689720956,-0.3736953689720956,False
0,579,0.06183719949913304,-0.49099657042453637,1.7661861335291518,2.0976658993132533,-0.2941053386928328,0.0,0.2981134404743603,0.20692697251315467,-0.08920668947041369,0.1698821634054184,0.9105690121650696,0.4722802937030792,0.2904984951019287,-0.035251569002866745,-0.34615495800971985,0.06183719949913304,-0.49099657042453637,1.7661861335291518,2.0976658993132533,-0.2941053386928328,0.0,0.29816740402403086,0.20692552960534466,-0.08934477849996826,-0.09816740402403086,-0.006925529605344653,0.08934477849996826,0.2,0.2,0.0,0.37377060487696245,-0.37527532297429955,False
0,580,0.06183719949913304,-0.49099657042453637,1.7661861335291518,2.0976658993132533,-0.2941053386928328,0.0,0.29816740402403086,0.20692552960534466,-0.08934477849996826,-0.499316543340683,0.9100452661514282,0.4713713824748993,0.9800652265548706,-0.5762789249420166,-0.7518554925918579,0.06183719949913304,-0.49099657042453637,1.7661861335291518,2.0976658993132533,-0.2941053386928328,0.0,0.29875060495693206,0.20691611274552818,-0.09128856853599214,-0.09875060495693208,-0.0069161127455281655,0.09128856853599214,0.2,0.2,0.0,0.37469961892321635,-0.39327989984829426,False
0,581,0.06183719949913304,-0.49099657042453637,1.7661861335291518,2.0976658993132533,-0.2941053386928328,0.0,0.29875060495693206,0.20691611274552818,-0.09128856853599214,0.023052720353007317,0.9093910455703735,0.5347562432289124,0.7655222415924072,-0.1783560812473297,-0.21241940557956696,0.06183719949913304,-0.49099657042453637,1.7661861335291518,2.0976658993132533,-0.2941053386928328,0.0,0.29882156286222417,0.20673991864054925,-0.09193327271458593,-0.09882156286222413,-0.006739918640549236,0.09193327271458593,0.2,0.2,0.0,0.3748165511592805,-0.377155195880563,False
0,582,0.06183719949913304,-0.49099657042453637,1.7661861335291518,2.0976658993132533,-0.2941053386928328,0.0,0.29882156286222417,0.20673991864054925,-0.09193327271458593,-0.2645125091075897,0.9230893850326538,0.347624272108078,0.548249363899231,0.32433944940567017,0.12690064311027527,0.06183719949913304,-0.49099657042453637,1.7661861335291518,2.0976658993132533,-0.2941053386928328,0.0,0.29882156286222417,0.20673991864054925,-0.09193327271458593,-0.09882156286222413,-0.006739918640549236,0.09193327271458593,0.2,0.2,0.0,0.3748165511592805,-0.3748165511592805,False
0,583,0.06183719949913304,-0.49099657042453637,1.7661861335291518,2.0976658993132533,-0.2941053386928328,0.0,0.29882156286222417,0.20673991864054925,-0.09193327271458593,-0.14872954785823822,0.8975974321365356,0.5038043856620789,0.37099483609199524,0.028481030836701393,-0.40990832448005676,0.05887148240483264,-0.47644884398622694,1.7737946197546037,2.108328846454702,-0.29912030993475514,0.0,0.2988394320731591,0.20669797603998383,-0.09209549009917664,-0.09883943207315912,-0.006697976039983825,0.09209549009917664,0.2,0.2,0.0,0.3748474873297693,-0.37546621073954584,False
0,584,0.05887148240483264,-0.47644884398622694,1.7737946197546037,2.108328846454702,-0.29912030993475514,0.0,0.2988394320731591,0.20669797603998383,-0.09209549009917664,-0.43233123421669006,0.838485836982727,0.6199288368225098,0.10426697880029678,-0.047102171927690506,-0.4297909736633301,0.05878552324518599,-0.47622659884284213,1.7739498031434204,2.108349825753547,-0.29909541536523465,0.0,0.2988474749648016,0.20669432938093446,-0.0921359103222838,-0.09884747496480153,-0.006694329380934462,0.0921359103222838,0.2,0.2,0.0,0.3748618212915098,-0.37514850052631976,False
0,585,0.05878552324518599,-0.47622659884284213,1.7739498031434204,2.108349825753547,-0.29909541536523465,0.0,0.2988474749648016,0.20669432938093446,-0.0921359103222838,-0.4453727900981903,0.8233680129051208,0.4853997528553009,0.22884511947631836,-0.5683361291885376,-0.21804550290107727,0.05840306724203903,-0.4754936151335159,1.7744698513878407,2.108463841846009,-0.2992312784633707,0.0,0.29889960048805403,0.20667430376915502,-0.0922200487298239,-0.09889960048805402,-0.006674303769155019,0.0922200487298239,0.2,0.2,0.0,0.3749130251113108,-0.3759371015073309,False
0,586,0.05840306724203903,-0.4754936151335159,1.7744698513878407,2.108463841846009,-0.2992312784633707,0.0,0.29889960048805403,0.20667430376915502,-0.0922200487298239,-0.7514137625694275,0.9707798361778259,0.5308077931404114,0.2013762891292572,0.6379446983337402,-0.4336077570915222,0.05809105572678405,-0.4749922694579494,1.774756544858254,2.10859235573506,-0.2993486534942543,0.0,0.29895798239645793,0.20664381675986124,-0.09233529994533453,-0.09895798239645794,-0.006643816759861224,0.09233529994533453,0.2,0.2,0.0,0.3749711320350393,-0.376133270509609,False
0,587,0.05809105572678405,-0.4749922694579494,1.774756544858254,2.10859235573506,-0.2993486534942543,0.0,0.29895798239645793,0.20664381675986124,-0.09233529994533453,0.05200818181037903,0.9215717911720276,0.6015852689743042,0.6059775352478027,0.29055771231651306,-0.5954322814941406,0.05778771013346321,-0.47454273008640463,1.775007990792117,2.1087100742641733,-0.29906445832634404,0.0,0.29900190763922163,0.20660817064220868,-0.09243327678789114,-0.09900190763922163,-0.006608170642208674,0.09243327678789114,0.2,0.2,0.0,0.37501064998978434,-0.37580100908468533,False
0,588,0.05778771013346321,-0.47454273008640463,1.775007990792117,2.1087100742641733,-0.29906445832634404,0.0,0.29900190763922163,0.20660817064220868,-0.09243327678789114,0.21594741940498352,0.9762160181999207,0.5380154848098755,0.13630364835262299,-0.03377221152186394,-0.5337409377098083,0.05783578405329846,-0.474004382925812,1.7753544871407385,2.1090380785110883,-0.2989187000843296,0.0,0.29900190763922163,0.20660817064220868,-0.09243327678789114,-0.09900190763922163,-0.006608170642208674,0.09243327678789114,0.2,0.2,0.0,0.37501064998978434,-0.37501064998978434,False
0,589,0.05783578405329846,-0.474004382925812,1.7753544871407385,2.1090380785110883,-0.2989187000843296,0.0,0.29900190763922163,0.20660817064220868,-0.09243327678789114,-0.357357382774353,0.9274716973304749,0.44442617893218994,0.6699277758598328,0.2663972079753876,-0.195426806807518,0.05783578405329846,-0.474004382925812,1.7753544871407385,2.1090380785110883,-0.2989187000843296,0.0,0.29920261827144484,0.20667004622688007,-0.09290375152071244,-0.09920261827144483,-0.006670046226880043,0.09290375152071244,0.2,0.2,0.0,0.37532095842695884,-0.38152712717044884,False
0,590,0.05783578405329846,-0.474004382925812,1.7753544871407385,2.1090380785110883,-0.2989187000843296,0.0,0.29920261827144484,0.20667004622688007,-0.09290375152071244,-0.2238023281097412,0.9773759841918945,0.5976433753967285,0.2014969438314438,0.08829466253519058,0.3602195084095001,0.05783578405329846,-0.474004382925812,1.7753544871407385,2.1090380785110883,-0.2989187000843296,0.0,0.2992370693445361,0.20664155283044355,-0.09307191235468568,-0.09923706934453608,-0.0066415528304435345,0.09307191235468568,0.2,0.2,0.0,0.3753743942991344,-0.3764431117426453,False
0,591,0.05783578405329846,-0.474004382925812,1.7753544871407385,2.1090380785110883,-0.2989187000843296,0.0,0.2992370693445361,0.20664155283044355,-0.09307191235468568,0.1399945169687271,0.9369013905525208,0.7214336395263672,0.5792086124420166,0.07102388143539429,-0.444576233625412,0.05783578405329846,-0.474004382925812,1.7753544871407385,2.1090380785110883,-0.2989187000843296,0.0,0.29937195500873637,0.20661986446437372,-0.093365831060398,-0.09937195500873633,-0.00661986446437371,0.093365831060398,0.2,0.2,0.0,0.3755429592558324,-0.37891425838979315,False
0,592,0.05783578405329846,-0.474004382925812,1.7753544871407385,2.1090380785110883,-0.2989187000843296,0.0,0.29937195500873637,0.20661986446437372,-0.093365831060398,0.5917798280715942,0.8406394124031067,0.5639946460723877,-0.03302326798439026,0.16006061434745789,-0.3794096112251282,0.057753613363219325,-0.4685721576763074,1.7785691339014609,2.110749798206768,-0.29856405929068325,0.0,0.29937195500873637,0.20661986446437372,-0.093365831060398,-0.09937195500873633,-0.00661986446437371,0.093365831060398,0.2,0.2,0.0,0.3755429592558324,-0.3755429592558324,False
0,593,0.057753613363219325,-0.4685721576763074,1.7785691339014609,2.110749798206768,-0.29856405929068325,0.0,0.29937195500873637,0.20661986446437372,-0.093365831060398,-0.058837853372097015,0.5626233220100403,0.34466877579689026,0.8380327224731445,-0.4650799036026001,-0.3911682069301605,0.057855359749664895,-0.4684241119403155,1.778668593643812,2.1107818474414777,-0.29856581312676694,0.0,0.29941639953983584,0.20663837555026,-0.09348459807256956,-0.09941639953983582,-0.00663837555025997,0.09348459807256956,0.2,0.2,0.0,0.37561811543140294,-0.3771212389428134,False
0,594,0.057855359749664895,-0.4684241119403155,1.778668593643812,2.1107818474414777,-0.29856581312676694,0.0,0.29941639953983584,0.20663837555026,-0.09348459807256956,0.5452313423156738,0.787739634513855,0.547232985496521,0.8475040793418884,-0.26313281059265137,-0.4767519235610962,0.05780290250139659,-0.467962270392893,1.7789512098986504,2.111476453860657,-0.2989518688400875,0.0,0.29941639953983584,0.20663837555026,-0.09348459807256956,-0.09941639953983582,-0.00663837555025997,0.09348459807256956,0.2,0.2,0.0,0.37561811543140294,-0.37561811543140294,False
0,595,0.05780290250139659,-0.467962270392893,1.7789512098986504,2.111476453860657,-0.2989518688400875,0.0,0.29941639953983584,0.20663837555026,-0.09348459807256956,-0.5836385488510132,0.9289773106575012,0.469745397567749,-0.011459027417004108,-0.2042791247367859,-0.621256411075592,0.05778244646274632,-0.4676999023289408,1.779109735548978,2.111765970675901,-0.2991130229711074,0.0,0.29943585269382483,0.20663300295033127,-0.09367642164919646,-0.09943585269382484,-0.006633002950331254,0.09367642164919646,0.2,0.2,0.0,0.3756784526157278,-0.3768851963022249,False
0,596,0.05778244646274632,-0.4676999023289408,1.779109735548978,2.111765970675901,-0.2991130229711074,0.0,0.29943585269382483,0.20663300295033127,-0.09367642164919646,0.27196863293647766,0.47604018449783325,0.43601149320602417,0.7212589979171753,0.003578245174139738,-0.2871812880039215,0.05778244646274632,-0.4676999023289408,1.779109735548978,2.111765970675901,-0.2991130229711074,0.0,0.2995847697446365,0.20668190491445895,-0.09429059446425199,-0.0995847697446365,-0.0066819049144589285,0.09429059446425199,0.2,0.2,0.0,0.37597760609700986,-0.3819606757226512,False
0,597,0.05778244646274632,-0.4676999023289408,1.779109735548978,2.111765970675901,-0.2991130229711074,0.0,0.2995847697446365,0.20668190491445895,-0.09429059446425199,-0.5239623188972473,0.93019038438797,0.6181807518005371,0.8726157546043396,-0.12771134078502655,0.3695757985115051,0.05778244646274632,-0.4676999023289408,1.779109735548978,2.111765970675901,-0.2991130229711074,0.0,0.2997136959390136,0.20681406718802958,-0.09504712316033806,-0.0997136959390136,-0.006814067188029559,0.09504712316033806,0.2,0.2,0.0,0.3763433452863685,-0.3836581290735408,False
0,598,0.05778244646274632,-0.4676999023289408,1.779109735548978,2.111765970675901,-0.2991130229711074,0.0,0.2997136959390136,0.20681406718802958,-0.09504712316033806,-0.17904801666736603,0.9308556318283081,0.839134156703949,-0.7778126001358032,-0.3513339161872864,-0.2450939118862152,0.0594762452084031,-0.46253847587470803,1.7834840208777998,2.1184657819767443,-0.2992707146304826,0.0,0.29973779176421544,0.2068226097573631,-0.09518011401297075,-0.09973779176421546,-0.006822609757363107,0.09518011401297075,0.2,0.2,0.0,0.37640083663835927,-0.3775506636781751,False
0,599,0.0594762452084031,-0.46253847587470803,1.7834840208777998,2.1184657819767443,-0.2992707146304826,0.0,0.29973779176421544,0.2068226097573631,-0.09518011401297075,-0.26350805163383484,0.9256489276885986,0.6892424821853638,0.7569764256477356,-0.05937796086072922,-0.22158265113830566,0.05942043398887819,-0.4623503329133195,1.7836472719014649,2.118330747631242,-0.29933549989164115,0.0,0.29978039192287675,0.20679826956454664,-0.0952684050168511,-0.09978039192287673,-0.006798269564546634,0.0952684050168511,0.2,0.2,0.0,0.3764437231124717,-0.3773014525947204,False
0,600,0.05942043398887819,-0.4623503329133195,1.7836472719014649,2.118330747631242,-0.29933549989164115,0.0,0.29978039192287675,0.20679826956454664,-0.0952684050168511,-0.1586998999118805,0.9650458693504333,0.5081764459609985,0.7341769337654114,-0.3232545256614685,0.07680557668209076,0.05942043398887819,-0.4623503329133195,1.7836472719014649,2.118330747631242,-0.29933549989164115,0.0,0.30011580124626513,0.20668905311581898,-0.09699484826010465,-0.10011580124626515,-0.006689053115818976,0.09699484826010465,0.2,0.2,0.0,0.37709131443803146,-0.39004314094922643,False
0,601,0.05942043398887819,-0.4623503329133195,1.7836472719014649,2.118330747631242,-0.29933549989164115,0.0,0.30011580124626513,0.20668905311581898,-0.09699484826010465,0.20431458950042725,0.8368565440177917,0.7108155488967896,0.8860780000686646,0.4122250974178314,-0.723050594329834,0.05942043398887819,-0.4623503329133195,1.7836472719014649,2.118330747631242,-0.29933549989164115,0.0,0.30037797686929096,0.20668473284377126,-0.09848718636088667,-0.10037797686929095,-0.006684732843771248,0.09848718636088667,0.2,0.2,0.0,0.3776840394510647,-0.38953853971172986,False
0,602,0.05942043398887819,-0.4623503329133195,1.7836472719014649,2.118330747631242,-0.29933549989164115,0.0,0.30037797686929096,0.20668473284377126,-0.09848718636088667,0.15575392544269562,0.9402081370353699,0.28253254294395447,0.7222356796264648,0.05358929559588432,-0.23274919390678406,0.05942043398887819,-0.4623503329133195,1.7836472719014649,2.118330747631242,-0.29933549989164115,0.0,0.30061887624868566,0.20691560370449866,-0.09962199911167251,-0.10061887624868565,-0.006915603704498639,0.09962199911167251,0.2,0.2,0.0,0.37829924467334825,-0.3906033491190189,False
0,603,0.05942043398887819,-0.4623503329133195,1.7836472719014649,2.118330747631242,-0.29933549989164115,0.0,0.30061887624868566,0.20691560370449866,-0.09962199911167251,0.6830552816390991,0.747046172618866,0.5976024866104126,0.37438321113586426,-0.08829033374786377,-0.24439369142055511,0.061186267892467956,-0.44191608045527153,1.7947918550382151,2.135861470710744,-0.29773948033460973,0.0,0.3004364410926237,0.20699627660021094,-0.0999586086653883,-0.10043644109262366,-0.006996276600210943,0.0999586086653883,0.2,0.2,0.0,0.3782872415362073,-0.37804717879338834,False
0,604,0.061186267892467956,-0.44191608045527153,1.7947918550382151,2.135861470710744,-0.29773948033460973,0.0,0.3004364410926237,0.20699627660021094,-0.0999586086653883,-0.775008499622345,0.9090556502342224,0.5423880815505981,0.5552605390548706,0.5331700444221497,-0.05120072886347771,0.061446280720326346,-0.44161182063466753,1.7948270755013944,2.135940581947383,-0.29775744577307744,0.0,0.3004266366083843,0.2070133526625909,-0.0999866121201687,-0.1004266366083843,-0.007013352662590889,0.0999866121201687,0.2,0.2,0.0,0.37829619977961915,-0.37847536464785614,False
0,605,0.061446280720326346,-0.44161182063466753,1.7948270755013944,2.135940581947383,-0.29775744577307744,0.0,0.3004266366083843,0.2070133526625909,-0.0999866121201687,-0.4778166711330414,0.7563892602920532,0.46501657366752625,0.19189926981925964,0.45113512873649597,-0.18372301757335663,0.061129133735797585,-0.44121200176738107,1.7950691821086378,2.136137816617536,-0.2975193737674124,0.0,0.3004506440702869,0.2069970597728667,-0.10006038994394366,-0.10045064407028685,-0.006997059772866677,0.10006038994394366,0.2,0.2,0.0,0.37832585678564984,-0.3789189969062637,False
0,606,0.061129133735797585,-0.44121200176738107,1.7950691821086378,2.136137816617536,-0.2975193737674124,0.0,0.3004506440702869,0.2069970597728667,-0.10006038994394366,-0.7441276907920837,0.920108437538147,0.48031723499298096,-0.0393344983458519,0.41986241936683655,-0.5634254217147827,0.06089168668798168,-0.4408498184855928,1.7952867895658466,2.136211674705637,-0.2973110839026545,0.0,0.3004506440702869,0.2069970597728667,-0.10006038994394366,-0.10045064407028685,-0.006997059772866677,0.10006038994394366,0.2,0.2,0.0,0.37832585678564984,-0.37832585678564984,False
0,607,0.06089168668798168,-0.4408498184855928,1.7952867895658466,2.136211674705637,-0.2973110839026545,0.0,0.3004506440702869,0.2069970597728667,-0.10006038994394366,-0.35204875469207764,0.7042707204818726,0.6288948655128479,-0.3745652437210083,0.4272480010986328,-0.5230137705802917,0.06049904127436867,-0.44036600072448867,1.7955386516249092,2.136188793931567,-0.2970913666492656,0.0,0.3004864347936255,0.20696531223714834,-0.10014682380834514,-0.10048643479362551,-0.006965312237148343,0.10014682380834514,0.2,0.2,0.0,0.37835978153512007,-0.3790382765245246,False
0,608,0.06049904127436867,-0.44036600072448867,1.7955386516249092,2.136188793931567,-0.2970913666492656,0.0,0.3004864347936255,0.20696531223714834,-0.10014682380834514,-0.39747902750968933,0.9313255548477173,0.6990063190460205,-0.12954862415790558,0.23576314747333527,-0.7429369688034058,0.060396800273595404,-0.4401493243266729,1.7957265535473672,2.1360924092503804,-0.29697870126896003,0.0,0.30053713706392365,0.20693197872305713,-0.10021762044772126,-0.10053713706392366,-0.006931978723057118,0.10021762044772126,0.2,0.2,0.0,0.3784005629237659,-0.37921619069668244,False
0,609,0.060396800273595404,-0.4401493243266729,1.7957265535473672,2.1360924092503804,-0.29697870126896003,0.0,0.30053713706392365,0.20693197872305713,-0.10021762044772126,-0.31829237937927246,0.8955782055854797,0.5046736001968384,0.24846014380455017,0.08791320770978928,-0.1541314572095871,0.06016846318352788,-0.43960478444465256,1.7961246113412692,2.136040608375659,-0.2968505443935664,0.0,0.30053713706392365,0.20693197872305713,-0.10021762044772126,-0.10053713706392366,-0.006931978723057118,0.10021762044772126,0.2,0.2,0.0,0.3784005629237659,-0.3784005629237659,False
0,610,0.06016846318352788,-0.43960478444465256,1.7961246113412692,2.136040608375659,-0.2968505443935664,0.0,0.30053713706392365,0.20693197872305713,-0.10021762044772126,-0.035377468913793564,0.9200498461723328,0.7727956771850586,0.3918147683143616,0.11335312575101852,-0.8659961223602295,0.06016846318352788,-0.43960478444465256,1.7961246113412692,2.136040608375659,-0.2968505443935664,0.0,0.30160711697802767,0.2069253985560717,-0.10309700986859162,-0.10160711697802763,-0.006925398556071678,0.10309700986859162,0.2,0.2,0.0,0.3800183772177752,-0.41237466309796145,False
0,611,0.06016846318352788,-0.43960478444465256,1.7961246113412692,2.136040608375659,-0.2968505443935664,0.0,0.30160711697802767,0.2069253985560717,-0.10309700986859162,-0.22588537633419037,0.8378486633300781,0.5202711820602417,0.40513646602630615,-0.0039050381164997816,-0.06990201771259308,0.059545982303262475,-0.4243657246480623,1.8088920308930905,2.142514450011453,-0.2949764243644353,0.0,0.30170268301917963,0.20692687644234656,-0.1033738591250183,-0.10170268301917962,-0.0069268764423465416,0.1033738591250183,0.2,0.2,0.0,0.3801702196195237,-0.3832070676544933,False
0,612,0.059545982303262475,-0.4243657246480623,1.8088920308930905,2.142514450011453,-0.2949764243644353,0.0,0.30170268301917963,0.20692687644234656,-0.1033738591250183,-0.06843136250972748,0.9502184987068176,0.7110788226127625,0.013416379690170288,0.23070570826530457,-0.7915747165679932,0.059488895763733486,-0.42389556794226657,1.80923973564398,2.1426534246802205,-0.29491695359910663,0.0,0.3017380826925203,0.20692629594953035,-0.10348034739950022,-0.10173808269252028,-0.00692629594953034,0.10348034739950022,0.2,0.2,0.0,0.38022696485161606,-0.38136186949346346,False
0,613,0.059488895763733486,-0.42389556794226657,1.80923973564398,2.1426534246802205,-0.29491695359910663,0.0,0.3017380826925203,0.20692629594953035,-0.10348034739950022,0.3598802983760834,0.9304760694503784,0.5153990983963013,0.5259186625480652,0.3780622184276581,-0.44314178824424744,0.05946128869586431,-0.4235059672579149,1.8095314513870602,2.1426569600756773,-0.29482149971268573,0.0,0.3017824108806741,0.2069232040438042,-0.1035726549955342,-0.10178241088067407,-0.0069232040438041865,0.1035726549955342,0.2,0.2,0.0,0.3802855910385375,-0.38145811477696606,False
0,614,0.05946128869586431,-0.4235059672579149,1.8095314513870602,2.1426569600756773,-0.29482149971268573,0.0,0.3017824108806741,0.2069232040438042,-0.1035726549955342,0.657243013381958,0.6207035779953003,0.6216799020767212,-0.16283690929412842,0.04316689446568489,-0.48990562558174133,0.05946128869586431,-0.4235059672579149,1.8095314513870602,2.1426569600756773,-0.29482149971268573,0.0,0.30184043473334493,0.20700309813280265,-0.10399849656532564,-0.10184043473334492,-0.007003098132802638,0.10399849656532564,0.2,0.2,0.0,0.38049128500458645,-0.38460516432556585,False
0,615,0.05946128869586431,-0.4235059672579149,1.8095314513870602,2.1426569600756773,-0.29482149971268573,0.0,0.30184043473334493,0.20700309813280265,-0.10399849656532564,-0.7189465761184692,0.9246567487716675,0.7574585676193237,0.7477818727493286,0.3180702030658722,-0.7854217290878296,0.05946128869586431,-0.4235059672579149,1.8095314513870602,2.1426569600756773,-0.29482149971268573,0.0,0.3019001467509701,0.20705743752866124,-0.10406443363214854,-0.10190014675097006,-0.0070574375286612135,0.10406443363214854,0.2,0.2,0.0,0.3805862417263301,-0.382485376161203,False
0,616,0.05946128869586431,-0.4235059672579149,1.8095314513870602,2.1426569600756773,-0.29482149971268573,0.0,0.3019001467509701,0.20705743752866124,-0.10406443363214854,-0.25850024819374084,0.9214217066764832,0.6461331844329834,0.5769876837730408,0.09885594248771667,-0.49324938654899597,0.05946128869586431,-0.4235059672579149,1.8095314513870602,2.1426569600756773,-0.29482149971268573,0.0,0.3019001467509701,0.20705743752866124,-0.10406443363214854,-0.10190014675097006,-0.0070574375286612135,0.10406443363214854,0.2,0.2,0.0,0.3805862417263301,-0.3805862417263301,False
0,617,0.05946128869586431,-0.4235059672579149,1.8095314513870602,2.1426569600756773,-0.29482149971268573,0.0,0.3019001467509701,0.20705743752866124,-0.10406443363214854,-0.1343623548746109,0.9232121706008911,0.7903476357460022,0.013316321186721325,-0.1894930601119995,0.07897881418466568,0.05946128869586431,-0.4235059672579149,1.8095314513870602,2.1426569600756773,-0.29482149971268573,0.0,0.3019001467509701,0.20705743752866124,-0.10406443363214854,-0.10190014675097006,-0.0070574375286612135,0.10406443363214854,0.2,0.2,0.0,0.3805862417263301,-0.3805862417263301,False
0,618,0.05946128869586431,-0.4235059672579149,1.8095314513870602,2.1426569600756773,-0.29482149971268573,0.0,0.3019001467509701,0.20705743752866124,-0.10406443363214854,-0.13708718121051788,0.9077191948890686,0.8143869638442993,0.3535248339176178,0.2672799527645111,0.17726381123065948,0.05946128869586431,-0.4235059672579149,1.8095314513870602,2.1426569600756773,-0.29482149971268573,0.0,0.30195191384046255,0.20707511253321148,-0.10416944705674978,-0.10195191384046252,-0.007075112533211467,0.10416944705674978,0.2,0.2,0.0,0.3806656462076258,-0.3822537358335393,False
0,619,0.05946128869586431,-0.4235059672579149,1.8095314513870602,2.1426569600756773,-0.29482149971268573,0.0,0.30195191384046255,0.20707511253321148,-0.10416944705674978,0.2735871374607086,0.895837128162384,0.1751708686351776,0.573515772819519,-0.09622429311275482,-0.7928506135940552,0.05946128869586431,-0.4235059672579149,1.8095314513870602,2.1426569600756773,-0.29482149971268573,0.0,0.30195191384046255,0.20707511253321148,-0.10416944705674978,-0.10195191384046252,-0.007075112533211467,0.10416944705674978,0.2,0.2,0.0,0.3806656462076258,-0.3806656462076258,False
0,620,0.05946128869586431,-0.4235059672579149,1.8095314513870602,2.1426569600756773,-0.29482149971268573,0.0,0.30195191384046255,0.20707511253321148,-0.10416944705674978,-0.4940964877605438,0.8011248707771301,0.6205113530158997,0.4507749378681183,0.30248433351516724,-0.16442161798477173,0.05946128869586431,-0.4235059672579149,1.8095314513870602,2.1426569600756773,-0.29482149971268573,0.0,0.3020332079155836,0.2069911512785274,-0.10445784365690894,-0.10203320791558355,-0.006991151278527385,0.10445784365690894,0.2,0.2,0.0,0.3807634915440812,-0.38272039827318927,False
0,621,0.05946128869586431,-0.4235059672579149,1.8095314513870602,2.1426569600756773,-0.29482149971268573,0.0,0.3020332079155836,0.2069911512785274,-0.10445784365690894,0.499470591545105,0.6832277774810791,0.6546976566314697,0.6228040456771851,0.45503002405166626,0.3384890854358673,0.05946128869586431,-0.4235059672579149,1.8095314513870602,2.1426569600756773,-0.29482149971268573,0.0,0.3020332079155836,0.2069911512785274,-0.10445784365690894,-0.10203320791558355,-0.006991151278527385,0.10445784365690894,0.2,0.2,0.0,0.3807634915440812,-0.3807634915440812,False
0,622,0.05946128869586431,-0.4235059672579149,1.8095314513870602,2.1426569600756773,-0.29482149971268573,0.0,0.3020332079155836,0.2069911512785274,-0.10445784365690894,0.2505393922328949,0.9725140929222107,0.7075135707855225,0.618345320224762,0.07941865921020508,-0.4162112772464752,0.05946128869586431,-0.4235059672579149,1.8095314513870602,2.1426569600756773,-0.29482149971268573,0.0,0.3020332079155836,0.2069911512785274,-0.10445784365690894,-0.10203320791558355,-0.006991151278527385,0.10445784365690894,0.2,0.2,0.0,0.3807634915440812,-0.3807634915440812,False
0,623,0.05946128869586431,-0.4235059672579149,1.8095314513870602,2.1426569600756773,-0.29482149971268573,0.0,0.3020332079155836,0.2069911512785274,-0.10445784365690894,0.09018001705408096,0.8630272746086121,0.5039636492729187,0.6261569261550903,-0.26406821608543396,-0.7614966630935669,0.05946128869586431,-0.4235059672579149,1.8095314513870602,2.1426569600756773,-0.29482149971268573,0.0,0.3020817265981816,0.20696331336685742,-0.10474484657955266,-0.1020817265981816,-0.006963313366857413,0.10474484657955266,0.2,0.2,0.0,0.3808656790908057,-0.3829094300252963,False
0,624,0.05946128869586431,-0.4235059672579149,1.8095314513870602,2.1426569600756773,-0.29482149971268573,0.0,0.3020817265981816,0.20696331336685742,-0.10474484657955266,0.28428953886032104,0.883360743522644,0.7060940265655518,0.5691657066345215,0.3249301612377167,-0.7482551336288452,0.05981190369430215,-0.41692714160901223,1.814109681619562,2.1460737778344723,-0.2937703977284905,0.0,0.3020969946853699,0.20697441835397395,-0.10493208272701213,-0.10209699468536987,-0.006974418353973933,0.10493208272701213,0.2,0.2,0.0,0.38093535676847684,-0.3823289103218995,False
0,625,0.05981190369430215,-0.41692714160901223,1.814109681619562,2.1460737778344723,-0.2937703977284905,0.0,0.3020969946853699,0.20697441835397395,-0.10493208272701213,0.3200875520706177,0.9453616142272949,0.6403092741966248,-0.3124600648880005,0.04041701927781105,0.42065784335136414,0.059975889767275734,-0.416519335290323,1.8144413791812566,2.1462954757550223,-0.29361265137796644,0.0,0.3020969946853699,0.20697441835397395,-0.10493208272701213,-0.10209699468536987,-0.006974418353973933,0.10493208272701213,0.2,0.2,0.0,0.38093535676847684,-0.38093535676847684,False
0,626,0.059975889767275734,-0.416519335290323,1.8144413791812566,2.1462954757550223,-0.29361265137796644,0.0,0.3020969946853699,0.20697441835397395,-0.10493208272701213,-0.6493326425552368,0.8685886859893799,0.6133273839950562,-0.2120346873998642,0.28316226601600647,-0.5438501834869385,0.059975889767275734,-0.416519335290323,1.8144413791812566,2.1462954757550223,-0.29361265137796644,0.0,0.3022274455127295,0.2070378000679636,-0.10516510186678475,-0.10222744551272947,-0.00703780006796359,0.10516510186678475,0.2,0.2,0.0,0.3811374793021321,-0.38517992997523726,False
0,627,0.059975889767275734,-0.416519335290323,1.8144413791812566,2.1462954757550223,-0.29361265137796644,0.0,0.3022274455127295,0.2070378000679636,-0.10516510186678475,0.23826894164085388,0.6885689496994019,0.5951756834983826,0.6475630402565002,0.5137787461280823,0.05022911727428436,0.059975889767275734,-0.416519335290323,1.8144413791812566,2.1462954757550223,-0.29361265137796644,0.0,0.30237625148966085,0.20702570877389728,-0.10537785646086484,-0.10237625148966087,-0.007025708773897263,0.10537785646086484,0.2,0.2,0.0,0.381307663430149,-0.38471134599048684,False
0,628,0.059975889767275734,-0.416519335290323,1.8144413791812566,2.1462954757550223,-0.29361265137796644,0.0,0.30237625148966085,0.20702570877389728,-0.10537785646086484,0.06617989391088486,0.9046915769577026,0.6002877950668335,0.6304805278778076,-0.29468995332717896,-0.4430617690086365,0.059975889767275734,-0.416519335290323,1.8144413791812566,2.1462954757550223,-0.29361265137796644,0.0,0.30247620708028805,0.2071425296071019,-0.10627357219189237,-0.10247620708028805,-0.007142529607101887,0.10627357219189237,0.2,0.2,0.0,0.3816987759583881,-0.3895210265231699,False
0,629,0.059975889767275734,-0.416519335290323,1.8144413791812566,2.1462954757550223,-0.29361265137796644,0.0,0.30247620708028805,0.2071425296071019,-0.10627357219189237,0.16249758005142212,0.7144513726234436,0.32070863246917725,0.06629118323326111,0.36008957028388977,-0.37585657835006714,0.06126605916843083,-0.4107023380491848,1.8190024056303469,2.148523828495621,-0.2909103924976253,0.0,0.3024907606818118,0.20714472971977152,-0.10641560788719744,-0.10249076068181182,-0.007144729719771514,0.10641560788719744,0.2,0.2,0.0,0.3817510719703876,-0.382796992210378,False
0,630,0.06126605916843083,-0.4107023380491848,1.8190024056303469,2.148523828495621,-0.2909103924976253,0.0,0.3024907606818118,0.20714472971977152,-0.10641560788719744,-0.1874374896287918,0.7243127822875977,0.6796368360519409,0.7191649079322815,0.12101124972105026,-0.8342985510826111,0.06126605916843083,-0.4107023380491848,1.8190024056303469,2.148523828495621,-0.2909103924976253,0.0,0.302644573202916,0.20708222703275364,-0.10735868095553121,-0.10264457320291599,-0.007082227032753638,0.10735868095553121,0.2,0.2,0.0,0.38210296101774927,-0.38914074196498255,False
0,631,0.06126605916843083,-0.4107023380491848,1.8190024056303469,2.148523828495621,-0.2909103924976253,0.0,0.302644573202916,0.20708222703275364,-0.10735868095553121,-0.2885388731956482,0.9343612194061279,0.6476861238479614,0.8793525695800781,0.01800239086151123,-0.0024892636574804783,0.06000497551350486,-0.40420638341753984,1.8247862926387473,2.154787563960485,-0.29033796819191726,0.0,0.3027230824445189,0.20704346411948915,-0.10783018353448634,-0.10272308244451889,-0.00704346411948915,0.10783018353448634,0.2,0.2,0.0,0.38227687500081686,-0.3857551546621688,False
0,632,0.06000497551350486,-0.40420638341753984,1.8247862926387473,2.154787563960485,-0.29033796819191726,0.0,0.3027230824445189,0.20704346411948915,-0.10783018353448634,-0.7500303983688354,0.8486413955688477,0.5379805564880371,-0.22352513670921326,0.01072108093649149,-0.8076310157775879,0.05978436890723231,-0.40377889073549955,1.8251054793802057,2.1550151172476735,-0.2903064397523534,0.0,0.30275227317264186,0.20702767512193013,-0.1080162094043174,-0.10275227317264185,-0.007027675121930111,0.1080162094043174,0.2,0.2,0.0,0.3823439533609375,-0.3836855205633506,False
0,633,0.05978436890723231,-0.40377889073549955,1.8251054793802057,2.1550151172476735,-0.2903064397523534,0.0,0.30275227317264186,0.20702767512193013,-0.1080162094043174,-0.493134081363678,0.7236021161079407,0.48447006940841675,0.6220624446868896,-0.09199272841215134,-0.700318455696106,0.059390592097190546,-0.40330636487532084,1.8254089913347848,2.1550311984604638,-0.290318963227119,0.0,0.3027927508092091,0.20698667804010623,-0.10809422679520418,-0.10279275080920906,-0.006986678040106206,0.10809422679520418,0.2,0.2,0.0,0.38237585788741874,-0.3830139484170431,False
0,634,0.059390592097190546,-0.40330636487532084,1.8254089913347848,2.1550311984604638,-0.290318963227119,0.0,0.3027927508092091,0.20698667804010623,-0.10809422679520418,-0.7065842151641846,0.8120825290679932,0.6633745431900024,0.8256562948226929,0.03845835104584694,-0.9228299260139465,0.059067421119263504,-0.40287067749964267,1.825722382490441,2.155435287382506,-0.2903497438399577,0.0,0.3028038882424351,0.20695748009918966,-0.10821031122287068,-0.10280388824243511,-0.006957480099189637,0.10821031122287068,0.2,0.2,0.0,0.38240170600913137,-0.38291866844338407,False
0,635,0.059067421119263504,-0.40287067749964267,1.825722382490441,2.155435287382506,-0.2903497438399577,0.0,0.3028038882424351,0.20695748009918966,-0.10821031122287068,-0.8101636171340942,0.9520969390869141,0.40313297510147095,0.5575740337371826,0.054367754608392715,0.0572781004011631,0.05843248679812752,-0.4021389049492137,1.826254088119782,2.1561067042542,-0.2903120446923696,0.0,0.302826495936405,0.20690141034168977,-0.10840169168093014,-0.10282649593640494,-0.006901410341689744,0.10840169168093014,0.2,0.2,0.0,0.3824434690275011,-0.38327872939489555,False
0,636,0.05843248679812752,-0.4021389049492137,1.826254088119782,2.1561067042542,-0.2903120446923696,0.0,0.302826495936405,0.20690141034168977,-0.10840169168093014,-0.4084545075893402,0.7527130842208862,0.5284165740013123,0.1868920475244522,-0.14351490139961243,-0.009280534461140633,0.057640078492555556,-0.4012071568950889,1.8266406294975677,2.1566436305344814,-0.29025869154908984,0.0,0.302826495936405,0.20690141034168977,-0.10840169168093014,-0.10282649593640494,-0.006901410341689744,0.10840169168093014,0.2,0.2,0.0,0.3824434690275011,-0.3824434690275011,False
0,637,0.057640078492555556,-0.4012071568950889,1.8266406294975677,2.1566436305344814,-0.29025869154908984,0.0,0.302826495936405,0.20690141034168977,-0.10840169168093014,-0.10156045854091644,0.543205738067627,0.20168370008468628,0.6747053861618042,-0.027197595685720444,-0.7639452219009399,0.057640078492555556,-0.4012071568950889,1.8266406294975677,2.1566436305344814,-0.29025869154908984,0.0,0.30293518324940194,0.20674503435745717,-0.10889746603295722,-0.10293518324940194,-0.006745034357457156,0.10889746603295722,0.2,0.2,0.0,0.3825857976849297,-0.3854323708335013,False
0,638,0.057640078492555556,-0.4012071568950889,1.8266406294975677,2.1566436305344814,-0.29025869154908984,0.0,0.30293518324940194,0.20674503435745717,-0.10889746603295722,-0.43454790115356445,0.7776914834976196,0.256282240152359,0.8814851641654968,0.14303648471832275,-0.8051166534423828,0.056607943073492505,-0.39913431605799987,1.8280397807552708,2.1573606890958263,-0.2906305939428354,0.0,0.30293730585403855,0.20673114159362754,-0.10898864092312989,-0.10293730585403853,-0.006731141593627522,0.10898864092312989,0.2,0.2,0.0,0.38260593308648355,-0.3830086411175611,False
0,639,0.056607943073492505,-0.39913431605799987,1.8280397807552708,2.1573606890958263,-0.2906305939428354,0.0,0.30293730585403855,0.20673114159362754,-0.10898864092312989,-0.2872436046600342,0.9230940937995911,0.6489626169204712,-0.20467296242713928,-0.15710797905921936,-0.7960811853408813,0.05643890712723813,-0.39876123209332687,1.8282175677726842,2.157574936954988,-0.29061306909624,0.0,0.30293730585403855,0.20673114159362754,-0.10898864092312989,-0.10293730585403853,-0.006731141593627522,0.10898864092312989,0.2,0.2,0.0,0.38260593308648355,-0.38260593308648355,False
0,640,0.05643890712723813,-0.39876123209332687,1.8282175677726842,2.157574936954988,-0.29061306909624,0.0,0.30293730585403855,0.20673114159362754,-0.10898864092312989,-0.5711174607276917,0.7257462739944458,0.5421617031097412,0.8396308422088623,0.3905966281890869,-0.601686954498291,0.05643890712723813,-0.39876123209332687,1.8282175677726842,2.157574936954988,-0.29061306909624,0.0,0.3030297996940795,0.20633913123525524,-0.11056145982487273,-0.10302979969407951,-0.006339131235255218,0.11056145982487273,0.2,0.2,0.0,0.38291870283411433,-0.38917409778672996,False
0,641,0.05643890712723813,-0.39876123209332687,1.8282175677726842,2.157574936954988,-0.29061306909624,0.0,0.3030297996940795,0.20633913123525524,-0.11056145982487273,0.023065080866217613,0.9382152557373047,0.6458160877227783,0.7579810619354248,0.3662430942058563,-0.34618762135505676,0.05643890712723813,-0.39876123209332687,1.8282175677726842,2.157574936954988,-0.29061306909624,0.0,0.30304785040543747,0.20617335084143837,-0.11121345584256327,-0.10304785040543746,-0.006173350841438351,0.11121345584256327,0.2,0.2,0.0,0.38303248294758113,-0.3853080852169171,False
0,642,0.05643890712723813,-0.39876123209332687,1.8282175677726842,2.157574936954988,-0.29061306909624,0.0,0.30304785040543747,0.20617335084143837,-0.11121345584256327,-0.6400808095932007,0.4468124508857727,0.6416952610015869,0.5824541449546814,0.2848418056964874,-0.7698819637298584,0.05643890712723813,-0.39876123209332687,1.8282175677726842,2.157574936954988,-0.29061306909624,0.0,0.30315920717235534,0.2062572402801594,-0.11256220736985532,-0.10315920717235534,-0.0062572402801593825,0.11256220736985532,0.2,0.2,0.0,0.38355938860798705,-0.3940975018161054,False
0,643,0.05643890712723813,-0.39876123209332687,1.8282175677726842,2.157574936954988,-0.29061306909624,0.0,0.30315920717235534,0.2062572402801594,-0.11256220736985532,-0.22478197515010834,0.6485418081283569,0.41543635725975037,0.42598745226860046,0.6825385093688965,-0.5641477108001709,0.05643890712723813,-0.39876123209332687,1.8282175677726842,2.157574936954988,-0.29061306909624,0.0,0.30352698394042854,0.2056869058828792,-0.11315806058406336,-0.10352698394042856,-0.005686905882879165,0.11315806058406336,0.2,0.2,0.0,0.3837192722639718,-0.38691694538366656,False
0,644,0.05643890712723813,-0.39876123209332687,1.8282175677726842,2.157574936954988,-0.29061306909624,0.0,0.30352698394042854,0.2056869058828792,-0.11315806058406336,-0.45982417464256287,0.6111217141151428,0.6400009393692017,0.8652797937393188,-0.2229628711938858,0.2018887996673584,0.04501185471528281,-0.38535611127402947,1.8422904028533507,2.172535245792653,-0.28341093079392726,0.0,0.3035485286729302,0.20565298749285446,-0.11319336620134454,-0.1035485286729302,-0.005652987492854441,0.11319336620134454,0.2,0.2,0.0,0.383728548164231,-0.38391406616941565,False
0,645,0.04501185471528281,-0.38535611127402947,1.8422904028533507,2.172535245792653,-0.28341093079392726,0.0,0.3035485286729302,0.20565298749285446,-0.11319336620134454,-0.12804217636585236,0.9195370078086853,0.7690156102180481,0.7954724431037903,0.11898988485336304,-0.6739797592163086,0.04464857714818509,-0.385060839334295,1.8426875044805544,2.17277359156584,-0.28302743171241196,0.0,0.3035453191215283,0.20566277658565485,-0.11321090765822722,-0.10354531912152833,-0.005662776585654827,0.11321090765822722,0.2,0.2,0.0,0.38373643043932004,-0.3838940759411005,False
0,646,0.04464857714818509,-0.385060839334295,1.8426875044805544,2.17277359156584,-0.28302743171241196,0.0,0.3035453191215283,0.20566277658565485,-0.11321090765822722,0.292198121547699,0.8781358599662781,0.563883364200592,0.2562848925590515,0.0967126414179802,-0.04705081880092621,0.044617830831408654,-0.38463146350747407,1.8430346111440319,2.1731154173806173,-0.28297822488352625,0.0,0.3035453191215283,0.20566277658565485,-0.11321090765822722,-0.10354531912152833,-0.005662776585654827,0.11321090765822722,0.2,0.2,0.0,0.38373643043932004,-0.38373643043932004,False
0,647,0.044617830831408654,-0.38463146350747407,1.8430346111440319,2.1731154173806173,-0.28297822488352625,0.0,0.3035453191215283,0.20566277658565485,-0.11321090765822722,0.11144962906837463,0.9015220403671265,0.5331996083259583,0.4467300474643707,0.04711303487420082,-0.8343413472175598,0.04486145390384791,-0.38391722174398535,1.8434908018625873,2.17331643671469,-0.2828996300368537,0.0,0.303561673172718,0.20566264497196005,-0.11336428954768557,-0.103561673172718,-0.005662644971960045,0.11336428954768557,0.2,0.2,0.0,0.3837945740900124,-0.38495744710385926,False
0,648,0.04486145390384791,-0.38391722174398535,1.8434908018625873,2.17331643671469,-0.2828996300368537,0.0,0.303561673172718,0.20566264497196005,-0.11336428954768557,0.37721824645996094,0.789251446723938,0.6395185589790344,0.5195990204811096,-0.027485668659210205,-0.10879260301589966,0.044974737583274055,-0.38356872472430886,1.8437191563334467,2.1734443570742137,-0.282871230559491,0.0,0.30359084239001466,0.2056917013370835,-0.11352928994606627,-0.10359084239001466,-0.0056917013370834865,0.11352928994606627,0.2,0.2,0.0,0.3838819808973595,-0.3856301170443013,False
0,649,0.044974737583274055,-0.38356872472430886,1.8437191563334467,2.1734443570742137,-0.282871230559491,0.0,0.30359084239001466,0.2056917013370835,-0.11352928994606627,-0.4235793352127075,0.80232834815979,0.5596168041229248,-0.0064497292041778564,-0.2684762477874756,-0.3366559147834778,0.044974737583274055,-0.38356872472430886,1.8437191563334467,2.1734443570742137,-0.282871230559491,0.0,0.303742632659659,0.20594297235047532,-0.11484041146183555,-0.10374263265965898,-0.005942972350475296,0.11484041146183555,0.2,0.2,0.0,0.38452622129094505,-0.39741102916265647,False
0,650,0.044974737583274055,-0.38356872472430886,1.8437191563334467,2.1734443570742137,-0.282871230559491,0.0,0.303742632659659,0.20594297235047532,-0.11484041146183555,0.2330520898103714,0.8839002847671509,0.7646153569221497,0.6662675142288208,0.39929628372192383,-0.4156301021575928,0.044974737583274055,-0.38356872472430886,1.8437191563334467,2.1734443570742137,-0.282871230559491,0.0,0.3038641323361045,0.20590813088125648,-0.1154854791445161,-0.10386413233610449,-0.005908130881256482,0.1154854791445161,0.2,0.2,0.0,0.3847966543209864,-0.3902053149218139,False
0,651,0.044974737583274055,-0.38356872472430886,1.8437191563334467,2.1734443570742137,-0.282871230559491,0.0,0.3038641323361045,0.20590813088125648,-0.1154854791445161,0.34441110491752625,0.8999918699264526,0.46839603781700134,0.8938153386116028,-0.017740977928042412,0.41881024837493896,0.04742968389030857,-0.37393358511178953,1.8516045389186677,2.1793101309890086,-0.28169144258808004,0.0,0.3038833049141129,0.20593122849499973,-0.11571572620691885,-0.10388330491411292,-0.00593122849499971,0.11571572620691885,0.2,0.2,0.0,0.3848933140060738,-0.3868265077078213,False
0,652,0.04742968389030857,-0.37393358511178953,1.8516045389186677,2.1793101309890086,-0.28169144258808004,0.0,0.3038833049141129,0.20593122849499973,-0.11571572620691885,0.19904300570487976,0.7910575866699219,0.5723125338554382,0.6185839772224426,0.2853660583496094,-0.7545754313468933,0.04752276911965647,-0.3737296274781888,1.851675341215518,2.179557307086728,-0.28171378973749117,0.0,0.3038833049141129,0.20593122849499973,-0.11571572620691885,-0.10388330491411292,-0.00593122849499971,0.11571572620691885,0.2,0.2,0.0,0.3848933140060738,-0.3848933140060738,False
0,653,0.04752276911965647,-0.3737296274781888,1.851675341215518,2.179557307086728,-0.28171378973749117,0.0,0.3038833049141129,0.20593122849499973,-0.11571572620691885,0.11223641037940979,0.9451025724411011,0.6654871702194214,0.8150967359542847,0.6369991302490234,-0.611659049987793,0.047638249624315385,-0.3732657632912461,1.852013203464075,2.1799174415515132,-0.2815436236481281,0.0,0.3038757646138142,0.20594488064980127,-0.11582279523124515,-0.10387576461381422,-0.00594488064980124,0.11582279523124515,0.2,0.2,0.0,0.3849268684837031,-0.38559795803628943,False
0,654,0.047638249624315385,-0.3732657632912461,1.852013203464075,2.1799174415515132,-0.2815436236481281,0.0,0.3038757646138142,0.20594488064980127,-0.11582279523124515,-0.5549306869506836,0.9567295908927917,0.6231788396835327,0.6001607179641724,-0.04416920617222786,-0.40470945835113525,0.047601786700752595,-0.3728124582389239,1.852328436207273,2.180249006382775,-0.28143161784623316,0.0,0.3038810043790561,0.20596082915334032,-0.11599204278406626,-0.10388100437905608,-0.005960829153340326,0.11599204278406626,0.2,0.2,0.0,0.3849904959309723,-0.3862630448763558,False
0,655,0.047601786700752595,-0.3728124582389239,1.852328436207273,2.180249006382775,-0.28143161784623316,0.0,0.3038810043790561,0.20596082915334032,-0.11599204278406626,-0.5348552465438843,0.8511602282524109,0.37504228949546814,0.1416689157485962,0.43634429574012756,-0.1805589497089386,0.0471818281477904,-0.3721159901987842,1.8527281703740401,2.1805679054552063,-0.28132388480382625,0.0,0.30388974975260474,0.20592739955190303,-0.11612622712633917,-0.10388974975260476,-0.005927399551903019,0.11612622712633917,0.2,0.2,0.0,0.3850199663881186,-0.3856093755310445,False
0,656,0.0471818281477904,-0.3721159901987842,1.8527281703740401,2.1805679054552063,-0.28132388480382625,0.0,0.30388974975260474,0.20592739955190303,-0.11612622712633917,0.20848803222179413,0.8961353898048401,0.6103497743606567,0.8206543326377869,0.3007287085056305,-0.8081951141357422,0.04682237321953665,-0.371324441534744,1.8531130621490726,2.1808145602267794,-0.28104767859108293,0.0,0.3039068823578366,0.20587793754399208,-0.11627137443903397,-0.10390688235783657,-0.005877937543992072,0.11627137443903397,0.2,0.2,0.0,0.3850508418712649,-0.38566835153419177,False
0,657,0.04682237321953665,-0.371324441534744,1.8531130621490726,2.1808145602267794,-0.28104767859108293,0.0,0.3039068823578366,0.20587793754399208,-0.11627137443903397,0.004577276762574911,0.7102720141410828,0.6088906526565552,0.3669378161430359,-0.0404709167778492,-0.4322085976600647,0.04686250514261153,-0.37116947845134135,1.8532197631864684,2.1809600589613862,-0.28099548465137564,0.0,0.30390029209164815,0.2059010101033798,-0.11651902060932383,-0.10390029209164814,-0.0059010101033797994,0.11651902060932383,0.2,0.2,0.0,0.38513282859130205,-0.38677256299204443,False
0,658,0.04686250514261153,-0.37116947845134135,1.8532197631864684,2.1809600589613862,-0.28099548465137564,0.0,0.30390029209164815,0.2059010101033798,-0.11651902060932383,-0.3845135271549225,0.8273170590400696,0.5706658959388733,0.48453935980796814,-0.43489667773246765,0.12069576978683472,0.04686250514261153,-0.37116947845134135,1.8532197631864684,2.1809600589613862,-0.28099548465137564,0.0,0.30390029209164815,0.2059010101033798,-0.11651902060932383,-0.10390029209164814,-0.0059010101033797994,0.11651902060932383,0.2,0.2,0.0,0.38513282859130205,-0.38513282859130205,False
0,659,0.04686250514261153,-0.37116947845134135,1.8532197631864684,2.1809600589613862,-0.28099548465137564,0.0,0.30390029209164815,0.2059010101033798,-0.11651902060932383,-0.7554755806922913,0.700036883354187,0.5016118884086609,0.6544971466064453,-0.5195505023002625,-0.6274030208587646,0.04686250514261153,-0.37116947845134135,1.8532197631864684,2.1809600589613862,-0.28099548465137564,0.0,0.3040422853032665,0.20560430864917886,-0.11808568724768233,-0.10404228530326645,-0.005604308649178845,0.11808568724768233,0.2,0.2,0.0,0.38556331843200176,-0.39417311524599596,False
0,660,0.04686250514261153,-0.37116947845134135,1.8532197631864684,2.1809600589613862,-0.28099548465137564,0.0,0.3040422853032665,0.20560430864917886,-0.11808568724768233,-0.26094508171081543,0.9088724255561829,0.7061662673950195,0.4748177230358124,-0.19684554636478424,-0.5355169773101807,0.04686250514261153,-0.37116947845134135,1.8532197631864684,2.1809600589613862,-0.28099548465137564,0.0,0.3042280641220938,0.20532308805382193,-0.11983345660749968,-0.10422806412209382,-0.005323088053821912,0.11983345660749968,0.2,0.2,0.0,0.3860988769861107,-0.396810048068289,False
0,661,0.04686250514261153,-0.37116947845134135,1.8532197631864684,2.1809600589613862,-0.28099548465137564,0.0,0.3042280641220938,0.20532308805382193,-0.11983345660749968,-0.7783052921295166,0.8539104461669922,0.5345295071601868,-0.5089907646179199,-0.027995742857456207,0.26441481709480286,0.04056280089657256,-0.35436095231283077,1.8658108643600348,2.190598238272386,-0.2864637680716866,0.0,0.30424547236138605,0.20531614202856632,-0.11995374996630886,-0.10424547236138602,-0.0053161420285663084,0.11995374996630886,0.2,0.2,0.0,0.38614625177628886,-0.38709374757985265,False
0,662,0.04056280089657256,-0.35436095231283077,1.8658108643600348,2.190598238272386,-0.2864637680716866,0.0,0.30424547236138605,0.20531614202856632,-0.11995374996630886,-0.01469957735389471,0.9300652146339417,0.6657382249832153,0.3555545210838318,0.22049230337142944,0.17148390412330627,0.040459974697910926,-0.35414367801759866,1.865949389588432,2.1905154047933255,-0.2863970244105721,0.0,0.30426227544650575,0.20530780775326565,-0.1200427543342693,-0.10426227544650571,-0.005307807753265648,0.1200427543342693,0.2,0.2,0.0,0.3861827171851363,-0.38691202536208513,False
0,663,0.040459974697910926,-0.35414367801759866,1.865949389588432,2.1905154047933255,-0.2863970244105721,0.0,0.30426227544650575,0.20530780775326565,-0.1200427543342693,-0.13417017459869385,0.9147090911865234,0.5200275778770447,0.30190885066986084,0.6217436790466309,0.06461653113365173,0.04042676020970509,-0.353220352009642,1.866586623582209,2.1908646747949114,-0.28610594760377184,0.0,0.3042842829657357,0.20530180653458846,-0.12016950758656336,-0.10428428296573568,-0.005301806534588438,0.12016950758656336,0.2,0.2,0.0,0.38623628413179234,-0.38730762306491306,False
0,664,0.04042676020970509,-0.353220352009642,1.866586623582209,2.1908646747949114,-0.28610594760377184,0.0,0.3042842829657357,0.20530180653458846,-0.12016950758656336,0.4834124445915222,0.9187647700309753,0.7975957989692688,0.24408909678459167,0.11920987814664841,0.22092680633068085,0.04042676020970509,-0.353220352009642,1.866586623582209,2.1908646747949114,-0.28610594760377184,0.0,0.3045170055154459,0.20552788808576236,-0.12162987755770485,-0.10451700551544589,-0.005527888085762342,0.12162987755770485,0.2,0.2,0.0,0.38699631334650986,-0.4021968976408602,False
0,665,0.04042676020970509,-0.353220352009642,1.866586623582209,2.1908646747949114,-0.28610594760377184,0.0,0.3045170055154459,0.20552788808576236,-0.12162987755770485,-0.2720329761505127,0.9388949871063232,0.7192620635032654,0.6712312698364258,0.11970233172178268,-0.40476733446121216,0.04042676020970509,-0.353220352009642,1.866586623582209,2.1908646747949114,-0.28610594760377184,0.0,0.30492727524111923,0.20612326822286361,-0.12375546811933003,-0.10492727524111922,-0.006123268222863613,0.12375546811933003,0.2,0.2,0.0,0.38830768828119067,-0.41453518697480685,False
0,666,0.04042676020970509,-0.353220352009642,1.866586623582209,2.1908646747949114,-0.28610594760377184,0.0,0.30492727524111923,0.20612326822286361,-0.12375546811933003,-0.5327745079994202,0.21897995471954346,0.4929284453392029,0.5555974245071411,0.04625363647937775,-0.30627965927124023,0.04042676020970509,-0.353220352009642,1.866586623582209,2.1908646747949114,-0.28610594760377184,0.0,0.30489818612664943,0.20602673562870596,-0.12409651525666249,-0.10489818612664945,-0.006026735628705954,0.12409651525666249,0.2,0.2,0.0,0.3883424581422803,-0.389037855364073,False
0,667,0.04042676020970509,-0.353220352009642,1.866586623582209,2.1908646747949114,-0.28610594760377184,0.0,0.30489818612664943,0.20602673562870596,-0.12409651525666249,-0.47102028131484985,0.7076276540756226,0.6999876499176025,0.4656149744987488,0.052703242748975754,-0.8501969575881958,0.04710360356886338,-0.3342449369473956,1.88255893567152,2.1975141528814874,-0.28317718565888866,0.0,0.3048740250681015,0.20596357762765558,-0.12420777338963475,-0.1048740250681015,-0.005963577627655553,0.12420777338963475,0.2,0.2,0.0,0.388325555997567,-0.3879875131033014,False
0,668,0.04710360356886338,-0.3342449369473956,1.88255893567152,2.1975141528814874,-0.28317718565888866,0.0,0.3048740250681015,0.20596357762765558,-0.12420777338963475,0.5662065744400024,0.6302347183227539,0.5355134010314941,0.4332593083381653,-0.09884879738092422,0.29397040605545044,0.04700219118961309,-0.3341093065184907,1.8827043123417984,2.1976632069548,-0.2832080628128219,0.0,0.30487325941692067,0.20593521389219088,-0.12423258865474349,-0.10487325941692067,-0.005935213892190878,0.12423258865474349,0.2,0.2,0.0,0.3883178501075866,-0.3881637323079788,False
0,669,0.04700219118961309,-0.3341093065184907,1.8827043123417984,2.1976632069548,-0.2832080628128219,0.0,0.30487325941692067,0.20593521389219088,-0.12423258865474349,-0.6180117130279541,0.6523873805999756,0.6895529627799988,0.6989402770996094,0.21379011869430542,-0.3976515233516693,0.04712631997473456,-0.33373497935746993,1.8830461177355562,2.1979645086359896,-0.28320989741904,0.0,0.30487401099914724,0.20595339328636167,-0.12434866872537766,-0.10487401099914721,-0.005953393286361665,0.12434866872537766,0.2,0.2,0.0,0.3883652329993619,-0.38931289083486686,False
0,670,0.04712631997473456,-0.33373497935746993,1.8830461177355562,2.1979645086359896,-0.28320989741904,0.0,0.30487401099914724,0.20595339328636167,-0.12434866872537766,-0.767282247543335,0.708573043346405,0.35017767548561096,0.6997349262237549,-0.13720175623893738,-0.7710469961166382,0.04712631997473456,-0.33373497935746993,1.8830461177355562,2.1979645086359896,-0.28320989741904,0.0,0.3046056163187519,0.20527536662186852,-0.12595350995730026,-0.10460561631875188,-0.005275366621868517,0.12595350995730026,0.2,0.2,0.0,0.388312817590706,-0.38726450941758883,False
0,671,0.04712631997473456,-0.33373497935746993,1.8830461177355562,2.1979645086359896,-0.28320989741904,0.0,0.3046056163187519,0.20527536662186852,-0.12595350995730026,-0.2336335927248001,0.6968743801116943,0.6267872452735901,0.9206926822662354,-0.3039122223854065,-0.7619733214378357,0.039706813014652925,-0.32681114005245876,1.8867361962937312,2.2048557182906166,-0.28432594540385386,0.0,0.3046056163187519,0.20527536662186852,-0.12595350995730026,-0.10460561631875188,-0.005275366621868517,0.12595350995730026,0.2,0.2,0.0,0.388312817590706,-0.388312817590706,False
0,672,0.039706813014652925,-0.32681114005245876,1.8867361962937312,2.2048557182906166,-0.28432594540385386,0.0,0.3046056163187519,0.20527536662186852,-0.12595350995730026,-0.702316164970398,0.3952270746231079,0.5492910146713257,0.6580051183700562,0.5403915047645569,-0.5468143224716187,0.039707627432412344,-0.3267845505560968,1.8867656323730513,2.2048957115250665,-0.284341578016242,0.0,0.30458827409502803,0.20524529471958575,-0.12605967223075165,-0.10458827409502801,-0.005245294719585724,0.12605967223075165,0.2,0.2,0.0,0.38831776766411563,-0.38841676913230794,False
0,673,0.039707627432412344,-0.3267845505560968,1.8867656323730513,2.2048957115250665,-0.284341578016242,0.0,0.30458827409502803,0.20524529471958575,-0.12605967223075165,0.339686781167984,0.25279849767684937,0.7057206630706787,0.14334669709205627,0.2614234685897827,-0.3659125566482544,0.039707627432412344,-0.3267845505560968,1.8867656323730513,2.2048957115250665,-0.284341578016242,0.0,0.3045827999280758,0.20520247807789327,-0.12619670985146014,-0.10458279992807576,-0.005202478077893244,0.12619670985146014,0.2,0.2,0.0,0.3883353558442344,-0.3886871194466097,False
0,674,0.039707627432412344,-0.3267845505560968,1.8867656323730513,2.2048957115250665,-0.284341578016242,0.0,0.3045827999280758,0.20520247807789327,-0.12619670985146014,-0.5144429206848145,0.8751994967460632,0.5961077213287354,0.7808518409729004,-0.2869367301464081,0.006429583765566349,0.039707627432412344,-0.3267845505560968,1.8867656323730513,2.2048957115250665,-0.284341578016242,0.0,0.30459223132176055,0.20515513062984214,-0.1264773218029846,-0.10459223132176054,-0.005155130629842122,0.1264773218029846,0.2,0.2,0.0,0.3884090214397346,-0.3898823333497387,False
0,675,0.039707627432412344,-0.3267845505560968,1.8867656323730513,2.2048957115250665,-0.284341578016242,0.0,0.30459223132176055,0.20515513062984214,-0.1264773218029846,-0.22725047171115875,0.7243015766143799,0.6754920482635498,0.6074685454368591,0.6169923543930054,-0.3114848732948303,0.03831123554917803,-0.3247138830999338,1.8888592853181583,2.2071348120801355,-0.28405664611011366,0.0,0.3045579835408966,0.20508730631510938,-0.12677266308237634,-0.10455798354089656,-0.005087306315109364,0.12677266308237634,0.2,0.2,0.0,0.388442629811768,-0.3891147972524365,False
0,676,0.03831123554917803,-0.3247138830999338,1.8888592853181583,2.2071348120801355,-0.28405664611011366,0.0,0.3045579835408966,0.20508730631510938,-0.12677266308237634,0.6925734877586365,0.8188151717185974,0.6604940891265869,-0.014662794768810272,0.39455196261405945,-0.9222740530967712,0.0379089126510812,-0.3238387126121502,1.8894698842373208,2.2078502123064854,-0.2841856157782264,0.0,0.3045579835408966,0.20508730631510938,-0.12677266308237634,-0.10455798354089656,-0.005087306315109364,0.12677266308237634,0.2,0.2,0.0,0.388442629811768,-0.388442629811768,False
0,677,0.0379089126510812,-0.3238387126121502,1.8894698842373208,2.2078502123064854,-0.2841856157782264,0.0,0.3045579835408966,0.20508730631510938,-0.12677266308237634,0.6491695642471313,0.9057482481002808,0.5792824029922485,-0.044663794338703156,0.2798444926738739,-0.4867914915084839,0.03815714685397364,-0.32355121897188943,1.889693554352918,2.207835539391969,-0.28405142132723227,0.0,0.3045572762530626,0.20508373067084,-0.12688261359164277,-0.10455727625306258,-0.0050837306708399884,0.12688261359164277,0.2,0.2,0.0,0.38847608515377113,-0.3891451919938333,False
0,678,0.03815714685397364,-0.32355121897188943,1.889693554352918,2.207835539391969,-0.28405142132723227,0.0,0.3045572762530626,0.20508373067084,-0.12688261359164277,-0.5135456323623657,0.6368487477302551,0.16397270560264587,0.7675277590751648,0.5957441926002502,-0.6732932329177856,0.03843470746222724,-0.3230000955647877,1.890015846154171,2.2079042452765454,-0.28383439058404614,0.0,0.30457822507829824,0.2051318722585019,-0.12698617463267625,-0.10457822507829824,-0.005131872258501903,0.12698617463267625,0.2,0.2,0.0,0.3885517581429344,-0.39006521792619997,False
0,679,0.03843470746222724,-0.3230000955647877,1.890015846154171,2.2079042452765454,-0.28383439058404614,0.0,0.30457822507829824,0.2051318722585019,-0.12698617463267625,-0.5069258809089661,0.8141645789146423,0.7703014016151428,0.2453567534685135,0.4141751825809479,-0.7773800492286682,0.038188926770512256,-0.32267468067185123,1.8901976657567088,2.2081728394876103,-0.28358808962137344,0.0,0.30456025422691513,0.20510236482547592,-0.12707832394162388,-0.10456025422691512,-0.005102364825475921,0.12707832394162388,0.2,0.2,0.0,0.38855222162223974,-0.3885614912083462,False
0,680,0.038188926770512256,-0.32267468067185123,1.8901976657567088,2.2081728394876103,-0.28358808962137344,0.0,0.30456025422691513,0.20510236482547592,-0.12707832394162388,-0.015379125252366066,0.6819725632667542,0.6044118404388428,0.17207561433315277,0.6043633222579956,-0.9882590770721436,0.038188926770512256,-0.32267468067185123,1.8901976657567088,2.2081728394876103,-0.28358808962137344,0.0,0.3046668498739182,0.2050849387553433,-0.1277622122073631,-0.10466684987391815,-0.005084938755343292,0.1277622122073631,0.2,0.2,0.0,0.3888507482113141,-0.3948212799928014,False
0,681,0.038188926770512256,-0.32267468067185123,1.8901976657567088,2.2081728394876103,-0.28358808962137344,0.0,0.3046668498739182,0.2050849387553433,-0.1277622122073631,0.29349491000175476,0.5970687866210938,0.625115156173706,-0.6419053077697754,0.5779708623886108,-0.45344194769859314,0.038188926770512256,-0.32267468067185123,1.8901976657567088,2.2081728394876103,-0.28358808962137344,0.0,0.3047165898786087,0.20508552010990727,-0.128098801251436,-0.1047165898786087,-0.005085520109907262,0.128098801251436,0.2,0.2,0.0,0.38900073725901124,-0.39200051821295406,False
0,682,0.038188926770512256,-0.32267468067185123,1.8901976657567088,2.2081728394876103,-0.28358808962137344,0.0,0.3047165898786087,0.20508552010990727,-0.128098801251436,0.30340465903282166,0.3488272726535797,0.5066202282905579,0.4644884169101715,-0.10689391195774078,0.26295962929725647,0.03792293073094107,-0.3175619101240311,1.8947457116472328,2.209473009708985,-0.27915337733920176,0.0,0.3047165898786087,0.20508552010990727,-0.128098801251436,-0.1047165898786087,-0.005085520109907262,0.128098801251436,0.2,0.2,0.0,0.38900073725901124,-0.38900073725901124,False
0,683,0.03792293073094107,-0.3175619101240311,1.8947457116472328,2.209473009708985,-0.27915337733920176,0.0,0.3047165898786087,0.20508552010990727,-0.128098801251436,-0.3396071493625641,0.6357181072235107,0.30495214462280273,0.7590734958648682,0.3763473331928253,-0.5546287894248962,0.03796474413434042,-0.3171013330409184,1.895137089559455,2.2094749482046634,-0.27879498210686093,0.0,0.3047531865425374,0.20509686471632457,-0.12816859706660072,-0.10475318654253739,-0.005096864716324556,0.12816859706660072,0.2,0.2,0.0,0.3890583733815758,-0.3902110958328666,False
0,684,0.03796474413434042,-0.3171013330409184,1.895137089559455,2.2094749482046634,-0.27879498210686093,0.0,0.3047531865425374,0.20509686471632457,-0.12816859706660072,-0.037900153547525406,0.7687288522720337,0.5317409038543701,-0.6685761213302612,0.22528570890426636,-0.19313457608222961,0.03780083682693487,-0.3167613239224723,1.8953072177353096,2.209794339662424,-0.27860875143341374,0.0,0.30471945036659315,0.20507442577849253,-0.12828905234763802,-0.10471945036659315,-0.005074425778492507,0.12828905234763802,0.2,0.2,0.0,0.3890598212259293,-0.3890887781129997,False
0,685,0.03780083682693487,-0.3167613239224723,1.8953072177353096,2.209794339662424,-0.27860875143341374,0.0,0.30471945036659315,0.20507442577849253,-0.12828905234763802,0.478713721036911,0.5254867076873779,0.6703820824623108,-0.23318882286548615,0.6615756750106812,-0.6714920997619629,0.037818660714245715,-0.3164616328372662,1.8955339588573799,2.2095374165987383,-0.27849183508974085,0.0,0.30471945036659315,0.20507442577849253,-0.12828905234763802,-0.10471945036659315,-0.005074425778492507,0.12828905234763802,0.2,0.2,0.0,0.3890598212259293,-0.3890598212259293,False
0,686,0.037818660714245715,-0.3164616328372662,1.8955339588573799,2.2095374165987383,-0.27849183508974085,0.0,0.30471945036659315,0.20507442577849253,-0.12828905234763802,0.24983525276184082,0.3023276627063751,0.5507538318634033,-0.20576289296150208,0.798794150352478,-0.40826961398124695,0.03796129090831168,-0.31630923373949016,1.8957306941296659,2.2094716318097505,-0.2782960948728678,0.0,0.30476008475910255,0.20508296524129438,-0.128328734606872,-0.10476008475910255,-0.005082965241294372,0.128328734606872,0.2,0.2,0.0,0.3891092340466084,-0.39009749046019054,False
0,687,0.03796129090831168,-0.31630923373949016,1.8957306941296659,2.2094716318097505,-0.2782960948728678,0.0,0.30476008475910255,0.20508296524129438,-0.128328734606872,-0.12230957299470901,0.9150387644767761,0.5071457624435425,0.5266913175582886,-0.10635670274496078,-0.7780000567436218,0.038046655373686226,-0.316077903514447,1.8960148185006729,2.209451245369726,-0.27798295649083515,0.0,0.30478919289069484,0.2051002633356825,-0.12839307588832496,-0.10478919289069481,-0.005100263335682484,0.12839307588832496,0.2,0.2,0.0,0.3891623723581105,-0.3902251385881527,False
0,688,0.038046655373686226,-0.316077903514447,1.8960148185006729,2.209451245369726,-0.27798295649083515,0.0,0.30478919289069484,0.2051002633356825,-0.12839307588832496,-0.6103997230529785,0.6155263185501099,0.6890772581100464,0.9460821747779846,0.3094387948513031,-0.6001020669937134,0.03797261339366384,-0.31577329888056815,1.8962023206608627,2.2096642447581973,-0.2780002910271783,0.0,0.30478919289069484,0.2051002633356825,-0.12839307588832496,-0.10478919289069481,-0.005100263335682484,0.12839307588832496,0.2,0.2,0.0,0.3891623723581105,-0.3891623723581105,False
0,689,0.03797261339366384,-0.31577329888056815,1.8962023206608627,2.2096642447581973,-0.2780002910271783,0.0,0.30478919289069484,0.2051002633356825,-0.12839307588832496,-0.5942663550376892,0.43332427740097046,0.33216801285743713,0.5005297064781189,0.6624388694763184,-0.2350061982870102,0.037757122339064766,-0.31556958675221897,1.8964236219205173,2.2099714580430456,-0.27786851506055743,0.0,0.3047747037712654,0.20507583685999567,-0.12852412377103306,-0.10477470377126542,-0.0050758368599956565,0.12852412377103306,0.2,0.2,0.0,0.38918140926025996,-0.38956214730324873,False
0,690,0.037757122339064766,-0.31556958675221897,1.8964236219205173,2.2099714580430456,-0.27786851506055743,0.0,0.3047747037712654,0.20507583685999567,-0.12852412377103306,-0.28535914421081543,0.5660709142684937,0.4546448290348053,0.7334685325622559,0.05257326364517212,0.3806362450122833,0.037757122339064766,-0.31556958675221897,1.8964236219205173,2.2099714580430456,-0.27786851506055743,0.0,0.30468624149434054,0.20497082444056106,-0.12904291579756982,-0.10468624149434055,-0.004970824440561033,0.12904291579756982,0.2,0.2,0.0,0.3892284916926426,-0.39017014034029585,False
0,691,0.037757122339064766,-0.31556958675221897,1.8964236219205173,2.2099714580430456,-0.27786851506055743,0.0,0.30468624149434054,0.20497082444056106,-0.12904291579756982,-0.5191207528114319,0.5257582068443298,0.4018396735191345,0.41693559288978577,0.33365246653556824,-0.9245908856391907,0.036779116148669126,-0.31398876250329744,1.8976842110663956,2.2119889979498812,-0.2774201900206701,0.0,0.3046467170110396,0.20493496852667206,-0.12926479039779215,-0.10464671701103961,-0.004934968526672063,0.12926479039779215,0.2,0.2,0.0,0.38925229549383217,-0.38972837151762313,False
0,692,0.036779116148669126,-0.31398876250329744,1.8976842110663956,2.2119889979498812,-0.2774201900206701,0.0,0.3046467170110396,0.20493496852667206,-0.12926479039779215,-0.39468511939048767,0.7424211502075195,0.3574047386646271,0.8076073527336121,0.406739205121994,-0.9391674399375916,0.03616921664016427,-0.3127909156204823,1.898602844432724,2.2134999667538064,-0.2772524817204146,0.0,0.3046467170110396,0.20493496852667206,-0.12926479039779215,-0.10464671701103961,-0.004934968526672063,0.12926479039779215,0.2,0.2,0.0,0.38925229549383217,-0.38925229549383217,False
0,693,0.03616921664016427,-0.3127909156204823,1.898602844432724,2.2134999667538064,-0.2772524817204146,0.0,0.3046467170110396,0.20493496852667206,-0.12926479039779215,-0.4428022503852844,0.6271244287490845,0.4203927218914032,0.08085473626852036,0.636527955532074,-0.14019840955734253,0.03610221178636981,-0.31266507316080083,1.8986811171255102,2.213681398384869,-0.2771563880138222,0.0,0.3046200378475308,0.2049122734276849,-0.12938133206670438,-0.1046200378475308,-0.004912273427684874,0.12938133206670438,0.2,0.2,0.0,0.3892581872573629,-0.38937602252797726,False
0,694,0.03610221178636981,-0.31266507316080083,1.8986811171255102,2.213681398384869,-0.2771563880138222,0.0,0.3046200378475308,0.2049122734276849,-0.12938133206670438,0.2786012589931488,0.5278776288032532,0.31674283742904663,0.2942659258842468,0.6444916725158691,-0.5794207453727722,0.035774135925019206,-0.31194179079847806,1.899124383093592,2.2139754585299305,-0.2764664778136352,0.0,0.304618493472621,0.20487512988664588,-0.1294965397877558,-0.10461849347262099,-0.004875129886645886,0.1294965397877558,0.2,0.2,0.0,0.38927573675815075,-0.38962672677390797,False
0,695,0.035774135925019206,-0.31194179079847806,1.899124383093592,2.2139754585299305,-0.2764664778136352,0.0,0.304618493472621,0.20487512988664588,-0.1294965397877558,-0.6016120910644531,0.7307227849960327,0.1361735761165619,0.48309651017189026,0.6450750827789307,0.4926770329475403,0.03585851860938234,-0.31169022164366905,1.8992570054256903,2.2141221279833494,-0.2761713236527937,0.0,0.3046076552913646,0.2048894633717526,-0.1295723717797933,-0.10460765529136459,-0.00488946337175259,0.1295723717797933,0.2,0.2,0.0,0.3893000326117486,-0.38978594968370595,False
0,696,0.03585851860938234,-0.31169022164366905,1.8992570054256903,2.2141221279833494,-0.2761713236527937,0.0,0.3046076552913646,0.2048894633717526,-0.1295723717797933,-0.6956290006637573,0.9267035126686096,0.4695420563220978,0.7668110728263855,0.6446440815925598,-0.8411527276039124,0.03553427998112756,-0.31130510231050557,1.8993266654259653,2.2143772229389485,-0.27583314048712976,0.0,0.3046076552913646,0.2048894633717526,-0.1295723717797933,-0.10460765529136459,-0.00488946337175259,0.1295723717797933,0.2,0.2,0.0,0.3893000326117486,-0.3893000326117486,False
0,697,0.03553427998112756,-0.31130510231050557,1.8993266654259653,2.2143772229389485,-0.27583314048712976,0.0,0.3046076552913646,0.2048894633717526,-0.1295723717797933,-0.13177646696567535,0.5824838876724243,0.6977812051773071,-0.5909827947616577,0.5022094249725342,-0.7540265321731567,0.035406400551122374,-0.31110977251726857,1.8994513073927788,2.2144752413312223,-0.2756922929660442,0.0,0.30457666160235874,0.20484693068890517,-0.12967626246262565,-0.10457666160235875,-0.004846930688905156,0.12967626246262565,0.2,0.2,0.0,0.38928799217517435,-0.389047183443689,False
0,698,0.035406400551122374,-0.31110977251726857,1.8994513073927788,2.2144752413312223,-0.2756922929660442,0.0,0.30457666160235874,0.20484693068890517,-0.12967626246262565,-0.03874640911817551,0.38262826204299927,0.7254160046577454,-0.34048226475715637,-0.02682325430214405,-0.19427964091300964,0.035339118341910995,-0.31080283911895423,1.8998218139318148,2.214156202425984,-0.27542695069840634,0.0,0.30457666160235874,0.20484693068890517,-0.12967626246262565,-0.10457666160235875,-0.004846930688905156,0.12967626246262565,0.2,0.2,0.0,0.38928799217517435,-0.38928799217517435,False
0,699,0.035339118341910995,-0.31080283911895423,1.8998218139318148,2.214156202425984,-0.27542695069840634,0.0,0.30457666160235874,0.20484693068890517,-0.12967626246262565,0.19564968347549438,0.6256881356239319,0.6809051036834717,0.7524850964546204,-0.06078221648931503,0.24663595855236053,0.035339118341910995,-0.31080283911895423,1.8998218139318148,2.214156202425984,-0.27542695069840634,0.0,0.30471630850522613,0.20484107406254964,-0.12980099981822085,-0.10471630850522612,-0.004841074062549628,0.12980099981822085,0.2,0.2,0.0,0.3894357377616503,-0.3923906494911694,False
0,700,0.035339118341910995,-0.31080283911895423,1.8998218139318148,2.214156202425984,-0.27542695069840634,0.0,0.30471630850522613,0.20484107406254964,-0.12980099981822085,-0.14009611308574677,0.5976327657699585,0.6032358407974243,0.595591127872467,0.6804114580154419,-0.7565593123435974,0.035339118341910995,-0.31080283911895423,1.8998218139318148,2.214156202425984,-0.27542695069840634,0.0,0.30470708602106006,0.20483869557502735,-0.12990568013217768,-0.10470708602106003,-0.004838695575027325,0.12990568013217768,0.2,0.2,0.0,0.38946217429543534,-0.38999090497113603,False
0,701,0.035339118341910995,-0.31080283911895423,1.8998218139318148,2.214156202425984,-0.27542695069840634,0.0,0.30470708602106006,0.20483869557502735,-0.12990568013217768,-0.052476346492767334,0.5095314979553223,0.5537611246109009,0.6315642595291138,0.17247740924358368,-0.6169408559799194,0.035339118341910995,-0.31080283911895423,1.8998218139318148,2.214156202425984,-0.27542695069840634,0.0,0.3046885660461561,0.20482022343689676,-0.13014080851962467,-0.10468856604615608,-0.0048202234368967594,0.13014080851962467,0.2,0.2,0.0,0.3895164646714497,-0.39060227219173654,False
0,702,0.035339118341910995,-0.31080283911895423,1.8998218139318148,2.214156202425984,-0.27542695069840634,0.0,0.3046885660461561,0.20482022343689676,-0.13014080851962467,-0.6175659894943237,0.6828397512435913,0.591407299041748,0.3225860595703125,0.00015628337860107422,-0.4584852457046509,0.03502239017323926,-0.3088641622322016,1.902162268839097,2.215418156138181,-0.2740050088827521,0.0,0.3046885660461561,0.20482022343689676,-0.13014080851962467,-0.10468856604615608,-0.0048202234368967594,0.13014080851962467,0.2,0.2,0.0,0.3895164646714497,-0.3895164646714497,False
0,703,0.03502239017323926,-0.3088641622322016,1.902162268839097,2.215418156138181,-0.2740050088827521,0.0,0.3046885660461561,0.20482022343689676,-0.13014080851962467,-0.30989089608192444,0.6317859888076782,0.522829532623291,0.10188499093055725,0.5025478005409241,-0.753608226776123,0.03491359578813103,-0.30875436046934546,1.9022531875491462,2.215467013062496,-0.27401378700289963,0.0,0.3046782531289137,0.20481127157511161,-0.13025676302763645,-0.10467825312891371,-0.004811271575111592,0.13025676302763645,0.2,0.2,0.0,0.38954244853204173,-0.3900621257438827,False
0,704,0.03491359578813103,-0.30875436046934546,1.9022531875491462,2.215467013062496,-0.27401378700289963,0.0,0.3046782531289137,0.20481127157511161,-0.13025676302763645,0.19440491497516632,0.7829779386520386,0.3236064612865448,0.4191204607486725,0.3785700500011444,-0.6471333503723145,0.034859660222244765,-0.30864269564168345,1.9023455931985809,2.2154845415174473,-0.273923497126411,0.0,0.3046782531289137,0.20481127157511161,-0.13025676302763645,-0.10467825312891371,-0.004811271575111592,0.13025676302763645,0.2,0.2,0.0,0.38954244853204173,-0.38954244853204173,False
0,705,0.034859660222244765,-0.30864269564168345,1.9023455931985809,2.2154845415174473,-0.273923497126411,0.0,0.3046782531289137,0.20481127157511161,-0.13025676302763645,-0.3355116546154022,0.7006884813308716,0.6881407499313354,0.538348913192749,0.24145667254924774,-0.42090439796447754,0.034799361647882596,-0.3084477809757398,1.9024941242531663,2.2155586309159094,-0.273801116604246,0.0,0.30468373984016006,0.20479596074074552,-0.13032319383616847,-0.10468373984016004,-0.004795960740745518,0.13032319383616847,0.2,0.2,0.0,0.3895609088581282,-0.389930115379858,False
0,706,0.034799361647882596,-0.3084477809757398,1.9024941242531663,2.2155586309159094,-0.273801116604246,0.0,0.30468373984016006,0.20479596074074552,-0.13032319383616847,-0.1227395087480545,0.6081297397613525,0.2858937382698059,0.1676049828529358,0.3078004717826843,-0.8129071593284607,0.0346997893884847,-0.3082412218387096,1.9026976722306932,2.2157181854717565,-0.2737305437667336,0.0,0.30468373984016006,0.20479596074074552,-0.13032319383616847,-0.10468373984016004,-0.004795960740745518,0.13032319383616847,0.2,0.2,0.0,0.3895609088581282,-0.3895609088581282,False
0,707,0.0346997893884847,-0.3082412218387096,1.9026976722306932,2.2157181854717565,-0.2737305437667336,0.0,0.30468373984016006,0.20479596074074552,-0.13032319383616847,0.3098982572555542,0.6565616130828857,0.41722655296325684,0.009320734068751335,-0.10477344691753387,-0.811620831489563,0.03469794131442614,-0.3080964686147552,1.9027707232253384,2.215746322230662,-0.27368301981823107,0.0,0.30468195660088376,0.20478282542396195,-0.13040622810258265,-0.10468195660088375,-0.004782825423961934,0.13040622810258265,0.2,0.2,0.0,0.3895803955471919,-0.3899701293284661,False
0,708,0.03469794131442614,-0.3080964686147552,1.9027707232253384,2.215746322230662,-0.27368301981823107,0.0,0.30468195660088376,0.20478282542396195,-0.13040622810258265,-0.5019267797470093,0.2930954098701477,0.3020676076412201,0.3536369204521179,0.009601625613868237,-0.40595462918281555,0.03478864847463994,-0.3079067522074359,1.9028915933644763,2.215748582398418,-0.27371446080671424,0.0,0.30468195660088376,0.20478282542396195,-0.13040622810258265,-0.10468195660088375,-0.004782825423961934,0.13040622810258265,0.2,0.2,0.0,0.3895803955471919,-0.3895803955471919,False
0,709,0.03478864847463994,-0.3079067522074359,1.9028915933644763,2.215748582398418,-0.27371446080671424,0.0,0.30468195660088376,0.20478282542396195,-0.13040622810258265,-0.458683043718338,0.42679563164711,0.13336750864982605,-0.26445862650871277,0.11107118427753448,-0.6884042024612427,0.03469429609823725,-0.30785512368465817,1.9029458695819006,2.215814113924484,-0.2737122325275044,0.0,0.3046851014130043,0.20478433247451974,-0.13045857960792734,-0.10468510141300429,-0.0047843324745197235,0.13045857960792734,0.2,0.2,0.0,0.38960117407857653,-0.39001674470626857,False
0,710,0.03469429609823725,-0.30785512368465817,1.9029458695819006,2.215814113924484,-0.2737122325275044,0.0,0.3046851014130043,0.20478433247451974,-0.13045857960792734,-0.32303300499916077,0.5251758098602295,0.449039101600647,-0.07849077880382538,0.42555415630340576,-0.5643335580825806,0.03469429609823725,-0.30785512368465817,1.9029458695819006,2.215814113924484,-0.2737122325275044,0.0,0.304694751456449,0.20476353862529517,-0.13049719653620884,-0.10469475145644896,-0.004763538625295168,0.13049719653620884,0.2,0.2,0.0,0.38961072446644723,-0.38980173222386133,False
0,711,0.03469429609823725,-0.30785512368465817,1.9029458695819006,2.215814113924484,-0.2737122325275044,0.0,0.304694751456449,0.20476353862529517,-0.13049719653620884,-0.22159455716609955,0.6857514381408691,0.21483612060546875,0.2200218290090561,0.3685134947299957,-0.7984224557876587,0.034604134396181443,-0.3078044697590916,1.9029986880143084,2.2158770942127433,-0.27371026386799335,0.0,0.304694751456449,0.20476353862529517,-0.13049719653620884,-0.10469475145644896,-0.004763538625295168,0.13049719653620884,0.2,0.2,0.0,0.38961072446644723,-0.38961072446644723,False
0,712,0.034604134396181443,-0.3078044697590916,1.9029986880143084,2.2158770942127433,-0.27371026386799335,0.0,0.304694751456449,0.20476353862529517,-0.13049719653620884,-0.7788989543914795,0.5585579872131348,0.448577880859375,0.14668475091457367,-0.1596909463405609,-0.37278127670288086,0.03395783589021226,-0.30677914406658574,1.9038389583830784,2.2157038600218963,-0.2729024432623753,0.0,0.3047316583082583,0.2047267937571989,-0.1306077388885139,-0.1047316583082583,-0.004726793757198905,0.1306077388885139,0.2,0.2,0.0,0.38965731754321514,-0.3905891790785733,False
0,713,0.03395783589021226,-0.30677914406658574,1.9038389583830784,2.2157038600218963,-0.2729024432623753,0.0,0.3047316583082583,0.2047267937571989,-0.1306077388885139,-0.20807860791683197,0.882621169090271,0.6701768636703491,0.33066943287849426,0.2201753556728363,-0.9253123998641968,0.03364218976381095,-0.3065610727982582,1.904014178426374,2.2157672210742754,-0.2729805733169829,0.0,0.30474334404118053,0.20468813486917412,-0.13068177307224524,-0.1047433440411805,-0.004688134869174115,0.13068177307224524,0.2,0.2,0.0,0.3896709690327576,-0.3899439988236069,False
0,714,0.03364218976381095,-0.3065610727982582,1.904014178426374,2.2157672210742754,-0.2729805733169829,0.0,0.30474334404118053,0.20468813486917412,-0.13068177307224524,0.3468973934650421,0.8182551264762878,0.5979397296905518,0.3253619372844696,0.0645642951130867,-0.6631737947463989,0.03359516096568448,-0.3062024675147645,1.9042848806797907,2.2159030547597696,-0.2728969205669024,0.0,0.30474334404118053,0.20468813486917412,-0.13068177307224524,-0.1047433440411805,-0.004688134869174115,0.13068177307224524,0.2,0.2,0.0,0.3896709690327576,-0.3896709690327576,False
0,715,0.03359516096568448,-0.3062024675147645,1.9042848806797907,2.2159030547597696,-0.2728969205669024,0.0,0.30474334404118053,0.20468813486917412,-0.13068177307224524,-0.33118999004364014,0.4959055185317993,0.475784569978714,0.6824027895927429,-0.27125290036201477,-0.8567007184028625,0.03367883731514353,-0.30593543146226365,1.9044866930179911,2.216038449449713,-0.2728952898119764,0.0,0.30474486522482436,0.2046877446028967,-0.13077456941486346,-0.10474486522482433,-0.0046877446028966985,0.13077456941486346,0.2,0.2,0.0,0.3897030839974967,-0.3903453832922786,False
0,716,0.03367883731514353,-0.30593543146226365,1.9044866930179911,2.216038449449713,-0.2728952898119764,0.0,0.30474486522482436,0.2046877446028967,-0.13077456941486346,0.3442254364490509,0.7297494411468506,0.4067663550376892,-0.17770230770111084,0.1765965223312378,-0.8408063650131226,0.03349939255864749,-0.30567651933215567,1.9047364559948496,2.2164005180589426,-0.27304059409142745,0.0,0.30473015800731684,0.20467429403290902,-0.13089595760880163,-0.10473015800731682,-0.004674294032909014,0.13089595760880163,0.2,0.2,0.0,0.38972527189721634,-0.3901690298916091,False
0,717,0.03349939255864749,-0.30567651933215567,1.9047364559948496,2.2164005180589426,-0.27304059409142745,0.0,0.30473015800731684,0.20467429403290902,-0.13089595760880163,-0.09395254403352737,0.6246639490127563,0.5494217872619629,0.2667654752731323,-0.1055946871638298,-0.4301336407661438,0.03361964537892569,-0.3053847457480164,1.904909088255522,2.2163462240629346,-0.2729812952775612,0.0,0.30473015800731684,0.20467429403290902,-0.13089595760880163,-0.10473015800731682,-0.004674294032909014,0.13089595760880163,0.2,0.2,0.0,0.38972527189721634,-0.38972527189721634,False
0,718,0.03361964537892569,-0.3053847457480164,1.904909088255522,2.2163462240629346,-0.2729812952775612,0.0,0.30473015800731684,0.20467429403290902,-0.13089595760880163,-0.04688343033194542,0.4687955975532532,0.4110541045665741,0.3262185752391815,-0.038874901831150055,-0.8075441718101501,0.03358720334705771,-0.3051757433872867,1.9050940812308732,2.216445680935981,-0.2730158075802941,0.0,0.30473969528281497,0.20468476239805306,-0.1309515798039802,-0.10473969528281499,-0.004684762398053058,0.1309515798039802,0.2,0.2,0.0,0.3897569115386776,-0.3903897043679025,False
0,719,0.03358720334705771,-0.3051757433872867,1.9050940812308732,2.216445680935981,-0.2730158075802941,0.0,0.30473969528281497,0.20468476239805306,-0.1309515798039802,-0.4574417173862457,0.9301235675811768,0.6569819450378418,0.4512787163257599,-0.0421958863735199,-0.8911789059638977,0.033491848435228296,-0.30487419762112894,1.9053300103257302,2.216621083710822,-0.27303427755168974,0.0,0.3047390579752769,0.20467899595868463,-0.13102774409866813,-0.10473905797527686,-0.004678995958684636,0.13102774409866813,0.2,0.2,0.0,0.3897789816882133,-0.39022038467892733,False
0,720,0.033491848435228296,-0.30487419762112894,1.9053300103257302,2.216621083710822,-0.27303427755168974,0.0,0.3047390579752769,0.20467899595868463,-0.13102774409866813,-0.2661556601524353,0.7315866947174072,0.17415690422058105,0.659135103225708,0.11166965961456299,-0.4333867132663727,0.033491848435228296,-0.30487419762112894,1.9053300103257302,2.216621083710822,-0.27303427755168974,0.0,0.304583560341197,0.20457687730193888,-0.1315583243469995,-0.10458356034119698,-0.004576877301938874,0.1315583243469995,0.2,0.2,0.0,0.3897825504838851,-0.3898539263973214,False
0,721,0.033491848435228296,-0.30487419762112894,1.9053300103257302,2.216621083710822,-0.27303427755168974,0.0,0.304583560341197,0.20457687730193888,-0.1315583243469995,-0.6330447196960449,0.7095468044281006,0.33839213848114014,-0.039481014013290405,-0.3345755636692047,-0.38905590772628784,0.033491848435228296,-0.30487419762112894,1.9053300103257302,2.216621083710822,-0.27303427755168974,0.0,0.304583560341197,0.20457687730193888,-0.1315583243469995,-0.10458356034119698,-0.004576877301938874,0.1315583243469995,0.2,0.2,0.0,0.3897825504838851,-0.3897825504838851,False
0,722,0.033491848435228296,-0.30487419762112894,1.9053300103257302,2.216621083710822,-0.27303427755168974,0.0,0.304583560341197,0.20457687730193888,-0.1315583243469995,-0.5627819299697876,0.7669973373413086,0.560936450958252,-0.19561031460762024,-0.3975376486778259,0.2935059070587158,0.03223277201956464,-0.301617535592463,1.9063718757293255,2.219317334813308,-0.2726500255411897,0.0,0.30450489645238304,0.20454233409852898,-0.13175061524489168,-0.10450489645238305,-0.004542334098528981,0.13175061524489168,0.2,0.2,0.0,0.389767909170776,-0.38947508290859334,False
0,723,0.03223277201956464,-0.301617535592463,1.9063718757293255,2.219317334813308,-0.2726500255411897,0.0,0.30450489645238304,0.20454233409852898,-0.13175061524489168,-0.7632057070732117,0.884345531463623,0.49036890268325806,0.5404316782951355,0.014312422834336758,-0.6346950531005859,0.0319463134316798,-0.30116421651989017,1.9066186533312848,2.2193747979491945,-0.2727879746580168,0.0,0.30453439679585026,0.2045112661129478,-0.13180515307190688,-0.10453439679585023,-0.004511266112947783,0.13180515307190688,0.2,0.2,0.0,0.38979309277518265,-0.39029676486331616,False
0,724,0.0319463134316798,-0.30116421651989017,1.9066186533312848,2.2193747979491945,-0.2727879746580168,0.0,0.30453439679585026,0.2045112661129478,-0.13180515307190688,0.08819089084863663,0.5159826874732971,0.7475234866142273,0.4694155156612396,-0.31962454319000244,0.15244780480861664,0.03154725201197163,-0.3006385229049824,1.9070230878093095,2.2193469913751844,-0.2730181822148183,0.0,0.30453439679585026,0.2045112661129478,-0.13180515307190688,-0.10453439679585023,-0.004511266112947783,0.13180515307190688,0.2,0.2,0.0,0.38979309277518265,-0.38979309277518265,False
0,725,0.03154725201197163,-0.3006385229049824,1.9070230878093095,2.2193469913751844,-0.2730181822148183,0.0,0.30453439679585026,0.2045112661129478,-0.13180515307190688,-0.6291311979293823,0.4840606153011322,0.55918288230896,0.5334158539772034,-0.0668376237154007,-0.8566367030143738,0.03156454221382197,-0.300345417304633,1.9074465978948245,2.219628515986471,-0.27318823736603187,0.0,0.3045452581368229,0.20448685852830123,-0.13189088244521585,-0.10454525813682292,-0.0044868585283012255,0.13189088244521585,0.2,0.2,0.0,0.38981777080653385,-0.39031133143355784,False
0,726,0.03156454221382197,-0.300345417304633,1.9074465978948245,2.219628515986471,-0.27318823736603187,0.0,0.3045452581368229,0.20448685852830123,-0.13189088244521585,-0.44272860884666443,0.5613967180252075,0.6402455568313599,0.5119494199752808,-0.01323569007217884,-0.9345862865447998,0.031202605815371806,-0.3000607272808948,1.9077730265767505,2.2199367854084056,-0.2732207164733761,0.0,0.30454708107207223,0.20446971513232132,-0.13201080547741678,-0.10454708107207224,-0.004469715132321301,0.13201080547741678,0.2,0.2,0.0,0.3898507942259556,-0.3905112626143904,False
0,727,0.031202605815371806,-0.3000607272808948,1.9077730265767505,2.2199367854084056,-0.2732207164733761,0.0,0.30454708107207223,0.20446971513232132,-0.13201080547741678,0.035280123353004456,0.6473078727722168,0.47285810112953186,0.28850096464157104,-0.06312281638383865,-0.6913909912109375,0.031091138821461722,-0.2996694649488263,1.908124320209952,2.220184980488442,-0.27324669302769455,0.0,0.3045448357037458,0.20444180201925385,-0.1321105598407279,-0.10454483570374581,-0.004441802019253846,0.1321105598407279,0.2,0.2,0.0,0.3898681923267553,-0.39021615434274937,False
0,728,0.031091138821461722,-0.2996694649488263,1.908124320209952,2.220184980488442,-0.27324669302769455,0.0,0.3045448357037458,0.20444180201925385,-0.1321105598407279,-0.5811101198196411,0.8184511661529541,0.34139129519462585,0.16334617137908936,-0.30821412801742554,-0.6564854383468628,0.03100768458758993,-0.29918696161553554,1.9084295414661059,2.2203625016182995,-0.27333494947631926,0.0,0.3045410333204565,0.20444152149315478,-0.13222734010405046,-0.10454103332045651,-0.004441521493154769,0.13222734010405046,0.2,0.2,0.0,0.3899046629078956,-0.39063407453070187,False
0,729,0.03100768458758993,-0.29918696161553554,1.9084295414661059,2.2203625016182995,-0.27333494947631926,0.0,0.3045410333204565,0.20444152149315478,-0.13222734010405046,-0.049087587743997574,0.7386051416397095,0.48904484510421753,0.5241038799285889,-0.41934308409690857,-0.551186203956604,0.03076093332652795,-0.2987255242605401,1.9086527140942162,2.220520794401159,-0.2735356362026549,0.0,0.3045322663362956,0.2044115990024925,-0.13232168834279429,-0.10453226633629557,-0.004411599002492482,0.13232168834279429,0.2,0.2,0.0,0.3899141344611194,-0.39010356552559505,False
0,730,0.03076093332652795,-0.2987255242605401,1.9086527140942162,2.220520794401159,-0.2735356362026549,0.0,0.3045322663362956,0.2044115990024925,-0.13232168834279429,-0.30598217248916626,0.8323689699172974,0.478744238615036,0.161141499876976,-0.2348269671201706,-0.18192856013774872,0.03076093332652795,-0.2987255242605401,1.9086527140942162,2.220520794401159,-0.2735356362026549,0.0,0.304526317644122,0.20432002521448928,-0.1328220040269305,-0.104526317644122,-0.004320025214489252,0.1328220040269305,0.2,0.2,0.0,0.39003158281768435,-0.39238054994898364,False
0,731,0.03076093332652795,-0.2987255242605401,1.9086527140942162,2.220520794401159,-0.2735356362026549,0.0,0.304526317644122,0.20432002521448928,-0.1328220040269305,-0.28672072291374207,0.5396338105201721,0.35664480924606323,0.33647578954696655,-0.7126146554946899,-0.9171122312545776,0.03012323525440302,-0.29675450923619157,1.9098117599034188,2.2210479824573186,-0.27417178553754384,0.0,0.3045271898661776,0.20428235897098374,-0.13300382846264192,-0.10452718986617761,-0.004282358970983733,0.13300382846264192,0.2,0.2,0.0,0.39007449280907963,-0.3909326926369852,False
0,732,0.03012323525440302,-0.29675450923619157,1.9098117599034188,2.2210479824573186,-0.27417178553754384,0.0,0.3045271898661776,0.20428235897098374,-0.13300382846264192,0.6965112686157227,0.7637118101119995,0.6525689959526062,0.4053541421890259,-0.726959228515625,-0.2415246069431305,0.029422929453301785,-0.29440952154769745,1.9111990320215886,2.2215477096931577,-0.2749503191376131,0.0,0.3045271898661776,0.20428235897098374,-0.13300382846264192,-0.10452718986617761,-0.004282358970983733,0.13300382846264192,0.2,0.2,0.0,0.39007449280907963,-0.39007449280907963,False
0,733,0.029422929453301785,-0.29440952154769745,1.9111990320215886,2.2215477096931577,-0.2749503191376131,0.0,0.3045271898661776,0.20428235897098374,-0.13300382846264192,-0.11756405234336853,0.7835165858268738,0.3838713467121124,0.16343538463115692,-0.5581666827201843,-0.8202269077301025,0.029698007984027188,-0.29398711068909006,1.9115172015958872,2.2217368036908525,-0.2753385609091374,0.0,0.30452464773027577,0.20429777859728435,-0.13310186392535578,-0.10452464773027574,-0.0042977785972843395,0.13310186392535578,0.2,0.2,0.0,0.3901140212751107,-0.39090459059573185,False
0,734,0.029698007984027188,-0.29398711068909006,1.9115172015958872,2.2217368036908525,-0.2753385609091374,0.0,0.30452464773027577,0.20429777859728435,-0.13310186392535578,-0.42077621817588806,0.8703480958938599,0.1903090476989746,0.755389928817749,-0.6491037607192993,-0.3140076696872711,0.0295693972115443,-0.2935154342407111,1.91170403599971,2.221936414783408,-0.2756783026771017,0.0,0.3045192662778673,0.2043060085336051,-0.13321278105620332,-0.10451926627786728,-0.004306008533605075,0.13321278105620332,0.2,0.2,0.0,0.3901519879406898,-0.3909113212522716,False
0,735,0.0295693972115443,-0.2935154342407111,1.91170403599971,2.221936414783408,-0.2756783026771017,0.0,0.3045192662778673,0.2043060085336051,-0.13321278105620332,0.25879982113838196,0.6073257923126221,0.4281459152698517,0.15776336193084717,-0.008688230998814106,-0.9280859231948853,0.02953426049356821,-0.2931723963414576,1.9118486564312485,2.2221480210695534,-0.27582842210283937,0.0,0.304490207226384,0.20429181084318868,-0.13329526178207923,-0.10449020722638397,-0.004291810843188661,0.13329526178207923,0.2,0.2,0.0,0.39015004432642125,-0.39011117204105067,False
0,736,0.02953426049356821,-0.2931723963414576,1.9118486564312485,2.2221480210695534,-0.27582842210283937,0.0,0.304490207226384,0.20429181084318868,-0.13329526178207923,-0.7940999269485474,0.9392462372779846,0.3583175837993622,0.3259800672531128,-0.7520038485527039,-0.9104374647140503,0.029671458941800708,-0.29269484588870487,1.912169959293712,2.2222733713445417,-0.27587527490540176,0.0,0.30449028535762057,0.20430756485228901,-0.13339681413128368,-0.10449028535762055,-0.004307564852289003,0.13339681413128368,0.2,0.2,0.0,0.39019306112924884,-0.3910533971858006,False
0,737,0.029671458941800708,-0.29269484588870487,1.912169959293712,2.2222733713445417,-0.27587527490540176,0.0,0.30449028535762057,0.20430756485228901,-0.13339681413128368,-0.647055447101593,0.9331146478652954,0.5810465812683105,-0.3534803092479706,0.058620937168598175,-0.8755989670753479,0.029319870793556826,-0.29225776643269163,1.912375151881867,2.22230411062872,-0.27608532769552435,0.0,0.30449028535762057,0.20430756485228901,-0.13339681413128368,-0.10449028535762055,-0.004307564852289003,0.13339681413128368,0.2,0.2,0.0,0.39019306112924884,-0.39019306112924884,False
0,738,0.029319870793556826,-0.29225776643269163,1.912375151881867,2.22230411062872,-0.27608532769552435,0.0,0.30449028535762057,0.20430756485228901,-0.13339681413128368,0.24954387545585632,0.40386098623275757,0.4276287257671356,0.33869442343711853,-0.5257593989372253,-0.9205217361450195,0.029104144167993184,-0.29180845316708126,1.912687692654321,2.222218724637003,-0.2761518779381651,0.0,0.3044994064581796,0.20426433653123394,-0.13348055588296334,-0.10449940645817957,-0.004264336531233922,0.13348055588296334,0.2,0.2,0.0,0.3902061846136652,-0.39046865430199207,False
0,739,0.029104144167993184,-0.29180845316708126,1.912687692654321,2.222218724637003,-0.2761518779381651,0.0,0.3044994064581796,0.20426433653123394,-0.13348055588296334,-0.061543550342321396,0.7701902985572815,0.5749844312667847,0.026275217533111572,-0.428957462310791,-0.5532876253128052,0.02919995878824109,-0.29151620148762875,1.9129582231221474,2.222364266164466,-0.27644171265495127,0.0,0.3045076551933265,0.2042645481229136,-0.13357917923167298,-0.1045076551933265,-0.004264548122913571,0.13357917923167298,0.2,0.2,0.0,0.39024647956823816,-0.3910523786596976,False
0,740,0.02919995878824109,-0.29151620148762875,1.9129582231221474,2.222364266164466,-0.27644171265495127,0.0,0.3045076551933265,0.2042645481229136,-0.13357917923167298,0.2723221778869629,0.8301746845245361,0.537178099155426,0.34076887369155884,-0.16292254626750946,-0.8396263122558594,0.02919995878824109,-0.29151620148762875,1.9129582231221474,2.222364266164466,-0.27644171265495127,0.0,0.3045155657982559,0.2042659881340547,-0.13367606849662378,-0.10451556579825587,-0.004265988134054677,0.13367606849662378,0.2,0.2,0.0,0.39028658061804755,-0.3910886016142354,False
0,741,0.02919995878824109,-0.29151620148762875,1.9129582231221474,2.222364266164466,-0.27644171265495127,0.0,0.3045155657982559,0.2042659881340547,-0.13367606849662378,0.22862078249454498,0.6110787391662598,0.24549278616905212,0.7791485786437988,-0.5517733693122864,-0.6515384912490845,0.029651794126967237,-0.2897663360296155,1.9141189840979256,2.2229694179828865,-0.2768894059511139,0.0,0.30449912488740755,0.20429828818887108,-0.13388330839123797,-0.10449912488740755,-0.004298288188871072,0.13388330839123797,0.2,0.2,0.0,0.39036168854010683,-0.39186384698129245,False
0,742,0.029651794126967237,-0.2897663360296155,1.9141189840979256,2.2229694179828865,-0.2768894059511139,0.0,0.30449912488740755,0.20429828818887108,-0.13388330839123797,0.20564188063144684,0.8203616738319397,0.5899455547332764,0.7104817628860474,-0.6363180875778198,-0.9567268490791321,0.02972411114156869,-0.2895296444699365,1.9142557396941786,2.2232253729756994,-0.27709397573974703,0.0,0.3044782157755552,0.20431158952059036,-0.13398845407535662,-0.10447821577555519,-0.004311589520590365,0.13398845407535662,0.2,0.2,0.0,0.39038841596517654,-0.39092296446657065,False
0,743,0.02972411114156869,-0.2895296444699365,1.9142557396941786,2.2232253729756994,-0.27709397573974703,0.0,0.3044782157755552,0.20431158952059036,-0.13398845407535662,-0.4988841116428375,0.19635140895843506,0.3756547272205353,0.35496118664741516,-0.3633752167224884,-0.82337486743927,0.02971806598060622,-0.28916058032697867,1.9145637956352413,2.2235772801013365,-0.2774177417086565,0.0,0.3044782157755552,0.20431158952059036,-0.13398845407535662,-0.10447821577555519,-0.004311589520590365,0.13398845407535662,0.2,0.2,0.0,0.39038841596517654,-0.39038841596517654,False
0,744,0.02971806598060622,-0.28916058032697867,1.9145637956352413,2.2235772801013365,-0.2774177417086565,0.0,0.3044782157755552,0.20431158952059036,-0.13398845407535662,-0.32679808139801025,0.5935654640197754,0.7468761801719666,0.8926940560340881,0.336997389793396,-0.8128353357315063,0.029454039922590405,-0.2889795146440442,1.914847266203809,2.2238776370558724,-0.27750143861440096,0.0,0.3044633925868897,0.20430205246032102,-0.13410102385674072,-0.10446339258688969,-0.00430205246032101,0.13410102385674072,0.2,0.2,0.0,0.3904105155659161,-0.39085250758070744,False
0,745,0.029454039922590405,-0.2889795146440442,1.914847266203809,2.2238776370558724,-0.27750143861440096,0.0,0.3044633925868897,0.20430205246032102,-0.13410102385674072,0.6851342916488647,0.7312253713607788,0.6871280670166016,-0.002245839685201645,-0.7220346927642822,-0.6199914216995239,0.02936406829873768,-0.28869243003466705,1.915193567591932,2.2242427989646965,-0.2774034683081791,0.0,0.3044466526911648,0.20427301717101184,-0.13424668683871055,-0.10444665269116478,-0.004273017171011842,0.13424668683871055,0.2,0.2,0.0,0.39043232807514033,-0.3908685782596249,False
0,746,0.02936406829873768,-0.28869243003466705,1.915193567591932,2.2242427989646965,-0.2774034683081791,0.0,0.3044466526911648,0.20427301717101184,-0.13424668683871055,0.757213830947876,0.9406236410140991,0.3784199357032776,0.7133362293243408,-0.49176374077796936,-0.630000114440918,0.02977656356850713,-0.2882536094283445,1.9155737234751748,2.2242754708837795,-0.2778198796702243,0.0,0.30446011772646586,0.20431562897000352,-0.13433610170044796,-0.10446011772646584,-0.004315628970003501,0.13433610170044796,0.2,0.2,0.0,0.3904958741747404,-0.3917667961667419,False
0,747,0.02977656356850713,-0.2882536094283445,1.9155737234751748,2.2242754708837795,-0.2778198796702243,0.0,0.30446011772646586,0.20431562897000352,-0.13433610170044796,-0.28136536478996277,0.5730406045913696,0.5246878266334534,0.027286222204566002,-0.11871881783008575,-0.8529369235038757,0.03015339453754131,-0.2877284705375847,1.9157979622096306,2.224656164137205,-0.2780792878203187,0.0,0.30446011772646586,0.20431562897000352,-0.13433610170044796,-0.10446011772646584,-0.004315628970003501,0.13433610170044796,0.2,0.2,0.0,0.3904958741747404,-0.3904958741747404,False
0,748,0.03015339453754131,-0.2877284705375847,1.9157979622096306,2.224656164137205,-0.2780792878203187,0.0,0.30446011772646586,0.20431562897000352,-0.13433610170044796,0.47847339510917664,0.5751612186431885,0.6533036828041077,0.3515024185180664,-0.04651870205998421,-0.5055530667304993,0.030093323905111394,-0.2875315722921814,1.915989500365387,2.2246799222207505,-0.278113572425453,0.0,0.3044310784764037,0.20434642806733794,-0.1344546632669152,-0.10443107847640369,-0.00434642806733794,0.1344546632669152,0.2,0.2,0.0,0.39053015335618524,-0.39121573698508183,False
0,749,0.030093323905111394,-0.2875315722921814,1.915989500365387,2.2246799222207505,-0.278113572425453,0.0,0.3044310784764037,0.20434642806733794,-0.1344546632669152,0.8405293822288513,0.8094483613967896,0.5208022594451904,0.0522032156586647,-0.12512241303920746,-0.041172225028276443,0.030400056001312972,-0.28718158596109383,1.9163639193544957,2.2248696568470963,-0.27814500091685107,0.0,0.3044370530296843,0.20436841221516788,-0.1345624676630529,-0.1044370530296843,-0.0043684122151678665,0.1345624676630529,0.2,0.2,0.0,0.3905834416258807,-0.39164920701979017,False
0,750,0.030400056001312972,-0.28718158596109383,1.9163639193544957,2.2248696568470963,-0.27814500091685107,0.0,0.3044370530296843,0.20436841221516788,-0.1345624676630529,0.5176852941513062,0.6863565444946289,0.7554728388786316,0.17519554495811462,-0.3371849060058594,-0.8504584431648254,0.030400056001312972,-0.28718158596109383,1.9163639193544957,2.2248696568470963,-0.27814500091685107,0.0,0.3044428951003964,0.20440445799055312,-0.13463579348471705,-0.10444289510039638,-0.0044044579905531,0.13463579348471705,0.2,0.2,0.0,0.39063212324485314,-0.3916057556243016,False
0,751,0.030400056001312972,-0.28718158596109383,1.9163639193544957,2.2248696568470963,-0.27814500091685107,0.0,0.3044428951003964,0.20440445799055312,-0.13463579348471705,0.516758143901825,0.5004565119743347,0.6083710193634033,0.7568683624267578,-0.07361330837011337,-0.8192563652992249,0.031391323944718774,-0.2859521120923977,1.9176135302662156,2.225138824884656,-0.27867446019449665,0.0,0.3044704143249626,0.20446630550747363,-0.1348350580548842,-0.10447041432496254,-0.004466305507473612,0.1348350580548842,0.2,0.2,0.0,0.3907546495791879,-0.39320517626588264,False
0,752,0.031391323944718774,-0.2859521120923977,1.9176135302662156,2.225138824884656,-0.27867446019449665,0.0,0.3044704143249626,0.20446630550747363,-0.1348350580548842,0.35673788189888,0.740763783454895,0.39263108372688293,0.3569602072238922,-0.6015843152999878,-0.5055111050605774,0.03158512366795577,-0.2856890652679154,1.9178823485324585,2.22525394108643,-0.2788085996848308,0.0,0.3044704143249626,0.20446630550747363,-0.1348350580548842,-0.10447041432496254,-0.004466305507473612,0.1348350580548842,0.2,0.2,0.0,0.3907546495791879,-0.3907546495791879,False
0,753,0.03158512366795577,-0.2856890652679154,1.9178823485324585,2.22525394108643,-0.2788085996848308,0.0,0.3044704143249626,0.20446630550747363,-0.1348350580548842,0.2937926650047302,0.6708796620368958,0.39251434803009033,0.5292093753814697,0.3805728554725647,-0.7914391756057739,0.03170622521736603,-0.2854322633132761,1.9180192214073106,2.2253898454378804,-0.2789625931998035,0.0,0.30446580817540553,0.20449384203892582,-0.1349384408831743,-0.10446580817540553,-0.004493842038925804,0.1349384408831743,0.2,0.2,0.0,0.3908011548188233,-0.3917312596115324,False
0,754,0.03170622521736603,-0.2854322633132761,1.9180192214073106,2.2253898454378804,-0.2789625931998035,0.0,0.30446580817540553,0.20449384203892582,-0.1349384408831743,-0.42656606435775757,0.6227067708969116,0.4009820520877838,-0.13342136144638062,-0.7652904391288757,-0.9039233922958374,0.03179550673847617,-0.28522807034323705,1.9181389037315637,2.225551988053025,-0.2788419510532234,0.0,0.30446580817540553,0.20449384203892582,-0.1349384408831743,-0.10446580817540553,-0.004493842038925804,0.1349384408831743,0.2,0.2,0.0,0.3908011548188233,-0.3908011548188233,False
0,755,0.03179550673847617,-0.28522807034323705,1.9181389037315637,2.225551988053025,-0.2788419510532234,0.0,0.30446580817540553,0.20449384203892582,-0.1349384408831743,0.0684497281908989,0.6153044104576111,0.5923599004745483,0.47207438945770264,0.38090094923973083,-0.8382680416107178,0.03164598350175175,-0.284974377239043,1.9183142988205575,2.225529253852413,-0.2790938282466993,0.0,0.3044569321721322,0.20449621433059142,-0.13500804295262916,-0.10445693217213223,-0.004496214330591416,0.13500804295262916,0.2,0.2,0.0,0.39081951958046884,-0.3911868148133792,False
0,756,0.03164598350175175,-0.284974377239043,1.9183142988205575,2.225529253852413,-0.2790938282466993,0.0,0.3044569321721322,0.20449621433059142,-0.13500804295262916,0.8113342523574829,-0.484772264957428,0.5157305598258972,0.2088399976491928,-0.4953034222126007,-0.4335066080093384,0.03171716589728558,-0.28482480090012896,1.9185182634477915,2.225682072836526,-0.27900689795690314,0.0,0.3044591259671061,0.20449622209300172,-0.13508106502953687,-0.1044591259671061,-0.004496222093001705,0.13508106502953687,0.2,0.2,0.0,0.39084646392730543,-0.3913853508640372,False
0,757,0.03171716589728558,-0.28482480090012896,1.9185182634477915,2.225682072836526,-0.27900689795690314,0.0,0.3044591259671061,0.20449622209300172,-0.13508106502953687,-0.20065578818321228,0.47464698553085327,0.5952988862991333,0.7032909393310547,0.49835294485092163,0.00027370452880859375,0.03213544607013748,-0.2850582029931026,1.9188235787854284,2.225831701043629,-0.27924292699433245,0.0,0.3044591259671061,0.20449622209300172,-0.13508106502953687,-0.1044591259671061,-0.004496222093001705,0.13508106502953687,0.2,0.2,0.0,0.39084646392730543,-0.39084646392730543,False
0,758,0.03213544607013748,-0.2850582029931026,1.9188235787854284,2.225831701043629,-0.27924292699433245,0.0,0.3044591259671061,0.20449622209300172,-0.13508106502953687,0.11513233929872513,-0.2750444710254669,0.7182344198226929,-0.21064318716526031,-0.545556366443634,-0.7096675634384155,0.03200609137830122,-0.2847704906071114,1.919169975341306,2.2262460384421314,-0.27894106176769623,0.0,0.3044752086069521,0.20453205032199884,-0.1351338630062539,-0.10447520860695206,-0.004532050321998833,0.1351338630062539,0.2,0.2,0.0,0.39089598769514206,-0.3918864630518745,False
0,759,0.03200609137830122,-0.2847704906071114,1.919169975341306,2.2262460384421314,-0.27894106176769623,0.0,0.3044752086069521,0.20453205032199884,-0.1351338630062539,0.6738893389701843,0.15399134159088135,0.2646145522594452,-0.3506040573120117,-0.7092288732528687,-0.8246422410011292,0.032056707339636566,-0.28489098982508937,1.9194624873345825,2.22614983373787,-0.27917465169078987,0.0,0.3045012480073317,0.20452919610053835,-0.13521301156867044,-0.10450124800733168,-0.004529196100538341,0.13521301156867044,0.2,0.2,0.0,0.39094214481560363,-0.39186528722483516,False
0,760,0.032056707339636566,-0.28489098982508937,1.9194624873345825,2.22614983373787,-0.27917465169078987,0.0,0.3045012480073317,0.20452919610053835,-0.13521301156867044,0.8074731826782227,0.6641600728034973,0.4656309187412262,-0.3437739610671997,-0.9566921591758728,-0.9801508188247681,0.032056707339636566,-0.28489098982508937,1.9194624873345825,2.22614983373787,-0.27917465169078987,0.0,0.3045237722290941,0.20457194813228646,-0.13524631827342304,-0.10452377222909412,-0.0045719481322864415,0.13524631827342304,0.2,0.2,0.0,0.3909935759341733,-0.39202219830556617,False
0,761,0.032056707339636566,-0.28489098982508937,1.9194624873345825,2.22614983373787,-0.27917465169078987,0.0,0.3045237722290941,0.20457194813228646,-0.13524631827342304,0.5545868873596191,0.45848366618156433,-0.015020462684333324,0.6841343641281128,0.06172989308834076,-0.6355991959571838,0.03362300345723433,-0.28366714054461994,1.9203422707598006,2.2254732750024453,-0.28101372506517636,0.0,0.3045237722290941,0.20457194813228646,-0.13524631827342304,-0.10452377222909412,-0.0045719481322864415,0.13524631827342304,0.2,0.2,0.0,0.3909935759341733,-0.3909935759341733,False
0,762,0.03362300345723433,-0.28366714054461994,1.9203422707598006,2.2254732750024453,-0.28101372506517636,0.0,0.3045237722290941,0.20457194813228646,-0.13524631827342304,0.4827440083026886,0.721662163734436,0.2104089856147766,0.12992632389068604,0.21359257400035858,-0.8157830238342285,0.033709944055582496,-0.2835948366650592,1.9203324745706174,2.2256014094968783,-0.28098787614676696,0.0,0.30457577559105986,0.20467718489214448,-0.13535290514558557,-0.10457577559105984,-0.004677184892144478,0.13535290514558557,0.2,0.2,0.0,0.39112601808575537,-0.3937748611173972,False
0,763,0.033709944055582496,-0.2835948366650592,1.9203324745706174,2.2256014094968783,-0.28098787614676696,0.0,0.30457577559105986,0.20467718489214448,-0.13535290514558557,0.5195955038070679,0.14660124480724335,0.16531133651733398,0.11407644301652908,0.6874451637268066,-0.6210534572601318,0.03388290741655337,-0.2833935642674232,1.9203620346693222,2.2257477499821263,-0.2809271967202232,0.0,0.30454398865206034,0.20470044274883858,-0.13540552355694008,-0.10454398865206031,-0.004700442748838582,0.13540552355694008,0.2,0.2,0.0,0.3911316505927459,-0.39124430073255667,False
0,764,0.03388290741655337,-0.2833935642674232,1.9203620346693222,2.2257477499821263,-0.2809271967202232,0.0,0.30454398865206034,0.20470044274883858,-0.13540552355694008,0.22454006969928741,-0.3445557951927185,0.5780200958251953,0.2436438500881195,-0.707543134689331,-0.817676842212677,0.03406565299796345,-0.28334505201002025,1.9204203497552748,2.225786555454533,-0.2806825331129011,0.0,0.30454398865206034,0.20470044274883858,-0.13540552355694008,-0.10454398865206031,-0.004700442748838582,0.13540552355694008,0.2,0.2,0.0,0.3911316505927459,-0.3911316505927459,False
0,765,0.03406565299796345,-0.28334505201002025,1.9204203497552748,2.225786555454533,-0.2806825331129011,0.0,0.30454398865206034,0.20470044274883858,-0.13540552355694008,0.6588305234909058,-0.023936109617352486,0.49852654337882996,0.018178695812821388,-0.026042696088552475,-0.8195183277130127,0.03414081827760176,-0.2834672108124769,1.9206223768228248,2.2258714183317,-0.2809363715755493,0.0,0.30455012524407216,0.20472132489374575,-0.135428193185401,-0.10455012524407215,-0.004721324893745748,0.135428193185401,0.2,0.2,0.0,0.3911552059757008,-0.3916263136347988,False
0,766,0.03414081827760176,-0.2834672108124769,1.9206223768228248,2.2258714183317,-0.2809363715755493,0.0,0.30455012524407216,0.20472132489374575,-0.135428193185401,-0.15552052855491638,0.4338279962539673,0.3832502067089081,0.7792733311653137,-0.26636525988578796,-0.5887190699577332,0.03425804450054975,-0.283469943237489,1.9207092250955404,2.225873592264528,-0.2809378031749757,0.0,0.30455012524407216,0.20472132489374575,-0.135428193185401,-0.10455012524407215,-0.004721324893745748,0.135428193185401,0.2,0.2,0.0,0.3911552059757008,-0.3911552059757008,False
0,767,0.03425804450054975,-0.283469943237489,1.9207092250955404,2.225873592264528,-0.2809378031749757,0.0,0.30455012524407216,0.20472132489374575,-0.135428193185401,0.7915340065956116,0.32803094387054443,0.502682626247406,-0.27742061018943787,0.0379844605922699,-0.871640145778656,0.03422835533001173,-0.2833920700609353,1.9207766516108218,2.226013358812308,-0.28098556151366266,0.0,0.3045554052316759,0.2047330914876695,-0.13547186101832484,-0.1045554052316759,-0.004733091487669495,0.13547186101832484,0.2,0.2,0.0,0.3911805960597957,-0.39168839774169395,False
0,768,0.03422835533001173,-0.2833920700609353,1.9207766516108218,2.226013358812308,-0.28098556151366266,0.0,0.3045554052316759,0.2047330914876695,-0.13547186101832484,0.6404913663864136,-0.19712810218334198,0.32982540130615234,0.5757986307144165,0.3763981759548187,-0.9536842703819275,0.034247481133959666,-0.2832959825241041,1.9208735592891772,2.226133897659595,-0.2810301664914023,0.0,0.3045554052316759,0.2047330914876695,-0.13547186101832484,-0.1045554052316759,-0.004733091487669495,0.13547186101832484,0.2,0.2,0.0,0.3911805960597957,-0.3911805960597957,False
0,769,0.034247481133959666,-0.2832959825241041,1.9208735592891772,2.226133897659595,-0.2810301664914023,0.0,0.3045554052316759,0.2047330914876695,-0.13547186101832484,0.4674549102783203,0.2618391811847687,0.49050474166870117,-0.32172611355781555,-0.8253836631774902,-0.6901123523712158,0.03437983482216846,-0.28327029195525516,1.9209516472958146,2.226133500119921,-0.28100235012389124,0.0,0.3045554052316759,0.2047330914876695,-0.13547186101832484,-0.1045554052316759,-0.004733091487669495,0.13547186101832484,0.2,0.2,0.0,0.3911805960597957,-0.3911805960597957,False
0,770,0.03437983482216846,-0.28327029195525516,1.9209516472958146,2.226133500119921,-0.28100235012389124,0.0,0.3045554052316759,0.2047330914876695,-0.13547186101832484,0.09645135700702667,0.15605203807353973,0.1475464403629303,0.05275290459394455,-0.623996913433075,-0.7922399044036865,0.03437983482216846,-0.28327029195525516,1.9209516472958146,2.226133500119921,-0.28100235012389124,0.0,0.3045751442096323,0.20478424727651007,-0.13559272108094458,-0.10457514420963229,-0.004784247276510069,0.13559272108094458,0.2,0.2,0.0,0.3912646066449916,-0.39294481834890876,False
0,771,0.03437983482216846,-0.28327029195525516,1.9209516472958146,2.226133500119921,-0.28100235012389124,0.0,0.3045751442096323,0.20478424727651007,-0.13559272108094458,0.09412015229463577,0.7382609844207764,0.4868636727333069,0.06822710484266281,-0.38040629029273987,-0.8678421974182129,0.03494441427947848,-0.28263960199783894,1.9216778431953967,2.2262880391976174,-0.28350327888176263,0.0,0.3045773253853842,0.20479539169086655,-0.13563824263299948,-0.1045773253853842,-0.004795391690866532,0.13563824263299948,0.2,0.2,0.0,0.3912879150463225,-0.39175408307294074,False
0,772,0.03494441427947848,-0.28263960199783894,1.9216778431953967,2.2262880391976174,-0.28350327888176263,0.0,0.3045773253853842,0.20479539169086655,-0.13563824263299948,0.2059871256351471,0.04155072197318077,0.305125892162323,0.3730853199958801,-0.8099907636642456,-0.9242650270462036,0.03497198904430934,-0.28255646409636825,1.9217422345755495,2.226305961419055,-0.2836816692932696,0.0,0.30457955183708263,0.20480304541625138,-0.13568574017365098,-0.1045795518370826,-0.0048030454162513725,0.13568574017365098,0.2,0.2,0.0,0.3913101211258415,-0.39175424271622206,False
0,773,0.03497198904430934,-0.28255646409636825,1.9217422345755495,2.226305961419055,-0.2836816692932696,0.0,0.30457955183708263,0.20480304541625138,-0.13568574017365098,-0.035180795937776566,0.29767921566963196,0.6980144381523132,-0.19938649237155914,-0.5663086175918579,-0.9342528581619263,0.03505627124947604,-0.28245942775818683,1.92190744454255,2.226450783215534,-0.2840116561054266,0.0,0.30457955183708263,0.20480304541625138,-0.13568574017365098,-0.1045795518370826,-0.0048030454162513725,0.13568574017365098,0.2,0.2,0.0,0.3913101211258415,-0.3913101211258415,False
0,774,0.03505627124947604,-0.28245942775818683,1.92190744454255,2.226450783215534,-0.2840116561054266,0.0,0.30457955183708263,0.20480304541625138,-0.13568574017365098,0.5550270080566406,-0.0013893237337470055,0.6518913507461548,0.25627580285072327,-0.5813486576080322,-0.7442384958267212,0.035042236211225,-0.28235601262428933,1.9221499407804417,2.226377748345006,-0.28420424980882214,0.0,0.3045883915960132,0.20480955368349013,-0.13572416133660248,-0.1045883915960132,-0.004809553683490132,0.13572416133660248,0.2,0.2,0.0,0.39133373167361996,-0.3918059426291888,False
0,775,0.035042236211225,-0.28235601262428933,1.9221499407804417,2.226377748345006,-0.28420424980882214,0.0,0.3045883915960132,0.20480955368349013,-0.13572416133660248,0.20860441029071808,0.344515860080719,0.35796743631362915,-0.6246612071990967,0.6334418058395386,-0.6118934154510498,0.035522601016589356,-0.2823612171868565,1.9227041143938708,2.226602121166295,-0.2846993613971672,0.0,0.30461618826278736,0.2048393532726816,-0.13578751752132945,-0.10461618826278737,-0.00483935327268158,0.13578751752132945,0.2,0.2,0.0,0.39139293902103767,-0.3925770859693919,False
0,776,0.035522601016589356,-0.2823612171868565,1.9227041143938708,2.226602121166295,-0.2846993613971672,0.0,0.30461618826278736,0.2048393532726816,-0.13578751752132945,0.287405401468277,-0.06328430771827698,0.17022095620632172,0.8719568252563477,0.9537408351898193,-0.8659082651138306,0.03560593732441603,-0.28231165636991357,1.9227920225681947,2.226645825925447,-0.28441111007366043,0.0,0.304626192633464,0.20486284988182718,-0.1358312528802354,-0.10462619263346402,-0.004862849881827161,0.1358312528802354,0.2,0.2,0.0,0.3914281974501567,-0.39213336603253784,False
0,777,0.03560593732441603,-0.28231165636991357,1.9227920225681947,2.226645825925447,-0.28441111007366043,0.0,0.304626192633464,0.20486284988182718,-0.1358312528802354,0.5781457424163818,0.26552170515060425,0.25004661083221436,0.35925447940826416,0.598863422870636,-0.861160397529602,0.03584234477855671,-0.2823420143816167,1.9229254324518552,2.227285146316358,-0.2837060932093123,0.0,0.304626192633464,0.20486284988182718,-0.1358312528802354,-0.10462619263346402,-0.004862849881827161,0.1358312528802354,0.2,0.2,0.0,0.3914281974501567,-0.3914281974501567,False
0,778,0.03584234477855671,-0.2823420143816167,1.9229254324518552,2.227285146316358,-0.2837060932093123,0.0,0.304626192633464,0.20486284988182718,-0.1358312528802354,0.37251734733581543,-0.20251713693141937,0.7577764987945557,0.5232040286064148,0.9701669216156006,-0.9214724898338318,0.03607597383619602,-0.2822998155592385,1.9231330851308313,2.2274758321615007,-0.28336564920454826,0.0,0.3045830911664039,0.2048900996694349,-0.13591022426203478,-0.10458309116640392,-0.004890099669434889,0.13591022426203478,0.2,0.2,0.0,0.3914363312545087,-0.3915990073415486,False
0,779,0.03607597383619602,-0.2822998155592385,1.9231330851308313,2.2274758321615007,-0.28336564920454826,0.0,0.3045830911664039,0.2048900996694349,-0.13591022426203478,0.050109997391700745,0.161691352725029,0.4761394262313843,-0.2629460394382477,-0.6953016519546509,-0.9362547397613525,0.03622952609464245,-0.2823748963276478,1.923472542797369,2.2276738835075607,-0.2830106395164669,0.0,0.30459461845775054,0.20492050281151125,-0.1359871994539619,-0.10459461845775055,-0.004920502811511233,0.1359871994539619,0.2,0.2,0.0,0.3914879467892681,-0.3925202574844563,False
0,780,0.03622952609464245,-0.2823748963276478,1.923472542797369,2.2276738835075607,-0.2830106395164669,0.0,0.30459461845775054,0.20492050281151125,-0.1359871994539619,-0.12802433967590332,0.12749895453453064,0.6269381046295166,0.17488990724086761,0.742859959602356,-0.8049832582473755,0.03622952609464245,-0.2823748963276478,1.923472542797369,2.2276738835075607,-0.2830106395164669,0.0,0.30466390040822444,0.20491140748837017,-0.13611772979801895,-0.1046639004082244,-0.004911407488370162,0.13611772979801895,0.2,0.2,0.0,0.39158244789084184,-0.3934724699223162,False
0,781,0.03622952609464245,-0.2823748963276478,1.923472542797369,2.2276738835075607,-0.2830106395164669,0.0,0.30466390040822444,0.20491140748837017,-0.13611772979801895,0.3228706121444702,0.33634111285209656,0.6588304042816162,-0.1422324925661087,0.35744041204452515,-0.8901573419570923,0.03591937361078144,-0.2819617414699113,1.9253283341265737,2.227990924032996,-0.28144177230959794,0.0,0.30470776412225753,0.20489643048456307,-0.1362473753015007,-0.1047077641222575,-0.004896430484563055,0.1362473753015007,0.2,0.2,0.0,0.3916538216566368,-0.3930812969725362,False
0,782,0.03591937361078144,-0.2819617414699113,1.9253283341265737,2.227990924032996,-0.28144177230959794,0.0,0.30470776412225753,0.20489643048456307,-0.1362473753015007,0.38398849964141846,0.2715010941028595,0.7361890077590942,-0.12837938964366913,-0.4396836459636688,-0.9132587313652039,0.035944548117383956,-0.28187043335843165,1.9256015806646785,2.2280118271827516,-0.28118398268391676,0.0,0.30470776412225753,0.20489643048456307,-0.1362473753015007,-0.1047077641222575,-0.004896430484563055,0.1362473753015007,0.2,0.2,0.0,0.3916538216566368,-0.3916538216566368,False
0,783,0.035944548117383956,-0.28187043335843165,1.9256015806646785,2.2280118271827516,-0.28118398268391676,0.0,0.30470776412225753,0.20489643048456307,-0.1362473753015007,0.4890970289707184,0.1565716564655304,0.644277036190033,0.6549661159515381,0.10088078677654266,-0.9348292350769043,0.03610937921218001,-0.2817662880665699,1.9258974562433548,2.2280055749007137,-0.28133788562330914,0.0,0.304734679852107,0.20490621985484003,-0.13630146745182042,-0.10473467985210698,-0.004906219854840027,0.13630146745182042,0.2,0.2,0.0,0.39169870317539457,-0.3925963335505497,False
0,784,0.03610937921218001,-0.2817662880665699,1.9258974562433548,2.2280055749007137,-0.28133788562330914,0.0,0.304734679852107,0.20490621985484003,-0.13630146745182042,0.48280736804008484,0.5276637673377991,0.6304001808166504,-0.4500715136528015,0.42566344141960144,-0.8657883405685425,0.03639489189528758,-0.2816537166844665,1.926271360520203,2.22832748016294,-0.281254996957668,0.0,0.304739164533829,0.2049395917421207,-0.13639892391932973,-0.10473916453382895,-0.0049395917421206845,0.13639892391932973,0.2,0.2,0.0,0.3917535719180545,-0.3928509467712529,False
0,785,0.03639489189528758,-0.2816537166844665,1.926271360520203,2.22832748016294,-0.281254996957668,0.0,0.304739164533829,0.2049395917421207,-0.13639892391932973,0.39258307218551636,0.14813363552093506,0.48814257979393005,-0.7195621728897095,0.25555896759033203,-0.9323959946632385,0.03666896137474258,-0.28136646075614286,1.9266277180293883,2.228037280277609,-0.28101491914972665,0.0,0.30478247724720764,0.20496955006477163,-0.13644033949335804,-0.10478247724720761,-0.0049695500647716296,0.13644033949335804,0.2,0.2,0.0,0.39181735685362684,-0.3930930555650739,False
0,786,0.03666896137474258,-0.28136646075614286,1.9266277180293883,2.228037280277609,-0.28101491914972665,0.0,0.30478247724720764,0.20496955006477163,-0.13644033949335804,0.08767051249742508,0.18590617179870605,0.582460880279541,0.416180819272995,-0.15445055067539215,-0.8850187063217163,0.036876957216350745,-0.2812830268358895,1.9269143918389942,2.2276857760020974,-0.28089362514098065,0.0,0.30478247724720764,0.20496955006477163,-0.13644033949335804,-0.10478247724720761,-0.0049695500647716296,0.13644033949335804,0.2,0.2,0.0,0.39181735685362684,-0.39181735685362684,False
0,787,0.036876957216350745,-0.2812830268358895,1.9269143918389942,2.2276857760020974,-0.28089362514098065,0.0,0.30478247724720764,0.20496955006477163,-0.13644033949335804,0.5901585817337036,0.18708688020706177,0.6302712559700012,-0.9162706136703491,0.6102068424224854,-0.1169215515255928,0.036954268882579064,-0.28117473596332676,1.927255753178748,2.227860465334675,-0.2809420370879074,0.0,0.3048300033408565,0.20499169634654088,-0.13645956578013152,-0.10483000334085654,-0.00499169634654088,0.13645956578013152,0.2,0.2,0.0,0.39187260634129695,-0.39297759609469907,False
0,788,0.036954268882579064,-0.28117473596332676,1.927255753178748,2.227860465334675,-0.2809420370879074,0.0,0.3048300033408565,0.20499169634654088,-0.13645956578013152,0.7388768196105957,0.18827754259109497,0.7272539734840393,-0.1631317287683487,0.6246068477630615,-0.8862085342407227,0.037172443968479844,-0.2811095224463897,1.9274813612171278,2.227576576603325,-0.2807229838050569,0.0,0.3048725320100678,0.20501615021090835,-0.1365058002291128,-0.1048725320100678,-0.0050161502109083555,0.1365058002291128,0.2,0.2,0.0,0.3919345814261891,-0.3931740831240319,False
0,789,0.037172443968479844,-0.2811095224463897,1.9274813612171278,2.227576576603325,-0.2807229838050569,0.0,0.3048725320100678,0.20501615021090835,-0.1365058002291128,-0.29158687591552734,0.34260642528533936,0.7266243100166321,-0.39997413754463196,0.5386868715286255,-0.8760563731193542,0.03737060501398491,-0.2810341660342957,1.9277370487485894,2.227508683946347,-0.2805089038311965,0.0,0.3048725320100678,0.20501615021090835,-0.1365058002291128,-0.1048725320100678,-0.0050161502109083555,0.1365058002291128,0.2,0.2,0.0,0.3919345814261891,-0.3919345814261891,False
0,790,0.03737060501398491,-0.2810341660342957,1.9277370487485894,2.227508683946347,-0.2805089038311965,0.0,0.3048725320100678,0.20501615021090835,-0.1365058002291128,-0.22847133874893188,-0.058821409940719604,0.721891462802887,0.41064387559890747,-0.07681970298290253,0.058779116719961166,0.03737060501398491,-0.2810341660342957,1.9277370487485894,2.227508683946347,-0.2805089038311965,0.0,0.3049371596338915,0.2050205792377548,-0.13662002587682803,-0.10493715963389151,-0.005020579237754777,0.13662002587682803,0.2,0.2,0.0,0.3920269642603109,-0.3938746209427475,False
0,791,0.03737060501398491,-0.2810341660342957,1.9277370487485894,2.227508683946347,-0.2805089038311965,0.0,0.3049371596338915,0.2050205792377548,-0.13662002587682803,-0.40146660804748535,0.36254769563674927,0.8179532289505005,0.22798046469688416,0.7287449836730957,-0.9349860548973083,0.03728214851275754,-0.28093510615484485,1.9279456260801684,2.227392722154105,-0.28035466206133125,0.0,0.3049371596338915,0.2050205792377548,-0.13662002587682803,-0.10493715963389151,-0.005020579237754777,0.13662002587682803,0.2,0.2,0.0,0.3920269642603109,-0.3920269642603109,False
0,792,0.03728214851275754,-0.28093510615484485,1.9279456260801684,2.227392722154105,-0.28035466206133125,0.0,0.3049371596338915,0.2050205792377548,-0.13662002587682803,-0.1613338738679886,0.407421737909317,0.5746681690216064,-0.6503487825393677,0.41413453221321106,-0.8832998871803284,0.03675629509359763,-0.280997215112472,1.929532293630736,2.228272570789615,-0.2803920879890735,0.0,0.3049778059725377,0.20499150911555378,-0.13677060268408725,-0.10497780597253768,-0.004991509115553771,0.13677060268408725,0.2,0.2,0.0,0.3920958794783025,-0.39347418383813393,False
0,793,0.03675629509359763,-0.280997215112472,1.929532293630736,2.228272570789615,-0.2803920879890735,0.0,0.3049778059725377,0.20499150911555378,-0.13677060268408725,-0.41094279289245605,0.5177162885665894,0.6217992901802063,-0.18356271088123322,0.5325800180435181,-0.6768607497215271,0.03666379883681858,-0.2808601974605202,1.9297583282520199,2.22818576862491,-0.2801901151114902,0.0,0.3050035997463998,0.20497754279685104,-0.13682218109543298,-0.10500359974639975,-0.004977542796851039,0.13682218109543298,0.2,0.2,0.0,0.3921266353475729,-0.39274175273298145,False
0,794,0.03666379883681858,-0.2808601974605202,1.9297583282520199,2.22818576862491,-0.2801901151114902,0.0,0.3050035997463998,0.20497754279685104,-0.13682218109543298,0.3756464421749115,0.34858426451683044,0.6624611616134644,-0.5769163370132446,0.7667335271835327,-0.6332722306251526,0.03649372712644677,-0.28060650241975793,1.930066930548491,2.228003294243533,-0.27993148054782213,0.0,0.30533585965712606,0.20507964350621638,-0.13707166397657392,-0.10533585965712604,-0.005079643506216383,0.13707166397657392,0.2,0.2,0.0,0.3925255258432243,-0.4005033357562522,False
0,795,0.03649372712644677,-0.28060650241975793,1.930066930548491,2.228003294243533,-0.27993148054782213,0.0,0.30533585965712606,0.20507964350621638,-0.13707166397657392,-0.1886569708585739,0.32316577434539795,0.5230933427810669,0.3626100718975067,0.5655820369720459,-0.5088244080543518,0.03649372712644677,-0.28060650241975793,1.930066930548491,2.228003294243533,-0.27993148054782213,0.0,0.3054339824947085,0.2050938951460222,-0.13736482033223518,-0.10543398249470846,-0.005093895146022173,0.13736482033223518,0.2,0.2,0.0,0.3927117484283513,-0.39643620013089165,False
0,796,0.03649372712644677,-0.28060650241975793,1.930066930548491,2.228003294243533,-0.27993148054782213,0.0,0.3054339824947085,0.2050938951460222,-0.13736482033223518,0.05744170397520065,0.2888930141925812,0.8720619678497314,-0.21216097474098206,0.3443445563316345,-0.9049936532974243,0.03649372712644677,-0.28060650241975793,1.930066930548491,2.228003294243533,-0.27993148054782213,0.0,0.3053999397221751,0.2050149564184304,-0.13775058143169805,-0.10539993972217511,-0.005014956418430392,0.13775058143169805,0.2,0.2,0.0,0.3927791723377526,-0.39412765052577836,False
0,797,0.03649372712644677,-0.28060650241975793,1.930066930548491,2.228003294243533,-0.27993148054782213,0.0,0.3053999397221751,0.2050149564184304,-0.13775058143169805,-0.20016911625862122,0.5245832204818726,0.8129208087921143,-0.38469550013542175,0.4364764392375946,-0.8525364398956299,0.03687549684804401,-0.2772380535331841,1.9359483755985052,2.2275565486802638,-0.2735513465683611,0.0,0.30548099752217023,0.20502352230968862,-0.13783990251023792,-0.10548099752217022,-0.005023522309688615,0.13783990251023792,0.2,0.2,0.0,0.3928780004930837,-0.3948545635997052,False
0,798,0.03687549684804401,-0.2772380535331841,1.9359483755985052,2.2275565486802638,-0.2735513465683611,0.0,0.30548099752217023,0.20502352230968862,-0.13783990251023792,-0.24889716506004333,0.48979324102401733,0.7648685574531555,-0.37979885935783386,0.5498529672622681,-0.8472975492477417,0.036945316628424374,-0.27673913954475526,1.937686402564833,2.227014539558983,-0.2731946981873847,0.0,0.30556192849817365,0.2050276845022164,-0.13792944828768286,-0.10556192849817367,-0.005027684502216396,0.13792944828768286,0.2,0.2,0.0,0.39297452368417973,-0.3949049875061006,False
0,799,0.036945316628424374,-0.27673913954475526,1.937686402564833,2.227014539558983,-0.2731946981873847,0.0,0.30556192849817365,0.2050276845022164,-0.13792944828768286,-0.004810310900211334,0.5373041033744812,0.9018250703811646,0.6067765951156616,0.6572587490081787,-0.8707110285758972,0.036898686334012366,-0.276524831533145,1.938030368514464,2.2270943803839995,-0.27293955358971056,0.0,0.30556192849817365,0.2050276845022164,-0.13792944828768286,-0.10556192849817367,-0.005027684502216396,0.13792944828768286,0.2,0.2,0.0,0.39297452368417973,-0.39297452368417973,False
0,800,0.036898686334012366,-0.276524831533145,1.938030368514464,2.2270943803839995,-0.27293955358971056,0.0,0.30556192849817365,0.2050276845022164,-0.13792944828768286,-0.3395341634750366,0.40343576669692993,0.846443772315979,0.5403869152069092,0.6031002998352051,-0.8784791231155396,0.036898686334012366,-0.276524831533145,1.938030368514464,2.2270943803839995,-0.27293955358971056,0.0,0.3055993895589024,0.20491461898231,-0.13866737943030194,-0.10559938955890241,-0.0049146189823099885,0.13866737943030194,0.2,0.2,0.0,0.393204310873503,-0.3978000546599682,False
0,801,0.036898686334012366,-0.276524831533145,1.938030368514464,2.2270943803839995,-0.27293955358971056,0.0,0.3055993895589024,0.20491461898231,-0.13866737943030194,-0.6130644679069519,0.5180373787879944,0.6896550059318542,0.17469747364521027,0.6620630025863647,-0.9348786473274231,0.036898686334012366,-0.276524831533145,1.938030368514464,2.2270943803839995,-0.27293955358971056,0.0,0.30561578954406815,0.2048344008105198,-0.1391025764801196,-0.10561578954406813,-0.0048344008105197685,0.1391025764801196,0.2,0.2,0.0,0.39332895819842245,-0.3958219046968116,False
0,802,0.036898686334012366,-0.276524831533145,1.938030368514464,2.2270943803839995,-0.27293955358971056,0.0,0.30561578954406815,0.2048344008105198,-0.1391025764801196,0.3002922236919403,0.6551605463027954,0.7217906713485718,-0.04266848415136337,0.5970686674118042,-0.8986806869506836,0.034861325254803024,-0.27393044786963944,1.943400528989213,2.230535053991875,-0.26910853706395355,0.0,0.30561578954406815,0.2048344008105198,-0.1391025764801196,-0.10561578954406813,-0.0048344008105197685,0.1391025764801196,0.2,0.2,0.0,0.39332895819842245,-0.39332895819842245,False
0,803,0.034861325254803024,-0.27393044786963944,1.943400528989213,2.230535053991875,-0.26910853706395355,0.0,0.30561578954406815,0.2048344008105198,-0.1391025764801196,-0.44417649507522583,0.7535927891731262,0.638237476348877,-0.5902587175369263,0.43258965015411377,-0.6233727931976318,0.034861325254803024,-0.27393044786963944,1.943400528989213,2.230535053991875,-0.26910853706395355,0.0,0.30601877827524937,0.20458843099162302,-0.13972292260465052,-0.10601877827524939,-0.004588430991622998,0.13972292260465052,0.2,0.2,0.0,0.39373393789953576,-0.4018335319218019,False
0,804,0.034861325254803024,-0.27393044786963944,1.943400528989213,2.230535053991875,-0.26910853706395355,0.0,0.30601877827524937,0.20458843099162302,-0.13972292260465052,0.28271886706352234,0.5475295782089233,0.5467623472213745,0.3865593671798706,0.4912117123603821,-0.6465865969657898,0.034861325254803024,-0.27393044786963944,1.943400528989213,2.230535053991875,-0.26910853706395355,0.0,0.3061613712554306,0.20460230540267763,-0.1407178051669261,-0.10616137125543056,-0.004602305402677621,0.1407178051669261,0.2,0.2,0.0,0.39420602394698784,-0.40364774489602945,False
0,805,0.034861325254803024,-0.27393044786963944,1.943400528989213,2.230535053991875,-0.26910853706395355,0.0,0.3061613712554306,0.20460230540267763,-0.1407178051669261,-0.4903014004230499,0.6345587968826294,0.6992127895355225,-0.4241061508655548,0.5325843095779419,-0.04761894419789314,0.034861325254803024,-0.27393044786963944,1.943400528989213,2.230535053991875,-0.26910853706395355,0.0,0.30615408793212895,0.20461868901057034,-0.1408837739597251,-0.10615408793212897,-0.004618689010570345,0.1408837739597251,0.2,0.2,0.0,0.3942681463358322,-0.39551059411271905,False
0,806,0.034861325254803024,-0.27393044786963944,1.943400528989213,2.230535053991875,-0.26910853706395355,0.0,0.30615408793212895,0.20461868901057034,-0.1408837739597251,-0.3927761912345886,0.6497028470039368,0.7112857699394226,-0.30745929479599,0.3967808485031128,-0.8313275575637817,0.034861325254803024,-0.27393044786963944,1.943400528989213,2.230535053991875,-0.26910853706395355,0.0,0.3062217586402174,0.20456413459786868,-0.14094007695594923,-0.10622175864021739,-0.004564134597868658,0.14094007695594923,0.2,0.2,0.0,0.3943125104797353,-0.3951997933577979,False
0,807,0.034861325254803024,-0.27393044786963944,1.943400528989213,2.230535053991875,-0.26910853706395355,0.0,0.3062217586402174,0.20456413459786868,-0.14094007695594923,-0.4560460150241852,0.5294091701507568,0.7292667031288147,-0.23949521780014038,0.563747763633728,-0.8717362284660339,0.034861325254803024,-0.27393044786963944,1.943400528989213,2.230535053991875,-0.26910853706395355,0.0,0.3062565221791512,0.20453667833208972,-0.14098270881064814,-0.10625652217915124,-0.004536678332089713,0.14098270881064814,0.2,0.2,0.0,0.3943405055836665,-0.3949004076622905,False
0,808,0.034861325254803024,-0.27393044786963944,1.943400528989213,2.230535053991875,-0.26910853706395355,0.0,0.3062565221791512,0.20453667833208972,-0.14098270881064814,-0.23510146141052246,0.681830883026123,0.8614917397499084,0.010860924609005451,0.5821415781974792,-0.8219653367996216,0.034861325254803024,-0.27393044786963944,1.943400528989213,2.230535053991875,-0.26910853706395355,0.0,0.3062565221791512,0.20453667833208972,-0.14098270881064814,-0.10625652217915124,-0.004536678332089713,0.14098270881064814,0.2,0.2,0.0,0.3943405055836665,-0.3943405055836665,False
0,809,0.034861325254803024,-0.27393044786963944,1.943400528989213,2.230535053991875,-0.26910853706395355,0.0,0.3062565221791512,0.20453667833208972,-0.14098270881064814,-0.3191581964492798,0.6479653120040894,0.7433375120162964,-0.5381760001182556,0.6282050609588623,-0.8161885142326355,0.034861325254803024,-0.27393044786963944,1.943400528989213,2.230535053991875,-0.26910853706395355,0.0,0.3062883647840017,0.20451156308802762,-0.14103324649135718,-0.1062883647840017,-0.004511563088027598,0.14103324649135718,0.2,0.2,0.0,0.39437028089684684,-0.39496578716045333,False
0,810,0.034861325254803024,-0.27393044786963944,1.943400528989213,2.230535053991875,-0.26910853706395355,0.0,0.3062883647840017,0.20451156308802762,-0.14103324649135718,-0.1621631532907486,0.5637061595916748,0.6592248678207397,-0.4297921061515808,0.5096736550331116,-0.6053147315979004,0.034861325254803024,-0.27393044786963944,1.943400528989213,2.230535053991875,-0.26910853706395355,0.0,0.30634677693714296,0.2044991224065937,-0.14107502559983764,-0.10634677693714295,-0.004499122406593696,0.14107502559983764,0.2,0.2,0.0,0.39442413928769304,-0.3955013071046172,False
0,811,0.034861325254803024,-0.27393044786963944,1.943400528989213,2.230535053991875,-0.26910853706395355,0.0,0.30634677693714296,0.2044991224065937,-0.14107502559983764,-0.3357897102832794,0.643109917640686,0.5989199876785278,-0.4567646086215973,0.2914960980415344,-0.5801597833633423,0.03105441566809088,-0.2622910722407882,1.95469248070943,2.2266764655731754,-0.2606760789487291,0.0,0.30640346915385414,0.20449616292651684,-0.14110533591234903,-0.10640346915385411,-0.004496162926516837,0.14110533591234903,0.2,0.2,0.0,0.3944774801989617,-0.3955442984243354,False
0,812,0.03105441566809088,-0.2622910722407882,1.95469248070943,2.2266764655731754,-0.2606760789487291,0.0,0.30640346915385414,0.20449616292651684,-0.14110533591234903,0.025804810225963593,0.7069388628005981,0.6400031447410583,-0.3274511992931366,0.3415282070636749,-0.8629559278488159,0.030995142521211338,-0.26199383793516834,1.9551710080355726,2.2261669502530643,-0.26028945059574904,0.0,0.30640346915385414,0.20449616292651684,-0.14110533591234903,-0.10640346915385411,-0.004496162926516837,0.14110533591234903,0.2,0.2,0.0,0.3944774801989617,-0.3944774801989617,False
0,813,0.030995142521211338,-0.26199383793516834,1.9551710080355726,2.2261669502530643,-0.26028945059574904,0.0,0.30640346915385414,0.20449616292651684,-0.14110533591234903,-0.08070127665996552,0.6755311489105225,0.6106209754943848,-0.31795358657836914,0.356060266494751,-0.7008556127548218,0.030890687300130223,-0.26163635707566,1.9555547019498267,2.2258017483443995,-0.26008751765207505,0.0,0.3064299022649266,0.2044880961199375,-0.14112496236770417,-0.10642990226492662,-0.004488096119937491,0.14112496236770417,0.2,0.2,0.0,0.3945008510258694,-0.3949682675640229,False
0,814,0.030890687300130223,-0.26163635707566,1.9555547019498267,2.2258017483443995,-0.26008751765207505,0.0,0.3064299022649266,0.2044880961199375,-0.14112496236770417,-0.7977780699729919,0.5435460805892944,0.6381994485855103,-0.17035166919231415,0.4310126304626465,-0.8674031496047974,0.030819912938664047,-0.26140796187462634,1.955769374969313,2.225701293184551,-0.2599585544836404,0.0,0.3064521916467091,0.2044820282840794,-0.14117889956829147,-0.10645219164670908,-0.004482028284079395,0.14117889956829147,0.2,0.2,0.0,0.39453431706197134,-0.3952036377840101,False
0,815,0.030819912938664047,-0.26140796187462634,1.955769374969313,2.225701293184551,-0.2599585544836404,0.0,0.3064521916467091,0.2044820282840794,-0.14117889956829147,-0.2803264558315277,0.6616494655609131,0.656052827835083,-0.3077555298805237,0.4101051986217499,-0.8233363032341003,0.03037998489801631,-0.2610844580850641,1.9561432918384976,2.225594597343243,-0.25970760747984856,0.0,0.3064521916467091,0.2044820282840794,-0.14117889956829147,-0.10645219164670908,-0.004482028284079395,0.14117889956829147,0.2,0.2,0.0,0.39453431706197134,-0.39453431706197134,False
0,816,0.03037998489801631,-0.2610844580850641,1.9561432918384976,2.225594597343243,-0.25970760747984856,0.0,0.3064521916467091,0.2044820282840794,-0.14117889956829147,-0.19201184809207916,0.7057638168334961,0.5615730285644531,-0.35336288809776306,0.4334653317928314,-0.5422024726867676,0.030280169787625308,-0.26080839202401424,1.9563996804782957,2.225462556295826,-0.2595376905839789,0.0,0.30648284201656195,0.20443821606668158,-0.14125288858707163,-0.10648284201656191,-0.004438216066681581,0.14125288858707163,0.2,0.2,0.0,0.39456190284069204,-0.39511361841510595,False
0,817,0.030280169787625308,-0.26080839202401424,1.9563996804782957,2.225462556295826,-0.2595376905839789,0.0,0.30648284201656195,0.20443821606668158,-0.14125288858707163,-0.6504682302474976,0.6683207154273987,0.6970305442810059,0.0004121958918403834,0.38674139976501465,-0.7791215777397156,0.030141418266409797,-0.26039948187597306,1.9567340518542875,2.225277770448568,-0.2592879797298248,0.0,0.306518213519784,0.2044232693797537,-0.14133377084817633,-0.10651821351978395,-0.004423269379753671,0.14133377084817633,0.2,0.2,0.0,0.39461059674751775,-0.39558447488403203,False
0,818,0.030141418266409797,-0.26039948187597306,1.9567340518542875,2.225277770448568,-0.2592879797298248,0.0,0.306518213519784,0.2044232693797537,-0.14133377084817633,-0.7516354322433472,0.6310345530509949,0.608620285987854,-0.326927125453949,0.4457213580608368,-0.2824472486972809,0.02975316655124835,-0.2600151646577493,1.957134021719978,2.2252626179983417,-0.2590610515483463,0.0,0.3065359862353558,0.20438319101589117,-0.14141992374644907,-0.10653598623535575,-0.004383191015891167,0.14141992374644907,0.2,0.2,0.0,0.39463450743640244,-0.3951127212140962,False
0,819,0.02975316655124835,-0.2600151646577493,1.957134021719978,2.2252626179983417,-0.2590610515483463,0.0,0.3065359862353558,0.20438319101589117,-0.14141992374644907,-0.6450892686843872,0.6463078260421753,0.5445689558982849,-0.2351246476173401,0.4198818504810333,-0.93172287940979,0.029323166786637343,-0.25964921979367606,1.9575172509488454,2.2250554022671634,-0.2587775432835065,0.0,0.3065359862353558,0.20438319101589117,-0.14141992374644907,-0.10653598623535575,-0.004383191015891167,0.14141992374644907,0.2,0.2,0.0,0.39463450743640244,-0.39463450743640244,False
0,820,0.029323166786637343,-0.25964921979367606,1.9575172509488454,2.2250554022671634,-0.2587775432835065,0.0,0.3065359862353558,0.20438319101589117,-0.14141992374644907,-0.6327790021896362,0.7078608274459839,0.8185569047927856,0.5403093099594116,0.41576507687568665,-0.7239937782287598,0.029323166786637343,-0.25964921979367606,1.9575172509488454,2.2250554022671634,-0.2587775432835065,0.0,0.3066089492157883,0.20412414609362356,-0.14202988808082845,-0.1066089492157883,-0.004124146093623562,0.14202988808082845,0.2,0.2,0.0,0.3947761439929134,-0.39760887512313237,False
0,821,0.029323166786637343,-0.25964921979367606,1.9575172509488454,2.2250554022671634,-0.2587775432835065,0.0,0.3066089492157883,0.20412414609362356,-0.14202988808082845,-0.42887768149375916,0.5100672245025635,0.40663716197013855,0.24204371869564056,0.2572364807128906,-0.8256167769432068,0.029323166786637343,-0.25964921979367606,1.9575172509488454,2.2250554022671634,-0.2587775432835065,0.0,0.30656468526866243,0.20397128141727222,-0.14255517947793106,-0.10656468526866242,-0.003971281417272198,0.14255517947793106,0.2,0.2,0.0,0.3948520850810633,-0.3963709068440613,False
0,822,0.029323166786637343,-0.25964921979367606,1.9575172509488454,2.2250554022671634,-0.2587775432835065,0.0,0.30656468526866243,0.20397128141727222,-0.14255517947793106,-0.5736495852470398,0.5690982341766357,0.5400296449661255,-0.09227156639099121,0.25350186228752136,-0.660758376121521,0.02516255647139493,-0.2550711349730465,1.9624056927204556,2.227295733638372,-0.25603971404515086,0.0,0.30655365544601365,0.20394034072107445,-0.14264867386347432,-0.10655365544601367,-0.003940340721074427,0.14264867386347432,0.2,0.2,0.0,0.3948613052652147,-0.39504570894824254,False
0,823,0.02516255647139493,-0.2550711349730465,1.9624056927204556,2.227295733638372,-0.25603971404515086,0.0,0.30655365544601365,0.20394034072107445,-0.14264867386347432,-0.4158461391925812,0.6380594372749329,0.4834023416042328,-0.4123466908931732,0.25319525599479675,-0.8893750309944153,0.024503576084160494,-0.2542213114395129,1.96300761704435,2.227418147411682,-0.2556623799584838,0.0,0.306537124872856,0.20389964962238988,-0.14275741692779625,-0.10653712487285596,-0.0038996496223898634,0.14275741692779625,0.2,0.2,0.0,0.39486675743767913,-0.3949758008869681,False
0,824,0.024503576084160494,-0.2542213114395129,1.96300761704435,2.227418147411682,-0.2556623799584838,0.0,0.306537124872856,0.20389964962238988,-0.14275741692779625,-0.3951427936553955,0.7060259580612183,0.2043292373418808,-0.2514733672142029,0.14854058623313904,-0.18415169417858124,0.024224163342565837,-0.2537718233171616,1.9632895841859312,2.2271525435690953,-0.25550833457879335,0.0,0.30656509703151713,0.20387552258439076,-0.14280460020943986,-0.10656509703151709,-0.003875522584390746,0.14280460020943986,0.2,0.2,0.0,0.39489307574073756,-0.3954194418019063,False
0,825,0.024224163342565837,-0.2537718233171616,1.9632895841859312,2.2271525435690953,-0.25550833457879335,0.0,0.30656509703151713,0.20387552258439076,-0.14280460020943986,0.29497429728507996,0.6411890387535095,0.32399818301200867,-0.23835766315460205,0.24810993671417236,-0.7849435806274414,0.02411906446207322,-0.2533736099062728,1.963427086253204,2.2270107085990567,-0.2554052545087197,0.0,0.3065811136916492,0.20384301084546486,-0.14286550611930532,-0.10658111369164919,-0.003843010845464849,0.14286550611930532,0.2,0.2,0.0,0.39491075597112,-0.3952643605787691,False
0,826,0.02411906446207322,-0.2533736099062728,1.963427086253204,2.2270107085990567,-0.2554052545087197,0.0,0.3065811136916492,0.20384301084546486,-0.14286550611930532,-0.22252698242664337,0.7375189065933228,0.27156007289886475,-0.38319313526153564,0.36320725083351135,-0.31364694237709045,0.02420244492908177,-0.25298397912058124,1.9636069175039104,2.2268462014725796,-0.2552396535811468,0.0,0.3065905939543491,0.20385915029843815,-0.14291363034712856,-0.10659059395434911,-0.003859150298438138,0.14291363034712856,0.2,0.2,0.0,0.3949438582896023,-0.3956059046592484,False
0,827,0.02420244492908177,-0.25298397912058124,1.9636069175039104,2.2268462014725796,-0.2552396535811468,0.0,0.3065905939543491,0.20385915029843815,-0.14291363034712856,-0.4719559848308563,0.7085066437721252,0.4744347929954529,0.09202927350997925,0.25883758068084717,-0.5914444923400879,0.02420244492908177,-0.25298397912058124,1.9636069175039104,2.2268462014725796,-0.2552396535811468,0.0,0.3066408061884054,0.2038058646133922,-0.14308173825762766,-0.1066408061884054,-0.0038058646133922024,0.14308173825762766,0.2,0.2,0.0,0.3950162000393298,-0.39646303503387936,False
0,828,0.02420244492908177,-0.25298397912058124,1.9636069175039104,2.2268462014725796,-0.2552396535811468,0.0,0.3066408061884054,0.2038058646133922,-0.14308173825762766,-0.8224759101867676,0.5287495255470276,0.5156213641166687,-0.42285266518592834,0.19069573283195496,-0.7384146451950073,0.023444405559031403,-0.2505968619455551,1.964494650148022,2.2256293246690197,-0.2540665538243092,0.0,0.3066408061884054,0.2038058646133922,-0.14308173825762766,-0.1066408061884054,-0.0038058646133922024,0.14308173825762766,0.2,0.2,0.0,0.3950162000393298,-0.3950162000393298,False
0,829,0.023444405559031403,-0.2505968619455551,1.964494650148022,2.2256293246690197,-0.2540665538243092,0.0,0.3066408061884054,0.2038058646133922,-0.14308173825762766,-0.41917872428894043,0.5733281373977661,0.48521164059638977,-0.557843804359436,0.2440195530653,0.18758277595043182,0.023277648317101003,-0.2504829715434489,1.9646099557279075,2.2255276518357445,-0.25402508833327514,0.0,0.3066595933063827,0.2037817499760267,-0.14314670392157056,-0.1066595933063827,-0.003781749976026681,0.14314670392157056,0.2,0.2,0.0,0.3950418795947307,-0.39555547070274855,False
0,830,0.023277648317101003,-0.2504829715434489,1.9646099557279075,2.2255276518357445,-0.25402508833327514,0.0,0.3066595933063827,0.2037817499760267,-0.14314670392157056,-0.8505913615226746,0.6338132619857788,0.44363003969192505,-0.3076847493648529,0.20222096145153046,-0.6113136410713196,0.023277648317101003,-0.2504829715434489,1.9646099557279075,2.2255276518357445,-0.25402508833327514,0.0,0.3069432925732486,0.20314072116706222,-0.14381329656582312,-0.1069432925732486,-0.003140721167062198,0.14381329656582312,0.2,0.2,0.0,0.3951741410076201,-0.39781936926540834,False
0,831,0.023277648317101003,-0.2504829715434489,1.9646099557279075,2.2255276518357445,-0.25402508833327514,0.0,0.3069432925732486,0.20314072116706222,-0.14381329656582312,-0.5111759305000305,0.3581162691116333,-0.11293600499629974,0.2674199640750885,-0.07499398291110992,-0.5756920576095581,0.01606619547526812,-0.2450088751578319,1.9684730881115255,2.2227636468655287,-0.25225515985339353,0.0,0.3069432925732486,0.20314072116706222,-0.14381329656582312,-0.1069432925732486,-0.003140721167062198,0.14381329656582312,0.2,0.2,0.0,0.3951741410076201,-0.3951741410076201,False
0,832,0.01606619547526812,-0.2450088751578319,1.9684730881115255,2.2227636468655287,-0.25225515985339353,0.0,0.3069432925732486,0.20314072116706222,-0.14381329656582312,-0.4096580147743225,0.7026376128196716,0.029611719772219658,-0.2666131556034088,0.10386516153812408,-0.8319315910339355,0.015947406285484113,-0.24485367257167004,1.968434386910043,2.2227802354377717,-0.2522607950397538,0.0,0.30695392543462346,0.2030828783826326,-0.14387132949328707,-0.10695392543462345,-0.0030828783826325834,0.14387132949328707,0.2,0.2,0.0,0.39517379376935596,-0.3951668490040731,False
0,833,0.015947406285484113,-0.24485367257167004,1.968434386910043,2.2227802354377717,-0.2522607950397538,0.0,0.30695392543462346,0.2030828783826326,-0.14387132949328707,-0.3840709924697876,0.5862700939178467,-0.17188063263893127,-0.37990838289260864,0.14552649855613708,-0.6124112606048584,0.01575642848896283,-0.24452959397923618,1.9684370514835503,2.222646477305082,-0.25220885012119704,0.0,0.30695025630294576,0.2030575931199197,-0.14390007552039338,-0.10695025630294575,-0.003057593119919689,0.14390007552039338,0.2,0.2,0.0,0.3951684168843379,-0.3950608791839767,False
0,834,0.01575642848896283,-0.24452959397923618,1.9684370514835503,2.222646477305082,-0.25220885012119704,0.0,0.30695025630294576,0.2030575931199197,-0.14390007552039338,-0.41037264466285706,0.4737583100795746,0.07358308136463165,0.42529821395874023,0.02845798060297966,-0.768721342086792,0.015616354685273991,-0.2443254460760689,1.968388418113151,2.222556929610748,-0.2521630770849006,0.0,0.30695025630294576,0.2030575931199197,-0.14390007552039338,-0.10695025630294575,-0.003057593119919689,0.14390007552039338,0.2,0.2,0.0,0.3951684168843379,-0.3951684168843379,False
0,835,0.015616354685273991,-0.2443254460760689,1.968388418113151,2.222556929610748,-0.2521630770849006,0.0,0.30695025630294576,0.2030575931199197,-0.14390007552039338,-0.8058136701583862,0.6010839939117432,0.17721518874168396,-0.2793285548686981,0.14249713718891144,-0.7199406027793884,0.015400077057471099,-0.24407681921816712,1.9684290329122844,2.222786914888958,-0.2521489762138756,0.0,0.3069298320093571,0.20303236792820942,-0.14393335135864488,-0.1069298320093571,-0.0030323679282094197,0.14393335135864488,0.2,0.2,0.0,0.3951517099003357,-0.3948175702202919,False
0,836,0.015400077057471099,-0.24407681921816712,1.9684290329122844,2.222786914888958,-0.2521489762138756,0.0,0.3069298320093571,0.20303236792820942,-0.14393335135864488,-0.586135983467102,0.47958987951278687,0.14513227343559265,-0.03157217055559158,0.2066587507724762,-0.39093369245529175,0.01511619793278955,-0.24386679504318778,1.968491604144307,2.222682477512297,-0.25209829902625164,0.0,0.3069298320093571,0.20303236792820942,-0.14393335135864488,-0.1069298320093571,-0.0030323679282094197,0.14393335135864488,0.2,0.2,0.0,0.3951517099003357,-0.3951517099003357,False
0,837,0.01511619793278955,-0.24386679504318778,1.968491604144307,2.222682477512297,-0.25209829902625164,0.0,0.3069298320093571,0.20303236792820942,-0.14393335135864488,-0.7564605474472046,0.4428766369819641,-0.0813286155462265,0.3117202818393707,0.09372218698263168,-0.7964338064193726,0.01511619793278955,-0.24386679504318778,1.968491604144307,2.222682477512297,-0.25209829902625164,0.0,0.30688021854421466,0.2028705268115945,-0.14409520964953165,-0.10688021854421466,-0.0028705268115944856,0.14409520964953165,0.2,0.2,0.0,0.39508903885896574,-0.3938356180315662,False
0,838,0.01511619793278955,-0.24386679504318778,1.968491604144307,2.222682477512297,-0.25209829902625164,0.0,0.30688021854421466,0.2028705268115945,-0.14409520964953165,-0.4651927649974823,0.10273536294698715,0.21491852402687073,-0.4831542372703552,0.09431818872690201,-0.7653930187225342,0.01296796713658294,-0.24241644369896773,1.9685531074132059,2.223189503922969,-0.25164133092942365,0.0,0.3068063395437363,0.2027693487422284,-0.14417696957472415,-0.10680633954373629,-0.0027693487422283964,0.14417696957472415,0.2,0.2,0.0,0.3950095408079719,-0.3934195797880953,False
0,839,0.01296796713658294,-0.24241644369896773,1.9685531074132059,2.223189503922969,-0.25164133092942365,0.0,0.3068063395437363,0.2027693487422284,-0.14417696957472415,-0.4922301769256592,0.16361801326274872,-0.05453740060329437,-0.31106066703796387,0.08027398586273193,-0.7721683979034424,0.01296796713658294,-0.24241644369896773,1.9685531074132059,2.223189503922969,-0.25164133092942365,0.0,0.3068542201367481,0.20268966984887432,-0.14416875844012775,-0.10685422013674808,-0.0026896698488743003,0.14416875844012775,0.2,0.2,0.0,0.39500284250793116,-0.39486887650711633,False
0,840,0.01296796713658294,-0.24241644369896773,1.9685531074132059,2.223189503922969,-0.25164133092942365,0.0,0.3068542201367481,0.20268966984887432,-0.14416875844012775,-0.07010266929864883,0.41075363755226135,0.4855472445487976,0.09698670357465744,0.17655125260353088,-0.7488011121749878,0.01296796713658294,-0.24241644369896773,1.9685531074132059,2.223189503922969,-0.25164133092942365,0.0,0.3069192640890233,0.2025896712332116,-0.144684944002672,-0.10691926408902332,-0.0025896712332115824,0.144684944002672,0.2,0.2,0.0,0.39519076732685027,-0.39894926370523237,False
0,841,0.01296796713658294,-0.24241644369896773,1.9685531074132059,2.223189503922969,-0.25164133092942365,0.0,0.3069192640890233,0.2025896712332116,-0.144684944002672,-0.1503947377204895,0.6417431831359863,0.09773694723844528,-0.2710585594177246,-0.02923404984176159,-0.6688718199729919,0.010864908491548284,-0.23929913306885017,1.9715324622528538,2.2228750604867296,-0.2502806337124863,0.0,0.30692528335571523,0.20258981532298148,-0.1448070967754267,-0.10692528335571522,-0.0025898153229814585,0.1448070967754267,0.2,0.2,0.0,0.3952402536585989,-0.3962299802935712,False
0,842,0.010864908491548284,-0.23929913306885017,1.9715324622528538,2.2228750604867296,-0.2502806337124863,0.0,0.30692528335571523,0.20258981532298148,-0.1448070967754267,-0.834155797958374,0.374219685792923,0.09708750993013382,-0.01798158697783947,-0.11181143671274185,0.19608141481876373,0.010850503131662692,-0.23884333278738906,1.9719844608511805,2.2229541580039767,-0.25014038647343073,0.0,0.30692666059863827,0.20258369360098757,-0.14486114416594448,-0.10692666059863827,-0.0025836936009875715,0.14486114416594448,0.2,0.2,0.0,0.3952579904167872,-0.39561272558055394,False
0,843,0.010850503131662692,-0.23884333278738906,1.9719844608511805,2.2229541580039767,-0.25014038647343073,0.0,0.30692666059863827,0.20258369360098757,-0.14486114416594448,-0.30232343077659607,0.5970975160598755,0.01092725619673729,-0.37279975414276123,0.08230750262737274,-0.2973785400390625,0.010800559292076142,-0.23882228916549333,1.9719894034704915,2.2229531753424623,-0.2501472976582586,0.0,0.30692666059863827,0.20258369360098757,-0.14486114416594448,-0.10692666059863827,-0.0025836936009875715,0.14486114416594448,0.2,0.2,0.0,0.3952579904167872,-0.3952579904167872,False
0,844,0.010800559292076142,-0.23882228916549333,1.9719894034704915,2.2229531753424623,-0.2501472976582586,0.0,0.30692666059863827,0.20258369360098757,-0.14486114416594448,-0.3674185872077942,0.28612273931503296,-0.2194351851940155,-0.36834076046943665,-0.0824040099978447,-0.8632813096046448,0.010800559292076142,-0.23882228916549333,1.9719894034704915,2.2229531753424623,-0.2501472976582586,0.0,0.3069200238127813,0.20245237604742047,-0.14493672531600627,-0.10692002381278129,-0.0024523760474204548,0.14493672531600627,0.2,0.2,0.0,0.3952132587980973,-0.3943186264242994,False
0,845,0.010800559292076142,-0.23882228916549333,1.9719894034704915,2.2229531753424623,-0.2501472976582586,0.0,0.3069200238127813,0.20245237604742047,-0.14493672531600627,-0.6244500875473022,0.413991779088974,0.047352712601423264,-0.3801443874835968,-0.03925589844584465,-0.32309994101524353,0.009165453467612123,-0.23753127904328766,1.972037077748613,2.22236076251692,-0.2502423291013413,0.0,0.3069249585656174,0.2024271579541033,-0.14494060993924543,-0.10692495856561741,-0.002427157954103281,0.14494060993924543,0.2,0.2,0.0,0.3952055982364647,-0.3950523870038117,False
0,846,0.009165453467612123,-0.23753127904328766,1.972037077748613,2.22236076251692,-0.2502423291013413,0.0,0.3069249585656174,0.2024271579541033,-0.14494060993924543,-0.5981504917144775,0.34421467781066895,-0.15173710882663727,-0.4114576280117035,-0.10428344458341599,-0.8903384804725647,0.008958227696773778,-0.23740458539622142,1.9720184893348862,2.222199491007666,-0.2502734680185881,0.0,0.3069249585656174,0.2024271579541033,-0.14494060993924543,-0.10692495856561741,-0.002427157954103281,0.14494060993924543,0.2,0.2,0.0,0.3952055982364647,-0.3952055982364647,False
0,847,0.008958227696773778,-0.23740458539622142,1.9720184893348862,2.222199491007666,-0.2502734680185881,0.0,0.3069249585656174,0.2024271579541033,-0.14494060993924543,-0.45815417170524597,0.4061594009399414,0.25883999466896057,-0.10105130076408386,0.04582953453063965,-0.42877522110939026,0.008958227696773778,-0.23740458539622142,1.9720184893348862,2.222199491007666,-0.2502734680185881,0.0,0.30701370614425316,0.20198556141937832,-0.14516896598914086,-0.10701370614425314,-0.001985561419378304,0.14516896598914086,0.2,0.2,0.0,0.3951323973919218,-0.3936683805010643,False
0,848,0.008958227696773778,-0.23740458539622142,1.9720184893348862,2.222199491007666,-0.2502734680185881,0.0,0.30701370614425316,0.20198556141937832,-0.14516896598914086,-0.809546172618866,0.24954718351364136,-0.03702450916171074,-0.27135396003723145,-0.07924064248800278,-0.8108953237533569,0.008958227696773778,-0.23740458539622142,1.9720184893348862,2.222199491007666,-0.2502734680185881,0.0,0.3070861546133987,0.2016327929662133,-0.1457775507629375,-0.10708615461339874,-0.0016327929662132898,0.1457775507629375,0.2,0.2,0.0,0.3952325693323374,-0.39723600814064974,False
0,849,0.008958227696773778,-0.23740458539622142,1.9720184893348862,2.222199491007666,-0.2502734680185881,0.0,0.3070861546133987,0.2016327929662133,-0.1457775507629375,-0.5492075085639954,0.03308649733662605,-0.20722649991512299,-0.6141053438186646,0.030214624479413033,-0.6114699840545654,0.0007721383813579644,-0.23056942953720486,1.975576104600014,2.2197988997268334,-0.24981149293485252,0.0,0.3070909734202321,0.20159382320048166,-0.1457695188026829,-0.10709097342023212,-0.001593823200481647,0.1457695188026829,0.2,0.2,0.0,0.3952134715830654,-0.3948315165976254,False
0,850,0.0007721383813579644,-0.23056942953720486,1.975576104600014,2.2197988997268334,-0.24981149293485252,0.0,0.3070909734202321,0.20159382320048166,-0.1457695188026829,-0.8150337338447571,0.3509421646595001,0.41969165205955505,-0.7565736770629883,0.03553678095340729,-0.845573902130127,0.0007721383813579644,-0.23056942953720486,1.975576104600014,2.2197988997268334,-0.24981149293485252,0.0,0.30765668924482015,0.20105120258278153,-0.14588020716647132,-0.10765668924482012,-0.0010512025827815051,0.14588020716647132,0.2,0.2,0.0,0.395417828808969,-0.3995049733270402,False
0,851,0.0007721383813579644,-0.23056942953720486,1.975576104600014,2.2197988997268334,-0.24981149293485252,0.0,0.30765668924482015,0.20105120258278153,-0.14588020716647132,-0.8743932247161865,0.05420975759625435,0.5683273673057556,0.3366701900959015,0.013828814961016178,-0.958885133266449,0.0007721383813579644,-0.23056942953720486,1.975576104600014,2.2197988997268334,-0.24981149293485252,0.0,0.30803118108632294,0.20066727996388387,-0.14599571443540232,-0.10803118108632292,-0.0006672799638838434,0.14599571443540232,0.2,0.2,0.0,0.3955569673296659,-0.39833973774360415,False
0,852,0.0007721383813579644,-0.23056942953720486,1.975576104600014,2.2197988997268334,-0.24981149293485252,0.0,0.30803118108632294,0.20066727996388387,-0.14599571443540232,-0.23116180300712585,0.25561314821243286,-0.0793219730257988,-0.5624744892120361,-0.13053849339485168,-0.9372257590293884,-0.01000963760470578,-0.2266298205285215,1.9811375360964647,2.211978290469066,-0.24942096852448273,0.0,0.3080004130453057,0.2005963234214165,-0.1461165066909277,-0.10800041304530565,-0.0005963234214165043,0.1461165066909277,0.2,0.2,0.0,0.3955416197239279,-0.3952346676091676,False
0,853,-0.01000963760470578,-0.2266298205285215,1.9811375360964647,2.211978290469066,-0.24942096852448273,0.0,0.3080004130453057,0.2005963234214165,-0.1461165066909277,0.11095856875181198,0.03686380386352539,0.6180405616760254,-0.48858508467674255,0.416161447763443,-0.9294918179512024,-0.009963471066491201,-0.22659056750620102,1.9810950828033231,2.2118578189691167,-0.24943851844116655,0.0,0.3079997690187454,0.20058656342934122,-0.14612843640734485,-0.10799976901874538,-0.0005865634293412056,0.14612843640734485,0.2,0.2,0.0,0.3955405757578469,-0.3955196964362275,False
0,854,-0.009963471066491201,-0.22659056750620102,1.9810950828033231,2.2118578189691167,-0.24943851844116655,0.0,0.3079997690187454,0.20058656342934122,-0.14612843640734485,-0.7622120976448059,0.0917605385184288,0.07685460895299911,-0.1437818706035614,0.27682989835739136,-0.7596886157989502,-0.009963471066491201,-0.22659056750620102,1.9810950828033231,2.2118578189691167,-0.24943851844116655,0.0,0.3080944942648569,0.20059766091310083,-0.1461659026252226,-0.10809449426485689,-0.0005976609131008277,0.1461659026252226,0.2,0.2,0.0,0.3956338080224836,-0.3974984533152176,False
0,855,-0.009963471066491201,-0.22659056750620102,1.9810950828033231,2.2118578189691167,-0.24943851844116655,0.0,0.3080944942648569,0.20059766091310083,-0.1461659026252226,-0.7242673635482788,-0.21139565110206604,0.34724777936935425,-0.3036152720451355,0.007764190901070833,-0.09724898636341095,-0.014833340252452771,-0.22792006047148405,1.9843704153128514,2.2090603505520106,-0.24867789809035207,0.0,0.30874996088386664,0.19984641305743853,-0.14610454010107204,-0.1087499608838666,0.000153586942561474,0.14610454010107204,0.2,0.2,0.0,0.39574191564182243,-0.39790406802859896,False
0,856,-0.014833340252452771,-0.22792006047148405,1.9843704153128514,2.2090603505520106,-0.24867789809035207,0.0,0.30874996088386664,0.19984641305743853,-0.14610454010107204,-0.5610065460205078,-0.321643203496933,0.06744449585676193,0.28018543124198914,0.08044993132352829,-0.9222435355186462,-0.014833340252452771,-0.22792006047148405,1.9843704153128514,2.2090603505520106,-0.24867789809035207,0.0,0.30880385655164644,0.19977751809200792,-0.14609599134042892,-0.1088038565516464,0.00022248190799208502,0.14609599134042892,0.2,0.2,0.0,0.3957460261858798,-0.3958282370670269,False
0,857,-0.014833340252452771,-0.22792006047148405,1.9843704153128514,2.2090603505520106,-0.24867789809035207,0.0,0.30880385655164644,0.19977751809200792,-0.14609599134042892,0.027830863371491432,-0.26074686646461487,0.12010376155376434,-0.13749302923679352,-0.12462625652551651,-0.9659242630004883,-0.014833340252452771,-0.22792006047148405,1.9843704153128514,2.2090603505520106,-0.24867789809035207,0.0,0.3088550637053596,0.1997119299886159,-0.1460878554903998,-0.10885506370535956,0.00028807001138410684,0.1460878554903998,0.2,0.2,0.0,0.39574987918886784,-0.3958269392486289,False
0,858,-0.014833340252452771,-0.22792006047148405,1.9843704153128514,2.2090603505520106,-0.24867789809035207,0.0,0.3088550637053596,0.1997119299886159,-0.1460878554903998,-0.6342789530754089,0.15570536255836487,0.02297879010438919,-0.3170277178287506,-0.005559752229601145,-0.6003471612930298,-0.01920546142019797,-0.22937302309892552,1.9860801384335325,2.2078480560569194,-0.2487356467395033,0.0,0.30884166653941314,0.1996754078974476,-0.14608875515882483,-0.10884166653941311,0.00032459210255242875,0.14608875515882483,0.2,0.2,0.0,0.3957213260537132,-0.39515026335062015,False
0,859,-0.01920546142019797,-0.22937302309892552,1.9860801384335325,2.2078480560569194,-0.2487356467395033,0.0,0.30884166653941314,0.1996754078974476,-0.14608875515882483,-0.3060871660709381,0.017129234969615936,0.07037056237459183,-0.42711141705513,0.0014758323086425662,-0.2784208059310913,-0.01932571910049248,-0.22935815562458436,1.9860940929041782,2.20771068315322,-0.2487504721866286,0.0,0.3088505206553416,0.19966811526147135,-0.14608217330091625,-0.10885052065534158,0.00033188473852865377,0.14608217330091625,0.2,0.2,0.0,0.39572212689899294,-0.3957381438045881,False
0,860,-0.01932571910049248,-0.22935815562458436,1.9860940929041782,2.20771068315322,-0.2487504721866286,0.0,0.3088505206553416,0.19966811526147135,-0.14608217330091625,-0.04291718825697899,-0.18554909527301788,0.2128472924232483,0.08561421185731888,0.04827383905649185,-0.29303842782974243,-0.01932571910049248,-0.22935815562458436,1.9860940929041782,2.20771068315322,-0.2487504721866286,0.0,0.30896566752463434,0.1996234031679907,-0.146131483963986,-0.10896566752463432,0.00037659683200928805,0.146131483963986,0.2,0.2,0.0,0.39580765203167784,-0.3975181546853757,False
0,861,-0.01932571910049248,-0.22935815562458436,1.9860940929041782,2.20771068315322,-0.2487504721866286,0.0,0.30896566752463434,0.1996234031679907,-0.146131483963986,-0.1487232744693756,-0.1806645542383194,0.4214036464691162,-0.10607767105102539,0.2532547414302826,-0.8455410599708557,-0.019880856556291543,-0.23102237657936395,1.9880854825528997,2.2082395231166987,-0.24827740517911476,0.0,0.30901956341215736,0.1996102603004978,-0.1461781489325193,-0.10901956341215734,0.0003897396995022096,0.1461781489325193,0.2,0.2,0.0,0.39586032614295996,-0.39691380836860246,False
0,862,-0.019880856556291543,-0.23102237657936395,1.9880854825528997,2.2082395231166987,-0.24827740517911476,0.0,0.30901956341215736,0.1996102603004978,-0.1461781489325193,-0.09623146057128906,-0.48473984003067017,0.6075016260147095,-0.530803918838501,0.09809782356023788,-0.902694821357727,-0.01997893207721788,-0.23114001097965503,1.988373440205672,2.2081198293950326,-0.24810316342163985,0.0,0.3090478342148605,0.19960141585718216,-0.14619152932965263,-0.10904783421486047,0.00039858414281785705,0.14619152932965263,0.2,0.2,0.0,0.3958828769886749,-0.39633389390297397,False
0,863,-0.01997893207721788,-0.23114001097965503,1.988373440205672,2.2081198293950326,-0.24810316342163985,0.0,0.3090478342148605,0.19960141585718216,-0.14619152932965263,-0.6082330942153931,-0.13668474555015564,0.10965648293495178,-0.3423788547515869,-0.038618169724941254,-0.8363029956817627,-0.020114998337941947,-0.23130549996860586,1.9885678326208456,2.2079039149680146,-0.24808364924109844,0.0,0.3091026279499023,0.19958984715278566,-0.14618667193246995,-0.10910262794990229,0.0004101528472143516,0.14618667193246995,0.2,0.2,0.0,0.3959180278071455,-0.3966210441765577,False
0,864,-0.020114998337941947,-0.23130549996860586,1.9885678326208456,2.2079039149680146,-0.24808364924109844,0.0,0.3091026279499023,0.19958984715278566,-0.14618667193246995,0.38854143023490906,-0.5116066336631775,0.4996936023235321,0.4780953526496887,0.3218798041343689,-0.8055424690246582,-0.020545310652205464,-0.2313985182611951,1.9886407740551337,2.207665492568244,-0.24811174021580307,0.0,0.30915085610344006,0.19952232971306405,-0.1461542149066273,-0.10915085610344002,0.00047767028693595083,0.1461542149066273,0.2,0.2,0.0,0.39590966951893347,-0.39574250375469244,False
0,865,-0.020545310652205464,-0.2313985182611951,1.9886407740551337,2.207665492568244,-0.24811174021580307,0.0,0.30915085610344006,0.19952232971306405,-0.1461542149066273,-0.5421956181526184,-0.07361096888780594,0.44893142580986023,-0.6734620332717896,0.23481108248233795,-0.8910234570503235,-0.019863879771898636,-0.2324975500734046,1.9897087928479642,2.2085927471568185,-0.24744682535731294,0.0,0.3091663349314066,0.19956035897559032,-0.14619859057957768,-0.10916633493140661,0.00043964102440968115,0.14619859057957768,0.2,0.2,0.0,0.39595730504290505,-0.3969100155223366,False
0,866,-0.019863879771898636,-0.2324975500734046,1.9897087928479642,2.2085927471568185,-0.24744682535731294,0.0,0.3091663349314066,0.19956035897559032,-0.14619859057957768,-0.16446596384048462,-0.3083021938800812,0.21055637300014496,-0.1502697616815567,0.2118409425020218,-0.953374981880188,-0.019863879771898636,-0.2324975500734046,1.9897087928479642,2.2085927471568185,-0.24744682535731294,0.0,0.30929459705520534,0.19953833196187687,-0.14623413161042878,-0.10929459705520535,0.0004616680381231321,0.14623413161042878,0.2,0.2,0.0,0.3960594840898602,-0.39810306502896303,False
0,867,-0.019863879771898636,-0.2324975500734046,1.9897087928479642,2.2085927471568185,-0.24744682535731294,0.0,0.30929459705520534,0.19953833196187687,-0.14623413161042878,-0.8056124448776245,-0.44599634408950806,0.7696801424026489,-0.2500269114971161,0.3402775526046753,-0.6455415487289429,-0.028425978277929868,-0.2371907582724645,1.9978201247887037,2.205340248594827,-0.24371598294802646,0.0,0.309354874931881,0.1995096090255973,-0.14621395734456777,-0.10935487493188102,0.0004903909744026926,0.14621395734456777,0.2,0.2,0.0,0.3960846425450317,-0.3965878116484613,False
0,868,-0.028425978277929868,-0.2371907582724645,1.9978201247887037,2.205340248594827,-0.24371598294802646,0.0,0.309354874931881,0.1995096090255973,-0.14621395734456777,0.3159608840942383,-0.21520371735095978,0.3170470893383026,-0.18488557636737823,0.30395475029945374,-0.7727386951446533,-0.028425978277929868,-0.2371907582724645,1.9978201247887037,2.205340248594827,-0.24371598294802646,0.0,0.31030125437242967,0.19870623345210567,-0.1464486033266387,-0.11030125437242966,0.0012937665478943434,0.1464486033266387,0.2,0.2,0.0,0.3965075397696104,-0.40496548426118484,False
0,869,-0.028425978277929868,-0.2371907582724645,1.9978201247887037,2.205340248594827,-0.24371598294802646,0.0,0.31030125437242967,0.19870623345210567,-0.1464486033266387,-0.031079234555363655,-0.32689300179481506,0.3546099066734314,-0.3955006003379822,0.09001369029283524,-0.8331032991409302,-0.028425978277929868,-0.2371907582724645,1.9978201247887037,2.205340248594827,-0.24371598294802646,0.0,0.3106152090433702,0.19843590213389498,-0.1465312128764818,-0.11061520904337017,0.001564097866105026,0.1465312128764818,0.2,0.2,0.0,0.39664847370411266,-0.3994671523941579,False
0,870,-0.028425978277929868,-0.2371907582724645,1.9978201247887037,2.205340248594827,-0.24371598294802646,0.0,0.3106152090433702,0.19843590213389498,-0.1465312128764818,0.24206525087356567,-0.6777539849281311,0.27286267280578613,0.06929372996091843,0.08962362259626389,-0.92868572473526,-0.028425978277929868,-0.2371907582724645,1.9978201247887037,2.205340248594827,-0.24371598294802646,0.0,0.3113596913367477,0.1989081395957494,-0.1459546643501077,-0.11135969133674767,0.0010918604042506044,0.1459546643501077,0.2,0.2,0.0,0.3972556726244567,-0.4093996510313378,False
0,871,-0.028425978277929868,-0.2371907582724645,1.9978201247887037,2.205340248594827,-0.24371598294802646,0.0,0.3113596913367477,0.1989081395957494,-0.1459546643501077,-0.6451417207717896,-0.6185515522956848,0.6703096628189087,-0.6911711692810059,0.30453386902809143,-0.8933929204940796,-0.02601794363427157,-0.24909562598467333,2.004339666735512,2.2044914520504344,-0.24152141692929302,0.0,0.311374289688121,0.1989335839159302,-0.14593269882166424,-0.11137428968812096,0.0010664160840698114,0.14593269882166424,0.2,0.2,0.0,0.39727178565031884,-0.39759404616756144,False
0,872,-0.02601794363427157,-0.24909562598467333,2.004339666735512,2.2044914520504344,-0.24152141692929302,0.0,0.311374289688121,0.1989335839159302,-0.14593269882166424,-0.7727933526039124,-0.4595594108104706,0.5617382526397705,-0.10162115842103958,0.4123149812221527,-0.9306433200836182,-0.02619417531453702,-0.24916150665307324,2.0044538094628037,2.204366896078152,-0.2414555413014799,0.0,0.3114006416981215,0.1989346948782788,-0.1459154548844851,-0.11140064169812149,0.0010653051217211936,0.1459154548844851,0.2,0.2,0.0,0.3972866628147262,-0.3975842061028731,False
0,873,-0.02619417531453702,-0.24916150665307324,2.0044538094628037,2.204366896078152,-0.2414555413014799,0.0,0.3114006416981215,0.1989346948782788,-0.1459154548844851,-0.6025745272636414,-0.42729055881500244,0.39812615513801575,-0.10334789007902145,-0.08299515396356583,-0.9293148517608643,-0.02697576591226612,-0.2496400563882682,2.005015285222349,2.2042634177337024,-0.24111009272534273,0.0,0.3114661309530099,0.19886034154356808,-0.14592433714924152,-0.11146613095300986,0.001139658456431943,0.14592433714924152,0.2,0.2,0.0,0.397304037661471,-0.397651534596367,False
0,874,-0.02697576591226612,-0.2496400563882682,2.005015285222349,2.2042634177337024,-0.24111009272534273,0.0,0.3114661309530099,0.19886034154356808,-0.14592433714924152,-0.5873327255249023,-0.3612842857837677,0.5510952472686768,-0.4189452826976776,0.039807017892599106,-0.7886438965797424,-0.027316956404861533,-0.24987328033632195,2.0052692564425265,2.2041473354337944,-0.24114252638572548,0.0,0.31150415035878665,0.19882181973157034,-0.14591963643121741,-0.11150415035878662,0.001178180268429663,0.14591963643121741,0.2,0.2,0.0,0.3973128389422386,-0.3974888645575913,False
0,875,-0.027316956404861533,-0.24987328033632195,2.0052692564425265,2.2041473354337944,-0.24114252638572548,0.0,0.31150415035878665,0.19882181973157034,-0.14591963643121741,-0.7611916065216064,-0.4300268888473511,0.20566925406455994,-0.3573559522628784,0.257197767496109,-0.8320178985595703,-0.027858528489533126,-0.25019893604369503,2.0056879548111874,2.203790912164478,-0.24106744511833944,0.0,0.31158386182317027,0.19876730541748672,-0.14590947261974374,-0.11158386182317025,0.0012326945825132903,0.14590947261974374,0.2,0.2,0.0,0.3973443328546925,-0.3979742111037702,False
0,876,-0.027858528489533126,-0.25019893604369503,2.0056879548111874,2.203790912164478,-0.24106744511833944,0.0,0.31158386182317027,0.19876730541748672,-0.14590947261974374,-0.4032913148403168,-0.608843207359314,0.34139877557754517,0.05438431352376938,0.4054495394229889,-0.9518277049064636,-0.028235555560684567,-0.25047996773552006,2.0058271234200387,2.2036592821378904,-0.24089001684550834,0.0,0.3116256893795697,0.198719504466296,-0.14588037374052143,-0.11162568937956971,0.001280495533704018,0.14588037374052143,0.2,0.2,0.0,0.39734254136613223,-0.3973067115949267,False
0,877,-0.028235555560684567,-0.25047996773552006,2.0058271234200387,2.2036592821378904,-0.24089001684550834,0.0,0.3116256893795697,0.198719504466296,-0.14588037374052143,-0.4044577479362488,-0.3091539442539215,0.8038785457611084,-0.25729280710220337,0.3756452202796936,-0.71462082862854,-0.0284678016067525,-0.2507814271534611,2.006109591650592,2.2036377742404936,-0.2406586416960451,0.0,0.3116256893795697,0.198719504466296,-0.14588037374052143,-0.11162568937956971,0.001280495533704018,0.14588037374052143,0.2,0.2,0.0,0.39734254136613223,-0.39734254136613223,False
0,878,-0.0284678016067525,-0.2507814271534611,2.006109591650592,2.2036377742404936,-0.2406586416960451,0.0,0.3116256893795697,0.198719504466296,-0.14588037374052143,-0.599509596824646,-0.4963397681713104,0.32206571102142334,-0.2030128687620163,0.06109576299786568,-0.874296247959137,-0.0284678016067525,-0.2507814271534611,2.006109591650592,2.2036377742404936,-0.2406586416960451,0.0,0.31167838950450816,0.19868768808060366,-0.14588728247749227,-0.11167838950450816,0.0013123119193963588,0.14588728247749227,0.2,0.2,0.0,0.3973705010032914,-0.397929693746475,False
0,879,-0.0284678016067525,-0.2507814271534611,2.006109591650592,2.2036377742404936,-0.2406586416960451,0.0,0.31167838950450816,0.19868768808060366,-0.14588728247749227,-0.624691367149353,-0.4874466359615326,0.44382309913635254,-0.5742510557174683,0.09797769039869308,-0.8110221028327942,-0.0284678016067525,-0.2507814271534611,2.006109591650592,2.2036377742404936,-0.2406586416960451,0.0,0.3130165351415903,0.1975219150737537,-0.14529077466356166,-0.11301653514159027,0.0024780849262463294,0.14529077466356166,0.2,0.2,0.0,0.3976225187395546,-0.4026628734648188,False
0,880,-0.0284678016067525,-0.2507814271534611,2.006109591650592,2.2036377742404936,-0.2406586416960451,0.0,0.3130165351415903,0.1975219150737537,-0.14529077466356166,-0.3476710319519043,-0.6407244205474854,0.36356961727142334,-0.700984001159668,0.14453816413879395,-0.9163261651992798,-0.0284678016067525,-0.2507814271534611,2.006109591650592,2.2036377742404936,-0.2406586416960451,0.0,0.3140626082331053,0.19736364104148355,-0.14450120177293796,-0.1140626082331053,0.0026363589585164772,0.14450120177293796,0.2,0.2,0.0,0.39808080336679874,-0.40724649591168116,False
0,881,-0.0284678016067525,-0.2507814271534611,2.006109591650592,2.2036377742404936,-0.2406586416960451,0.0,0.3140626082331053,0.19736364104148355,-0.14450120177293796,-0.43668895959854126,-0.4190797209739685,0.6427633762359619,-0.3785880506038666,0.607998251914978,-0.8142798542976379,-0.0284678016067525,-0.2507814271534611,2.006109591650592,2.2036377742404936,-0.2406586416960451,0.0,0.3140626082331053,0.19736364104148355,-0.14450120177293796,-0.1140626082331053,0.0026363589585164772,0.14450120177293796,0.2,0.2,0.0,0.39808080336679874,-0.39808080336679874,False
0,882,-0.0284678016067525,-0.2507814271534611,2.006109591650592,2.2036377742404936,-0.2406586416960451,0.0,0.3140626082331053,0.19736364104148355,-0.14450120177293796,-0.5908588171005249,-0.4122520983219147,0.6220380067825317,-0.4028679430484772,0.5770158767700195,-0.9423131942749023,-0.0284678016067525,-0.2507814271534611,2.006109591650592,2.2036377742404936,-0.2406586416960451,0.0,0.3142948224760093,0.1973338629238391,-0.144939158311223,-0.1142948224760093,0.0026661370761609238,0.144939158311223,0.2,0.2,0.0,0.3984083941179408,-0.40496020914078246,False
0,883,-0.0284678016067525,-0.2507814271534611,2.006109591650592,2.2036377742404936,-0.2406586416960451,0.0,0.3142948224760093,0.1973338629238391,-0.144939158311223,-0.39458057284355164,-0.5533715486526489,0.5855783224105835,-0.47493448853492737,0.21711982786655426,-0.9242505431175232,-0.0284678016067525,-0.2507814271534611,2.006109591650592,2.2036377742404936,-0.2406586416960451,0.0,0.31430560002911995,0.19732852354227173,-0.14497103037304201,-0.11430560002911994,0.0026714764577282866,0.14497103037304201,0.2,0.2,0.0,0.3984258476309732,-0.3987749178916211,False
0,884,-0.0284678016067525,-0.2507814271534611,2.006109591650592,2.2036377742404936,-0.2406586416960451,0.0,0.31430560002911995,0.19732852354227173,-0.14497103037304201,-0.5137993693351746,-0.4801841974258423,0.3596615791320801,-0.7742025852203369,0.5030302405357361,-0.8287315368652344,-0.04109738434488065,-0.2641479697967112,2.01933164450863,2.1910950784581247,-0.23192590482000155,0.0,0.31430560002911995,0.19732852354227173,-0.14497103037304201,-0.11430560002911994,0.0026714764577282866,0.14497103037304201,0.2,0.2,0.0,0.3984258476309732,-0.3984258476309732,False
0,885,-0.04109738434488065,-0.2641479697967112,2.01933164450863,2.1910950784581247,-0.23192590482000155,0.0,0.31430560002911995,0.19732852354227173,-0.14497103037304201,-0.4600751996040344,-0.49506014585494995,0.2903284430503845,-0.5668834447860718,0.2180420458316803,-0.9189265966415405,-0.04121270951437152,-0.2642489615340805,2.019355036890705,2.1908676615616463,-0.2318119125818312,0.0,0.3143171110388997,0.19731859358809895,-0.1449715723851085,-0.1143171110388997,0.0026814064119010596,0.1449715723851085,0.2,0.2,0.0,0.3984302077745061,-0.3985174106451639,False
0,886,-0.04121270951437152,-0.2642489615340805,2.019355036890705,2.1908676615616463,-0.2318119125818312,0.0,0.3143171110388997,0.19731859358809895,-0.1449715723851085,-0.5519781112670898,-0.6030259132385254,0.49743348360061646,-0.717749297618866,0.19805441796779633,-0.6963680982589722,-0.04121270951437152,-0.2642489615340805,2.019355036890705,2.1908676615616463,-0.2318119125818312,0.0,0.31465261168200476,0.19714739928705538,-0.14477598145071285,-0.11465261168200473,0.0028526007129446238,0.14477598145071285,0.2,0.2,0.0,0.3985391422294343,-0.40071783132799854,False
0,887,-0.04121270951437152,-0.2642489615340805,2.019355036890705,2.1908676615616463,-0.2318119125818312,0.0,0.31465261168200476,0.19714739928705538,-0.14477598145071285,-0.3670332431793213,-0.600940465927124,0.7585365176200867,-0.40709251165390015,-0.1366368681192398,-0.7405461668968201,-0.04121270951437152,-0.2642489615340805,2.019355036890705,2.1908676615616463,-0.2318119125818312,0.0,0.3167507124535148,0.19607538750183176,-0.1436536284005421,-0.11675071245351483,0.003924612498168251,0.1436536284005421,0.2,0.2,0.0,0.3992654961005819,-0.413792573523533,False
0,888,-0.04121270951437152,-0.2642489615340805,2.019355036890705,2.1908676615616463,-0.2318119125818312,0.0,0.3167507124535148,0.19607538750183176,-0.1436536284005421,0.15718762576580048,-0.6752706170082092,0.51761394739151,-0.5656017065048218,0.43691304326057434,-0.9503758549690247,-0.04121270951437152,-0.2642489615340805,2.019355036890705,2.1908676615616463,-0.2318119125818312,0.0,0.3174155391537577,0.1957653668796838,-0.1434181861078141,-0.11741553915375767,0.004234633120316208,0.1434181861078141,0.2,0.2,0.0,0.39955660358985867,-0.40537875337539464,False
0,889,-0.04121270951437152,-0.2642489615340805,2.019355036890705,2.1908676615616463,-0.2318119125818312,0.0,0.3174155391537577,0.1957653668796838,-0.1434181861078141,-0.485164612531662,-0.6313503980636597,0.6675827503204346,-0.4419327676296234,-0.06015518307685852,-0.9188172817230225,-0.05395455497146136,-0.2799334671515388,2.034394957034954,2.174730306742686,-0.2293111513381771,0.0,0.3174986823965827,0.19580513005981742,-0.1436391399264692,-0.11749868239658266,0.004194869940182595,0.1436391399264692,0.2,0.2,0.0,0.3997214840362273,-0.40301909296360017,False
0,890,-0.05395455497146136,-0.2799334671515388,2.034394957034954,2.174730306742686,-0.2293111513381771,0.0,0.3174986823965827,0.19580513005981742,-0.1436391399264692,-0.3380040228366852,-0.5776675343513489,0.19382482767105103,-0.5494552850723267,0.4444127082824707,-0.8403130769729614,-0.05395455497146136,-0.2799334671515388,2.034394957034954,2.174730306742686,-0.2293111513381771,0.0,0.3179001373589731,0.19564754996167177,-0.14327736702842278,-0.11790013735897308,0.0043524500383282415,0.14327736702842278,0.2,0.2,0.0,0.39983354666843074,-0.40207479931249923,False
0,891,-0.05395455497146136,-0.2799334671515388,2.034394957034954,2.174730306742686,-0.2293111513381771,0.0,0.3179001373589731,0.19564754996167177,-0.14327736702842278,-0.4574149250984192,-0.532866358757019,0.6717289686203003,-0.4549817442893982,0.4236569106578827,-0.7328439354896545,-0.05592495760688919,-0.2834487247379588,2.035604955579348,2.171415648552184,-0.22658288700918217,0.0,0.3180066849791122,0.19559620814745057,-0.14316996742658217,-0.11800668497911221,0.004403791852549432,0.14316996742658217,0.2,0.2,0.0,0.39985468348638076,-0.4002774198453811,False
0,892,-0.05592495760688919,-0.2834487247379588,2.035604955579348,2.171415648552184,-0.22658288700918217,0.0,0.3180066849791122,0.19559620814745057,-0.14316996742658217,-0.23875556886196136,-0.5018695592880249,0.621503472328186,-0.5347810387611389,0.1680396944284439,-0.8905966877937317,-0.0560821277725407,-0.2836595832252761,2.0359015846166413,2.1712197492160645,-0.2264559905582997,0.0,0.31806691135715354,0.19556774791271325,-0.1431474638658705,-0.11806691135715354,0.004432252087286746,0.1431474638658705,0.2,0.2,0.0,0.3998806078508442,-0.4003990951401136,False
0,893,-0.0560821277725407,-0.2836595832252761,2.0359015846166413,2.1712197492160645,-0.2264559905582997,0.0,0.31806691135715354,0.19556774791271325,-0.1431474638658705,-0.36568304896354675,-0.47955018281936646,0.37429606914520264,-0.6029722690582275,0.06317488104104996,-0.8929758071899414,-0.05624337629361407,-0.28394872365044155,2.036219648131,2.1708946508840947,-0.22637762187885327,0.0,0.31814378415367595,0.1955432319462362,-0.14312199895502165,-0.11814378415367591,0.0044567680537638075,0.14312199895502165,0.2,0.2,0.0,0.39992065405587834,-0.4007215781565607,False
0,894,-0.05624337629361407,-0.28394872365044155,2.036219648131,2.1708946508840947,-0.22637762187885327,0.0,0.31814378415367595,0.1955432319462362,-0.14312199895502165,-0.6135791540145874,-0.530034601688385,0.5076286196708679,-0.574757993221283,0.40154018998146057,-0.8494290113449097,-0.05650133183638153,-0.28423641219862555,2.036459466401337,2.170548712449304,-0.2262809008939547,0.0,0.31814378415367595,0.1955432319462362,-0.14312199895502165,-0.11814378415367591,0.0044567680537638075,0.14312199895502165,0.2,0.2,0.0,0.39992065405587834,-0.39992065405587834,False
0,895,-0.05650133183638153,-0.28423641219862555,2.036459466401337,2.170548712449304,-0.2262809008939547,0.0,0.31814378415367595,0.1955432319462362,-0.14312199895502165,-0.4180895984172821,-0.6583348512649536,0.5816479921340942,-0.5733983516693115,0.7131093144416809,-0.7563363313674927,-0.05650133183638153,-0.28423641219862555,2.036459466401337,2.170548712449304,-0.2262809008939547,0.0,0.3193590824986604,0.19481733262602324,-0.14257832985554655,-0.11935908249866038,0.005182667373976762,0.14257832985554655,0.2,0.2,0.0,0.40034060100157437,-0.4087395399154949,False
0,896,-0.05650133183638153,-0.28423641219862555,2.036459466401337,2.170548712449304,-0.2262809008939547,0.0,0.3193590824986604,0.19481733262602324,-0.14257832985554655,0.07028914242982864,-0.5146265625953674,0.4995536208152771,-0.5092575550079346,0.49680009484291077,-0.8779972791671753,-0.05650133183638153,-0.28423641219862555,2.036459466401337,2.170548712449304,-0.2262809008939547,0.0,0.32007071138622817,0.19455712579827628,-0.14225987169354182,-0.12007071138622817,0.005442874201723748,0.14225987169354182,0.2,0.2,0.0,0.40066894885982296,-0.40723590602479476,False
0,897,-0.05650133183638153,-0.28423641219862555,2.036459466401337,2.170548712449304,-0.2262809008939547,0.0,0.32007071138622817,0.19455712579827628,-0.14225987169354182,-0.03649255633354187,-0.5562015175819397,0.7181466221809387,-0.7542297840118408,0.2236742526292801,-0.9282240867614746,-0.06407483458914706,-0.2937768879391023,2.045108366291418,2.161632587945761,-0.21685929873881793,0.0,0.32007071138622817,0.19455712579827628,-0.14225987169354182,-0.12007071138622817,0.005442874201723748,0.14225987169354182,0.2,0.2,0.0,0.40066894885982296,-0.40066894885982296,False
0,898,-0.06407483458914706,-0.2937768879391023,2.045108366291418,2.161632587945761,-0.21685929873881793,0.0,0.32007071138622817,0.19455712579827628,-0.14225987169354182,-0.18275180459022522,-0.5863973498344421,0.4384439289569855,-0.7018060684204102,0.6120554804801941,-0.8808138370513916,-0.0641994765753573,-0.294507788278865,2.0458525391574836,2.1609047461520383,-0.21618650497518271,0.0,0.32011812369532977,0.19456278789201922,-0.14224569524030917,-0.12011812369532973,0.005437212107980799,0.14224569524030917,0.2,0.2,0.0,0.40070454123322863,-0.401416388701342,False
0,899,-0.0641994765753573,-0.294507788278865,2.0458525391574836,2.1609047461520383,-0.21618650497518271,0.0,0.32011812369532977,0.19456278789201922,-0.14224569524030917,0.010615576058626175,-0.5230146646499634,0.5302082300186157,-0.777293860912323,0.493304044008255,-0.4741474390029907,-0.0641994765753573,-0.294507788278865,2.0458525391574836,2.1609047461520383,-0.21618650497518271,0.0,0.32090220945919623,0.19441794956261627,-0.14177576945077514,-0.1209022094591962,0.005582050437383739,0.14177576945077514,0.2,0.2,0.0,0.4010946720554702,-0.40889728850030216,False
0,900,-0.0641994765753573,-0.294507788278865,2.0458525391574836,2.1609047461520383,-0.21618650497518271,0.0,0.32090220945919623,0.19441794956261627,-0.14177576945077514,-0.43540823459625244,-0.5719622373580933,0.3829975128173828,-0.5549743175506592,0.04993291199207306,-0.7191427946090698,-0.0641994765753573,-0.294507788278865,2.0458525391574836,2.1609047461520383,-0.21618650497518271,0.0,0.3214592211969758,0.19427912851104973,-0.1414693070547,-0.12145922119697576,0.005720871488950283,0.1414693070547,0.2,0.2,0.0,0.4013651398740506,-0.4067744962456579,False
0,901,-0.0641994765753573,-0.294507788278865,2.0458525391574836,2.1609047461520383,-0.21618650497518271,0.0,0.3214592211969758,0.19427912851104973,-0.1414693070547,-0.3709008991718292,-0.537663996219635,0.41200771927833557,-0.5208947658538818,0.16155795753002167,-0.6440494656562805,-0.0673141324343774,-0.3020694737517622,2.0518156219116133,2.1519413640900784,-0.21165961159116395,0.0,0.3216128186564948,0.1941500171444794,-0.1413514348441796,-0.12161281865649481,0.005849982855520592,0.1413514348441796,0.2,0.2,0.0,0.40138418306391377,-0.4017650468611773,False
0,902,-0.0673141324343774,-0.3020694737517622,2.0518156219116133,2.1519413640900784,-0.21165961159116395,0.0,0.3216128186564948,0.1941500171444794,-0.1413514348441796,-0.19142480194568634,-0.5348741412162781,0.7195034027099609,-0.317983478307724,0.5068423748016357,-0.7821235060691833,-0.0680403873474529,-0.30282700331732415,2.052351110414435,2.1513481578161056,-0.2116935402444204,0.0,0.32172230476018604,0.19406443617577337,-0.14127760497846628,-0.12172230476018604,0.005935563824226629,0.14127760497846628,0.2,0.2,0.0,0.40140454461413166,-0.4018117756184896,False
0,903,-0.0680403873474529,-0.30282700331732415,2.052351110414435,2.1513481578161056,-0.2116935402444204,0.0,0.32172230476018604,0.19406443617577337,-0.14127760497846628,-0.2575620710849762,-0.5745812058448792,0.5023784637451172,-0.5248891115188599,0.330125093460083,-0.7541221380233765,-0.06804983154873182,-0.30285694953899067,2.0523927359701895,2.1513307557439556,-0.21166309043348433,0.0,0.3217840192393774,0.19403120260891882,-0.14125580591945652,-0.12178401923937739,0.00596879739108118,0.14125580591945652,0.2,0.2,0.0,0.4014302745554531,-0.4019448733818819,False
0,904,-0.06804983154873182,-0.30285694953899067,2.0523927359701895,2.1513307557439556,-0.21166309043348433,0.0,0.3217840192393774,0.19403120260891882,-0.14125580591945652,-0.6056148409843445,-0.49958810210227966,0.6000504493713379,-0.7673416137695312,0.04157600924372673,-0.8561485409736633,-0.06831064651708368,-0.3034644760310678,2.0530315244430613,2.150795846395215,-0.21126928779505338,0.0,0.32186892193156713,0.1940037862915321,-0.14122262923990536,-0.12186892193156713,0.005996213708467925,0.14122262923990536,0.2,0.2,0.0,0.40147341507286816,-0.4023362254211692,False
0,905,-0.06831064651708368,-0.3034644760310678,2.0530315244430613,2.150795846395215,-0.21126928779505338,0.0,0.32186892193156713,0.1940037862915321,-0.14122262923990536,-0.628630518913269,-0.542499303817749,0.5612381100654602,-0.24526330828666687,0.45632147789001465,-0.7955430746078491,-0.06863372985459898,-0.30372978547640517,2.0533353926805757,2.1504885038225567,-0.21117798535856266,0.0,0.32194200716399446,0.1939589905364301,-0.14119566339901188,-0.12194200716399442,0.0060410094635699255,0.14119566339901188,0.2,0.2,0.0,0.4015008858637544,-0.40205030168147876,False
0,906,-0.06863372985459898,-0.30372978547640517,2.0533353926805757,2.1504885038225567,-0.21117798535856266,0.0,0.32194200716399446,0.1939589905364301,-0.14119566339901188,-0.4613323211669922,-0.48851433396339417,0.5171821117401123,-0.3465964198112488,0.2564692497253418,-0.8628406524658203,-0.06897001464451286,-0.30403643545424225,2.053654261460597,2.1503304285105442,-0.2109455605093388,0.0,0.32194200716399446,0.1939589905364301,-0.14119566339901188,-0.12194200716399442,0.0060410094635699255,0.14119566339901188,0.2,0.2,0.0,0.4015008858637544,-0.4015008858637544,False
0,907,-0.06897001464451286,-0.30403643545424225,2.053654261460597,2.1503304285105442,-0.2109455605093388,0.0,0.32194200716399446,0.1939589905364301,-0.14119566339901188,-0.46541449427604675,-0.3789440989494324,0.752511739730835,-0.6306885480880737,0.5817501544952393,-0.6647863984107971,-0.06918360631041325,-0.304256629033303,2.053908555803689,2.150151470980375,-0.2108082189257978,0.0,0.3220056553553023,0.19390841493390512,-0.14118100669270953,-0.12200565535530228,0.0060915850660948935,0.14118100669270953,0.2,0.2,0.0,0.40152234323103875,-0.4019514905767262,False
0,908,-0.06918360631041325,-0.304256629033303,2.053908555803689,2.150151470980375,-0.2108082189257978,0.0,0.3220056553553023,0.19390841493390512,-0.14118100669270953,-0.4456493854522705,-0.564153790473938,0.5305200815200806,-0.5661075711250305,0.43622148036956787,-0.8263849020004272,-0.06934503446243252,-0.3043994255914104,2.054159574144488,2.1499332708455148,-0.21061167850384951,0.0,0.3220056553553023,0.19390841493390512,-0.14118100669270953,-0.12200565535530228,0.0060915850660948935,0.14118100669270953,0.2,0.2,0.0,0.40152234323103875,-0.40152234323103875,False
0,909,-0.06934503446243252,-0.3043994255914104,2.054159574144488,2.1499332708455148,-0.21061167850384951,0.0,0.3220056553553023,0.19390841493390512,-0.14118100669270953,-0.4361472725868225,-0.5001100301742554,0.682367205619812,-0.6545952558517456,0.4594079554080963,-0.91673344373703,-0.06957705579804009,-0.3046946742045598,2.054434320733985,2.149638859621539,-0.2103855215628803,0.0,0.3220751477457311,0.19387089860527384,-0.14116940700796732,-0.12207514774573111,0.0061291013947261715,0.14116940700796732,0.2,0.2,0.0,0.40155588352859684,-0.4022266894797586,False
0,910,-0.06957705579804009,-0.3046946742045598,2.054434320733985,2.149638859621539,-0.2103855215628803,0.0,0.3220751477457311,0.19387089860527384,-0.14116940700796732,-0.6046857237815857,-0.578703761100769,0.29716378450393677,-0.33674654364585876,0.5098220109939575,-0.7150427103042603,-0.06957705579804009,-0.3046946742045598,2.054434320733985,2.149638859621539,-0.2103855215628803,0.0,0.3223970759231026,0.19358255884406875,-0.14093525776498805,-0.12239707592310262,0.0064174411559312595,0.14093525776498805,0.2,0.2,0.0,0.4015928641468468,-0.4023324765118462,False
0,911,-0.06957705579804009,-0.3046946742045598,2.054434320733985,2.149638859621539,-0.2103855215628803,0.0,0.3223970759231026,0.19358255884406875,-0.14093525776498805,-0.43693071603775024,-0.6567541360855103,0.7281126976013184,-0.555114209651947,0.4325314164161682,-0.6978832483291626,-0.07173470957603752,-0.30677052959137296,2.0555652476901956,2.1483755942606297,-0.20855345850897736,0.0,0.3223970759231026,0.19358255884406875,-0.14093525776498805,-0.12239707592310262,0.0064174411559312595,0.14093525776498805,0.2,0.2,0.0,0.4015928641468468,-0.4015928641468468,False
0,912,-0.07173470957603752,-0.30677052959137296,2.0555652476901956,2.1483755942606297,-0.20855345850897736,0.0,0.3223970759231026,0.19358255884406875,-0.14093525776498805,-0.2694211006164551,-0.541047215461731,0.4630909860134125,-0.6947320103645325,0.5642091035842896,-0.6759324073791504,-0.07242808252060509,-0.30749850027762415,2.05599261925124,2.1478759325502117,-0.20790515148047276,0.0,0.3224775073407458,0.19350445126138366,-0.14087238530636775,-0.12247750734074582,0.006495548738616358,0.14087238530636775,0.2,0.2,0.0,0.40159773946148614,-0.40169524575427273,False
0,913,-0.07242808252060509,-0.30749850027762415,2.05599261925124,2.1478759325502117,-0.20790515148047276,0.0,0.3224775073407458,0.19350445126138366,-0.14087238530636775,-0.5935974717140198,-0.5828591585159302,0.6361230611801147,-0.6386106014251709,0.37857869267463684,-0.6013708114624023,-0.07263577256225667,-0.3078154362495725,2.0562911245721796,2.1474826308708908,-0.20761417053866746,0.0,0.3225503802819786,0.19347896650426843,-0.14083136428352017,-0.1225503802819786,0.006521033495731565,0.14083136428352017,0.2,0.2,0.0,0.40162959485770766,-0.40226670278213816,False
0,914,-0.07263577256225667,-0.3078154362495725,2.0562911245721796,2.1474826308708908,-0.20761417053866746,0.0,0.3225503802819786,0.19347896650426843,-0.14083136428352017,-0.38319656252861023,-0.5937137007713318,0.7262566089630127,-0.42758530378341675,0.1314334273338318,-0.761078953742981,-0.07307095353757172,-0.30825275064633517,2.0567743749699794,2.147018100907712,-0.20734766852460662,0.0,0.3226557119331572,0.19341487690878495,-0.14079301686352394,-0.12265571193315715,0.006585123091215049,0.14079301686352394,0.2,0.2,0.0,0.4016698851672421,-0.40247569135793115,False
0,915,-0.07307095353757172,-0.30825275064633517,2.0567743749699794,2.147018100907712,-0.20734766852460662,0.0,0.3226557119331572,0.19341487690878495,-0.14079301686352394,-0.3284975290298462,-0.5167244076728821,0.34519094228744507,-0.6576703786849976,0.23111273348331451,-0.9338042140007019,-0.07336158803647443,-0.3087106683646387,2.0572499548267476,2.1466063446723105,-0.20721521810373325,0.0,0.3227438057735009,0.1933759272497798,-0.1407612980704281,-0.12274380577350089,0.006624072750220199,0.1407612980704281,0.2,0.2,0.0,0.4017107870587337,-0.4025288248885654,False
0,916,-0.07336158803647443,-0.3087106683646387,2.0572499548267476,2.1466063446723105,-0.20721521810373325,0.0,0.3227438057735009,0.1933759272497798,-0.1407612980704281,-0.24055106937885284,-0.6559834480285645,0.4324369728565216,-0.4031331539154053,0.49621033668518066,-0.8167192935943604,-0.07355432499784538,-0.30906363165849143,2.0574817526663587,2.146231585153016,-0.2070197053024421,0.0,0.3227438057735009,0.1933759272497798,-0.1407612980704281,-0.12274380577350089,0.006624072750220199,0.1407612980704281,0.2,0.2,0.0,0.4017107870587337,-0.4017107870587337,False
0,917,-0.07355432499784538,-0.30906363165849143,2.0574817526663587,2.146231585153016,-0.2070197053024421,0.0,0.3227438057735009,0.1933759272497798,-0.1407612980704281,-0.5864428281784058,-0.6089941263198853,0.4174102246761322,-0.3745501637458801,0.5943343639373779,-0.8971236944198608,-0.07375539520232878,-0.3094371749141958,2.057730875625986,2.1460045989456713,-0.20671197360429489,0.0,0.3228222564707697,0.19334398635479436,-0.14070609802701906,-0.12282225647076968,0.006656013645205644,0.14070609802701906,0.2,0.2,0.0,0.40173910981435623,-0.4023055649268069,False
0,918,-0.07375539520232878,-0.3094371749141958,2.057730875625986,2.1460045989456713,-0.20671197360429489,0.0,0.3228222564707697,0.19334398635479436,-0.14070609802701906,-0.14764165878295898,-0.5553222894668579,0.8265863656997681,-0.6259354948997498,0.49246346950531006,-0.8241874575614929,-0.0741750602967007,-0.3098926504143888,2.0581143366026113,2.1456738041063135,-0.20624274166002285,0.0,0.3228927778411757,0.19329398465088973,-0.14066276449633908,-0.12289277784117571,0.006706015349110285,0.14066276449633908,0.2,0.2,0.0,0.4017565479241898,-0.40210531012086115,False
0,919,-0.0741750602967007,-0.3098926504143888,2.0581143366026113,2.1456738041063135,-0.20624274166002285,0.0,0.3228927778411757,0.19329398465088973,-0.14066276449633908,0.025577537715435028,-0.5947660207748413,0.5811594128608704,-0.5804295539855957,0.4938180148601532,-0.623862624168396,-0.0741750602967007,-0.3098926504143888,2.0581143366026113,2.1456738041063135,-0.20624274166002285,0.0,0.3232877730738928,0.19323885600825277,-0.14053011718531572,-0.12328777307389274,0.006761143991747224,0.14053011718531572,0.2,0.2,0.0,0.4020011859765759,-0.4068939470242982,False
0,920,-0.0741750602967007,-0.3098926504143888,2.0581143366026113,2.1456738041063135,-0.20624274166002285,0.0,0.3232877730738928,0.19323885600825277,-0.14053011718531572,-0.2446596920490265,-0.5689274668693542,0.5368437170982361,-0.4903823435306549,0.6396628618240356,-0.7773754000663757,-0.0741750602967007,-0.3098926504143888,2.0581143366026113,2.1456738041063135,-0.20624274166002285,0.0,0.3236467395393939,0.19316205652131624,-0.14037477789606448,-0.12364673953939385,0.006837943478683769,0.14037477789606448,0.2,0.2,0.0,0.4021987945822238,-0.4061509666951814,False
0,921,-0.0741750602967007,-0.3098926504143888,2.0581143366026113,2.1456738041063135,-0.20624274166002285,0.0,0.3236467395393939,0.19316205652131624,-0.14037477789606448,-0.611099898815155,-0.41126352548599243,0.7830150127410889,-0.70942622423172,0.49850597977638245,-0.5970522165298462,-0.07514994901955384,-0.3143193763309585,2.062609230650903,2.141494231529385,-0.20191818164309797,0.0,0.3237639355684172,0.19311568030640214,-0.14032376373952027,-0.12376393556841718,0.00688431969359788,0.14032376373952027,0.2,0.2,0.0,0.4022530430276189,-0.40333801193552066,False
0,922,-0.07514994901955384,-0.3143193763309585,2.062609230650903,2.141494231529385,-0.20191818164309797,0.0,0.3237639355684172,0.19311568030640214,-0.14032376373952027,-0.6828910112380981,-0.5646946430206299,0.5887472629547119,-0.5969395637512207,0.43693917989730835,-0.6965981721878052,-0.07557714228422106,-0.3145583971975794,2.063047728582907,2.1410874343519386,-0.20165449112621417,0.0,0.32385333622969287,0.1930589982137519,-0.1403103505090496,-0.12385333622969284,0.006941001786248112,0.1403103505090496,0.2,0.2,0.0,0.4022931202970942,-0.40309466568660024,False
0,923,-0.07557714228422106,-0.3145583971975794,2.063047728582907,2.1410874343519386,-0.20165449112621417,0.0,0.32385333622969287,0.1930589982137519,-0.1403103505090496,-0.6405587196350098,-0.4813523590564728,0.7694224119186401,-0.4355155825614929,0.337026447057724,-0.6740794777870178,-0.07596629164521435,-0.31487338273060606,2.0634210434122098,2.140770131392213,-0.20141840871885047,0.0,0.3239253512679594,0.1930045705573974,-0.14028245275456747,-0.12392535126795938,0.006995429442602615,0.14028245275456747,0.2,0.2,0.0,0.40231525449696004,-0.4027579384942771,False
0,924,-0.07596629164521435,-0.31487338273060606,2.0634210434122098,2.140770131392213,-0.20141840871885047,0.0,0.3239253512679594,0.1930045705573974,-0.14028245275456747,-0.2699525058269501,-0.5656716227531433,0.6355294585227966,-0.7376210689544678,0.4562322199344635,-0.6844466924667358,-0.07642662686051983,-0.3152404650915919,2.0639952032806237,2.1404253284502355,-0.20115819996334258,0.0,0.3240229694483388,0.19293664912808903,-0.1402779556106844,-0.1240229694483388,0.007063350871910979,0.1402779556106844,0.2,0.2,0.0,0.4023597148537706,-0.4032489219899816,False
0,925,-0.07642662686051983,-0.3152404650915919,2.0639952032806237,2.1404253284502355,-0.20115819996334258,0.0,0.3240229694483388,0.19293664912808903,-0.1402779556106844,-0.5622764229774475,-0.49939480423927307,0.7802277207374573,-0.5501773357391357,0.8250728845596313,-0.6580547094345093,-0.07645598290237358,-0.3153393976653783,2.0641051167933737,2.140295298930863,-0.20107813344610434,0.0,0.3241740041558842,0.19289309616599173,-0.14021415214931168,-0.1241740041558842,0.007106903834008272,0.14021415214931168,0.2,0.2,0.0,0.40243824368704334,-0.40400882035249835,False
0,926,-0.07645598290237358,-0.3153393976653783,2.0641051167933737,2.140295298930863,-0.20107813344610434,0.0,0.3241740041558842,0.19289309616599173,-0.14021415214931168,-0.21592170000076294,-0.6591317653656006,0.7830836772918701,-0.4800354540348053,0.42348766326904297,-0.917656660079956,-0.0771484005925031,-0.3168456740108707,2.0658072547129254,2.1384167781856958,-0.19986133229418096,0.0,0.32435508232869764,0.19283841196919876,-0.14013758847651414,-0.12435508232869763,0.007161588030801242,0.14013758847651414,0.2,0.2,0.0,0.40253126122982236,-0.4043916120854027,False
0,927,-0.0771484005925031,-0.3168456740108707,2.0658072547129254,2.1384167781856958,-0.19986133229418096,0.0,0.32435508232869764,0.19283841196919876,-0.14013758847651414,-0.3685702085494995,-0.5442773103713989,0.6199776530265808,-0.5508326292037964,0.5874526500701904,-0.6008108854293823,-0.07729358705872821,-0.3171934118068651,2.066216734375243,2.1381465760865317,-0.19959884300310837,0.0,0.32443655046683256,0.1928142326904186,-0.14012388484961497,-0.12443655046683257,0.007185767309581394,0.14012388484961497,0.2,0.2,0.0,0.4025805592824381,-0.4035665203347525,False
0,928,-0.07729358705872821,-0.3171934118068651,2.066216734375243,2.1381465760865317,-0.19959884300310837,0.0,0.32443655046683256,0.1928142326904186,-0.14012388484961497,-0.45919814705848694,-0.44320473074913025,0.416273832321167,-0.5387240648269653,0.6679233312606812,-0.8314214944839478,-0.07757881653805455,-0.3175969237395821,2.066670692773737,2.13773058699575,-0.199148902333273,0.0,0.3245347713610842,0.19276990349774478,-0.140091261727066,-0.12453477136108422,0.007230096502255222,0.140091261727066,0.2,0.2,0.0,0.40262714157046386,-0.4035587873309796,False
0,929,-0.07757881653805455,-0.3175969237395821,2.066670692773737,2.13773058699575,-0.199148902333273,0.0,0.3245347713610842,0.19276990349774478,-0.140091261727066,-0.20495158433914185,-0.5276939272880554,0.6219532489776611,-0.30429232120513916,0.7346083521842957,-0.6472821235656738,-0.07782914982595932,-0.3178554276310941,2.0669193714793557,2.1374349109801773,-0.19875938587543512,0.0,0.3245919121885223,0.19273410294017154,-0.14006255904806708,-0.12459191218852227,0.007265897059828478,0.14006255904806708,0.2,0.2,0.0,0.40264607826408455,-0.40302481213649827,False
0,930,-0.07782914982595932,-0.3178554276310941,2.0669193714793557,2.1374349109801773,-0.19875938587543512,0.0,0.3245919121885223,0.19273410294017154,-0.14006255904806708,-0.5910129547119141,-0.47460001707077026,0.7671385407447815,-0.7427051067352295,0.621160626411438,-0.35673725605010986,-0.07782914982595932,-0.3178554276310941,2.0669193714793557,2.1374349109801773,-0.19875938587543512,0.0,0.3256490628136674,0.19215639297693962,-0.13984597565502882,-0.1256490628136674,0.007843607023060393,0.13984597565502882,0.2,0.2,0.0,0.4031479733053794,-0.413185874131276,False
0,931,-0.07782914982595932,-0.3178554276310941,2.0669193714793557,2.1374349109801773,-0.19875938587543512,0.0,0.3256490628136674,0.19215639297693962,-0.13984597565502882,-0.5031675696372986,-0.5292686223983765,0.2071329802274704,-0.554526686668396,0.5913994312286377,-0.4492999017238617,-0.07782914982595932,-0.3178554276310941,2.0669193714793557,2.1374349109801773,-0.19875938587543512,0.0,0.3256490628136674,0.19215639297693962,-0.13984597565502882,-0.1256490628136674,0.007843607023060393,0.13984597565502882,0.2,0.2,0.0,0.4031479733053794,-0.4031479733053794,False
0,932,-0.07782914982595932,-0.3178554276310941,2.0669193714793557,2.1374349109801773,-0.19875938587543512,0.0,0.3256490628136674,0.19215639297693962,-0.13984597565502882,-0.6386527419090271,-0.5362558364868164,0.6245136260986328,-0.6480200290679932,0.5844498872756958,-0.7756297588348389,-0.07782914982595932,-0.3178554276310941,2.0669193714793557,2.1374349109801773,-0.19875938587543512,0.0,0.3262355371500524,0.19166522927837829,-0.13933271425282823,-0.12623553715005234,0.008334770721621731,0.13933271425282823,0.2,0.2,0.0,0.4032106038721908,-0.4044632152084196,False
0,933,-0.07782914982595932,-0.3178554276310941,2.0669193714793557,2.1374349109801773,-0.19875938587543512,0.0,0.3262355371500524,0.19166522927837829,-0.13933271425282823,-0.8367422223091125,-0.6388896703720093,0.6753079891204834,-0.6677240133285522,0.7035764455795288,-0.8621461391448975,-0.08694006104680979,-0.32618473588677005,2.0760159395491846,2.1271835733487148,-0.18893833030972318,0.0,0.32632813147169165,0.1915949427052073,-0.13930226323878042,-0.12632813147169164,0.008405057294792708,0.13930226323878042,0.2,0.2,0.0,0.40324160500060485,-0.4038616275688855,False
0,934,-0.08694006104680979,-0.32618473588677005,2.0760159395491846,2.1271835733487148,-0.18893833030972318,0.0,0.32632813147169165,0.1915949427052073,-0.13930226323878042,-0.6744933128356934,-0.5200206637382507,0.33812686800956726,-0.6481982469558716,0.504166841506958,-0.7522773742675781,-0.08715788027302158,-0.3263438851999084,2.076143019969093,2.127007082759275,-0.18877947085413685,0.0,0.3264104036177514,0.1915292306686945,-0.13927430252210263,-0.1264104036177514,0.008470769331305505,0.13927430252210263,0.2,0.2,0.0,0.40326731721460335,-0.4037815614945733,False
0,935,-0.08715788027302158,-0.3263438851999084,2.076143019969093,2.127007082759275,-0.18877947085413685,0.0,0.3264104036177514,0.1915292306686945,-0.13927430252210263,-0.3350061774253845,-0.5844190120697021,0.2436051070690155,-0.5668565034866333,0.5641335248947144,-0.4494621753692627,-0.08715788027302158,-0.3263438851999084,2.076143019969093,2.127007082759275,-0.18877947085413685,0.0,0.32679915244468316,0.19128989085924075,-0.13888517074502207,-0.12679915244468318,0.008710109140759249,0.13888517074502207,0.2,0.2,0.0,0.40333435142122154,-0.4046750355535853,False
0,936,-0.08715788027302158,-0.3263438851999084,2.076143019969093,2.127007082759275,-0.18877947085413685,0.0,0.32679915244468316,0.19128989085924075,-0.13888517074502207,-0.4752565622329712,-0.38118621706962585,0.44276919960975647,-0.3910444378852844,0.4034138321876526,-0.45549577474594116,-0.08715788027302158,-0.3263438851999084,2.076143019969093,2.127007082759275,-0.18877947085413685,0.0,0.32779157632498945,0.19068491123342182,-0.13801580572447145,-0.12779157632498947,0.009315088766578177,0.13801580572447145,0.2,0.2,0.0,0.4035547243082336,-0.40796218204847445,False
0,937,-0.08715788027302158,-0.3263438851999084,2.076143019969093,2.127007082759275,-0.18877947085413685,0.0,0.32779157632498945,0.19068491123342182,-0.13801580572447145,-0.6155703067779541,-0.6038181781768799,0.7673197984695435,-0.5690303444862366,0.5055360198020935,-0.7348082065582275,-0.08715788027302158,-0.3263438851999084,2.076143019969093,2.127007082759275,-0.18877947085413685,0.0,0.3279643203560672,0.19049352463507424,-0.13809718368064813,-0.1279643203560672,0.009506475364925774,0.13809718368064813,0.2,0.2,0.0,0.40363251912480663,-0.40518841545626766,False
0,938,-0.08715788027302158,-0.3263438851999084,2.076143019969093,2.127007082759275,-0.18877947085413685,0.0,0.3279643203560672,0.19049352463507424,-0.13809718368064813,-0.3015115559101105,-0.6069443225860596,0.7261173725128174,-0.577700674533844,0.5094174742698669,-0.30005961656570435,-0.08715788027302158,-0.3263438851999084,2.076143019969093,2.127007082759275,-0.18877947085413685,0.0,0.32824730234315547,0.1903198657089614,-0.13813734804453745,-0.12824730234315548,0.009680134291038629,0.13813734804453745,0.2,0.2,0.0,0.40379434085164406,-0.40703077538839266,False
0,939,-0.08715788027302158,-0.3263438851999084,2.076143019969093,2.127007082759275,-0.18877947085413685,0.0,0.32824730234315547,0.1903198657089614,-0.13813734804453745,-0.4089038670063019,-0.5260062217712402,0.522067666053772,-0.5648722648620605,0.45247122645378113,-0.4877740740776062,-0.0957606921799084,-0.3363500429104098,2.083855963163992,2.1171157493707056,-0.17896978210984593,0.0,0.32824730234315547,0.1903198657089614,-0.13813734804453745,-0.12824730234315548,0.009680134291038629,0.13813734804453745,0.2,0.2,0.0,0.40379434085164406,-0.40379434085164406,False
0,940,-0.0957606921799084,-0.3363500429104098,2.083855963163992,2.1171157493707056,-0.17896978210984593,0.0,0.32824730234315547,0.1903198657089614,-0.13813734804453745,-0.1323401927947998,-0.49676764011383057,0.5346646904945374,-0.6225734353065491,0.5000860095024109,-0.7766930460929871,-0.0957606921799084,-0.3363500429104098,2.083855963163992,2.1171157493707056,-0.17896978210984593,0.0,0.32908098387068496,0.19012845001360404,-0.13776258200548697,-0.12908098387068495,0.009871549986395976,0.13776258200548697,0.2,0.2,0.0,0.4042544377625211,-0.41345637598006235,False
0,941,-0.0957606921799084,-0.3363500429104098,2.083855963163992,2.1171157493707056,-0.17896978210984593,0.0,0.32908098387068496,0.19012845001360404,-0.13776258200548697,-0.8783431649208069,-0.6678993701934814,0.3354950249195099,-0.6519205570220947,0.5729371309280396,-0.10678369551897049,-0.0973259462622358,-0.34161719144851693,2.089751631234177,2.1106976413265772,-0.17383878092004484,0.0,0.329307071508426,0.19007462959016566,-0.13765202354597944,-0.12930707150842596,0.00992537040983435,0.13765202354597944,0.2,0.2,0.0,0.40437555779942624,-0.40679795853752865,False
0,942,-0.0973259462622358,-0.34161719144851693,2.089751631234177,2.1106976413265772,-0.17383878092004484,0.0,0.329307071508426,0.19007462959016566,-0.13765202354597944,-0.7555809020996094,-0.6018749475479126,0.10896849632263184,-0.7615828514099121,0.31758493185043335,-0.3124982416629791,-0.1013593919970548,-0.3447726914436798,2.0903396678838355,2.1067684930930715,-0.172125075730043,0.0,0.3293454121851347,0.19000710847419555,-0.13759633772699845,-0.12934541218513468,0.00999289152580446,0.13759633772699845,0.2,0.2,0.0,0.4043560979557539,-0.4039669010823068,False
0,943,-0.1013593919970548,-0.3447726914436798,2.0903396678838355,2.1067684930930715,-0.172125075730043,0.0,0.3293454121851347,0.19000710847419555,-0.13759633772699845,-0.8669250011444092,-0.5551608800888062,0.4998989403247833,-0.5648024082183838,0.4626626968383789,-0.29561853408813477,-0.1013593919970548,-0.3447726914436798,2.0903396678838355,2.1067684930930715,-0.172125075730043,0.0,0.3302987450652105,0.18888497722023728,-0.1362150489654595,-0.1302987450652105,0.011115022779762729,0.1362150489654595,0.2,0.2,0.0,0.40414024196534176,-0.3998231221570992,False
0,944,-0.1013593919970548,-0.3447726914436798,2.0903396678838355,2.1067684930930715,-0.172125075730043,0.0,0.3302987450652105,0.18888497722023728,-0.1362150489654595,-0.8571888208389282,-0.5679110288619995,0.5188872814178467,-0.5470187067985535,0.6999552845954895,-0.3621116280555725,-0.1013593919970548,-0.3447726914436798,2.0903396678838355,2.1067684930930715,-0.172125075730043,0.0,0.3305840938489098,0.188547173215229,-0.1361019553894428,-0.1305840938489098,0.011452826784771001,0.1361019553894428,0.2,0.2,0.0,0.4041777107834971,-0.40492708714660436,False
0,945,-0.1013593919970548,-0.3447726914436798,2.0903396678838355,2.1067684930930715,-0.172125075730043,0.0,0.3305840938489098,0.188547173215229,-0.1361019553894428,-0.877241849899292,-0.5215610861778259,0.4190376400947571,-0.6344783306121826,0.6369451284408569,-0.6320858001708984,-0.1013593919970548,-0.3447726914436798,2.0903396678838355,2.1067684930930715,-0.172125075730043,0.0,0.3310831441513667,0.18795089783222924,-0.13590045233151365,-0.13108314415136668,0.012049102167770772,0.13590045233151365,0.2,0.2,0.0,0.4042406724724836,-0.4054999062522126,False
0,946,-0.1013593919970548,-0.3447726914436798,2.0903396678838355,2.1067684930930715,-0.172125075730043,0.0,0.3310831441513667,0.18795089783222924,-0.13590045233151365,-0.9498473405838013,-0.49605047702789307,0.48366355895996094,-0.5195133090019226,0.6075793504714966,-0.6501271724700928,-0.1013593919970548,-0.3447726914436798,2.0903396678838355,2.1067684930930715,-0.172125075730043,0.0,0.3310831441513667,0.18795089783222924,-0.13590045233151365,-0.13108314415136668,0.012049102167770772,0.13590045233151365,0.2,0.2,0.0,0.4042406724724836,-0.4042406724724836,False
0,947,-0.1013593919970548,-0.3447726914436798,2.0903396678838355,2.1067684930930715,-0.172125075730043,0.0,0.3310831441513667,0.18795089783222924,-0.13590045233151365,-0.7470171451568604,-0.5381848812103271,0.2812412977218628,-0.6059134006500244,0.612998366355896,-0.730368971824646,-0.1013593919970548,-0.3447726914436798,2.0903396678838355,2.1067684930930715,-0.172125075730043,0.0,0.33123789566870976,0.18775058901401573,-0.13573980947370445,-0.13123789566870972,0.01224941098598429,0.13573980947370445,0.2,0.2,0.0,0.4042203892409468,-0.4038147246102108,False
0,948,-0.1013593919970548,-0.3447726914436798,2.0903396678838355,2.1067684930930715,-0.172125075730043,0.0,0.33123789566870976,0.18775058901401573,-0.13573980947370445,-0.7685375213623047,-0.5241460800170898,0.5395103693008423,-0.8022751212120056,0.6380201578140259,-0.8359896540641785,-0.1013593919970548,-0.3447726914436798,2.0903396678838355,2.1067684930930715,-0.172125075730043,0.0,0.3312841272356407,0.1876921404087485,-0.13567384815681638,-0.13128412723564067,0.012307859591251514,0.13567384815681638,0.2,0.2,0.0,0.4042089875338949,-0.4039809533928572,False
0,949,-0.1013593919970548,-0.3447726914436798,2.0903396678838355,2.1067684930930715,-0.172125075730043,0.0,0.3312841272356407,0.1876921404087485,-0.13567384815681638,-0.7921728491783142,-0.6741617918014526,0.5833282470703125,-0.7880090475082397,0.6249873638153076,-0.5528947114944458,-0.1013593919970548,-0.3447726914436798,2.0903396678838355,2.1067684930930715,-0.172125075730043,0.0,0.3312841272356407,0.1876921404087485,-0.13567384815681638,-0.13128412723564067,0.012307859591251514,0.13567384815681638,0.2,0.2,0.0,0.4042089875338949,-0.4042089875338949,False
0,950,-0.1013593919970548,-0.3447726914436798,2.0903396678838355,2.1067684930930715,-0.172125075730043,0.0,0.3312841272356407,0.1876921404087485,-0.13567384815681638,-0.8135121464729309,-0.7137316465377808,0.3815891146659851,-0.7519428133964539,0.6513776779174805,-0.6858354210853577,-0.1013593919970548,-0.3447726914436798,2.0903396678838355,2.1067684930930715,-0.172125075730043,0.0,0.3317359709820322,0.18730556302310905,-0.13519868267488228,-0.13173597098203224,0.01269443697689097,0.13519868267488228,0.2,0.2,0.0,0.4042410322812605,-0.40488192722857297,False
0,951,-0.1013593919970548,-0.3447726914436798,2.0903396678838355,2.1067684930930715,-0.172125075730043,0.0,0.3317359709820322,0.18730556302310905,-0.13519868267488228,-0.7410427331924438,-0.44351375102996826,0.6090551614761353,-0.4698125123977661,0.6184389591217041,-0.5088248252868652,-0.1180118820418631,-0.3573213363497663,2.098398219768397,2.0931797683810704,-0.1596513389546945,0.0,0.33179424079830155,0.18725236589906893,-0.135125582553946,-0.13179424079830154,0.012747634100931073,0.135125582553946,0.2,0.2,0.0,0.40423976773972076,-0.4042144769089256,False
0,952,-0.1180118820418631,-0.3573213363497663,2.098398219768397,2.0931797683810704,-0.1596513389546945,0.0,0.33179424079830155,0.18725236589906893,-0.135125582553946,-0.3849620521068573,-0.43535757064819336,0.5696736574172974,-0.6436004638671875,0.6065428256988525,0.09471827745437622,-0.11870740786016,-0.35810432753270705,2.0988135966229335,2.0923392967992527,-0.15895415052670375,0.0,0.3318353839731263,0.18721698744584103,-0.13508357658419862,-0.13183538397312625,0.012783012554158977,0.13508357658419862,0.2,0.2,0.0,0.40424311386548983,-0.4043100363808714,False
0,953,-0.11870740786016,-0.35810432753270705,2.0988135966229335,2.0923392967992527,-0.15895415052670375,0.0,0.3318353839731263,0.18721698744584103,-0.13508357658419862,-0.6976451873779297,-0.3960017263889313,0.6544538736343384,-0.5745586156845093,0.6785895824432373,-0.4475836455821991,-0.11870740786016,-0.35810432753270705,2.0988135966229335,2.0923392967992527,-0.15895415052670375,0.0,0.3323368440194746,0.18677701689735865,-0.13496108272689883,-0.1323368440194746,0.013222983102641351,0.13496108272689883,0.2,0.2,0.0,0.4044105905941604,-0.40776012516757176,False
0,954,-0.11870740786016,-0.35810432753270705,2.0988135966229335,2.0923392967992527,-0.15895415052670375,0.0,0.3323368440194746,0.18677701689735865,-0.13496108272689883,-0.9174257516860962,-0.5059507489204407,0.541725754737854,-0.617932915687561,0.7379977703094482,-0.6602566838264465,-0.12267078732552558,-0.3604918561279272,2.102659672818761,2.088867378977415,-0.15495089532582948,0.0,0.33246381411922066,0.186653991316571,-0.13493452012700852,-0.13246381411922065,0.013346008683428986,0.13493452012700852,0.2,0.2,0.0,0.404449285937078,-0.40522319279543034,False
0,955,-0.12267078732552558,-0.3604918561279272,2.102659672818761,2.088867378977415,-0.15495089532582948,0.0,0.33246381411922066,0.186653991316571,-0.13493452012700852,-0.8310767412185669,-0.43888533115386963,0.3640207052230835,-0.5808109045028687,0.5786455869674683,-0.686774492263794,-0.12304903748560832,-0.3606949785401454,2.102844969808491,2.088616925457635,-0.15467100064788009,0.0,0.3325047621541958,0.1865969002131601,-0.13490628180215108,-0.13250476215419574,0.013403099786839895,0.13490628180215108,0.2,0.2,0.0,0.40444718430724635,-0.4044051517106131,False
0,956,-0.12304903748560832,-0.3606949785401454,2.102844969808491,2.088616925457635,-0.15467100064788009,0.0,0.3325047621541958,0.1865969002131601,-0.13490628180215108,-0.04784385487437248,-0.5515510439872742,0.7036906480789185,-0.6051932573318481,0.36486920714378357,-0.7574117183685303,-0.12339408257398267,-0.36100250065422823,2.1031583975707435,2.088239351584073,-0.1543520644435343,0.0,0.33256575353911844,0.18654700291320775,-0.134871823640633,-0.1325657535391184,0.013452997086792269,0.134871823640633,0.2,0.2,0.0,0.40446282095526653,-0.4047755539156701,False
0,957,-0.12339408257398267,-0.36100250065422823,2.1031583975707435,2.088239351584073,-0.1543520644435343,0.0,0.33256575353911844,0.18654700291320775,-0.134871823640633,-0.4363020658493042,-0.5686904191970825,0.3636401891708374,-0.5920942425727844,0.6908890008926392,-0.4971964955329895,-0.12348616944096343,-0.36132638857255034,2.1035080448630175,2.0878903718387556,-0.1540833184756348,0.0,0.33256575353911844,0.18654700291320775,-0.134871823640633,-0.1325657535391184,0.013452997086792269,0.134871823640633,0.2,0.2,0.0,0.40446282095526653,-0.40446282095526653,False
0,958,-0.12348616944096343,-0.36132638857255034,2.1035080448630175,2.0878903718387556,-0.1540833184756348,0.0,0.33256575353911844,0.18654700291320775,-0.134871823640633,-0.790118932723999,-0.583100438117981,0.40397125482559204,-0.5131373405456543,0.6393557786941528,-0.2605395019054413,-0.12384075997360319,-0.36175626505238523,2.1037809412000725,2.0874487596646194,-0.1535618461949399,0.0,0.3326471300084973,0.18651611923742978,-0.13482822269923167,-0.13264713000849732,0.013483880762570243,0.13482822269923167,0.2,0.2,0.0,0.4045009585582151,-0.4052637106171866,False
0,959,-0.12384075997360319,-0.36175626505238523,2.1037809412000725,2.0874487596646194,-0.1535618461949399,0.0,0.3326471300084973,0.18651611923742978,-0.13482822269923167,-0.803227424621582,-0.496767520904541,0.5553613901138306,-0.733077347278595,0.6510286331176758,-0.337069034576416,-0.12453399001883265,-0.36224077065944976,2.104167656364919,2.0869532906050483,-0.15300644408543612,0.0,0.33273164735903515,0.1864317123900179,-0.13475417500234643,-0.13273164735903512,0.0135682876099821,0.13475417500234643,0.2,0.2,0.0,0.4045068852559801,-0.40462541921128015,False
0,960,-0.12453399001883265,-0.36224077065944976,2.104167656364919,2.0869532906050483,-0.15300644408543612,0.0,0.33273164735903515,0.1864317123900179,-0.13475417500234643,-0.8522703647613525,-0.5305448770523071,0.4974152147769928,-0.7711504697799683,0.5950634479522705,-0.4700782895088196,-0.12453399001883265,-0.36224077065944976,2.104167656364919,2.0869532906050483,-0.15300644408543612,0.0,0.33359964358012273,0.18546113231070382,-0.13413827454030924,-0.1335996435801227,0.014538867689296181,0.13413827454030924,0.2,0.2,0.0,0.4045709214605082,-0.40585164555107034,False
0,961,-0.12453399001883265,-0.36224077065944976,2.104167656364919,2.0869532906050483,-0.15300644408543612,0.0,0.33359964358012273,0.18546113231070382,-0.13413827454030924,-0.7398407459259033,-0.6242613196372986,0.5247772336006165,-0.5952385663986206,0.15212026238441467,-0.5038602352142334,-0.12453399001883265,-0.36224077065944976,2.104167656364919,2.0869532906050483,-0.15300644408543612,0.0,0.33429248663085964,0.1846666712902124,-0.13362931468909722,-0.1342924866308596,0.015333328709787632,0.13362931468909722,0.2,0.2,0.0,0.40461097346405306,-0.40541201353494993,False
0,962,-0.12453399001883265,-0.36224077065944976,2.104167656364919,2.0869532906050483,-0.15300644408543612,0.0,0.33429248663085964,0.1846666712902124,-0.13362931468909722,-0.5590305328369141,-0.4829122722148895,-0.009291947819292545,-0.5719858407974243,0.4133736789226532,0.35596907138824463,-0.13620103074855558,-0.3695022446326208,2.1109996977937695,2.076393839094875,-0.14483755742725102,0.0,0.3343358480474551,0.18448148808248757,-0.1330407248443387,-0.13433584804745508,0.015518511917512436,0.1330407248443387,0.2,0.2,0.0,0.4043682890656079,-0.3995146010967047,False
0,963,-0.13620103074855558,-0.3695022446326208,2.1109996977937695,2.076393839094875,-0.14483755742725102,0.0,0.3343358480474551,0.18448148808248757,-0.1330407248443387,-0.4899291396141052,-0.4399072527885437,0.2966662645339966,-0.5201026797294617,0.557000994682312,-0.44190746545791626,-0.13859193963023603,-0.3723823847288495,2.1089851771807777,2.0735680857858405,-0.14298553560375665,0.0,0.33432690254935005,0.1844116268677368,-0.13272353271404014,-0.13432690254935,0.015588373132263206,0.13272353271404014,0.2,0.2,0.0,0.4042247667181501,-0.40135431976899427,False
0,964,-0.13859193963023603,-0.3723823847288495,2.1089851771807777,2.0735680857858405,-0.14298553560375665,0.0,0.33432690254935005,0.1844116268677368,-0.13272353271404014,-0.6535555124282837,-0.5958203077316284,0.6185786128044128,-0.6775143146514893,0.3916151225566864,0.3823273479938507,-0.13896342684735719,-0.37284119102656643,2.1088189790923435,2.073118417582614,-0.14266830596783917,0.0,0.33435858181158273,0.18438059160393092,-0.13269272164379864,-0.1343585818115827,0.015619408396069095,0.13269272164379864,0.2,0.2,0.0,0.4042266965064369,-0.4042652922721725,False
0,965,-0.13896342684735719,-0.37284119102656643,2.1088189790923435,2.073118417582614,-0.14266830596783917,0.0,0.33435858181158273,0.18438059160393092,-0.13269272164379864,-0.7053395509719849,-0.47342434525489807,0.35688695311546326,-0.5626703500747681,0.5467399954795837,-0.20693925023078918,-0.13923059289738512,-0.3730831099058543,2.1090790490919953,2.0728423537246674,-0.14250970752115974,0.0,0.33435858181158273,0.18438059160393092,-0.13269272164379864,-0.1343585818115827,0.015619408396069095,0.13269272164379864,0.2,0.2,0.0,0.4042266965064369,-0.4042266965064369,False
0,966,-0.13923059289738512,-0.3730831099058543,2.1090790490919953,2.0728423537246674,-0.14250970752115974,0.0,0.33435858181158273,0.18438059160393092,-0.13269272164379864,-0.7945188879966736,-0.5822410583496094,0.17964628338813782,-0.5565297603607178,0.5993121266365051,-0.7126014232635498,-0.13923059289738512,-0.3730831099058543,2.1090790490919953,2.0728423537246674,-0.14250970752115974,0.0,0.3348392346111423,0.18378273830418027,-0.13228602176752102,-0.13483923461114228,0.016217261695819742,0.13228602176752102,0.2,0.2,0.0,0.40421899941570716,-0.40406505760111255,False
0,967,-0.13923059289738512,-0.3730831099058543,2.1090790490919953,2.0728423537246674,-0.14250970752115974,0.0,0.3348392346111423,0.18378273830418027,-0.13228602176752102,-0.8788132667541504,-0.4943549931049347,0.41952595114707947,-0.5099679231643677,0.4095180034637451,-0.5733177065849304,-0.13923059289738512,-0.3730831099058543,2.1090790490919953,2.0728423537246674,-0.14250970752115974,0.0,0.33514369623578816,0.18323083410781454,-0.13175301104714107,-0.13514369623578815,0.016769165892185463,0.13175301104714107,0.2,0.2,0.0,0.4040466453448411,-0.40059956392751955,False
0,968,-0.13923059289738512,-0.3730831099058543,2.1090790490919953,2.0728423537246674,-0.14250970752115974,0.0,0.33514369623578816,0.18323083410781454,-0.13175301104714107,-0.7169508934020996,-0.5807624459266663,0.6140646934509277,-0.6146411895751953,0.47203436493873596,0.0678778737783432,-0.13923059289738512,-0.3730831099058543,2.1090790490919953,2.0728423537246674,-0.14250970752115974,0.0,0.33576420398617696,0.18220631963337783,-0.1311920788571303,-0.13576420398617695,0.017793680366622194,0.1311920788571303,0.2,0.2,0.0,0.4039159629770371,-0.40130231562095703,False
0,969,-0.13923059289738512,-0.3730831099058543,2.1090790490919953,2.0728423537246674,-0.14250970752115974,0.0,0.33576420398617696,0.18220631963337783,-0.1311920788571303,-0.8151556849479675,-0.5004298090934753,0.07602860033512115,-0.7173711061477661,0.15388034284114838,0.605697512626648,-0.13923059289738512,-0.3730831099058543,2.1090790490919953,2.0728423537246674,-0.14250970752115974,0.0,0.3360180708989463,0.18202325878082698,-0.13109508283947202,-0.13601807089894632,0.017976741219173028,0.13109508283947202,0.2,0.2,0.0,0.40401303376565617,-0.405954449538038,False
0,970,-0.13923059289738512,-0.3730831099058543,2.1090790490919953,2.0728423537246674,-0.14250970752115974,0.0,0.3360180708989463,0.18202325878082698,-0.13109508283947202,-0.8297191262245178,-0.6122416257858276,-0.022173019126057625,-0.5418380498886108,0.41284775733947754,-0.39842456579208374,-0.13923059289738512,-0.3730831099058543,2.1090790490919953,2.0728423537246674,-0.14250970752115974,0.0,0.33604182911407626,0.1818064723263887,-0.13065428786952632,-0.13604182911407625,0.018193527673611314,0.13065428786952632,0.2,0.2,0.0,0.40379233181524515,-0.3993782928070248,False
0,971,-0.13923059289738512,-0.3730831099058543,2.1090790490919953,2.0728423537246674,-0.14250970752115974,0.0,0.33604182911407626,0.1818064723263887,-0.13065428786952632,-0.7933169603347778,-0.6039638519287109,0.5078529119491577,-0.6416699886322021,0.4817592203617096,-0.4875703752040863,-0.1577527891556531,-0.3856035549278044,2.11517461584125,2.05910656666671,-0.13303082209078362,0.0,0.33602478273664205,0.18176681249672028,-0.13056051945049285,-0.13602478273664204,0.01823318750327973,0.13056051945049285,0.2,0.2,0.0,0.40372995675031087,-0.4024824554516252,False
0,972,-0.1577527891556531,-0.3856035549278044,2.11517461584125,2.05910656666671,-0.13303082209078362,0.0,0.33602478273664205,0.18176681249672028,-0.13056051945049285,-0.8185229897499084,-0.6781655550003052,0.48291686177253723,-0.7257404327392578,0.4442828893661499,0.027202732861042023,-0.15777345141791788,-0.3856255293392828,2.115211471346359,2.059084727839655,-0.13301116166229246,0.0,0.33604664831150644,0.1817419262963453,-0.13054038190688338,-0.1360466483115064,0.018258073703654704,0.13054038190688338,0.2,0.2,0.0,0.4037304409178214,-0.40374012426803196,False
0,973,-0.15777345141791788,-0.3856255293392828,2.115211471346359,2.059084727839655,-0.13301116166229246,0.0,0.33604664831150644,0.1817419262963453,-0.13054038190688338,-0.877914309501648,-0.7984208464622498,-0.06808237731456757,-0.6559517979621887,0.5182255506515503,-0.020821601152420044,-0.15825735505905775,-0.3861072678845317,2.11567210682672,2.0586411359807735,-0.13262960276015665,0.0,0.33609853752937835,0.18170095836966768,-0.13052559241664713,-0.13609853752937834,0.018299041630332337,0.13052559241664713,0.2,0.2,0.0,0.4037504123559001,-0.40414984111747393,False
0,974,-0.15825735505905775,-0.3861072678845317,2.11567210682672,2.0586411359807735,-0.13262960276015665,0.0,0.33609853752937835,0.18170095836966768,-0.13052559241664713,-0.8639438152313232,-0.727312445640564,0.7539052367210388,-0.7220014333724976,0.4275059401988983,0.30617499351501465,-0.16452772573320681,-0.39141721443698996,2.120685105187581,2.0534443551883843,-0.12948362798510757,0.0,0.33614123608770063,0.1815959609806645,-0.1303738170482335,-0.1361412360877006,0.01840403901933551,0.1303738170482335,0.2,0.2,0.0,0.403689677617331,-0.40247498284594896,False
0,975,-0.16452772573320681,-0.39141721443698996,2.120685105187581,2.0534443551883843,-0.12948362798510757,0.0,0.33614123608770063,0.1815959609806645,-0.1303738170482335,-0.7883777618408203,-0.704723596572876,0.4312097430229187,-0.774211049079895,0.44064247608184814,-0.36455488204956055,-0.1660456336166155,-0.39269265527339364,2.1220451197388708,2.0521724808311474,-0.12873585818300892,0.0,0.3371815220058523,0.18050419141628007,-0.12981881356643257,-0.13718152200585224,0.019495808583719937,0.12981881356643257,0.2,0.2,0.0,0.4038886805257413,-0.4078687386939472,False
0,976,-0.1660456336166155,-0.39269265527339364,2.1220451197388708,2.0521724808311474,-0.12873585818300892,0.0,0.3371815220058523,0.18050419141628007,-0.12981881356643257,-0.8706851005554199,-0.7206151485443115,0.7242493629455566,-0.7314828634262085,0.7351477146148682,0.24956157803535461,-0.1671587342164131,-0.3936341574529659,2.1229867619546674,2.0512193483188943,-0.12814146195605924,0.0,0.3373094528930429,0.1803679094295742,-0.12974954756561102,-0.1373094528930429,0.01963209057042581,0.12974954756561102,0.2,0.2,0.0,0.4039123603660574,-0.40438595717237924,False
0,977,-0.1671587342164131,-0.3936341574529659,2.1229867619546674,2.0512193483188943,-0.12814146195605924,0.0,0.3373094528930429,0.1803679094295742,-0.12974954756561102,-0.8172529935836792,-0.7552242279052734,0.12500081956386566,-0.7534745931625366,0.6396321058273315,0.10526727885007858,-0.1671587342164131,-0.3936341574529659,2.1229867619546674,2.0512193483188943,-0.12814146195605924,0.0,0.33781007162656973,0.17957232176338217,-0.1287709031309459,-0.1378100716265697,0.02042767823661784,0.1287709031309459,0.2,0.2,0.0,0.4036629890502711,-0.3986755627345454,False
0,978,-0.1671587342164131,-0.3936341574529659,2.1229867619546674,2.0512193483188943,-0.12814146195605924,0.0,0.33781007162656973,0.17957232176338217,-0.1287709031309459,-0.8965051174163818,-0.7122321724891663,0.08668070286512375,-0.8327576518058777,0.5644640922546387,0.2430432289838791,-0.1671587342164131,-0.3936341574529659,2.1229867619546674,2.0512193483188943,-0.12814146195605924,0.0,0.3386600091395169,0.1780638641865835,-0.12678184466139356,-0.13866000913951687,0.02193613581341651,0.12678184466139356,0.2,0.2,0.0,0.403076888019124,-0.3913548673961822,False
0,979,-0.1671587342164131,-0.3936341574529659,2.1229867619546674,2.0512193483188943,-0.12814146195605924,0.0,0.3386600091395169,0.1780638641865835,-0.12678184466139356,-0.9348498582839966,-0.8139342069625854,0.46259596943855286,-0.814821183681488,0.3573095202445984,0.16544096171855927,-0.18327252352090775,-0.40847238334829583,2.1255604820843654,2.0363768660013455,-0.11558124522487331,0.0,0.3386903603783954,0.17800659460860332,-0.12670703398554653,-0.13869036037839538,0.02199340539139668,0.12670703398554653,0.2,0.2,0.0,0.4030535701353028,-0.4025872124588787,False
0,980,-0.18327252352090775,-0.40847238334829583,2.1255604820843654,2.0363768660013455,-0.11558124522487331,0.0,0.3386903603783954,0.17800659460860332,-0.12670703398554653,-0.8759856224060059,-0.8422040939331055,0.32879966497421265,-0.7605777978897095,0.6142602562904358,0.34960538148880005,-0.18327252352090775,-0.40847238334829583,2.1255604820843654,2.0363768660013455,-0.11558124522487331,0.0,0.33942764174762435,0.176935711385698,-0.1256800860665661,-0.13942764174762434,0.02306428861430202,0.1256800860665661,0.2,0.2,0.0,0.40288069447370656,-0.3994231812417818,False
0,981,-0.18327252352090775,-0.40847238334829583,2.1255604820843654,2.0363768660013455,-0.11558124522487331,0.0,0.33942764174762435,0.176935711385698,-0.1256800860665661,-0.9790309071540833,-0.7555429935455322,0.41704297065734863,-0.7849545478820801,0.539976954460144,0.026917509734630585,-0.18327252352090775,-0.40847238334829583,2.1255604820843654,2.0363768660013455,-0.11558124522487331,0.0,0.3396508776360538,0.176559289641511,-0.12530404658725794,-0.13965087763605377,0.02344071035848901,0.12530404658725794,0.2,0.2,0.0,0.4027865508290939,-0.4009036779368413,False
0,982,-0.18327252352090775,-0.40847238334829583,2.1255604820843654,2.0363768660013455,-0.11558124522487331,0.0,0.3396508776360538,0.176559289641511,-0.12530404658725794,-0.9011470675468445,-0.8249838948249817,0.46671226620674133,-0.8510521054267883,0.4615117907524109,0.01008604560047388,-0.18327252352090775,-0.40847238334829583,2.1255604820843654,2.0363768660013455,-0.11558124522487331,0.0,0.3404256901109134,0.17526228975083114,-0.12422686589618903,-0.1404256901109134,0.024737710249168873,0.12422686589618903,0.2,0.2,0.0,0.40254047610965243,-0.3976189817208226,False
0,983,-0.18327252352090775,-0.40847238334829583,2.1255604820843654,2.0363768660013455,-0.11558124522487331,0.0,0.3404256901109134,0.17526228975083114,-0.12422686589618903,-0.8002867698669434,-0.8133786916732788,0.5115805864334106,-0.8810123801231384,0.6389700174331665,-0.17610667645931244,-0.18327252352090775,-0.40847238334829583,2.1255604820843654,2.0363768660013455,-0.11558124522487331,0.0,0.34083021168650773,0.17481154590227826,-0.12372798883257562,-0.14083021168650775,0.025188454097721732,0.12372798883257562,0.2,0.2,0.0,0.4025331352815169,-0.40238631871880637,False
0,984,-0.18327252352090775,-0.40847238334829583,2.1255604820843654,2.0363768660013455,-0.11558124522487331,0.0,0.34083021168650773,0.17481154590227826,-0.12372798883257562,-0.8513519763946533,-0.7576285004615784,0.1085355281829834,-0.6981208324432373,0.3550623059272766,-0.48103228211402893,-0.18327252352090775,-0.40847238334829583,2.1255604820843654,2.0363768660013455,-0.11558124522487331,0.0,0.3411025230442811,0.17458726820460785,-0.12333758135073118,-0.1411025230442811,0.025412731795392173,0.12333758135073118,0.2,0.2,0.0,0.40254664874989365,-0.4028169181174286,False
0,985,-0.18327252352090775,-0.40847238334829583,2.1255604820843654,2.0363768660013455,-0.11558124522487331,0.0,0.3411025230442811,0.17458726820460785,-0.12333758135073118,-0.8854215741157532,-0.7942500114440918,0.580466628074646,-0.7253080606460571,0.531867504119873,-0.26413312554359436,-0.18327252352090775,-0.40847238334829583,2.1255604820843654,2.0363768660013455,-0.11558124522487331,0.0,0.34078697842745387,0.17445110706017902,-0.12278621541590576,-0.14078697842745383,0.02554889293982099,0.12278621541590576,0.2,0.2,0.0,0.40205149933360174,-0.3921485110077634,False
0,986,-0.18327252352090775,-0.40847238334829583,2.1255604820843654,2.0363768660013455,-0.11558124522487331,0.0,0.34078697842745387,0.17445110706017902,-0.12278621541590576,-0.8790929913520813,-0.7833126187324524,0.5488295555114746,-0.7426716089248657,0.6462600231170654,-0.9209789037704468,-0.2068916460019251,-0.4298348445418649,2.1331017196491984,2.015461875866409,-0.10333693063955726,0.0,0.3407659378447619,0.17444211416814642,-0.12274966110621961,-0.14076593784476188,0.025557885831853595,0.12274966110621961,0.2,0.2,0.0,0.40201860018208674,-0.4013606171517868,False
0,987,-0.2068916460019251,-0.4298348445418649,2.1331017196491984,2.015461875866409,-0.10333693063955726,0.0,0.3407659378447619,0.17444211416814642,-0.12274966110621961,-0.6799806356430054,-0.9034642577171326,0.369152694940567,-0.9147570729255676,0.7259476184844971,0.4336594343185425,-0.20704042464670167,-0.43001772815160544,2.133255797738015,2.015284396012618,-0.10313654993555021,0.0,0.34079402818370474,0.17441545874636497,-0.122728138868138,-0.1407940281837047,0.02558454125363504,0.122728138868138,0.2,0.2,0.0,0.4020242753434395,-0.40213777857049443,False
0,988,-0.20704042464670167,-0.43001772815160544,2.133255797738015,2.015284396012618,-0.10313654993555021,0.0,0.34079402818370474,0.17441545874636497,-0.122728138868138,-0.39531052112579346,-0.8126493096351624,0.21863237023353577,-0.6286883354187012,0.6602816581726074,-0.27902951836586,-0.2073888976634317,-0.4305325484592172,2.133444437614897,2.0147978328484895,-0.10272249420511746,0.0,0.34079402818370474,0.17441545874636497,-0.122728138868138,-0.1407940281837047,0.02558454125363504,0.122728138868138,0.2,0.2,0.0,0.4020242753434395,-0.4020242753434395,False
0,989,-0.2073888976634317,-0.4305325484592172,2.133444437614897,2.0147978328484895,-0.10272249420511746,0.0,0.34079402818370474,0.17441545874636497,-0.122728138868138,-0.9125073552131653,-0.8238281011581421,0.738019585609436,-0.758915901184082,0.49100029468536377,-0.6971625089645386,-0.20745705263467548,-0.43067432044345283,2.133482165242251,2.0146888829698173,-0.10260726894490164,0.0,0.3408583694016467,0.17434578930215236,-0.12260959256018834,-0.1408583694016467,0.025654210697847644,0.12260959256018834,0.2,0.2,0.0,0.4020124306863102,-0.40177553754372464,False
0,990,-0.20745705263467548,-0.43067432044345283,2.133482165242251,2.0146888829698173,-0.10260726894490164,0.0,0.3408583694016467,0.17434578930215236,-0.12260959256018834,-0.09778906404972076,-0.922287106513977,0.416207879781723,-0.7455992102622986,0.6753190755844116,0.7667227387428284,-0.20745705263467548,-0.43067432044345283,2.133482165242251,2.0146888829698173,-0.10260726894490164,0.0,0.3414463596747491,0.17409220900908523,-0.1217450388327462,-0.14144635967474914,0.025907790990914795,0.1217450388327462,0.2,0.2,0.0,0.40213874254190934,-0.4046649796538921,False
0,991,-0.20745705263467548,-0.43067432044345283,2.133482165242251,2.0146888829698173,-0.10260726894490164,0.0,0.3414463596747491,0.17409220900908523,-0.1217450388327462,-0.8868764042854309,-0.8305528163909912,0.5509083271026611,-0.7049185037612915,0.6112815737724304,-0.4826582968235016,-0.20745705263467548,-0.43067432044345283,2.133482165242251,2.0146888829698173,-0.10260726894490164,0.0,0.3419123620896779,0.17394523027791597,-0.1211018548324751,-0.14191236208967792,0.026054769722084044,0.1211018548324751,0.2,0.2,0.0,0.40227685209323955,-0.40503904311984357,False
0,992,-0.20745705263467548,-0.43067432044345283,2.133482165242251,2.0146888829698173,-0.10260726894490164,0.0,0.3419123620896779,0.17394523027791597,-0.1211018548324751,0.07445354759693146,-0.8838029503822327,0.38049715757369995,-0.7816579341888428,0.4489075243473053,-0.7331082820892334,-0.20854874000219592,-0.44630212515537887,2.140469273364315,2.0013882856675,-0.09297141974778625,0.0,0.34269709657642017,0.1738153472865248,-0.12002387943606022,-0.14269709657642016,0.026184652713475205,0.12002387943606022,0.2,0.2,0.0,0.40256528239420425,-0.4083338884134983,False
0,993,-0.20854874000219592,-0.44630212515537887,2.140469273364315,2.0013882856675,-0.09297141974778625,0.0,0.34269709657642017,0.1738153472865248,-0.12002387943606022,-0.5799736976623535,-0.8794410228729248,0.22636470198631287,-0.7192952632904053,0.48689335584640503,-0.5276651978492737,-0.20854874000219592,-0.44630212515537887,2.140469273364315,2.0013882856675,-0.09297141974778625,0.0,0.34288728006499003,0.17383838133249618,-0.1197530649213567,-0.14288728006499,0.02616161866750382,0.1197530649213567,0.2,0.2,0.0,0.4026565114495579,-0.4044810925566306,False
0,994,-0.20854874000219592,-0.44630212515537887,2.140469273364315,2.0013882856675,-0.09297141974778625,0.0,0.34288728006499003,0.17383838133249618,-0.1197530649213567,-0.7733898162841797,-0.8864286541938782,0.649452805519104,-0.6869519948959351,0.40891221165657043,-0.40812456607818604,-0.21202930984436746,-0.45341830683893747,2.1424885868099213,1.9954242345572968,-0.08928504179185023,0.0,0.3433426563126045,0.1731382743761931,-0.11861801329789198,-0.14334265631260454,0.026861725623806895,0.11861801329789198,0.2,0.2,0.0,0.40240685229814377,-0.39741366926986144,False
0,995,-0.21202930984436746,-0.45341830683893747,2.1424885868099213,1.9954242345572968,-0.08928504179185023,0.0,0.3433426563126045,0.1731382743761931,-0.11861801329789198,-0.9476960897445679,-0.9072220921516418,0.4429287314414978,-0.8948734998703003,0.5375632047653198,-0.7994870543479919,-0.21202930984436746,-0.45341830683893747,2.1424885868099213,1.9954242345572968,-0.08928504179185023,0.0,0.3437370893063201,0.1725199926370269,-0.11803460861292088,-0.1437370893063201,0.027480007362973125,0.11803460861292088,0.2,0.2,0.0,0.4023064792601112,-0.4002990184994599,False
0,996,-0.21202930984436746,-0.45341830683893747,2.1424885868099213,1.9954242345572968,-0.08928504179185023,0.0,0.3437370893063201,0.1725199926370269,-0.11803460861292088,-0.8391938805580139,-0.8617621660232544,0.7956797480583191,-0.7973582744598389,0.5970548391342163,-0.6124287843704224,-0.22439110894827677,-0.4658378785771879,2.151553428549291,1.9837987567560578,-0.08138664757514444,0.0,0.3448154187290394,0.17111573850062012,-0.11693063537257954,-0.14481541872903944,0.028884261499379903,0.11693063537257954,0.2,0.2,0.0,0.4023071493828199,-0.40232055183699417,False
0,997,-0.22439110894827677,-0.4658378785771879,2.151553428549291,1.9837987567560578,-0.08138664757514444,0.0,0.3448154187290394,0.17111573850062012,-0.11693063537257954,-0.5620397925376892,-0.892912745475769,0.45918723940849304,-0.829330325126648,0.6479278206825256,-0.9182568788528442,-0.22439110894827677,-0.4658378785771879,2.151553428549291,1.9837987567560578,-0.08138664757514444,0.0,0.34596217792691386,0.1698329047575548,-0.11620277598986334,-0.14596217792691385,0.030167095242445208,0.11620277598986334,0.2,0.2,0.0,0.40253711535965553,-0.40713643489636775,False
0,998,-0.22439110894827677,-0.4658378785771879,2.151553428549291,1.9837987567560578,-0.08138664757514444,0.0,0.34596217792691386,0.1698329047575548,-0.11620277598986334,-0.9337093234062195,-0.8194408416748047,0.22192269563674927,-0.9042184948921204,0.5249027013778687,-0.9347870945930481,-0.22439110894827677,-0.4658378785771879,2.151553428549291,1.9837987567560578,-0.08138664757514444,0.0,0.3463433156846794,0.16939867756803903,-0.11595655702048134,-0.1463433156846794,0.03060132243196097,0.11595655702048134,0.2,0.2,0.0,0.402610888324325,-0.40408634761771467,False
0,999,-0.22439110894827677,-0.4658378785771879,2.151553428549291,1.9837987567560578,-0.08138664757514444,0.0,0.3463433156846794,0.16939867756803903,-0.11595655702048134,-0.4522891342639923,-0.8864548802375793,0.6303471326828003,-0.887425422668457,0.6390485763549805,-0.43017643690109253,-0.22439110894827677,-0.4658378785771879,2.151553428549291,1.9837987567560578,-0.08138664757514444,0.0,0.3465832562286107,0.16836469627640194,-0.11410516941855871,-0.14658325622861068,0.03163530372359806,0.11410516941855871,0.2,0.2,0.0,0.4018539711615525,-0.3867156279061028,False
0,1000,-0.22439110894827677,-0.4658378785771879,2.151553428549291,1.9837987567560578,-0.08138664757514444,0.0,0.3465832562286107,0.16836469627640194,-0.11410516941855871,-0.5135038495063782,-0.935055136680603,0.8778046369552612,-0.8067538738250732,0.6969014406204224,-0.4141727387905121,-0.22439110894827677,-0.4658378785771879,2.151553428549291,1.9837987567560578,-0.08138664757514444,0.0,0.34729436690473486,0.1679667881281069,-0.1135327115877632,-0.14729436690473485,0.03203321187189312,0.1135327115877632,0.2,0.2,0.0,0.4021391497955691,-0.40784272247590025,True
