episode,timestep,s1,s2,s3,s4,s5,g_s,rb_x,rb_y,rb_z,a1,a2,a3,a4,a5,g_a,ns1,ns2,ns3,ns4,ns5,ng_s,nrb_x,nrb_y,nrb_z,jp_x,jp_y,jp_z,bp_x,bp_y,bp_z,distance,reward,done
0,0,4.340890466494541e-15,-1.5699999967385436,1.5699999968331353,1.5699999969940763,1.2722689690192202e-13,0.0,0.1622708531959822,0.2015999999999998,-0.01846013126788819,0.9905321002006531,0.9961103796958923,0.5244938135147095,0.8914626836776733,-0.8270018100738525,0.8927099704742432,4.340890466494541e-15,-1.5699999967385436,1.5699999968331353,1.5699999969940763,1.2722689690192202e-13,0.0,0.16954723066178623,0.20040146203207074,-0.014852778583008094,0.03045276933821377,-0.00040146203207072346,0.014852778583008094,0.2,0.2,0.0,0.26292130845807893,0.0,False
0,1,4.340890466494541e-15,-1.5699999967385436,1.5699999968331353,1.5699999969940763,1.2722689690192202e-13,0.0,0.16954723066178623,0.20040146203207074,-0.014852778583008094,0.9790821075439453,0.9592885971069336,0.719702959060669,0.803131103515625,-0.8738898038864136,0.9768832921981812,0.028815755838058104,-1.5410265032251729,1.5852942533304002,1.5959197072103466,-0.02406859145980326,0.0,0.16957003225755113,0.20039882858920383,-0.014838174462698944,0.030429967742448872,-0.0003988285892038188,0.014838174462698944,0.2,0.2,0.0,0.26293318117182835,-0.2631706354468167,False
0,2,0.028815755838058104,-1.5410265032251729,1.5852942533304002,1.5959197072103466,-0.02406859145980326,0.0,0.16957003225755113,0.20039882858920383,-0.014838174462698944,0.9936161041259766,0.9774496555328369,0.5546037554740906,0.9614911675453186,-0.862811803817749,0.8573039174079895,0.02906663404207167,-1.5407971252092942,1.5855747081212634,1.5961070118717928,-0.0243254946054542,0.0,0.16964677014872773,0.20039059604359613,-0.01478712599492633,0.030353229851272295,-0.00039059604359612996,0.01478712599492633,0.2,0.2,0.0,0.2629735285153105,-0.26378047538495303,False
0,3,0.02906663404207167,-1.5407971252092942,1.5855747081212634,1.5961070118717928,-0.0243254946054542,0.0,0.16964677014872773,0.20039059604359613,-0.01478712599492633,0.9863146543502808,0.9892860651016235,0.7166253328323364,0.6591095924377441,-0.877973735332489,0.9750634431838989,0.02964844696208075,-1.5402210852883562,1.5859269872177761,1.5966179298960643,-0.02483394181595766,0.0,0.16964677014872773,0.20039059604359613,-0.01478712599492633,0.030353229851272295,-0.00039059604359612996,0.01478712599492633,0.2,0.2,0.0,0.2629735285153105,-0.2629735285153105,False
0,4,0.02964844696208075,-1.5402210852883562,1.5859269872177761,1.5966179298960643,-0.02483394181595766,0.0,0.16964677014872773,0.20039059604359613,-0.01478712599492633,0.9941441416740417,0.9427533149719238,0.7625554203987122,0.8326824903488159,-0.8718094825744629,0.9604158401489258,0.030223147640805643,-1.539654281499121,1.5863529684017854,1.5970300918923381,-0.025343320102170306,0.0,0.16984360707881876,0.20036507114242602,-0.014688004821771655,0.030156392921181236,-0.0003650711424260008,0.014688004821771655,0.2,0.2,0.0,0.26307555964988083,-0.265116182341288,False
0,5,0.030223147640805643,-1.539654281499121,1.5863529684017854,1.5970300918923381,-0.025343320102170306,0.0,0.16984360707881876,0.20036507114242602,-0.014688004821771655,0.9829870462417603,0.948963463306427,0.6492332220077515,0.8807543516159058,-0.7467753887176514,0.871068000793457,0.03079919191044216,-1.5390493329459196,1.5867762806112977,1.5975760883140806,-0.025871767728753364,0.0,0.1700615553423197,0.20033828772868464,-0.014567841258438241,0.029938444657680304,-0.0003382877286846282,0.014567841258438241,0.2,0.2,0.0,0.26318925535523136,-0.26546316946224185,False
0,6,0.03079919191044216,-1.5390493329459196,1.5867762806112977,1.5975760883140806,-0.025871767728753364,0.0,0.1700615553423197,0.20033828772868464,-0.014567841258438241,0.9276407957077026,0.9867263436317444,0.6306477189064026,0.8767203092575073,-0.6418697834014893,0.9385436773300171,0.0313606882933159,-1.5384918892101616,1.58714962390583,1.5980867175589506,-0.026285395527182037,0.0,0.17024211566745667,0.20031820006445697,-0.014483055698976982,0.029757884332543335,-0.00031820006445696736,0.014483055698976982,0.2,0.2,0.0,0.2632860006274074,-0.2652209060709288,False
0,7,0.0313606882933159,-1.5384918892101616,1.58714962390583,1.5980867175589506,-0.026285395527182037,0.0,0.17024211566745667,0.20031820006445697,-0.014483055698976982,0.9634000062942505,0.8857098817825317,0.7841143012046814,0.8696930408477783,-0.8362610340118408,0.9185985922813416,0.03217260127530341,-1.537652139991735,1.5877249905729747,1.5988472765097475,-0.02687694936360941,0.0,0.1704750271717881,0.20029248412748887,-0.01436999682927273,0.029524972828211888,-0.0002924841274888623,0.01436999682927273,0.2,0.2,0.0,0.2634109164329671,-0.26590923254416066,False
0,8,0.03217260127530341,-1.537652139991735,1.5877249905729747,1.5988472765097475,-0.02687694936360941,0.0,0.1704750271717881,0.20029248412748887,-0.01436999682927273,0.9922634363174438,0.992007315158844,0.547929048538208,0.8542392253875732,-0.7284529209136963,0.8930872082710266,0.032894588414834565,-1.53698602272715,1.5882992663793112,1.5994958274320008,-0.027498637341871347,0.0,0.1707128046814966,0.20026632528399868,-0.014244508122500402,0.029287195318503396,-0.0002663252839986721,0.014244508122500402,0.2,0.2,0.0,0.2635381732057638,-0.2660833086616974,False
0,9,0.032894588414834565,-1.53698602272715,1.5882992663793112,1.5994958274320008,-0.027498637341871347,0.0,0.1707128046814966,0.20026632528399868,-0.014244508122500402,0.9926508665084839,0.9417644143104553,0.7835955619812012,0.8593789935112,-0.8416908383369446,0.9834742546081543,0.0334661158400954,-1.536416421502697,1.5886250184759518,1.599987532264614,-0.027922918441734435,0.0,0.1707128046814966,0.20026632528399868,-0.014244508122500402,0.029287195318503396,-0.0002663252839986721,0.014244508122500402,0.2,0.2,0.0,0.2635381732057638,-0.2635381732057638,False
0,10,0.0334661158400954,-1.536416421502697,1.5886250184759518,1.599987532264614,-0.027922918441734435,0.0,0.1707128046814966,0.20026632528399868,-0.014244508122500402,0.9933581948280334,0.7807167172431946,0.7052063345909119,0.8651116490364075,-0.8224554061889648,0.9627413749694824,0.0334661158400954,-1.536416421502697,1.5886250184759518,1.599987532264614,-0.027922918441734435,0.0,0.1710968582047009,0.20022131286158007,-0.014053707450672082,0.028903141795299094,-0.00022131286158006737,0.014053707450672082,0.2,0.2,0.0,0.2637427073961351,-0.26783339120356126,False
0,11,0.0334661158400954,-1.536416421502697,1.5886250184759518,1.599987532264614,-0.027922918441734435,0.0,0.1710968582047009,0.20022131286158007,-0.014053707450672082,0.9814186096191406,0.913049578666687,0.5384751558303833,0.8123689889907837,-0.8598787784576416,0.8710805773735046,0.036018324440857855,-1.5343248220663335,1.5904680440160102,1.6022053018157982,-0.030049697127530597,0.0,0.17145063588704368,0.2001792318744871,-0.013876917904948462,0.028549364112956343,-0.00017923187448708698,0.013876917904948462,0.2,0.2,0.0,0.26393107863696535,-0.26769850345357066,False
0,12,0.036018324440857855,-1.5343248220663335,1.5904680440160102,1.6022053018157982,-0.030049697127530597,0.0,0.17145063588704368,0.2001792318744871,-0.013876917904948462,0.9591052532196045,0.9873732924461365,0.6090809106826782,0.8121442794799805,-0.8152573108673096,0.945219099521637,0.03661989888375534,-1.533728012778196,1.5908230097243987,1.602708642249945,-0.03056899850342381,0.0,0.1716146961298557,0.20015939316161413,-0.013799643527436983,0.02838530387014433,-0.00015939316161412136,0.013799643527436983,0.2,0.2,0.0,0.2640185916939424,-0.2657688528334827,False
0,13,0.03661989888375534,-1.533728012778196,1.5908230097243987,1.602708642249945,-0.03056899850342381,0.0,0.1716146961298557,0.20015939316161413,-0.013799643527436983,0.9960762858390808,0.970777153968811,0.6290764808654785,0.8899112939834595,-0.8829601407051086,0.9415040612220764,0.03729554439616163,-1.5330418351831832,1.5912519640761185,1.6032892096645972,-0.031149668066770633,0.0,0.17187192485730016,0.2001310286312485,-0.013677975994811024,0.028128075142699865,-0.00013102863124847563,0.013677975994811024,0.2,0.2,0.0,0.26415804777153706,-0.2669471693234309,False
0,14,0.03729554439616163,-1.5330418351831832,1.5912519640761185,1.6032892096645972,-0.031149668066770633,0.0,0.17187192485730016,0.2001310286312485,-0.013677975994811024,0.9635843634605408,0.9871823191642761,0.734432578086853,0.8566151261329651,-0.780896782875061,0.8034794330596924,0.03786139013942191,-1.5324822048296285,1.5916318709188493,1.6037943698409138,-0.031638420534915675,0.0,0.17187192485730016,0.2001310286312485,-0.013677975994811024,0.028128075142699865,-0.00013102863124847563,0.013677975994811024,0.2,0.2,0.0,0.26415804777153706,-0.26415804777153706,False
0,15,0.03786139013942191,-1.5324822048296285,1.5916318709188493,1.6037943698409138,-0.031638420534915675,0.0,0.17187192485730016,0.2001310286312485,-0.013677975994811024,0.9914013147354126,0.9252792000770569,0.4816668927669525,0.9381986856460571,-0.7522697448730469,0.8177645802497864,0.03802984687488983,-1.532309456219877,1.5917606927851817,1.603944108306958,-0.031774688947052945,0.0,0.17207675261489394,0.20010987828209875,-0.013579660665695492,0.02792324738510608,-0.00010987828209872881,0.013579660665695492,0.2,0.2,0.0,0.26427027710349726,-0.2665148637427013,False
0,16,0.03802984687488983,-1.532309456219877,1.5917606927851817,1.603944108306958,-0.031774688947052945,0.0,0.17207675261489394,0.20010987828209875,-0.013579660665695492,0.9948840141296387,0.976455569267273,0.6521605253219604,0.7877936959266663,-0.8248583078384399,0.8945655822753906,0.03802984687488983,-1.532309456219877,1.5917606927851817,1.603944108306958,-0.031774688947052945,0.0,0.17391000522355196,0.19991072964758724,-0.012876196385716104,0.026089994776448047,8.927035241276739e-05,0.012876196385716104,0.2,0.2,0.0,0.26528246489063334,-0.28552622063335487,False
0,17,0.03802984687488983,-1.532309456219877,1.5917606927851817,1.603944108306958,-0.031774688947052945,0.0,0.17391000522355196,0.19991072964758724,-0.012876196385716104,0.9890604019165039,0.9972032904624939,0.8163408637046814,0.8426761627197266,-0.7477041482925415,0.7461140155792236,0.03802984687488983,-1.532309456219877,1.5917606927851817,1.603944108306958,-0.031774688947052945,0.0,0.17807265913445708,0.19957713055225135,-0.010975352278587466,0.021927340865542936,0.0004228694477486775,0.010975352278587466,0.2,0.2,0.0,0.26769639767528813,-0.315975053368384,False
0,18,0.03802984687488983,-1.532309456219877,1.5917606927851817,1.603944108306958,-0.031774688947052945,0.0,0.17807265913445708,0.19957713055225135,-0.010975352278587466,0.9868484735488892,0.9715736508369446,0.6962928175926208,0.9167435169219971,-0.7952350378036499,0.8084038496017456,0.03802984687488983,-1.532309456219877,1.5917606927851817,1.603944108306958,-0.031774688947052945,0.0,0.17844304953402185,0.19956270890673058,-0.01077722231139669,0.021556950465978168,0.00043729109326941414,0.01077722231139669,0.2,0.2,0.0,0.26792414081964155,-0.27247900370670997,False
0,19,0.03802984687488983,-1.532309456219877,1.5917606927851817,1.603944108306958,-0.031774688947052945,0.0,0.17844304953402185,0.19956270890673058,-0.01077722231139669,0.9968732595443726,0.9585336446762085,0.6566997766494751,0.8760547041893005,-0.9021819829940796,0.8960455656051636,0.03802984687488983,-1.532309456219877,1.5917606927851817,1.603944108306958,-0.031774688947052945,0.0,0.17844304953402185,0.19956270890673058,-0.01077722231139669,0.021556950465978168,0.00043729109326941414,0.01077722231139669,0.2,0.2,0.0,0.26792414081964155,-0.26792414081964155,False
0,20,0.03802984687488983,-1.532309456219877,1.5917606927851817,1.603944108306958,-0.031774688947052945,0.0,0.17844304953402185,0.19956270890673058,-0.01077722231139669,0.9889158606529236,0.9937768578529358,0.80108243227005,0.9401360750198364,-0.8219959735870361,0.5696736574172974,0.03802984687488983,-1.532309456219877,1.5917606927851817,1.603944108306958,-0.031774688947052945,0.0,0.1784800593645194,0.1995620580570609,-0.010760860587180881,0.021519940635480603,0.00043794194293912453,0.010760860587180881,0.2,0.2,0.0,0.2679476492289284,-0.268417817414665,False
0,21,0.03802984687488983,-1.532309456219877,1.5917606927851817,1.603944108306958,-0.031774688947052945,0.0,0.1784800593645194,0.1995620580570609,-0.010760860587180881,0.9733695387840271,0.9644113779067993,0.5307610034942627,0.958939790725708,-0.7268088459968567,0.6692302227020264,0.03802984687488983,-1.532309456219877,1.5917606927851817,1.603944108306958,-0.031774688947052945,0.0,0.1785960022952653,0.19956141248419237,-0.010705068685590721,0.021403997704734713,0.00043858751580763873,0.010705068685590721,0.2,0.2,0.0,0.2680221779705918,-0.2695127528038601,False
0,22,0.03802984687488983,-1.532309456219877,1.5917606927851817,1.603944108306958,-0.031774688947052945,0.0,0.1785960022952653,0.19956141248419237,-0.010705068685590721,0.9725373983383179,0.9251560568809509,0.5984535813331604,0.8946962952613831,-0.6616392135620117,0.9107874631881714,0.03802984687488983,-1.532309456219877,1.5917606927851817,1.603944108306958,-0.031774688947052945,0.0,0.1785960022952653,0.19956141248419237,-0.010705068685590721,0.021403997704734713,0.00043858751580763873,0.010705068685590721,0.2,0.2,0.0,0.2680221779705918,-0.2680221779705918,False
0,23,0.03802984687488983,-1.532309456219877,1.5917606927851817,1.603944108306958,-0.031774688947052945,0.0,0.1785960022952653,0.19956141248419237,-0.010705068685590721,0.9891259670257568,0.9498841762542725,0.6365382075309753,0.9227430820465088,-0.7989285588264465,0.8531664609909058,0.03802984687488983,-1.532309456219877,1.5917606927851817,1.603944108306958,-0.031774688947052945,0.0,0.17862398454566522,0.19956007332628864,-0.010701751409026891,0.021376015454334787,0.0004399266737113675,0.010701751409026891,0.2,0.2,0.0,0.2680396952023792,-0.268390039838127,False
0,24,0.03802984687488983,-1.532309456219877,1.5917606927851817,1.603944108306958,-0.031774688947052945,0.0,0.17862398454566522,0.19956007332628864,-0.010701751409026891,0.9805941581726074,0.9902762174606323,0.6752236485481262,0.7938791513442993,-0.7210509777069092,0.8263463377952576,0.06259684567106176,-1.5083391905603922,1.6076351256208077,1.6245873094845777,-0.051654488399866534,0.0,0.17866404934104402,0.19955855545111892,-0.010690156049961149,0.021335950658955997,0.0004414445488810807,0.010690156049961149,0.2,0.2,0.0,0.26806480376403174,-0.2685669749970828,False
0,25,0.06259684567106176,-1.5083391905603922,1.6076351256208077,1.6245873094845777,-0.051654488399866534,0.0,0.17866404934104402,0.19955855545111892,-0.010690156049961149,0.9880519509315491,0.9604981541633606,0.5380656719207764,0.8315988779067993,-0.7563640475273132,0.8680510520935059,0.06285242717623411,-1.5080889841084448,1.6077888527396162,1.6248237718773104,-0.05184032883729895,0.0,0.17873444980959963,0.1995546351974829,-0.010664355157031413,0.021265550190400388,0.0004453648025171019,0.010664355157031413,0.2,0.2,0.0,0.2681077851321294,-0.2689674124940826,False
0,26,0.06285242717623411,-1.5080889841084448,1.6077888527396162,1.6248237718773104,-0.05184032883729895,0.0,0.17873444980959963,0.1995546351974829,-0.010664355157031413,0.9380322098731995,0.9927664399147034,0.5965168476104736,0.8848302364349365,-0.800999641418457,0.8642886877059937,0.06347943215730283,-1.5074601464919037,1.6081505773536842,1.6253740460513972,-0.05234034002295043,0.0,0.17873444980959963,0.1995546351974829,-0.010664355157031413,0.021265550190400388,0.0004453648025171019,0.010664355157031413,0.2,0.2,0.0,0.2681077851321294,-0.2681077851321294,False
0,27,0.06347943215730283,-1.5074601464919037,1.6081505773536842,1.6253740460513972,-0.05234034002295043,0.0,0.17873444980959963,0.1995546351974829,-0.010664355157031413,0.9930917024612427,0.9940528273582458,0.5001996159553528,0.9576243758201599,-0.7342979907989502,0.8042914867401123,0.06451054242325438,-1.506370984835042,1.6087997945832047,1.626349472958287,-0.05321532683816189,0.0,0.1789501212295236,0.19954260678179986,-0.01058480938551366,0.021049878770476402,0.0004573932182001608,0.01058480938551366,0.2,0.2,0.0,0.2682395123747895,-0.2708740572279912,False
0,28,0.06451054242325438,-1.506370984835042,1.6087997945832047,1.626349472958287,-0.05321532683816189,0.0,0.1789501212295236,0.19954260678179986,-0.01058480938551366,0.9975969791412354,0.9977707862854004,0.5835234522819519,0.7558950185775757,-0.7979465126991272,0.8720541596412659,0.06496869888458802,-1.5059132392161025,1.6090434781982457,1.6267545329138717,-0.053563505859371766,0.0,0.17923059601450508,0.19952897402094066,-0.01048339750644237,0.020769403985494938,0.0004710259790593459,0.01048339750644237,0.2,0.2,0.0,0.2684125921875537,-0.2718741884428379,False
0,29,0.06496869888458802,-1.5059132392161025,1.6090434781982457,1.6267545329138717,-0.053563505859371766,0.0,0.17923059601450508,0.19952897402094066,-0.01048339750644237,0.9931787848472595,0.9579293131828308,0.12890315055847168,0.9022005796432495,-0.8000314831733704,0.7715243101119995,0.0658380095442192,-1.5050501188592462,1.6094715240704436,1.627438507085611,-0.054260341739450636,0.0,0.1794252260295032,0.1995175056767389,-0.010410049606447775,0.02057477397049681,0.00048249432326112043,0.010410049606447775,0.2,0.2,0.0,0.2685312196747606,-0.2709037694188991,False
0,30,0.0658380095442192,-1.5050501188592462,1.6094715240704436,1.627438507085611,-0.054260341739450636,0.0,0.1794252260295032,0.1995175056767389,-0.010410049606447775,0.9988065958023071,0.9802423119544983,0.6719350218772888,0.9084299206733704,-0.796671986579895,0.5053896307945251,0.0658380095442192,-1.5050501188592462,1.6094715240704436,1.627438507085611,-0.054260341739450636,0.0,0.18026728739735734,0.1994750897936254,-0.010115215528959845,0.019732712602642675,0.000524910206374599,0.010115215528959845,0.2,0.2,0.0,0.2690518982259253,-0.2794654692492186,False
0,31,0.0658380095442192,-1.5050501188592462,1.6094715240704436,1.627438507085611,-0.054260341739450636,0.0,0.18026728739735734,0.1994750897936254,-0.010115215528959845,0.9886146187782288,0.9884369373321533,0.47019752860069275,0.8962411284446716,-0.7544419765472412,0.8087884783744812,0.06985279138597089,-1.5011161820832764,1.611979288692542,1.6310911266228088,-0.057465421911961884,0.0,0.18064917016632429,0.19946022708262146,-0.009971134948759203,0.019350829833675722,0.0005397729173785493,0.009971134948759203,0.2,0.2,0.0,0.2692915305051365,-0.2740841760893605,False
0,32,0.06985279138597089,-1.5011161820832764,1.611979288692542,1.6310911266228088,-0.057465421911961884,0.0,0.18064917016632429,0.19946022708262146,-0.009971134948759203,0.996896505355835,0.9901059865951538,0.7609530687332153,0.6392906904220581,-0.6520610451698303,0.94961017370224,0.07130432917624908,-1.4996846282627518,1.612956993209971,1.63233085821204,-0.058574307882556124,0.0,0.1809533740746463,0.19944898241785064,-0.00985849199996515,0.019046625925353725,0.0005510175821493709,0.00985849199996515,0.2,0.2,0.0,0.2694832277545828,-0.27331717274350853,False
0,33,0.07130432917624908,-1.4996846282627518,1.612956993209971,1.63233085821204,-0.058574307882556124,0.0,0.1809533740746463,0.19944898241785064,-0.00985849199996515,0.9917001128196716,0.9713073968887329,0.8020499348640442,0.8825477361679077,-0.711601972579956,0.8108276128768921,0.07203523810758866,-1.498959284042954,1.6135208749803518,1.6328069283001478,-0.0590523429287125,0.0,0.18115888292216717,0.19944014703406454,-0.009766715744943626,0.01884111707783283,0.0005598529659354752,0.009766715744943626,0.2,0.2,0.0,0.2696113904252179,-0.27217464383792084,False
0,34,0.07203523810758866,-1.498959284042954,1.6135208749803518,1.6328069283001478,-0.0590523429287125,0.0,0.18115888292216717,0.19944014703406454,-0.009766715744943626,0.9848748445510864,0.9965904355049133,0.6928831338882446,0.9371404647827148,-0.8853590488433838,0.9672492146492004,0.07265747750714846,-1.4983462162885661,1.614012293757693,1.6333718730435063,-0.05952131582477514,0.0,0.18140437849935623,0.19943247064791683,-0.009662076972511337,0.01859562150064378,0.0005675293520831915,0.009662076972511337,0.2,0.2,0.0,0.26976696354241125,-0.27287842588627786,False
0,35,0.07265747750714846,-1.4983462162885661,1.614012293757693,1.6333718730435063,-0.05952131582477514,0.0,0.18140437849935623,0.19943247064791683,-0.009662076972511337,0.987759530544281,0.98454749584198,0.6366867423057556,0.8534747362136841,-0.7604769468307495,0.902306318283081,0.0733390380342371,-1.4976587895642512,1.6144799084725852,1.6340056262030256,-0.06011355653632079,0.0,0.18160530151649507,0.19942680410714173,-0.009589117105106026,0.01839469848350494,0.000573195892858282,0.009589117105106026,0.2,0.2,0.0,0.269895325824922,-0.2724625714751366,False
0,36,0.0733390380342371,-1.4976587895642512,1.6144799084725852,1.6340056262030256,-0.06011355653632079,0.0,0.18160530151649507,0.19942680410714173,-0.009589117105106026,0.987194836139679,0.9869034886360168,0.8605279922485352,0.8286814093589783,-0.6768895387649536,0.9608821272850037,0.0739117574492963,-1.4970875406436495,1.6148888294510007,1.6344953925247776,-0.06053847491479897,0.0,0.18180090158583506,0.19942083436054667,-0.009514212236382324,0.018199098414164946,0.000579165639453351,0.009514212236382324,0.2,0.2,0.0,0.2700199200595356,-0.2725118047518084,False
0,37,0.0739117574492963,-1.4970875406436495,1.6148888294510007,1.6344953925247776,-0.06053847491479897,0.0,0.18180090158583506,0.19942083436054667,-0.009514212236382324,0.9832399487495422,0.9774032235145569,0.19401608407497406,0.8894150853157043,-0.7091990113258362,0.9231650233268738,0.07471502216621484,-1.496286803927299,1.6153140538469093,1.6351962354861032,-0.0611033076538521,0.0,0.1820121247110018,0.19941289947960972,-0.00944671878956567,0.01798787528899819,0.0005871005203902853,0.00944671878956567,0.2,0.2,0.0,0.27015395336098147,-0.2728346193898984,False
0,38,0.07471502216621484,-1.496286803927299,1.6153140538469093,1.6351962354861032,-0.0611033076538521,0.0,0.1820121247110018,0.19941289947960972,-0.00944671878956567,0.970038115978241,0.9753699898719788,0.7678711414337158,0.8983785510063171,-0.5838855504989624,0.8574686050415039,0.07545270952580581,-1.4955508826647952,1.6155926175116704,1.6358690178884556,-0.061607945134743956,0.0,0.1820121247110018,0.19941289947960972,-0.00944671878956567,0.01798787528899819,0.0005871005203902853,0.00944671878956567,0.2,0.2,0.0,0.27015395336098147,-0.27015395336098147,False
0,39,0.07545270952580581,-1.4955508826647952,1.6155926175116704,1.6358690178884556,-0.061607945134743956,0.0,0.1820121247110018,0.19941289947960972,-0.00944671878956567,0.9781869649887085,0.9971263408660889,0.7172539234161377,0.9033342003822327,-0.8105686902999878,0.9404309988021851,0.07601507959441449,-1.4949828895132957,1.6160327296047394,1.6363895560210695,-0.06198520499303908,0.0,0.18224617738728519,0.19940404743276627,-0.009380988030276302,0.017753822612714815,0.0005959525672337462,0.009380988030276302,0.2,0.2,0.0,0.27030287871436165,-0.27328138578196526,False
0,40,0.07601507959441449,-1.4949828895132957,1.6160327296047394,1.6363895560210695,-0.06198520499303908,0.0,0.18224617738728519,0.19940404743276627,-0.009380988030276302,0.855355978012085,0.9746471643447876,0.5739169120788574,0.8880360722541809,-0.7015788555145264,0.9068728685379028,0.07601507959441449,-1.4949828895132957,1.6160327296047394,1.6363895560210695,-0.06198520499303908,0.0,0.18502598696583572,0.19938167651276392,-0.008497736965877287,0.01497401303416428,0.0006183234872360889,0.008497736965877287,0.2,0.2,0.0,0.2721394501267012,-0.3088708783734924,False
0,41,0.07601507959441449,-1.4949828895132957,1.6160327296047394,1.6363895560210695,-0.06198520499303908,0.0,0.18502598696583572,0.19938167651276392,-0.008497736965877287,0.9537052512168884,0.9799408912658691,0.8027387857437134,0.885286271572113,-0.7626268863677979,0.9840973615646362,0.08626434224002466,-1.4833330915246703,1.6229243698778963,1.6470027672551901,-0.07039479724022846,0.0,0.18554679364285687,0.19938323164208602,-0.008343101300014876,0.014453206357143145,0.000616768357914002,0.008343101300014876,0.2,0.2,0.0,0.27249017052086294,-0.27950457840409754,False
0,42,0.08626434224002466,-1.4833330915246703,1.6229243698778963,1.6470027672551901,-0.07039479724022846,0.0,0.18554679364285687,0.19938323164208602,-0.008343101300014876,0.9488296508789062,0.9939385652542114,0.7384728193283081,0.8616487979888916,-0.5780010223388672,0.9812028408050537,0.08664786950930885,-1.482949077604317,1.6232572816720363,1.647342111248016,-0.07066648934299986,0.0,0.18568198498423202,0.19938391356494162,-0.008294699500326252,0.014318015015767994,0.0006160864350583866,0.008294699500326252,0.2,0.2,0.0,0.2725812660032919,-0.27440317565187133,False
0,43,0.08664786950930885,-1.482949077604317,1.6232572816720363,1.647342111248016,-0.07066648934299986,0.0,0.18568198498423202,0.19938391356494162,-0.008294699500326252,0.944199800491333,0.9825628995895386,0.803015947341919,0.817671537399292,-0.7373696565628052,0.9574722051620483,0.08720164160780086,-1.4823698539954036,1.6236999348780439,1.6478380144114995,-0.07103229436006116,0.0,0.18588789076708895,0.19938481200358457,-0.008221130990894429,0.014112109232911077,0.0006151879964154264,0.008221130990894429,0.2,0.2,0.0,0.2727199996082271,-0.2754946717069314,False
0,44,0.08720164160780086,-1.4823698539954036,1.6236999348780439,1.6478380144114995,-0.07103229436006116,0.0,0.18588789076708895,0.19938481200358457,-0.008221130990894429,0.9423309564590454,0.9937273859977722,0.6401169300079346,0.8769916296005249,-0.7019696831703186,0.9370839595794678,0.08797118158467317,-1.481563622771309,1.6242875225769287,1.6485296034120158,-0.0716202180668551,0.0,0.18612267779484765,0.19938589325454179,-0.008139821428041368,0.013877322205152351,0.000614106745458224,0.008139821428041368,0.2,0.2,0.0,0.2728784387072687,-0.27604722068809995,False
0,45,0.08797118158467317,-1.481563622771309,1.6242875225769287,1.6485296034120158,-0.0716202180668551,0.0,0.18612267779484765,0.19938589325454179,-0.008139821428041368,0.9795119762420654,0.9922788739204407,0.7857910394668579,0.870901882648468,-0.605307936668396,0.9812362790107727,0.08880296058183497,-1.4806985219744235,1.624887252083095,1.649292031666443,-0.07220238834495274,0.0,0.18612267779484765,0.19938589325454179,-0.008139821428041368,0.013877322205152351,0.000614106745458224,0.008139821428041368,0.2,0.2,0.0,0.2728784387072687,-0.2728784387072687,False
0,46,0.08880296058183497,-1.4806985219744235,1.624887252083095,1.649292031666443,-0.07220238834495274,0.0,0.18612267779484765,0.19938589325454179,-0.008139821428041368,0.9292133450508118,0.9956452250480652,0.6224703788757324,0.9187867641448975,-0.5441773533821106,0.9073372483253479,0.08952622414201501,-1.4799499961735292,1.6254319193908053,1.6499623664503622,-0.07263916474916268,0.0,0.18644265498651152,0.19938770183940288,-0.008032962258380693,0.01355734501348849,0.0006122981605971246,0.008032962258380693,0.2,0.2,0.0,0.2730949426955076,-0.2774250224602859,False
0,47,0.08952622414201501,-1.4799499961735292,1.6254319193908053,1.6499623664503622,-0.07263916474916268,0.0,0.18644265498651152,0.19938770183940288,-0.008032962258380693,0.9971008896827698,0.9651592969894409,0.6405668258666992,0.785793125629425,-0.5879098176956177,0.9652518033981323,0.09045371079334721,-1.478980190269241,1.6260450325711082,1.6508327630673356,-0.07318292127499552,0.0,0.18672575760774673,0.199390144017904,-0.007945917368964817,0.013274242392253291,0.0006098559820960166,0.007945917368964817,0.2,0.2,0.0,0.2732875329913567,-0.27713933890833903,False
0,48,0.09045371079334721,-1.478980190269241,1.6260450325711082,1.6508327630673356,-0.07318292127499552,0.0,0.18672575760774673,0.199390144017904,-0.007945917368964817,0.9861059784889221,0.9967097043991089,0.6670101881027222,0.7024219036102295,-0.8038464784622192,0.9890404939651489,0.09103038049092044,-1.4784075169268038,1.6264273376163034,1.651259324147884,-0.07360250167811734,0.0,0.1869458923867361,0.1993908247465496,-0.007876187202228168,0.013054107613263935,0.0006091752534504067,0.007876187202228168,0.2,0.2,0.0,0.2734364679376672,-0.27641516686387646,False
0,49,0.09103038049092044,-1.4784075169268038,1.6264273376163034,1.651259324147884,-0.07360250167811734,0.0,0.1869458923867361,0.1993908247465496,-0.007876187202228168,0.9820901155471802,0.9939730167388916,0.8387110829353333,0.9305970668792725,-0.5789924263954163,0.9689277410507202,0.09211652749380518,-1.477308996451838,1.6272143596675106,1.6521015779120096,-0.07442317079291066,0.0,0.18723896066005832,0.19939109503223792,-0.007772148089475444,0.01276103933994168,0.0006089049677620847,0.007772148089475444,0.2,0.2,0.0,0.27363414160725363,-0.27758761499898266,False
0,50,0.09211652749380518,-1.477308996451838,1.6272143596675106,1.6521015779120096,-0.07442317079291066,0.0,0.18723896066005832,0.19939109503223792,-0.007772148089475444,0.9858021140098572,0.9867925643920898,0.7433048486709595,0.8399254679679871,-0.6281479001045227,0.9512331485748291,0.09211652749380518,-1.477308996451838,1.6272143596675106,1.6521015779120096,-0.07442317079291066,0.0,0.19165024512067202,0.1995098682531223,-0.006352698983765316,0.008349754879327983,0.0004901317468776982,0.006352698983765316,0.2,0.2,0.0,0.2767207270328159,-0.33845243554406157,False
0,51,0.09211652749380518,-1.477308996451838,1.6272143596675106,1.6521015779120096,-0.07442317079291066,0.0,0.19165024512067202,0.1995098682531223,-0.006352698983765316,0.9573848247528076,0.9916308522224426,0.7418299913406372,0.5748053789138794,-0.6473550796508789,0.9632821083068848,0.09211652749380518,-1.477308996451838,1.6272143596675106,1.6521015779120096,-0.07442317079291066,0.0,0.19264069643348058,0.19955206399117817,-0.006062839313954554,0.007359303566519433,0.0004479360088218327,0.006062839313954554,0.2,0.2,0.0,0.27743147295514714,-0.2916463914017716,False
0,52,0.09211652749380518,-1.477308996451838,1.6272143596675106,1.6521015779120096,-0.07442317079291066,0.0,0.19264069643348058,0.19955206399117817,-0.006062839313954554,0.9737809300422668,0.9903929233551025,0.7885931730270386,0.816228985786438,-0.6440023183822632,0.9907878637313843,0.09211652749380518,-1.477308996451838,1.6272143596675106,1.6521015779120096,-0.07442317079291066,0.0,0.19299973812374277,0.19956520947514614,-0.005912190581959298,0.007000261876257231,0.0004347905248538651,0.005912190581959298,0.2,0.2,0.0,0.2776871004317083,-0.2827996499629315,False
0,53,0.09211652749380518,-1.477308996451838,1.6272143596675106,1.6521015779120096,-0.07442317079291066,0.0,0.19299973812374277,0.19956520947514614,-0.005912190581959298,0.9844633340835571,0.8772041201591492,0.5244292616844177,0.7064940333366394,-0.6999677419662476,0.9855816960334778,0.11054820874868276,-1.4588086619681973,1.6413581953733147,1.6678444735033218,-0.08607777229925,0.0,0.19299973812374277,0.19956520947514614,-0.005912190581959298,0.007000261876257231,0.0004347905248538651,0.005912190581959298,0.2,0.2,0.0,0.2776871004317083,-0.2776871004317083,False
0,54,0.11054820874868276,-1.4588086619681973,1.6413581953733147,1.6678444735033218,-0.08607777229925,0.0,0.19299973812374277,0.19956520947514614,-0.005912190581959298,0.9859290719032288,0.9989970922470093,0.6203334927558899,0.8702088594436646,-0.7414360046386719,0.9816349148750305,0.11187608023881286,-1.457407200191579,1.6423176082199442,1.668511162339854,-0.08707563800349379,0.0,0.19311663934883844,0.19957092176949975,-0.005883140135754944,0.006883360651161581,0.00042907823050026617,0.005883140135754944,0.2,0.2,0.0,0.27777184981054875,-0.27946683738735784,False
0,55,0.11187608023881286,-1.457407200191579,1.6423176082199442,1.668511162339854,-0.08707563800349379,0.0,0.19311663934883844,0.19957092176949975,-0.005883140135754944,0.9705055952072144,0.9927180409431458,0.8276371955871582,0.9096424579620361,-0.692299485206604,0.976754903793335,0.11271986307054525,-1.4565505375742347,1.6429109176438585,1.669281665422783,-0.0876989752744045,0.0,0.19343353601793845,0.199587212122306,-0.005803743736487954,0.006566463982061562,0.0004127878776939936,0.005803743736487954,0.2,0.2,0.0,0.278002286933968,-0.28261102940235294,False
0,56,0.11271986307054525,-1.4565505375742347,1.6429109176438585,1.669281665422783,-0.0876989752744045,0.0,0.19343353601793845,0.199587212122306,-0.005803743736487954,0.9840354919433594,0.992423951625824,0.8504247665405273,0.7539704442024231,-0.5039775967597961,0.9817435145378113,0.11345506423516316,-1.4558026193956057,1.6435434735734955,1.669920814535152,-0.08816389118942582,0.0,0.19343353601793845,0.199587212122306,-0.005803743736487954,0.006566463982061562,0.0004127878776939936,0.005803743736487954,0.2,0.2,0.0,0.278002286933968,-0.278002286933968,False
0,57,0.11345506423516316,-1.4558026193956057,1.6435434735734955,1.669920814535152,-0.08816389118942582,0.0,0.19343353601793845,0.199587212122306,-0.005803743736487954,0.9825832843780518,0.9911896586418152,0.7435696125030518,0.7275477051734924,-0.6061590313911438,0.9849714636802673,0.11345506423516316,-1.4558026193956057,1.6435434735734955,1.669920814535152,-0.08816389118942582,0.0,0.19400099497951911,0.19961881131094605,-0.005628392421873976,0.005999005020480907,0.00038118868905395536,0.005628392421873976,0.2,0.2,0.0,0.27841647703304684,-0.2867002790146236,False
0,58,0.11345506423516316,-1.4558026193956057,1.6435434735734955,1.669920814535152,-0.08816389118942582,0.0,0.19400099497951911,0.19961881131094605,-0.005628392421873976,0.8415096998214722,0.9922679662704468,0.8104537129402161,0.819477379322052,-0.7210748195648193,0.9910167455673218,0.11345506423516316,-1.4558026193956057,1.6435434735734955,1.669920814535152,-0.08816389118942582,0.0,0.1961932354127018,0.19972224741773495,-0.0053633741199317075,0.003806764587298202,0.0002777525822650693,0.0053633741199317075,0.2,0.2,0.0,0.28001701290679665,-0.3120277303817928,False
0,59,0.11345506423516316,-1.4558026193956057,1.6435434735734955,1.669920814535152,-0.08816389118942582,0.0,0.1961932354127018,0.19972224741773495,-0.0053633741199317075,0.954234778881073,0.9647941589355469,0.8284043669700623,0.8759906888008118,-0.5818721055984497,0.9901093244552612,0.1256456505986503,-1.443017035611812,1.6475546213372665,1.6796212262834016,-0.09634731314736883,0.0,0.19653354374397372,0.19974591081792423,-0.00536843676464897,0.0034664562560262884,0.0002540891820757968,0.00536843676464897,0.2,0.2,0.0,0.28027251527458524,-0.28538256263035716,False
0,60,0.1256456505986503,-1.443017035611812,1.6475546213372665,1.6796212262834016,-0.09634731314736883,0.0,0.19653354374397372,0.19974591081792423,-0.00536843676464897,0.9673255681991577,0.9965624213218689,0.6991328001022339,0.7137696743011475,-0.6371380090713501,0.9902166724205017,0.1256456505986503,-1.443017035611812,1.6475546213372665,1.6796212262834016,-0.09634731314736883,0.0,0.19901359642716115,0.19989099338870767,-0.00552685822709913,0.0009864035728388513,0.00010900661129234403,0.00552685822709913,0.2,0.2,0.0,0.28212296425966427,-0.3191319439612447,False
0,61,0.1256456505986503,-1.443017035611812,1.6475546213372665,1.6796212262834016,-0.09634731314736883,0.0,0.19901359642716115,0.19989099338870767,-0.00552685822709913,0.9484009742736816,0.9952631592750549,0.8027205467224121,0.5198497772216797,-0.6139841079711914,0.9960923194885254,0.1256456505986503,-1.443017035611812,1.6475546213372665,1.6796212262834016,-0.09634731314736883,0.0,0.19930313995204285,0.19991386328607624,-0.00552474900995531,0.0006968600479571561,8.61367139237785e-05,0.00552474900995531,0.2,0.2,0.0,0.28234343835182457,-0.2867529201950307,False
0,62,0.1256456505986503,-1.443017035611812,1.6475546213372665,1.6796212262834016,-0.09634731314736883,0.0,0.19930313995204285,0.19991386328607624,-0.00552474900995531,0.9569092988967896,0.9743897914886475,0.6366387009620667,0.7936587333679199,-0.6552221775054932,0.9921596050262451,0.1256456505986503,-1.443017035611812,1.6475546213372665,1.6796212262834016,-0.09634731314736883,0.0,0.19952438904556027,0.19991914038275083,-0.00558136732893327,0.0004756109544397317,8.085961724919617e-05,0.00558136732893327,0.2,0.2,0.0,0.2825045064713882,-0.28572586886266066,False
0,63,0.1256456505986503,-1.443017035611812,1.6475546213372665,1.6796212262834016,-0.09634731314736883,0.0,0.19952438904556027,0.19991914038275083,-0.00558136732893327,0.992878794670105,0.998011589050293,0.8413747549057007,0.472660094499588,-0.587078332901001,0.9931313991546631,0.14343492523442447,-1.424606372075799,1.647646506651987,1.6918180600929025,-0.10795480189371837,0.0,0.19957979367555342,0.19992170025107817,-0.005587896834036099,0.00042020632444658007,7.829974892183784e-05,0.005587896834036099,0.2,0.2,0.0,0.28254558015634623,-0.283367053855507,False
0,64,0.14343492523442447,-1.424606372075799,1.647646506651987,1.6918180600929025,-0.10795480189371837,0.0,0.19957979367555342,0.19992170025107817,-0.005587896834036099,0.9810735583305359,0.9809992909431458,0.8919275403022766,0.9278265237808228,-0.5855453014373779,0.9943264126777649,0.14417075675830002,-1.4238978083849965,1.6476775579447225,1.6919852439781888,-0.1083282651965046,0.0,0.1996147103339486,0.19992148058351747,-0.005595566957353193,0.0003852896660514263,7.85194164825341e-05,0.005595566957353193,0.2,0.2,0.0,0.2825702414444702,-0.2830634672069492,False
0,65,0.14417075675830002,-1.4238978083849965,1.6476775579447225,1.6919852439781888,-0.1083282651965046,0.0,0.1996147103339486,0.19992148058351747,-0.005595566957353193,0.9668802618980408,0.9694649577140808,0.8508912324905396,0.505839467048645,-0.6155275702476501,0.9926080703735352,0.14417075675830002,-1.4238978083849965,1.6476775579447225,1.6919852439781888,-0.1083282651965046,0.0,0.20050013074591266,0.19999274068672393,-0.005683378265506554,-0.0005001307459126404,7.259313276090744e-06,0.005683378265506554,0.2,0.2,0.0,0.2832484766861494,-0.29681318151973346,False
0,66,0.14417075675830002,-1.4238978083849965,1.6476775579447225,1.6919852439781888,-0.1083282651965046,0.0,0.20050013074591266,0.19999274068672393,-0.005683378265506554,0.9730353355407715,0.9882398247718811,0.6223535537719727,0.7146881818771362,-0.6362091898918152,0.9815539121627808,0.15125802209813788,-1.4167998239958781,1.6479726512367028,1.696583443892707,-0.11276295668844102,0.0,0.20086517535492432,0.20002532229921366,-0.005658664940411694,-0.0008651753549243062,-2.5322299213651617e-05,0.005658664940411694,0.2,0.2,0.0,0.2835294847457256,-0.2891496459372497,False
0,67,0.15125802209813788,-1.4167998239958781,1.6479726512367028,1.696583443892707,-0.11276295668844102,0.0,0.20086517535492432,0.20002532229921366,-0.005658664940411694,0.9912445545196533,0.9220873713493347,0.7369124889373779,0.8231752514839172,-0.609514594078064,0.9972912073135376,0.15191539424739436,-1.4161642321087484,1.6478984411961022,1.6971065989527057,-0.11317966619748858,0.0,0.20096970257874186,0.2000344243554467,-0.0056825207774949295,-0.0009697025787418611,-3.4424355446689464e-05,0.0056825207774949295,0.2,0.2,0.0,0.2836104429039762,-0.2852296060689882,False
0,68,0.15191539424739436,-1.4161642321087484,1.6478984411961022,1.6971065989527057,-0.11317966619748858,0.0,0.20096970257874186,0.2000344243554467,-0.0056825207774949295,0.9747248888015747,0.9973329901695251,0.6778051257133484,0.7391316890716553,-0.6420787572860718,0.998731791973114,0.1526590137434694,-1.41544647785321,1.6477075978339681,1.6977029616333426,-0.113649041870037,0.0,0.20096970257874186,0.2000344243554467,-0.0056825207774949295,-0.0009697025787418611,-3.4424355446689464e-05,0.0056825207774949295,0.2,0.2,0.0,0.2836104429039762,-0.2836104429039762,False
0,69,0.1526590137434694,-1.41544647785321,1.6477075978339681,1.6977029616333426,-0.113649041870037,0.0,0.20096970257874186,0.2000344243554467,-0.0056825207774949295,0.9246398210525513,0.9918191432952881,0.8104533553123474,0.7728188633918762,-0.6450891494750977,0.9914796948432922,0.1526590137434694,-1.41544647785321,1.6477075978339681,1.6977029616333426,-0.113649041870037,0.0,0.20191217776301618,0.20013223022500823,-0.0057354611266274835,-0.0019121777630161582,-0.0001322302250082038,0.0057354611266274835,0.2,0.2,0.0,0.28434896275206384,-0.2991193597138168,False
0,70,0.1526590137434694,-1.41544647785321,1.6477075978339681,1.6977029616333426,-0.113649041870037,0.0,0.20191217776301618,0.20013223022500823,-0.0057354611266274835,0.9768481254577637,0.9958383440971375,0.7901979684829712,0.7671896815299988,-0.8372635841369629,0.9938580393791199,0.1526590137434694,-1.41544647785321,1.6477075978339681,1.6977029616333426,-0.113649041870037,0.0,0.20450423301463885,0.20045171721332752,-0.0059221194653112375,-0.004504233014638839,-0.0004517172133275088,0.0059221194653112375,0.2,0.2,0.0,0.2864226662707387,-0.32789673664423596,False
0,71,0.1526590137434694,-1.41544647785321,1.6477075978339681,1.6977029616333426,-0.113649041870037,0.0,0.20450423301463885,0.20045171721332752,-0.0059221194653112375,0.992611825466156,0.9954915046691895,0.9229723811149597,0.825756311416626,-0.8194984197616577,0.9672802090644836,0.17030695083920638,-1.3973677604498111,1.6499771960826948,1.7115711637110274,-0.1281117636896988,0.0,0.20461378974990949,0.20046659925339208,-0.005933779464336184,-0.004613789749909484,-0.0004665992533920729,0.005933779464336184,0.2,0.2,0.0,0.2865115531889973,-0.2882892915541691,False
0,72,0.17030695083920638,-1.3973677604498111,1.6499771960826948,1.7115711637110274,-0.1281117636896988,0.0,0.20461378974990949,0.20046659925339208,-0.005933779464336184,0.992677628993988,0.9979168176651001,0.8567105531692505,0.885726273059845,-0.7111270427703857,0.9158059358596802,0.17130053531059314,-1.3963652656007062,1.6497823201971284,1.7123854292106184,-0.12895940272728204,0.0,0.20470639664039386,0.20047940996238303,-0.0059426660931898335,-0.0047063966403938645,-0.0004794099623830295,0.0059426660931898335,0.2,0.2,0.0,0.2865868418554045,-0.2880926151835488,False
0,73,0.17130053531059314,-1.3963652656007062,1.6497823201971284,1.7123854292106184,-0.12895940272728204,0.0,0.20470639664039386,0.20047940996238303,-0.0059426660931898335,0.9870145916938782,0.9948712587356567,0.8445876836776733,0.7375072240829468,-0.7118659019470215,0.9971241354942322,0.1718229285170487,-1.395842252035808,1.6500126199660132,1.7127980360813038,-0.12933236683872007,0.0,0.20483386372661727,0.20049693186132814,-0.0059617916222447775,-0.004833863726617272,-0.0004969318613281388,0.0059617916222447775,0.2,0.2,0.0,0.28669055508392244,-0.2887648196542811,False
0,74,0.1718229285170487,-1.395842252035808,1.6500126199660132,1.7127980360813038,-0.12933236683872007,0.0,0.20483386372661727,0.20049693186132814,-0.0059617916222447775,0.9875215888023376,0.9151449799537659,0.823472797870636,0.6260696053504944,-0.8509460687637329,0.995379626750946,0.17262719133325738,-1.3950421276059508,1.6501474809486567,1.7133841609221887,-0.12992845561097902,0.0,0.20483386372661727,0.20049693186132814,-0.0059617916222447775,-0.004833863726617272,-0.0004969318613281388,0.0059617916222447775,0.2,0.2,0.0,0.28669055508392244,-0.28669055508392244,False
0,75,0.17262719133325738,-1.3950421276059508,1.6501474809486567,1.7133841609221887,-0.12992845561097902,0.0,0.20483386372661727,0.20049693186132814,-0.0059617916222447775,0.9908099174499512,0.9883010387420654,0.842675507068634,0.8350985646247864,-0.6560946702957153,0.9680818915367126,0.1733251796252921,-1.3943616454659302,1.6504015549724707,1.713934404012874,-0.1304217463029396,0.0,0.20503732975242153,0.200526112610207,-0.005956481220346116,-0.0050373297524215176,-0.0005261126102069866,0.005956481220346116,0.2,0.2,0.0,0.286856249886756,-0.29017014594342744,False
0,76,0.1733251796252921,-1.3943616454659302,1.6504015549724707,1.713934404012874,-0.1304217463029396,0.0,0.20503732975242153,0.200526112610207,-0.005956481220346116,0.9920486807823181,0.9902802109718323,0.806884229183197,0.827319860458374,-0.7802759408950806,0.8998563289642334,0.17372811704346394,-1.3939594856885626,1.6501671695500433,1.7142733347018249,-0.13070298751001383,0.0,0.2051499003542959,0.2005407415721198,-0.00600885833856471,-0.005149900354295892,-0.0005407415721197659,0.00600885833856471,0.2,0.2,0.0,0.28694803889242076,-0.28878381900571587,False
0,77,0.17372811704346394,-1.3939594856885626,1.6501671695500433,1.7142733347018249,-0.13070298751001383,0.0,0.2051499003542959,0.2005407415721198,-0.00600885833856471,0.9837584495544434,0.9970345497131348,0.7793021202087402,0.7748242020606995,-0.6957198977470398,0.8711860775947571,0.17459207310212127,-1.3930934793442018,1.6504294266912272,1.714980547290147,-0.1313627398156583,0.0,0.20531134523279523,0.20056455407023174,-0.006013706510417594,-0.005311345232795231,-0.0005645540702317243,0.006013706510417594,0.2,0.2,0.0,0.2870802213610063,-0.2897238707327171,False
0,78,0.17459207310212127,-1.3930934793442018,1.6504294266912272,1.714980547290147,-0.1313627398156583,0.0,0.20531134523279523,0.20056455407023174,-0.006013706510417594,0.9933374524116516,0.9993389844894409,0.8557060956954956,0.8857410550117493,-0.7354087829589844,0.9953727126121521,0.17516879259529444,-1.392511544169169,1.6505539819565413,1.7154711450114368,-0.13178160346438533,0.0,0.2054470670280439,0.20058478158866155,-0.006016617171971453,-0.005447067028043897,-0.0005847815886615329,0.006016617171971453,0.2,0.2,0.0,0.2871914894936664,-0.28941685214686846,False
0,79,0.17516879259529444,-1.392511544169169,1.6505539819565413,1.7154711450114368,-0.13178160346438533,0.0,0.2054470670280439,0.20058478158866155,-0.006016617171971453,0.9930146932601929,0.9822543859481812,0.6004718542098999,0.9860466718673706,-0.6896550059318542,0.9908995628356934,0.17585958831381554,-1.3918206013379126,1.6506251536371692,1.716111537670584,-0.13228234293382743,0.0,0.20561112894310005,0.20060951825595047,-0.00602758493904779,-0.0056111289431000425,-0.0006095182559504551,0.00602758493904779,0.2,0.2,0.0,0.2873263770354857,-0.2900241278718714,False
0,80,0.17585958831381554,-1.3918206013379126,1.6506251536371692,1.716111537670584,-0.13228234293382743,0.0,0.20561112894310005,0.20060951825595047,-0.00602758493904779,0.9478065967559814,0.9944101572036743,0.8028053641319275,0.8584505319595337,-0.7537680268287659,0.9951639771461487,0.17585958831381554,-1.3918206013379126,1.6506251536371692,1.716111537670584,-0.13228234293382743,0.0,0.20744542659264023,0.20090468592170027,-0.0061217540386197845,-0.007445426592640227,-0.0009046859217002731,0.0061217540386197845,0.2,0.2,0.0,0.28884905004519035,-0.31930251023928347,False
0,81,0.17585958831381554,-1.3918206013379126,1.6506251536371692,1.716111537670584,-0.13228234293382743,0.0,0.20744542659264023,0.20090468592170027,-0.0061217540386197845,0.9761801958084106,0.9990218281745911,0.7096979022026062,0.8120549917221069,-0.9047908186912537,0.9881677031517029,0.18546628025632347,-1.3817646878265262,1.6528141743232132,1.7248270744600944,-0.1399139901084781,0.0,0.20780739851865868,0.2009661006917991,-0.006161565995363744,-0.0078073985186586665,-0.0009661006917990866,0.006161565995363744,0.2,0.2,0.0,0.2891526472330388,-0.29522459099000775,False
0,82,0.18546628025632347,-1.3817646878265262,1.6528141743232132,1.7248270744600944,-0.1399139901084781,0.0,0.20780739851865868,0.2009661006917991,-0.006161565995363744,0.9934163689613342,0.997971773147583,0.8359402418136597,0.6992526650428772,-0.9195043444633484,0.9973880648612976,0.18640180593156086,-1.380765977455696,1.6532410807536015,1.7255363393483085,-0.1408409085831287,0.0,0.20853523193193818,0.20109331268148864,-0.006162826034495313,-0.008535231931938166,-0.0010933126814886148,0.006162826034495313,0.2,0.2,0.0,0.28976446260170285,-0.30200076997498404,False
0,83,0.18640180593156086,-1.380765977455696,1.6532410807536015,1.7255363393483085,-0.1408409085831287,0.0,0.20853523193193818,0.20109331268148864,-0.006162826034495313,0.9806148409843445,0.9967493414878845,0.7496638298034668,0.9365408420562744,-0.8188902139663696,0.9806842803955078,0.18640180593156086,-1.380765977455696,1.6532410807536015,1.7255363393483085,-0.1408409085831287,0.0,0.20954860217639226,0.20127942586619338,-0.006266336802982119,-0.009548602176392251,-0.0012794258661933736,0.006266336802982119,0.2,0.2,0.0,0.2906256886925737,-0.3078502105099909,False
0,84,0.18640180593156086,-1.380765977455696,1.6532410807536015,1.7255363393483085,-0.1408409085831287,0.0,0.20954860217639226,0.20127942586619338,-0.006266336802982119,0.971187949180603,0.9941394329071045,0.7912397980690002,0.8599436283111572,-0.8664183020591736,0.9859552383422852,0.18640180593156086,-1.380765977455696,1.6532410807536015,1.7255363393483085,-0.1408409085831287,0.0,0.21285882578096343,0.2019522812582618,-0.006440181779203302,-0.012858825780963423,-0.0019522812582617984,0.006440181779203302,0.2,0.2,0.0,0.2934877843447931,-0.3507296973891811,False
0,85,0.18640180593156086,-1.380765977455696,1.6532410807536015,1.7255363393483085,-0.1408409085831287,0.0,0.21285882578096343,0.2019522812582618,-0.006440181779203302,0.9800018072128296,0.9942156672477722,0.8660560846328735,0.9204667210578918,-0.8285266757011414,0.9651482701301575,0.18640180593156086,-1.380765977455696,1.6532410807536015,1.7255363393483085,-0.1408409085831287,0.0,0.21326098835728904,0.2020408824559137,-0.00649599059974347,-0.013260988357289043,-0.00204088245591369,0.00649599059974347,0.2,0.2,0.0,0.29384173500808913,-0.30092074827400955,False
0,86,0.18640180593156086,-1.380765977455696,1.6532410807536015,1.7255363393483085,-0.1408409085831287,0.0,0.21326098835728904,0.2020408824559137,-0.00649599059974347,0.9843182563781738,0.9919244050979614,0.7567676901817322,0.19815291464328766,-0.7822567820549011,0.9987441301345825,0.21175895016198773,-1.3550884204502454,1.6600462897371193,1.7460481513814843,-0.16195389974365934,0.0,0.21347290114857986,0.20209080918383346,-0.006509608928213031,-0.01347290114857985,-0.0020908091838334596,0.006509608928213031,0.2,0.2,0.0,0.2940301849976737,-0.2977991847893649,False
0,87,0.21175895016198773,-1.3550884204502454,1.6600462897371193,1.7460481513814843,-0.16195389974365934,0.0,0.21347290114857986,0.20209080918383346,-0.006509608928213031,0.9830894470214844,0.9968603253364563,0.6205239295959473,0.9026848077774048,-0.8212713003158569,0.9968177676200867,0.21175895016198773,-1.3550884204502454,1.6600462897371193,1.7460481513814843,-0.16195389974365934,0.0,0.21353701827872135,0.20211305987715059,-0.006563866926985285,-0.01353701827872135,-0.0021130598771505822,0.006563866926985285,0.2,0.2,0.0,0.2940932360618088,-0.29535425734451126,False
0,88,0.21175895016198773,-1.3550884204502454,1.6600462897371193,1.7460481513814843,-0.16195389974365934,0.0,0.21353701827872135,0.20211305987715059,-0.006563866926985285,0.9204921126365662,0.9904063940048218,0.33576855063438416,0.9384335875511169,-0.6763637065887451,0.997885525226593,0.21175895016198773,-1.3550884204502454,1.6600462897371193,1.7460481513814843,-0.16195389974365934,0.0,0.21668881570594445,0.20286781186021194,-0.0067956107314371406,-0.016688815705944444,-0.002867811860211917,0.0067956107314371406,0.2,0.2,0.0,0.29691004069618177,-0.35324613338364075,False
0,89,0.21175895016198773,-1.3550884204502454,1.6600462897371193,1.7460481513814843,-0.16195389974365934,0.0,0.21668881570594445,0.20286781186021194,-0.0067956107314371406,0.9866114854812622,0.9989318251609802,0.7344658374786377,0.7176305651664734,-0.716385006904602,0.9824371933937073,0.22654205279055226,-1.3398546343794233,1.6649574608144972,1.7586962622373759,-0.17357464644572576,0.0,0.21668881570594445,0.20286781186021194,-0.0067956107314371406,-0.016688815705944444,-0.002867811860211917,0.0067956107314371406,0.2,0.2,0.0,0.29691004069618177,-0.29691004069618177,False
0,90,0.22654205279055226,-1.3398546343794233,1.6649574608144972,1.7586962622373759,-0.17357464644572576,0.0,0.21668881570594445,0.20286781186021194,-0.0067956107314371406,0.9974256157875061,0.9865863919258118,0.5567071437835693,0.8097567558288574,-0.7656383514404297,0.9925864338874817,0.22654205279055226,-1.3398546343794233,1.6649574608144972,1.7586962622373759,-0.17357464644572576,0.0,0.22056537062105,0.20391892779127507,-0.006981449778293292,-0.020565370621049982,-0.003918927791275048,0.006981449778293292,0.2,0.2,0.0,0.3004675564345529,-0.371617871201976,False
0,91,0.22654205279055226,-1.3398546343794233,1.6649574608144972,1.7586962622373759,-0.17357464644572576,0.0,0.22056537062105,0.20391892779127507,-0.006981449778293292,0.9627420902252197,0.9923240542411804,0.852037250995636,0.7924821376800537,-0.9391717314720154,0.9316631555557251,0.24268771195971262,-1.3238842428052136,1.6728756667517954,1.7717923230546788,-0.18596289047115133,0.0,0.22071424967969053,0.2039629219103908,-0.007005085428123451,-0.020714249679690523,-0.003962921910390812,0.007005085428123451,0.2,0.2,0.0,0.30060725997179155,-0.3034013307165642,False
0,92,0.24268771195971262,-1.3238842428052136,1.6728756667517954,1.7717923230546788,-0.18596289047115133,0.0,0.22071424967969053,0.2039629219103908,-0.007005085428123451,0.974923312664032,0.9992620348930359,0.7274192571640015,0.8334522843360901,-0.9220135807991028,0.997708797454834,0.24293639705510717,-1.3236248532899493,1.6731119927724143,1.7720031722192677,-0.18621979619960458,0.0,0.22071424967969053,0.2039629219103908,-0.007005085428123451,-0.020714249679690523,-0.003962921910390812,0.007005085428123451,0.2,0.2,0.0,0.30060725997179155,-0.30060725997179155,False
0,93,0.24293639705510717,-1.3236248532899493,1.6731119927724143,1.7720031722192677,-0.18621979619960458,0.0,0.22071424967969053,0.2039629219103908,-0.007005085428123451,0.9375109076499939,0.9964582920074463,0.8512341976165771,0.7555744647979736,-0.9361902475357056,0.9453588724136353,0.24372604271258647,-1.3228070949421813,1.6735233483823362,1.772666901531023,-0.186977398387474,0.0,0.2208424312282205,0.20399899293499266,-0.006999137373883524,-0.020842431228220486,-0.003998992934992634,0.006999137373883524,0.2,0.2,0.0,0.3007257163484044,-0.3030948438806612,False
0,94,0.24372604271258647,-1.3228070949421813,1.6735233483823362,1.772666901531023,-0.186977398387474,0.0,0.2208424312282205,0.20399899293499266,-0.006999137373883524,0.9872559309005737,0.9984681010246277,0.7038403749465942,0.5408123731613159,-0.786634087562561,0.9853343367576599,0.2442942911063673,-1.322225239048807,1.673695102019763,1.7730303805728327,-0.1874699960875823,0.0,0.22105796266412742,0.20406122148432304,-0.007007992725994085,-0.021057962664127412,-0.0040612214843230325,0.007007992725994085,0.2,0.2,0.0,0.30092643109726386,-0.30494072607445316,False
0,95,0.2442942911063673,-1.322225239048807,1.673695102019763,1.7730303805728327,-0.1874699960875823,0.0,0.22105796266412742,0.20406122148432304,-0.007007992725994085,0.9875145554542542,0.9856116771697998,0.7906743884086609,0.8373932242393494,-0.8421119451522827,0.9571266174316406,0.24504356025526508,-1.3214723840145806,1.674259132324197,1.7735279103885284,-0.188082059227802,0.0,0.2212159876771067,0.20410927530074474,-0.007016854662458733,-0.02121598767710669,-0.00410927530074473,0.007016854662458733,0.2,0.2,0.0,0.30107531568879425,-0.3040530075194022,False
0,96,0.24504356025526508,-1.3214723840145806,1.674259132324197,1.7735279103885284,-0.188082059227802,0.0,0.2212159876771067,0.20410927530074474,-0.007016854662458733,0.9579263925552368,0.9927020072937012,0.6019304394721985,0.7289634943008423,-0.8393769860267639,0.852236270904541,0.24572417060203275,-1.3207844070510835,1.674348480314845,1.7740875305911816,-0.1886683148212994,0.0,0.22138221839880784,0.20415952617870595,-0.007049155382996827,-0.021382218398807832,-0.004159526178705934,0.007049155382996827,0.2,0.2,0.0,0.3012322846978803,-0.30437166487960177,False
0,97,0.24572417060203275,-1.3207844070510835,1.674348480314845,1.7740875305911816,-0.1886683148212994,0.0,0.22138221839880784,0.20415952617870595,-0.007049155382996827,0.9313982725143433,0.9917733669281006,0.704007625579834,0.9595425128936768,-0.8599327802658081,0.9896787405014038,0.24633039908603457,-1.3201510993870667,1.6747575208669612,1.7745931108399262,-0.1892075552149774,0.0,0.22159174422887185,0.2042206523478292,-0.007051858182202938,-0.021591744228871838,-0.0042206523478291996,0.007051858182202938,0.2,0.2,0.0,0.3014277768547361,-0.3053376199918515,False
0,98,0.24633039908603457,-1.3201510993870667,1.6747575208669612,1.7745931108399262,-0.1892075552149774,0.0,0.22159174422887185,0.2042206523478292,-0.007051858182202938,0.9814113974571228,0.9960915446281433,0.5653828382492065,0.8909154534339905,-0.7730458974838257,0.973560631275177,0.24720109200651924,-1.3194544827963122,1.6752273538206242,1.7752560395445771,-0.18979200597749704,0.0,0.22159174422887185,0.2042206523478292,-0.007051858182202938,-0.021591744228871838,-0.0042206523478291996,0.007051858182202938,0.2,0.2,0.0,0.3014277768547361,-0.3014277768547361,False
0,99,0.24720109200651924,-1.3194544827963122,1.6752273538206242,1.7752560395445771,-0.18979200597749704,0.0,0.22159174422887185,0.2042206523478292,-0.007051858182202938,0.991625189781189,0.998238205909729,0.4387997090816498,0.9420434832572937,-0.7882215976715088,0.9650881290435791,0.24720109200651924,-1.3194544827963122,1.6752273538206242,1.7752560395445771,-0.18979200597749704,0.0,0.22285119597694136,0.20459885055336852,-0.007139800460099377,-0.02285119597694136,-0.004598850553368499,0.007139800460099377,0.2,0.2,0.0,0.3026124946969685,-0.3263068515416164,False
0,100,0.24720109200651924,-1.3194544827963122,1.6752273538206242,1.7752560395445771,-0.18979200597749704,0.0,0.22285119597694136,0.20459885055336852,-0.007139800460099377,0.9883240461349487,0.9900338053703308,0.6929893493652344,0.9476410746574402,-0.8367906808853149,0.9904547929763794,0.24720109200651924,-1.3194544827963122,1.6752273538206242,1.7752560395445771,-0.18979200597749704,0.0,0.2281427008742386,0.20629604220508505,-0.007506675071259239,-0.028142700874238598,-0.006296042205085043,0.007506675071259239,0.2,0.2,0.0,0.30767433946024814,-0.408911234725841,False
0,101,0.24720109200651924,-1.3194544827963122,1.6752273538206242,1.7752560395445771,-0.18979200597749704,0.0,0.2281427008742386,0.20629604220508505,-0.007506675071259239,0.9774979948997498,0.9951025247573853,0.41429224610328674,0.4377709627151489,-0.8352987170219421,0.9620940685272217,0.24720109200651924,-1.3194544827963122,1.6752273538206242,1.7752560395445771,-0.18979200597749704,0.0,0.2282496636816959,0.20638461261265517,-0.007473563215679921,-0.028249663681695913,-0.00638461261265515,0.007473563215679921,0.2,0.2,0.0,0.3078122340668444,-0.3105701261987693,False
0,102,0.24720109200651924,-1.3194544827963122,1.6752273538206242,1.7752560395445771,-0.18979200597749704,0.0,0.2282496636816959,0.20638461261265517,-0.007473563215679921,0.9951620101928711,0.9908241629600525,-0.3250104784965515,0.645418643951416,-0.7066321969032288,0.981967568397522,0.24720109200651924,-1.3194544827963122,1.6752273538206242,1.7752560395445771,-0.18979200597749704,0.0,0.22795731645403403,0.20633327860193193,-0.007415965956076961,-0.027957316454034015,-0.006333278601931918,0.007415965956076961,0.2,0.2,0.0,0.3075596796308137,-0.30250859091020027,False
0,103,0.24720109200651924,-1.3194544827963122,1.6752273538206242,1.7752560395445771,-0.18979200597749704,0.0,0.22795731645403403,0.20633327860193193,-0.007415965956076961,0.9876800775527954,0.9920169711112976,0.45413070917129517,0.7063563466072083,-0.6815524101257324,0.9908123016357422,0.24720109200651924,-1.3194544827963122,1.6752273538206242,1.7752560395445771,-0.18979200597749704,0.0,0.22795731645403403,0.20633327860193193,-0.007415965956076961,-0.027957316454034015,-0.006333278601931918,0.007415965956076961,0.2,0.2,0.0,0.3075596796308137,-0.3075596796308137,False
0,104,0.24720109200651924,-1.3194544827963122,1.6752273538206242,1.7752560395445771,-0.18979200597749704,0.0,0.22795731645403403,0.20633327860193193,-0.007415965956076961,0.95680171251297,0.9979641437530518,0.2243545949459076,0.2916257083415985,-0.7572511434555054,0.9914213418960571,0.24720109200651924,-1.3194544827963122,1.6752273538206242,1.7752560395445771,-0.18979200597749704,0.0,0.22794480266876851,0.20633113982629217,-0.007419521459347319,-0.027944802668768507,-0.006331139826292147,0.007419521459347319,0.2,0.2,0.0,0.3075490556389443,-0.30733657580155616,False
0,105,0.24720109200651924,-1.3194544827963122,1.6752273538206242,1.7752560395445771,-0.18979200597749704,0.0,0.22794480266876851,0.20633113982629217,-0.007419521459347319,0.9762637615203857,0.9956744909286499,0.45769238471984863,0.9449412822723389,-0.8740438222885132,0.9858958125114441,0.24720109200651924,-1.3194544827963122,1.6752273538206242,1.7752560395445771,-0.18979200597749704,0.0,0.22794480266876851,0.20633113982629217,-0.007419521459347319,-0.027944802668768507,-0.006331139826292147,0.007419521459347319,0.2,0.2,0.0,0.3075490556389443,-0.3075490556389443,False
0,106,0.24720109200651924,-1.3194544827963122,1.6752273538206242,1.7752560395445771,-0.18979200597749704,0.0,0.22794480266876851,0.20633113982629217,-0.007419521459347319,0.8457374572753906,0.995820164680481,0.7508677840232849,0.7541409730911255,-0.7444483041763306,0.9845981597900391,0.24720109200651924,-1.3194544827963122,1.6752273538206242,1.7752560395445771,-0.18979200597749704,0.0,0.22794480266876851,0.20633113982629217,-0.007419521459347319,-0.027944802668768507,-0.006331139826292147,0.007419521459347319,0.2,0.2,0.0,0.3075490556389443,-0.3075490556389443,False
0,107,0.24720109200651924,-1.3194544827963122,1.6752273538206242,1.7752560395445771,-0.18979200597749704,0.0,0.22794480266876851,0.20633113982629217,-0.007419521459347319,0.961912989616394,0.9902384281158447,0.4277620017528534,0.6070286631584167,-0.5241031646728516,0.9480243921279907,0.24720109200651924,-1.3194544827963122,1.6752273538206242,1.7752560395445771,-0.18979200597749704,0.0,0.2280246480799277,0.20635139124215107,-0.007425667779306606,-0.028024648079927682,-0.006351391242151061,0.007425667779306606,0.2,0.2,0.0,0.30762197148694503,-0.3090802884469597,False
0,108,0.24720109200651924,-1.3194544827963122,1.6752273538206242,1.7752560395445771,-0.18979200597749704,0.0,0.2280246480799277,0.20635139124215107,-0.007425667779306606,0.9770540595054626,0.9964463710784912,0.5762792825698853,0.8968091011047363,-0.504655122756958,0.9130328297615051,0.24720109200651924,-1.3194544827963122,1.6752273538206242,1.7752560395445771,-0.18979200597749704,0.0,0.2280246480799277,0.20635139124215107,-0.007425667779306606,-0.028024648079927682,-0.006351391242151061,0.007425667779306606,0.2,0.2,0.0,0.30762197148694503,-0.30762197148694503,False
0,109,0.24720109200651924,-1.3194544827963122,1.6752273538206242,1.7752560395445771,-0.18979200597749704,0.0,0.2280246480799277,0.20635139124215107,-0.007425667779306606,0.9670226573944092,0.9980145692825317,0.1148693859577179,0.9280565977096558,-0.4847579300403595,0.8899880051612854,0.24720109200651924,-1.3194544827963122,1.6752273538206242,1.7752560395445771,-0.18979200597749704,0.0,0.22815996541941977,0.20639331127690946,-0.007470093750394757,-0.02815996541941975,-0.006393311276909442,0.007470093750394757,0.2,0.2,0.0,0.307751476130786,-0.3103415690076057,False
0,110,0.24720109200651924,-1.3194544827963122,1.6752273538206242,1.7752560395445771,-0.18979200597749704,0.0,0.22815996541941977,0.20639331127690946,-0.007470093750394757,0.901931881904602,0.9919695854187012,0.10360971093177795,0.845629870891571,-0.9689264297485352,0.7149834632873535,0.24720109200651924,-1.3194544827963122,1.6752273538206242,1.7752560395445771,-0.18979200597749704,0.0,0.2279510921822086,0.20633964835060425,-0.007918411487784105,-0.027951092182208596,-0.00633964835060423,0.007918411487784105,0.2,0.2,0.0,0.30757186501532074,-0.3039796427060153,False
0,111,0.24720109200651924,-1.3194544827963122,1.6752273538206242,1.7752560395445771,-0.18979200597749704,0.0,0.2279510921822086,0.20633964835060425,-0.007918411487784105,0.9975757002830505,0.9949637055397034,0.5402190685272217,0.667862057685852,-0.014138530939817429,0.9628944396972656,0.24720109200651924,-1.3194544827963122,1.6752273538206242,1.7752560395445771,-0.18979200597749704,0.0,0.2276509806559462,0.2062483744511012,-0.00827027637606717,-0.027650980655946174,-0.006248374451101192,0.00827027637606717,0.2,0.2,0.0,0.30729750800921274,-0.3018103678870526,False
0,112,0.24720109200651924,-1.3194544827963122,1.6752273538206242,1.7752560395445771,-0.18979200597749704,0.0,0.2276509806559462,0.2062483744511012,-0.00827027637606717,0.9893804788589478,0.9904231429100037,0.35205745697021484,0.7136527299880981,-0.4649801254272461,0.8997299671173096,0.24720109200651924,-1.3194544827963122,1.6752273538206242,1.7752560395445771,-0.18979200597749704,0.0,0.22784038512856952,0.20631187089707506,-0.008134622564475391,-0.027840385128569525,-0.006311870897075054,0.008134622564475391,0.2,0.2,0.0,0.30747683043255913,-0.31106327889948704,False
0,113,0.24720109200651924,-1.3194544827963122,1.6752273538206242,1.7752560395445771,-0.18979200597749704,0.0,0.22784038512856952,0.20631187089707506,-0.008134622564475391,0.992840051651001,0.9923503994941711,0.47132715582847595,0.7772659063339233,-0.21819829940795898,0.9846917986869812,0.24720109200651924,-1.3194544827963122,1.6752273538206242,1.7752560395445771,-0.18979200597749704,0.0,0.2278812040876222,0.20632611572745713,-0.00810178962342574,-0.027881204087622184,-0.006326115727457114,0.00810178962342574,0.2,0.2,0.0,0.3075157690309666,-0.3082945409991162,False
0,114,0.24720109200651924,-1.3194544827963122,1.6752273538206242,1.7752560395445771,-0.18979200597749704,0.0,0.2278812040876222,0.20632611572745713,-0.00810178962342574,0.9886277318000793,0.9850770831108093,0.26109763979911804,0.911529541015625,-0.532646119594574,0.9275131225585938,0.27543517020457986,-1.2900932704921426,1.685413869861439,1.797391738228219,-0.20802781383656474,0.0,0.22788507589298312,0.2063282571840003,-0.008099872773797284,-0.027885075892983103,-0.0063282571840002876,0.008099872773797284,0.2,0.2,0.0,0.3075200244964372,-0.30760513380584953,False
0,115,0.27543517020457986,-1.2900932704921426,1.685413869861439,1.797391738228219,-0.20802781383656474,0.0,0.22788507589298312,0.2063282571840003,-0.008099872773797284,0.9457573890686035,0.9957035779953003,0.46951133012771606,0.7847695350646973,-0.7644895911216736,0.9962723851203918,0.27666472008585924,-1.2887462473180833,1.686039637900862,1.7984723500368516,-0.2090537377998199,0.0,0.22799283417443722,0.20636592922979452,-0.00811741490500192,-0.027992834174437223,-0.006365929229794499,0.00811741490500192,0.2,0.2,0.0,0.30762561922978543,-0.3097375138967495,False
0,116,0.27666472008585924,-1.2887462473180833,1.686039637900862,1.7984723500368516,-0.2090537377998199,0.0,0.22799283417443722,0.20636592922979452,-0.00811741490500192,0.9780611991882324,0.982046365737915,0.6069614887237549,0.810275673866272,-0.6312788724899292,0.8363327980041504,0.27926009385718953,-1.2860188336959384,1.6873266141893737,1.8006201651944649,-0.21114860819954698,0.0,0.2286281620870652,0.2065964953106451,-0.00821777485539724,-0.028628162087065197,-0.006596495310645088,0.00821777485539724,0.2,0.2,0.0,0.30825392162554033,-0.3208199695406383,False
0,117,0.27926009385718953,-1.2860188336959384,1.6873266141893737,1.8006201651944649,-0.21114860819954698,0.0,0.2286281620870652,0.2065964953106451,-0.00821777485539724,0.9408408403396606,0.9977987408638,0.25660091638565063,0.8631061315536499,-0.035782936960458755,0.9910227060317993,0.27926009385718953,-1.2860188336959384,1.6873266141893737,1.8006201651944649,-0.21114860819954698,0.0,0.22974314838948043,0.2070059577171366,-0.008357782788248391,-0.029743148389480424,-0.007005957717136567,0.008357782788248391,0.2,0.2,0.0,0.3093593918009203,-0.33146879530852,False
0,118,0.27926009385718953,-1.2860188336959384,1.6873266141893737,1.8006201651944649,-0.21114860819954698,0.0,0.22974314838948043,0.2070059577171366,-0.008357782788248391,0.9848020672798157,0.9710041880607605,0.25796836614608765,0.8848232626914978,-0.6150304079055786,0.9919626116752625,0.27926009385718953,-1.2860188336959384,1.6873266141893737,1.8006201651944649,-0.21114860819954698,0.0,0.2309173051519206,0.2074773040268235,-0.008777999641888343,-0.030917305151920583,-0.007477304026823469,0.008777999641888343,0.2,0.2,0.0,0.310558668825356,-0.3345442093140695,False
0,119,0.27926009385718953,-1.2860188336959384,1.6873266141893737,1.8006201651944649,-0.21114860819954698,0.0,0.2309173051519206,0.2074773040268235,-0.008777999641888343,0.9431700706481934,0.9924689531326294,0.6208135485649109,0.9303826093673706,-0.47117525339126587,0.9501322507858276,0.27926009385718953,-1.2860188336959384,1.6873266141893737,1.8006201651944649,-0.21114860819954698,0.0,0.23222787680507695,0.20801279143147264,-0.00919754584781765,-0.032227876805076924,-0.008012791431472615,0.00919754584781765,0.2,0.2,0.0,0.3119033552466694,-0.33879708367293765,False
0,120,0.27926009385718953,-1.2860188336959384,1.6873266141893737,1.8006201651944649,-0.21114860819954698,0.0,0.23222787680507695,0.20801279143147264,-0.00919754584781765,0.8808192014694214,0.997097373008728,-0.011145606637001038,0.29643014073371887,-0.3015235662460327,0.9531292915344238,0.27926009385718953,-1.2860188336959384,1.6873266141893737,1.8006201651944649,-0.21114860819954698,0.0,0.2320884850982151,0.2081276473788675,-0.009408353183812765,-0.032088485098215117,-0.008127647378867477,0.009408353183812765,0.2,0.2,0.0,0.311882509333688,-0.3114655910740599,False
0,121,0.27926009385718953,-1.2860188336959384,1.6873266141893737,1.8006201651944649,-0.21114860819954698,0.0,0.2320884850982151,0.2081276473788675,-0.009408353183812765,0.9521353840827942,0.9653280973434448,0.8018925786018372,0.7988188862800598,-0.19025404751300812,0.769015371799469,0.3038038273337617,-1.2594650251973998,1.6937957528566838,1.8142187119610356,-0.2194989728791998,0.0,0.23205549793837948,0.20813294361464768,-0.009429120775576613,-0.03205549793837946,-0.008132943614647656,0.009429120775576613,0.2,0.2,0.0,0.3118621244391947,-0.31145442654932876,False
0,122,0.3038038273337617,-1.2594650251973998,1.6937957528566838,1.8142187119610356,-0.2194989728791998,0.0,0.23205549793837948,0.20813294361464768,-0.009429120775576613,0.9447571039199829,0.9933937788009644,0.5810926556587219,0.6801235675811768,-0.09546823799610138,0.9884618520736694,0.30450234283286204,-1.2589191038626233,1.6957902213613656,1.815495120751758,-0.2192538970804859,0.0,0.23358296712561688,0.20865572724456308,-0.009275710438971286,-0.033582967125616876,-0.008655727244563078,0.009275710438971286,0.2,0.2,0.0,0.31334366731643415,-0.34297452486122315,False
0,123,0.30450234283286204,-1.2589191038626233,1.6957902213613656,1.815495120751758,-0.2192538970804859,0.0,0.23358296712561688,0.20865572724456308,-0.009275710438971286,0.9833695292472839,0.9939519762992859,0.6583350896835327,0.7745581865310669,-0.5756437182426453,0.9036410450935364,0.311819460418756,-1.251175339367254,1.6998761653826613,1.8205577062066007,-0.22007693042966056,0.0,0.2354307313080043,0.20945658884639437,-0.00960297952691748,-0.03543073130800428,-0.009456588846394356,0.00960297952691748,0.2,0.2,0.0,0.3152648237136259,-0.3536879516574611,False
0,124,0.311819460418756,-1.251175339367254,1.6998761653826613,1.8205577062066007,-0.22007693042966056,0.0,0.2354307313080043,0.20945658884639437,-0.00960297952691748,0.8332858085632324,0.9932848215103149,0.7266624569892883,0.9075860977172852,-0.28150516748428345,0.5117883086204529,0.3139088277184981,-1.248930693950095,1.7011403684285755,1.8221078388347207,-0.22053101770468386,0.0,0.23649241162598433,0.2099005913334223,-0.009794294251259522,-0.03649241162598433,-0.009900591333422266,0.009794294251259522,0.2,0.2,0.0,0.3163587318198671,-0.3382368939446914,False
0,125,0.3139088277184981,-1.248930693950095,1.7011403684285755,1.8221078388347207,-0.22053101770468386,0.0,0.23649241162598433,0.2099005913334223,-0.009794294251259522,0.9639408588409424,0.9916878938674927,0.5347146391868591,0.901999831199646,0.0946919322013855,0.9040936827659607,0.3139088277184981,-1.248930693950095,1.7011403684285755,1.8221078388347207,-0.22053101770468386,0.0,0.23682247607590312,0.21003763061713487,-0.00985569201059025,-0.03682247607590311,-0.01003763061713487,0.00985569201059025,0.2,0.2,0.0,0.3166983203539124,-0.32349009103481746,False
0,126,0.3139088277184981,-1.248930693950095,1.7011403684285755,1.8221078388347207,-0.22053101770468386,0.0,0.23682247607590312,0.21003763061713487,-0.00985569201059025,0.9163265824317932,0.9962143898010254,0.723778247833252,0.8924338817596436,0.1826348900794983,0.9048771262168884,0.3139088277184981,-1.248930693950095,1.7011403684285755,1.8221078388347207,-0.22053101770468386,0.0,0.23706917379298545,0.2101427650788378,-0.009908030099254884,-0.03706917379298544,-0.010142765078837806,0.009908030099254884,0.2,0.2,0.0,0.31695416693635076,-0.32207109858511834,False
0,127,0.3139088277184981,-1.248930693950095,1.7011403684285755,1.8221078388347207,-0.22053101770468386,0.0,0.23706917379298545,0.2101427650788378,-0.009908030099254884,0.9707066416740417,0.9977678060531616,0.4698689579963684,0.8350484371185303,-0.2824169099330902,0.9695028066635132,0.3139088277184981,-1.248930693950095,1.7011403684285755,1.8221078388347207,-0.22053101770468386,0.0,0.23706917379298545,0.2101427650788378,-0.009908030099254884,-0.03706917379298544,-0.010142765078837806,0.009908030099254884,0.2,0.2,0.0,0.31695416693635076,-0.31695416693635076,False
0,128,0.3139088277184981,-1.248930693950095,1.7011403684285755,1.8221078388347207,-0.22053101770468386,0.0,0.23706917379298545,0.2101427650788378,-0.009908030099254884,0.9886742830276489,0.9806315302848816,0.5103705525398254,0.7354258298873901,-0.502983033657074,0.8752586841583252,0.3139088277184981,-1.248930693950095,1.7011403684285755,1.8221078388347207,-0.22053101770468386,0.0,0.2376514606562697,0.21041595799290266,-0.010086676575649815,-0.03765146065626969,-0.010415957992902656,0.010086676575649815,0.2,0.2,0.0,0.3175764997201009,-0.33002315539510335,False
0,129,0.3139088277184981,-1.248930693950095,1.7011403684285755,1.8221078388347207,-0.22053101770468386,0.0,0.2376514606562697,0.21041595799290266,-0.010086676575649815,0.9661755561828613,0.9987891316413879,0.7528064250946045,0.8243244886398315,-0.41717830300331116,0.8567630648612976,0.3139088277184981,-1.248930693950095,1.7011403684285755,1.8221078388347207,-0.22053101770468386,0.0,0.23835907468701625,0.21075406820720652,-0.01026783490464633,-0.03835907468701624,-0.010754068207206516,0.01026783490464633,0.2,0.2,0.0,0.31833591406746353,-0.3335242010147166,False
0,130,0.3139088277184981,-1.248930693950095,1.7011403684285755,1.8221078388347207,-0.22053101770468386,0.0,0.23835907468701625,0.21075406820720652,-0.01026783490464633,0.9864799976348877,0.9985324144363403,0.7471940517425537,0.8264620900154114,-0.04145663231611252,0.6452651023864746,0.3139088277184981,-1.248930693950095,1.7011403684285755,1.8221078388347207,-0.22053101770468386,0.0,0.24126161688409278,0.21210048594237535,-0.010749002136451292,-0.04126161688409277,-0.012100485942375335,0.010749002136451292,0.2,0.2,0.0,0.32141767992045484,-0.3830529969802809,False
0,131,0.3139088277184981,-1.248930693950095,1.7011403684285755,1.8221078388347207,-0.22053101770468386,0.0,0.24126161688409278,0.21210048594237535,-0.010749002136451292,0.9836391806602478,0.9970510005950928,0.7828259468078613,0.9072821140289307,-0.1694898158311844,0.9864086508750916,0.3139088277184981,-1.248930693950095,1.7011403684285755,1.8221078388347207,-0.22053101770468386,0.0,0.2414558726663321,0.21219215042670087,-0.010787640965831014,-0.04145587266633207,-0.012192150426700847,0.010787640965831014,0.2,0.2,0.0,0.3216252793941659,-0.32577726886838737,False
0,132,0.3139088277184981,-1.248930693950095,1.7011403684285755,1.8221078388347207,-0.22053101770468386,0.0,0.2414558726663321,0.21219215042670087,-0.010787640965831014,0.9885340332984924,0.9965501427650452,0.8659403324127197,0.9017258286476135,-0.23099969327449799,0.881266713142395,0.3139088277184981,-1.248930693950095,1.7011403684285755,1.8221078388347207,-0.22053101770468386,0.0,0.2425841610809282,0.212715703690617,-0.011026552027268474,-0.04258416108092819,-0.012715703690616982,0.011026552027268474,0.2,0.2,0.0,0.32282600678003337,-0.3468405544973826,False
0,133,0.3139088277184981,-1.248930693950095,1.7011403684285755,1.8221078388347207,-0.22053101770468386,0.0,0.2425841610809282,0.212715703690617,-0.011026552027268474,0.9749638438224792,0.9988312125205994,0.813447117805481,0.8881256580352783,-0.020170172676444054,0.917197585105896,0.3139088277184981,-1.248930693950095,1.7011403684285755,1.8221078388347207,-0.22053101770468386,0.0,0.24296151709746017,0.21288578613016867,-0.0110641467529041,-0.042961517097460156,-0.012885786130168664,0.0110641467529041,0.2,0.2,0.0,0.323222944838279,-0.3311617060031919,False
0,134,0.3139088277184981,-1.248930693950095,1.7011403684285755,1.8221078388347207,-0.22053101770468386,0.0,0.24296151709746017,0.21288578613016867,-0.0110641467529041,0.9913281798362732,0.997430682182312,0.7804241180419922,0.83907151222229,-0.3614479899406433,0.9778425693511963,0.34115154775264916,-1.221158860102656,1.723197487658033,1.8466712262646205,-0.22402119479033178,0.0,0.24320861829343837,0.21300009388350233,-0.011106609680099275,-0.04320861829343836,-0.013000093883502331,0.011106609680099275,0.2,0.2,0.0,0.3234854382892223,-0.3287353073080886,False
0,135,0.34115154775264916,-1.221158860102656,1.723197487658033,1.8466712262646205,-0.22402119479033178,0.0,0.24320861829343837,0.21300009388350233,-0.011106609680099275,0.9900845885276794,0.9885088801383972,0.8932961821556091,0.8358685970306396,-0.08548559248447418,0.9774916768074036,0.3416900637557781,-1.220622853206323,1.7236795920101728,1.847119816955603,-0.2240951815286305,0.0,0.2432412463959895,0.21301589670329135,-0.011112435238167184,-0.0432412463959895,-0.013015896703291344,0.011112435238167184,0.2,0.2,0.0,0.3235205749461759,-0.3242233080852478,False
0,136,0.3416900637557781,-1.220622853206323,1.7236795920101728,1.847119816955603,-0.2240951815286305,0.0,0.2432412463959895,0.21301589670329135,-0.011112435238167184,0.9958958029747009,0.9991648197174072,0.88398277759552,0.8802583813667297,-0.22642171382904053,0.975883424282074,0.34232732175865443,-1.2199860138622243,1.724251605670282,1.8476614795949966,-0.22415518470160706,0.0,0.24351479230576378,0.21314960178814707,-0.011166052051968082,-0.04351479230576377,-0.013149601788147051,0.011166052051968082,0.2,0.2,0.0,0.3238161322920651,-0.3297272792098481,False
0,137,0.34232732175865443,-1.2199860138622243,1.724251605670282,1.8476614795949966,-0.22415518470160706,0.0,0.24351479230576378,0.21314960178814707,-0.011166052051968082,0.9884154796600342,0.9991210699081421,0.7851966023445129,0.9346743822097778,-0.4776040315628052,0.9307585954666138,0.34318981335007176,-1.2191188446353582,1.724993373050941,1.8484374270267674,-0.2244137431936736,0.0,0.2437524688818904,0.21326637111950392,-0.011218404118353693,-0.04375246888189038,-0.013266371119503911,0.011218404118353693,0.2,0.2,0.0,0.32407354678754885,-0.3292218366972244,False
0,138,0.34318981335007176,-1.2191188446353582,1.724993373050941,1.8484374270267674,-0.2244137431936736,0.0,0.2437524688818904,0.21326637111950392,-0.011218404118353693,0.9668688774108887,0.9979135394096375,0.9017530679702759,0.8850046396255493,-0.338570773601532,0.9867526888847351,0.3442058234539774,-1.218080759459882,1.7258708527789501,1.8493832677500488,-0.22483885235622506,0.0,0.2439685344704176,0.21337322014701313,-0.011272815584388335,-0.0439685344704176,-0.013373220147013108,0.011272815584388335,0.2,0.2,0.0,0.3243082688719927,-0.32900271056086994,False
0,139,0.3442058234539774,-1.218080759459882,1.7258708527789501,1.8493832677500488,-0.22483885235622506,0.0,0.2439685344704176,0.21337322014701313,-0.011272815584388335,0.9930141568183899,0.9973762631416321,0.8951417803764343,0.8387326002120972,0.03299480676651001,0.6172841787338257,0.34704973946965767,-1.2151532521334494,1.7285208738444362,1.8519686594122775,-0.22575631951761033,0.0,0.2446871527461746,0.21372599750139934,-0.011427950313180946,-0.0446871527461746,-0.013725997501399329,0.011427950313180946,0.2,0.2,0.0,0.32508645430924754,-0.34065016305434415,False
0,140,0.34704973946965767,-1.2151532521334494,1.7285208738444362,1.8519686594122775,-0.22575631951761033,0.0,0.2446871527461746,0.21372599750139934,-0.011427950313180946,0.980822741985321,0.9973774552345276,0.7745091319084167,0.8751224279403687,0.16206622123718262,0.8879275918006897,0.34704973946965767,-1.2151532521334494,1.7285208738444362,1.8519686594122775,-0.22575631951761033,0.0,0.24814008058751302,0.21571496125495013,-0.013091946307531552,-0.048140080587513026,-0.015714961254950106,0.013091946307531552,0.2,0.2,0.0,0.32905598788248996,-0.4084466593473384,False
0,141,0.34704973946965767,-1.2151532521334494,1.7285208738444362,1.8519686594122775,-0.22575631951761033,0.0,0.24814008058751302,0.21571496125495013,-0.013091946307531552,0.9631112813949585,0.992170512676239,0.8031530380249023,0.8858679533004761,-0.08342648297548294,0.307983934879303,0.3642378702895193,-1.1976755831900268,1.7345891534764557,1.8672996168361367,-0.22296983100876253,0.0,0.24815230646632755,0.215738911828155,-0.013162059441912535,-0.04815230646632754,-0.01573891182815499,0.013162059441912535,0.2,0.2,0.0,0.32908370529411973,-0.3296380535267151,False
0,142,0.3642378702895193,-1.1976755831900268,1.7345891534764557,1.8672996168361367,-0.22296983100876253,0.0,0.24815230646632755,0.215738911828155,-0.013162059441912535,0.9929008483886719,0.9985440373420715,0.7828084826469421,0.8224411606788635,-0.007543838117271662,0.9858410358428955,0.36473508965048723,-1.1971692762608996,1.7343883626437469,1.8677282519246152,-0.22303627875360496,0.0,0.24815230646632755,0.215738911828155,-0.013162059441912535,-0.04815230646632754,-0.01573891182815499,0.013162059441912535,0.2,0.2,0.0,0.32908370529411973,-0.32908370529411973,False
0,143,0.36473508965048723,-1.1971692762608996,1.7343883626437469,1.8677282519246152,-0.22303627875360496,0.0,0.24815230646632755,0.215738911828155,-0.013162059441912535,0.932374119758606,0.9994677901268005,0.8422631025314331,0.9058393836021423,0.12012828141450882,0.9178603291511536,0.36473508965048723,-1.1971692762608996,1.7343883626437469,1.8677282519246152,-0.22303627875360496,0.0,0.24968415707559305,0.21709955389275903,-0.015356133814166034,-0.049684157075593025,-0.01709955389275903,0.015356133814166034,0.2,0.2,0.0,0.33122530917896803,-0.374057386875934,False
0,144,0.36473508965048723,-1.1971692762608996,1.7343883626437469,1.8677282519246152,-0.22303627875360496,0.0,0.24968415707559305,0.21709955389275903,-0.015356133814166034,0.8703362941741943,0.9751451015472412,0.7583800554275513,0.8913038969039917,0.20726273953914642,0.9537273049354553,0.3808631440928298,-1.1809530449548047,1.7310401586058715,1.881078087194428,-0.22312366430520555,0.0,0.2497823151474711,0.21717712834737019,-0.015475597879114285,-0.049782315147471085,-0.017177128347370188,0.015475597879114285,0.2,0.2,0.0,0.33135570640530204,-0.33396365093198227,False
0,145,0.3808631440928298,-1.1809530449548047,1.7310401586058715,1.881078087194428,-0.22312366430520555,0.0,0.2497823151474711,0.21717712834737019,-0.015475597879114285,0.9698983430862427,0.9983711242675781,0.8684166669845581,0.804629385471344,0.17696887254714966,0.9861533045768738,0.3808631440928298,-1.1809530449548047,1.7310401586058715,1.881078087194428,-0.22312366430520555,0.0,0.25032209652649606,0.2175879523866363,-0.01615244922015044,-0.05032209652649608,-0.01758795238663629,0.01615244922015044,0.2,0.2,0.0,0.33206410623408106,-0.3462321028096614,False
0,146,0.3808631440928298,-1.1809530449548047,1.7310401586058715,1.881078087194428,-0.22312366430520555,0.0,0.25032209652649606,0.2175879523866363,-0.01615244922015044,0.9751383662223816,0.9962442517280579,0.6965330243110657,0.831515371799469,-0.0637906938791275,0.8464360237121582,0.3808631440928298,-1.1809530449548047,1.7310401586058715,1.881078087194428,-0.22312366430520555,0.0,0.2510029346525566,0.21826780365868292,-0.01721312745633324,-0.051002934652556564,-0.018267803658682913,0.01721312745633324,0.2,0.2,0.0,0.33307596592220357,-0.3533131596846537,False
0,147,0.3808631440928298,-1.1809530449548047,1.7310401586058715,1.881078087194428,-0.22312366430520555,0.0,0.2510029346525566,0.21826780365868292,-0.01721312745633324,0.9692661762237549,0.9976357221603394,0.48189398646354675,0.8116394281387329,0.0669243261218071,0.9879449009895325,0.3808631440928298,-1.1809530449548047,1.7310401586058715,1.881078087194428,-0.22312366430520555,0.0,0.2517247825715213,0.21897514016139763,-0.018253101912007852,-0.05172478257152127,-0.018975140161397633,0.018253101912007852,0.2,0.2,0.0,0.33413867465289554,-0.35539284926673503,False
0,148,0.3808631440928298,-1.1809530449548047,1.7310401586058715,1.881078087194428,-0.22312366430520555,0.0,0.2517247825715213,0.21897514016139763,-0.018253101912007852,0.9718113541603088,0.9609323740005493,0.7441503405570984,0.4461193084716797,-0.2227102667093277,0.9434954524040222,0.3808631440928298,-1.1809530449548047,1.7310401586058715,1.881078087194428,-0.22312366430520555,0.0,0.2519931305257158,0.21928319891778433,-0.018714539466687163,-0.0519931305257158,-0.01928319891778432,0.018714539466687163,0.2,0.2,0.0,0.3345682189736754,-0.3431591053892724,False
0,149,0.3808631440928298,-1.1809530449548047,1.7310401586058715,1.881078087194428,-0.22312366430520555,0.0,0.2519931305257158,0.21928319891778433,-0.018714539466687163,0.9581887722015381,0.9974378943443298,0.5299367904663086,0.867556095123291,0.06905072927474976,0.9636827111244202,0.4076649663651268,-1.1535041677996782,1.725814977180917,1.9026976681098484,-0.22201819731264477,0.0,0.25196671900493495,0.21928370195998334,-0.018697387690870024,-0.05196671900493492,-0.019283701959983336,0.018697387690870024,0.2,0.2,0.0,0.33454769725384353,-0.3341372628572064,False
0,150,0.4076649663651268,-1.1535041677996782,1.725814977180917,1.9026976681098484,-0.22201819731264477,0.0,0.25196671900493495,0.21928370195998334,-0.018697387690870024,0.9727258086204529,0.99713134765625,0.47249218821525574,0.7551988363265991,-0.25831085443496704,0.9960131645202637,0.4076649663651268,-1.1535041677996782,1.725814977180917,1.9026976681098484,-0.22201819731264477,0.0,0.2522689779744398,0.21961211214026566,-0.019217247668178755,-0.05226897797443977,-0.01961211214026565,0.019217247668178755,0.2,0.2,0.0,0.3350200287369654,-0.34446665839940277,False
0,151,0.4076649663651268,-1.1535041677996782,1.725814977180917,1.9026976681098484,-0.22201819731264477,0.0,0.2522689779744398,0.21961211214026566,-0.019217247668178755,0.9734947681427002,0.9992967844009399,0.087549589574337,0.5597100257873535,0.14907371997833252,0.9835080504417419,0.4076649663651268,-1.1535041677996782,1.725814977180917,1.9026976681098484,-0.22201819731264477,0.0,0.25254777399586903,0.21994223935260093,-0.019676928470684835,-0.052547773995869004,-0.019942239352600928,0.019676928470684835,0.2,0.2,0.0,0.33547302174056526,-0.34453288181256236,False
0,152,0.4076649663651268,-1.1535041677996782,1.725814977180917,1.9026976681098484,-0.22201819731264477,0.0,0.25254777399586903,0.21994223935260093,-0.019676928470684835,0.9706500172615051,0.99821537733078,0.4459362030029297,0.5946043133735657,0.1950342059135437,0.9861628413200378,0.4076649663651268,-1.1535041677996782,1.725814977180917,1.9026976681098484,-0.22201819731264477,0.0,0.2530154463727743,0.22057215704034278,-0.020567496288841525,-0.05301544637277428,-0.020572157040342768,0.020567496288841525,0.2,0.2,0.0,0.33629141301590704,-0.3526592385227426,False
0,153,0.4076649663651268,-1.1535041677996782,1.725814977180917,1.9026976681098484,-0.22201819731264477,0.0,0.2530154463727743,0.22057215704034278,-0.020567496288841525,0.9505670666694641,0.9955061078071594,0.06406289339065552,0.42322608828544617,0.4156467616558075,0.9867224097251892,0.42446066429723944,-1.1362619964650171,1.7224129467835654,1.912884381373168,-0.22043159335158224,0.0,0.25303604768285204,0.22059545448672063,-0.020596924525334775,-0.053036047682852014,-0.020595454486720635,0.020596924525334775,0.2,0.2,0.0,0.33632399448606654,-0.3369756238892565,False
0,154,0.42446066429723944,-1.1362619964650171,1.7224129467835654,1.912884381373168,-0.22043159335158224,0.0,0.25303604768285204,0.22059545448672063,-0.020596924525334775,0.9500876069068909,0.9998864531517029,0.4363120198249817,0.7308309078216553,0.08702873438596725,0.9453264474868774,0.4248110001174851,-1.1358916236247507,1.722376367282707,1.9131161976437547,-0.22034271968831817,0.0,0.2530711856998252,0.2206316709283026,-0.020640515295802048,-0.05307118569982516,-0.02063167092830258,0.020640515295802048,0.2,0.2,0.0,0.3363768572892708,-0.33743411335335616,False
0,155,0.4248110001174851,-1.1358916236247507,1.722376367282707,1.9131161976437547,-0.22034271968831817,0.0,0.2530711856998252,0.2206316709283026,-0.020640515295802048,0.9890139698982239,0.9997631907463074,0.5937470197677612,0.696496844291687,-0.4717352092266083,0.9987478256225586,0.4254907684773065,-1.1351885367209185,1.7222995575142064,1.9136636068360449,-0.2204495413408772,0.0,0.2530711856998252,0.2206316709283026,-0.020640515295802048,-0.05307118569982516,-0.02063167092830258,0.020640515295802048,0.2,0.2,0.0,0.3363768572892708,-0.3363768572892708,False
0,156,0.4254907684773065,-1.1351885367209185,1.7222995575142064,1.9136636068360449,-0.2204495413408772,0.0,0.2530711856998252,0.2206316709283026,-0.020640515295802048,0.9938863515853882,0.99891197681427,0.507822573184967,0.7066994905471802,-0.10227497667074203,0.9639074802398682,0.4262403840655596,-1.1344327859080683,1.7220847281217693,1.9141924011218197,-0.22069982905496666,0.0,0.253147056463407,0.22071259494576198,-0.020756908375152525,-0.05314705646340699,-0.020712594945761963,0.020756908375152525,0.2,0.2,0.0,0.3364941767833046,-0.338840566663981,False
0,157,0.4262403840655596,-1.1344327859080683,1.7220847281217693,1.9141924011218197,-0.22069982905496666,0.0,0.253147056463407,0.22071259494576198,-0.020756908375152525,0.984775960445404,0.9948416352272034,0.6233049035072327,0.3157641589641571,0.031874969601631165,0.9578849673271179,0.4262403840655596,-1.1344327859080683,1.7220847281217693,1.9141924011218197,-0.22069982905496666,0.0,0.2533423284906377,0.22092385703769607,-0.02104069253357091,-0.05334232849063769,-0.020923857037696062,0.02104069253357091,0.2,0.2,0.0,0.33679726358116807,-0.34285899953843707,False
0,158,0.4262403840655596,-1.1344327859080683,1.7220847281217693,1.9141924011218197,-0.22069982905496666,0.0,0.2533423284906377,0.22092385703769607,-0.02104069253357091,0.988791286945343,0.9771184921264648,0.7443914413452148,0.4540422260761261,0.3301340341567993,0.9346837401390076,0.42698712816490364,-1.1336823320365041,1.7219774516240705,1.9147234875125971,-0.2207718479198011,0.0,0.2533572372634082,0.2209722593820201,-0.021137108851692912,-0.05335723726340816,-0.02097225938202006,0.021137108851692912,0.2,0.2,0.0,0.336846265321066,-0.33782630011902426,False
0,159,0.42698712816490364,-1.1336823320365041,1.7219774516240705,1.9147234875125971,-0.2207718479198011,0.0,0.2533572372634082,0.2209722593820201,-0.021137108851692912,0.9377281665802002,0.9986540675163269,0.6058576107025146,0.7101871967315674,-0.02500447817146778,0.9767085313796997,0.4293782704685293,-1.131261045972654,1.721551937519519,1.9162418105224872,-0.2208993764558869,0.0,0.2533572372634082,0.2209722593820201,-0.021137108851692912,-0.05335723726340816,-0.02097225938202006,0.021137108851692912,0.2,0.2,0.0,0.336846265321066,-0.336846265321066,False
0,160,0.4293782704685293,-1.131261045972654,1.721551937519519,1.9162418105224872,-0.2208993764558869,0.0,0.2533572372634082,0.2209722593820201,-0.021137108851692912,0.9956262111663818,0.9981455206871033,0.15826348960399628,0.813972532749176,0.1050361692905426,0.9836778044700623,0.4293782704685293,-1.131261045972654,1.721551937519519,1.9162418105224872,-0.2208993764558869,0.0,0.2551044028378467,0.2229754857345238,-0.024075915672832626,-0.05510440283784668,-0.022975485734523786,0.024075915672832626,0.2,0.2,0.0,0.33967038920295445,-0.3961528668407237,False
0,161,0.4293782704685293,-1.131261045972654,1.721551937519519,1.9162418105224872,-0.2208993764558869,0.0,0.2551044028378467,0.2229754857345238,-0.024075915672832626,0.964768648147583,0.9998814463615417,-0.10224327445030212,0.6335290670394897,-0.2461811900138855,0.9649725556373596,0.4293782704685293,-1.131261045972654,1.721551937519519,1.9162418105224872,-0.2208993764558869,0.0,0.2552028753934471,0.22310571684146824,-0.024281591014620393,-0.05520287539344712,-0.02310571684146824,0.024281591014620393,0.2,0.2,0.0,0.3398444705429676,-0.34332609734323116,False
0,162,0.4293782704685293,-1.131261045972654,1.721551937519519,1.9162418105224872,-0.2208993764558869,0.0,0.2552028753934471,0.22310571684146824,-0.024281591014620393,0.9709609150886536,0.9994416236877441,0.40672510862350464,0.6199925541877747,0.049131084233522415,0.9992937445640564,0.45526353356711907,-1.1053084820824597,1.7180765727560752,1.9374028945758017,-0.21817122663550664,0.0,0.25539586427899547,0.22336675854522436,-0.02469626191116367,-0.05539586427899547,-0.023366758545224353,0.02469626191116367,0.2,0.2,0.0,0.340190625482538,-0.34711372427394505,False
0,163,0.45526353356711907,-1.1053084820824597,1.7180765727560752,1.9374028945758017,-0.21817122663550664,0.0,0.25539586427899547,0.22336675854522436,-0.02469626191116367,0.9620243906974792,0.9990419745445251,0.1313769817352295,0.611579179763794,0.4791998863220215,0.9981379508972168,0.4557328588801222,-1.1048230208485033,1.7179325456000332,1.9377072730549179,-0.21812151822779074,0.0,0.25539586427899547,0.22336675854522436,-0.02469626191116367,-0.05539586427899547,-0.023366758545224353,0.02469626191116367,0.2,0.2,0.0,0.340190625482538,-0.340190625482538,False
0,164,0.4557328588801222,-1.1048230208485033,1.7179325456000332,1.9377072730549179,-0.21812151822779074,0.0,0.25539586427899547,0.22336675854522436,-0.02469626191116367,0.9490317702293396,0.996000349521637,0.060563281178474426,0.8158855438232422,-0.2666252553462982,0.9909221529960632,0.45629242794041774,-1.1042394024098352,1.7177723814614927,1.9381137756819071,-0.21801713317223353,0.0,0.2553973517693558,0.22338772648046945,-0.024741239264872802,-0.05539735176935577,-0.023387726480469433,0.024741239264872802,0.2,0.2,0.0,0.34020877788980514,-0.3405718260351483,False
0,165,0.45629242794041774,-1.1042394024098352,1.7177723814614927,1.9381137756819071,-0.21801713317223353,0.0,0.2553973517693558,0.22338772648046945,-0.024741239264872802,0.9667478203773499,0.9958944916725159,0.239329531788826,0.667159914970398,-0.44585120677948,0.998461902141571,0.4570661445733386,-1.1034295417122868,1.7176887684644833,1.9387612445176343,-0.21826232566971915,0.0,0.2554567538103178,0.2234600871870645,-0.024848114136340832,-0.05545675381031777,-0.02346008718706448,0.024848114136340832,0.2,0.2,0.0,0.34030867225077943,-0.34230655947026534,False
0,166,0.4570661445733386,-1.1034295417122868,1.7176887684644833,1.9387612445176343,-0.21826232566971915,0.0,0.2554567538103178,0.2234600871870645,-0.024848114136340832,0.9682115912437439,0.9998550415039062,0.17933733761310577,0.7365970015525818,0.0016511365538462996,0.9982736110687256,0.4570661445733386,-1.1034295417122868,1.7176887684644833,1.9387612445176343,-0.21826232566971915,0.0,0.25594695088695013,0.22420396452861013,-0.025989279360028386,-0.05594695088695012,-0.02420396452861012,0.025989279360028386,0.2,0.2,0.0,0.34125020442532594,-0.36008084791625616,False
0,167,0.4570661445733386,-1.1034295417122868,1.7176887684644833,1.9387612445176343,-0.21826232566971915,0.0,0.25594695088695013,0.22420396452861013,-0.025989279360028386,0.9607862234115601,0.9998412728309631,-0.007251984905451536,0.3928946554660797,0.16635330021381378,0.9222713708877563,0.47065545087919053,-1.0893835743407623,1.715095997925113,1.948650442106905,-0.2211905808019746,0.0,0.25636448823155433,0.2247575579028152,-0.026804591016318713,-0.056364488231554336,-0.02475755790281519,0.026804591016318713,0.2,0.2,0.0,0.3419900535983703,-0.35678703705925774,False
0,168,0.47065545087919053,-1.0893835743407623,1.715095997925113,1.948650442106905,-0.2211905808019746,0.0,0.25636448823155433,0.2247575579028152,-0.026804591016318713,0.9799932837486267,0.9999128580093384,0.2753083109855652,0.5318136215209961,0.3590528964996338,0.9916762709617615,0.4718412560369348,-1.0881602135352677,1.7149852980542137,1.9494625883403798,-0.22087183648135308,0.0,0.25636448823155433,0.2247575579028152,-0.026804591016318713,-0.056364488231554336,-0.02475755790281519,0.026804591016318713,0.2,0.2,0.0,0.3419900535983703,-0.3419900535983703,False
0,169,0.4718412560369348,-1.0881602135352677,1.7149852980542137,1.9494625883403798,-0.22087183648135308,0.0,0.25636448823155433,0.2247575579028152,-0.026804591016318713,0.9889909625053406,0.9998607635498047,0.31198325753211975,0.5465009212493896,0.2890477180480957,0.9858579039573669,0.4718412560369348,-1.0881602135352677,1.7149852980542137,1.9494625883403798,-0.22087183648135308,0.0,0.2565659258025117,0.2252296559441374,-0.02753960138020088,-0.056565925802511685,-0.025229655944137386,0.02753960138020088,0.2,0.2,0.0,0.3425097105832108,-0.3529028502800201,False
0,170,0.4718412560369348,-1.0881602135352677,1.7149852980542137,1.9494625883403798,-0.22087183648135308,0.0,0.2565659258025117,0.2252296559441374,-0.02753960138020088,0.9520745277404785,0.9999822974205017,0.15095862746238708,0.2684127688407898,0.41175568103790283,0.9956490993499756,0.4718412560369348,-1.0881602135352677,1.7149852980542137,1.9494625883403798,-0.22087183648135308,0.0,0.2569433958442367,0.2265021277031377,-0.029182075639495167,-0.05694339584423669,-0.026502127703137708,0.029182075639495167,0.2,0.2,0.0,0.3437654957389497,-0.36888119885372833,False
0,171,0.4718412560369348,-1.0881602135352677,1.7149852980542137,1.9494625883403798,-0.22087183648135308,0.0,0.2569433958442367,0.2265021277031377,-0.029182075639495167,0.9755157232284546,0.9996317625045776,0.28932860493659973,0.6927898526191711,-0.041422829031944275,0.9315680265426636,0.4972475935636356,-1.061632581486261,1.7087025242287253,1.9577851986005494,-0.21044083688946588,0.0,0.25691918318815665,0.22656842041184308,-0.029260973103965512,-0.05691918318815667,-0.02656842041184307,0.029260973103965512,0.2,0.2,0.0,0.34379778993614585,-0.3444436738800686,False
0,172,0.4972475935636356,-1.061632581486261,1.7087025242287253,1.9577851986005494,-0.21044083688946588,0.0,0.25691918318815665,0.22656842041184308,-0.029260973103965512,0.9928738474845886,0.9896277189254761,0.22396044433116913,-0.08818476647138596,0.26514580845832825,0.9934332370758057,0.49736384394353744,-1.06150938415835,1.7087152758037836,1.9578517696085267,-0.21045417294970276,0.0,0.2569345667956327,0.2265831669673003,-0.02928067113098079,-0.056934566795632705,-0.02658316696730028,0.02928067113098079,0.2,0.2,0.0,0.343820681270443,-0.3442785079563864,False
0,173,0.49736384394353744,-1.06150938415835,1.7087152758037836,1.9578517696085267,-0.21045417294970276,0.0,0.2569345667956327,0.2265831669673003,-0.02928067113098079,0.976796567440033,0.9970142841339111,-0.03904014453291893,0.7746855020523071,-0.02487095072865486,0.987318754196167,0.4977032027547383,-1.0611758066598702,1.7085999647073595,1.9579692363322085,-0.21051080163050723,0.0,0.25690859822467926,0.22670148888757052,-0.02939932306779866,-0.056908598224679224,-0.026701488887570516,0.02939932306779866,0.2,0.2,0.0,0.34388939079659864,-0.345263581319711,False
0,174,0.4977032027547383,-1.0611758066598702,1.7085999647073595,1.9579692363322085,-0.21051080163050723,0.0,0.25690859822467926,0.22670148888757052,-0.02939932306779866,0.94107985496521,0.9999866485595703,-0.14578521251678467,0.5088526010513306,0.3561531901359558,0.9975138306617737,0.5003815020269888,-1.0584879905557458,1.7078254159668778,1.9578891245012922,-0.20974798616140272,0.0,0.25690782080099034,0.22674920700121226,-0.029459338123967102,-0.05690782080099034,-0.026749207001212243,0.029459338123967102,0.2,0.2,0.0,0.3439254045096038,-0.3446456787697069,False
0,175,0.5003815020269888,-1.0584879905557458,1.7078254159668778,1.9578891245012922,-0.20974798616140272,0.0,0.25690782080099034,0.22674920700121226,-0.029459338123967102,0.9892262816429138,0.999584436416626,0.22734835743904114,0.4414125680923462,0.011122512631118298,0.9895869493484497,0.5003815020269888,-1.0584879905557458,1.7078254159668778,1.9578891245012922,-0.20974798616140272,0.0,0.2569414590265949,0.2268373254412959,-0.02960536414308451,-0.05694145902659485,-0.026837325441295877,0.02960536414308451,0.2,0.2,0.0,0.34402116674140903,-0.34593641137751385,False
0,176,0.5003815020269888,-1.0584879905557458,1.7078254159668778,1.9578891245012922,-0.20974798616140272,0.0,0.2569414590265949,0.2268373254412959,-0.02960536414308451,0.980747401714325,0.996691107749939,0.11964236199855804,-0.1457851082086563,0.2598012387752533,0.994408130645752,0.5091443558461639,-1.0494743650524074,1.706357516073162,1.9620900158214163,-0.20888616752621442,0.0,0.2571808965190663,0.22739116665397477,-0.03035103316224297,-0.0571808965190663,-0.027391166653974758,0.03035103316224297,0.2,0.2,0.0,0.34463015164175925,-0.3568098496487636,False
0,177,0.5091443558461639,-1.0494743650524074,1.706357516073162,1.9620900158214163,-0.20888616752621442,0.0,0.2571808965190663,0.22739116665397477,-0.03035103316224297,0.9277822375297546,0.9121453166007996,0.5000720620155334,0.8377578258514404,-0.37025558948516846,0.9984888434410095,0.5126799900711254,-1.045993365089977,1.7058819914562953,1.9650499617958286,-0.2101659693976938,0.0,0.2572203995379669,0.22745989931078514,-0.030414826039757967,-0.05722039953796686,-0.027459899310785116,0.030414826039757967,0.2,0.2,0.0,0.3447106052560214,-0.3463196775412638,False
0,178,0.5126799900711254,-1.045993365089977,1.7058819914562953,1.9650499617958286,-0.2101659693976938,0.0,0.2572203995379669,0.22745989931078514,-0.030414826039757967,0.9969528913497925,0.9999209046363831,0.28950029611587524,0.7716151475906372,0.13504309952259064,0.9995640516281128,0.5129229680487745,-1.0457545318721675,1.7057747176389244,1.9652716881809524,-0.21026423093118907,0.0,0.2575075557374612,0.2279068331877096,-0.031095543023798744,-0.05750755573746118,-0.027906833187709597,0.031095543023798744,0.2,0.2,0.0,0.34528046378484417,-0.3566776343613001,False
0,179,0.5129229680487745,-1.0457545318721675,1.7057747176389244,1.9652716881809524,-0.21026423093118907,0.0,0.2575075557374612,0.2279068331877096,-0.031095543023798744,0.9614647030830383,0.9998687505722046,0.2653563916683197,0.17370307445526123,0.4737105965614319,0.9998425841331482,0.5154382465520263,-1.0432773912952857,1.7056120120675735,1.967531574466365,-0.21115185466398373,0.0,0.2575588103396561,0.22800593449672107,-0.031269242687598925,-0.05755881033965607,-0.028005934496721077,0.031269242687598925,0.2,0.2,0.0,0.3453997864613671,-0.3477862399918256,False
0,180,0.5154382465520263,-1.0432773912952857,1.7056120120675735,1.967531574466365,-0.21115185466398373,0.0,0.2575588103396561,0.22800593449672107,-0.031269242687598925,0.9921720027923584,0.9974875450134277,-0.1040109395980835,0.39355358481407166,0.4188790023326874,0.9935274720191956,0.5154382465520263,-1.0432773912952857,1.7056120120675735,1.967531574466365,-0.21115185466398373,0.0,0.2577313240754992,0.228525247279894,-0.031957131357748636,-0.057731324075499205,-0.028525247279893994,0.031957131357748636,0.2,0.2,0.0,0.34593421672142105,-0.3566228219225001,False
0,181,0.5154382465520263,-1.0432773912952857,1.7056120120675735,1.967531574466365,-0.21115185466398373,0.0,0.2577313240754992,0.228525247279894,-0.031957131357748636,0.9162117838859558,0.9530037045478821,0.46413713693618774,0.7819153666496277,-0.11484375596046448,0.9906443357467651,0.5154382465520263,-1.0432773912952857,1.7056120120675735,1.967531574466365,-0.21115185466398373,0.0,0.25792216198277973,0.22912924129888018,-0.03274696731624656,-0.05792216198277973,-0.02912924129888017,0.03274696731624656,0.2,0.2,0.0,0.34654929624583436,-0.35885088673410054,False
0,182,0.5154382465520263,-1.0432773912952857,1.7056120120675735,1.967531574466365,-0.21115185466398373,0.0,0.25792216198277973,0.22912924129888018,-0.03274696731624656,0.8013228178024292,0.9978021383285522,0.5099473595619202,0.9297288656234741,-0.1296473741531372,0.9853153824806213,0.5286838515610506,-1.029951524104659,1.7032164856485186,1.9727181972244954,-0.20552446870132007,0.0,0.25792216198277973,0.22912924129888018,-0.03274696731624656,-0.05792216198277973,-0.02912924129888017,0.03274696731624656,0.2,0.2,0.0,0.34654929624583436,-0.34654929624583436,False
0,183,0.5286838515610506,-1.029951524104659,1.7032164856485186,1.9727181972244954,-0.20552446870132007,0.0,0.25792216198277973,0.22912924129888018,-0.03274696731624656,0.9779679775238037,0.9998227953910828,0.19935639202594757,0.7940806150436401,-0.010179994627833366,0.9688989520072937,0.5288490470998674,-1.029785536521679,1.7032092376324668,1.9727843970684065,-0.20545507886120937,0.0,0.257958749874038,0.229165127323791,-0.03279345378397794,-0.05795874987403797,-0.02916512732379098,0.03279345378397794,0.2,0.2,0.0,0.3466046491739367,-0.3477117077359832,False
0,184,0.5288490470998674,-1.029785536521679,1.7032092376324668,1.9727843970684065,-0.20545507886120937,0.0,0.257958749874038,0.229165127323791,-0.03279345378397794,0.973088800907135,0.9732847809791565,0.11777970939874649,0.47128739953041077,-0.3203307092189789,0.9338500499725342,0.5288490470998674,-1.029785536521679,1.7032092376324668,1.9727843970684065,-0.20545507886120937,0.0,0.257958749874038,0.229165127323791,-0.03279345378397794,-0.05795874987403797,-0.02916512732379098,0.03279345378397794,0.2,0.2,0.0,0.3466046491739367,-0.3466046491739367,False
0,185,0.5288490470998674,-1.029785536521679,1.7032092376324668,1.9727843970684065,-0.20545507886120937,0.0,0.257958749874038,0.229165127323791,-0.03279345378397794,0.9954215288162231,0.9999998211860657,0.41296160221099854,0.3611678183078766,-0.2850586473941803,0.998895525932312,0.5288490470998674,-1.029785536521679,1.7032092376324668,1.9727843970684065,-0.20545507886120937,0.0,0.257958749874038,0.229165127323791,-0.03279345378397794,-0.05795874987403797,-0.02916512732379098,0.03279345378397794,0.2,0.2,0.0,0.3466046491739367,-0.3466046491739367,False
0,186,0.5288490470998674,-1.029785536521679,1.7032092376324668,1.9727843970684065,-0.20545507886120937,0.0,0.257958749874038,0.229165127323791,-0.03279345378397794,0.9767821431159973,0.9999828934669495,-0.009124457836151123,0.6057597398757935,-0.34309908747673035,0.9957568049430847,0.5288490470998674,-1.029785536521679,1.7032092376324668,1.9727843970684065,-0.20545507886120937,0.0,0.257958749874038,0.229165127323791,-0.03279345378397794,-0.05795874987403797,-0.02916512732379098,0.03279345378397794,0.2,0.2,0.0,0.3466046491739367,-0.3466046491739367,False
0,187,0.5288490470998674,-1.029785536521679,1.7032092376324668,1.9727843970684065,-0.20545507886120937,0.0,0.257958749874038,0.229165127323791,-0.03279345378397794,0.8888749480247498,0.998164176940918,-0.1952071189880371,0.668775200843811,-0.1770823448896408,0.9966946840286255,0.5288490470998674,-1.029785536521679,1.7032092376324668,1.9727843970684065,-0.20545507886120937,0.0,0.257958749874038,0.229165127323791,-0.03279345378397794,-0.05795874987403797,-0.02916512732379098,0.03279345378397794,0.2,0.2,0.0,0.3466046491739367,-0.3466046491739367,False
0,188,0.5288490470998674,-1.029785536521679,1.7032092376324668,1.9727843970684065,-0.20545507886120937,0.0,0.257958749874038,0.229165127323791,-0.03279345378397794,0.9587756395339966,0.9996623992919922,0.22720906138420105,0.6019052267074585,0.05257539078593254,0.991138756275177,0.5288490470998674,-1.029785536521679,1.7032092376324668,1.9727843970684065,-0.20545507886120937,0.0,0.2580102852563312,0.22927301329646593,-0.03297025941133304,-0.05801028525633119,-0.029273013296465908,0.03297025941133304,0.2,0.2,0.0,0.34673110608906355,-0.34926024439160075,False
0,189,0.5288490470998674,-1.029785536521679,1.7032092376324668,1.9727843970684065,-0.20545507886120937,0.0,0.2580102852563312,0.22927301329646593,-0.03297025941133304,0.998996913433075,0.9999656677246094,0.06302399933338165,0.04733051359653473,0.08331550657749176,0.9996951222419739,0.5288490470998674,-1.029785536521679,1.7032092376324668,1.9727843970684065,-0.20545507886120937,0.0,0.25806482747746906,0.22941081757117848,-0.03312087190714569,-0.058064827477469064,-0.02941081757117847,0.03312087190714569,0.2,0.2,0.0,0.3468771692624667,-0.3497984327305298,False
0,190,0.5288490470998674,-1.029785536521679,1.7032092376324668,1.9727843970684065,-0.20545507886120937,0.0,0.25806482747746906,0.22941081757117848,-0.03312087190714569,0.9990832805633545,0.9999915361404419,0.43866607546806335,0.5487779378890991,0.10825628787279129,0.9992582201957703,0.5288490470998674,-1.029785536521679,1.7032092376324668,1.9727843970684065,-0.20545507886120937,0.0,0.2580780473249418,0.2297005498664292,-0.033484090638700725,-0.05807804732494176,-0.029700549866429206,0.033484090638700725,0.2,0.2,0.0,0.3471135339422759,-0.35184082753845985,False
0,191,0.5288490470998674,-1.029785536521679,1.7032092376324668,1.9727843970684065,-0.20545507886120937,0.0,0.2580780473249418,0.2297005498664292,-0.033484090638700725,0.7170094847679138,0.9999317526817322,0.24161702394485474,0.6702796816825867,-0.0894797295331955,0.9979930520057678,0.5288490470998674,-1.029785536521679,1.7032092376324668,1.9727843970684065,-0.20545507886120937,0.0,0.2582322239838364,0.22992969357316478,-0.03384795864003298,-0.05823222398383636,-0.02992969357316478,0.03384795864003298,0.2,0.2,0.0,0.34741506846189774,-0.3534457588543345,False
0,192,0.5288490470998674,-1.029785536521679,1.7032092376324668,1.9727843970684065,-0.20545507886120937,0.0,0.2582322239838364,0.22992969357316478,-0.03384795864003298,0.9897751808166504,0.9995979070663452,-0.11949190497398376,0.9104482531547546,-0.13558657467365265,0.9998459815979004,0.5288490470998674,-1.029785536521679,1.7032092376324668,1.9727843970684065,-0.20545507886120937,0.0,0.2586151048758211,0.23037744760236087,-0.03464850735832971,-0.058615104875821125,-0.03037744760236085,0.03464850735832971,0.2,0.2,0.0,0.34807479066411967,-0.3612692347085584,False
0,193,0.5288490470998674,-1.029785536521679,1.7032092376324668,1.9727843970684065,-0.20545507886120937,0.0,0.2586151048758211,0.23037744760236087,-0.03464850735832971,0.9983304738998413,0.9787417650222778,-0.13194504380226135,0.6398828029632568,0.04467824846506119,0.9999794960021973,0.5288490470998674,-1.029785536521679,1.7032092376324668,1.9727843970684065,-0.20545507886120937,0.0,0.2588867914543387,0.23084059155816156,-0.03540681004143288,-0.0588867914543387,-0.03084059155816156,0.03540681004143288,0.2,0.2,0.0,0.3486594207787226,-0.36035202307078085,False
0,194,0.5288490470998674,-1.029785536521679,1.7032092376324668,1.9727843970684065,-0.20545507886120937,0.0,0.2588867914543387,0.23084059155816156,-0.03540681004143288,0.9965246319770813,0.9990773797035217,-0.21678590774536133,0.035043664276599884,0.006977348122745752,0.9877387881278992,0.5288490470998674,-1.029785536521679,1.7032092376324668,1.9727843970684065,-0.20545507886120937,0.0,0.25888936364900167,0.2309131412937342,-0.03549398712426782,-0.058889363649001644,-0.030913141293734188,0.03549398712426782,0.2,0.2,0.0,0.3487182308895002,-0.3498944331050528,False
0,195,0.5288490470998674,-1.029785536521679,1.7032092376324668,1.9727843970684065,-0.20545507886120937,0.0,0.25888936364900167,0.2309131412937342,-0.03549398712426782,0.9694957137107849,0.9981918334960938,0.1574777215719223,0.44585108757019043,0.11089405417442322,0.9970912337303162,0.5482301761273469,-1.0076594407014392,1.7007087685003297,1.9869582355254012,-0.20639131720483334,0.0,0.25888936364900167,0.2309131412937342,-0.03549398712426782,-0.058889363649001644,-0.030913141293734188,0.03549398712426782,0.2,0.2,0.0,0.3487182308895002,-0.3487182308895002,False
0,196,0.5482301761273469,-1.0076594407014392,1.7007087685003297,1.9869582355254012,-0.20639131720483334,0.0,0.25888936364900167,0.2309131412937342,-0.03549398712426782,0.9722204208374023,0.999961256980896,0.21515418589115143,0.6947298049926758,-0.06275562196969986,0.9982288479804993,0.5506579228265766,-1.0052380357179047,1.701194488231894,1.988423313144165,-0.2063771475006778,0.0,0.2588769281993513,0.2309221044730652,-0.03547913637677538,-0.05887692819935132,-0.03092210447306517,0.03547913637677538,0.2,0.2,0.0,0.3487134230370881,-0.34861726598884535,False
0,197,0.5506579228265766,-1.0052380357179047,1.701194488231894,1.988423313144165,-0.2063771475006778,0.0,0.2588769281993513,0.2309221044730652,-0.03547913637677538,0.9722468256950378,0.9998466372489929,-0.1031128466129303,0.6328428983688354,-0.15014058351516724,0.9999148845672607,0.5506579228265766,-1.0052380357179047,1.701194488231894,1.988423313144165,-0.2063771475006778,0.0,0.2594367713257393,0.23192324446999749,-0.036781313930913107,-0.059436771325739254,-0.031923244469997475,0.036781313930913107,0.2,0.2,0.0,0.34992669903266677,-0.37419221894424054,False
0,198,0.5506579228265766,-1.0052380357179047,1.701194488231894,1.988423313144165,-0.2063771475006778,0.0,0.2594367713257393,0.23192324446999749,-0.036781313930913107,0.9990212917327881,0.9991800785064697,0.2527572512626648,0.3318271040916443,0.23719267547130585,0.9933257699012756,0.5593321264910566,-0.9962933495739326,1.700909421653619,1.9946708146293446,-0.20703562745351894,0.0,0.2594783176481994,0.23201395649036988,-0.03691376970747129,-0.059478317648199414,-0.03201395649036986,0.03691376970747129,0.2,0.2,0.0,0.3500315696189007,-0.3521289813435793,False
0,199,0.5593321264910566,-0.9962933495739326,1.700909421653619,1.9946708146293446,-0.20703562745351894,0.0,0.2594783176481994,0.23201395649036988,-0.03691376970747129,0.9836353063583374,0.9995550513267517,0.13988451659679413,0.6696807146072388,-0.1904096007347107,0.9999788999557495,0.5611045795125611,-0.994435806293341,1.7008128384243837,1.9958236396551483,-0.2073327072026973,0.0,0.2596465206294315,0.23239540374595116,-0.0374478220455365,-0.05964652062943149,-0.032395403745951144,0.0374478220455365,0.2,0.2,0.0,0.35046580251597675,-0.35915046045749793,False
0,200,0.5611045795125611,-0.994435806293341,1.7008128384243837,1.9958236396551483,-0.2073327072026973,0.0,0.2596465206294315,0.23239540374595116,-0.0374478220455365,0.8080364465713501,0.999830424785614,0.19313238561153412,0.027033833786845207,-0.13963496685028076,0.004927356727421284,0.5611045795125611,-0.994435806293341,1.7008128384243837,1.9958236396551483,-0.2073327072026973,0.0,0.25966199355234987,0.23279562120046343,-0.037914562339085564,-0.05966199355234986,-0.032795621200463435,0.037914562339085564,0.2,0.2,0.0,0.35079291067958407,-0.35733507395173036,False
0,201,0.5611045795125611,-0.994435806293341,1.7008128384243837,1.9958236396551483,-0.2073327072026973,0.0,0.25966199355234987,0.23279562120046343,-0.037914562339085564,0.9497197866439819,0.9996815919876099,-0.12958364188671112,0.8936223983764648,0.014232181012630463,0.9998207688331604,0.5611045795125611,-0.994435806293341,1.7008128384243837,1.9958236396551483,-0.2073327072026973,0.0,0.2596255029529746,0.23288301322361418,-0.038030908806806374,-0.05962550295297461,-0.032883013223614165,0.038030908806806374,0.2,0.2,0.0,0.3508364998918538,-0.35170828413724803,False
0,202,0.5611045795125611,-0.994435806293341,1.7008128384243837,1.9958236396551483,-0.2073327072026973,0.0,0.2596255029529746,0.23288301322361418,-0.038030908806806374,0.8943622708320618,0.9691081643104553,0.022797441110014915,0.8023682236671448,0.34074002504348755,0.9999931454658508,0.5611045795125611,-0.994435806293341,1.7008128384243837,1.9958236396551483,-0.2073327072026973,0.0,0.2596255029529746,0.23288301322361418,-0.038030908806806374,-0.05962550295297461,-0.032883013223614165,0.038030908806806374,0.2,0.2,0.0,0.3508364998918538,-0.3508364998918538,False
0,203,0.5611045795125611,-0.994435806293341,1.7008128384243837,1.9958236396551483,-0.2073327072026973,0.0,0.2596255029529746,0.23288301322361418,-0.038030908806806374,0.6655444502830505,0.9971868991851807,-0.03893338516354561,0.27397969365119934,0.15577825903892517,0.9840826988220215,0.5696210604045601,-0.9843746219353833,1.6990837111110684,1.9974954286548776,-0.2088518002661409,0.0,0.2596650756700145,0.23300544529683992,-0.03821956910443876,-0.059665075670014514,-0.03300544529683991,0.03821956910443876,0.2,0.2,0.0,0.3509675548013263,-0.35358865299077663,False
0,204,0.5696210604045601,-0.9843746219353833,1.6990837111110684,1.9974954286548776,-0.2088518002661409,0.0,0.2596650756700145,0.23300544529683992,-0.03821956910443876,0.985148549079895,0.999675452709198,-0.32646310329437256,0.45632749795913696,-0.1554209440946579,0.8597835898399353,0.5696210604045601,-0.9843746219353833,1.6990837111110684,1.9974954286548776,-0.2088518002661409,0.0,0.2596973499443597,0.2335194032908304,-0.0391111745359067,-0.059697349944359726,-0.0335194032908304,0.0391111745359067,0.2,0.2,0.0,0.3514309452154248,-0.3606987534973945,False
0,205,0.5696210604045601,-0.9843746219353833,1.6990837111110684,1.9974954286548776,-0.2088518002661409,0.0,0.2596973499443597,0.2335194032908304,-0.0391111745359067,0.9609013795852661,0.9932419061660767,0.1266040802001953,0.6156436204910278,0.17892809212207794,0.9983180165290833,0.5696210604045601,-0.9843746219353833,1.6990837111110684,1.9974954286548776,-0.2088518002661409,0.0,0.25955734703946487,0.23408224240040904,-0.0401309571674395,-0.05955734703946483,-0.03408224240040901,0.0401309571674395,0.2,0.2,0.0,0.35181672264482244,-0.35953227123277565,False
0,206,0.5696210604045601,-0.9843746219353833,1.6990837111110684,1.9974954286548776,-0.2088518002661409,0.0,0.25955734703946487,0.23408224240040904,-0.0401309571674395,0.9845371246337891,0.9999595880508423,-0.05767854303121567,-0.2811993956565857,0.20052601397037506,0.9981372952461243,0.5696210604045601,-0.9843746219353833,1.6990837111110684,1.9974954286548776,-0.2088518002661409,0.0,0.2599802533830376,0.2345447038463273,-0.04051535521857409,-0.059980253383037585,-0.034544703846327296,0.04051535521857409,0.2,0.2,0.0,0.3524804168460385,-0.3657543008703592,False
0,207,0.5696210604045601,-0.9843746219353833,1.6990837111110684,1.9974954286548776,-0.2088518002661409,0.0,0.2599802533830376,0.2345447038463273,-0.04051535521857409,0.9531608819961548,0.999947190284729,-0.06970774382352829,0.8117467761039734,-0.010531974956393242,0.9992182850837708,0.5696210604045601,-0.9843746219353833,1.6990837111110684,1.9974954286548776,-0.2088518002661409,0.0,0.2599433170949106,0.23457284588565722,-0.04037435443313947,-0.059943317094910575,-0.034572845885657205,0.04037435443313947,0.2,0.2,0.0,0.35245572292856064,-0.3519618445790039,False
0,208,0.5696210604045601,-0.9843746219353833,1.6990837111110684,1.9974954286548776,-0.2088518002661409,0.0,0.2599433170949106,0.23457284588565722,-0.04037435443313947,0.9239416122436523,0.9972978234291077,-0.08612063527107239,-0.39649122953414917,0.2606612741947174,0.9987360835075378,0.5914357944813291,-0.9614705412947324,1.6956875641564264,2.006129670799912,-0.20842260465399762,0.0,0.25995050082576837,0.23461983332998723,-0.0403646467327589,-0.059950500825768374,-0.034619833329987214,0.0403646467327589,0.2,0.2,0.0,0.35249118255244233,-0.353200375030076,False
0,209,0.5914357944813291,-0.9614705412947324,1.6956875641564264,2.006129670799912,-0.20842260465399762,0.0,0.25995050082576837,0.23461983332998723,-0.0403646467327589,0.9616950750350952,0.9979826211929321,-0.27075326442718506,0.6333509087562561,0.3021699786186218,0.998066782951355,0.5920110560967329,-0.9608807542541596,1.6957717034197755,2.0064479267225805,-0.20827834086757163,0.0,0.2599630447055752,0.2346446269675005,-0.04039908742004422,-0.05996304470557516,-0.034644626967500466,0.04039908742004422,0.2,0.2,0.0,0.3525208814264521,-0.3531148589066476,False
0,210,0.5920110560967329,-0.9608807542541596,1.6957717034197755,2.0064479267225805,-0.20827834086757163,0.0,0.2599630447055752,0.2346446269675005,-0.04039908742004422,0.98786461353302,0.9987912178039551,-0.3346027731895447,0.51922607421875,-0.1750003546476364,0.3927144706249237,0.5920110560967329,-0.9608807542541596,1.6957717034197755,2.0064479267225805,-0.20827834086757163,0.0,0.2599627472428887,0.23469312040469506,-0.04048972994996918,-0.05996274724288869,-0.03469312040469505,0.04048972994996918,0.2,0.2,0.0,0.352563340338703,-0.3534125185837212,False
0,211,0.5920110560967329,-0.9608807542541596,1.6957717034197755,2.0064479267225805,-0.20827834086757163,0.0,0.2599627472428887,0.23469312040469506,-0.04048972994996918,0.9981227517127991,0.999878466129303,0.17029991745948792,0.23382030427455902,0.02360684610903263,0.9995226860046387,0.59393585604143,-0.9589219091448262,1.6951426827308806,2.0075249068244587,-0.2083854677072728,0.0,0.2599495837322758,0.23477428368216863,-0.040641338024873574,-0.05994958373227578,-0.03477428368216863,0.040641338024873574,0.2,0.2,0.0,0.35262511073023556,-0.35386051856088646,False
0,212,0.59393585604143,-0.9589219091448262,1.6951426827308806,2.0075249068244587,-0.2083854677072728,0.0,0.2599495837322758,0.23477428368216863,-0.040641338024873574,0.9174777269363403,0.9996461868286133,0.29606425762176514,0.0667802169919014,0.18610943853855133,0.9623517394065857,0.5942670943224339,-0.9585753679655616,1.6952326680827232,2.0075702369669255,-0.20834544755168172,0.0,0.2599495837322758,0.23477428368216863,-0.040641338024873574,-0.05994958373227578,-0.03477428368216863,0.040641338024873574,0.2,0.2,0.0,0.35262511073023556,-0.35262511073023556,False
0,213,0.5942670943224339,-0.9585753679655616,1.6952326680827232,2.0075702369669255,-0.20834544755168172,0.0,0.2599495837322758,0.23477428368216863,-0.040641338024873574,0.9597908854484558,0.99982088804245,-0.27686452865600586,0.24253179132938385,-0.15229927003383636,0.9910646080970764,0.5947104900549973,-0.9580947603164287,1.6953408600903321,2.007612488420027,-0.20827583630482888,0.0,0.25997802522277014,0.23482955493584756,-0.04067820288174238,-0.05997802522277014,-0.03482955493584754,0.04067820288174238,0.2,0.2,0.0,0.3526871271534981,-0.3539274556187488,False
0,214,0.5947104900549973,-0.9580947603164287,1.6953408600903321,2.007612488420027,-0.20827583630482888,0.0,0.25997802522277014,0.23482955493584756,-0.04067820288174238,0.9968382716178894,0.9997274875640869,0.018094372004270554,0.8294104337692261,0.009161067195236683,0.8888622522354126,0.5953862858977694,-0.9573981737997617,1.6951950166577967,2.0078885581902997,-0.20835644988898352,0.0,0.2599831676925904,0.2348893439155731,-0.040745872038494155,-0.05998316769259039,-0.03488934391557308,0.040745872038494155,0.2,0.2,0.0,0.3527385397950432,-0.3537667926259457,False
0,215,0.5953862858977694,-0.9573981737997617,1.6951950166577967,2.0078885581902997,-0.20835644988898352,0.0,0.2599831676925904,0.2348893439155731,-0.040745872038494155,0.9919028282165527,0.9996970891952515,-0.013843098655343056,0.6255195140838623,0.016252756118774414,0.9873582124710083,0.5962494133235414,-0.9565321536483732,1.6952090922998317,2.0085783416007565,-0.20834497390032172,0.0,0.26002478192480505,0.23498028263159587,-0.04087909016080461,-0.06002478192480501,-0.03498028263159586,0.04087909016080461,0.2,0.2,0.0,0.35284517915516755,-0.35497796635765433,False
0,216,0.5962494133235414,-0.9565321536483732,1.6952090922998317,2.0085783416007565,-0.20834497390032172,0.0,0.26002478192480505,0.23498028263159587,-0.04087909016080461,0.8350691795349121,0.9993619322776794,0.07022330909967422,0.7916290163993835,-0.04546932131052017,0.5310034155845642,0.5967937033074101,-0.9559552270686906,1.695215763981904,2.00896677974548,-0.20834662373719837,0.0,0.2600476460633136,0.23504059471325864,-0.040961684801100226,-0.0600476460633136,-0.03504059471325863,0.040961684801100226,0.2,0.2,0.0,0.35291177227173565,-0.3542436346030975,False
0,217,0.5967937033074101,-0.9559552270686906,1.695215763981904,2.00896677974548,-0.20834662373719837,0.0,0.2600476460633136,0.23504059471325864,-0.040961684801100226,0.9678557515144348,0.9930571913719177,0.3067758083343506,-0.06854283809661865,0.0524045005440712,0.9998738765716553,0.5967937033074101,-0.9559552270686906,1.695215763981904,2.00896677974548,-0.20834662373719837,0.0,0.2601106038148665,0.23515005233040717,-0.041124549307436115,-0.06011060381486649,-0.035150052330407154,0.041124549307436115,0.2,0.2,0.0,0.3530499991271313,-0.35581453623504455,False
0,218,0.5967937033074101,-0.9559552270686906,1.695215763981904,2.00896677974548,-0.20834662373719837,0.0,0.2601106038148665,0.23515005233040717,-0.041124549307436115,0.9833363890647888,0.9999915361404419,0.04210759699344635,0.6235724687576294,0.2061029076576233,0.9976569414138794,0.5984189503356736,-0.9540686563455452,1.6953555656237242,2.0103625634803555,-0.20835279935148132,0.0,0.26015663717183496,0.2352400705553791,-0.04124669889913859,-0.06015663717183495,-0.0352400705553791,0.04124669889913859,0.2,0.2,0.0,0.3531581187365423,-0.35532051092476197,False
0,219,0.5984189503356736,-0.9540686563455452,1.6953555656237242,2.0103625634803555,-0.20835279935148132,0.0,0.26015663717183496,0.2352400705553791,-0.04124669889913859,0.9987236261367798,0.9999132752418518,0.30388739705085754,0.41463756561279297,0.18489308655261993,0.9955716133117676,0.598641282090933,-0.9538444239679574,1.6953644950654205,2.010500726417476,-0.2083034167068264,0.0,0.26020955267237755,0.2353721409578932,-0.04141737207229135,-0.060209552672377556,-0.03537214095789318,0.04141737207229135,0.2,0.2,0.0,0.35330504489808207,-0.35624356812887753,False
0,220,0.598641282090933,-0.9538444239679574,1.6953644950654205,2.010500726417476,-0.2083034167068264,0.0,0.26020955267237755,0.2353721409578932,-0.04141737207229135,0.9774970412254333,0.9999116063117981,0.2738937735557556,-0.0812472552061081,0.20919939875602722,0.9963539242744446,0.598641282090933,-0.9538444239679574,1.6953644950654205,2.010500726417476,-0.2083034167068264,0.0,0.26016840547673936,0.2363035650023355,-0.04212471285803027,-0.06016840547673938,-0.03630356500233549,0.04212471285803027,0.2,0.2,0.0,0.35397947041388367,-0.3674679807299157,False
0,221,0.598641282090933,-0.9538444239679574,1.6953644950654205,2.010500726417476,-0.2083034167068264,0.0,0.26016840547673936,0.2363035650023355,-0.04212471285803027,0.9810961484909058,0.9999921917915344,0.4726250469684601,0.3108059763908386,-0.09342259913682938,0.9909429550170898,0.598641282090933,-0.9538444239679574,1.6953644950654205,2.010500726417476,-0.2083034167068264,0.0,0.25994218005398095,0.2367154178208874,-0.042501597894140444,-0.05994218005398094,-0.036715417820887386,0.042501597894140444,0.2,0.2,0.0,0.3541334661238454,-0.35721338032307975,False
0,222,0.598641282090933,-0.9538444239679574,1.6953644950654205,2.010500726417476,-0.2083034167068264,0.0,0.25994218005398095,0.2367154178208874,-0.042501597894140444,0.9727407097816467,0.9999157786369324,0.22247670590877533,0.18127204477787018,0.446485310792923,0.8870725035667419,0.620590618225986,-0.9314064046004988,1.692311954984053,2.009485556445825,-0.2039103599697383,0.0,0.25994218005398095,0.2367154178208874,-0.042501597894140444,-0.05994218005398094,-0.036715417820887386,0.042501597894140444,0.2,0.2,0.0,0.3541334661238454,-0.3541334661238454,False
0,223,0.620590618225986,-0.9314064046004988,1.692311954984053,2.009485556445825,-0.2039103599697383,0.0,0.25994218005398095,0.2367154178208874,-0.042501597894140444,0.9746753573417664,0.9998162388801575,0.5295915603637695,0.5262901186943054,0.36642923951148987,0.9797235727310181,0.6207465380841993,-0.9312433998497255,1.692381833555522,2.0096240158075784,-0.20371211098856873,0.0,0.2599708834996824,0.23675386645167418,-0.04255389848885059,-0.05997088349968237,-0.03675386645167415,0.04255389848885059,0.2,0.2,0.0,0.35418651558751074,-0.35524750486081785,False
0,224,0.6207465380841993,-0.9312433998497255,1.692381833555522,2.0096240158075784,-0.20371211098856873,0.0,0.2599708834996824,0.23675386645167418,-0.04255389848885059,0.9890552163124084,0.9998612403869629,0.47714170813560486,0.6498703956604004,0.3202912509441376,0.9998761415481567,0.621379339807692,-0.9305969782422338,1.6923611009838846,2.0099853573895063,-0.20348725639115436,0.0,0.2599973529691354,0.23680416031019796,-0.042610186987303525,-0.05999735296913539,-0.03680416031019797,0.042610186987303525,0.2,0.2,0.0,0.35424632944642925,-0.3554426066247995,False
0,225,0.621379339807692,-0.9305969782422338,1.6923611009838846,2.0099853573895063,-0.20348725639115436,0.0,0.2599973529691354,0.23680416031019796,-0.042610186987303525,0.9871764183044434,0.9994447231292725,0.018252521753311157,0.13084496557712555,-0.001766679808497429,0.9992063641548157,0.621903158147952,-0.9300700628970098,1.6922390267118679,2.010142746306059,-0.20343398172538033,0.0,0.2599931356434715,0.23684442922718052,-0.04268353328352408,-0.0599931356434715,-0.03684442922718052,0.04268353328352408,0.2,0.2,0.0,0.35427898364317234,-0.3549320675780341,False
0,226,0.621903158147952,-0.9300700628970098,1.6922390267118679,2.010142746306059,-0.20343398172538033,0.0,0.2599931356434715,0.23684442922718052,-0.04268353328352408,0.9854689836502075,0.9993329048156738,0.32661402225494385,0.400385320186615,0.01829974167048931,0.9999787211418152,0.6226524731582853,-0.9293115718283413,1.6921841861423375,2.010320855220355,-0.2034303653746639,0.0,0.2600126503330031,0.23692375693727977,-0.042753029308808393,-0.060012650333003056,-0.03692375693727975,0.042753029308808393,0.2,0.2,0.0,0.3543547183960552,-0.3558694134537124,False
0,227,0.6226524731582853,-0.9293115718283413,1.6921841861423375,2.010320855220355,-0.2034303653746639,0.0,0.2600126503330031,0.23692375693727977,-0.042753029308808393,0.9801121354103088,0.9999940991401672,0.22940468788146973,0.9196946024894714,0.30853644013404846,0.9919387698173523,0.6229980687594591,-0.9289640799254014,1.6922265546433326,2.010523158611167,-0.20338926518383452,0.0,0.26002669665435485,0.2369815964328057,-0.042835322878885494,-0.060026696654354825,-0.0369815964328057,0.042835322878885494,0.2,0.2,0.0,0.3544136353287715,-0.3555919739830978,False
0,228,0.6229980687594591,-0.9289640799254014,1.6922265546433326,2.010523158611167,-0.20338926518383452,0.0,0.26002669665435485,0.2369815964328057,-0.042835322878885494,0.9946467876434326,0.999729573726654,0.42835044860839844,0.1849958449602127,0.013830390758812428,0.9989916086196899,0.6229980687594591,-0.9289640799254014,1.6922265546433326,2.010523158611167,-0.20338926518383452,0.0,0.26002669665435485,0.2369815964328057,-0.042835322878885494,-0.060026696654354825,-0.0369815964328057,0.042835322878885494,0.2,0.2,0.0,0.3544136353287715,-0.3544136353287715,False
0,229,0.6229980687594591,-0.9289640799254014,1.6922265546433326,2.010523158611167,-0.20338926518383452,0.0,0.26002669665435485,0.2369815964328057,-0.042835322878885494,0.9860628843307495,0.9999158978462219,0.3253421485424042,0.5242272615432739,-0.04791080206632614,0.9996448755264282,0.6229980687594591,-0.9289640799254014,1.6922265546433326,2.010523158611167,-0.20338926518383452,0.0,0.26020017239857085,0.23752644774348614,-0.04350613968660724,-0.06020017239857081,-0.03752644774348614,0.04350613968660724,0.2,0.2,0.0,0.354986939596819,-0.3664530249577684,False
0,230,0.6229980687594591,-0.9289640799254014,1.6922265546433326,2.010523158611167,-0.20338926518383452,0.0,0.26020017239857085,0.23752644774348614,-0.04350613968660724,0.9280940890312195,0.9999005198478699,0.05358507111668587,0.5926815271377563,0.20562849938869476,0.997029185295105,0.6229980687594591,-0.9289640799254014,1.6922265546433326,2.010523158611167,-0.20338926518383452,0.0,0.26042438555127845,0.2381848668676914,-0.04437850244081684,-0.06042438555127845,-0.03818486686769141,0.04437850244081684,0.2,0.2,0.0,0.35569979318721906,-0.36995686499522057,False
0,231,0.6229980687594591,-0.9289640799254014,1.6922265546433326,2.010523158611167,-0.20338926518383452,0.0,0.26042438555127845,0.2381848668676914,-0.04437850244081684,0.9526112079620361,0.9967283010482788,0.46267959475517273,0.24277764558792114,0.3289879858493805,0.9995220899581909,0.6229980687594591,-0.9289640799254014,1.6922265546433326,2.010523158611167,-0.20338926518383452,0.0,0.26051209823687616,0.23842088207107592,-0.04470279227722864,-0.06051209823687616,-0.038420882071075926,0.04470279227722864,0.2,0.2,0.0,0.35596265249701514,-0.3612198386929368,False
0,232,0.6229980687594591,-0.9289640799254014,1.6922265546433326,2.010523158611167,-0.20338926518383452,0.0,0.26051209823687616,0.23842088207107592,-0.04470279227722864,0.9968283176422119,0.9999503493309021,-0.02331293374300003,0.853060781955719,0.36544811725616455,0.9985806941986084,0.6382563729020679,-0.9130009837505844,1.692957030514899,2.019924977149978,-0.2009464614213226,0.0,0.26062962461108474,0.23883895190175325,-0.045474966174468334,-0.06062962461108476,-0.038838951901753224,0.045474966174468334,0.2,0.2,0.0,0.35642645625572184,-0.3657025314298557,False
0,233,0.6382563729020679,-0.9130009837505844,1.692957030514899,2.019924977149978,-0.2009464614213226,0.0,0.26062962461108474,0.23883895190175325,-0.045474966174468334,0.9434708952903748,0.9999191761016846,0.026664581149816513,0.6962951421737671,0.10321245342493057,0.9997592568397522,0.6382563729020679,-0.9130009837505844,1.692957030514899,2.019924977149978,-0.2009464614213226,0.0,0.2607926413861289,0.23942820957559352,-0.04646557797623964,-0.06079264138612889,-0.03942820957559351,0.04646557797623964,0.2,0.2,0.0,0.3570682277638188,-0.36990365792575813,False
0,234,0.6382563729020679,-0.9130009837505844,1.692957030514899,2.019924977149978,-0.2009464614213226,0.0,0.2607926413861289,0.23942820957559352,-0.04646557797623964,0.9743145704269409,0.9993706345558167,-0.06528172641992569,0.2580992877483368,-0.11758791655302048,0.9996719360351562,0.6522583988911015,-0.8986126365132034,1.6927931781182988,2.031891656156268,-0.19731502219267588,0.0,0.26097100855377686,0.24001703643654138,-0.04726449093630431,-0.06097100855377684,-0.04001703643654138,0.04726449093630431,0.2,0.2,0.0,0.3576981649223595,-0.3702969080931736,False
0,235,0.6522583988911015,-0.8986126365132034,1.6927931781182988,2.031891656156268,-0.19731502219267588,0.0,0.26097100855377686,0.24001703643654138,-0.04726449093630431,0.9729359745979309,0.9963798522949219,-0.39745938777923584,0.4904106855392456,0.3656836450099945,0.9983944296836853,0.6533975448865991,-0.8973816134686372,1.6928363190512759,2.032438714908924,-0.1974361864531188,0.0,0.26096868352248515,0.2400439676142356,-0.04729435689144475,-0.06096868352248512,-0.04004396761423559,0.04729435689144475,0.2,0.2,0.0,0.3577184875865637,-0.3581249408706479,False
0,236,0.6533975448865991,-0.8973816134686372,1.6928363190512759,2.032438714908924,-0.1974361864531188,0.0,0.26096868352248515,0.2400439676142356,-0.04729435689144475,0.9845439791679382,0.9934799075126648,0.005629733204841614,0.38803786039352417,0.3394525945186615,0.9994641542434692,0.6534529694507809,-0.8973249787890796,1.6928124738805266,2.0324672775471346,-0.1974136647792543,0.0,0.2609288551308264,0.24010207340186965,-0.047429910670320645,-0.06092885513082638,-0.04010207340186963,0.047429910670320645,0.2,0.2,0.0,0.3577463759676053,-0.35830414358843654,False
0,237,0.6534529694507809,-0.8973249787890796,1.6928124738805266,2.0324672775471346,-0.1974136647792543,0.0,0.2609288551308264,0.24010207340186965,-0.047429910670320645,0.9899636507034302,0.9986307621002197,0.3960614502429962,0.05658767744898796,0.4869648814201355,0.9995607733726501,0.6534529694507809,-0.8973249787890796,1.6928124738805266,2.0324672775471346,-0.1974136647792543,0.0,0.260927493121313,0.24016718163893858,-0.04752332909565614,-0.06092749312131299,-0.040167181638938565,0.04752332909565614,0.2,0.2,0.0,0.3578014793307845,-0.3589035465943687,False
0,238,0.6534529694507809,-0.8973249787890796,1.6928124738805266,2.0324672775471346,-0.1974136647792543,0.0,0.260927493121313,0.24016718163893858,-0.04752332909565614,0.9805663228034973,0.9887505173683167,0.5050364136695862,0.5086643695831299,0.11794821172952652,0.9983313083648682,0.6534529694507809,-0.8973249787890796,1.6928124738805266,2.0324672775471346,-0.1974136647792543,0.0,0.260927493121313,0.24016718163893858,-0.04752332909565614,-0.06092749312131299,-0.040167181638938565,0.04752332909565614,0.2,0.2,0.0,0.3578014793307845,-0.3578014793307845,False
0,239,0.6534529694507809,-0.8973249787890796,1.6928124738805266,2.0324672775471346,-0.1974136647792543,0.0,0.260927493121313,0.24016718163893858,-0.04752332909565614,0.9948607087135315,0.9989149570465088,0.2599870264530182,0.5710048079490662,0.431095689535141,0.9978656768798828,0.6534529694507809,-0.8973249787890796,1.6928124738805266,2.0324672775471346,-0.1974136647792543,0.0,0.2610333577813625,0.24038240102929054,-0.04769708832771946,-0.06103335778136247,-0.04038240102929054,0.04769708832771946,0.2,0.2,0.0,0.35804626074595686,-0.3629418890494042,False
0,240,0.6534529694507809,-0.8973249787890796,1.6928124738805266,2.0324672775471346,-0.1974136647792543,0.0,0.2610333577813625,0.24038240102929054,-0.04769708832771946,0.9513789415359497,0.9998544454574585,0.18518657982349396,0.2317851334810257,-0.15855205059051514,0.9937348365783691,0.6534529694507809,-0.8973249787890796,1.6928124738805266,2.0324672775471346,-0.1974136647792543,0.0,0.26162048952732564,0.24196829357706323,-0.04928407702185538,-0.0616204895273256,-0.04196829357706322,0.04928407702185538,0.2,0.2,0.0,0.3597538823765625,-0.3939063149886748,False
0,241,0.6534529694507809,-0.8973249787890796,1.6928124738805266,2.0324672775471346,-0.1974136647792543,0.0,0.26162048952732564,0.24196829357706323,-0.04928407702185538,0.9623620510101318,0.9994231462478638,0.2422020584344864,0.5476058721542358,0.5600509643554688,0.9969190359115601,0.6534529694507809,-0.8973249787890796,1.6928124738805266,2.0324672775471346,-0.1974136647792543,0.0,0.2616727324840671,0.2421274722134601,-0.04945597994422518,-0.061672732484067086,-0.042127472213460096,0.04945597994422518,0.2,0.2,0.0,0.359922527328315,-0.3632954263633651,False
0,242,0.6534529694507809,-0.8973249787890796,1.6928124738805266,2.0324672775471346,-0.1974136647792543,0.0,0.2616727324840671,0.2421274722134601,-0.04945597994422518,0.9758702516555786,0.9996707439422607,0.07896170765161514,0.873360276222229,0.2846929728984833,0.9788633584976196,0.6534529694507809,-0.8973249787890796,1.6928124738805266,2.0324672775471346,-0.1974136647792543,0.0,0.2616727324840671,0.2421274722134601,-0.04945597994422518,-0.061672732484067086,-0.042127472213460096,0.04945597994422518,0.2,0.2,0.0,0.359922527328315,-0.359922527328315,False
0,243,0.6534529694507809,-0.8973249787890796,1.6928124738805266,2.0324672775471346,-0.1974136647792543,0.0,0.2616727324840671,0.2421274722134601,-0.04945597994422518,0.9863914251327515,0.9998802542686462,0.1586083024740219,0.8182927370071411,0.6841799020767212,0.999988317489624,0.6534529694507809,-0.8973249787890796,1.6928124738805266,2.0324672775471346,-0.1974136647792543,0.0,0.2616727324840671,0.2421274722134601,-0.04945597994422518,-0.061672732484067086,-0.042127472213460096,0.04945597994422518,0.2,0.2,0.0,0.359922527328315,-0.359922527328315,False
0,244,0.6534529694507809,-0.8973249787890796,1.6928124738805266,2.0324672775471346,-0.1974136647792543,0.0,0.2616727324840671,0.2421274722134601,-0.04945597994422518,0.997630774974823,0.9999651908874512,-0.00989483017474413,0.03925388678908348,-0.06273816525936127,0.9940476417541504,0.6534529694507809,-0.8973249787890796,1.6928124738805266,2.0324672775471346,-0.1974136647792543,0.0,0.26172430300368266,0.24227519308583897,-0.04975437062041263,-0.061724303003682646,-0.042275193085838964,0.04975437062041263,0.2,0.2,0.0,0.3601005100848615,-0.36366016521579175,False
0,245,0.6534529694507809,-0.8973249787890796,1.6928124738805266,2.0324672775471346,-0.1974136647792543,0.0,0.26172430300368266,0.24227519308583897,-0.04975437062041263,0.9884775280952454,0.9992625117301941,0.1587814837694168,0.32262614369392395,0.6939871311187744,0.9974228739738464,0.6534529694507809,-0.8973249787890796,1.6928124738805266,2.0324672775471346,-0.1974136647792543,0.0,0.26172430300368266,0.24227519308583897,-0.04975437062041263,-0.061724303003682646,-0.042275193085838964,0.04975437062041263,0.2,0.2,0.0,0.3601005100848615,-0.3601005100848615,False
0,246,0.6534529694507809,-0.8973249787890796,1.6928124738805266,2.0324672775471346,-0.1974136647792543,0.0,0.26172430300368266,0.24227519308583897,-0.04975437062041263,0.9937565922737122,0.9939897060394287,-0.11461367458105087,0.7151395678520203,0.2514505982398987,0.9989694356918335,0.6534529694507809,-0.8973249787890796,1.6928124738805266,2.0324672775471346,-0.1974136647792543,0.0,0.26172430300368266,0.24227519308583897,-0.04975437062041263,-0.061724303003682646,-0.042275193085838964,0.04975437062041263,0.2,0.2,0.0,0.3601005100848615,-0.3601005100848615,False
0,247,0.6534529694507809,-0.8973249787890796,1.6928124738805266,2.0324672775471346,-0.1974136647792543,0.0,0.26172430300368266,0.24227519308583897,-0.04975437062041263,0.9984974265098572,0.999887228012085,0.2924885153770447,0.6907715797424316,0.1250310242176056,0.9990363121032715,0.6534529694507809,-0.8973249787890796,1.6928124738805266,2.0324672775471346,-0.1974136647792543,0.0,0.2617149815709923,0.2422906154642972,-0.04977260848960543,-0.06171498157099231,-0.0422906154642972,0.04977260848960543,0.2,0.2,0.0,0.3601066320919851,-0.36022907223445777,False
0,248,0.6534529694507809,-0.8973249787890796,1.6928124738805266,2.0324672775471346,-0.1974136647792543,0.0,0.2617149815709923,0.2422906154642972,-0.04977260848960543,0.9068424105644226,0.9959234595298767,-0.33431974053382874,0.10955362766981125,0.6162251830101013,0.9997395277023315,0.6534529694507809,-0.8973249787890796,1.6928124738805266,2.0324672775471346,-0.1974136647792543,0.0,0.26176411280735956,0.24238859752200456,-0.04990503288365678,-0.061764112807359564,-0.04238859752200455,0.04990503288365678,0.2,0.2,0.0,0.3602265887877063,-0.3626257227021299,False
0,249,0.6534529694507809,-0.8973249787890796,1.6928124738805266,2.0324672775471346,-0.1974136647792543,0.0,0.26176411280735956,0.24238859752200456,-0.04990503288365678,0.9795476794242859,0.9990979433059692,0.30167627334594727,0.03372685983777046,0.5293824672698975,0.9991931915283203,0.6534529694507809,-0.8973249787890796,1.6928124738805266,2.0324672775471346,-0.1974136647792543,0.0,0.26176411280735956,0.24238859752200456,-0.04990503288365678,-0.061764112807359564,-0.04238859752200455,0.04990503288365678,0.2,0.2,0.0,0.3602265887877063,-0.3602265887877063,False
0,250,0.6534529694507809,-0.8973249787890796,1.6928124738805266,2.0324672775471346,-0.1974136647792543,0.0,0.26176411280735956,0.24238859752200456,-0.04990503288365678,0.9978836178779602,0.9998953938484192,-0.4436248242855072,0.3786989152431488,0.5808045864105225,0.9999650120735168,0.6534529694507809,-0.8973249787890796,1.6928124738805266,2.0324672775471346,-0.1974136647792543,0.0,0.26066162689997935,0.24192628700996316,-0.05024160965833651,-0.06066162689997935,-0.04192628700996316,0.05024160965833651,0.2,0.2,0.0,0.35916156730033316,-0.33786113755287034,False
0,251,0.6534529694507809,-0.8973249787890796,1.6928124738805266,2.0324672775471346,-0.1974136647792543,0.0,0.26066162689997935,0.24192628700996316,-0.05024160965833651,0.9608977437019348,0.9996920228004456,-0.17601953446865082,0.3841380774974823,0.2661765515804291,0.9999828934669495,0.6534529694507809,-0.8973249787890796,1.6928124738805266,2.0324672775471346,-0.1974136647792543,0.0,0.26035013821033903,0.24179500380743818,-0.05034606449684062,-0.060350138210339035,-0.04179500380743818,0.05034606449684062,0.2,0.2,0.0,0.35886173457573006,-0.35286508008366807,False
0,252,0.6534529694507809,-0.8973249787890796,1.6928124738805266,2.0324672775471346,-0.1974136647792543,0.0,0.26035013821033903,0.24179500380743818,-0.05034606449684062,0.9560874700546265,0.9966786503791809,-0.23554183542728424,0.0055717844516038895,0.737661600112915,0.9999075531959534,0.6534529694507809,-0.8973249787890796,1.6928124738805266,2.0324672775471346,-0.1974136647792543,0.0,0.2604476569091897,0.24191788695387478,-0.050419156103058665,-0.06044765690918971,-0.041917886953874786,0.050419156103058665,0.2,0.2,0.0,0.3590255385343212,-0.36230161770614344,False
0,253,0.6534529694507809,-0.8973249787890796,1.6928124738805266,2.0324672775471346,-0.1974136647792543,0.0,0.2604476569091897,0.24191788695387478,-0.050419156103058665,0.9978826642036438,0.9677848815917969,-0.1923704445362091,0.39949363470077515,0.44712331891059875,0.9998739957809448,0.6813790745212467,-0.868773230696502,1.6863212132355299,2.043743913011668,-0.1863307239114852,0.0,0.2604560053770435,0.24192842044152055,-0.050425434837830976,-0.06045600537704349,-0.04192842044152054,0.050425434837830976,0.2,0.2,0.0,0.3590395741876931,-0.3593202872551318,False
0,254,0.6813790745212467,-0.868773230696502,1.6863212132355299,2.043743913011668,-0.1863307239114852,0.0,0.2604560053770435,0.24192842044152055,-0.050425434837830976,0.9968993663787842,0.9998195171356201,-0.1437656730413437,0.8091122508049011,0.6713011264801025,0.9999961256980896,0.6813790745212467,-0.868773230696502,1.6863212132355299,2.043743913011668,-0.1863307239114852,0.0,0.26045970168031274,0.2423065159291672,-0.05107761428972592,-0.060459701680312755,-0.04230651592916719,0.05107761428972592,0.2,0.2,0.0,0.3593892409945786,-0.36638257713228806,False
0,255,0.6813790745212467,-0.868773230696502,1.6863212132355299,2.043743913011668,-0.1863307239114852,0.0,0.26045970168031274,0.2423065159291672,-0.05107761428972592,0.9979091882705688,0.9959719777107239,-0.12683650851249695,0.6658496856689453,0.6791201829910278,0.9923697710037231,0.6813790745212467,-0.868773230696502,1.6863212132355299,2.043743913011668,-0.1863307239114852,0.0,0.26040753123411325,0.2430878931489927,-0.05258898329464041,-0.06040753123411326,-0.04308789314899271,0.05258898329464041,0.2,0.2,0.0,0.36009638610103506,-0.37423928823016456,False
0,256,0.6813790745212467,-0.868773230696502,1.6863212132355299,2.043743913011668,-0.1863307239114852,0.0,0.26040753123411325,0.2430878931489927,-0.05258898329464041,0.9534900188446045,0.998643159866333,-0.1271660476922989,0.22292262315750122,0.37709641456604004,0.9999974370002747,0.6813790745212467,-0.868773230696502,1.6863212132355299,2.043743913011668,-0.1863307239114852,0.0,0.2603316673476166,0.24367147712755247,-0.0536040620146149,-0.06033166734761661,-0.043671477127552455,0.0536040620146149,0.2,0.2,0.0,0.3605853037132547,-0.37036365595764753,False
0,257,0.6813790745212467,-0.868773230696502,1.6863212132355299,2.043743913011668,-0.1863307239114852,0.0,0.2603316673476166,0.24367147712755247,-0.0536040620146149,0.9642279148101807,0.9997215270996094,-0.1553051620721817,-0.5914689302444458,0.49596282839775085,0.9999257326126099,0.7038919817847648,-0.8464068415293838,1.683465888110827,2.059234436427428,-0.17102257591228828,0.0,0.2603230900122803,0.2437263180254321,-0.053698251547462134,-0.06032309001228031,-0.04372631802543208,0.053698251547462134,0.2,0.2,0.0,0.3606301866331081,-0.36152784503017577,False
0,258,0.7038919817847648,-0.8464068415293838,1.683465888110827,2.059234436427428,-0.17102257591228828,0.0,0.2603230900122803,0.2437263180254321,-0.053698251547462134,0.9979835152626038,0.9996167421340942,-0.4501182436943054,-0.409106582403183,0.7652897834777832,0.9094470143318176,0.7039932019784716,-0.8462865253703769,1.6834373808392165,2.0587087355061477,-0.1710291484429062,0.0,0.26030432695200084,0.24372226212230472,-0.05363535735685088,-0.06030432695200083,-0.043722262122304706,0.05363535735685088,0.2,0.2,0.0,0.3606045413506944,-0.3600916357024211,False
0,259,0.7039932019784716,-0.8462865253703769,1.6834373808392165,2.0587087355061477,-0.1710291484429062,0.0,0.26030432695200084,0.24372226212230472,-0.05363535735685088,0.9444087147712708,0.9999368190765381,-0.11299826204776764,-0.027304120361804962,0.22663216292858124,0.9999998211860657,0.7050984942785455,-0.8453475918151598,1.6830743096148992,2.0584075182707915,-0.17040398473866056,0.0,0.26024129359123355,0.24375502253405568,-0.0536523672042842,-0.060241293591233536,-0.043755022534055665,0.0536523672042842,0.2,0.2,0.0,0.36058371899912506,-0.36016727196773785,False
0,260,0.7050984942785455,-0.8453475918151598,1.6830743096148992,2.0584075182707915,-0.17040398473866056,0.0,0.26024129359123355,0.24375502253405568,-0.0536523672042842,0.9950270652770996,0.9404578804969788,-0.3360132873058319,-0.13422639667987823,0.37700748443603516,0.9999680519104004,0.7050984942785455,-0.8453475918151598,1.6830743096148992,2.0584075182707915,-0.17040398473866056,0.0,0.2597494915315821,0.24413242836947258,-0.054061969599791954,-0.05974949153158213,-0.04413242836947255,0.054061969599791954,0.2,0.2,0.0,0.3605456108310014,-0.35978344746852814,False
0,261,0.7050984942785455,-0.8453475918151598,1.6830743096148992,2.0584075182707915,-0.17040398473866056,0.0,0.2597494915315821,0.24413242836947258,-0.054061969599791954,0.918784499168396,0.9854772090911865,-0.31320664286613464,-0.3553455173969269,0.43180105090141296,0.999999463558197,0.7152413018402477,-0.8357477409889311,1.6796730116204788,2.0570516517222814,-0.16657714558002223,0.0,0.25969411693472144,0.2441726569898152,-0.05410608936208114,-0.0596941169347214,-0.04417265698981518,0.05410608936208114,0.2,0.2,0.0,0.3605395813194832,-0.3604189910891196,False
0,262,0.7152413018402477,-0.8357477409889311,1.6796730116204788,2.0570516517222814,-0.16657714558002223,0.0,0.25969411693472144,0.2441726569898152,-0.05410608936208114,0.9987718462944031,0.980426549911499,-0.5643240809440613,-0.16011059284210205,0.7702486515045166,0.9686528444290161,0.7157661234291974,-0.8352046079533818,1.6794135016762743,2.056904076198033,-0.16621358118448903,0.0,0.2596561332064177,0.2441853379156818,-0.05412250433315027,-0.05965613320641773,-0.044185337915681785,0.05412250433315027,0.2,0.2,0.0,0.36052327558702296,-0.3601971609378179,False
0,263,0.7157661234291974,-0.8352046079533818,1.6794135016762743,2.056904076198033,-0.16621358118448903,0.0,0.2596561332064177,0.2441853379156818,-0.05412250433315027,0.8229106664657593,0.9999913573265076,-0.3205285668373108,0.386170893907547,0.7759068012237549,0.9947570562362671,0.7164718928955002,-0.8344548766947522,1.6790572186398391,2.056946882703866,-0.16562633834319757,0.0,0.2596561332064177,0.2441853379156818,-0.05412250433315027,-0.05965613320641773,-0.044185337915681785,0.05412250433315027,0.2,0.2,0.0,0.36052327558702296,-0.36052327558702296,False
0,264,0.7164718928955002,-0.8344548766947522,1.6790572186398391,2.056946882703866,-0.16562633834319757,0.0,0.2596561332064177,0.2441853379156818,-0.05412250433315027,0.9639123678207397,0.9989951252937317,-0.11709263175725937,0.0017674397677183151,0.7030014991760254,0.9778358936309814,0.7164718928955002,-0.8344548766947522,1.6790572186398391,2.056946882703866,-0.16562633834319757,0.0,0.2595421936361213,0.24436293272559195,-0.054382831440930146,-0.0595421936361213,-0.04436293272559193,0.054382831440930146,0.2,0.2,0.0,0.3606007286781804,-0.3621497905013288,False
0,265,0.7164718928955002,-0.8344548766947522,1.6790572186398391,2.056946882703866,-0.16562633834319757,0.0,0.2595421936361213,0.24436293272559195,-0.054382831440930146,0.8943201303482056,0.9999914765357971,-0.289610356092453,0.33897486329078674,0.5031113624572754,0.9999929666519165,0.7207375926744438,-0.8299286701247214,1.678387281572145,2.057230033449585,-0.1623908119991707,0.0,0.25945238627085404,0.24460817895343479,-0.054629201079050185,-0.059452386270854043,-0.04460817895343477,0.054629201079050185,0.2,0.2,0.0,0.36073958968082687,-0.36351680973375655,False
0,266,0.7207375926744438,-0.8299286701247214,1.678387281572145,2.057230033449585,-0.1623908119991707,0.0,0.25945238627085404,0.24460817895343479,-0.054629201079050185,-0.001594065222889185,0.9999545812606812,-0.47025924921035767,-0.6543091535568237,0.8421652317047119,0.9981324672698975,0.7232696510673106,-0.8272720053628599,1.6779880354484862,2.057406321617798,-0.16064571213667955,0.0,0.2594305203957808,0.244643966329082,-0.05469602433475685,-0.0594305203957808,-0.04464396632908199,0.05469602433475685,0.2,0.2,0.0,0.3607582573581358,-0.361131610904315,False
0,267,0.7232696510673106,-0.8272720053628599,1.6779880354484862,2.057406321617798,-0.16064571213667955,0.0,0.2594305203957808,0.244643966329082,-0.05469602433475685,0.9911805987358093,0.9999930262565613,-0.6478354930877686,0.5221391916275024,0.8546992540359497,0.9999952912330627,0.7238100771108374,-0.8267572783064374,1.6776771712650358,2.0574763522650064,-0.16020386410097312,0.0,0.2593894862859877,0.2446552115004682,-0.054735452855288955,-0.05938948628598764,-0.044655211500468195,0.054735452855288955,0.2,0.2,0.0,0.3607423566887052,-0.3604243433000925,False
0,268,0.7238100771108374,-0.8267572783064374,1.6776771712650358,2.0574763522650064,-0.16020386410097312,0.0,0.2593894862859877,0.2446552115004682,-0.054735452855288955,0.96306312084198,0.9999691843986511,-0.5485795140266418,0.6403458118438721,0.589248538017273,0.9979346394538879,0.7247785216047443,-0.8257650225277923,1.6770871129000728,2.0580613911850234,-0.1594980322265923,0.0,0.2593240887208063,0.2446824546558013,-0.054864075813367046,-0.0593240887208063,-0.04468245465580128,0.054864075813367046,0.2,0.2,0.0,0.36073335501741416,-0.36055332159159353,False
0,269,0.7247785216047443,-0.8257650225277923,1.6770871129000728,2.0580613911850234,-0.1594980322265923,0.0,0.2593240887208063,0.2446824546558013,-0.054864075813367046,0.7889336347579956,0.9956352710723877,-0.5644837617874146,0.7341113686561584,0.7133221626281738,0.9994773268699646,0.7254590405905246,-0.825015930882831,1.6766726380200427,2.058565132976008,-0.15902855730512272,0.0,0.2593240887208063,0.2446824546558013,-0.054864075813367046,-0.0593240887208063,-0.04468245465580128,0.054864075813367046,0.2,0.2,0.0,0.36073335501741416,-0.36073335501741416,False
0,270,0.7254590405905246,-0.825015930882831,1.6766726380200427,2.058565132976008,-0.15902855730512272,0.0,0.2593240887208063,0.2446824546558013,-0.054864075813367046,0.6971383094787598,0.9893338084220886,-0.40847569704055786,-0.6558594703674316,0.23484483361244202,0.9999997019767761,0.7254590405905246,-0.825015930882831,1.6766726380200427,2.058565132976008,-0.15902855730512272,0.0,0.25877754800868824,0.24477945772447524,-0.05485581347238999,-0.05877754800868826,-0.044779457724475225,0.05485581347238999,0.2,0.2,0.0,0.3604052754178201,-0.3538436834259385,False
0,271,0.7254590405905246,-0.825015930882831,1.6766726380200427,2.058565132976008,-0.15902855730512272,0.0,0.25877754800868824,0.24477945772447524,-0.05485581347238999,0.7367700338363647,0.9988002777099609,-0.04293042793869972,0.462838739156723,0.8743036985397339,0.9999881386756897,0.7254590405905246,-0.825015930882831,1.6766726380200427,2.058565132976008,-0.15902855730512272,0.0,0.2586560766850488,0.24479576116775556,-0.054819060125438766,-0.05865607668504881,-0.04479576116775555,0.054819060125438766,0.2,0.2,0.0,0.36032354911223763,-0.3586890230005886,False
0,272,0.7254590405905246,-0.825015930882831,1.6766726380200427,2.058565132976008,-0.15902855730512272,0.0,0.2586560766850488,0.24479576116775556,-0.054819060125438766,0.9994683861732483,0.9240798354148865,-0.10934875160455704,0.6386240720748901,0.8750445246696472,0.9999960064888,0.7332253762431825,-0.8140378860673879,1.672293830285679,2.052026800606538,-0.15605042002309225,0.0,0.2586560766850488,0.24479576116775556,-0.054819060125438766,-0.05865607668504881,-0.04479576116775555,0.054819060125438766,0.2,0.2,0.0,0.36032354911223763,-0.36032354911223763,False
0,273,0.7332253762431825,-0.8140378860673879,1.672293830285679,2.052026800606538,-0.15605042002309225,0.0,0.2586560766850488,0.24479576116775556,-0.054819060125438766,0.9755943417549133,0.9999914169311523,-0.09239402413368225,0.4228372871875763,0.9311708211898804,0.9995995163917542,0.7332253762431825,-0.8140378860673879,1.672293830285679,2.052026800606538,-0.15605042002309225,0.0,0.2586277405552761,0.24499797165134635,-0.05514531847494835,-0.0586277405552761,-0.04499797165134632,0.05514531847494835,0.2,0.2,0.0,0.3604903888423443,-0.36382718344447773,False
0,274,0.7332253762431825,-0.8140378860673879,1.672293830285679,2.052026800606538,-0.15605042002309225,0.0,0.2586277405552761,0.24499797165134635,-0.05514531847494835,0.8257158398628235,0.9986022710800171,-0.3608853220939636,0.2490343153476715,0.8168667554855347,0.9999285340309143,0.734332673647277,-0.812941444563458,1.6722070309013881,2.052594831926781,-0.15498640508573155,0.0,0.2586277405552761,0.24499797165134635,-0.05514531847494835,-0.0586277405552761,-0.04499797165134632,0.05514531847494835,0.2,0.2,0.0,0.3604903888423443,-0.3604903888423443,False
0,275,0.734332673647277,-0.812941444563458,1.6722070309013881,2.052594831926781,-0.15498640508573155,0.0,0.2586277405552761,0.24499797165134635,-0.05514531847494835,0.9998377561569214,0.999999463558197,-0.4190654456615448,0.5371608734130859,0.7789884805679321,0.9999935626983643,0.7364440424844444,-0.8107637583360405,1.6719338670182777,2.053501326367585,-0.1529935627807098,0.0,0.258611148409031,0.2450616781726988,-0.05524905257839076,-0.058611148409030964,-0.04506167817269879,0.05524905257839076,0.2,0.2,0.0,0.36053766793646824,-0.3614832498189471,False
0,276,0.7364440424844444,-0.8107637583360405,1.6719338670182777,2.053501326367585,-0.1529935627807098,0.0,0.258611148409031,0.2450616781726988,-0.05524905257839076,0.997651994228363,0.9999892115592957,-0.4531404674053192,-0.6138494610786438,0.9106556177139282,0.9999673366546631,0.7375172979317515,-0.8098453825983847,1.6715228812582785,2.0533122587377393,-0.1522062029500477,0.0,0.2585675146003843,0.2450909975237371,-0.05530224338055324,-0.058567514600384285,-0.04509099752373709,0.05530224338055324,0.2,0.2,0.0,0.36053445715593174,-0.36047024154520174,False
0,277,0.7375172979317515,-0.8098453825983847,1.6715228812582785,2.0533122587377393,-0.1522062029500477,0.0,0.2585675146003843,0.2450909975237371,-0.05530224338055324,-0.9358065724372864,0.9984177947044373,-0.18684940040111542,0.3320859968662262,0.857008159160614,0.986657440662384,0.737523929462001,-0.809259726170097,1.6713392449165043,2.0532344380402954,-0.1516931952655577,0.0,0.25852143292680313,0.24510071054841626,-0.05530624209278819,-0.05852143292680313,-0.04510071054841623,0.05530624209278819,0.2,0.2,0.0,0.360508626815354,-0.35999202000379926,False
0,278,0.737523929462001,-0.809259726170097,1.6713392449165043,2.0532344380402954,-0.1516931952655577,0.0,0.25852143292680313,0.24510071054841626,-0.05530624209278819,0.9630891680717468,0.9539476037025452,-0.1296895295381546,0.22272996604442596,0.8432424068450928,0.9998053312301636,0.7378763875266632,-0.8084679415669392,1.671220892631553,2.0534440539493404,-0.15099963472205136,0.0,0.2585378742783119,0.24511179869872532,-0.055380196376856934,-0.05853787427831188,-0.04511179869872531,0.055380196376856934,0.2,0.2,0.0,0.3605393077715825,-0.3611529268961523,False
0,279,0.7378763875266632,-0.8084679415669392,1.671220892631553,2.0534440539493404,-0.15099963472205136,0.0,0.2585378742783119,0.24511179869872532,-0.055380196376856934,0.8188318014144897,0.9998866319656372,-0.17905807495117188,-0.17871735990047455,0.91553795337677,0.9995807409286499,0.7384443378148133,-0.8079141913840002,1.6711458231964864,2.0535728523728776,-0.15051002088225487,0.0,0.2585041808113244,0.24520116653331103,-0.055502132744842884,-0.05850418081132443,-0.04520116653331101,0.055502132744842884,0.2,0.2,0.0,0.3605946620590169,-0.36170174780770525,False
0,280,0.7384443378148133,-0.8079141913840002,1.6711458231964864,2.0535728523728776,-0.15051002088225487,0.0,0.2585041808113244,0.24520116653331103,-0.055502132744842884,0.998660683631897,0.42926740646362305,-0.31168827414512634,-0.8888055086135864,0.9068884253501892,0.9999688267707825,0.7384443378148133,-0.8079141913840002,1.6711458231964864,2.0535728523728776,-0.15051002088225487,0.0,0.25742599684852585,0.24533589101152548,-0.054485982512124206,-0.057425996848525854,-0.04533589101152546,0.054485982512124206,0.2,0.2,0.0,0.3597590381938831,-0.343046560891207,False
0,281,0.7384443378148133,-0.8079141913840002,1.6711458231964864,2.0535728523728776,-0.15051002088225487,0.0,0.25742599684852585,0.24533589101152548,-0.054485982512124206,0.9983246922492981,0.9961314797401428,0.590405285358429,-0.08802928775548935,0.9784704446792603,0.9999717473983765,0.7384443378148133,-0.8079141913840002,1.6711458231964864,2.0535728523728776,-0.15051002088225487,0.0,0.2568563746121663,0.24538512441830485,-0.0539329707853628,-0.05685637461216632,-0.04538512441830484,0.0539329707853628,0.2,0.2,0.0,0.3593018533245094,-0.35015815593703575,False
0,282,0.7384443378148133,-0.8079141913840002,1.6711458231964864,2.0535728523728776,-0.15051002088225487,0.0,0.2568563746121663,0.24538512441830485,-0.0539329707853628,0.3369486331939697,0.9999975562095642,0.3865116238594055,-0.13103121519088745,0.9528584480285645,0.999944269657135,0.7384443378148133,-0.8079141913840002,1.6711458231964864,2.0535728523728776,-0.15051002088225487,0.0,0.25714459050730576,0.24577154783701405,-0.05424770932944456,-0.05714459050730576,-0.04577154783701403,0.05424770932944456,0.2,0.2,0.0,0.35981913251085407,-0.37016471623774694,False
0,283,0.7384443378148133,-0.8079141913840002,1.6711458231964864,2.0535728523728776,-0.15051002088225487,0.0,0.25714459050730576,0.24577154783701405,-0.05424770932944456,0.9914752840995789,0.9999524354934692,0.2481297105550766,-0.30287811160087585,0.9659574031829834,0.9998977780342102,0.7596859861857417,-0.7961798654801372,1.6681137197633495,2.0379858509897697,-0.13069113468244145,0.0,0.25724040396206294,0.2458820524961498,-0.054350727935081784,-0.05724040396206295,-0.04588205249614978,0.054350727935081784,0.2,0.2,0.0,0.3599786254728994,-0.3631684847138057,False
0,284,0.7596859861857417,-0.7961798654801372,1.6681137197633495,2.0379858509897697,-0.13069113468244145,0.0,0.25724040396206294,0.2458820524961498,-0.054350727935081784,0.705824613571167,0.9992010593414307,0.3110605478286743,0.05700641870498657,0.9559411406517029,0.9999995231628418,0.7602801911818421,-0.7953054791704157,1.6684128565166692,2.038066389900181,-0.12990188853877987,0.0,0.2572820344472448,0.24592387535781846,-0.05439958362762089,-0.05728203444724479,-0.04592387535781843,0.05439958362762089,0.2,0.2,0.0,0.36004432007626447,-0.36135821214356617,False
0,285,0.7602801911818421,-0.7953054791704157,1.6684128565166692,2.038066389900181,-0.12990188853877987,0.0,0.2572820344472448,0.24592387535781846,-0.05439958362762089,0.9957257509231567,0.9937660694122314,0.485047847032547,-0.7726618051528931,0.9370562434196472,0.9997828006744385,0.762303866866742,-0.7924709064139489,1.6693032579313316,2.0381754235344447,-0.1271863496705421,0.0,0.257400322659124,0.24626584013678657,-0.05466182811979506,-0.05740032265912397,-0.04626584013678656,0.05466182811979506,0.2,0.2,0.0,0.3604021442454199,-0.36755862762852826,False
0,286,0.762303866866742,-0.7924709064139489,1.6693032579313316,2.0381754235344447,-0.1271863496705421,0.0,0.257400322659124,0.24626584013678657,-0.05466182811979506,0.9973897337913513,0.911073625087738,0.4013725817203522,0.7934006452560425,0.9077292680740356,0.9999951124191284,0.7629279109247628,-0.7918874675010814,1.6695816831090446,2.0381395839297305,-0.12662224092676788,0.0,0.257400322659124,0.24626584013678657,-0.05466182811979506,-0.05740032265912397,-0.04626584013678656,0.05466182811979506,0.2,0.2,0.0,0.3604021442454199,-0.3604021442454199,False
0,287,0.7629279109247628,-0.7918874675010814,1.6695816831090446,2.0381395839297305,-0.12662224092676788,0.0,0.257400322659124,0.24626584013678657,-0.05466182811979506,-0.33779555559158325,0.9999005198478699,0.31789445877075195,-0.41497671604156494,0.8976495265960693,0.9996931552886963,0.7629279109247628,-0.7918874675010814,1.6695816831090446,2.0381395839297305,-0.12662224092676788,0.0,0.25758895603973203,0.24650303435107868,-0.05485978193493156,-0.05758895603973202,-0.046503034351078665,0.05485978193493156,0.2,0.2,0.0,0.36072900062495156,-0.36726612821558496,False
0,288,0.7629279109247628,-0.7918874675010814,1.6695816831090446,2.0381395839297305,-0.12662224092676788,0.0,0.25758895603973203,0.24650303435107868,-0.05485978193493156,0.06283576786518097,0.9999465942382812,0.23757942020893097,0.8779526352882385,0.9688957929611206,0.9992878437042236,0.7629279109247628,-0.7918874675010814,1.6695816831090446,2.0381395839297305,-0.12662224092676788,0.0,0.2581939913538126,0.24680651859895852,-0.05502021856978122,-0.05819399135381259,-0.04680651859895851,0.05502021856978122,0.2,0.2,0.0,0.3613928876522298,-0.3746706281977951,False
0,289,0.7629279109247628,-0.7918874675010814,1.6695816831090446,2.0381395839297305,-0.12662224092676788,0.0,0.2581939913538126,0.24680651859895852,-0.05502021856978122,0.999758243560791,-0.2894776165485382,0.029660344123840332,0.2512926161289215,0.9694147109985352,0.9999949336051941,0.7629279109247628,-0.7918874675010814,1.6695816831090446,2.0381395839297305,-0.12662224092676788,0.0,0.2587350026063405,0.24738064335074902,-0.05649431948032349,-0.05873500260634054,-0.04738064335074902,0.05649431948032349,0.2,0.2,0.0,0.3623983890856558,-0.38250841775417543,False
0,290,0.7629279109247628,-0.7918874675010814,1.6695816831090446,2.0381395839297305,-0.12662224092676788,0.0,0.2587350026063405,0.24738064335074902,-0.05649431948032349,0.999331533908844,-0.3747047185897827,0.5388494729995728,-0.7218482494354248,0.9851606488227844,0.9999864101409912,0.7629279109247628,-0.7918874675010814,1.6695816831090446,2.0381395839297305,-0.12662224092676788,0.0,0.2584909653680846,0.24750873341214608,-0.05604866331624883,-0.05849096536808458,-0.047508733412146065,0.05604866331624883,0.2,0.2,0.0,0.3622424670738473,-0.3591240268376767,False
0,291,0.7629279109247628,-0.7918874675010814,1.6695816831090446,2.0381395839297305,-0.12662224092676788,0.0,0.2584909653680846,0.24750873341214608,-0.05604866331624883,0.9976761937141418,0.9978222846984863,0.8167725801467896,-0.4469245374202728,0.8788133263587952,0.9998201727867126,0.7629279109247628,-0.7918874675010814,1.6695816831090446,2.0381395839297305,-0.12662224092676788,0.0,0.2584909653680846,0.24750873341214608,-0.05604866331624883,-0.05849096536808458,-0.047508733412146065,0.05604866331624883,0.2,0.2,0.0,0.3622424670738473,-0.3622424670738473,False
0,292,0.7629279109247628,-0.7918874675010814,1.6695816831090446,2.0381395839297305,-0.12662224092676788,0.0,0.2584909653680846,0.24750873341214608,-0.05604866331624883,0.9947904944419861,-0.2427816390991211,0.5664216876029968,0.23598772287368774,0.9063383340835571,0.9999558925628662,0.7629279109247628,-0.7918874675010814,1.6695816831090446,2.0381395839297305,-0.12662224092676788,0.0,0.258425703979785,0.24764897570179978,-0.05579089704984544,-0.05842570397978496,-0.04764897570179977,0.05579089704984544,0.2,0.2,0.0,0.36225196181280306,-0.36244185659191874,False
0,293,0.7629279109247628,-0.7918874675010814,1.6695816831090446,2.0381395839297305,-0.12662224092676788,0.0,0.258425703979785,0.24764897570179978,-0.05579089704984544,0.9994761347770691,0.9999990463256836,0.8829465508460999,-0.08966784179210663,0.9452899694442749,0.9997904896736145,0.7629279109247628,-0.7918874675010814,1.6695816831090446,2.0381395839297305,-0.12662224092676788,0.0,0.2583422806190974,0.24862565821398397,-0.055751549888308154,-0.05834228061909742,-0.04862565821398397,0.055751549888308154,0.2,0.2,0.0,0.3628549120416613,-0.37491391661882645,False
0,294,0.7629279109247628,-0.7918874675010814,1.6695816831090446,2.0381395839297305,-0.12662224092676788,0.0,0.2583422806190974,0.24862565821398397,-0.055751549888308154,0.9999406337738037,0.999367356300354,0.7653796672821045,0.5936514139175415,0.9464947581291199,0.9999945759773254,0.7792025726086329,-0.7813193665861092,1.68304161440572,2.0397820741819714,-0.10322093433326694,0.0,0.25853144634379577,0.24901289490273987,-0.05591152557293286,-0.05853144634379573,-0.04901289490273987,0.05591152557293286,0.2,0.2,0.0,0.3632795469997598,-0.37177224616172916,False
0,295,0.7792025726086329,-0.7813193665861092,1.68304161440572,2.0397820741819714,-0.10322093433326694,0.0,0.25853144634379577,0.24901289490273987,-0.05591152557293286,0.9993324875831604,0.9606130719184875,0.6102046370506287,0.023452820256352425,0.9413527250289917,0.9994387030601501,0.7807178854499279,-0.7791990050053371,1.6844542611241204,2.039364157483402,-0.10263813684310734,0.0,0.25872795864732245,0.24958394368228873,-0.056230176973981624,-0.05872795864732244,-0.04958394368228872,0.056230176973981624,0.2,0.2,0.0,0.36386004772761155,-0.3754700622846468,False
0,296,0.7807178854499279,-0.7791990050053371,1.6844542611241204,2.039364157483402,-0.10263813684310734,0.0,0.25872795864732245,0.24958394368228873,-0.056230176973981624,0.5539588928222656,0.9999992251396179,0.7754181027412415,0.6275227069854736,0.9842276573181152,0.9999986886978149,0.7807178854499279,-0.7791990050053371,1.6844542611241204,2.039364157483402,-0.10263813684310734,0.0,0.2591328586030848,0.25097562726401895,-0.057060300488591065,-0.059132858603084815,-0.05097562726401893,0.057060300488591065,0.2,0.2,0.0,0.3652320930315714,-0.3926729991107683,False
0,297,0.7807178854499279,-0.7791990050053371,1.6844542611241204,2.039364157483402,-0.10263813684310734,0.0,0.2591328586030848,0.25097562726401895,-0.057060300488591065,0.9872739911079407,0.9999999403953552,0.4995388090610504,-0.8267852663993835,0.938365638256073,0.9989896416664124,0.7947333044850884,-0.766011980151283,1.6927830296105073,2.0397964789267937,-0.08899744826692478,0.0,0.2591620146003851,0.2510803022308947,-0.05712366461888263,-0.05916201460038509,-0.0510803022308947,0.05712366461888263,0.2,0.2,0.0,0.36533461516749033,-0.36738505788586906,False
0,298,0.7947333044850884,-0.766011980151283,1.6927830296105073,2.0397964789267937,-0.08899744826692478,0.0,0.2591620146003851,0.2510803022308947,-0.05712366461888263,0.7966932058334351,0.999972403049469,0.6371369361877441,0.4409521818161011,0.9693143367767334,0.9982298016548157,0.7950901309897715,-0.765602259190948,1.69298843869553,2.0395293734681235,-0.08862478756179847,0.0,0.25916644817263534,0.251116374245816,-0.057097887971899325,-0.05916644817263535,-0.051116374245816,0.057097887971899325,0.2,0.2,0.0,0.36535852266456786,-0.3658366726061186,False
0,299,0.7950901309897715,-0.765602259190948,1.69298843869553,2.0395293734681235,-0.08862478756179847,0.0,0.25916644817263534,0.251116374245816,-0.057097887971899325,-0.8920556306838989,0.999981164932251,0.557834267616272,-0.823185384273529,0.8796381950378418,0.9999827742576599,0.7948538775160897,-0.7650170907764964,1.6933287444254381,2.039265302921425,-0.08809465850579644,0.0,0.25920258796152895,0.2511704012081689,-0.05714545192125442,-0.05920258796152893,-0.05117040120816889,0.05714545192125442,0.2,0.2,0.0,0.3654287272838728,-0.366832819669972,False
0,300,0.7948538775160897,-0.7650170907764964,1.6933287444254381,2.039265302921425,-0.08809465850579644,0.0,0.25920258796152895,0.2511704012081689,-0.05714545192125442,0.6042203903198242,-0.9949374198913574,0.8164723515510559,-0.616614818572998,0.8826046586036682,0.9999999403953552,0.7948538775160897,-0.7650170907764964,1.6933287444254381,2.039265302921425,-0.08809465850579644,0.0,0.25939155919410406,0.2520758990713963,-0.055910899561853064,-0.05939155919410406,-0.05207589907139633,0.055910899561853064,0.2,0.2,0.0,0.3659949023738129,-0.37731840417261403,False
0,301,0.7948538775160897,-0.7650170907764964,1.6933287444254381,2.039265302921425,-0.08809465850579644,0.0,0.25939155919410406,0.2520758990713963,-0.055910899561853064,0.2598547041416168,0.9999995827674866,0.7766156196594238,0.24166980385780334,0.8353002667427063,0.9999871253967285,0.7948538775160897,-0.7650170907764964,1.6933287444254381,2.039265302921425,-0.08809465850579644,0.0,0.25928701183767705,0.2525736816697039,-0.055810112229140035,-0.05928701183767705,-0.05257368166970387,0.055810112229140035,0.2,0.2,0.0,0.3662485328392864,-0.37132114214875633,False
0,302,0.7948538775160897,-0.7650170907764964,1.6933287444254381,2.039265302921425,-0.08809465850579644,0.0,0.25928701183767705,0.2525736816697039,-0.055810112229140035,0.9355007410049438,0.9999999403953552,0.783907413482666,-0.9584085941314697,0.6660195589065552,0.9999948143959045,0.8081309813609541,-0.7869521508527985,1.705896200175163,2.037856586251686,-0.0782892982233522,0.0,0.25928701183767705,0.2525736816697039,-0.055810112229140035,-0.05928701183767705,-0.05257368166970387,0.055810112229140035,0.2,0.2,0.0,0.3662485328392864,-0.3662485328392864,False
0,303,0.8081309813609541,-0.7869521508527985,1.705896200175163,2.037856586251686,-0.0782892982233522,0.0,0.25928701183767705,0.2525736816697039,-0.055810112229140035,-0.8318939805030823,0.858363151550293,0.9208820462226868,0.7233073711395264,0.8880075812339783,0.9999990463256836,0.80786356590801,-0.7829824380941208,1.706608408651595,2.0383808972903883,-0.07713519187844713,0.0,0.25943245822804895,0.2526986162160434,-0.056048750700382885,-0.05943245822804895,-0.05269861621604337,0.056048750700382885,0.2,0.2,0.0,0.3664740829510666,-0.3709850851866709,False
0,304,0.80786356590801,-0.7829824380941208,1.706608408651595,2.0383808972903883,-0.07713519187844713,0.0,0.25943245822804895,0.2526986162160434,-0.056048750700382885,0.9666499495506287,0.9999922513961792,0.568945050239563,-0.25142285227775574,0.8916549682617188,0.9990596771240234,0.8139841328786062,-0.7762146857993338,1.7056060378838986,2.0369260977449737,-0.07605711031106549,0.0,0.2594929557290311,0.2527387121121534,-0.05612085922738552,-0.0594929557290311,-0.05273871211215337,0.05612085922738552,0.2,0.2,0.0,0.36655559130030857,-0.3681857582851481,False
0,305,0.8139841328786062,-0.7762146857993338,1.7056060378838986,2.0369260977449737,-0.07605711031106549,0.0,0.2594929557290311,0.2527387121121534,-0.05612085922738552,-0.9338538646697998,0.9999350905418396,0.28911176323890686,0.08371239900588989,0.8297160863876343,0.9988602995872498,0.8139841328786062,-0.7762146857993338,1.7056060378838986,2.0369260977449737,-0.07605711031106549,0.0,0.2589806953674523,0.25327851277227115,-0.05650255061901643,-0.05898069536745228,-0.053278512772271136,0.05650255061901643,0.2,0.2,0.0,0.3666245270458554,-0.3680032419567922,False
0,306,0.8139841328786062,-0.7762146857993338,1.7056060378838986,2.0369260977449737,-0.07605711031106549,0.0,0.2589806953674523,0.25327851277227115,-0.05650255061901643,0.24488043785095215,0.9984827041625977,0.9114589095115662,-0.04753536731004715,0.701751708984375,0.9998182654380798,0.8187060166732689,-0.7714199357239456,1.7048191468016882,2.035669634382124,-0.07527466993605011,0.0,0.2591174736714695,0.25334769855254896,-0.05664655513988698,-0.05911747367146948,-0.053347698552548964,0.05664655513988698,0.2,0.2,0.0,0.3667911581990141,-0.3701237812621877,False
0,307,0.8187060166732689,-0.7714199357239456,1.7048191468016882,2.035669634382124,-0.07527466993605011,0.0,0.2591174736714695,0.25334769855254896,-0.05664655513988698,0.5155525803565979,0.9999868273735046,0.3334662914276123,-0.7793633937835693,0.8426185846328735,0.9999959468841553,0.8172275558129484,-0.7695400104460349,1.7055041121586765,2.0354556410277866,-0.07353492236854259,0.0,0.2591594407753953,0.2533926855201042,-0.05666110950983293,-0.05915944077539531,-0.053392685520104205,0.05666110950983293,0.2,0.2,0.0,0.3668541265257777,-0.36811349306104996,False
0,308,0.8172275558129484,-0.7695400104460349,1.7055041121586765,2.0354556410277866,-0.07353492236854259,0.0,0.2591594407753953,0.2533926855201042,-0.05666110950983293,0.9862684011459351,0.9999993443489075,0.7081696391105652,-0.8165106177330017,0.7032536268234253,0.999994695186615,0.817653197926147,-0.7690249741026548,1.705553109701962,2.035136195922328,-0.07329059642220767,0.0,0.2591594407753953,0.2533926855201042,-0.05666110950983293,-0.05915944077539531,-0.053392685520104205,0.05666110950983293,0.2,0.2,0.0,0.3668541265257777,-0.3668541265257777,False
0,309,0.817653197926147,-0.7690249741026548,1.705553109701962,2.035136195922328,-0.07329059642220767,0.0,0.2591594407753953,0.2533926855201042,-0.05666110950983293,0.465419203042984,0.9999940991401672,0.6281424760818481,0.998151957988739,0.26475203037261963,0.9999997615814209,0.817653197926147,-0.7690249741026548,1.705553109701962,2.035136195922328,-0.07329059642220767,0.0,0.25846875884859255,0.2539182483363261,-0.05691878478346755,-0.05846875884859251,-0.05391824833632607,0.05691878478346755,0.2,0.2,0.0,0.3667701244651025,-0.3650900832515982,False
0,310,0.817653197926147,-0.7690249741026548,1.705553109701962,2.035136195922328,-0.07329059642220767,0.0,0.25846875884859255,0.2539182483363261,-0.05691878478346755,0.9999546408653259,0.9999999403953552,0.7844877243041992,0.7160418033599854,0.48673245310783386,0.15924514830112457,0.817653197926147,-0.7690249741026548,1.705553109701962,2.035136195922328,-0.07329059642220767,0.0,0.25995998836614037,0.2570058236183141,-0.060269127654259666,-0.059959988366140374,-0.05700582361831408,0.060269127654259666,0.2,0.2,0.0,0.3704909670602743,-0.44490781896371034,False
0,311,0.817653197926147,-0.7690249741026548,1.705553109701962,2.035136195922328,-0.07329059642220767,0.0,0.25995998836614037,0.2570058236183141,-0.060269127654259666,0.4928242266178131,0.9999143481254578,0.8908098936080933,-0.9043762683868408,0.8194640874862671,0.9997049570083618,0.8424662416186657,-0.744106433288374,1.7192949842930412,2.0470876801971722,-0.06360400810811925,0.0,0.26000403789606813,0.2570841873784948,-0.06035890011562517,-0.06000403789606813,-0.05708418737849477,0.06035890011562517,0.2,0.2,0.0,0.3705908470881183,-0.3725884476449983,False
0,312,0.8424662416186657,-0.744106433288374,1.7192949842930412,2.0470876801971722,-0.06360400810811925,0.0,0.26000403789606813,0.2570841873784948,-0.06035890011562517,-0.8087206482887268,0.9188553690910339,0.9521943926811218,0.9705369472503662,0.776705801486969,0.9962946176528931,0.8427460280033156,-0.7434960336848376,1.7203300118984801,2.0480014151704147,-0.0630144595522098,0.0,0.2600458143960429,0.2571586452970867,-0.0604443533106552,-0.060045814396042896,-0.05715864529708671,0.0604443533106552,0.2,0.2,0.0,0.3706857352031197,-0.37258349750314795,False
0,313,0.8427460280033156,-0.7434960336848376,1.7203300118984801,2.0480014151704147,-0.0630144595522098,0.0,0.2600458143960429,0.2571586452970867,-0.0604443533106552,-0.9655876755714417,0.9982130527496338,0.15373092889785767,-0.98565673828125,0.7837618589401245,0.9999987483024597,0.8422364473397638,-0.7429474322426368,1.7207349234189024,2.0482117331429075,-0.06256262588893041,0.0,0.26014931601227304,0.2572172070268386,-0.06056055937752977,-0.06014931601227301,-0.0572172070268386,0.06056055937752977,0.2,0.2,0.0,0.3708179331753797,-0.3734618926205796,False
0,314,0.8422364473397638,-0.7429474322426368,1.7207349234189024,2.0482117331429075,-0.06256262588893041,0.0,0.26014931601227304,0.2572172070268386,-0.06056055937752977,0.6608569025993347,0.9994937777519226,0.7450778484344482,-0.2586248219013214,0.7146090269088745,1.0,0.8417682488817569,-0.7419612129296543,1.7210548676022874,2.047435409804695,-0.06180980901994445,0.0,0.26022269787269586,0.2572041561624446,-0.0605239755403632,-0.060222697872695866,-0.05720415616244457,0.0605239755403632,0.2,0.2,0.0,0.37085439467611814,-0.3715836246908869,False
0,315,0.8417682488817569,-0.7419612129296543,1.7210548676022874,2.047435409804695,-0.06180980901994445,0.0,0.26022269787269586,0.2572041561624446,-0.0605239755403632,0.9698256254196167,0.9994418025016785,0.8321427702903748,0.173921599984169,0.8738033771514893,0.9941948056221008,0.8420515849078243,-0.741560421726566,1.7213604332378163,2.0473402260698026,-0.06152403584838066,0.0,0.260265213155094,0.2573136746912839,-0.06057991372221486,-0.06026521315509399,-0.0573136746912839,0.06057991372221486,0.2,0.2,0.0,0.3709693172061395,-0.37326776780656706,False
0,316,0.8420515849078243,-0.741560421726566,1.7213604332378163,2.0473402260698026,-0.06152403584838066,0.0,0.260265213155094,0.2573136746912839,-0.06057991372221486,-0.35054945945739746,0.999998927116394,-0.819706380367279,-0.7845895886421204,0.43361222743988037,0.9838677048683167,0.8428294576872813,-0.7405189862807865,1.7219322546161473,2.047356136972557,-0.06068997005100895,0.0,0.26030524230152163,0.25744578567301,-0.06067723504274805,-0.06030524230152165,-0.05744578567301003,0.06067723504274805,0.2,0.2,0.0,0.3711049428165572,-0.373817455024911,False
0,317,0.8428294576872813,-0.7405189862807865,1.7219322546161473,2.047356136972557,-0.06068997005100895,0.0,0.26030524230152163,0.25744578567301,-0.06067723504274805,0.17777220904827118,0.9994745254516602,-0.6618261337280273,0.4703480899333954,0.31427431106567383,0.9999959468841553,0.8420191025083205,-0.7384468608571283,1.720128985640214,2.045669167989457,-0.059819570703748395,0.0,0.2602547418938274,0.2573407620749723,-0.0606254663957303,-0.0602547418938274,-0.057340762074972296,0.0606254663957303,0.2,0.2,0.0,0.37098820153645057,-0.36865337593431785,False
0,318,0.8420191025083205,-0.7384468608571283,1.720128985640214,2.045669167989457,-0.059819570703748395,0.0,0.2602547418938274,0.2573407620749723,-0.0606254663957303,0.5681897401809692,0.9980607032775879,-0.30890560150146484,0.18303969502449036,0.6746441721916199,0.9853484630584717,0.8421655976852173,-0.7377139793741435,1.7197370556302638,2.0455626479793754,-0.05941126179697129,0.0,0.26019101276466916,0.25720890947899777,-0.06056049741045555,-0.06019101276466918,-0.05720890947899779,0.06056049741045555,0.2,0.2,0.0,0.37084142174989204,-0.3679058260187215,False
0,319,0.8421655976852173,-0.7377139793741435,1.7197370556302638,2.0455626479793754,-0.05941126179697129,0.0,0.26019101276466916,0.25720890947899777,-0.06056049741045555,0.6170846223831177,0.9999933838844299,0.9524554014205933,-0.3360724151134491,0.699376106262207,0.9998378753662109,0.8425744970288506,-0.7370192332233282,1.7197513701655633,2.0456010739785144,-0.05893586665566972,0.0,0.26016486184285337,0.2572233084794194,-0.06062559976607509,-0.06016486184285334,-0.057223308479419345,0.06062559976607509,0.2,0.2,0.0,0.3708436990293968,-0.37088924461949174,False
0,320,0.8425744970288506,-0.7370192332233282,1.7197513701655633,2.0456010739785144,-0.05893586665566972,0.0,0.26016486184285337,0.2572233084794194,-0.06062559976607509,0.21204379200935364,0.8735266923904419,0.9570891857147217,-0.9709816575050354,0.6811341047286987,-0.8624165058135986,0.8425744970288506,-0.7370192332233282,1.7197513701655633,2.0456010739785144,-0.05893586665566972,0.0,0.26043988366431736,0.257652746920283,-0.060639791504636206,-0.06043988366431738,-0.057652746920283,0.060639791504636206,0.2,0.2,0.0,0.3713368488480187,-0.3811998452204571,False
0,321,0.8425744970288506,-0.7370192332233282,1.7197513701655633,2.0456010739785144,-0.05893586665566972,0.0,0.26043988366431736,0.257652746920283,-0.060639791504636206,0.9142948389053345,0.9693543314933777,0.2978675663471222,0.0357314758002758,0.6451448202133179,0.9710149168968201,0.8436339220214859,-0.7334498591833197,1.723568459886587,2.04201070785968,-0.056191735551399107,0.0,0.2605406469219418,0.2577970461413231,-0.06062299925135959,-0.060540646921941776,-0.0577970461413231,0.06062299925135959,0.2,0.2,0.0,0.3715049040536689,-0.3748660081666733,False
0,322,0.8436339220214859,-0.7334498591833197,1.723568459886587,2.04201070785968,-0.056191735551399107,0.0,0.2605406469219418,0.2577970461413231,-0.06062299925135959,-0.30709385871887207,0.9720726013183594,0.3879183232784271,-0.9430521130561829,0.4808539152145386,0.9999514818191528,0.8438174970981408,-0.732971878394516,1.7237065188453782,2.0418356297248414,-0.05591751092911413,0.0,0.2605406469219418,0.2577970461413231,-0.06062299925135959,-0.060540646921941776,-0.0577970461413231,0.06062299925135959,0.2,0.2,0.0,0.3715049040536689,-0.3715049040536689,False
0,323,0.8438174970981408,-0.732971878394516,1.7237065188453782,2.0418356297248414,-0.05591751092911413,0.0,0.2605406469219418,0.2577970461413231,-0.06062299925135959,0.8719814419746399,0.9791997075080872,-0.934291660785675,0.8970752358436584,0.40787774324417114,0.9828513264656067,0.8438174970981408,-0.732971878394516,1.7237065188453782,2.0418356297248414,-0.05591751092911413,0.0,0.26049009146344143,0.2578200317542112,-0.06074761002338992,-0.060490091463441406,-0.0578200317542112,0.06074761002338992,0.2,0.2,0.0,0.37150575856630863,-0.3715228488191027,False
0,324,0.8438174970981408,-0.732971878394516,1.7237065188453782,2.0418356297248414,-0.05591751092911413,0.0,0.26049009146344143,0.2578200317542112,-0.06074761002338992,0.5496558547019958,0.9999474883079529,0.6955825090408325,-0.27418091893196106,0.610927939414978,0.9999642968177795,0.8438174970981408,-0.732971878394516,1.7237065188453782,2.0418356297248414,-0.05591751092911413,0.0,0.26000596905911644,0.2580053426104774,-0.061787419502002464,-0.06000596905911641,-0.05800534261047742,0.061787419502002464,0.2,0.2,0.0,0.37146674948188363,-0.3706865677933836,False
0,325,0.8438174970981408,-0.732971878394516,1.7237065188453782,2.0418356297248414,-0.05591751092911413,0.0,0.26000596905911644,0.2580053426104774,-0.061787419502002464,0.9276047348976135,0.9359956383705139,0.9230953454971313,-0.7891014218330383,0.891174852848053,0.989984929561615,0.8438174970981408,-0.732971878394516,1.7237065188453782,2.0418356297248414,-0.05591751092911413,0.0,0.26096757868139586,0.2595807613957019,-0.06216598855098278,-0.06096757868139588,-0.059580761395701884,0.06216598855098278,0.2,0.2,0.0,0.37329727958039527,-0.4099078815506281,False
0,326,0.8438174970981408,-0.732971878394516,1.7237065188453782,2.0418356297248414,-0.05591751092911413,0.0,0.26096757868139586,0.2595807613957019,-0.06216598855098278,0.26415151357650757,0.9787823557853699,-0.6503335237503052,-0.17233529686927795,0.28431591391563416,0.9999939203262329,0.855184990794987,-0.7143345332104244,1.7311235995758196,2.040629604516253,-0.04515535695449244,0.0,0.26103114432868846,0.25968583988689664,-0.06219273901189103,-0.06103114432868842,-0.059685839886896644,0.06219273901189103,0.2,0.2,0.0,0.373419242317678,-0.3758584970633322,False
0,327,0.855184990794987,-0.7143345332104244,1.7311235995758196,2.040629604516253,-0.04515535695449244,0.0,0.26103114432868846,0.25968583988689664,-0.06219273901189103,0.6712017059326172,0.6886416673660278,0.1736806184053421,-0.9697487950325012,0.4877605736255646,0.9999991655349731,0.8554118630043758,-0.7141185873988793,1.7312343213937869,2.0402792763683015,-0.04495070697178221,0.0,0.2610535248557287,0.2597439611874152,-0.062179612195428516,-0.061053524855728694,-0.05974396118741519,0.062179612195428516,0.2,0.2,0.0,0.37347312136980343,-0.3745507024123124,False
0,328,0.8554118630043758,-0.7141185873988793,1.7312343213937869,2.0402792763683015,-0.04495070697178221,0.0,0.2610535248557287,0.2597439611874152,-0.062179612195428516,0.8406918048858643,0.9977266192436218,0.24490095674991608,-0.8555858135223389,0.7205758094787598,0.9995728731155396,0.8562059139930762,-0.71322390406707,1.731456889403019,2.039184676003343,-0.0443141731125637,0.0,0.26104170778401986,0.25978101350671245,-0.06213896893602584,-0.06104170778401985,-0.059781013506712444,0.06213896893602584,0.2,0.2,0.0,0.37348386798067296,-0.3736988001980635,False
0,329,0.8562059139930762,-0.71322390406707,1.731456889403019,2.039184676003343,-0.0443141731125637,0.0,0.26104170778401986,0.25978101350671245,-0.06213896893602584,0.09547585994005203,0.9816025495529175,-0.8144147396087646,-0.5335505604743958,0.679391622543335,0.9996064305305481,0.8566104572139629,-0.7125355771285754,1.731373776535949,2.0386758995753165,-0.043825937348063955,0.0,0.26103092944351647,0.25986679651721356,-0.062112269223412564,-0.06103092944351647,-0.05986679651721353,0.062112269223412564,0.2,0.2,0.0,0.3735315676704536,-0.37448556146606626,False
0,330,0.8566104572139629,-0.7125355771285754,1.731373776535949,2.0386758995753165,-0.043825937348063955,0.0,0.26103092944351647,0.25986679651721356,-0.062112269223412564,-0.1672104299068451,0.9999641180038452,0.6553666591644287,-0.9723924398422241,0.5570261478424072,0.9967385530471802,0.8566104572139629,-0.7125355771285754,1.731373776535949,2.0386758995753165,-0.043825937348063955,0.0,0.261230730761581,0.2598177957279021,-0.06219680949171903,-0.06123073076158095,-0.05981779572790205,0.06219680949171903,0.2,0.2,0.0,0.3736512073874306,-0.3760440017269702,False
0,331,0.8566104572139629,-0.7125355771285754,1.731373776535949,2.0386758995753165,-0.043825937348063955,0.0,0.261230730761581,0.2598177957279021,-0.06219680949171903,0.5994514226913452,0.9998539686203003,-0.6057385206222534,-0.9719623327255249,0.6498122215270996,0.9999999403953552,0.8566104572139629,-0.7125355771285754,1.731373776535949,2.0386758995753165,-0.043825937348063955,0.0,0.26123156112732454,0.2597371209910291,-0.06223803662450107,-0.061231561127324516,-0.05973712099102907,0.06223803662450107,0.2,0.2,0.0,0.37360256122328755,-0.3726296379404272,False
0,332,0.8566104572139629,-0.7125355771285754,1.731373776535949,2.0386758995753165,-0.043825937348063955,0.0,0.26123156112732454,0.2597371209910291,-0.06223803662450107,0.8689048290252686,0.9995894432067871,-0.06443022191524506,-0.9578049778938293,0.808681309223175,0.9999991059303284,0.8539168909835552,-0.6932189421848761,1.7277292670013855,2.028369415521379,-0.03985081030062782,0.0,0.26123180121870493,0.2597260391628898,-0.06224335222332969,-0.06123180121870489,-0.05972603916288978,0.06224335222332969,0.2,0.2,0.0,0.3735959104208843,-0.37346289437281927,False
0,333,0.8539168909835552,-0.6932189421848761,1.7277292670013855,2.028369415521379,-0.03985081030062782,0.0,0.26123180121870493,0.2597260391628898,-0.06224335222332969,0.7576155066490173,0.9996970891952515,-0.15719914436340332,-0.8585158586502075,0.8164210319519043,0.9996955990791321,0.8539168909835552,-0.6932189421848761,1.7277292670013855,2.028369415521379,-0.03985081030062782,0.0,0.26108732218397834,0.2598368862913415,-0.06227367362441308,-0.06108732218397832,-0.05983688629134146,0.06227367362441308,0.2,0.2,0.0,0.37357704387376367,-0.373199712931351,False
0,334,0.8539168909835552,-0.6932189421848761,1.7277292670013855,2.028369415521379,-0.03985081030062782,0.0,0.26108732218397834,0.2598368862913415,-0.06227367362441308,-0.48225608468055725,0.9995517134666443,0.7921766042709351,-0.935339629650116,0.8106803297996521,0.9999998807907104,0.8539168909835552,-0.6932189421848761,1.7277292670013855,2.028369415521379,-0.03985081030062782,0.0,0.26102949134763703,0.25979007235879564,-0.062343166186823396,-0.06102949134763702,-0.05979007235879565,0.062343166186823396,0.2,0.2,0.0,0.3735156588679948,-0.3722879587526177,False
0,335,0.8539168909835552,-0.6932189421848761,1.7277292670013855,2.028369415521379,-0.03985081030062782,0.0,0.26102949134763703,0.25979007235879564,-0.062343166186823396,0.8827719688415527,0.9972851276397705,-0.5130923390388489,-0.8308561444282532,0.572378396987915,0.999421238899231,0.8510617623185929,-0.6801131729648939,1.723608549257971,2.022449492647956,-0.037810162802979504,0.0,0.26123549910440197,0.259447625290939,-0.06240058425369615,-0.06123549910440196,-0.059447625290939,0.06240058425369615,0.2,0.2,0.0,0.3734312375480071,-0.371742811148253,False
0,336,0.8510617623185929,-0.6801131729648939,1.723608549257971,2.022449492647956,-0.037810162802979504,0.0,0.26123549910440197,0.259447625290939,-0.06240058425369615,0.37076684832572937,0.9998264312744141,-0.45208385586738586,-0.7206225991249084,0.7076789736747742,0.9997363090515137,0.8510617623185929,-0.6801131729648939,1.723608549257971,2.022449492647956,-0.037810162802979504,0.0,0.26075677127381913,0.2597690789914209,-0.062497231693798866,-0.06075677127381915,-0.059769078991420886,0.062497231693798866,0.2,0.2,0.0,0.3733362721924917,-0.37143696508218377,False
0,337,0.8510617623185929,-0.6801131729648939,1.723608549257971,2.022449492647956,-0.037810162802979504,0.0,0.26075677127381913,0.2597690789914209,-0.062497231693798866,0.781495988368988,0.999775767326355,0.817974865436554,-0.6524044275283813,0.6124230623245239,0.9930561184883118,0.8510617623185929,-0.6801131729648939,1.723608549257971,2.022449492647956,-0.037810162802979504,0.0,0.2606041690099679,0.25978247548489264,-0.06257227886255318,-0.0606041690099679,-0.05978247548489265,0.06257227886255318,0.2,0.2,0.0,0.3732516008759881,-0.37155817454591533,False
0,338,0.8510617623185929,-0.6801131729648939,1.723608549257971,2.022449492647956,-0.037810162802979504,0.0,0.2606041690099679,0.25978247548489264,-0.06257227886255318,0.8917345404624939,0.9999529719352722,0.18810322880744934,-0.8811435699462891,0.7185075283050537,0.9999626874923706,0.8510617623185929,-0.6801131729648939,1.723608549257971,2.022449492647956,-0.037810162802979504,0.0,0.2603076545813442,0.2599473990842144,-0.06268509761486302,-0.06030765458134417,-0.0599473990842144,0.06268509761486302,0.2,0.2,0.0,0.3731784382668339,-0.37171518608375015,False
0,339,0.8510617623185929,-0.6801131729648939,1.723608549257971,2.022449492647956,-0.037810162802979504,0.0,0.2603076545813442,0.2599473990842144,-0.06268509761486302,0.9111301302909851,0.9994522929191589,0.39041727781295776,-0.21822594106197357,0.38325539231300354,0.9994996190071106,0.8510617623185929,-0.6801131729648939,1.723608549257971,2.022449492647956,-0.037810162802979504,0.0,0.2600961239478803,0.26008521594695333,-0.06274997410400213,-0.06009612394788025,-0.060085215946953346,0.06274997410400213,0.2,0.2,0.0,0.3731378733081612,-0.372326574134708,False
0,340,0.8510617623185929,-0.6801131729648939,1.723608549257971,2.022449492647956,-0.037810162802979504,0.0,0.2600961239478803,0.26008521594695333,-0.06274997410400213,-0.5040621757507324,0.999358594417572,0.16190491616725922,-0.8243218660354614,0.737903356552124,0.9999993443489075,0.8510617623185929,-0.6801131729648939,1.723608549257971,2.022449492647956,-0.037810162802979504,0.0,0.261474175897445,0.2590049491640239,-0.06270026763532473,-0.06147417589744496,-0.059004949164023865,0.06270026763532473,0.2,0.2,0.0,0.3733411736123515,-0.3774071796961564,False
0,341,0.8510617623185929,-0.6801131729648939,1.723608549257971,2.022449492647956,-0.037810162802979504,0.0,0.261474175897445,0.2590049491640239,-0.06270026763532473,-0.4913845360279083,0.9997479915618896,-0.6191499829292297,-0.9666495323181152,0.7825578451156616,0.9999999403953552,0.844273226563493,-0.6524988029860511,1.7166869436129635,2.0092183259830576,-0.025693873028050637,0.0,0.2615001959359635,0.25898263111371866,-0.06269459848612396,-0.061500195935963536,-0.058982631113718625,0.06269459848612396,0.2,0.2,0.0,0.3733429634698746,-0.37337876062033737,False
0,342,0.844273226563493,-0.6524988029860511,1.7166869436129635,2.0092183259830576,-0.025693873028050637,0.0,0.2615001959359635,0.25898263111371866,-0.06269459848612396,0.0011462564580142498,0.9988839626312256,-0.26237985491752625,-0.8341600894927979,0.5439780950546265,0.9999992251396179,0.8441814960217847,-0.6522321336499989,1.7165919803671847,2.0090628775351504,-0.02548623643243432,0.0,0.2615168719037511,0.25896625382689137,-0.06268901274403274,-0.0615168719037511,-0.058966253826891336,0.06268901274403274,0.2,0.2,0.0,0.37334234588414744,-0.37332999416960405,False
0,343,0.8441814960217847,-0.6522321336499989,1.7165919803671847,2.0090628775351504,-0.02548623643243432,0.0,0.2615168719037511,0.25896625382689137,-0.06268901274403274,0.8931182622909546,0.9999119639396667,-0.34324511885643005,-0.934101402759552,0.8519054651260376,0.9999909996986389,0.8443437190288775,-0.6516459794392299,1.7164094540254002,2.00880322004195,-0.02534857644441883,0.0,0.26151278340846756,0.2589566174315438,-0.06269491712711145,-0.06151278340846757,-0.05895661743154379,0.06269491712711145,0.2,0.2,0.0,0.3733337892974682,-0.3731626575638831,False
0,344,0.8443437190288775,-0.6516459794392299,1.7164094540254002,2.00880322004195,-0.02534857644441883,0.0,0.26151278340846756,0.2589566174315438,-0.06269491712711145,0.4789572060108185,0.9997408986091614,0.0709460973739624,-0.738526463508606,0.4046666920185089,0.9996262788772583,0.8451242906928846,-0.6503671411757602,1.7160383817260654,2.008283733750134,-0.025219234758119866,0.0,0.26147277518283174,0.25897651777678415,-0.06270351605875504,-0.0614727751828317,-0.05897651777678416,0.06270351605875504,0.2,0.2,0.0,0.37332101447377863,-0.37306551799998755,False
0,345,0.8451242906928846,-0.6503671411757602,1.7160383817260654,2.008283733750134,-0.025219234758119866,0.0,0.26147277518283174,0.25897651777678415,-0.06270351605875504,0.1360544115304947,0.9998523592948914,-0.31357598304748535,-0.9311961531639099,0.9122737646102905,0.9992497563362122,0.8466722017121933,-0.647053447709081,1.7150803950179174,2.006960815367225,-0.024947594349043655,0.0,0.261337301179922,0.25903451077951617,-0.06277059385962291,-0.06133730117992196,-0.05903451077951614,0.06277059385962291,0.2,0.2,0.0,0.37327765834064897,-0.3724105356780556,False
0,346,0.8466722017121933,-0.647053447709081,1.7150803950179174,2.006960815367225,-0.024947594349043655,0.0,0.261337301179922,0.25903451077951617,-0.06277059385962291,0.5662087798118591,0.9987433552742004,-0.8126553297042847,-0.8973431587219238,0.7463387846946716,0.9990556240081787,0.8467836136256792,-0.6464638515019795,1.7148865321329116,2.006691257332259,-0.024762531113209175,0.0,0.2613195660770631,0.25903427587181066,-0.06277948166365792,-0.06131956607706304,-0.05903427587181065,0.06277948166365792,0.2,0.2,0.0,0.373266573656275,-0.3730448799687962,False
0,347,0.8467836136256792,-0.6464638515019795,1.7148865321329116,2.006691257332259,-0.024762531113209175,0.0,0.2613195660770631,0.25903427587181066,-0.06277948166365792,-0.7922175526618958,0.9998788237571716,-0.22553394734859467,-0.8764756321907043,0.6944130659103394,0.9999440312385559,0.8468062957220572,-0.6459993159996508,1.7147324553962462,2.0064704129529414,-0.024585126272713195,0.0,0.26130645249767565,0.259030011185922,-0.06278326477396912,-0.06130645249767565,-0.05903001118592197,0.06278326477396912,0.2,0.2,0.0,0.3732550698216666,-0.3730249931294985,False
0,348,0.8468062957220572,-0.6459993159996508,1.7147324553962462,2.0064704129529414,-0.024585126272713195,0.0,0.26130645249767565,0.259030011185922,-0.06278326477396912,0.8414434194564819,0.9996365904808044,0.14134995639324188,-0.8892613053321838,0.8040221929550171,0.9999998211860657,0.8469344598159724,-0.6419995732430928,1.7135377143820603,2.0047309447249804,-0.023555810717722465,0.0,0.26135154256052806,0.2589609751836196,-0.0627914816242246,-0.06135154256052805,-0.05896097518361959,0.0627914816242246,0.2,0.2,0.0,0.3732401179286387,-0.3729410800680804,False
0,349,0.8469344598159724,-0.6419995732430928,1.7135377143820603,2.0047309447249804,-0.023555810717722465,0.0,0.26135154256052806,0.2589609751836196,-0.0627914816242246,0.9141557216644287,0.9997909665107727,-0.8296152353286743,-0.9333069920539856,0.9457377195358276,1.0,0.8481653474126912,-0.6407258329152672,1.7131912681181742,2.0042456516699265,-0.02350382931478015,0.0,0.2611361867993109,0.2590789055276222,-0.06287371084417052,-0.06113618679931089,-0.05907890552762218,0.06287371084417052,0.2,0.2,0.0,0.37318506248347016,-0.3720839535800994,False
0,350,0.8481653474126912,-0.6407258329152672,1.7131912681181742,2.0042456516699265,-0.02350382931478015,0.0,0.2611361867993109,0.2590789055276222,-0.06287371084417052,0.9727079272270203,0.9994321465492249,-0.8142666816711426,-0.8473050594329834,0.7718074321746826,0.9999918937683105,0.8481653474126912,-0.6407258329152672,1.7131912681181742,2.0042456516699265,-0.02350382931478015,0.0,0.26094178740283097,0.25918101720920206,-0.062918338436861,-0.060941787402830974,-0.05918101720920203,0.062918338436861,0.2,0.2,0.0,0.37312750288103436,-0.3719763108323182,False
0,351,0.8481653474126912,-0.6407258329152672,1.7131912681181742,2.0042456516699265,-0.02350382931478015,0.0,0.26094178740283097,0.25918101720920206,-0.062918338436861,0.9214771389961243,0.9993232488632202,-0.7825660705566406,-0.9002166986465454,0.7929178476333618,0.9999679327011108,0.8518936438258985,-0.636847419375416,1.7119879587574562,2.0027094854078356,-0.023161957256484064,0.0,0.26094178740283097,0.25918101720920206,-0.062918338436861,-0.060941787402830974,-0.05918101720920203,0.062918338436861,0.2,0.2,0.0,0.37312750288103436,-0.37312750288103436,False
0,352,0.8518936438258985,-0.636847419375416,1.7119879587574562,2.0027094854078356,-0.023161957256484064,0.0,0.26094178740283097,0.25918101720920206,-0.062918338436861,0.9572595357894897,0.9993678331375122,-0.5105143785476685,-0.9172370433807373,0.82371586561203,0.999756932258606,0.8518936438258985,-0.636847419375416,1.7119879587574562,2.0027094854078356,-0.023161957256484064,0.0,0.2606650362613404,0.2593107839681181,-0.06297676834973381,-0.06066503626134041,-0.05931078396811808,0.06297676834973381,0.2,0.2,0.0,0.37303406970819963,-0.3711654062515052,False
0,353,0.8518936438258985,-0.636847419375416,1.7119879587574562,2.0027094854078356,-0.023161957256484064,0.0,0.2606650362613404,0.2593107839681181,-0.06297676834973381,0.10689079016447067,0.9986579418182373,-0.38628390431404114,-0.9522500038146973,0.8468878269195557,0.9999994039535522,0.8518936438258985,-0.636847419375416,1.7119879587574562,2.0027094854078356,-0.023161957256484064,0.0,0.2603931034403284,0.2592936666347364,-0.06305111183476678,-0.060393103440328416,-0.05929366663473641,0.06305111183476678,0.2,0.2,0.0,0.372844762038803,-0.3690586086508706,False
0,354,0.8518936438258985,-0.636847419375416,1.7119879587574562,2.0027094854078356,-0.023161957256484064,0.0,0.2603931034403284,0.2592936666347364,-0.06305111183476678,-0.8110982775688171,0.9994911551475525,-0.6568187475204468,-0.8828795552253723,0.9080033302307129,0.9999998807907104,0.8518936438258985,-0.636847419375416,1.7119879587574562,2.0027094854078356,-0.023161957256484064,0.0,0.2603436673439439,0.25912538042760763,-0.06305310218280366,-0.06034366734394385,-0.059125380427607635,0.06305310218280366,0.2,0.2,0.0,0.3726935491831346,-0.36966929206976584,False
0,355,0.8518936438258985,-0.636847419375416,1.7119879587574562,2.0027094854078356,-0.023161957256484064,0.0,0.2603436673439439,0.25912538042760763,-0.06305310218280366,0.5809578895568848,0.9998214840888977,-0.6075714826583862,-0.9175684452056885,0.902816653251648,0.9999655485153198,0.8518936438258985,-0.636847419375416,1.7119879587574562,2.0027094854078356,-0.023161957256484064,0.0,0.2604342003884959,0.2587006930900396,-0.06292743492320224,-0.06043420038849588,-0.0587006930900396,0.06292743492320224,0.2,0.2,0.0,0.3724404427600149,-0.36737831429762186,False
0,356,0.8518936438258985,-0.636847419375416,1.7119879587574562,2.0027094854078356,-0.023161957256484064,0.0,0.2604342003884959,0.2587006930900396,-0.06292743492320224,-0.5545186996459961,0.9998081922531128,-0.5595607161521912,-0.9133961200714111,0.8934258818626404,0.9999955296516418,0.8518936438258985,-0.636847419375416,1.7119879587574562,2.0027094854078356,-0.023161957256484064,0.0,0.2600582052100405,0.25890245639819454,-0.0628706964730449,-0.060058205210040516,-0.05890245639819455,0.0628706964730449,0.2,0.2,0.0,0.3723083083965389,-0.36966562112701823,False
0,357,0.8518936438258985,-0.636847419375416,1.7119879587574562,2.0027094854078356,-0.023161957256484064,0.0,0.2600582052100405,0.25890245639819454,-0.0628706964730449,0.9144792556762695,0.9998213052749634,0.2376345992088318,-0.904197633266449,0.7085222005844116,0.9999972581863403,0.8518936438258985,-0.636847419375416,1.7119879587574562,2.0027094854078356,-0.023161957256484064,0.0,0.26017358447938954,0.2587242318753653,-0.06285487370300503,-0.060173584479389516,-0.058724231875365296,0.06285487370300503,0.2,0.2,0.0,0.3722623501894498,-0.3713431860476682,False
0,358,0.8518936438258985,-0.636847419375416,1.7119879587574562,2.0027094854078356,-0.023161957256484064,0.0,0.26017358447938954,0.2587242318753653,-0.06285487370300503,0.7952393889427185,0.9999759197235107,-0.5629990100860596,-0.9165035486221313,0.8686325550079346,0.9999986886978149,0.8603937976678284,-0.6076883005705959,1.7009560336782752,1.9879288471143504,-0.0006696227933246037,0.0,0.26032548675109995,0.2586605679513733,-0.06292454068391974,-0.060325486751099944,-0.05866056795137331,0.06292454068391974,0.2,0.2,0.0,0.3723360663236996,-0.3738103890086952,False
0,359,0.8603937976678284,-0.6076883005705959,1.7009560336782752,1.9879288471143504,-0.0006696227933246037,0.0,0.26032548675109995,0.2586605679513733,-0.06292454068391974,0.6395187377929688,0.9984814524650574,-0.9343615174293518,-0.8986376523971558,0.8905416131019592,0.9999591112136841,0.8603937976678284,-0.6076883005705959,1.7009560336782752,1.9879288471143504,-0.0006696227933246037,0.0,0.2598572213780991,0.25908284172866913,-0.06292599219428774,-0.05985722137809908,-0.059082841728669094,0.06292599219428774,0.2,0.2,0.0,0.3723027999816609,-0.37163747314088674,False
0,360,0.8603937976678284,-0.6076883005705959,1.7009560336782752,1.9879288471143504,-0.0006696227933246037,0.0,0.2598572213780991,0.25908284172866913,-0.06292599219428774,0.9490640163421631,0.999830424785614,-0.9068382382392883,-0.9575600624084473,0.8689298629760742,1.0,0.8603937976678284,-0.6076883005705959,1.7009560336782752,1.9879288471143504,-0.0006696227933246037,0.0,0.2597467598361204,0.2591289056076016,-0.0629332278737322,-0.05974675983612035,-0.05912890560760157,0.0629332278737322,0.2,0.2,0.0,0.3722589960462522,-0.3713829173380781,False
0,361,0.8603937976678284,-0.6076883005705959,1.7009560336782752,1.9879288471143504,-0.0006696227933246037,0.0,0.2597467598361204,0.2591289056076016,-0.0629332278737322,0.6091919541358948,0.9922164678573608,-0.7158281803131104,-0.9324880242347717,0.8932231068611145,1.0,0.8603937976678284,-0.6076883005705959,1.7009560336782752,1.9879288471143504,-0.0006696227933246037,0.0,0.2595453037329616,0.2591846377550874,-0.06297395408445428,-0.0595453037329616,-0.05918463775508734,0.06297395408445428,0.2,0.2,0.0,0.37216415737024183,-0.37026738385003494,False
0,362,0.8603937976678284,-0.6076883005705959,1.7009560336782752,1.9879288471143504,-0.0006696227933246037,0.0,0.2595453037329616,0.2591846377550874,-0.06297395408445428,0.5027529001235962,0.999966561794281,-0.9145008325576782,-0.9207645654678345,0.9075260162353516,0.9999997615814209,0.8603937976678284,-0.6076883005705959,1.7009560336782752,1.9879288471143504,-0.0006696227933246037,0.0,0.2595453037329616,0.2591846377550874,-0.06297395408445428,-0.0595453037329616,-0.05918463775508734,0.06297395408445428,0.2,0.2,0.0,0.37216415737024183,-0.37216415737024183,False
0,363,0.8603937976678284,-0.6076883005705959,1.7009560336782752,1.9879288471143504,-0.0006696227933246037,0.0,0.2595453037329616,0.2591846377550874,-0.06297395408445428,0.8893879652023315,0.9999834895133972,-0.7408653497695923,-0.924965500831604,0.8961084485054016,0.9999998807907104,0.8603937976678284,-0.6076883005705959,1.7009560336782752,1.9879288471143504,-0.0006696227933246037,0.0,0.2595453037329616,0.2591846377550874,-0.06297395408445428,-0.0595453037329616,-0.05918463775508734,0.06297395408445428,0.2,0.2,0.0,0.37216415737024183,-0.37216415737024183,False
0,364,0.8603937976678284,-0.6076883005705959,1.7009560336782752,1.9879288471143504,-0.0006696227933246037,0.0,0.2595453037329616,0.2591846377550874,-0.06297395408445428,0.06255530565977097,0.9986733198165894,-0.7173374891281128,-0.9300386309623718,0.770908772945404,0.9999998211860657,0.8603937976678284,-0.6076883005705959,1.7009560336782752,1.9879288471143504,-0.0006696227933246037,0.0,0.2595070758893226,0.2591885007472658,-0.06298561763299626,-0.05950707588932258,-0.05918850074726576,0.06298561763299626,0.2,0.2,0.0,0.37214216286904667,-0.37170227284514334,False
0,365,0.8603937976678284,-0.6076883005705959,1.7009560336782752,1.9879288471143504,-0.0006696227933246037,0.0,0.2595070758893226,0.2591885007472658,-0.06298561763299626,0.8262847065925598,0.9997376799583435,-0.7352497577667236,-0.8859843015670776,0.8655816912651062,0.9999971389770508,0.8603937976678284,-0.6076883005705959,1.7009560336782752,1.9879288471143504,-0.0006696227933246037,0.0,0.2595070758893226,0.2591885007472658,-0.06298561763299626,-0.05950707588932258,-0.05918850074726576,0.06298561763299626,0.2,0.2,0.0,0.37214216286904667,-0.37214216286904667,False
0,366,0.8603937976678284,-0.6076883005705959,1.7009560336782752,1.9879288471143504,-0.0006696227933246037,0.0,0.2595070758893226,0.2591885007472658,-0.06298561763299626,-0.02155953273177147,0.9999629855155945,-0.6901074647903442,-0.9279103875160217,0.8062366247177124,0.9999980330467224,0.8603937976678284,-0.6076883005705959,1.7009560336782752,1.9879288471143504,-0.0006696227933246037,0.0,0.2593850475960449,0.25915686346410793,-0.06305977395849899,-0.05938504759604489,-0.05915686346410793,0.06305977395849899,0.2,0.2,0.0,0.3720476016434641,-0.3701563771318132,False
0,367,0.8603937976678284,-0.6076883005705959,1.7009560336782752,1.9879288471143504,-0.0006696227933246037,0.0,0.2593850475960449,0.25915686346410793,-0.06305977395849899,-0.8932652473449707,0.9998750686645508,-0.6105359792709351,-0.9392991065979004,0.856987476348877,0.9999904036521912,0.8603937976678284,-0.6076883005705959,1.7009560336782752,1.9879288471143504,-0.0006696227933246037,0.0,0.25940923756586287,0.2590622775398852,-0.06312976640172391,-0.05940923756586283,-0.0590622775398852,0.06312976640172391,0.2,0.2,0.0,0.3720104616601407,-0.37126766199367184,False
0,368,0.8603937976678284,-0.6076883005705959,1.7009560336782752,1.9879288471143504,-0.0006696227933246037,0.0,0.25940923756586287,0.2590622775398852,-0.06312976640172391,0.13374948501586914,0.9998438954353333,-0.6852086782455444,-0.8725637197494507,0.842012882232666,0.9999989867210388,0.8603937976678284,-0.6076883005705959,1.7009560336782752,1.9879288471143504,-0.0006696227933246037,0.0,0.2594600201984849,0.25891738960058847,-0.06322940396662786,-0.05946002019848487,-0.05891738960058847,0.06322940396662786,0.2,0.2,0.0,0.37196192580014975,-0.3709912086003312,False
0,369,0.8603937976678284,-0.6076883005705959,1.7009560336782752,1.9879288471143504,-0.0006696227933246037,0.0,0.2594600201984849,0.25891738960058847,-0.06322940396662786,0.8909323811531067,0.9966098666191101,-0.796069860458374,-0.9338025450706482,0.9086605906486511,0.9999994039535522,0.8603937976678284,-0.6076883005705959,1.7009560336782752,1.9879288471143504,-0.0006696227933246037,0.0,0.2594515936846587,0.2589095551229995,-0.06323880365126985,-0.059451593684658674,-0.05890955512299953,0.06323880365126985,0.2,0.2,0.0,0.37195219247470845,-0.3717575259658825,False
0,370,0.8603937976678284,-0.6076883005705959,1.7009560336782752,1.9879288471143504,-0.0006696227933246037,0.0,0.2594515936846587,0.2589095551229995,-0.06323880365126985,-0.1830717772245407,0.989267110824585,-0.7740130424499512,-0.9482350945472717,0.8902930021286011,0.9999998807907104,0.8603937976678284,-0.6076883005705959,1.7009560336782752,1.9879288471143504,-0.0006696227933246037,0.0,0.25947068050381417,0.2588703688777007,-0.06326294883808561,-0.05947068050381414,-0.058870368877700675,0.06326294883808561,0.2,0.2,0.0,0.37194233776175506,-0.3717452435026872,False
0,371,0.8603937976678284,-0.6076883005705959,1.7009560336782752,1.9879288471143504,-0.0006696227933246037,0.0,0.25947068050381417,0.2588703688777007,-0.06326294883808561,0.9839374423027039,0.9998521208763123,-0.8005063533782959,-0.9662860631942749,0.8063133358955383,0.999999463558197,0.8632353777326478,-0.5895592799552095,1.694357642945982,1.9818537684100956,0.00028010741900756235,0.0,0.25948917112603775,0.2588427184819558,-0.06327827359508705,-0.05948917112603776,-0.05884271848195577,0.06327827359508705,0.2,0.2,0.0,0.37193860078241653,-0.3718638611956459,False
0,372,0.8632353777326478,-0.5895592799552095,1.694357642945982,1.9818537684100956,0.00028010741900756235,0.0,0.25948917112603775,0.2588427184819558,-0.06327827359508705,0.6178626418113708,0.9864835143089294,-0.8831141591072083,-0.9197484254837036,0.7917635440826416,0.9999990463256836,0.8628817496107274,-0.5889715477139509,1.694163203425883,1.9816798897897852,0.0004159304630421907,0.0,0.25948917112603775,0.2588427184819558,-0.06327827359508705,-0.05948917112603776,-0.05884271848195577,0.06327827359508705,0.2,0.2,0.0,0.37193860078241653,-0.37193860078241653,False
0,373,0.8628817496107274,-0.5889715477139509,1.694163203425883,1.9816798897897852,0.0004159304630421907,0.0,0.25948917112603775,0.2588427184819558,-0.06327827359508705,0.4689617455005646,0.9854804873466492,-0.8314617276191711,-0.9215207099914551,0.714982271194458,0.9999987483024597,0.8628817496107274,-0.5889715477139509,1.694163203425883,1.9816798897897852,0.0004159304630421907,0.0,0.2594598912819767,0.25883180848101617,-0.06329843702343928,-0.05945989128197671,-0.05883180848101617,0.06329843702343928,0.2,0.2,0.0,0.37191401209852115,-0.3714222384206136,False
0,374,0.8628817496107274,-0.5889715477139509,1.694163203425883,1.9816798897897852,0.0004159304630421907,0.0,0.2594598912819767,0.25883180848101617,-0.06329843702343928,0.7560561895370483,0.9984590411186218,-0.9010298848152161,-0.9339185953140259,0.7843449115753174,0.9999999403953552,0.8643258159304631,-0.5859408259629236,1.6930248678399422,1.9805894870939889,0.00021653006931623522,0.0,0.2593976972551685,0.2588375036929329,-0.06331907334250252,-0.05939769725516848,-0.05883750369293288,0.06331907334250252,0.2,0.2,0.0,0.37187810329222976,-0.37115992716640184,False
0,375,0.8643258159304631,-0.5859408259629236,1.6930248678399422,1.9805894870939889,0.00021653006931623522,0.0,0.2593976972551685,0.2588375036929329,-0.06331907334250252,-0.18761734664440155,0.9985548257827759,-0.8339478969573975,-0.8594532608985901,0.7833386063575745,0.9999990463256836,0.8644510406803498,-0.5857873243107669,1.6929629602259215,1.9805322170172888,0.00020556702065745386,0.0,0.2593513749292031,0.2588431317289965,-0.06333300312302993,-0.05935137492920309,-0.05884313172899647,0.06333300312302993,0.2,0.2,0.0,0.371852083234079,-0.37133168207106343,False
0,376,0.8644510406803498,-0.5857873243107669,1.6929629602259215,1.9805322170172888,0.00020556702065745386,0.0,0.2593513749292031,0.2588431317289965,-0.06333300312302993,-0.6108536720275879,0.9997099041938782,-0.8359526991844177,-0.9824615120887756,0.8088769316673279,0.9999994039535522,0.8644042397568996,-0.585551331519509,1.6928810094344937,1.9804567417137828,0.0002333920784948309,0.0,0.2593513749292031,0.2588431317289965,-0.06333300312302993,-0.05935137492920309,-0.05884313172899647,0.06333300312302993,0.2,0.2,0.0,0.371852083234079,-0.371852083234079,False
0,377,0.8644042397568996,-0.585551331519509,1.6928810094344937,1.9804567417137828,0.0002333920784948309,0.0,0.2593513749292031,0.2588431317289965,-0.06333300312302993,-0.8860384225845337,0.9998384118080139,-0.8356500864028931,-0.9849570393562317,0.7244849801063538,0.9999971389770508,0.8642612259475034,-0.5852008533369574,1.6927625369658366,1.9803494713888072,0.0002927766107331594,0.0,0.25935508603824114,0.2588252631513294,-0.06334606115462021,-0.059355086038241134,-0.05882526315132943,0.06334606115462021,0.2,0.2,0.0,0.37184445802386684,-0.3716919538196241,False
0,378,0.8642612259475034,-0.5852008533369574,1.6927625369658366,1.9803494713888072,0.0002927766107331594,0.0,0.25935508603824114,0.2588252631513294,-0.06334606115462021,0.8250572681427002,0.9991508722305298,-0.7851091623306274,-0.930751621723175,0.7367073893547058,0.9999986886978149,0.864104132927218,-0.5850252013427241,1.6927063623776635,1.9803013037178512,0.0003473238652581238,0.0,0.25935508603824114,0.2588252631513294,-0.06334606115462021,-0.059355086038241134,-0.05882526315132943,0.06334606115462021,0.2,0.2,0.0,0.37184445802386684,-0.37184445802386684,False
0,379,0.864104132927218,-0.5850252013427241,1.6927063623776635,1.9803013037178512,0.0003473238652581238,0.0,0.25935508603824114,0.2588252631513294,-0.06334606115462021,0.889507532119751,0.9998799562454224,-0.7943877577781677,-0.8628472685813904,0.7918816208839417,0.9999880194664001,0.8644029124564865,-0.5846720767834358,1.6925639934231156,1.9801704366794608,0.0003094003681715754,0.0,0.25933820993940904,0.25882206889672027,-0.06335514288670178,-0.059338209939409,-0.05882206889672025,0.06335514288670178,0.2,0.2,0.0,0.3718320112802958,-0.37158307640887506,False
0,380,0.8644029124564865,-0.5846720767834358,1.6925639934231156,1.9801704366794608,0.0003094003681715754,0.0,0.25933820993940904,0.25882206889672027,-0.06335514288670178,0.9481832385063171,0.9999764561653137,-0.7988561391830444,-0.9495550990104675,0.7811048626899719,0.9999994039535522,0.8644029124564865,-0.5846720767834358,1.6925639934231156,1.9801704366794608,0.0003094003681715754,0.0,0.2592753504067443,0.25883944114261126,-0.06336676932612142,-0.05927535040674431,-0.05883944114261122,0.06336676932612142,0.2,0.2,0.0,0.37180224726914873,-0.3712069670462073,False
0,381,0.8644029124564865,-0.5846720767834358,1.6925639934231156,1.9801704366794608,0.0003094003681715754,0.0,0.2592753504067443,0.25883944114261126,-0.06336676932612142,0.831234335899353,0.9978274703025818,-0.9354004263877869,-0.8694074153900146,0.42368319630622864,1.0,0.8644029124564865,-0.5846720767834358,1.6925639934231156,1.9801704366794608,0.0003094003681715754,0.0,0.25921035654391306,0.2588584308104337,-0.06337813147542483,-0.05921035654391306,-0.05885843081043368,0.06337813147542483,0.2,0.2,0.0,0.37177208567962555,-0.37116885388916193,False
0,382,0.8644029124564865,-0.5846720767834358,1.6925639934231156,1.9801704366794608,0.0003094003681715754,0.0,0.25921035654391306,0.2588584308104337,-0.06337813147542483,-0.5875090956687927,0.9999875426292419,-0.8929786086082458,-0.9891143441200256,0.4225298762321472,0.9999997019767761,0.8665295363239165,-0.5823788684192776,1.6916181573123974,1.9793700931773324,-4.201357980896343e-05,0.0,0.25921035654391306,0.2588584308104337,-0.06337813147542483,-0.05921035654391306,-0.05885843081043368,0.06337813147542483,0.2,0.2,0.0,0.37177208567962555,-0.37177208567962555,False
0,383,0.8665295363239165,-0.5823788684192776,1.6916181573123974,1.9793700931773324,-4.201357980896343e-05,0.0,0.25921035654391306,0.2588584308104337,-0.06337813147542483,-0.10934754461050034,0.9999997019767761,-0.927291214466095,-0.857030987739563,0.34476420283317566,0.9999980926513672,0.8668828936348628,-0.5818883410359618,1.6914199005967199,1.9792051999957745,-8.549139192899876e-05,0.0,0.25913573956848773,0.25887946829705666,-0.06339296549708251,-0.05913573956848771,-0.058879468297056654,0.06339296549708251,0.2,0.2,0.0,0.3717372441684962,-0.3710404139459088,False
0,384,0.8668828936348628,-0.5818883410359618,1.6914199005967199,1.9792051999957745,-8.549139192899876e-05,0.0,0.25913573956848773,0.25887946829705666,-0.06339296549708251,-0.9949454665184021,0.999947726726532,-0.8836771845817566,-0.7999757528305054,0.40302789211273193,0.9999992251396179,0.8668021923057169,-0.5816539116577427,1.6913385820245475,1.9791331899567954,-4.1234761472525624e-05,0.0,0.25913573956848773,0.25887946829705666,-0.06339296549708251,-0.05913573956848771,-0.058879468297056654,0.06339296549708251,0.2,0.2,0.0,0.3717372441684962,-0.3717372441684962,False
0,385,0.8668021923057169,-0.5816539116577427,1.6913385820245475,1.9791331899567954,-4.1234761472525624e-05,0.0,0.25913573956848773,0.25887946829705666,-0.06339296549708251,0.9453208446502686,0.9999693036079407,-0.9398753046989441,-0.9053586721420288,0.37400639057159424,0.9999961853027344,0.8665064386770538,-0.5813592089627471,1.6912472912292857,1.979055037916857,4.673779032955202e-05,0.0,0.2591450291513296,0.25886223691332383,-0.0634031025753604,-0.05914502915132959,-0.058862236913323825,0.0634031025753604,0.2,0.2,0.0,0.3717334491941705,-0.37165754970765696,False
0,386,0.8665064386770538,-0.5813592089627471,1.6912472912292857,1.979055037916857,4.673779032955202e-05,0.0,0.2591450291513296,0.25886223691332383,-0.0634031025753604,-0.41946926712989807,0.9996212124824524,-0.9320886135101318,-0.5382013916969299,0.5068212747573853,0.9999999403953552,0.8666802622126094,-0.5811840353912404,1.6911752474027963,1.978988977907303,2.4733424537991196e-05,0.0,0.2591450291513296,0.25886223691332383,-0.0634031025753604,-0.05914502915132959,-0.058862236913323825,0.0634031025753604,0.2,0.2,0.0,0.3717334491941705,-0.3717334491941705,False
0,387,0.8666802622126094,-0.5811840353912404,1.6911752474027963,1.978988977907303,2.4733424537991196e-05,0.0,0.2591450291513296,0.25886223691332383,-0.0634031025753604,0.9741820693016052,0.9999282360076904,-0.8727410435676575,-0.6117452383041382,0.3441973328590393,0.9999992251396179,0.8665261376180209,-0.5808307348766296,1.6910559799280158,1.9788826121570267,8.672691374184417e-05,0.0,0.2591424835813222,0.2588497250867482,-0.06341425692131238,-0.05914248358132221,-0.05884972508674817,0.06341425692131238,0.2,0.2,0.0,0.3717248645908196,-0.37155317252380154,False
0,388,0.8665261376180209,-0.5808307348766296,1.6910559799280158,1.9788826121570267,8.672691374184417e-05,0.0,0.2591424835813222,0.2588497250867482,-0.06341425692131238,0.23182585835456848,0.9894187450408936,-0.9414910078048706,-0.8582350611686707,0.23904602229595184,0.9999954700469971,0.8667028874356582,-0.580655918332181,1.6909838212461954,1.9788166373292448,6.428550126399538e-05,0.0,0.2591424835813222,0.2588497250867482,-0.06341425692131238,-0.05914248358132221,-0.05884972508674817,0.06341425692131238,0.2,0.2,0.0,0.3717248645908196,-0.3717248645908196,False
0,389,0.8667028874356582,-0.580655918332181,1.6909838212461954,1.9788166373292448,6.428550126399538e-05,0.0,0.2591424835813222,0.2588497250867482,-0.06341425692131238,0.06311963498592377,0.9999921321868896,-0.908421516418457,-0.974448561668396,0.4166995882987976,0.9999940395355225,0.8667452838353286,-0.5804223723264619,1.6908970500790175,1.9787374436434964,7.95174566575622e-05,0.0,0.2591259201651407,0.25884655962944114,-0.06342312662097827,-0.059125920165140705,-0.058846559629441145,0.06342312662097827,0.2,0.2,0.0,0.3717126268016858,-0.37146787101901013,False
0,390,0.8667452838353286,-0.5804223723264619,1.6908970500790175,1.9787374436434964,7.95174566575622e-05,0.0,0.2591259201651407,0.25884655962944114,-0.06342312662097827,-0.20592151582241058,0.9972891807556152,-0.9055666923522949,-0.9808794856071472,0.39104926586151123,0.9999998807907104,0.8667452838353286,-0.5804223723264619,1.6908970500790175,1.9787374436434964,7.95174566575622e-05,0.0,0.25911863053813317,0.2588036023597151,-0.0634617505027536,-0.059118630538133154,-0.05880360235971509,0.0634617505027536,0.2,0.2,0.0,0.3716842249318591,-0.37111618753532466,False
0,391,0.8667452838353286,-0.5804223723264619,1.6908970500790175,1.9787374436434964,7.95174566575622e-05,0.0,0.25911863053813317,0.2588036023597151,-0.0634617505027536,0.9154673218727112,0.94730144739151,-0.9531900882720947,-0.8933948278427124,0.2713664770126343,0.9997402429580688,0.8667452838353286,-0.5804223723264619,1.6908970500790175,1.9787374436434964,7.95174566575622e-05,0.0,0.25911863053813317,0.2588036023597151,-0.0634617505027536,-0.059118630538133154,-0.05880360235971509,0.0634617505027536,0.2,0.2,0.0,0.3716842249318591,-0.3716842249318591,False
0,392,0.8667452838353286,-0.5804223723264619,1.6908970500790175,1.9787374436434964,7.95174566575622e-05,0.0,0.25911863053813317,0.2588036023597151,-0.0634617505027536,0.3632468283176422,0.9999998211860657,-0.9561339616775513,-0.7465317249298096,0.22903472185134888,0.9999844431877136,0.8667452838353286,-0.5804223723264619,1.6908970500790175,1.9787374436434964,7.95174566575622e-05,0.0,0.2591179025377578,0.25876901670067304,-0.06349128405315861,-0.05911790253775781,-0.05876901670067303,0.06349128405315861,0.2,0.2,0.0,0.3716646802838804,-0.3712737873243062,False
0,393,0.8667452838353286,-0.5804223723264619,1.6908970500790175,1.9787374436434964,7.95174566575622e-05,0.0,0.2591179025377578,0.25876901670067304,-0.06349128405315861,-0.2541937530040741,1.0,-0.9344300031661987,-0.9966139793395996,0.2970671057701111,0.9999982118606567,0.8667452838353286,-0.5804223723264619,1.6908970500790175,1.9787374436434964,7.95174566575622e-05,0.0,0.2590533794592551,0.2587903651517834,-0.06349797060858726,-0.05905337945925508,-0.058790365151783375,0.06349797060858726,0.2,0.2,0.0,0.37163570707893934,-0.3710562429801183,False
0,394,0.8667452838353286,-0.5804223723264619,1.6908970500790175,1.9787374436434964,7.95174566575622e-05,0.0,0.2590533794592551,0.2587903651517834,-0.06349797060858726,-0.8137096166610718,0.8752764463424683,-0.9434956908226013,-0.968211829662323,0.31490081548690796,0.9990459084510803,0.866216609885147,-0.577198187692287,1.6897826341535551,1.9777150954316098,0.0003312509346072229,0.0,0.2590533794592551,0.2587903651517834,-0.06349797060858726,-0.05905337945925508,-0.058790365151783375,0.06349797060858726,0.2,0.2,0.0,0.37163570707893934,-0.37163570707893934,False
0,395,0.866216609885147,-0.577198187692287,1.6897826341535551,1.9777150954316098,0.0003312509346072229,0.0,0.2590533794592551,0.2587903651517834,-0.06349797060858726,0.9959625005722046,-0.9996335506439209,-0.9367417693138123,-0.7431052327156067,0.1876671314239502,0.9999998807907104,0.8670033599300409,-0.5761983173424917,1.6893760459491167,1.9773523407109599,0.0002510007220328949,0.0,0.2590533794592551,0.2587903651517834,-0.06349797060858726,-0.05905337945925508,-0.058790365151783375,0.06349797060858726,0.2,0.2,0.0,0.37163570707893934,-0.37163570707893934,False
0,396,0.8670033599300409,-0.5761983173424917,1.6893760459491167,1.9773523407109599,0.0002510007220328949,0.0,0.2590533794592551,0.2587903651517834,-0.06349797060858726,-0.7647715210914612,1.0,-0.936052143573761,-0.9924716949462891,0.236352801322937,0.9999976754188538,0.8670033599300409,-0.5761983173424917,1.6893760459491167,1.9773523407109599,0.0002510007220328949,0.0,0.25904495055698573,0.25878866426212765,-0.063501940049693,-0.05904495055698569,-0.058788664262127616,0.063501940049693,0.2,0.2,0.0,0.3716293254705853,-0.37150169330350463,False
0,397,0.8670033599300409,-0.5761983173424917,1.6893760459491167,1.9773523407109599,0.0002510007220328949,0.0,0.25904495055698573,0.25878866426212765,-0.063501940049693,0.8951132893562317,0.9983373880386353,-0.9401439428329468,-0.9976840019226074,0.331227570772171,0.9999994039535522,0.8676381546447242,-0.5768757096138086,1.6895605080926104,1.9775503474567444,0.00018535805755486059,0.0,0.25904495055698573,0.25878866426212765,-0.063501940049693,-0.05904495055698569,-0.058788664262127616,0.063501940049693,0.2,0.2,0.0,0.3716293254705853,-0.3716293254705853,False
0,398,0.8676381546447242,-0.5768757096138086,1.6895605080926104,1.9775503474567444,0.00018535805755486059,0.0,0.25904495055698573,0.25878866426212765,-0.063501940049693,-0.7889263033866882,0.9997175931930542,-0.9370235800743103,-0.982498049736023,0.32983455061912537,0.9999999403953552,0.8679723181963361,-0.5771145371888058,1.689612016191637,1.9776180589861914,0.00016517120917489058,0.0,0.2589950155139448,0.2588364232190501,-0.06347769510645575,-0.058995015513944815,-0.05883642321905007,0.06347769510645575,0.2,0.2,0.0,0.3716236400202871,-0.37150993101432267,False
0,399,0.8679723181963361,-0.5771145371888058,1.689612016191637,1.9776180589861914,0.00016517120917489058,0.0,0.2589950155139448,0.2588364232190501,-0.06347769510645575,0.9132001399993896,0.9829871654510498,-0.9298521876335144,-0.9967278838157654,0.2877287268638611,0.9997981786727905,0.8679768267396736,-0.5768699653269411,1.6895236745654971,1.9775397871421265,0.00018268822519721005,0.0,0.2589950155139448,0.2588364232190501,-0.06347769510645575,-0.058995015513944815,-0.05883642321905007,0.06347769510645575,0.2,0.2,0.0,0.3716236400202871,-0.3716236400202871,False
0,400,0.8679768267396736,-0.5768699653269411,1.6895236745654971,1.9775397871421265,0.00018268822519721005,0.0,0.2589950155139448,0.2588364232190501,-0.06347769510645575,0.9862610101699829,0.999957263469696,-0.9325307607650757,-0.07541235536336899,0.23885780572891235,0.999944269657135,0.8679768267396736,-0.5768699653269411,1.6895236745654971,1.9775397871421265,0.00018268822519721005,0.0,0.2586732968099177,0.2587437437960277,-0.06353996935020273,-0.05867329680991765,-0.05874374379602772,0.06353996935020273,0.2,0.2,0.0,0.37134556297486704,-0.36578402206646615,False
0,401,0.8679768267396736,-0.5768699653269411,1.6895236745654971,1.9775397871421265,0.00018268822519721005,0.0,0.2586732968099177,0.2587437437960277,-0.06353996935020273,0.5669362545013428,0.9993466734886169,-0.9278489351272583,-0.9768238663673401,0.4790046215057373,0.9999258518218994,0.8679768267396736,-0.5768699653269411,1.6895236745654971,1.9775397871421265,0.00018268822519721005,0.0,0.2583385679978683,0.2586493328652854,-0.06359492239963062,-0.05833856799786828,-0.058649332865285383,0.06359492239963062,0.2,0.2,0.0,0.3710560702398783,-0.3652662155401035,False
0,402,0.8679768267396736,-0.5768699653269411,1.6895236745654971,1.9775397871421265,0.00018268822519721005,0.0,0.2583385679978683,0.2586493328652854,-0.06359492239963062,-0.8336172103881836,0.9999952912330627,-0.9339489340782166,-0.999973714351654,0.5163368582725525,0.9999997019767761,0.8679768267396736,-0.5768699653269411,1.6895236745654971,1.9775397871421265,0.00018268822519721005,0.0,0.25825871472705375,0.25850352610086913,-0.0634643711936688,-0.058258714727053754,-0.058503526100869126,0.0634643711936688,0.2,0.2,0.0,0.37087647963986636,-0.36728466763962764,False
0,403,0.8679768267396736,-0.5768699653269411,1.6895236745654971,1.9775397871421265,0.00018268822519721005,0.0,0.25825871472705375,0.25850352610086913,-0.0634643711936688,0.997701108455658,0.997319757938385,-0.9453833103179932,-0.8593151569366455,0.5167726278305054,0.9997529983520508,0.8679768267396736,-0.5768699653269411,1.6895236745654971,1.9775397871421265,0.00018268822519721005,0.0,0.2582882046274133,0.25836939073809323,-0.06339907503454989,-0.0582882046274133,-0.05836939073809323,0.06339907503454989,0.2,0.2,0.0,0.37079236971014184,-0.3691101711156515,False
0,404,0.8679768267396736,-0.5768699653269411,1.6895236745654971,1.9775397871421265,0.00018268822519721005,0.0,0.2582882046274133,0.25836939073809323,-0.06339907503454989,0.3666851222515106,0.9997907876968384,-0.9284248352050781,-0.9926975965499878,0.5418479442596436,0.9999999403953552,0.8706744596206512,-0.5675442281526704,1.682085974217176,1.9742743744784317,0.0028599368328268582,0.0,0.25834139845477333,0.2583101506200922,-0.06342754030407727,-0.05834139845477333,-0.05831015062009223,0.06342754030407727,0.2,0.2,0.0,0.37079302169534967,-0.3708060613995061,False
0,405,0.8706744596206512,-0.5675442281526704,1.682085974217176,1.9742743744784317,0.0028599368328268582,0.0,0.25834139845477333,0.2583101506200922,-0.06342754030407727,-0.20730756223201752,0.9984959959983826,-0.9406746625900269,-0.02665865421295166,0.5873327255249023,1.0,0.8706857871901297,-0.5672445282687233,1.68187129484252,1.9742295317014402,0.0029626361460826428,0.0,0.25829218874244025,0.25832558106395176,-0.0634338403952761,-0.05829218874244024,-0.05832558106395177,0.0634338403952761,0.2,0.2,0.0,0.37077056612503917,-0.3703214547188292,False
0,406,0.8706857871901297,-0.5672445282687233,1.68187129484252,1.9742295317014402,0.0029626361460826428,0.0,0.25829218874244025,0.25832558106395176,-0.0634338403952761,-0.7069306373596191,0.9999969005584717,-0.936996579170227,-0.9957951903343201,0.5144263505935669,0.9999998807907104,0.8705991566591739,-0.5668329211636414,1.6814821767754684,1.9742192776005334,0.003206210883380885,0.0,0.25829218874244025,0.25832558106395176,-0.0634338403952761,-0.05829218874244024,-0.05832558106395177,0.0634338403952761,0.2,0.2,0.0,0.37077056612503917,-0.37077056612503917,False
0,407,0.8705991566591739,-0.5668329211636414,1.6814821767754684,1.9742192776005334,0.003206210883380885,0.0,0.25829218874244025,0.25832558106395176,-0.0634338403952761,0.9697651267051697,0.9999996423721313,-0.9369538426399231,-0.9993571043014526,0.5993266105651855,0.9999998211860657,0.8706254840530002,-0.5664250415077984,1.6811948021658838,1.9741548854747115,0.0033427097602791614,0.0,0.25824427011450984,0.2582486007865958,-0.0634555195096593,-0.05824427011450983,-0.058248600786595765,0.0634555195096593,0.2,0.2,0.0,0.3706872614636915,-0.36902116823673853,False
0,408,0.8706254840530002,-0.5664250415077984,1.6811948021658838,1.9741548854747115,0.0033427097602791614,0.0,0.25824427011450984,0.2582486007865958,-0.0634555195096593,-0.40748438239097595,0.9577039480209351,-0.9248233437538147,-0.9940820336341858,0.5691981911659241,0.9998339414596558,0.8709719398692716,-0.5660731065527908,1.681052384640105,1.9740258813180152,0.0032811137417064753,0.0,0.25824427011450984,0.2582486007865958,-0.0634555195096593,-0.05824427011450983,-0.058248600786595765,0.0634555195096593,0.2,0.2,0.0,0.3706872614636915,-0.3706872614636915,False
0,409,0.8709719398692716,-0.5660731065527908,1.681052384640105,1.9740258813180152,0.0032811137417064753,0.0,0.25824427011450984,0.2582486007865958,-0.0634555195096593,0.36793869733810425,1.0,-0.9322502613067627,-0.5858392715454102,0.5152838826179504,0.9999999403953552,0.8708698160160953,-0.5658492977605188,1.6809756202326425,1.9739628947594976,0.003320344873491798,0.0,0.2582115131445099,0.2582527251985304,-0.06346469240317103,-0.05821151314450988,-0.058252725198530385,0.06346469240317103,0.2,0.2,0.0,0.37066888563065853,-0.3703013689699987,False
0,410,0.8708698160160953,-0.5658492977605188,1.6809756202326425,1.9739628947594976,0.003320344873491798,0.0,0.2582115131445099,0.2582527251985304,-0.06346469240317103,-0.9694908857345581,0.9861818552017212,-0.9329997301101685,-0.9792554378509521,0.5391007661819458,0.9999999403953552,0.8708698160160953,-0.5658492977605188,1.6809756202326425,1.9739628947594976,0.003320344873491798,0.0,0.25826371980350626,0.25816782093122337,-0.06351480314887095,-0.058263719803506225,-0.05816782093122335,0.06351480314887095,0.2,0.2,0.0,0.3706546950332075,-0.3703708830841875,False
0,411,0.8708698160160953,-0.5658492977605188,1.6809756202326425,1.9739628947594976,0.003320344873491798,0.0,0.25826371980350626,0.25816782093122337,-0.06351480314887095,0.10874274373054504,0.9999237656593323,-0.860485851764679,-0.8991803526878357,0.722128689289093,0.9999998211860657,0.8708698160160953,-0.5658492977605188,1.6809756202326425,1.9739628947594976,0.003320344873491798,0.0,0.2586919841018322,0.257618469802241,-0.06379949065542853,-0.05869198410183217,-0.057618469802241,0.06379949065542853,0.2,0.2,0.0,0.37062001245167925,-0.3699263608211137,False
0,412,0.8708698160160953,-0.5658492977605188,1.6809756202326425,1.9739628947594976,0.003320344873491798,0.0,0.2586919841018322,0.257618469802241,-0.06379949065542853,0.7673909664154053,0.9999999403953552,-0.8848413228988647,-0.9977200627326965,0.7402787208557129,0.9984541535377502,0.8604294079338076,-0.55486728815645,1.677497735917566,1.9712212739872965,0.0061257478211642295,0.0,0.2586919841018322,0.257618469802241,-0.06379949065542853,-0.05869198410183217,-0.057618469802241,0.06379949065542853,0.2,0.2,0.0,0.37062001245167925,-0.37062001245167925,False
0,413,0.8604294079338076,-0.55486728815645,1.677497735917566,1.9712212739872965,0.0061257478211642295,0.0,0.2586919841018322,0.257618469802241,-0.06379949065542853,-0.49093279242515564,0.9944089651107788,-0.8810508251190186,-0.9650891423225403,0.7407760620117188,0.9999989867210388,0.8599083489570164,-0.5509260309750141,1.6760908457048789,1.9700720984660984,0.006439518997183586,0.0,0.2587177398699219,0.257452907882944,-0.06392537482704524,-0.05871773986992192,-0.05745290788294399,0.06392537482704524,0.2,0.2,0.0,0.3705446292250941,-0.36903696469339164,False
0,414,0.8599083489570164,-0.5509260309750141,1.6760908457048789,1.9700720984660984,0.006439518997183586,0.0,0.2587177398699219,0.257452907882944,-0.06392537482704524,0.970423698425293,0.9968352317810059,-0.8986955881118774,-0.9970015287399292,0.7194308638572693,0.999999463558197,0.8599083489570164,-0.5509260309750141,1.6760908457048789,1.9700720984660984,0.006439518997183586,0.0,0.25878080368207285,0.25731693507879483,-0.06401101723907461,-0.05878080368207282,-0.05731693507879482,0.06401101723907461,0.2,0.2,0.0,0.3705090009172049,-0.3697964347594204,False
0,415,0.8599083489570164,-0.5509260309750141,1.6760908457048789,1.9700720984660984,0.006439518997183586,0.0,0.25878080368207285,0.25731693507879483,-0.06401101723907461,0.9791439175605774,-0.9999350905418396,-0.879173994064331,-0.9917305707931519,0.740662157535553,0.9997707605361938,0.8568364890357664,-0.5449525361243344,1.6740546407866177,1.968480297624891,0.007438530701666836,0.0,0.2587822715214555,0.2572954094520355,-0.06402722273819292,-0.058782271521455515,-0.057295409452035484,0.06402722273819292,0.2,0.2,0.0,0.37049787722800936,-0.37027540344409865,False
0,416,0.8568364890357664,-0.5449525361243344,1.6740546407866177,1.968480297624891,0.007438530701666836,0.0,0.2587822715214555,0.2572954094520355,-0.06402722273819292,-0.20580638945102692,0.9999998807907104,-0.8883084654808044,-0.8683351278305054,0.7409929037094116,0.9953694343566895,0.8571954686776428,-0.5452588242783665,1.6741413274153767,1.9685517883772505,0.007399963135844971,0.0,0.2587822715214555,0.2572954094520355,-0.06402722273819292,-0.058782271521455515,-0.057295409452035484,0.06402722273819292,0.2,0.2,0.0,0.37049787722800936,-0.37049787722800936,False
0,417,0.8571954686776428,-0.5452588242783665,1.6741413274153767,1.9685517883772505,0.007399963135844971,0.0,0.2587822715214555,0.2572954094520355,-0.06402722273819292,0.8353694677352905,0.04259582236409187,-0.9040993452072144,-0.9930897355079651,0.725944459438324,0.9999863505363464,0.8571954686776428,-0.5452588242783665,1.6741413274153767,1.9685517883772505,0.007399963135844971,0.0,0.258758042113791,0.25727626485106037,-0.06405145794411095,-0.05875804211379097,-0.05727626485106037,0.06405145794411095,0.2,0.2,0.0,0.3704718478900139,-0.36995126113010496,False
0,418,0.8571954686776428,-0.5452588242783665,1.6741413274153767,1.9685517883772505,0.007399963135844971,0.0,0.258758042113791,0.25727626485106037,-0.06405145794411095,0.9970390796661377,0.9996278882026672,-0.8817321062088013,-0.99146968126297,0.7302926778793335,0.9999997615814209,0.8571556098963911,-0.5450766237524033,1.6740767815264432,1.9685005956261628,0.0074173167308938335,0.0,0.258758042113791,0.25727626485106037,-0.06405145794411095,-0.05875804211379097,-0.05727626485106037,0.06405145794411095,0.2,0.2,0.0,0.3704718478900139,-0.3704718478900139,False
0,419,0.8571556098963911,-0.5450766237524033,1.6740767815264432,1.9685005956261628,0.0074173167308938335,0.0,0.258758042113791,0.25727626485106037,-0.06405145794411095,0.9787991642951965,0.9999986290931702,-0.8844159841537476,-0.9970006346702576,0.7242701053619385,1.0,0.8571233098066149,-0.5428115471487872,1.6732541710588258,1.9678404382577857,0.007517411661739199,0.0,0.25874146326313263,0.25726814114708374,-0.06406450359523812,-0.05874146326313259,-0.057268141147083715,0.06406450359523812,0.2,0.2,0.0,0.37045688262161774,-0.3701575772536943,False
0,420,0.8571233098066149,-0.5428115471487872,1.6732541710588258,1.9678404382577857,0.007517411661739199,0.0,0.25874146326313263,0.25726814114708374,-0.06406450359523812,-0.014788145199418068,0.9991945624351501,-0.8908699154853821,-0.9613404273986816,0.7476509213447571,1.0,0.8571233098066149,-0.5428115471487872,1.6732541710588258,1.9678404382577857,0.007517411661739199,0.0,0.2585863403277998,0.2571970089510285,-0.06418553616336418,-0.058586340327799774,-0.057197008951028444,0.06418553616336418,0.2,0.2,0.0,0.3703201045987899,-0.3675845441422328,False
0,421,0.8571233098066149,-0.5428115471487872,1.6732541710588258,1.9678404382577857,0.007517411661739199,0.0,0.2585863403277998,0.2571970089510285,-0.06418553616336418,0.5341683626174927,0.9999096989631653,-0.8444074988365173,-0.999127209186554,0.7775306701660156,0.9576036930084229,0.857987568022937,-0.538437079733723,1.6716224282568735,1.966526126176509,0.007481102896686923,0.0,0.2585863403277998,0.2571970089510285,-0.06418553616336418,-0.058586340327799774,-0.057197008951028444,0.06418553616336418,0.2,0.2,0.0,0.3703201045987899,-0.3703201045987899,False
0,422,0.857987568022937,-0.538437079733723,1.6716224282568735,1.966526126176509,0.007481102896686923,0.0,0.2585863403277998,0.2571970089510285,-0.06418553616336418,0.9055988788604736,0.9998980164527893,-0.8312500715255737,-0.9811559915542603,0.7671982049942017,0.9999998807907104,0.8580441320674249,-0.5360230832822985,1.6707358076167045,1.9658313622704522,0.0075774041318239,0.0,0.2585667076591306,0.25719080110382714,-0.06419817225640184,-0.05856670765913061,-0.05719080110382712,0.06419817225640184,0.2,0.2,0.0,0.3703042746217944,-0.36998767508188424,False
0,423,0.8580441320674249,-0.5360230832822985,1.6707358076167045,1.9658313622704522,0.0075774041318239,0.0,0.2585667076591306,0.25719080110382714,-0.06419817225640184,0.4031433165073395,0.9813160300254822,-0.8509384989738464,-0.9901292324066162,0.7663902640342712,0.9995784163475037,0.8585806607296779,-0.5354773532106029,1.6705105181251225,1.9656464979440103,0.007486130730876752,0.0,0.2585667076591306,0.25719080110382714,-0.06419817225640184,-0.05856670765913061,-0.05719080110382712,0.06419817225640184,0.2,0.2,0.0,0.3703042746217944,-0.3703042746217944,False
0,424,0.8585806607296779,-0.5354773532106029,1.6705105181251225,1.9656464979440103,0.007486130730876752,0.0,0.2585667076591306,0.25719080110382714,-0.06419817225640184,0.9092353582382202,0.9999828338623047,-0.8403915166854858,-0.9985353350639343,0.7046290636062622,1.0,0.8585806607296779,-0.5354773532106029,1.6705105181251225,1.9656464979440103,0.007486130730876752,0.0,0.25835782601432705,0.25724439655468617,-0.06423766283355559,-0.05835782601432703,-0.05724439655468615,0.06423766283355559,0.2,0.2,0.0,0.3702025434109705,-0.3681679191944923,False
0,425,0.8585806607296779,-0.5354773532106029,1.6705105181251225,1.9656464979440103,0.007486130730876752,0.0,0.25835782601432705,0.25724439655468617,-0.06423766283355559,0.9839761853218079,0.9989312887191772,-0.8475061655044556,-0.9962953329086304,0.7500763535499573,0.9943034648895264,0.8613978777041673,-0.5321486048640968,1.6691616794213697,1.964550152980945,0.006985414518059728,0.0,0.25835782601432705,0.25724439655468617,-0.06423766283355559,-0.05835782601432703,-0.05724439655468615,0.06423766283355559,0.2,0.2,0.0,0.3702025434109705,-0.3702025434109705,False
0,426,0.8613978777041673,-0.5321486048640968,1.6691616794213697,1.964550152980945,0.006985414518059728,0.0,0.25835782601432705,0.25724439655468617,-0.06423766283355559,-0.21804644167423248,0.9999988675117493,-0.8277829885482788,-0.9839440584182739,0.7336717844009399,0.9999319911003113,0.8615676390612893,-0.5317610853186111,1.6690090914926015,1.964432401075372,0.006980109021997466,0.0,0.2582824880619742,0.25726573808528647,-0.06425023799001445,-0.05828248806197417,-0.05726573808528647,0.06425023799001445,0.2,0.2,0.0,0.3701669849052243,-0.36945581479030115,False
0,427,0.8615676390612893,-0.5317610853186111,1.6690090914926015,1.964432401075372,0.006980109021997466,0.0,0.2582824880619742,0.25726573808528647,-0.06425023799001445,0.04868482053279877,0.9999926090240479,-0.8202183842658997,-0.9926824569702148,0.7759617567062378,0.9999998807907104,0.8614942274612498,-0.5312913896929488,1.668839114208294,1.964304293555539,0.007022209760920559,0.0,0.25827925982490496,0.25724903240131486,-0.06426481474780582,-0.058279259824904936,-0.05724903240131484,0.06426481474780582,0.2,0.2,0.0,0.3701556525864265,-0.3699290062104706,False
0,428,0.8614942274612498,-0.5312913896929488,1.668839114208294,1.964304293555539,0.007022209760920559,0.0,0.25827925982490496,0.25724903240131486,-0.06426481474780582,0.4330032765865326,0.9950393438339233,-0.8443915843963623,-0.9929817318916321,0.739201545715332,0.893360435962677,0.8615537456376647,-0.530593359579718,1.6685792023209787,1.9641050880823323,0.00704284477133731,0.0,0.25827925982490496,0.25724903240131486,-0.06426481474780582,-0.058279259824904936,-0.05724903240131484,0.06426481474780582,0.2,0.2,0.0,0.3701556525864265,-0.3701556525864265,False
0,429,0.8615537456376647,-0.530593359579718,1.6685792023209787,1.9641050880823323,0.00704284477133731,0.0,0.25827925982490496,0.25724903240131486,-0.06426481474780582,0.08028659969568253,0.9990193247795105,-0.842968225479126,-0.9324498772621155,0.7615066170692444,0.9999040365219116,0.8615537456376647,-0.530593359579718,1.6685792023209787,1.9641050880823323,0.00704284477133731,0.0,0.25825712362382497,0.2572388123444956,-0.06428180023482069,-0.058257123623824944,-0.05723881234449555,0.06428180023482069,0.2,0.2,0.0,0.370136053796827,-0.3697440780048369,False
0,430,0.8615537456376647,-0.530593359579718,1.6685792023209787,1.9641050880823323,0.00704284477133731,0.0,0.25825712362382497,0.2572388123444956,-0.06428180023482069,0.7366693019866943,0.9999858140945435,-0.8453695774078369,-0.9897964000701904,0.748673677444458,0.9991229772567749,0.8615537456376647,-0.530593359579718,1.6685792023209787,1.9641050880823323,0.00704284477133731,0.0,0.2580629129881275,0.2572364015275915,-0.06436098781774274,-0.05806291298812749,-0.057236401527591484,0.06436098781774274,0.2,0.2,0.0,0.3700126620585541,-0.3675448272930958,False
0,431,0.8615537456376647,-0.530593359579718,1.6685792023209787,1.9641050880823323,0.00704284477133731,0.0,0.2580629129881275,0.2572364015275915,-0.06436098781774274,0.9382131099700928,0.9975181221961975,-0.7805295586585999,-0.9895386099815369,0.7464534044265747,1.0,0.8615537456376647,-0.530593359579718,1.6685792023209787,1.9641050880823323,0.00704284477133731,0.0,0.2579108441448227,0.2572786667846165,-0.06438602647381846,-0.057910844144822685,-0.057278666784616544,0.06438602647381846,0.2,0.2,0.0,0.36994036859344237,-0.3684944992912078,False
0,432,0.8615537456376647,-0.530593359579718,1.6685792023209787,1.9641050880823323,0.00704284477133731,0.0,0.2579108441448227,0.2572786667846165,-0.06438602647381846,0.9428789615631104,0.9923068284988403,-0.8066825866699219,-0.9903607964515686,0.7575933933258057,0.9999986290931702,0.8667246205353664,-0.5226306788871874,1.665404910752503,1.9616233708666453,0.006212368048610352,0.0,0.2578195158682004,0.25730623846998085,-0.0643990864502291,-0.05781951586820039,-0.05730623846998084,0.0643990864502291,0.2,0.2,0.0,0.3698981555154175,-0.36905389395491994,False
0,433,0.8667246205353664,-0.5226306788871874,1.665404910752503,1.9616233708666453,0.006212368048610352,0.0,0.2578195158682004,0.25730623846998085,-0.0643990864502291,0.6115736961364746,0.9992495775222778,-0.801534116268158,-0.9881598949432373,0.7128103375434875,0.9999998211860657,0.8670805932466256,-0.5222666729929194,1.6652521609117492,1.9615056697371738,0.0061578801327648505,0.0,0.2578195158682004,0.25730623846998085,-0.0643990864502291,-0.05781951586820039,-0.05730623846998084,0.0643990864502291,0.2,0.2,0.0,0.3698981555154175,-0.3698981555154175,False
0,434,0.8670805932466256,-0.5222666729929194,1.6652521609117492,1.9615056697371738,0.0061578801327648505,0.0,0.2578195158682004,0.25730623846998085,-0.0643990864502291,0.6534720063209534,0.9668660163879395,-0.7824018001556396,-0.9960306286811829,0.6987036466598511,0.9999992251396179,0.8671876779968892,-0.5220904092744681,1.6651806101563549,1.9614522843606375,0.006150404214829854,0.0,0.2577820084069653,0.25731487282818194,-0.06440628262592399,-0.05778200840696529,-0.05731487282818194,0.06440628262592399,0.2,0.2,0.0,0.3698792733833603,-0.36950163074221637,False
0,435,0.8671876779968892,-0.5220904092744681,1.6651806101563549,1.9614522843606375,0.006150404214829854,0.0,0.2577820084069653,0.25731487282818194,-0.06440628262592399,0.6836895942687988,0.8789491653442383,-0.7988084554672241,-0.992773711681366,0.7296301126480103,1.0,0.8673843925642355,-0.5218155349715278,1.6650677567043108,1.9613675183266734,0.006131163964890235,0.0,0.2577820084069653,0.25731487282818194,-0.06440628262592399,-0.05778200840696529,-0.05731487282818194,0.06440628262592399,0.2,0.2,0.0,0.3698792733833603,-0.3698792733833603,False
0,436,0.8673843925642355,-0.5218155349715278,1.6650677567043108,1.9613675183266734,0.006131163964890235,0.0,0.2577820084069653,0.25731487282818194,-0.06440628262592399,-0.11503639072179794,0.41405588388442993,-0.7716518640518188,-0.9928869009017944,0.7174599170684814,0.9999999403953552,0.8677854622159623,-0.521300497814614,1.6648578195630315,1.9612063981619494,0.006066915829518411,0.0,0.2577453791073982,0.2573216590436138,-0.06441466723974014,-0.05774537910739817,-0.05732165904361381,0.06441466723974014,0.2,0.2,0.0,0.369859927566884,-0.36947301123735843,False
0,437,0.8677854622159623,-0.521300497814614,1.6648578195630315,1.9612063981619494,0.006066915829518411,0.0,0.2577453791073982,0.2573216590436138,-0.06441466723974014,0.6347947120666504,0.8275578022003174,-0.7743211388587952,-0.9893529415130615,0.7510123252868652,0.9999759793281555,0.8677764791458595,-0.5212783256508003,1.6648489151414596,1.9612011369784437,0.006077181573425278,0.0,0.2577333185041856,0.25731493305578057,-0.06442434756496897,-0.0577333185041856,-0.05731493305578054,0.06442434756496897,0.2,0.2,0.0,0.3698485295358801,-0.36962056891580175,False
0,438,0.8677764791458595,-0.5212783256508003,1.6648489151414596,1.9612011369784437,0.006077181573425278,0.0,0.2577333185041856,0.25731493305578057,-0.06442434756496897,-0.34360381960868835,0.9810518026351929,-0.7748992443084717,-0.9900923371315002,0.7094137668609619,0.9946872591972351,0.8677764791458595,-0.5212783256508003,1.6648489151414596,1.9612011369784437,0.006077181573425278,0.0,0.2575973407545641,0.2573062640950545,-0.06448345714488235,-0.0575973407545641,-0.0573062640950545,0.06448345714488235,0.2,0.2,0.0,0.3697580556955221,-0.3679485788883624,False
0,439,0.8677764791458595,-0.5212783256508003,1.6648489151414596,1.9612011369784437,0.006077181573425278,0.0,0.2575973407545641,0.2573062640950545,-0.06448345714488235,0.5626392364501953,0.9984385967254639,-0.7571673393249512,-0.9915571212768555,0.7425833940505981,0.9996620416641235,0.8691162964191251,-0.5178846030137868,1.6635200761885933,1.9602156255596697,0.005971019258650039,0.0,0.2575973407545641,0.2573062640950545,-0.06448345714488235,-0.0575973407545641,-0.0573062640950545,0.06448345714488235,0.2,0.2,0.0,0.3697580556955221,-0.3697580556955221,False
0,440,0.8691162964191251,-0.5178846030137868,1.6635200761885933,1.9602156255596697,0.005971019258650039,0.0,0.2575973407545641,0.2573062640950545,-0.06448345714488235,0.6219643354415894,0.9999467730522156,-0.7917464971542358,-0.9971142411231995,0.7312352657318115,1.0,0.8691162964191251,-0.5178846030137868,1.6635200761885933,1.9602156255596697,0.005971019258650039,0.0,0.2576002526856165,0.2572786158849617,-0.06450461496956283,-0.05760025268561644,-0.05727861588496169,0.06450461496956283,0.2,0.2,0.0,0.3697445357645555,-0.36947413714522354,False
0,441,0.8691162964191251,-0.5178846030137868,1.6635200761885933,1.9602156255596697,0.005971019258650039,0.0,0.2576002526856165,0.2572786158849617,-0.06450461496956283,0.9701810479164124,0.9739037156105042,-0.8255339860916138,-0.9896220564842224,0.8064674139022827,1.0,0.8697002407866015,-0.5153934491696553,1.6625655568316837,1.9595182013146588,0.005957351764868842,0.0,0.2575390566234344,0.25728731001063954,-0.06452127981664381,-0.05753905662343439,-0.05728731001063954,0.06452127981664381,0.2,0.2,0.0,0.36971086152313287,-0.36903737669468,False
0,442,0.8697002407866015,-0.5153934491696553,1.6625655568316837,1.9595182013146588,0.005957351764868842,0.0,0.2575390566234344,0.25728731001063954,-0.06452127981664381,0.9554221034049988,0.998212993144989,-0.7957251071929932,-0.9960597157478333,0.7294940948486328,1.0,0.8700373489059516,-0.5150724309474031,1.6624285656183972,1.9594157692184762,0.005907354071965996,0.0,0.2575390566234344,0.25728731001063954,-0.06452127981664381,-0.05753905662343439,-0.05728731001063954,0.06452127981664381,0.2,0.2,0.0,0.36971086152313287,-0.36971086152313287,False
0,443,0.8700373489059516,-0.5150724309474031,1.6624285656183972,1.9594157692184762,0.005907354071965996,0.0,0.2575390566234344,0.25728731001063954,-0.06452127981664381,0.5148007273674011,0.9995388984680176,-0.8265392184257507,-0.9975963234901428,0.7931692600250244,0.9999980926513672,0.8703172393404177,-0.5147795089795933,1.6623057786785618,1.9593235291721542,0.005861829416954951,0.0,0.25749277316648966,0.25729821651385376,-0.06452998054039025,-0.057492773166489625,-0.05729821651385372,0.06452998054039025,0.2,0.2,0.0,0.3696877315285461,-0.369225131636811,False
0,444,0.8703172393404177,-0.5147795089795933,1.6623057786785618,1.9593235291721542,0.005861829416954951,0.0,0.25749277316648966,0.25729821651385376,-0.06452998054039025,0.9733854532241821,0.9587734341621399,-0.8456532955169678,-0.9970131516456604,0.8057593107223511,0.999999463558197,0.8704950113026672,-0.5144286821152336,1.6621652870357047,1.959221461014952,0.005847544140108762,0.0,0.25745392520157545,0.2573044012687256,-0.06453961944277793,-0.05745392520157544,-0.057304401268725595,0.06453961944277793,0.2,0.2,0.0,0.36966666199668907,-0.3692452713595482,False
0,445,0.8704950113026672,-0.5144286821152336,1.6621652870357047,1.959221461014952,0.005847544140108762,0.0,0.25745392520157545,0.2573044012687256,-0.06453961944277793,0.8056445717811584,0.9406872987747192,-0.8470386862754822,-0.9954767227172852,0.7911589741706848,0.9999995231628418,0.8707255541615812,-0.5142040445340106,1.6620697197832488,1.959150253191347,0.005813007670739165,0.0,0.25745392520157545,0.2573044012687256,-0.06453961944277793,-0.05745392520157544,-0.057304401268725595,0.06453961944277793,0.2,0.2,0.0,0.36966666199668907,-0.36966666199668907,False
0,446,0.8707255541615812,-0.5142040445340106,1.6620697197832488,1.959150253191347,0.005813007670739165,0.0,0.25745392520157545,0.2573044012687256,-0.06453961944277793,0.48739078640937805,0.9708938002586365,-0.8082141876220703,-0.9989644885063171,0.7743075489997864,0.9991270899772644,0.870943195555899,-0.5139822015299934,1.6619757566380595,1.9590805118004482,0.005781376261633598,0.0,0.25745392520157545,0.2573044012687256,-0.06453961944277793,-0.05745392520157544,-0.057304401268725595,0.06453961944277793,0.2,0.2,0.0,0.36966666199668907,-0.36966666199668907,False
0,447,0.870943195555899,-0.5139822015299934,1.6619757566380595,1.9590805118004482,0.005781376261633598,0.0,0.25745392520157545,0.2573044012687256,-0.06453961944277793,0.877031683921814,0.9928339123725891,-0.850396990776062,-0.9977917671203613,0.7896057367324829,0.9999987483024597,0.8711210470221776,-0.5137017667979639,1.661860916145994,1.958997547828767,0.005767265264178988,0.0,0.2574111832998915,0.257315540216124,-0.06454663451851281,-0.05741118329989146,-0.057315540216124006,0.06454663451851281,0.2,0.2,0.0,0.36964587452348574,-0.3692301250594191,False
0,448,0.8711210470221776,-0.5137017667979639,1.661860916145994,1.958997547828767,0.005767265264178988,0.0,0.2574111832998915,0.257315540216124,-0.06454663451851281,0.9621057510375977,0.9922856092453003,-0.8229284882545471,-0.9975794553756714,0.8283113837242126,0.999998152256012,0.8712765368474988,-0.5135269144216523,1.6617870741817022,1.9589436413206467,0.005749327250722497,0.0,0.2574111832998915,0.257315540216124,-0.06454663451851281,-0.05741118329989146,-0.057315540216124006,0.06454663451851281,0.2,0.2,0.0,0.36964587452348574,-0.36964587452348574,False
0,449,0.8712765368474988,-0.5135269144216523,1.6617870741817022,1.9589436413206467,0.005749327250722497,0.0,0.2574111832998915,0.257315540216124,-0.06454663451851281,0.7804257869720459,0.9999368786811829,-0.8441465497016907,-0.995496928691864,0.7549644708633423,0.9999996423721313,0.8714923400726988,-0.5132928585793137,1.661687275429232,1.9588712823928995,0.005727467983066554,0.0,0.2573859952260381,0.2573194710366071,-0.0645525957048632,-0.057385995226038114,-0.05731947103660707,0.0645525957048632,0.2,0.2,0.0,0.36963211214029135,-0.3693568644764035,False
0,450,0.8714923400726988,-0.5132928585793137,1.661687275429232,1.9588712823928995,0.005727467983066554,0.0,0.2573859952260381,0.2573194710366071,-0.0645525957048632,0.5241757035255432,0.9954466223716736,-0.8424718379974365,-0.9939285516738892,0.8198038935661316,1.0,0.8714923400726988,-0.5132928585793137,1.661687275429232,1.9588712823928995,0.005727467983066554,0.0,0.2568887447584002,0.2573463347028554,-0.06472048358864002,-0.05688874475840015,-0.05734633470285539,0.06472048358864002,0.2,0.2,0.0,0.36933413620255573,-0.3633746174478434,False
0,451,0.8714923400726988,-0.5132928585793137,1.661687275429232,1.9588712823928995,0.005727467983066554,0.0,0.2568887447584002,0.2573463347028554,-0.06472048358864002,0.6693444848060608,0.9981285333633423,-0.8716927766799927,-0.9988595843315125,0.9298239350318909,1.0,0.8769702458106912,-0.503058099963648,1.6576032054442957,1.9559296082905626,0.004926128394618928,0.0,0.2568887447584002,0.2573463347028554,-0.06472048358864002,-0.05688874475840015,-0.05734633470285539,0.06472048358864002,0.2,0.2,0.0,0.36933413620255573,-0.36933413620255573,False
0,452,0.8769702458106912,-0.503058099963648,1.6576032054442957,1.9559296082905626,0.004926128394618928,0.0,0.2568887447584002,0.2573463347028554,-0.06472048358864002,0.6385103464126587,0.9995338916778564,-0.8497730493545532,-0.9990865588188171,0.9226794242858887,0.9999643564224243,0.8773398168930975,-0.50237995449221,1.6573283393814027,1.9557390825423946,0.004889316274825607,0.0,0.2568409994656024,0.25734763465189914,-0.06473729013385099,-0.05684099946560241,-0.05734763465189914,0.06473729013385099,0.2,0.2,0.0,0.36930478036615144,-0.3687176636380657,False
0,453,0.8773398168930975,-0.50237995449221,1.6573283393814027,1.9557390825423946,0.004889316274825607,0.0,0.2568409994656024,0.25734763465189914,-0.06473729013385099,0.4325686991214752,0.9997178912162781,-0.8555693030357361,-0.9984709620475769,0.9076921939849854,0.9999974370002747,0.877439774145255,-0.5022044761934343,1.6572561620711008,1.955689872910643,0.004884270662511041,0.0,0.2568409994656024,0.25734763465189914,-0.06473729013385099,-0.05684099946560241,-0.05734763465189914,0.06473729013385099,0.2,0.2,0.0,0.36930478036615144,-0.36930478036615144,False
0,454,0.877439774145255,-0.5022044761934343,1.6572561620711008,1.955689872910643,0.004884270662511041,0.0,0.2568409994656024,0.25734763465189914,-0.06473729013385099,0.7534459233283997,0.9992102980613708,-0.8295838832855225,-0.9995445013046265,0.9288274645805359,1.0,0.877439774145255,-0.5022044761934343,1.6572561620711008,1.955689872910643,0.004884270662511041,0.0,0.2565013089922604,0.25732945455862666,-0.06487788665171615,-0.05650130899226044,-0.057329454558626626,0.06487788665171615,0.2,0.2,0.0,0.3690806278776716,-0.3645975781080747,False
0,455,0.877439774145255,-0.5022044761934343,1.6572561620711008,1.955689872910643,0.004884270662511041,0.0,0.2565013089922604,0.25732945455862666,-0.06487788665171615,0.7585870027542114,0.999596118927002,-0.8356133699417114,-0.9979228973388672,0.9395561218261719,0.9999998807907104,0.8811646497199556,-0.4935789289855414,1.653819520899744,1.9533424609398227,0.00448545791121589,0.0,0.25645398664286795,0.25732620535173734,-0.06489779285751893,-0.05645398664286792,-0.05732620535173731,0.06489779285751893,0.2,0.2,0.0,0.36904897607705434,-0.3684159400647091,False
0,456,0.8811646497199556,-0.4935789289855414,1.653819520899744,1.9533424609398227,0.00448545791121589,0.0,0.25645398664286795,0.25732620535173734,-0.06489779285751893,0.608138382434845,0.9966427087783813,-0.8321934938430786,-0.9992139935493469,0.9172474145889282,0.9999989867210388,0.881314744735818,-0.4934110068077187,1.6537415546749312,1.9532959335881381,0.004506751710232776,0.0,0.25645398664286795,0.25732620535173734,-0.06489779285751893,-0.05645398664286792,-0.05732620535173731,0.06489779285751893,0.2,0.2,0.0,0.36904897607705434,-0.36904897607705434,False
0,457,0.881314744735818,-0.4934110068077187,1.6537415546749312,1.9532959335881381,0.004506751710232776,0.0,0.25645398664286795,0.25732620535173734,-0.06489779285751893,0.7200745344161987,0.9999735951423645,-0.836814284324646,-0.9991647601127625,0.8954073190689087,0.999999463558197,0.8814218968206986,-0.49323438984878437,1.6536680598925702,1.9532477263471821,0.0045004601325446284,0.0,0.25643154539297475,0.2573284992403486,-0.06490306558830229,-0.05643154539297472,-0.05732849924034858,0.06490306558830229,0.2,0.2,0.0,0.369035908709002,-0.3687745613479551,False
0,458,0.8814218968206986,-0.49323438984878437,1.6536680598925702,1.9532477263471821,0.0045004601325446284,0.0,0.25643154539297475,0.2573284992403486,-0.06490306558830229,0.9036922454833984,0.989355206489563,-0.8704885244369507,-0.9992294311523438,0.9224196076393127,1.0,0.8816768484412707,-0.4928809917715798,1.6535172865932029,1.9531499165559854,0.004490357872632877,0.0,0.25643154539297475,0.2573284992403486,-0.06490306558830229,-0.05643154539297472,-0.05732849924034858,0.06490306558830229,0.2,0.2,0.0,0.369035908709002,-0.369035908709002,False
0,459,0.8816768484412707,-0.4928809917715798,1.6535172865932029,1.9531499165559854,0.004490357872632877,0.0,0.25643154539297475,0.2573284992403486,-0.06490306558830229,0.975569486618042,0.9995865821838379,-0.8311084508895874,-0.9984312653541565,0.9274648427963257,1.0,0.8818356716504191,-0.4927080730928744,1.6534426176630748,1.9531003058705152,0.004472774086583812,0.0,0.2563966390981403,0.2573336132958011,-0.06491102860582512,-0.0563966390981403,-0.0573336132958011,0.06491102860582512,0.2,0.2,0.0,0.369016621180349,-0.3686308706072892,False
0,460,0.8818356716504191,-0.4927080730928744,1.6534426176630748,1.9531003058705152,0.004472774086583812,0.0,0.2563966390981403,0.2573336132958011,-0.06491102860582512,0.7578197717666626,0.9999706149101257,-0.8644896745681763,-0.9992709159851074,0.9343960881233215,1.0,0.8818356716504191,-0.4927080730928744,1.6534426176630748,1.9531003058705152,0.004472774086583812,0.0,0.25627233071508465,0.25735336689530564,-0.0649403250433592,-0.056272330715084654,-0.05735336689530564,0.0649403250433592,0.2,0.2,0.0,0.36894919536330295,-0.3676006790223819,False
0,461,0.8818356716504191,-0.4927080730928744,1.6534426176630748,1.9531003058705152,0.004472774086583812,0.0,0.25627233071508465,0.25735336689530564,-0.0649403250433592,0.8975364565849304,0.9998944997787476,-0.8427531123161316,-0.9993958473205566,0.9643767476081848,0.9999999403953552,0.884161441149337,-0.48968468177508023,1.652180535638537,1.9522505000720545,0.00411653471818644,0.0,0.25618517383458717,0.25736676138955994,-0.06496178910806427,-0.056185173834587154,-0.05736676138955993,0.06496178910806427,0.2,0.2,0.0,0.36890178531003204,-0.3679535842446138,False
0,462,0.884161441149337,-0.48968468177508023,1.652180535638537,1.9522505000720545,0.00411653471818644,0.0,0.25618517383458717,0.25736676138955994,-0.06496178910806427,0.7586828470230103,0.9969746470451355,-0.8051913380622864,-0.9995986223220825,0.9653809666633606,0.9999995231628418,0.8848139895562162,-0.48883324372998366,1.6518251891552451,1.9520131883274616,0.004012435104076595,0.0,0.25618517383458717,0.25736676138955994,-0.06496178910806427,-0.056185173834587154,-0.05736676138955993,0.06496178910806427,0.2,0.2,0.0,0.36890178531003204,-0.36890178531003204,False
0,463,0.8848139895562162,-0.48883324372998366,1.6518251891552451,1.9520131883274616,0.004012435104076595,0.0,0.25618517383458717,0.25736676138955994,-0.06496178910806427,0.7498661279678345,0.9524754881858826,-0.7735649347305298,-0.9997548460960388,0.9584750533103943,0.9999999403953552,0.8850386292458499,-0.4885589175615068,1.6517076085877493,1.9519370298885748,0.003990948285459619,0.0,0.2561363527055268,0.25737452044401216,-0.06497316027261717,-0.056136352705526776,-0.05737452044401213,0.06497316027261717,0.2,0.2,0.0,0.3688752993992502,-0.368345581183613,False
0,464,0.8850386292458499,-0.4885589175615068,1.6517076085877493,1.9519370298885748,0.003990948285459619,0.0,0.2561363527055268,0.25737452044401216,-0.06497316027261717,0.9505928754806519,0.9997011423110962,-0.8036872744560242,-0.999363124370575,0.9522795081138611,0.9999999403953552,0.8852266651517268,-0.4883325265260215,1.6516085741934965,1.9518746216669394,0.003984730444542494,0.0,0.2561363527055268,0.25737452044401216,-0.06497316027261717,-0.056136352705526776,-0.05737452044401213,0.06497316027261717,0.2,0.2,0.0,0.3688752993992502,-0.3688752993992502,False
0,465,0.8852266651517268,-0.4883325265260215,1.6516085741934965,1.9518746216669394,0.003984730444542494,0.0,0.2561363527055268,0.25737452044401216,-0.06497316027261717,0.9776089191436768,0.9861757755279541,-0.7692036032676697,-0.9997449517250061,0.9641720652580261,0.9999999403953552,0.8855641434814406,-0.4879805983037457,1.6514565210339112,1.9517744664194026,0.003937965233592818,0.0,0.2561042143909442,0.2573798054787208,-0.06497996135562392,-0.05610421439094419,-0.05737980547872078,0.06497996135562392,0.2,0.2,0.0,0.3688578700188533,-0.3685092824109154,False
0,466,0.8855641434814406,-0.4879805983037457,1.6514565210339112,1.9517744664194026,0.003937965233592818,0.0,0.2561042143909442,0.2573798054787208,-0.06497996135562392,0.9588494300842285,0.9998824000358582,-0.8284989595413208,-0.999835193157196,0.9624044895172119,1.0,0.8856787559491094,-0.48786506762276116,1.651406379085037,1.951741454399479,0.0039219216760554565,0.0,0.2560455799048446,0.2573932064562572,-0.06499031003209496,-0.056045579904844614,-0.05739320645625718,0.06499031003209496,0.2,0.2,0.0,0.36882833692208283,-0.3682376749866738,False
0,467,0.8856787559491094,-0.48786506762276116,1.651406379085037,1.951741454399479,0.0039219216760554565,0.0,0.2560455799048446,0.2573932064562572,-0.06499031003209496,0.8803796768188477,0.9999420642852783,-0.8420215249061584,-0.9995772838592529,0.9584406614303589,1.0,0.8869121833353578,-0.48660174143605184,1.650861740275748,1.9513811543359134,0.0037302959167534767,0.0,0.25597930467335833,0.2574078565814908,-0.06500221740300885,-0.055979304673358335,-0.05740785658149075,0.06500221740300885,0.2,0.2,0.0,0.368794654676883,-0.3681210097728862,False
0,468,0.8869121833353578,-0.48660174143605184,1.650861740275748,1.9513811543359134,0.0037302959167534767,0.0,0.25597930467335833,0.2574078565814908,-0.06500221740300885,0.8638968467712402,0.9969543814659119,-0.8286790251731873,-0.99967360496521,0.9513310194015503,0.9999999403953552,0.887381679111923,-0.48609140226717185,1.650639097498134,1.9512384044871536,0.003684907514213625,0.0,0.25597930467335833,0.2574078565814908,-0.06500221740300885,-0.055979304673358335,-0.05740785658149075,0.06500221740300885,0.2,0.2,0.0,0.368794654676883,-0.368794654676883,False
0,469,0.887381679111923,-0.48609140226717185,1.650639097498134,1.9512384044871536,0.003684907514213625,0.0,0.25597930467335833,0.2574078565814908,-0.06500221740300885,0.8532282114028931,0.9933046698570251,-0.8360474109649658,-0.999624490737915,0.9597434401512146,1.0,0.8876831470529807,-0.48574265962957364,1.650465582746244,1.9510979978570744,0.0037065919524426165,0.0,0.25593291942154794,0.2574166168645044,-0.06501119646579342,-0.05593291942154795,-0.0574166168645044,0.06501119646579342,0.2,0.2,0.0,0.3687701581575136,-0.36828022777012515,False
0,470,0.8876831470529807,-0.48574265962957364,1.650465582746244,1.9510979978570744,0.0037065919524426165,0.0,0.25593291942154794,0.2574166168645044,-0.06501119646579342,0.9539164304733276,0.9999590516090393,-0.7736026644706726,-0.9995368719100952,0.9718909859657288,1.0,0.8876831470529807,-0.48574265962957364,1.650465582746244,1.9510979978570744,0.0037065919524426165,0.0,0.2556630019456157,0.257423555814567,-0.06496968440165247,-0.05566300194561567,-0.057423555814566964,0.06496968440165247,0.2,0.2,0.0,0.36858040851801893,-0.3647854157281261,False
0,471,0.8876831470529807,-0.48574265962957364,1.650465582746244,1.9510979978570744,0.0037065919524426165,0.0,0.2556630019456157,0.257423555814567,-0.06496968440165247,0.9046224355697632,0.9999626278877258,-0.7898479700088501,-0.9995320439338684,0.923804759979248,1.0,0.8876831470529807,-0.48574265962957364,1.650465582746244,1.9510979978570744,0.0037065919524426165,0.0,0.2555487000964969,0.25742847341153524,-0.06495939854458004,-0.0555487000964969,-0.05742847341153524,0.06495939854458004,0.2,0.2,0.0,0.36850275508234187,-0.36694968636880065,False
0,472,0.8876831470529807,-0.48574265962957364,1.650465582746244,1.9510979978570744,0.0037065919524426165,0.0,0.2555487000964969,0.25742847341153524,-0.06495939854458004,0.9062445759773254,0.9985858201980591,-0.7772165536880493,-0.9996354579925537,0.929047703742981,1.0,0.8924260249864606,-0.48074174021036736,1.6478298103124285,1.9490132666357067,0.004476863421547594,0.0,0.2555487000964969,0.25742847341153524,-0.06495939854458004,-0.0555487000964969,-0.05742847341153524,0.06495939854458004,0.2,0.2,0.0,0.36850275508234187,-0.36850275508234187,False
0,473,0.8924260249864606,-0.48074174021036736,1.6478298103124285,1.9490132666357067,0.004476863421547594,0.0,0.2555487000964969,0.25742847341153524,-0.06495939854458004,0.9132003784179688,0.999961256980896,-0.8106945753097534,-0.9994540810585022,0.914975643157959,1.0,0.894409865644602,-0.4785364733769261,1.6467802715666,1.9484869266938456,0.0045030552402934515,0.0,0.2553178643593901,0.25745536310765754,-0.06500783042066441,-0.05531786435939007,-0.057455363107657545,0.06500783042066441,0.2,0.2,0.0,0.36837005018043684,-0.36571595214233615,False
0,474,0.894409865644602,-0.4785364733769261,1.6467802715666,1.9484869266938456,0.0045030552402934515,0.0,0.2553178643593901,0.25745536310765754,-0.06500783042066441,0.9684735536575317,0.996326208114624,-0.7885363698005676,-0.9997729063034058,0.916890025138855,1.0,0.894660420877113,-0.47826247253161797,1.6466456633132338,1.9484242896830262,0.0045201930368272795,0.0,0.2553178643593901,0.25745536310765754,-0.06500783042066441,-0.05531786435939007,-0.057455363107657545,0.06500783042066441,0.2,0.2,0.0,0.36837005018043684,-0.36837005018043684,False
0,475,0.894660420877113,-0.47826247253161797,1.6466456633132338,1.9484242896830262,0.0045201930368272795,0.0,0.2553178643593901,0.25745536310765754,-0.06500783042066441,0.9644085764884949,0.9975656270980835,-0.731911301612854,-0.9994956851005554,0.9176596999168396,1.0,0.8948871852168618,-0.47802908838363234,1.6465180475203702,1.948378784570648,0.004576547286053772,0.0,0.2552756052948019,0.2574578976448264,-0.06501664636662398,-0.055275605294801924,-0.05745789764482637,0.06501664636662398,0.2,0.2,0.0,0.3683440891653944,-0.3678248688645458,False
0,476,0.8948871852168618,-0.47802908838363234,1.6465180475203702,1.948378784570648,0.004576547286053772,0.0,0.2552756052948019,0.2574578976448264,-0.06501664636662398,0.9655992984771729,0.9999961853027344,-0.7693957090377808,-0.999419093132019,0.9037057757377625,0.9999997615814209,0.8959589338269736,-0.47692043205185913,1.6459935044971459,1.9481090087480284,0.004546225608639875,0.0,0.25518616758870144,0.25747026623608976,-0.06503426319484533,-0.055186167588701415,-0.05747026623608976,0.06503426319484533,0.2,0.2,0.0,0.36829386841704026,-0.36728945344995734,False
0,477,0.8959589338269736,-0.47692043205185913,1.6459935044971459,1.9481090087480284,0.004546225608639875,0.0,0.25518616758870144,0.25747026623608976,-0.06503426319484533,0.9176286458969116,0.9996728301048279,-0.6626631021499634,-0.9995996356010437,0.9319055676460266,1.0,0.8978462197801272,-0.47496581089837475,1.645065079590117,1.9476391645857076,0.004503934629287835,0.0,0.25511674386535477,0.2574784242963031,-0.06504810506637407,-0.05511674386535477,-0.057478424296303066,0.06504810506637407,0.2,0.2,0.0,0.36825391776774635,-0.3674549047818682,False
0,478,0.8978462197801272,-0.47496581089837475,1.645065079590117,1.9476391645857076,0.004503934629287835,0.0,0.25511674386535477,0.2574784242963031,-0.06504810506637407,0.9845297336578369,0.9999198317527771,-0.7208753824234009,-0.999360978603363,0.9161244630813599,0.9999999403953552,0.8980538663099309,-0.4747431551237797,1.6449420285996903,1.947598202718963,0.004565415749491691,0.0,0.25502351052041483,0.2574908903301175,-0.0650666993224231,-0.055023510520414806,-0.0574908903301175,0.0650666993224231,0.2,0.2,0.0,0.36820133742541916,-0.36714973057887534,False
0,479,0.8980538663099309,-0.4747431551237797,1.6449420285996903,1.947598202718963,0.004565415749491691,0.0,0.25502351052041483,0.2574908903301175,-0.0650666993224231,0.9739770889282227,0.9999978542327881,-0.8020362854003906,-0.9994258880615234,0.9139294028282166,1.0,0.8983443994623268,-0.47444827229147385,1.6447968140200633,1.947530599720779,0.004575921124239818,0.0,0.25502351052041483,0.2574908903301175,-0.0650666993224231,-0.055023510520414806,-0.0574908903301175,0.0650666993224231,0.2,0.2,0.0,0.36820133742541916,-0.36820133742541916,False
0,480,0.8983443994623268,-0.47444827229147385,1.6447968140200633,1.947530599720779,0.004575921124239818,0.0,0.25502351052041483,0.2574908903301175,-0.0650666993224231,0.9857667684555054,0.9999616742134094,-0.8210763335227966,-0.9995868802070618,0.9189836382865906,1.0,0.8983443994623268,-0.47444827229147385,1.6447968140200633,1.947530599720779,0.004575921124239818,0.0,0.2549251253267294,0.2574990320788292,-0.06508648574332405,-0.05492512532672936,-0.05749903207882916,0.06508648574332405,0.2,0.2,0.0,0.36814239319969455,-0.36696350868520233,False
0,481,0.8983443994623268,-0.47444827229147385,1.6447968140200633,1.947530599720779,0.004575921124239818,0.0,0.2549251253267294,0.2574990320788292,-0.06508648574332405,0.9687011241912842,0.9975855350494385,-0.690683901309967,-0.9985525608062744,0.7292896509170532,1.0,0.900390739748272,-0.47236845411154155,1.6437926368252287,1.9470441669490852,0.004571845028577595,0.0,0.2548129658744919,0.25751550608997226,-0.0651082771563691,-0.05481296587449193,-0.05751550608997223,0.0651082771563691,0.2,0.2,0.0,0.3680801152042855,-0.36683455529610487,False
0,482,0.900390739748272,-0.47236845411154155,1.6437926368252287,1.9470441669490852,0.004571845028577595,0.0,0.2548129658744919,0.25751550608997226,-0.0651082771563691,0.9554865956306458,0.9990913271903992,-0.7527632117271423,-0.9987785816192627,0.7374141216278076,1.0,0.9012096172678935,-0.47152368069077144,1.6433723733967058,1.9468571131023449,0.0046202739574567175,0.0,0.2545469454431116,0.25754790860666293,-0.06516236757582852,-0.054546945443111644,-0.05754790860666294,0.06516236757582852,0.2,0.2,0.0,0.3679282631304258,-0.36489122165323173,False
0,483,0.9012096172678935,-0.47152368069077144,1.6433723733967058,1.9468571131023449,0.0046202739574567175,0.0,0.2545469454431116,0.25754790860666293,-0.06516236757582852,0.9852573871612549,0.9995766878128052,-0.7043037414550781,-0.9984022974967957,0.7191532850265503,1.0,0.9012096172678935,-0.47152368069077144,1.6433723733967058,1.9468571131023449,0.0046202739574567175,0.0,0.25401464898651094,0.2576088098934568,-0.06527173490102339,-0.05401464898651094,-0.057608809893456785,0.06527173490102339,0.2,0.2,0.0,0.36762227926426466,-0.3615026019410416,False
0,484,0.9012096172678935,-0.47152368069077144,1.6433723733967058,1.9468571131023449,0.0046202739574567175,0.0,0.25401464898651094,0.2576088098934568,-0.06527173490102339,0.9803580045700073,0.9999948143959045,-0.722358763217926,-0.997955322265625,0.6431297063827515,1.0,0.9107423437313007,-0.46162551159544435,1.6386660761193752,1.9445758722228144,0.004359837599760741,0.0,0.2538606502866756,0.25762541928252736,-0.06530253729113449,-0.053860650286675596,-0.05762541928252733,0.06530253729113449,0.2,0.2,0.0,0.3675330023292219,-0.3657474636283672,False
0,485,0.9107423437313007,-0.46162551159544435,1.6386660761193752,1.9445758722228144,0.004359837599760741,0.0,0.2538606502866756,0.25762541928252736,-0.06530253729113449,0.9738922119140625,0.9999710321426392,-0.8184245824813843,-0.9983764290809631,0.6905458569526672,1.0,0.9107423437313007,-0.46162551159544435,1.6386660761193752,1.9445758722228144,0.004359837599760741,0.0,0.2532437202535723,0.2576875332297882,-0.06543074521502086,-0.053243720253572255,-0.0576875332297882,0.06543074521502086,0.2,0.2,0.0,0.3671735680156127,-0.35998488174342785,False
0,486,0.9107423437313007,-0.46162551159544435,1.6386660761193752,1.9445758722228144,0.004359837599760741,0.0,0.2532437202535723,0.2576875332297882,-0.06543074521502086,0.9823240041732788,0.9993939995765686,-0.7637659311294556,-0.9988394975662231,0.7420952916145325,1.0,0.9107423437313007,-0.46162551159544435,1.6386660761193752,1.9445758722228144,0.004359837599760741,0.0,0.2525059742925497,0.25773575201945065,-0.06558940491037862,-0.05250597429254965,-0.057735752019450665,0.06558940491037862,0.2,0.2,0.0,0.3667273577999862,-0.35780315348745695,False
0,487,0.9107423437313007,-0.46162551159544435,1.6386660761193752,1.9445758722228144,0.004359837599760741,0.0,0.2525059742925497,0.25773575201945065,-0.06558940491037862,0.9286339282989502,0.9605343341827393,-0.8218505382537842,-0.9985997676849365,0.7279294729232788,1.0,0.9281806625244605,-0.4437538632816246,1.6298852589914503,1.9408892540798615,0.004666691503142434,0.0,0.2525059742925497,0.25773575201945065,-0.06558940491037862,-0.05250597429254965,-0.057735752019450665,0.06558940491037862,0.2,0.2,0.0,0.3667273577999862,-0.3667273577999862,False
0,488,0.9281806625244605,-0.4437538632816246,1.6298852589914503,1.9408892540798615,0.004666691503142434,0.0,0.2525059742925497,0.25773575201945065,-0.06558940491037862,0.9446665048599243,0.9999995827674866,-0.7952064275741577,-0.9986833930015564,0.6822916865348816,1.0,0.9281806625244605,-0.4437538632816246,1.6298852589914503,1.9408892540798615,0.004666691503142434,0.0,0.25219003854575955,0.2577472323472824,-0.0656612096493871,-0.05219003854575954,-0.057747232347282414,0.0656612096493871,0.2,0.2,0.0,0.36653082513891855,-0.3626001719175651,False
0,489,0.9281806625244605,-0.4437538632816246,1.6298852589914503,1.9408892540798615,0.004666691503142434,0.0,0.25219003854575955,0.2577472323472824,-0.0656612096493871,0.9854664206504822,0.999980092048645,-0.680198073387146,-0.9980013966560364,0.7419326305389404,1.0,0.9281806625244605,-0.4437538632816246,1.6298852589914503,1.9408892540798615,0.004666691503142434,0.0,0.25097312432363234,0.25778553645964436,-0.0659436613141105,-0.050973124323632324,-0.05778553645964435,0.0659436613141105,0.2,0.2,0.0,0.36577241340492334,-0.3506041787250191,False
0,490,0.9281806625244605,-0.4437538632816246,1.6298852589914503,1.9408892540798615,0.004666691503142434,0.0,0.25097312432363234,0.25778553645964436,-0.0659436613141105,0.9600342512130737,0.9985865950584412,-0.8377889394760132,-0.9988595247268677,0.6794846653938293,1.0,0.9281806625244605,-0.4437538632816246,1.6298852589914503,1.9408892540798615,0.004666691503142434,0.0,0.2505062360677496,0.25776442633965185,-0.06605169741499146,-0.05050623606774958,-0.05776442633965183,0.06605169741499146,0.2,0.2,0.0,0.3654568381169553,-0.35914533235759427,False
0,491,0.9281806625244605,-0.4437538632816246,1.6298852589914503,1.9408892540798615,0.004666691503142434,0.0,0.2505062360677496,0.25776442633965185,-0.06605169741499146,0.9941844344139099,0.9999915361404419,-0.6919278502464294,-0.9825806021690369,0.45276185870170593,1.0,0.9516154694097435,-0.4194845198430809,1.617317140957415,1.9369353684848292,0.00722815705186604,0.0,0.25037723189641337,0.2577453686735776,-0.06608450286315115,-0.05037723189641334,-0.0577453686735776,0.06608450286315115,0.2,0.2,0.0,0.36536091039335156,-0.363442355921277,False
0,492,0.9516154694097435,-0.4194845198430809,1.617317140957415,1.9369353684848292,0.00722815705186604,0.0,0.25037723189641337,0.2577453686735776,-0.06608450286315115,0.9929230809211731,0.9391834735870361,-0.6332598924636841,-0.9651669263839722,0.4095558822154999,1.0,0.9523354081008215,-0.4188153893616138,1.6168715871757284,1.9369083474195363,0.007645521884969109,0.0,0.2503511328330042,0.25774210754827864,-0.06609059726338914,-0.0503511328330042,-0.05774210754827866,0.06609059726338914,0.2,0.2,0.0,0.3653418272807378,-0.3649601650284621,False
0,493,0.9523354081008215,-0.4188153893616138,1.6168715871757284,1.9369083474195363,0.007645521884969109,0.0,0.2503511328330042,0.25774210754827864,-0.06609059726338914,0.9913768768310547,0.9999803900718689,-0.6116959452629089,-0.9649626612663269,0.3881438076496124,1.0,0.9523354081008215,-0.4188153893616138,1.6168715871757284,1.9369083474195363,0.007645521884969109,0.0,0.2503511328330042,0.25774210754827864,-0.06609059726338914,-0.0503511328330042,-0.05774210754827866,0.06609059726338914,0.2,0.2,0.0,0.3653418272807378,-0.3653418272807378,False
0,494,0.9523354081008215,-0.4188153893616138,1.6168715871757284,1.9369083474195363,0.007645521884969109,0.0,0.2503511328330042,0.25774210754827864,-0.06609059726338914,0.9896256327629089,0.9712789058685303,-0.6945400238037109,-0.9745181202888489,0.35834968090057373,1.0,0.9537366429734407,-0.41750236442509225,1.616152989754361,1.9367350829322216,0.007869857249263175,0.0,0.2502896105902269,0.2577434669861744,-0.06610402771843062,-0.05028961059022692,-0.05774346698617438,0.06610402771843062,0.2,0.2,0.0,0.36530306106582194,-0.36452773676750533,False
0,495,0.9537366429734407,-0.41750236442509225,1.616152989754361,1.9367350829322216,0.007869857249263175,0.0,0.2502896105902269,0.2577434669861744,-0.06610402771843062,0.9821352958679199,0.9999995827674866,-0.6979260444641113,-0.9701911211013794,0.376720130443573,1.0,0.9544642976281281,-0.41678244376349904,1.6157881309345365,1.93662075587006,0.007896027155564138,0.0,0.25020595620010855,0.25774666990900297,-0.06612261318518105,-0.05020595620010851,-0.05774666990900296,0.06612261318518105,0.2,0.2,0.0,0.365251374181711,-0.36421763649949207,False
0,496,0.9544642976281281,-0.41678244376349904,1.6157881309345365,1.93662075587006,0.007896027155564138,0.0,0.25020595620010855,0.25774666990900297,-0.06612261318518105,0.962704062461853,0.9998788833618164,-0.6676226854324341,-0.9835646748542786,0.39730149507522583,1.0,0.955922117556368,-0.4152868299234732,1.6150445385326408,1.9363778213732727,0.007913565857282357,0.0,0.25020595620010855,0.25774666990900297,-0.06612261318518105,-0.05020595620010851,-0.05774666990900296,0.06612261318518105,0.2,0.2,0.0,0.365251374181711,-0.365251374181711,False
0,497,0.955922117556368,-0.4152868299234732,1.6150445385326408,1.9363778213732727,0.007913565857282357,0.0,0.25020595620010855,0.25774666990900297,-0.06612261318518105,0.99455326795578,0.9974582195281982,-0.6469883918762207,-0.9737491607666016,0.37784263491630554,0.9999999403953552,0.955922117556368,-0.4152868299234732,1.6150445385326408,1.9363778213732727,0.007913565857282357,0.0,0.24971824542743737,0.25775801801275855,-0.06623889899329496,-0.04971824542743737,-0.05775801801275855,0.06623889899329496,0.2,0.2,0.0,0.3649465573054051,-0.35885021977928705,False
0,498,0.955922117556368,-0.4152868299234732,1.6150445385326408,1.9363778213732727,0.007913565857282357,0.0,0.24971824542743737,0.25775801801275855,-0.06623889899329496,0.9929589629173279,0.9999876618385315,-0.5772935748100281,-0.9894577860832214,0.45823925733566284,1.0,0.955922117556368,-0.4152868299234732,1.6150445385326408,1.9363778213732727,0.007913565857282357,0.0,0.24971824542743737,0.25775801801275855,-0.06623889899329496,-0.04971824542743737,-0.05775801801275855,0.06623889899329496,0.2,0.2,0.0,0.3649465573054051,-0.3649465573054051,False
0,499,0.955922117556368,-0.4152868299234732,1.6150445385326408,1.9363778213732727,0.007913565857282357,0.0,0.24971824542743737,0.25775801801275855,-0.06623889899329496,0.9884830713272095,0.9999994039535522,-0.713803231716156,-0.979526698589325,0.46348071098327637,0.9999999403953552,0.9604615861650773,-0.410571144309708,1.6127287045777428,1.9356078046500325,0.007864612692699476,0.0,0.24971824542743737,0.25775801801275855,-0.06623889899329496,-0.04971824542743737,-0.05775801801275855,0.06623889899329496,0.2,0.2,0.0,0.3649465573054051,-0.3649465573054051,False
0,500,0.9604615861650773,-0.410571144309708,1.6127287045777428,1.9356078046500325,0.007864612692699476,0.0,0.24971824542743737,0.25775801801275855,-0.06623889899329496,0.982466995716095,-0.03783469647169113,-0.7097537517547607,-0.9826800227165222,0.3819170594215393,0.9999999403953552,0.9604615861650773,-0.410571144309708,1.6127287045777428,1.9356078046500325,0.007864612692699476,0.0,0.2496809005385645,0.2577586798499375,-0.0662456455704329,-0.049680900538564485,-0.057758679849937516,0.0662456455704329,0.2,0.2,0.0,0.36492269686712353,-0.36444548810149224,False
0,501,0.9604615861650773,-0.410571144309708,1.6127287045777428,1.9356078046500325,0.007864612692699476,0.0,0.2496809005385645,0.2577586798499375,-0.0662456455704329,0.9964627027511597,0.9999991655349731,-0.5463130474090576,-0.6003882884979248,-0.2046094834804535,1.0,0.9604615861650773,-0.410571144309708,1.6127287045777428,1.9356078046500325,0.007864612692699476,0.0,0.2496809005385645,0.2577586798499375,-0.0662456455704329,-0.049680900538564485,-0.057758679849937516,0.0662456455704329,0.2,0.2,0.0,0.36492269686712353,-0.36492269686712353,False
0,502,0.9604615861650773,-0.410571144309708,1.6127287045777428,1.9356078046500325,0.007864612692699476,0.0,0.2496809005385645,0.2577586798499375,-0.0662456455704329,0.9953597784042358,0.9975681304931641,-0.4237499237060547,-0.6758550405502319,-0.2570539712905884,1.0,0.9618347193707846,-0.41051324719920856,1.6125517994184158,1.9356180894239208,0.007924965098971134,0.0,0.24960506414524714,0.2577896311938241,-0.06623810297541419,-0.049605064145247124,-0.05778963119382407,0.06623810297541419,0.2,0.2,0.0,0.3648913102333109,-0.3642635775570582,False
0,503,0.9618347193707846,-0.41051324719920856,1.6125517994184158,1.9356180894239208,0.007924965098971134,0.0,0.24960506414524714,0.2577896311938241,-0.06623810297541419,0.992299497127533,0.9999744296073914,-0.3073655962944031,-0.668988823890686,-0.21638576686382294,0.9999998807907104,0.9620043119815621,-0.4103354651853589,1.6124772077459952,1.9355777295788055,0.007878636656593326,0.0,0.24960506414524714,0.2577896311938241,-0.06623810297541419,-0.049605064145247124,-0.05778963119382407,0.06623810297541419,0.2,0.2,0.0,0.3648913102333109,-0.3648913102333109,False
0,504,0.9620043119815621,-0.4103354651853589,1.6124772077459952,1.9355777295788055,0.007878636656593326,0.0,0.24960506414524714,0.2577896311938241,-0.06623810297541419,0.9988744854927063,0.9999997019767761,-0.27580225467681885,-0.6486474275588989,-0.20521140098571777,0.9999986886978149,0.9622385725486284,-0.41009950101326836,1.6123783705152994,1.935526001340433,0.007827847035473694,0.0,0.24956965146079452,0.2577944506500432,-0.066245698271716,-0.049569651460794506,-0.05779445065004316,0.066245698271716,0.2,0.2,0.0,0.3648718710119036,-0.3644830865837578,False
0,505,0.9622385725486284,-0.41009950101326836,1.6123783705152994,1.935526001340433,0.007827847035473694,0.0,0.24956965146079452,0.2577944506500432,-0.066245698271716,0.9928792119026184,1.0,-0.25878816843032837,-0.6172707676887512,-0.22783370316028595,0.999999463558197,0.9624738467682505,-0.40986398038848815,1.612279187673585,1.9354749002412908,0.0077795081890179455,0.0,0.24956965146079452,0.2577944506500432,-0.066245698271716,-0.049569651460794506,-0.05779445065004316,0.066245698271716,0.2,0.2,0.0,0.3648718710119036,-0.3648718710119036,False
0,506,0.9624738467682505,-0.40986398038848815,1.612279187673585,1.9354749002412908,0.0077795081890179455,0.0,0.24956965146079452,0.2577944506500432,-0.066245698271716,0.9959873557090759,0.9998998641967773,-0.2879055440425873,-0.7662752866744995,-0.20588071644306183,0.9999975562095642,0.96270676548022,-0.40963044902764395,1.612183086951339,1.9354238293011747,0.007730399207147041,0.0,0.24956965146079452,0.2577944506500432,-0.066245698271716,-0.049569651460794506,-0.05779445065004316,0.066245698271716,0.2,0.2,0.0,0.3648718710119036,-0.3648718710119036,False
0,507,0.96270676548022,-0.40963044902764395,1.612183086951339,1.9354238293011747,0.007730399207147041,0.0,0.24956965146079452,0.2577944506500432,-0.066245698271716,0.9915580749511719,1.0,-0.23818375170230865,-0.6991347074508667,-0.21432626247406006,1.0,0.9628807746420235,-0.4094553661205627,1.6121102611411415,1.9353842728566617,0.007691856893111482,0.0,0.24952520606374468,0.2578014735965952,-0.06625547555552436,-0.049525206063744664,-0.05780147359659519,0.06625547555552436,0.2,0.2,0.0,0.3648482099323209,-0.3643749883406673,False
0,508,0.9628807746420235,-0.4094553661205627,1.6121102611411415,1.9353842728566617,0.007691856893111482,0.0,0.24952520606374468,0.2578014735965952,-0.06625547555552436,0.9886424541473389,0.9998798966407776,-0.1437162458896637,-0.559003472328186,-0.2624299228191376,0.9999999403953552,0.963349295659435,-0.4089820049588964,1.6119191667474306,1.9352777624792985,0.007575947966891672,0.0,0.24952520606374468,0.2578014735965952,-0.06625547555552436,-0.049525206063744664,-0.05780147359659519,0.06625547555552436,0.2,0.2,0.0,0.3648482099323209,-0.3648482099323209,False
0,509,0.963349295659435,-0.4089820049588964,1.6119191667474306,1.9352777624792985,0.007575947966891672,0.0,0.24952520606374468,0.2578014735965952,-0.06625547555552436,0.9950346350669861,0.9945417046546936,-0.11165668815374374,-0.692833423614502,-0.19218593835830688,1.0,0.9635228005223305,-0.40880652315281174,1.6118507721922093,1.9352385414672324,0.007529801956611572,0.0,0.24948557580455438,0.25780841487554745,-0.06626418381181648,-0.04948557580455436,-0.05780841487554745,0.06626418381181648,0.2,0.2,0.0,0.3648275940378121,-0.3644152761476361,False
0,510,0.9635228005223305,-0.40880652315281174,1.6118507721922093,1.9352385414672324,0.007529801956611572,0.0,0.24948557580455438,0.25780841487554745,-0.06626418381181648,0.9995044469833374,0.9999852776527405,-0.3541955053806305,-0.6409013271331787,-0.23394200205802917,1.0,0.9635228005223305,-0.40880652315281174,1.6118507721922093,1.9352385414672324,0.007529801956611572,0.0,0.24896975347439879,0.25791763828706415,-0.06639960535869555,-0.048969753474398775,-0.05791763828706416,0.06639960535869555,0.2,0.2,0.0,0.364576951927121,-0.35956410971329805,False
0,511,0.9635228005223305,-0.40880652315281174,1.6118507721922093,1.9352385414672324,0.007529801956611572,0.0,0.24896975347439879,0.25791763828706415,-0.06639960535869555,0.8412296772003174,0.9885753393173218,0.26083651185035706,0.1225338876247406,-0.7523407936096191,0.9999994039535522,0.9635228005223305,-0.40880652315281174,1.6118507721922093,1.9352385414672324,0.007529801956611572,0.0,0.24832265184590196,0.2581965369862962,-0.06670084171865545,-0.04832265184590194,-0.05819653698629616,0.06670084171865545,0.2,0.2,0.0,0.36438797101094594,-0.36060835268744534,False
0,512,0.9635228005223305,-0.40880652315281174,1.6118507721922093,1.9352385414672324,0.007529801956611572,0.0,0.24832265184590196,0.2581965369862962,-0.06670084171865545,0.9801960587501526,0.999999463558197,0.19288603961467743,0.13580624759197235,-0.7414917349815369,0.9999856948852539,0.9635228005223305,-0.40880652315281174,1.6118507721922093,1.9352385414672324,0.007529801956611572,0.0,0.24857500764547147,0.25929408608964744,-0.06793891707283667,-0.048575007645471444,-0.05929408608964741,0.06793891707283667,0.2,0.2,0.0,0.3655662100906503,-0.3891309916847379,False
0,513,0.9635228005223305,-0.40880652315281174,1.6118507721922093,1.9352385414672324,0.007529801956611572,0.0,0.24857500764547147,0.25929408608964744,-0.06793891707283667,0.9948090314865112,0.9999998807907104,0.35425394773483276,0.192786306142807,-0.7446653246879578,0.9999999403953552,0.9635228005223305,-0.40880652315281174,1.6118507721922093,1.9352385414672324,0.007529801956611572,0.0,0.24861913428295807,0.2596173911142127,-0.068312649349768,-0.04861913428295807,-0.05961739111421271,0.068312649349768,0.2,0.2,0.0,0.3658951786533159,-0.3724745499066272,False
0,514,0.9635228005223305,-0.40880652315281174,1.6118507721922093,1.9352385414672324,0.007529801956611572,0.0,0.24861913428295807,0.2596173911142127,-0.068312649349768,0.9651941657066345,1.0,0.42365166544914246,0.4958646297454834,-0.7338045239448547,0.9999983906745911,0.989154488077008,-0.3824018422004922,1.616008558774903,1.9394002396444114,-0.00981328174616734,0.0,0.2487890180860889,0.26003327065032517,-0.06900219766707878,-0.04878901808608886,-0.060033270650325155,0.06900219766707878,0.2,0.2,0.0,0.36643496100704165,-0.37723060808155684,False
0,515,0.989154488077008,-0.3824018422004922,1.616008558774903,1.9394002396444114,-0.00981328174616734,0.0,0.2487890180860889,0.26003327065032517,-0.06900219766707878,0.9819964170455933,1.0,0.32553839683532715,0.6880505084991455,-0.7468268871307373,0.9982000589370728,0.989154488077008,-0.3824018422004922,1.616008558774903,1.9394002396444114,-0.00981328174616734,0.0,0.24892022397587127,0.2604416943514918,-0.06970729002439488,-0.04892022397587127,-0.06044169435149174,0.06970729002439488,0.2,0.2,0.0,0.366947217380673,-0.3771923448532997,False
0,516,0.989154488077008,-0.3824018422004922,1.616008558774903,1.9394002396444114,-0.00981328174616734,0.0,0.24892022397587127,0.2604416943514918,-0.06970729002439488,0.9995893836021423,0.9998700618743896,0.18630556762218475,0.8544948697090149,-0.736702024936676,1.0,0.9980376851774792,-0.37341270332262755,1.6199729288061377,1.948721374742006,-0.016974330239055507,0.0,0.24888322971620114,0.2605613145314569,-0.06992299445736773,-0.048883229716201126,-0.06056131453145692,0.06992299445736773,0.2,0.2,0.0,0.3670480701736671,-0.3690651260335491,False
0,517,0.9980376851774792,-0.37341270332262755,1.6199729288061377,1.948721374742006,-0.016974330239055507,0.0,0.24888322971620114,0.2605613145314569,-0.06992299445736773,0.9904592037200928,0.9999964833259583,0.29926982522010803,0.661935031414032,-0.7177042365074158,1.0,0.9980376851774792,-0.37341270332262755,1.6199729288061377,1.948721374742006,-0.016974330239055507,0.0,0.248475104793589,0.261348182460089,-0.07174985713776277,-0.04847510479358899,-0.061348182460089,0.07174985713776277,0.2,0.2,0.0,0.367683005014736,-0.38038170183611425,False
0,518,0.9980376851774792,-0.37341270332262755,1.6199729288061377,1.948721374742006,-0.016974330239055507,0.0,0.248475104793589,0.261348182460089,-0.07174985713776277,0.9964953064918518,1.0,0.28967005014419556,0.6971296072006226,-0.772441029548645,0.9999886751174927,0.9980376851774792,-0.37341270332262755,1.6199729288061377,1.948721374742006,-0.016974330239055507,0.0,0.24844514704420484,0.2614624724922988,-0.07195885521489437,-0.04844514704420484,-0.061462472492298796,0.07195885521489437,0.2,0.2,0.0,0.36778484533139866,-0.36982165166465186,False
0,519,0.9980376851774792,-0.37341270332262755,1.6199729288061377,1.948721374742006,-0.016974330239055507,0.0,0.24844514704420484,0.2614624724922988,-0.07195885521489437,0.8539572954177856,0.9999998807907104,0.5847057104110718,0.2561221420764923,-0.744762659072876,1.0,0.9980376851774792,-0.37341270332262755,1.6199729288061377,1.948721374742006,-0.016974330239055507,0.0,0.24842246584832334,0.2615442395024835,-0.07211204340977234,-0.048422465848323326,-0.061544239502483514,0.07211204340977234,0.2,0.2,0.0,0.3678576593736043,-0.3693139402177175,False
0,520,0.9980376851774792,-0.37341270332262755,1.6199729288061377,1.948721374742006,-0.016974330239055507,0.0,0.24842246584832334,0.2615442395024835,-0.07211204340977234,0.9979444742202759,1.0,0.46279728412628174,0.77333003282547,-0.760349690914154,1.0,0.9980376851774792,-0.37341270332262755,1.6199729288061377,1.948721374742006,-0.016974330239055507,0.0,0.24840250889408322,0.26197562638874583,-0.0727877043151445,-0.04840250889408322,-0.061975626388745805,0.0727877043151445,0.2,0.2,0.0,0.36828397351245107,-0.3768102562893861,False
0,521,0.9980376851774792,-0.37341270332262755,1.6199729288061377,1.948721374742006,-0.016974330239055507,0.0,0.24840250889408322,0.26197562638874583,-0.0727877043151445,0.9987538456916809,0.9999959468841553,0.7105032205581665,0.2177649587392807,-0.8228915333747864,1.0,0.9980376851774792,-0.37341270332262755,1.6199729288061377,1.948721374742006,-0.016974330239055507,0.0,0.24837963949403175,0.262190527803649,-0.07316954537888942,-0.048379639494031734,-0.06219052780364898,0.07316954537888942,0.2,0.2,0.0,0.3684970835109751,-0.3727592834814557,False
0,522,0.9980376851774792,-0.37341270332262755,1.6199729288061377,1.948721374742006,-0.016974330239055507,0.0,0.24837963949403175,0.262190527803649,-0.07316954537888942,0.6165937185287476,0.9998854398727417,0.8692581057548523,0.917733371257782,-0.8044657707214355,1.0,0.9980376851774792,-0.37341270332262755,1.6199729288061377,1.948721374742006,-0.016974330239055507,0.0,0.24840263924701045,0.2623652429961581,-0.07346490139485443,-0.04840263924701042,-0.06236524299615808,0.07346490139485443,0.2,0.2,0.0,0.36869565179734515,-0.3726670175247461,False
0,523,0.9980376851774792,-0.37341270332262755,1.6199729288061377,1.948721374742006,-0.016974330239055507,0.0,0.24840263924701045,0.2623652429961581,-0.07346490139485443,0.9988246560096741,0.9999756813049316,0.749345064163208,0.8990419507026672,-0.8357127904891968,1.0,0.9980376851774792,-0.37341270332262755,1.6199729288061377,1.948721374742006,-0.016974330239055507,0.0,0.24860430889007698,0.2629567134848172,-0.07442106637442902,-0.04860430889007697,-0.06295671348481718,0.07442106637442902,0.2,0.2,0.0,0.3694439479620098,-0.38440987125530285,False
0,524,0.9980376851774792,-0.37341270332262755,1.6199729288061377,1.948721374742006,-0.016974330239055507,0.0,0.24860430889007698,0.2629567134848172,-0.07442106637442902,0.9790693521499634,0.991002082824707,0.700774073600769,0.8344493508338928,-0.8171859979629517,1.0,0.9980376851774792,-0.37341270332262755,1.6199729288061377,1.948721374742006,-0.016974330239055507,0.0,0.24864304654705555,0.26385546426353257,-0.07581950904709464,-0.04864304654705555,-0.06385546426353257,0.07581950904709464,0.2,0.2,0.0,0.37039393700500556,-0.3893937178649207,False
0,525,0.9980376851774792,-0.37341270332262755,1.6199729288061377,1.948721374742006,-0.016974330239055507,0.0,0.24864304654705555,0.26385546426353257,-0.07581950904709464,0.8261749744415283,1.0,0.8279726505279541,0.9813554883003235,-0.8066707849502563,0.9999978542327881,0.9980376851774792,-0.37341270332262755,1.6199729288061377,1.948721374742006,-0.016974330239055507,0.0,0.24864257974180953,0.26396252576795864,-0.07598392221068392,-0.04864257974180952,-0.0639625257679586,0.07598392221068392,0.2,0.2,0.0,0.37050358150088325,-0.3726964714184371,False
0,526,0.9980376851774792,-0.37341270332262755,1.6199729288061377,1.948721374742006,-0.016974330239055507,0.0,0.24864257974180953,0.26396252576795864,-0.07598392221068392,0.9974732995033264,0.9999961256980896,0.6741715669631958,0.43058082461357117,-0.8067973852157593,0.9999998807907104,1.0202653799837458,-0.3501470978530649,1.6354005331233452,1.968290533871714,-0.035784518702781445,0.0,0.24864775357624483,0.26400459816868893,-0.07605321001117027,-0.04864775357624482,-0.06400459816868892,0.07605321001117027,0.2,0.2,0.0,0.3705512433736083,-0.371504480828109,False
0,527,1.0202653799837458,-0.3501470978530649,1.6354005331233452,1.968290533871714,-0.035784518702781445,0.0,0.24864775357624483,0.26400459816868893,-0.07605321001117027,-0.3806707561016083,0.987041175365448,0.7534537315368652,0.9225518703460693,-0.799884557723999,0.9999913573265076,1.0208213621153261,-0.34943159464841206,1.636002129543851,1.9682725303676298,-0.03636755956795993,0.0,0.2486502951205643,0.26404017852202527,-0.0760662854695536,-0.048650295120564305,-0.06404017852202525,0.0760662854695536,0.2,0.2,0.0,0.37058098294788727,-0.371175774433467,False
0,528,1.0208213621153261,-0.34943159464841206,1.636002129543851,1.9682725303676298,-0.03636755956795993,0.0,0.2486502951205643,0.26404017852202527,-0.0760662854695536,0.9756848216056824,0.7479408979415894,0.7709321975708008,0.9259862899780273,-0.7953439354896545,0.9999994039535522,1.020749413056664,-0.3492589308066487,1.636133616132457,1.9684385147646823,-0.036507467451595055,0.0,0.24867495398002792,0.26409405449481144,-0.07613643629234348,-0.04867495398002793,-0.06409405449481141,0.07613643629234348,0.2,0.2,0.0,0.37065031942219545,-0.37203704890835904,False
0,529,1.020749413056664,-0.3492589308066487,1.636133616132457,1.9684385147646823,-0.036507467451595055,0.0,0.24867495398002792,0.26409405449481144,-0.07613643629234348,0.9964466094970703,0.1921316385269165,0.8202589750289917,0.896834671497345,-0.7566280961036682,0.7519211173057556,1.020834538646432,-0.34826774223401546,1.6370567314011493,1.9695658765827357,-0.03746303719051095,0.0,0.24874263157004106,0.2641911764532201,-0.07638170187776684,-0.048742631570041065,-0.06419117645322006,0.07638170187776684,0.2,0.2,0.0,0.3708153703096323,-0.3741163880583692,False
0,530,1.020834538646432,-0.34826774223401546,1.6370567314011493,1.9695658765827357,-0.03746303719051095,0.0,0.24874263157004106,0.2641911764532201,-0.07638170187776684,0.9999905228614807,1.0,0.8164852261543274,0.9867689609527588,-0.7851054668426514,0.9999988675117493,1.020834538646432,-0.34826774223401546,1.6370567314011493,1.9695658765827357,-0.03746303719051095,0.0,0.24865157077735583,0.2664869073862696,-0.08061114400607086,-0.048651570777355824,-0.0664869073862696,0.08061114400607086,0.2,0.2,0.0,0.37328411698907327,-0.42265905057789266,False
0,531,1.020834538646432,-0.34826774223401546,1.6370567314011493,1.9695658765827357,-0.03746303719051095,0.0,0.24865157077735583,0.2664869073862696,-0.08061114400607086,0.9983401298522949,0.9999990463256836,0.8934053778648376,0.9522107243537903,-0.7301453948020935,0.9999898076057434,1.020834538646432,-0.34826774223401546,1.6370567314011493,1.9695658765827357,-0.03746303719051095,0.0,0.24863783643096865,0.2666561349091921,-0.08094288708630798,-0.048637836430968626,-0.06665613490919209,0.08094288708630798,0.2,0.2,0.0,0.37346756078627386,-0.37713643673028563,False
0,532,1.020834538646432,-0.34826774223401546,1.6370567314011493,1.9695658765827357,-0.03746303719051095,0.0,0.24863783643096865,0.2666561349091921,-0.08094288708630798,0.9996160864830017,0.9999579787254333,0.7345132827758789,0.9498448967933655,-0.7591578364372253,1.0,1.020834538646432,-0.34826774223401546,1.6370567314011493,1.9695658765827357,-0.03746303719051095,0.0,0.24863783643096865,0.2666561349091921,-0.08094288708630798,-0.048637836430968626,-0.06665613490919209,0.08094288708630798,0.2,0.2,0.0,0.37346756078627386,-0.37346756078627386,False
0,533,1.020834538646432,-0.34826774223401546,1.6370567314011493,1.9695658765827357,-0.03746303719051095,0.0,0.24863783643096865,0.2666561349091921,-0.08094288708630798,0.9576355218887329,0.9999772310256958,0.6098053455352783,0.999472975730896,-0.7366591095924377,0.9999999403953552,1.020834538646432,-0.34826774223401546,1.6370567314011493,1.9695658765827357,-0.03746303719051095,0.0,0.24851000412996735,0.2669317815039978,-0.0817508229389556,-0.04851000412996734,-0.0669317815039978,0.0817508229389556,0.2,0.2,0.0,0.37375526107437057,-0.37950926683630487,False
0,534,1.020834538646432,-0.34826774223401546,1.6370567314011493,1.9695658765827357,-0.03746303719051095,0.0,0.24851000412996735,0.2669317815039978,-0.0817508229389556,0.9999929070472717,0.9999845027923584,0.9064949750900269,0.9847155809402466,-0.7861772775650024,0.8274773955345154,1.020834538646432,-0.34826774223401546,1.6370567314011493,1.9695658765827357,-0.03746303719051095,0.0,0.2484475723548195,0.2671121877926613,-0.0822401916475255,-0.04844757235481949,-0.06711218779266129,0.0822401916475255,0.2,0.2,0.0,0.37394995146223375,-0.3778437592194974,False
0,535,1.020834538646432,-0.34826774223401546,1.6370567314011493,1.9695658765827357,-0.03746303719051095,0.0,0.2484475723548195,0.2671121877926613,-0.0822401916475255,0.9912608861923218,0.9992393255233765,0.8719854354858398,0.9609251618385315,-0.702289879322052,1.0,1.0437256937625181,-0.3250429846766052,1.653863877970885,1.9926974326848108,-0.05522956986552596,0.0,0.2484578841355291,0.2671819970533431,-0.08234117383262382,-0.04845788413552911,-0.06718199705334311,0.08234117383262382,0.2,0.2,0.0,0.37402888744942014,-0.37560760719314795,False
0,536,1.0437256937625181,-0.3250429846766052,1.653863877970885,1.9926974326848108,-0.05522956986552596,0.0,0.2484578841355291,0.2671819970533431,-0.08234117383262382,0.911121666431427,0.9152843952178955,0.8845828175544739,0.9820517897605896,-0.6047174334526062,0.9992631673812866,1.0437256937625181,-0.3250429846766052,1.653863877970885,1.9926974326848108,-0.05522956986552596,0.0,0.24843900467139837,0.26768782784267375,-0.08332995689629957,-0.04843900467139836,-0.06768782784267371,0.08332995689629957,0.2,0.2,0.0,0.37459657490903886,-0.38595032410141317,False
0,537,1.0437256937625181,-0.3250429846766052,1.653863877970885,1.9926974326848108,-0.05522956986552596,0.0,0.24843900467139837,0.26768782784267375,-0.08332995689629957,0.7325186729431152,1.0,0.855797290802002,0.9995006918907166,-0.6947460174560547,1.0,1.0437256937625181,-0.3250429846766052,1.653863877970885,1.9926974326848108,-0.05522956986552596,0.0,0.24833040426060965,0.26915199475868445,-0.08645174774129837,-0.048330404260609625,-0.06915199475868443,0.08645174774129837,0.2,0.2,0.0,0.3762774118258254,-0.4098941501615565,False
0,538,1.0437256937625181,-0.3250429846766052,1.653863877970885,1.9926974326848108,-0.05522956986552596,0.0,0.24833040426060965,0.26915199475868445,-0.08645174774129837,0.9977672696113586,0.9999955296516418,0.9006695747375488,0.2534426748752594,-0.7116265892982483,0.9999657869338989,1.0599624132290342,-0.30644908674329674,1.6709954375012774,2.0119725074689923,-0.06782855759910246,0.0,0.24832740844145026,0.2700317825886265,-0.08757940001935166,-0.048327408441450254,-0.07003178258862644,0.08757940001935166,0.2,0.2,0.0,0.3771655030606427,-0.39492732775698897,False
0,539,1.0599624132290342,-0.30644908674329674,1.6709954375012774,2.0119725074689923,-0.06782855759910246,0.0,0.24832740844145026,0.2700317825886265,-0.08757940001935166,0.9845070838928223,0.9999806880950928,0.8630596995353699,0.9921746253967285,-0.7180086374282837,0.9064092636108398,1.0648308609822423,-0.3019757320482943,1.6748385322827497,2.009127469260475,-0.07125807077688344,0.0,0.24831876643784934,0.27017113118661085,-0.08758780453267684,-0.04831876643784934,-0.07017113118661085,0.08758780453267684,0.2,0.2,0.0,0.37726154507810955,-0.37918238542744603,False
0,540,1.0648308609822423,-0.3019757320482943,1.6748385322827497,2.009127469260475,-0.07125807077688344,0.0,0.24831876643784934,0.27017113118661085,-0.08758780453267684,-0.014206169173121452,0.9999216198921204,0.8417074084281921,0.9998212456703186,-0.7209303379058838,0.9999918937683105,1.0648308609822423,-0.3019757320482943,1.6748385322827497,2.009127469260475,-0.07125807077688344,0.0,0.24889086963722057,0.2712107201018856,-0.09132506348958483,-0.04889086963722056,-0.07121072010188563,0.09132506348958483,0.2,0.2,0.0,0.3792653252122213,-0.41934092789445593,False
0,541,1.0648308609822423,-0.3019757320482943,1.6748385322827497,2.009127469260475,-0.07125807077688344,0.0,0.24889086963722057,0.2712107201018856,-0.09132506348958483,0.8898693919181824,0.9980846047401428,0.9558470249176025,0.9993453621864319,-0.4940374791622162,0.7126414179801941,1.0646681882096514,-0.2846610833121613,1.6894153738069988,2.0264640677660926,-0.08374069458298795,0.0,0.2490581973714081,0.271497108139699,-0.09246977331588366,-0.0490581973714081,-0.071497108139699,0.09246977331588366,0.2,0.2,0.0,0.3798569788528382,-0.39169005166517656,False
0,542,1.0646681882096514,-0.2846610833121613,1.6894153738069988,2.0264640677660926,-0.08374069458298795,0.0,0.2490581973714081,0.271497108139699,-0.09246977331588366,0.9274755120277405,0.9883726835250854,0.9605033993721008,0.5845454931259155,-0.6397572755813599,0.8291588425636292,1.0646681882096514,-0.2846610833121613,1.6894153738069988,2.0264640677660926,-0.08374069458298795,0.0,0.2489191223942068,0.27180142031674925,-0.09305172996245709,-0.04891912239420679,-0.07180142031674921,0.09305172996245709,0.2,0.2,0.0,0.3801254609056204,-0.385495101961264,False
0,543,1.0646681882096514,-0.2846610833121613,1.6894153738069988,2.0264640677660926,-0.08374069458298795,0.0,0.2489191223942068,0.27180142031674925,-0.09305172996245709,0.9991861581802368,0.8096811175346375,0.9316012859344482,-0.6573089361190796,-0.5788606405258179,0.9151371717453003,1.0672558650379764,-0.28234083165636087,1.6917054675113177,2.0287837110292357,-0.08475606544027472,0.0,0.2489191223942068,0.27180142031674925,-0.09305172996245709,-0.04891912239420679,-0.07180142031674921,0.09305172996245709,0.2,0.2,0.0,0.3801254609056204,-0.3801254609056204,False
0,544,1.0672558650379764,-0.28234083165636087,1.6917054675113177,2.0287837110292357,-0.08475606544027472,0.0,0.2489191223942068,0.27180142031674925,-0.09305172996245709,-0.7401703596115112,0.9993069767951965,0.9129550457000732,0.996332049369812,-0.5740054845809937,0.9970487952232361,1.0684429041948806,-0.28123640517796833,1.6928656220069496,2.0297787825542453,-0.08513850944721152,0.0,0.24888442406738254,0.27187240437285687,-0.09315511172950562,-0.04888442406738251,-0.07187240437285689,0.09315511172950562,0.2,0.2,0.0,0.3801788206149411,-0.381246014801356,False
0,545,1.0684429041948806,-0.28123640517796833,1.6928656220069496,2.0297787825542453,-0.08513850944721152,0.0,0.24888442406738254,0.27187240437285687,-0.09315511172950562,0.9960132837295532,0.9999886751174927,0.9677141904830933,0.9941425919532776,-0.5084182024002075,0.7128261923789978,1.0662704295825625,-0.2784209810117461,1.695426583433048,2.0325936631207484,-0.08677455185673055,0.0,0.2491154868996558,0.2719685734089281,-0.09381154364284743,-0.04911548689965578,-0.07196857340892807,0.09381154364284743,0.2,0.2,0.0,0.38056016141471505,-0.3881869774101935,False
0,546,1.0662704295825625,-0.2784209810117461,1.695426583433048,2.0325936631207484,-0.08677455185673055,0.0,0.2491154868996558,0.2719685734089281,-0.09381154364284743,0.9565683603286743,0.9999983310699463,0.9114723205566406,-0.724266529083252,-0.5962926149368286,-0.8612591028213501,1.0662704295825625,-0.2784209810117461,1.695426583433048,2.0325936631207484,-0.08677455185673055,0.0,0.24902919347664765,0.272452396317576,-0.09509754747237921,-0.04902919347664764,-0.07245239631757597,0.09509754747237921,0.2,0.2,0.0,0.38116845488324513,-0.39333432425384685,False
0,547,1.0662704295825625,-0.2784209810117461,1.695426583433048,2.0325936631207484,-0.08677455185673055,0.0,0.24902919347664765,0.272452396317576,-0.09509754747237921,0.9990947842597961,0.9964170455932617,0.9484535455703735,-0.9030088186264038,-0.4083413779735565,0.999986469745636,1.0864578555537887,-0.25831437096861043,1.7144046857170767,2.017867126136382,-0.09602130438624158,0.0,0.2490745446058893,0.27425470199366564,-0.09559378295751149,-0.049074544605889295,-0.07425470199366564,0.09559378295751149,0.2,0.2,0.0,0.38261199886620556,-0.4114828785254141,False
0,548,1.0864578555537887,-0.25831437096861043,1.7144046857170767,2.017867126136382,-0.09602130438624158,0.0,0.2490745446058893,0.27425470199366564,-0.09559378295751149,0.9752500653266907,0.9985923171043396,0.9758744835853577,0.9881137013435364,-0.3907718360424042,0.9999793171882629,1.0864578555537887,-0.25831437096861043,1.7144046857170767,2.017867126136382,-0.09602130438624158,0.0,0.24907540923377103,0.2760291972001062,-0.09615020953720596,-0.04907540923377102,-0.07602919720010623,0.09615020953720596,0.2,0.2,0.0,0.3840254418472222,-0.4122943014675551,False
0,549,1.0864578555537887,-0.25831437096861043,1.7144046857170767,2.017867126136382,-0.09602130438624158,0.0,0.24907540923377103,0.2760291972001062,-0.09615020953720596,-0.5047091841697693,0.9994015097618103,0.941027045249939,0.7552997469902039,-0.27457568049430847,0.9901930689811707,1.0864578555537887,-0.25831437096861043,1.7144046857170767,2.017867126136382,-0.09602130438624158,0.0,0.24895861542976896,0.2765258501838378,-0.09796303487457227,-0.048958615429768954,-0.07652585018383778,0.09796303487457227,0.2,0.2,0.0,0.38476446589886465,-0.39954494693171355,False
0,550,1.0864578555537887,-0.25831437096861043,1.7144046857170767,2.017867126136382,-0.09602130438624158,0.0,0.24895861542976896,0.2765258501838378,-0.09796303487457227,0.8479360342025757,0.9999917149543762,0.939461350440979,0.9736981391906738,-0.4666505455970764,0.7834978103637695,1.0864578555537887,-0.25831437096861043,1.7144046857170767,2.017867126136382,-0.09602130438624158,0.0,0.2489023836412495,0.27750881778364167,-0.10285409112843634,-0.04890238364124949,-0.07750881778364163,0.10285409112843634,0.2,0.2,0.0,0.38670725955408036,-0.4255631326583946,False
0,551,1.0864578555537887,-0.25831437096861043,1.7144046857170767,2.017867126136382,-0.09602130438624158,0.0,0.2489023836412495,0.27750881778364167,-0.10285409112843634,-0.9207462072372437,0.9998316168785095,0.9699405431747437,0.9790950417518616,-0.1833265870809555,0.7165361642837524,1.0864578555537887,-0.25831437096861043,1.7144046857170767,2.017867126136382,-0.09602130438624158,0.0,0.24874600538199493,0.27760858050693854,-0.10312962781026164,-0.04874600538199493,-0.07760858050693853,0.10312962781026164,0.2,0.2,0.0,0.38675162481476394,-0.38763893002843547,False
0,552,1.0864578555537887,-0.25831437096861043,1.7144046857170767,2.017867126136382,-0.09602130438624158,0.0,0.24874600538199493,0.27760858050693854,-0.10312962781026164,0.49944186210632324,-0.9991765022277832,0.9237357974052429,0.9992939829826355,-0.19188983738422394,0.9973463416099548,1.0864578555537887,-0.25831437096861043,1.7144046857170767,2.017867126136382,-0.09602130438624158,0.0,0.24873297810046774,0.2776198860706186,-0.10315317740586832,-0.04873297810046773,-0.07761988607061862,0.10315317740586832,0.2,0.2,0.0,0.3867576418708718,-0.3868779829930291,False
0,553,1.0864578555537887,-0.25831437096861043,1.7144046857170767,2.017867126136382,-0.09602130438624158,0.0,0.24873297810046774,0.2776198860706186,-0.10315317740586832,-0.8417693972587585,0.9804058074951172,0.9953482747077942,0.7285176515579224,0.21853484213352203,0.9982926249504089,1.0864578555537887,-0.25831437096861043,1.7144046857170767,2.017867126136382,-0.09602130438624158,0.0,0.24885497826071828,0.27774655189982084,-0.10083454368090994,-0.04885497826071829,-0.07774655189982084,0.10083454368090994,0.2,0.2,0.0,0.38631535369011644,-0.3774695900750091,False
0,554,1.0864578555537887,-0.25831437096861043,1.7144046857170767,2.017867126136382,-0.09602130438624158,0.0,0.24885497826071828,0.27774655189982084,-0.10083454368090994,-0.5818699598312378,0.9999997615814209,0.9817996025085449,-0.3958612084388733,0.3204001486301422,0.603015124797821,1.0941780103434045,-0.2575549697312253,1.7417121649786267,2.0369350009969827,-0.09995789185560255,0.0,0.24980308147254604,0.27786037654400786,-0.10059504556930786,-0.049803081472546015,-0.07786037654400785,0.10059504556930786,0.2,0.2,0.0,0.3869461610604871,-0.3995623084679009,False
0,555,1.0941780103434045,-0.2575549697312253,1.7417121649786267,2.0369350009969827,-0.09995789185560255,0.0,0.24980308147254604,0.27786037654400786,-0.10059504556930786,-0.7121213674545288,0.9999955892562866,0.9742956161499023,-0.9820826649665833,-0.738349437713623,0.9990986585617065,1.0941780103434045,-0.2575549697312253,1.7417121649786267,2.0369350009969827,-0.09995789185560255,0.0,0.2506355589418391,0.2779786162096419,-0.10038036412310058,-0.05063555894183906,-0.07797861620964189,0.10038036412310058,0.2,0.2,0.0,0.3875132410349377,-0.39885484052394976,False
0,556,1.0941780103434045,-0.2575549697312253,1.7417121649786267,2.0369350009969827,-0.09995789185560255,0.0,0.2506355589418391,0.2779786162096419,-0.10038036412310058,0.9796800017356873,0.9999996423721313,0.982236921787262,0.9999807476997375,0.038889188319444656,0.9950504302978516,1.0941780103434045,-0.2575549697312253,1.7417121649786267,2.0369350009969827,-0.09995789185560255,0.0,0.2510734796659874,0.27841688125459096,-0.10071245041724496,-0.05107347966598742,-0.07841688125459093,0.10071245041724496,0.2,0.2,0.0,0.38819692119872107,-0.40187052447438787,False
0,557,1.0941780103434045,-0.2575549697312253,1.7417121649786267,2.0369350009969827,-0.09995789185560255,0.0,0.2510734796659874,0.27841688125459096,-0.10071245041724496,0.11840291321277618,0.9999997615814209,0.9568734169006348,0.9999968409538269,-0.44495341181755066,0.9996620416641235,1.0941780103434045,-0.2575549697312253,1.7417121649786267,2.0369350009969827,-0.09995789185560255,0.0,0.2510734796659874,0.27841688125459096,-0.10071245041724496,-0.05107347966598742,-0.07841688125459093,0.10071245041724496,0.2,0.2,0.0,0.38819692119872107,-0.38819692119872107,False
0,558,1.0941780103434045,-0.2575549697312253,1.7417121649786267,2.0369350009969827,-0.09995789185560255,0.0,0.2510734796659874,0.27841688125459096,-0.10071245041724496,0.7989019155502319,0.999961256980896,0.9804580807685852,0.9644463062286377,0.3640671968460083,0.9998244643211365,1.0827212787496032,-0.24319982574573312,1.7470931918022155,2.022465270680842,-0.09898173189739266,0.0,0.2511131613057953,0.27847879845774715,-0.10080726517263716,-0.05111316130579528,-0.07847879845774716,0.10080726517263716,0.2,0.2,0.0,0.38829159877989544,-0.3901851504033829,False
0,559,1.0827212787496032,-0.24319982574573312,1.7470931918022155,2.022465270680842,-0.09898173189739266,0.0,0.2511131613057953,0.27847879845774715,-0.10080726517263716,0.9335907101631165,0.9399990439414978,0.9208909869194031,0.04110415279865265,0.2749902606010437,0.9976894855499268,1.083151859816411,-0.24288356754283275,1.7474538131038047,2.022728113157079,-0.09885728112325255,0.0,0.2511131613057953,0.27847879845774715,-0.10080726517263716,-0.05111316130579528,-0.07847879845774716,0.10080726517263716,0.2,0.2,0.0,0.38829159877989544,-0.38829159877989544,False
0,560,1.083151859816411,-0.24288356754283275,1.7474538131038047,2.022728113157079,-0.09885728112325255,0.0,0.2511131613057953,0.27847879845774715,-0.10080726517263716,0.9989001154899597,0.9094979763031006,0.9813981652259827,-0.9998542070388794,-0.3626120388507843,0.9999774694442749,1.083151859816411,-0.24288356754283275,1.7474538131038047,2.022728113157079,-0.09885728112325255,0.0,0.2510216394540201,0.27958943453884616,-0.1015211217360135,-0.05102163945402008,-0.07958943453884616,0.1015211217360135,0.2,0.2,0.0,0.38921543332513714,-0.4076921242299711,False
0,561,1.083151859816411,-0.24288356754283275,1.7474538131038047,2.022728113157079,-0.09885728112325255,0.0,0.2510216394540201,0.27958943453884616,-0.1015211217360135,0.5743370056152344,0.9999954104423523,0.9289657473564148,0.5687320828437805,0.0035164174623787403,0.9993069767951965,1.0894870219611168,-0.23696638359963798,1.7536873418733603,2.017918413896638,-0.10018461296458732,0.0,0.2510216394540201,0.27958943453884616,-0.1015211217360135,-0.05102163945402008,-0.07958943453884616,0.1015211217360135,0.2,0.2,0.0,0.38921543332513714,-0.38921543332513714,False
0,562,1.0894870219611168,-0.23696638359963798,1.7536873418733603,2.017918413896638,-0.10018461296458732,0.0,0.2510216394540201,0.27958943453884616,-0.1015211217360135,0.9132931232452393,0.45073550939559937,0.9732567071914673,0.9997580051422119,-0.4238888919353485,0.9993453621864319,1.0899401570040155,-0.23635479504884083,1.7543093466617536,2.018081750982303,-0.10027902752543463,0.0,0.25101677989405724,0.27965698393298394,-0.1016431719036479,-0.051016779894057215,-0.07965698393298393,0.1016431719036479,0.2,0.2,0.0,0.38929267504733417,-0.39083750949127477,False
0,563,1.0899401570040155,-0.23635479504884083,1.7543093466617536,2.018081750982303,-0.10027902752543463,0.0,0.25101677989405724,0.27965698393298394,-0.1016431719036479,0.9347245693206787,0.998738706111908,0.9864050149917603,0.9310965538024902,0.37002190947532654,0.9944262504577637,1.090317947534174,-0.2360766909816702,1.7547081827248159,2.0184804090341775,-0.10031166750715698,0.0,0.25101677989405724,0.27965698393298394,-0.1016431719036479,-0.051016779894057215,-0.07965698393298393,0.1016431719036479,0.2,0.2,0.0,0.38929267504733417,-0.38929267504733417,False
0,564,1.090317947534174,-0.2360766909816702,1.7547081827248159,2.0184804090341775,-0.10031166750715698,0.0,0.25101677989405724,0.27965698393298394,-0.1016431719036479,0.24999339878559113,0.9921436905860901,0.9830709099769592,0.5679110884666443,-0.3312433660030365,0.9987919330596924,1.0907144473861756,-0.23560743079734278,1.7551697575161296,2.018892816183638,-0.10017800077742087,0.0,0.25099637866061825,0.2797008530086489,-0.1017677246003706,-0.05099637866061822,-0.07970085300864885,0.1017677246003706,0.2,0.2,0.0,0.38934357455189517,-0.3903615646431151,False
0,565,1.0907144473861756,-0.23560743079734278,1.7551697575161296,2.018892816183638,-0.10017800077742087,0.0,0.25099637866061825,0.2797008530086489,-0.1017677246003706,0.924856960773468,0.9999996423721313,0.9819546937942505,0.7826522588729858,-0.044267114251852036,0.8098021149635315,1.0907414709974657,-0.23549200300100048,1.7552841543732587,2.018956841439196,-0.1002190866459638,0.0,0.25098640106845405,0.2797741798319087,-0.10199130835753209,-0.05098640106845402,-0.0797741798319087,0.10199130835753209,0.2,0.2,0.0,0.38944831775524885,-0.39154318182232256,False
0,566,1.0907414709974657,-0.23549200300100048,1.7552841543732587,2.018956841439196,-0.1002190866459638,0.0,0.25098640106845405,0.2797741798319087,-0.10199130835753209,0.8616507649421692,0.9999948143959045,0.9760358929634094,0.6485322117805481,-0.5359803438186646,0.9871230125427246,1.091885093062114,-0.23393124193576,1.756820712706098,2.020083150543723,-0.10042035788427216,0.0,0.2509566679514692,0.2798752249125311,-0.10227541903511875,-0.05095666795146919,-0.07987522491253109,0.10227541903511875,0.2,0.2,0.0,0.3895762467707098,-0.3921348270799285,False
0,567,1.091885093062114,-0.23393124193576,1.756820712706098,2.020083150543723,-0.10042035788427216,0.0,0.2509566679514692,0.2798752249125311,-0.10227541903511875,-0.2703973948955536,0.7311878204345703,0.9824152588844299,0.8199992179870605,0.15220144391059875,0.9996061325073242,1.0921568502842403,-0.23355546865266297,1.757202552124841,2.0202859718342756,-0.10049560131714759,0.0,0.25093785468572927,0.2799435418922972,-0.10245038594314383,-0.050937854685729256,-0.07994354189229716,0.10245038594314383,0.2,0.2,0.0,0.389659178181882,-0.3913178064053263,False
0,568,1.0921568502842403,-0.23355546865266297,1.757202552124841,2.0202859718342756,-0.10049560131714759,0.0,0.25093785468572927,0.2799435418922972,-0.10245038594314383,0.2760487198829651,0.9999977350234985,0.9960783123970032,0.819519579410553,-0.058665189892053604,0.9998638033866882,1.09210584672767,-0.23322443365859602,1.7576063793978192,2.0206238065145468,-0.10045633443464082,0.0,0.25093785468572927,0.2799435418922972,-0.10245038594314383,-0.050937854685729256,-0.07994354189229716,0.10245038594314383,0.2,0.2,0.0,0.389659178181882,-0.389659178181882,False
0,569,1.09210584672767,-0.23322443365859602,1.7576063793978192,2.0206238065145468,-0.10045633443464082,0.0,0.25093785468572927,0.2799435418922972,-0.10245038594314383,0.6118836402893066,0.9999999403953552,0.8857672214508057,-0.2572239637374878,0.5221036076545715,0.9999860525131226,1.092189004095361,-0.23293137721567475,1.7578971084770074,2.020862916052577,-0.1004744578673811,0.0,0.2509579528555338,0.2799885162483874,-0.10264205263855194,-0.0509579528555338,-0.0799885162483874,0.10264205263855194,0.2,0.2,0.0,0.389754864372812,-0.39166858819141154,False
0,570,1.092189004095361,-0.23293137721567475,1.7578971084770074,2.020862916052577,-0.1004744578673811,0.0,0.2509579528555338,0.2799885162483874,-0.10264205263855194,0.38552582263946533,0.9995341300964355,0.9678874015808105,0.8028116226196289,0.1777815967798233,0.9994602799415588,1.092189004095361,-0.23293137721567475,1.7578971084770074,2.020862916052577,-0.1004744578673811,0.0,0.2509598880722404,0.2801383660403634,-0.10315457290310337,-0.0509598880722404,-0.08013836604036341,0.10315457290310337,0.2,0.2,0.0,0.3899990198190474,-0.3948821287437555,False
0,571,1.092189004095361,-0.23293137721567475,1.7578971084770074,2.020862916052577,-0.1004744578673811,0.0,0.2509598880722404,0.2801383660403634,-0.10315457290310337,-0.09327996522188187,0.9999894499778748,0.9792675375938416,0.6229468584060669,0.1637604683637619,0.9989138245582581,1.092189004095361,-0.23293137721567475,1.7578971084770074,2.020862916052577,-0.1004744578673811,0.0,0.2509543234167438,0.28042295401172246,-0.10425562019085713,-0.050954323416743774,-0.08042295401172242,0.10425562019085713,0.2,0.2,0.0,0.3904924326022164,-0.4003606882655964,False
0,572,1.092189004095361,-0.23293137721567475,1.7578971084770074,2.020862916052577,-0.1004744578673811,0.0,0.2509543234167438,0.28042295401172246,-0.10425562019085713,-0.4005381166934967,0.9999997019767761,0.9855717420578003,-0.322761207818985,-0.28737273812294006,0.9998584985733032,1.0947092207309772,-0.22628633339300147,1.764325987122468,2.0260327657037416,-0.09928895953896763,0.0,0.2509574122050828,0.2804788853472297,-0.10447970958888522,-0.050957412205082764,-0.0804788853472297,0.10447970958888522,0.2,0.2,0.0,0.39059446691174987,-0.39263515310241953,False
0,573,1.0947092207309772,-0.22628633339300147,1.764325987122468,2.0260327657037416,-0.09928895953896763,0.0,0.2509574122050828,0.2804788853472297,-0.10447970958888522,0.8354589939117432,0.9999979138374329,0.9441312551498413,0.5241615176200867,0.1549959033727646,0.9982141852378845,1.094530088763058,-0.22585837190568325,1.7647471874950833,2.0258301776905396,-0.09943405338290444,0.0,0.2509574122050828,0.2804788853472297,-0.10447970958888522,-0.050957412205082764,-0.0804788853472297,0.10447970958888522,0.2,0.2,0.0,0.39059446691174987,-0.39059446691174987,False
0,574,1.094530088763058,-0.22585837190568325,1.7647471874950833,2.0258301776905396,-0.09943405338290444,0.0,0.2509574122050828,0.2804788853472297,-0.10447970958888522,0.319399893283844,0.9977443814277649,0.9871877431869507,0.6295026540756226,0.5476665496826172,0.9928900003433228,1.097673072153299,-0.2164468687157438,1.7740479816961379,2.0317471649104237,-0.09436083884739467,0.0,0.2510308894003741,0.2810865667960933,-0.10651094990645403,-0.051030889400374105,-0.08108656679609327,0.10651094990645403,0.2,0.2,0.0,0.3916257753472473,-0.4122519440571958,False
0,575,1.097673072153299,-0.2164468687157438,1.7740479816961379,2.0317471649104237,-0.09436083884739467,0.0,0.2510308894003741,0.2810865667960933,-0.10651094990645403,0.7059893608093262,0.9998613595962524,0.9900488257408142,0.7709188461303711,-0.25123196840286255,0.999909520149231,1.097673072153299,-0.2164468687157438,1.7740479816961379,2.0317471649104237,-0.09436083884739467,0.0,0.25106766166031225,0.282027116625009,-0.11019118797293756,-0.05106766166031222,-0.082027116625009,0.11019118797293756,0.2,0.2,0.0,0.39334000959765164,-0.42762469460573854,False
0,576,1.097673072153299,-0.2164468687157438,1.7740479816961379,2.0317471649104237,-0.09436083884739467,0.0,0.25106766166031225,0.282027116625009,-0.11019118797293756,0.7713599801063538,0.9829756021499634,0.9958532452583313,0.8445016145706177,-0.31022968888282776,0.9997603297233582,1.097673072153299,-0.2164468687157438,1.7740479816961379,2.0317471649104237,-0.09436083884739467,0.0,0.25057221009919145,0.2826558897966692,-0.11261190680854852,-0.05057221009919145,-0.08265588979666924,0.11261190680854852,0.2,0.2,0.0,0.3941601528132916,-0.4105630171260905,False
0,577,1.097673072153299,-0.2164468687157438,1.7740479816961379,2.0317471649104237,-0.09436083884739467,0.0,0.25057221009919145,0.2826558897966692,-0.11261190680854852,0.4307478666305542,0.9999781847000122,0.9564518928527832,0.0261861402541399,0.36881574988365173,0.9990113377571106,1.097673072153299,-0.2164468687157438,1.7740479816961379,2.0317471649104237,-0.09436083884739467,0.0,0.2501381005784574,0.2830069368539741,-0.11420127078345886,-0.05013810057845741,-0.08300693685397409,0.11420127078345886,0.2,0.2,0.0,0.39459336780668863,-0.40325766767462956,False
0,578,1.097673072153299,-0.2164468687157438,1.7740479816961379,2.0317471649104237,-0.09436083884739467,0.0,0.2501381005784574,0.2830069368539741,-0.11420127078345886,0.9229541420936584,0.9999979734420776,0.9871302247047424,0.6467280387878418,-0.3170384466648102,0.9999463558197021,1.097673072153299,-0.2164468687157438,1.7740479816961379,2.0317471649104237,-0.09436083884739467,0.0,0.24997091609637684,0.28315148763941644,-0.11481494540306965,-0.04997091609637684,-0.08315148763941646,0.11481494540306965,0.2,0.2,0.0,0.3947691674059492,-0.39828515939116044,False
0,579,1.097673072153299,-0.2164468687157438,1.7740479816961379,2.0317471649104237,-0.09436083884739467,0.0,0.24997091609637684,0.28315148763941644,-0.11481494540306965,-0.08766525238752365,0.9993799328804016,0.8895969986915588,0.1118178516626358,-0.019325651228427887,0.9982209801673889,1.097673072153299,-0.2164468687157438,1.7740479816961379,2.0317471649104237,-0.09436083884739467,0.0,0.25000626679308946,0.28321822821977183,-0.11474368133643364,-0.05000626679308946,-0.08321822821977182,0.11474368133643364,0.2,0.2,0.0,0.3948187060391151,-0.3958094787024336,False
0,580,1.097673072153299,-0.2164468687157438,1.7740479816961379,2.0317471649104237,-0.09436083884739467,0.0,0.25000626679308946,0.28321822821977183,-0.11474368133643364,0.40985074639320374,0.9999977350234985,0.9742768406867981,0.6716339588165283,0.06930233538150787,0.9993689656257629,1.097673072153299,-0.2164468687157438,1.7740479816961379,2.0317471649104237,-0.09436083884739467,0.0,0.2500242328345315,0.2832299569761611,-0.11475830591038247,-0.05002423283453149,-0.08322995697616109,0.11475830591038247,0.2,0.2,0.0,0.39484274630368354,-0.39532355159505206,False
0,581,1.097673072153299,-0.2164468687157438,1.7740479816961379,2.0317471649104237,-0.09436083884739467,0.0,0.2500242328345315,0.2832299569761611,-0.11475830591038247,-0.36004161834716797,1.0,0.9908084273338318,-0.18927396833896637,0.27382054924964905,0.9999710321426392,1.097673072153299,-0.2164468687157438,1.7740479816961379,2.0317471649104237,-0.09436083884739467,0.0,0.250058556662671,0.28322332277943374,-0.11477550017804572,-0.05005855666267102,-0.08322332277943373,0.11477550017804572,0.2,0.2,0.0,0.39486472084444585,-0.39530421165969193,False
0,582,1.097673072153299,-0.2164468687157438,1.7740479816961379,2.0317471649104237,-0.09436083884739467,0.0,0.250058556662671,0.28322332277943374,-0.11477550017804572,0.3406119644641876,0.9942370057106018,0.9869406819343567,0.05960803106427193,0.7147864103317261,0.9999909400939941,1.097673072153299,-0.2164468687157438,1.7740479816961379,2.0317471649104237,-0.09436083884739467,0.0,0.250058556662671,0.28322332277943374,-0.11477550017804572,-0.05005855666267102,-0.08322332277943373,0.11477550017804572,0.2,0.2,0.0,0.39486472084444585,-0.39486472084444585,False
0,583,1.097673072153299,-0.2164468687157438,1.7740479816961379,2.0317471649104237,-0.09436083884739467,0.0,0.250058556662671,0.28322332277943374,-0.11477550017804572,0.968062698841095,0.9969678521156311,0.993793785572052,0.3419943153858185,-0.17702271044254303,0.999961256980896,1.1174851301434832,-0.1889935845735453,1.801559642282251,2.0527063047058562,-0.0999840852565777,0.0,0.250058556662671,0.28322332277943374,-0.11477550017804572,-0.05005855666267102,-0.08322332277943373,0.11477550017804572,0.2,0.2,0.0,0.39486472084444585,-0.39486472084444585,False
0,584,1.1174851301434832,-0.1889935845735453,1.801559642282251,2.0527063047058562,-0.0999840852565777,0.0,0.250058556662671,0.28322332277943374,-0.11477550017804572,-0.4898819029331207,0.4273868203163147,0.9778483510017395,0.34515053033828735,0.25478681921958923,0.9999988079071045,1.1174851301434832,-0.1889935845735453,1.801559642282251,2.0527063047058562,-0.0999840852565777,0.0,0.25025217100840924,0.2833233724210056,-0.1151386478251612,-0.05025217100840926,-0.08332337242100558,0.1151386478251612,0.2,0.2,0.0,0.3951647639623761,-0.4011656263209811,False
0,585,1.1174851301434832,-0.1889935845735453,1.801559642282251,2.0527063047058562,-0.0999840852565777,0.0,0.25025217100840924,0.2833233724210056,-0.1151386478251612,0.34610092639923096,0.9987915754318237,0.9363871216773987,-0.03927825763821602,0.5769462585449219,0.9999883770942688,1.1174851301434832,-0.1889935845735453,1.801559642282251,2.0527063047058562,-0.0999840852565777,0.0,0.25049106399692056,0.283571048487973,-0.11600316886795256,-0.05049106399692056,-0.08357104848797295,0.11600316886795256,0.2,0.2,0.0,0.3957461912265037,-0.4073747365090552,False
0,586,1.1174851301434832,-0.1889935845735453,1.801559642282251,2.0527063047058562,-0.0999840852565777,0.0,0.25049106399692056,0.283571048487973,-0.11600316886795256,0.9476727843284607,0.9999997615814209,0.9779998064041138,0.0026940787211060524,0.3327173888683319,0.9999890327453613,1.1174851301434832,-0.1889935845735453,1.801559642282251,2.0527063047058562,-0.0999840852565777,0.0,0.25040509428352997,0.2841270712489704,-0.11719880429111554,-0.05040509428352993,-0.08412707124897041,0.11719880429111554,0.2,0.2,0.0,0.3964422575696595,-0.41036358443277615,False
0,587,1.1174851301434832,-0.1889935845735453,1.801559642282251,2.0527063047058562,-0.0999840852565777,0.0,0.25040509428352997,0.2841270712489704,-0.11719880429111554,0.6670935153961182,0.9997175931930542,0.9198836088180542,-0.03678002953529358,-0.017336850985884666,0.9999651312828064,1.1174851301434832,-0.1889935845735453,1.801559642282251,2.0527063047058562,-0.0999840852565777,0.0,0.25040509428352997,0.2841270712489704,-0.11719880429111554,-0.05040509428352993,-0.08412707124897041,0.11719880429111554,0.2,0.2,0.0,0.3964422575696595,-0.3964422575696595,False
0,588,1.1174851301434832,-0.1889935845735453,1.801559642282251,2.0527063047058562,-0.0999840852565777,0.0,0.25040509428352997,0.2841270712489704,-0.11719880429111554,0.39527958631515503,0.999721348285675,0.9895085096359253,0.4378727674484253,0.10350260138511658,0.9999915361404419,1.1174851301434832,-0.1889935845735453,1.801559642282251,2.0527063047058562,-0.0999840852565777,0.0,0.2503580835560674,0.284245316766606,-0.11742976667255677,-0.050358083556067426,-0.08424531676660602,0.11742976667255677,0.2,0.2,0.0,0.3965656568670391,-0.3990336428146309,False
0,589,1.1174851301434832,-0.1889935845735453,1.801559642282251,2.0527063047058562,-0.0999840852565777,0.0,0.2503580835560674,0.284245316766606,-0.11742976667255677,0.6062704920768738,0.9998345375061035,0.9599530696868896,0.3734886050224304,0.7252650856971741,0.9999809265136719,1.1192149250287338,-0.17696394060486234,1.814982612216206,2.0533958244991077,-0.09324308306473844,0.0,0.2503580835560674,0.284245316766606,-0.11742976667255677,-0.050358083556067426,-0.08424531676660602,0.11742976667255677,0.2,0.2,0.0,0.3965656568670391,-0.3965656568670391,False
0,590,1.1192149250287338,-0.17696394060486234,1.814982612216206,2.0533958244991077,-0.09324308306473844,0.0,0.2503580835560674,0.284245316766606,-0.11742976667255677,0.5725475549697876,0.9997072815895081,0.9820125102996826,0.5487416982650757,0.34493231773376465,0.9995912313461304,1.1192149250287338,-0.17696394060486234,1.814982612216206,2.0533958244991077,-0.09324308306473844,0.0,0.2495519083718135,0.285506944707692,-0.12359876529781488,-0.04955190837181349,-0.08550694470769199,0.12359876529781488,0.2,0.2,0.0,0.3988320764826714,-0.4441604687953171,False
0,591,1.1192149250287338,-0.17696394060486234,1.814982612216206,2.0533958244991077,-0.09324308306473844,0.0,0.2495519083718135,0.285506944707692,-0.12359876529781488,0.8186691403388977,0.9999883770942688,0.9680666327476501,0.04287843033671379,0.1954202950000763,0.9999991655349731,1.1192149250287338,-0.17696394060486234,1.814982612216206,2.0533958244991077,-0.09324308306473844,0.0,0.2495170210990652,0.285548478249513,-0.12384372437776892,-0.04951702109906521,-0.08554847824951298,0.12384372437776892,0.2,0.2,0.0,0.398915962724633,-0.4005936875638649,False
0,592,1.1192149250287338,-0.17696394060486234,1.814982612216206,2.0533958244991077,-0.09324308306473844,0.0,0.2495170210990652,0.285548478249513,-0.12384372437776892,0.2818167507648468,0.9999198317527771,0.9589061141014099,0.1139364093542099,-0.37938350439071655,0.9999997615814209,1.1192149250287338,-0.17696394060486234,1.814982612216206,2.0533958244991077,-0.09324308306473844,0.0,0.2492789920346402,0.2863605875929355,-0.12383206231744648,-0.049278992034640215,-0.08636058759293547,0.12383206231744648,0.2,0.2,0.0,0.39934544150918944,-0.4079350172003186,False
0,593,1.1192149250287338,-0.17696394060486234,1.814982612216206,2.0533958244991077,-0.09324308306473844,0.0,0.2492789920346402,0.2863605875929355,-0.12383206231744648,0.5200534462928772,0.9860482215881348,0.9805337190628052,-0.027494220063090324,0.119493767619133,0.9999996423721313,1.1192149250287338,-0.17696394060486234,1.814982612216206,2.0533958244991077,-0.09324308306473844,0.0,0.2493705528116556,0.28637374741193633,-0.12384171626924313,-0.0493705528116556,-0.0863737474119363,0.12384171626924313,0.2,0.2,0.0,0.3994150303942729,-0.4008068080959421,False
0,594,1.1192149250287338,-0.17696394060486234,1.814982612216206,2.0533958244991077,-0.09324308306473844,0.0,0.2493705528116556,0.28637374741193633,-0.12384171626924313,0.679062008857727,0.9999895691871643,0.9758495092391968,0.2823699116706848,0.18614165484905243,0.9999999403953552,1.1192149250287338,-0.17696394060486234,1.814982612216206,2.0533958244991077,-0.09324308306473844,0.0,0.2493705528116556,0.28637374741193633,-0.12384171626924313,-0.0493705528116556,-0.0863737474119363,0.12384171626924313,0.2,0.2,0.0,0.3994150303942729,-0.3994150303942729,False
0,595,1.1192149250287338,-0.17696394060486234,1.814982612216206,2.0533958244991077,-0.09324308306473844,0.0,0.2493705528116556,0.28637374741193633,-0.12384171626924313,0.8885865807533264,0.9995585083961487,0.8446683883666992,0.22479185461997986,0.8101514577865601,0.9999999403953552,1.1192149250287338,-0.17696394060486234,1.814982612216206,2.0533958244991077,-0.09324308306473844,0.0,0.2494218664318701,0.2863674696764108,-0.12384735755407632,-0.04942186643187006,-0.08636746967641079,0.12384735755407632,0.2,0.2,0.0,0.3994443179172223,-0.4000300683762102,False
0,596,1.1192149250287338,-0.17696394060486234,1.814982612216206,2.0533958244991077,-0.09324308306473844,0.0,0.2494218664318701,0.2863674696764108,-0.12384735755407632,0.4035071134567261,0.9771966338157654,0.9755077362060547,0.3284936845302582,-0.2628602683544159,0.9999999403953552,1.1192149250287338,-0.17696394060486234,1.814982612216206,2.0533958244991077,-0.09324308306473844,0.0,0.2494218664318701,0.2863674696764108,-0.12384735755407632,-0.04942186643187006,-0.08636746967641079,0.12384735755407632,0.2,0.2,0.0,0.3994443179172223,-0.3994443179172223,False
0,597,1.1192149250287338,-0.17696394060486234,1.814982612216206,2.0533958244991077,-0.09324308306473844,0.0,0.2494218664318701,0.2863674696764108,-0.12384735755407632,0.8630934953689575,0.9999994039535522,0.9592915773391724,0.1097327172756195,-0.7825659513473511,1.0,1.1192149250287338,-0.17696394060486234,1.814982612216206,2.0533958244991077,-0.09324308306473844,0.0,0.2494195851278653,0.2863682027456545,-0.12385274937861952,-0.04941958512786529,-0.0863682027456545,0.12385274937861952,0.2,0.2,0.0,0.39944509074186385,-0.39946054723469504,False
0,598,1.1192149250287338,-0.17696394060486234,1.814982612216206,2.0533958244991077,-0.09324308306473844,0.0,0.2494195851278653,0.2863682027456545,-0.12385274937861952,0.9350488185882568,0.9999887943267822,0.9965918660163879,0.01789817586541176,-0.06253598630428314,1.0,1.1192149250287338,-0.17696394060486234,1.814982612216206,2.0533958244991077,-0.09324308306473844,0.0,0.2494195851278653,0.2863682027456545,-0.12385274937861952,-0.04941958512786529,-0.0863682027456545,0.12385274937861952,0.2,0.2,0.0,0.39944509074186385,-0.39944509074186385,False
0,599,1.1192149250287338,-0.17696394060486234,1.814982612216206,2.0533958244991077,-0.09324308306473844,0.0,0.2494195851278653,0.2863682027456545,-0.12385274937861952,0.6083104610443115,0.9999758005142212,0.9075267910957336,0.18038156628608704,0.5750687122344971,0.9999995827674866,1.1192149250287338,-0.17696394060486234,1.814982612216206,2.0533958244991077,-0.09324308306473844,0.0,0.24941739681481653,0.2863726670097464,-0.12385579820771606,-0.04941739681481652,-0.08637266700974638,0.12385579820771606,0.2,0.2,0.0,0.3994478701831132,-0.39950345900809964,False
0,600,1.1192149250287338,-0.17696394060486234,1.814982612216206,2.0533958244991077,-0.09324308306473844,0.0,0.24941739681481653,0.2863726670097464,-0.12385579820771606,0.4095637798309326,0.8948000073432922,0.9795745015144348,0.23548199236392975,0.21713393926620483,0.9999996423721313,1.1192149250287338,-0.17696394060486234,1.814982612216206,2.0533958244991077,-0.09324308306473844,0.0,0.2496360813512119,0.2863375214944257,-0.12395136055581166,-0.04963608135121188,-0.08633752149442567,0.12395136055581166,0.2,0.2,0.0,0.39958890013562237,-0.4024094991858063,False
0,601,1.1192149250287338,-0.17696394060486234,1.814982612216206,2.0533958244991077,-0.09324308306473844,0.0,0.2496360813512119,0.2863375214944257,-0.12395136055581166,0.8314790725708008,0.9992515444755554,0.9345299005508423,0.32380467653274536,0.5529839992523193,0.9999985098838806,1.1192149250287338,-0.17696394060486234,1.814982612216206,2.0533958244991077,-0.09324308306473844,0.0,0.24969239219916747,0.2863270499502117,-0.12399354932333428,-0.04969239219916746,-0.08632704995021169,0.12399354932333428,0.2,0.2,0.0,0.3996296667279996,-0.40044499857554416,False
0,602,1.1192149250287338,-0.17696394060486234,1.814982612216206,2.0533958244991077,-0.09324308306473844,0.0,0.24969239219916747,0.2863270499502117,-0.12399354932333428,0.9004655480384827,0.9999599456787109,0.9720798134803772,0.022493308410048485,0.5358604788780212,0.9999995827674866,1.1355182284042085,-0.1493035600096061,1.8431994928353728,2.060157318609605,-0.08679771803926276,0.0,0.24951170823468327,0.28639893742136424,-0.12404506372652602,-0.049511708234683274,-0.08639893742136426,0.12404506372652602,0.2,0.2,0.0,0.3995843111749936,-0.3986772001148736,False
0,603,1.1355182284042085,-0.1493035600096061,1.8431994928353728,2.060157318609605,-0.08679771803926276,0.0,0.24951170823468327,0.28639893742136424,-0.12404506372652602,0.8235591053962708,0.9999950528144836,0.9842272996902466,0.09844119101762772,0.26926109194755554,0.9999997615814209,1.1355182284042085,-0.1493035600096061,1.8431994928353728,2.060157318609605,-0.08679771803926276,0.0,0.24945273960276115,0.28646962209036003,-0.12401870130759476,-0.04945273960276114,-0.08646962209036002,0.12401870130759476,0.2,0.2,0.0,0.39958997979170985,-0.3997033521260348,False
0,604,1.1355182284042085,-0.1493035600096061,1.8431994928353728,2.060157318609605,-0.08679771803926276,0.0,0.24945273960276115,0.28646962209036003,-0.12401870130759476,0.5801359415054321,0.999971866607666,0.9625574350357056,0.09143564850091934,-0.07043816149234772,1.0,1.1383917070311862,-0.14854570822494276,1.8434975895187002,2.059119768405919,-0.08411554593728032,0.0,0.2494253716661632,0.2865023728151873,-0.1240064818911372,-0.04942537166616316,-0.0865023728151873,0.1240064818911372,0.2,0.2,0.0,0.39959258402847414,-0.39964466876376,False
0,605,1.1383917070311862,-0.14854570822494276,1.8434975895187002,2.059119768405919,-0.08411554593728032,0.0,0.2494253716661632,0.2865023728151873,-0.1240064818911372,0.7886955142021179,0.9999954700469971,0.9081164002418518,0.003976651933044195,0.45349520444869995,0.9999999403953552,1.1386962645738008,-0.14796771716789295,1.8440583128113026,2.0591869683933828,-0.08417351449290575,0.0,0.2494112224467841,0.2865462960419905,-0.12414911750114219,-0.04941122244678409,-0.08654629604199049,0.12414911750114219,0.2,0.2,0.0,0.39965953139403004,-0.4009984787051481,False
0,606,1.1386962645738008,-0.14796771716789295,1.8440583128113026,2.0591869683933828,-0.08417351449290575,0.0,0.2494112224467841,0.2865462960419905,-0.12414911750114219,0.6380077600479126,0.999997079372406,0.9344791769981384,0.022542836144566536,0.019838381558656693,0.9999999403953552,1.1390384456501437,-0.14750229807058451,1.8444851918431266,2.0591912322032706,-0.08403572079359657,0.0,0.2494112224467841,0.2865462960419905,-0.12414911750114219,-0.04941122244678409,-0.08654629604199049,0.12414911750114219,0.2,0.2,0.0,0.39965953139403004,-0.39965953139403004,False
0,607,1.1390384456501437,-0.14750229807058451,1.8444851918431266,2.0591912322032706,-0.08403572079359657,0.0,0.2494112224467841,0.2865462960419905,-0.12414911750114219,0.9255715608596802,0.9997839331626892,0.9689952731132507,-0.08939108997583389,0.5009564757347107,0.9999998211860657,1.1390384456501437,-0.14750229807058451,1.8444851918431266,2.0591912322032706,-0.08403572079359657,0.0,0.2493057827565507,0.2867884816996719,-0.12481041127776626,-0.049305782756550676,-0.0867884816996719,0.12481041127776626,0.2,0.2,0.0,0.39997330575275225,-0.4062487929271964,False
0,608,1.1390384456501437,-0.14750229807058451,1.8444851918431266,2.0591912322032706,-0.08403572079359657,0.0,0.2493057827565507,0.2867884816996719,-0.12481041127776626,0.8422703742980957,0.9999148845672607,0.705390453338623,0.017140140756964684,-0.5297210216522217,0.9999998211860657,1.1412391687226289,-0.14404441084413852,1.8477174927840874,2.059269932023668,-0.0839825879828205,0.0,0.2492714581622091,0.2868634444245845,-0.12500832272739562,-0.0492714581622091,-0.08686344442458449,0.12500832272739562,0.2,0.2,0.0,0.40006746475134336,-0.40195064472316555,False
0,609,1.1412391687226289,-0.14404441084413852,1.8477174927840874,2.059269932023668,-0.0839825879828205,0.0,0.2492714581622091,0.2868634444245845,-0.12500832272739562,0.9622443318367004,0.999976634979248,0.8402360677719116,-0.022740183398127556,0.2186361402273178,0.9999997615814209,1.1416749779961348,-0.1435781212699317,1.8481243828190317,2.0592399508486317,-0.08390180372393628,0.0,0.2492714581622091,0.2868634444245845,-0.12500832272739562,-0.0492714581622091,-0.08686344442458449,0.12500832272739562,0.2,0.2,0.0,0.40006746475134336,-0.40006746475134336,False
0,610,1.1416749779961348,-0.1435781212699317,1.8481243828190317,2.0592399508486317,-0.08390180372393628,0.0,0.2492714581622091,0.2868634444245845,-0.12500832272739562,0.892789363861084,0.9999149441719055,0.9640206694602966,-0.19747160375118256,-0.4928955137729645,0.9999979734420776,1.1416749779961348,-0.1435781212699317,1.8481243828190317,2.0592399508486317,-0.08390180372393628,0.0,0.24901091684054777,0.28738338313106615,-0.1260218916134804,-0.04901091684054777,-0.08738338313106615,0.1260218916134804,0.2,0.2,0.0,0.4005960094302827,-0.41116690300906894,False
0,611,1.1416749779961348,-0.1435781212699317,1.8481243828190317,2.0592399508486317,-0.08390180372393628,0.0,0.24901091684054777,0.28738338313106615,-0.1260218916134804,0.9405456781387329,0.9941776990890503,0.9968019127845764,0.06331165879964828,-0.022965237498283386,1.0,1.1416749779961348,-0.1435781212699317,1.8481243828190317,2.0592399508486317,-0.08390180372393628,0.0,0.24895177016043704,0.2875051138775537,-0.12625684768407947,-0.04895177016043703,-0.08750511387755366,0.12625684768407947,0.2,0.2,0.0,0.400720558443014,-0.4032115386976409,False
0,612,1.1416749779961348,-0.1435781212699317,1.8481243828190317,2.0592399508486317,-0.08390180372393628,0.0,0.24895177016043704,0.2875051138775537,-0.12625684768407947,0.6661357283592224,0.9490614533424377,0.118621826171875,0.03348999097943306,0.6596026420593262,0.999997615814209,1.1416749779961348,-0.1435781212699317,1.8481243828190317,2.0592399508486317,-0.08390180372393628,0.0,0.24855685531240124,0.2879883030968459,-0.1276217545560027,-0.048556855312401226,-0.08798830309684591,0.1276217545560027,0.2,0.2,0.0,0.4012543897321789,-0.4119310155154769,False
0,613,1.1416749779961348,-0.1435781212699317,1.8481243828190317,2.0592399508486317,-0.08390180372393628,0.0,0.24855685531240124,0.2879883030968459,-0.1276217545560027,0.6964218616485596,0.9999988675117493,0.9872369766235352,0.38576704263687134,-0.31823214888572693,0.9999993443489075,1.1416749779961348,-0.1435781212699317,1.8481243828190317,2.0592399508486317,-0.08390180372393628,0.0,0.24778596402185915,0.2874462968709772,-0.12803597814701134,-0.047785964021859154,-0.08744629687097724,0.12803597814701134,0.2,0.2,0.0,0.400520248241137,-0.3858374184202991,False
0,614,1.1416749779961348,-0.1435781212699317,1.8481243828190317,2.0592399508486317,-0.08390180372393628,0.0,0.24778596402185915,0.2874462968709772,-0.12803597814701134,0.8495209217071533,0.9999903440475464,0.9753873348236084,0.02091195248067379,0.22474747896194458,1.0,1.1416749779961348,-0.1435781212699317,1.8481243828190317,2.0592399508486317,-0.08390180372393628,0.0,0.2476068051082837,0.28736036578216273,-0.1283202796116718,-0.047606805108283703,-0.08736036578216269,0.1283202796116718,0.2,0.2,0.0,0.40043876425492025,-0.3988090845305849,False
0,615,1.1416749779961348,-0.1435781212699317,1.8481243828190317,2.0592399508486317,-0.08390180372393628,0.0,0.2476068051082837,0.28736036578216273,-0.1283202796116718,0.778252363204956,0.9999996423721313,0.5909126996994019,0.4370635449886322,0.355528861284256,1.0,1.1594995401194625,-0.11913607159498407,1.8543500620021651,2.0600643838836263,-0.07037427930073285,0.0,0.24761479687896626,0.2874132743409129,-0.1285311082550232,-0.04761479687896625,-0.08741327434091287,0.1285311082550232,0.2,0.2,0.0,0.40054927748036334,-0.4027595419892251,False
0,616,1.1594995401194625,-0.11913607159498407,1.8543500620021651,2.0600643838836263,-0.07037427930073285,0.0,0.24761479687896626,0.2874132743409129,-0.1285311082550232,0.5840275883674622,0.9990321397781372,0.4822918474674225,0.4244176149368286,0.2840421795845032,0.9999999403953552,1.1595605951771941,-0.11902546906449374,1.8548155514431213,2.060278280584008,-0.07083346162839177,0.0,0.24761479687896626,0.2874132743409129,-0.1285311082550232,-0.04761479687896625,-0.08741327434091287,0.1285311082550232,0.2,0.2,0.0,0.40054927748036334,-0.40054927748036334,False
0,617,1.1595605951771941,-0.11902546906449374,1.8548155514431213,2.060278280584008,-0.07083346162839177,0.0,0.24761479687896626,0.2874132743409129,-0.1285311082550232,0.5513551235198975,0.9999808073043823,0.9903141260147095,-0.020590031519532204,0.4899641275405884,0.9999994039535522,1.1600552953794265,-0.11821737230548911,1.856291866231646,2.06105666242127,-0.07180064768621086,0.0,0.24759156258951234,0.28742067110252834,-0.12862168257035345,-0.04759156258951233,-0.08742067110252835,0.12862168257035345,0.2,0.2,0.0,0.4005692964641361,-0.4009696761395909,False
0,618,1.1600552953794265,-0.11821737230548911,1.856291866231646,2.06105666242127,-0.07180064768621086,0.0,0.24759156258951234,0.28742067110252834,-0.12862168257035345,0.4082443416118622,0.9999999403953552,0.390144407749176,0.21703407168388367,0.46635666489601135,1.0,1.1601737793067086,-0.11798624785426341,1.856481942308426,2.061060526093044,-0.07168040984868894,0.0,0.24759156258951234,0.28742067110252834,-0.12862168257035345,-0.04759156258951233,-0.08742067110252835,0.12862168257035345,0.2,0.2,0.0,0.4005692964641361,-0.4005692964641361,False
0,619,1.1601737793067086,-0.11798624785426341,1.856481942308426,2.061060526093044,-0.07168040984868894,0.0,0.24759156258951234,0.28742067110252834,-0.12862168257035345,0.8558934330940247,0.9944238662719727,0.9351471066474915,0.12291259318590164,0.10005179792642593,0.9999999403953552,1.1604695915741954,-0.11745836193301215,1.85678435969443,2.0611592131637653,-0.07150083989582044,0.0,0.24756782322180126,0.2874331181189872,-0.12872553262372954,-0.04756782322180127,-0.08743311811898719,0.12872553262372954,0.2,0.2,0.0,0.4005969136621593,-0.4011492576226242,False
0,620,1.1604695915741954,-0.11745836193301215,1.85678435969443,2.0611592131637653,-0.07150083989582044,0.0,0.24756782322180126,0.2874331181189872,-0.12872553262372954,0.9381725192070007,0.9999304413795471,0.9200366735458374,0.013860157690942287,0.3032211363315582,0.9999998211860657,1.1604695915741954,-0.11745836193301215,1.85678435969443,2.0611592131637653,-0.07150083989582044,0.0,0.24751540091987734,0.2874861061762415,-0.12891989758054848,-0.04751540091987731,-0.08748610617624145,0.12891989758054848,0.2,0.2,0.0,0.4006650408122524,-0.40202758381411396,False
0,621,1.1604695915741954,-0.11745836193301215,1.85678435969443,2.0611592131637653,-0.07150083989582044,0.0,0.24751540091987734,0.2874861061762415,-0.12891989758054848,-0.6222845911979675,0.9999400973320007,0.3838987350463867,0.29457545280456543,0.07824846357107162,0.9999995827674866,1.161572692157149,-0.11624836839507832,1.8579101636448936,2.06122480104554,-0.07122762653383069,0.0,0.24743822041417182,0.28757817407917236,-0.1291723763373808,-0.04743822041417181,-0.08757817407917236,0.1291723763373808,0.2,0.2,0.0,0.40076474637508847,-0.4027588576318097,False
0,622,1.161572692157149,-0.11624836839507832,1.8579101636448936,2.06122480104554,-0.07122762653383069,0.0,0.24743822041417182,0.28757817407917236,-0.1291723763373808,0.19304150342941284,0.998599648475647,0.752030074596405,0.2733950614929199,0.3370136022567749,0.9999999403953552,1.161572692157149,-0.11624836839507832,1.8579101636448936,2.06122480104554,-0.07122762653383069,0.0,0.24735543460869647,0.28767705278972433,-0.12947851914882008,-0.04735543460869647,-0.08767705278972435,0.12947851914882008,0.2,0.2,0.0,0.40088338036542537,-0.4032560601721634,False
0,623,1.161572692157149,-0.11624836839507832,1.8579101636448936,2.06122480104554,-0.07122762653383069,0.0,0.24735543460869647,0.28767705278972433,-0.12947851914882008,0.35618844628334045,0.9999038577079773,0.181010901927948,0.7190254330635071,0.19797980785369873,0.999921977519989,1.1631962605647599,-0.11403347984790711,1.8597901073591072,2.061333922539549,-0.07061550615838975,0.0,0.24739022029433438,0.28764569598866885,-0.1296406939969969,-0.04739022029433436,-0.08764569598866884,0.1296406939969969,0.2,0.2,0.0,0.4009347541160631,-0.4019622291288179,False
0,624,1.1631962605647599,-0.11403347984790711,1.8597901073591072,2.061333922539549,-0.07061550615838975,0.0,0.24739022029433438,0.28764569598866885,-0.1296406939969969,0.1405554711818695,0.999923825263977,0.9497390985488892,0.2334987372159958,0.1569504290819168,0.9999974966049194,1.163027495403611,-0.11269730915914947,1.8603580435576177,2.061928217730417,-0.07036015264539604,0.0,0.2473641803543543,0.2876259869510086,-0.12975805595355383,-0.04736418035435429,-0.08762598695100861,0.12975805595355383,0.2,0.2,0.0,0.4009425135562066,-0.40109770235907605,False
0,625,1.163027495403611,-0.11269730915914947,1.8603580435576177,2.061928217730417,-0.07036015264539604,0.0,0.2473641803543543,0.2876259869510086,-0.12975805595355383,0.9913924336433411,0.9998577833175659,0.9974088072776794,0.3105434477329254,-0.2963138818740845,0.9999876022338867,1.163027495403611,-0.11269730915914947,1.8603580435576177,2.061928217730417,-0.07036015264539604,0.0,0.2472518036046443,0.28796736993466754,-0.13190368247049689,-0.04725180360464429,-0.08796736993466756,0.13190368247049689,0.2,0.2,0.0,0.4018174236915529,-0.4193156263984788,False
0,626,1.163027495403611,-0.11269730915914947,1.8603580435576177,2.061928217730417,-0.07036015264539604,0.0,0.2472518036046443,0.28796736993466754,-0.13190368247049689,0.8266499638557434,0.9998666048049927,0.7654030323028564,-0.25019630789756775,0.488844633102417,0.9999997019767761,1.1663455048415716,-0.10308140005009168,1.8697791689190566,2.064283460750236,-0.06988076218188358,0.0,0.24714353318051813,0.28803665888517943,-0.13216279981990078,-0.0471435331805181,-0.08803665888517942,0.13216279981990078,0.2,0.2,0.0,0.40188561620307117,-0.40324946643343706,False
0,627,1.1663455048415716,-0.10308140005009168,1.8697791689190566,2.064283460750236,-0.06988076218188358,0.0,0.24714353318051813,0.28803665888517943,-0.13216279981990078,-0.09624660760164261,1.0,0.9804998636245728,-0.2854151427745819,-0.45159798860549927,0.9999996423721313,1.167505370470801,-0.10216403561047688,1.8706603707312404,2.0644962042302346,-0.07016162554879832,0.0,0.2470978847242718,0.28807916975478,-0.13230085429842767,-0.047097884724271774,-0.08807916975477996,0.13230085429842767,0.2,0.2,0.0,0.4019334381833721,-0.4028898777893912,False
0,628,1.167505370470801,-0.10216403561047688,1.8706603707312404,2.0644962042302346,-0.07016162554879832,0.0,0.2470978847242718,0.28807916975478,-0.13230085429842767,0.4603527784347534,0.9999872446060181,0.5386431217193604,0.4625493586063385,0.3735828995704651,0.9999995827674866,1.1673192686554592,-0.10029493965473811,1.8724388777931111,2.0640451980367014,-0.07091130932882553,0.0,0.24714064257812512,0.2881425023751667,-0.13250530020548934,-0.04714064257812513,-0.08814250237516666,0.13250530020548934,0.2,0.2,0.0,0.4020724480382838,-0.4048526451365171,False
0,629,1.1673192686554592,-0.10029493965473811,1.8724388777931111,2.0640451980367014,-0.07091130932882553,0.0,0.24714064257812512,0.2881425023751667,-0.13250530020548934,0.37531426548957825,0.9999979138374329,0.9939023852348328,0.2765295207500458,-0.34977975487709045,0.9999998211860657,1.1674881123228935,-0.0998843075112944,1.8727920140746899,2.064186175879647,-0.07096646650978143,0.0,0.247147581585355,0.28817390023954426,-0.13267303850785508,-0.047147581585354995,-0.08817390023954422,0.13267303850785508,0.2,0.2,0.0,0.4021545213094928,-0.4037959867336731,False
0,630,1.1674881123228935,-0.0998843075112944,1.8727920140746899,2.064186175879647,-0.07096646650978143,0.0,0.247147581585355,0.28817390023954426,-0.13267303850785508,0.7588107585906982,0.9956666827201843,0.9669293165206909,-0.5479453802108765,0.5216565132141113,0.9999999403953552,1.1674881123228935,-0.0998843075112944,1.8727920140746899,2.064186175879647,-0.07096646650978143,0.0,0.24686027176911812,0.2887756252203977,-0.134926744039437,-0.0468602717691181,-0.08877562522039764,0.134926744039437,0.2,0.2,0.0,0.4031582589460846,-0.42323301167792027,False
0,631,1.1674881123228935,-0.0998843075112944,1.8727920140746899,2.064186175879647,-0.07096646650978143,0.0,0.24686027176911812,0.2887756252203977,-0.134926744039437,0.496155709028244,0.9985092878341675,0.9921243190765381,0.004430101253092289,0.2990879714488983,1.0,1.1715383591261197,-0.09105646801586563,1.8815354640678281,2.065037862418133,-0.07240252193242139,0.0,0.24686027176911812,0.2887756252203977,-0.134926744039437,-0.0468602717691181,-0.08877562522039764,0.134926744039437,0.2,0.2,0.0,0.4031582589460846,-0.4031582589460846,False
0,632,1.1715383591261197,-0.09105646801586563,1.8815354640678281,2.065037862418133,-0.07240252193242139,0.0,0.24686027176911812,0.2887756252203977,-0.134926744039437,0.9381839036941528,0.9945988655090332,0.8825342059135437,-0.4229487478733063,-0.0189652182161808,0.9999940991401672,1.1735656141854596,-0.0887629229140802,1.8837410539892139,2.0632098963737944,-0.07060316710527133,0.0,0.24682207087587282,0.288898253517091,-0.13506660872849136,-0.04682207087587281,-0.08889825351709098,0.13506660872849136,0.2,0.2,0.0,0.403269543047941,-0.405495225085069,False
0,633,1.1735656141854596,-0.0887629229140802,1.8837410539892139,2.0632098963737944,-0.07060316710527133,0.0,0.24682207087587282,0.288898253517091,-0.13506660872849136,-0.011659928597509861,0.9999082684516907,0.98047935962677,0.05565304309129715,0.3193279802799225,0.9977379441261292,1.173822608446542,-0.08843135018456282,1.884039138244274,2.0631059807353087,-0.07060754577390893,0.0,0.2468023728081509,0.28893189549815396,-0.1351446089726408,-0.04680237280815089,-0.08893189549815395,0.1351446089726408,0.2,0.2,0.0,0.4033077197305522,-0.404071253382776,False
0,634,1.173822608446542,-0.08843135018456282,1.884039138244274,2.0631059807353087,-0.07060754577390893,0.0,0.2468023728081509,0.28893189549815396,-0.1351446089726408,0.9887282848358154,0.9998904466629028,0.0022511444985866547,0.04595286399126053,0.48867562413215637,1.0,1.1738099600796847,-0.08790413728698829,1.8845567809250254,2.0631383736239894,-0.0704364289228922,0.0,0.2468023728081509,0.28893189549815396,-0.1351446089726408,-0.04680237280815089,-0.08893189549815395,0.1351446089726408,0.2,0.2,0.0,0.4033077197305522,-0.4033077197305522,False
0,635,1.1738099600796847,-0.08790413728698829,1.8845567809250254,2.0631383736239894,-0.0704364289228922,0.0,0.2468023728081509,0.28893189549815396,-0.1351446089726408,-0.4953765571117401,0.999999463558197,-0.5725558996200562,-0.6675050258636475,0.03445301949977875,1.0,1.1741597870811697,-0.08738145288064512,1.8844782542335272,2.063076613883756,-0.07023368970959613,0.0,0.24678550170005498,0.2889471274600126,-0.13528655956668284,-0.04678550170005498,-0.08894712746001257,0.13528655956668284,0.2,0.2,0.0,0.40335589684065637,-0.4043194390427401,False
0,636,1.1741597870811697,-0.08738145288064512,1.8844782542335272,2.063076613883756,-0.07023368970959613,0.0,0.24678550170005498,0.2889471274600126,-0.13528655956668284,0.7265139818191528,0.9699338674545288,-0.026140931993722916,-0.28999125957489014,0.03743676468729973,0.9999955296516418,1.1740517804821322,-0.0870345322254847,1.8843082580143058,2.0628624435680845,-0.07022409764766706,0.0,0.24677707366671964,0.2889284151022286,-0.13529090347808706,-0.04677707366671964,-0.08892841510222858,0.13529090347808706,0.2,0.2,0.0,0.40333879271018847,-0.4029967101008304,False
0,637,1.1740517804821322,-0.0870345322254847,1.8843082580143058,2.0628624435680845,-0.07022409764766706,0.0,0.24677707366671964,0.2889284151022286,-0.13529090347808706,0.556739330291748,0.9999667406082153,0.2814213037490845,-0.32485702633857727,0.3095921277999878,0.9999597668647766,1.1744704511755386,-0.08647232306744355,1.884315579388769,2.0626955297802647,-0.07018604615324854,0.0,0.24677707366671964,0.2889284151022286,-0.13529090347808706,-0.04677707366671964,-0.08892841510222858,0.13529090347808706,0.2,0.2,0.0,0.40333879271018847,-0.40333879271018847,False
0,638,1.1744704511755386,-0.08647232306744355,1.884315579388769,2.0626955297802647,-0.07018604615324854,0.0,0.24677707366671964,0.2889284151022286,-0.13529090347808706,0.8794859051704407,0.9999370574951172,0.5163474678993225,-0.1859772950410843,0.18728706240653992,1.0,1.1744704511755386,-0.08647232306744355,1.884315579388769,2.0626955297802647,-0.07018604615324854,0.0,0.24624981546816155,0.2892423490433806,-0.13639248538023907,-0.04624981546816152,-0.08924234904338059,0.13639248538023907,0.2,0.2,0.0,0.4036124603706322,-0.40908581357950685,False
0,639,1.1744704511755386,-0.08647232306744355,1.884315579388769,2.0626955297802647,-0.07018604615324854,0.0,0.24624981546816155,0.2892423490433806,-0.13639248538023907,-0.0728776752948761,0.9998480081558228,0.21311572194099426,0.4416268467903137,-0.07792592793703079,0.9805684089660645,1.1744704511755386,-0.08647232306744355,1.884315579388769,2.0626955297802647,-0.07018604615324854,0.0,0.2457265383137891,0.28923602576305246,-0.13803655137900497,-0.045726538313789075,-0.08923602576305244,0.13803655137900497,0.2,0.2,0.0,0.4038478670830043,-0.4085560013304463,False
0,640,1.1744704511755386,-0.08647232306744355,1.884315579388769,2.0626955297802647,-0.07018604615324854,0.0,0.2457265383137891,0.28923602576305246,-0.13803655137900497,0.1542576104402542,0.9999980926513672,0.8830919861793518,0.46480220556259155,0.09064272046089172,0.9999999403953552,1.1744704511755386,-0.08647232306744355,1.884315579388769,2.0626955297802647,-0.07018604615324854,0.0,0.24588774938205044,0.28886255580097747,-0.139240534438824,-0.04588774938205041,-0.08886255580097747,0.139240534438824,0.2,0.2,0.0,0.4040919299749157,-0.4089731878131442,False
0,641,1.1744704511755386,-0.08647232306744355,1.884315579388769,2.0626955297802647,-0.07018604615324854,0.0,0.24588774938205044,0.28886255580097747,-0.139240534438824,0.6221912503242493,0.9996877312660217,0.933497965335846,-0.900655210018158,-0.2178349792957306,0.9999998807907104,1.1815740897003715,-0.06174511535217392,1.899616163676076,2.0690125508034813,-0.06803618945178481,0.0,0.24596262795579693,0.2888301952257718,-0.14017953231694835,-0.045962627955796934,-0.08883019522577176,0.14017953231694835,0.2,0.2,0.0,0.40443886720452277,-0.4113776117966637,False
0,642,1.1815740897003715,-0.06174511535217392,1.899616163676076,2.0690125508034813,-0.06803618945178481,0.0,0.24596262795579693,0.2888301952257718,-0.14017953231694835,0.2725614905357361,0.9983160495758057,0.8525310754776001,-0.7005091309547424,-0.0011665740748867393,1.0,1.1815740897003715,-0.06174511535217392,1.899616163676076,2.0690125508034813,-0.06803618945178481,0.0,0.24598349713093853,0.2890693687792053,-0.14051199415472182,-0.04598349713093852,-0.08906936877920527,0.14051199415472182,0.2,0.2,0.0,0.40473769447447216,-0.4107142398734601,False
0,643,1.1815740897003715,-0.06174511535217392,1.899616163676076,2.0690125508034813,-0.06803618945178481,0.0,0.24598349713093853,0.2890693687792053,-0.14051199415472182,0.910861611366272,0.9999310970306396,0.1334385722875595,-0.062648706138134,0.223828986287117,0.9999923706054688,1.1815740897003715,-0.06174511535217392,1.899616163676076,2.0690125508034813,-0.06803618945178481,0.0,0.24590784651837416,0.28967728164742845,-0.14177217461583813,-0.04590784651837414,-0.08967728164742846,0.14177217461583813,0.2,0.2,0.0,0.4055649713390588,-0.422110508630791,False
0,644,1.1815740897003715,-0.06174511535217392,1.899616163676076,2.0690125508034813,-0.06803618945178481,0.0,0.24590784651837416,0.28967728164742845,-0.14177217461583813,0.7439082264900208,0.99858558177948,-0.6677900552749634,-0.7543998956680298,-0.1547536700963974,0.9999880790710449,1.1815740897003715,-0.06174511535217392,1.899616163676076,2.0690125508034813,-0.06803618945178481,0.0,0.2455954217186519,0.2895857632152558,-0.141729426715296,-0.0455954217186519,-0.08958576321525578,0.141729426715296,0.2,0.2,0.0,0.4052952699244973,-0.3999012416332683,False
0,645,1.1815740897003715,-0.06174511535217392,1.899616163676076,2.0690125508034813,-0.06803618945178481,0.0,0.2455954217186519,0.2895857632152558,-0.141729426715296,-0.4048174023628235,0.999354362487793,0.904562771320343,0.013839024119079113,0.5011930465698242,0.9999992847442627,1.1815740897003715,-0.06174511535217392,1.899616163676076,2.0690125508034813,-0.06803618945178481,0.0,0.2450253713991594,0.28937020564007354,-0.14076594117228933,-0.04502537139915938,-0.0893702056400735,0.14076594117228933,0.2,0.2,0.0,0.404459637956119,-0.3877469985885525,False
0,646,1.1815740897003715,-0.06174511535217392,1.899616163676076,2.0690125508034813,-0.06803618945178481,0.0,0.2450253713991594,0.28937020564007354,-0.14076594117228933,0.7125892639160156,0.9156075119972229,0.8088706731796265,0.7537667155265808,0.4435577988624573,1.0,1.1815740897003715,-0.06174511535217392,1.899616163676076,2.0690125508034813,-0.06803618945178481,0.0,0.2450569485563598,0.2893579555547496,-0.14086190788271866,-0.04505694855635976,-0.08935795555474957,0.14086190788271866,0.2,0.2,0.0,0.40450341354670705,-0.405378925358468,False
0,647,1.1815740897003715,-0.06174511535217392,1.899616163676076,2.0690125508034813,-0.06803618945178481,0.0,0.2450569485563598,0.2893579555547496,-0.14086190788271866,0.7786574363708496,0.999123215675354,0.9310911893844604,-0.4712907075881958,0.48653140664100647,1.0,1.1815740897003715,-0.06174511535217392,1.899616163676076,2.0690125508034813,-0.06803618945178481,0.0,0.24514087439224375,0.28934156207305073,-0.14110633199953782,-0.045140874392243735,-0.08934156207305069,0.14110633199953782,0.2,0.2,0.0,0.40462771132366937,-0.40711366686291584,False
0,648,1.1815740897003715,-0.06174511535217392,1.899616163676076,2.0690125508034813,-0.06803618945178481,0.0,0.24514087439224375,0.28934156207305073,-0.14110633199953782,0.835098385810852,0.9532560706138611,0.8837462067604065,0.40014970302581787,-0.0679292231798172,0.9999828338623047,1.1815740897003715,-0.06174511535217392,1.899616163676076,2.0690125508034813,-0.06803618945178481,0.0,0.24514087439224375,0.28934156207305073,-0.14110633199953782,-0.045140874392243735,-0.08934156207305069,0.14110633199953782,0.2,0.2,0.0,0.40462771132366937,-0.40462771132366937,False
0,649,1.1815740897003715,-0.06174511535217392,1.899616163676076,2.0690125508034813,-0.06803618945178481,0.0,0.24514087439224375,0.28934156207305073,-0.14110633199953782,0.9729987382888794,0.8235273957252502,0.8378939628601074,-0.5537412762641907,0.03322137892246246,0.9999352097511292,1.1815740897003715,-0.06174511535217392,1.899616163676076,2.0690125508034813,-0.06803618945178481,0.0,0.24512198856230166,0.2893497103542328,-0.14119734384749671,-0.04512198856230164,-0.08934971035423278,0.14119734384749671,0.2,0.2,0.0,0.404653844746845,-0.4051765132103579,False
0,650,1.1815740897003715,-0.06174511535217392,1.899616163676076,2.0690125508034813,-0.06803618945178481,0.0,0.24512198856230166,0.2893497103542328,-0.14119734384749671,-0.4108539819717407,0.9974426031112671,-0.1851883828639984,-0.04260733723640442,-0.12089024484157562,1.0,1.1815740897003715,-0.06174511535217392,1.899616163676076,2.0690125508034813,-0.06803618945178481,0.0,0.2451887128486213,0.28921991199138275,-0.14129666259892412,-0.045188712848621276,-0.08921991199138277,0.14129666259892412,0.2,0.2,0.0,0.404636144285531,-0.4042821350592511,False
0,651,1.1815740897003715,-0.06174511535217392,1.899616163676076,2.0690125508034813,-0.06803618945178481,0.0,0.2451887128486213,0.28921991199138275,-0.14129666259892412,0.7474014163017273,0.9999494552612305,0.8437130451202393,-0.7176237106323242,0.15615159273147583,1.0,1.1907974179028926,-0.04197666929099168,1.9002702750517977,2.0585026482036173,-0.06824116699475573,0.0,0.24525201120999918,0.2891095754454931,-0.14134227224146612,-0.04525201120999915,-0.08910957544549308,0.14134227224146612,0.2,0.2,0.0,0.4046115835455079,-0.4041203687450458,False
0,652,1.1907974179028926,-0.04197666929099168,1.9002702750517977,2.0585026482036173,-0.06824116699475573,0.0,0.24525201120999918,0.2891095754454931,-0.14134227224146612,0.7230188846588135,0.9998946785926819,0.5535812377929688,0.11649974435567856,0.05843239277601242,0.9999999403953552,1.1895022939055997,-0.041093597655052445,1.8999998707033818,2.0591234391321307,-0.06845145546946338,0.0,0.24525201120999918,0.2891095754454931,-0.14134227224146612,-0.04525201120999915,-0.08910957544549308,0.14134227224146612,0.2,0.2,0.0,0.4046115835455079,-0.4046115835455079,False
0,653,1.1895022939055997,-0.041093597655052445,1.8999998707033818,2.0591234391321307,-0.06845145546946338,0.0,0.24525201120999918,0.2891095754454931,-0.14134227224146612,0.791195809841156,0.9988506436347961,0.6025314927101135,-0.30534040927886963,0.08473898470401764,0.9999436140060425,1.1899544832135536,-0.040521300351726706,1.9003354813966,2.0591100431597167,-0.06840990290376867,0.0,0.24523729770033806,0.2890993061432249,-0.14142041823213042,-0.04523729770033805,-0.0890993061432249,0.14142041823213042,0.2,0.2,0.0,0.40462263368329876,-0.4048436364391157,False
0,654,1.1899544832135536,-0.040521300351726706,1.9003354813966,2.0591100431597167,-0.06840990290376867,0.0,0.24523729770033806,0.2890993061432249,-0.14142041823213042,0.7829033136367798,0.9999739527702332,0.8011208772659302,-0.2852858304977417,0.6297768354415894,0.9999797344207764,1.1905508232354745,-0.03976778959440034,1.9008021517064335,2.058876563832516,-0.06831309225979187,0.0,0.24518487659242647,0.2891319779890827,-0.14154731248665833,-0.045184876592426454,-0.08913197798908268,0.14154731248665833,0.2,0.2,0.0,0.4046585796417994,-0.4053774988118124,False
0,655,1.1905508232354745,-0.03976778959440034,1.9008021517064335,2.058876563832516,-0.06831309225979187,0.0,0.24518487659242647,0.2891319779890827,-0.14154731248665833,0.572023868560791,0.9992716312408447,0.9330529570579529,0.49318772554397583,0.13493452966213226,1.0,1.191033808587186,-0.03913457685690239,1.9013206525508022,2.0587430466990084,-0.06793498021184582,0.0,0.24513138252617664,0.28918449064929164,-0.141703317327946,-0.04513138252617663,-0.08918449064929163,0.141703317327946,0.2,0.2,0.0,0.404718290262535,-0.40591250267724627,False
0,656,1.191033808587186,-0.03913457685690239,1.9013206525508022,2.0587430466990084,-0.06793498021184582,0.0,0.24513138252617664,0.28918449064929164,-0.141703317327946,0.14749553799629211,0.9966734051704407,0.5139755010604858,-0.7325778007507324,0.20881323516368866,0.9999997019767761,1.1912219209437995,-0.03867049821625226,1.9016802290612247,2.058758532308388,-0.06786300462198194,0.0,0.2451125064724568,0.28919385762424354,-0.14181177618312718,-0.04511250647245678,-0.0891938576242435,0.14181177618312718,0.2,0.2,0.0,0.4047515385776993,-0.4054165048809858,False
0,657,1.1912219209437995,-0.03867049821625226,1.9016802290612247,2.058758532308388,-0.06786300462198194,0.0,0.2451125064724568,0.28919385762424354,-0.14181177618312718,0.7036153078079224,0.999211847782135,0.705877423286438,0.3420151174068451,0.27549269795417786,0.9999353885650635,1.1912219209437995,-0.03867049821625226,1.9016802290612247,2.058758532308388,-0.06786300462198194,0.0,0.24500813508666042,0.2893613851807026,-0.14249338786562207,-0.04500813508666042,-0.08936138518070258,0.14249338786562207,0.2,0.2,0.0,0.40504735905540823,-0.41096376860958683,False
0,658,1.1912219209437995,-0.03867049821625226,1.9016802290612247,2.058758532308388,-0.06786300462198194,0.0,0.24500813508666042,0.2893613851807026,-0.14249338786562207,0.8901192545890808,0.9999997615814209,0.8101325035095215,0.6030993461608887,0.12264781445264816,0.9999978542327881,1.1912219209437995,-0.03867049821625226,1.9016802290612247,2.058758532308388,-0.06786300462198194,0.0,0.24481045176591446,0.2893444710875397,-0.14305583125287136,-0.044810451765914444,-0.08934447108753965,0.14305583125287136,0.2,0.2,0.0,0.4051139976577077,-0.40644676970369764,False
0,659,1.1912219209437995,-0.03867049821625226,1.9016802290612247,2.058758532308388,-0.06786300462198194,0.0,0.24481045176591446,0.2893444710875397,-0.14305583125287136,0.9396057724952698,0.999932050704956,0.6633747816085815,0.609752893447876,0.0740850642323494,1.0,1.1912219209437995,-0.03867049821625226,1.9016802290612247,2.058758532308388,-0.06786300462198194,0.0,0.24451099227589193,0.28928062234879814,-0.1437284024277179,-0.04451099227589192,-0.0892806223487981,0.1437284024277179,0.2,0.2,0.0,0.40512560703400774,-0.40535779456000803,False
0,660,1.1912219209437995,-0.03867049821625226,1.9016802290612247,2.058758532308388,-0.06786300462198194,0.0,0.24451099227589193,0.28928062234879814,-0.1437284024277179,0.709946870803833,0.9999286532402039,0.5022030472755432,0.07622230798006058,0.20846359431743622,0.9999992251396179,1.1912219209437995,-0.03867049821625226,1.9016802290612247,2.058758532308388,-0.06786300462198194,0.0,0.24395566092245924,0.2892127432073792,-0.14487712283117876,-0.04395566092245923,-0.08921274320737921,0.14487712283117876,0.2,0.2,0.0,0.40515152233391877,-0.4056698283321393,False
0,661,1.1912219209437995,-0.03867049821625226,1.9016802290612247,2.058758532308388,-0.06786300462198194,0.0,0.24395566092245924,0.2892127432073792,-0.14487712283117876,0.9552463889122009,0.9999861121177673,0.7455000281333923,0.03991042822599411,-0.16295166313648224,0.9999999403953552,1.1912219209437995,-0.03867049821625226,1.9016802290612247,2.058758532308388,-0.06786300462198194,0.0,0.24367904939190319,0.2893227117100438,-0.14545138975048538,-0.043679049391903174,-0.08932271171004381,0.14545138975048538,0.2,0.2,0.0,0.405269314658959,-0.40762516115976344,False
0,662,1.1912219209437995,-0.03867049821625226,1.9016802290612247,2.058758532308388,-0.06786300462198194,0.0,0.24367904939190319,0.2893227117100438,-0.14545138975048538,0.6630867719650269,0.999997079372406,0.9228443503379822,0.6037251949310303,-0.3154958188533783,0.9999952912330627,1.1912219209437995,-0.03867049821625226,1.9016802290612247,2.058758532308388,-0.06786300462198194,0.0,0.24289915602477846,0.2898660808725718,-0.14703767952152094,-0.04289915602477845,-0.08986608087257181,0.14703767952152094,0.2,0.2,0.0,0.40576153592602576,-0.4156059612673612,False
0,663,1.1912219209437995,-0.03867049821625226,1.9016802290612247,2.058758532308388,-0.06786300462198194,0.0,0.24289915602477846,0.2898660808725718,-0.14703767952152094,0.6259863376617432,0.9999967217445374,0.742765486240387,0.6285091638565063,-0.3593176007270813,0.9999998211860657,1.1912219209437995,-0.03867049821625226,1.9016802290612247,2.058758532308388,-0.06786300462198194,0.0,0.24283318896047318,0.2899102066133855,-0.1471709214748183,-0.042833188960473154,-0.08991020661338553,0.1471709214748183,0.2,0.2,0.0,0.40580187984665117,-0.4066087582591593,False
0,664,1.1912219209437995,-0.03867049821625226,1.9016802290612247,2.058758532308388,-0.06786300462198194,0.0,0.24283318896047318,0.2899102066133855,-0.1471709214748183,0.795619010925293,0.9987785816192627,0.9297395944595337,0.2598629891872406,0.021050501614809036,1.0,1.1912219209437995,-0.03867049821625226,1.9016802290612247,2.058758532308388,-0.06786300462198194,0.0,0.24283088815993364,0.2891877413861811,-0.14851876906313205,-0.04283088815993363,-0.08918774138618105,0.14851876906313205,0.2,0.2,0.0,0.4057760648148322,-0.40525976417845266,False
0,665,1.1912219209437995,-0.03867049821625226,1.9016802290612247,2.058758532308388,-0.06786300462198194,0.0,0.24283088815993364,0.2891877413861811,-0.14851876906313205,0.6757887005805969,0.9999958276748657,0.651199221611023,0.39508920907974243,-0.27941542863845825,0.9999994039535522,1.1912219209437995,-0.03867049821625226,1.9016802290612247,2.058758532308388,-0.06786300462198194,0.0,0.24285502516169377,0.2892531942758573,-0.14879732708590687,-0.04285502516169375,-0.08925319427585726,0.14879732708590687,0.2,0.2,0.0,0.4059391804112829,-0.4092014923402972,False
0,666,1.1912219209437995,-0.03867049821625226,1.9016802290612247,2.058758532308388,-0.06786300462198194,0.0,0.24285502516169377,0.2892531942758573,-0.14879732708590687,0.9774518609046936,0.9991036057472229,0.7142285108566284,0.1695394515991211,0.0656176432967186,0.9999998211860657,1.1912219209437995,-0.03867049821625226,1.9016802290612247,2.058758532308388,-0.06786300462198194,0.0,0.24285601625885317,0.28926630360776096,-0.14879592578795464,-0.042856016258853144,-0.08926630360776092,0.14879592578795464,0.2,0.2,0.0,0.40594860089315765,-0.40613701053065254,False
0,667,1.1912219209437995,-0.03867049821625226,1.9016802290612247,2.058758532308388,-0.06786300462198194,0.0,0.24285601625885317,0.28926630360776096,-0.14879592578795464,0.9298903346061707,0.9988150596618652,0.6374296545982361,0.5130425095558167,-0.31954771280288696,0.9999994039535522,1.2139636501036506,-0.009114299858101195,1.9261491040219045,2.069185485750932,-0.07221993534843696,0.0,0.2428376042938324,0.2892832244844113,-0.14876657238161242,-0.04283760429383239,-0.08928322448441128,0.14876657238161242,0.2,0.2,0.0,0.40593888589963856,-0.40574458602925667,False
0,668,1.2139636501036506,-0.009114299858101195,1.9261491040219045,2.069185485750932,-0.07221993534843696,0.0,0.2428376042938324,0.2892832244844113,-0.14876657238161242,0.8192024827003479,0.9916530847549438,0.6164551973342896,0.7003706693649292,-0.3204489052295685,0.9999993443489075,1.2141878967432194,-0.009099606794348255,1.9260277393022993,2.06907975703989,-0.07206288294480927,0.0,0.2428164340022077,0.2893000859232423,-0.14873452478028415,-0.04281643400220771,-0.08930008592324228,0.14873452478028415,0.2,0.2,0.0,0.40592649482185916,-0.4056786732662713,False
0,669,1.2141878967432194,-0.009099606794348255,1.9260277393022993,2.06907975703989,-0.07206288294480927,0.0,0.2428164340022077,0.2893000859232423,-0.14873452478028415,0.3941566050052643,0.9996225833892822,0.6697230339050293,0.5507485866546631,-0.06472399085760117,0.9999998211860657,1.2144497193244865,-0.008686657481506519,1.9262945164882772,2.069343858794599,-0.07215090085594417,0.0,0.24277967263012382,0.2892776234126275,-0.1488314730852866,-0.042779672630123805,-0.08927762341262749,0.1488314730852866,0.2,0.2,0.0,0.40592403258538956,-0.4058747878559975,False
0,670,1.2144497193244865,-0.008686657481506519,1.9262945164882772,2.069343858794599,-0.07215090085594417,0.0,0.24277967263012382,0.2892776234126275,-0.1488314730852866,0.6623444557189941,0.9999985694885254,0.5332807898521423,-0.06243287771940231,-0.4408424198627472,1.0,1.2144497193244865,-0.008686657481506519,1.9262945164882772,2.069343858794599,-0.07215090085594417,0.0,0.24240144724916168,0.2893149445954134,-0.14981700752490856,-0.042401447249161686,-0.08931494459541336,0.14981700752490856,0.2,0.2,0.0,0.40608710215722654,-0.4093484935939662,False
0,671,1.2144497193244865,-0.008686657481506519,1.9262945164882772,2.069343858794599,-0.07215090085594417,0.0,0.24240144724916168,0.2893149445954134,-0.14981700752490856,0.18675442039966583,0.9999505877494812,0.8902100324630737,0.6486443877220154,-0.8596086502075195,0.9999985098838806,1.2144497193244865,-0.008686657481506519,1.9262945164882772,2.069343858794599,-0.07215090085594417,0.0,0.24205931616512735,0.28935597987981454,-0.1506754962126712,-0.04205931616512734,-0.08935597987981456,0.1506754962126712,0.2,0.2,0.0,0.40622986201591754,-0.40908505918973753,False
0,672,1.2144497193244865,-0.008686657481506519,1.9262945164882772,2.069343858794599,-0.07215090085594417,0.0,0.24205931616512735,0.28935597987981454,-0.1506754962126712,0.9176818132400513,0.9999905228614807,0.6990264058113098,0.5540252923965454,-0.783852756023407,1.0,1.2218892637777685,0.002635471017804438,1.9323623999191781,2.068770809512819,-0.0770593016143441,0.0,0.24201137723736554,0.28935790121679583,-0.15080582208914126,-0.042011377237365546,-0.08935790121679583,0.15080582208914126,0.2,0.2,0.0,0.4062510279185729,-0.4066743459716806,False
0,673,1.2218892637777685,0.002635471017804438,1.9323623999191781,2.068770809512819,-0.0770593016143441,0.0,0.24201137723736554,0.28935790121679583,-0.15080582208914126,-0.6282423734664917,0.9999997019767761,0.8732725381851196,0.47390344738960266,-0.5553594827651978,1.0,1.2224252611896134,0.004092196611227226,1.9335093648775983,2.0694711203784424,-0.0781627523697031,0.0,0.24199334759705096,0.28931169279545155,-0.150990336794463,-0.04199334759705095,-0.08931169279545156,0.150990336794463,0.2,0.2,0.0,0.4062759132347157,-0.40677361955757074,False
0,674,1.2224252611896134,0.004092196611227226,1.9335093648775983,2.0694711203784424,-0.0781627523697031,0.0,0.24199334759705096,0.28931169279545155,-0.150990336794463,0.6462575197219849,0.9999579191207886,0.7617518901824951,0.6716380715370178,-0.6725727319717407,1.0,1.2223894570509528,0.004610358487185543,1.9339364499226075,2.06976360684282,-0.07847539995582377,0.0,0.241994989383873,0.2892843614386122,-0.15110875010936312,-0.041994989383873,-0.0892843614386122,0.15110875010936312,0.2,0.2,0.0,0.4063014533809353,-0.4068122563053281,False
0,675,1.2223894570509528,0.004610358487185543,1.9339364499226075,2.06976360684282,-0.07847539995582377,0.0,0.241994989383873,0.2892843614386122,-0.15110875010936312,0.12952013313770294,0.9993424415588379,0.7982569932937622,0.8001285195350647,-0.7743427753448486,0.9999998807907104,1.2229281990579048,0.005427379845755152,1.9345579084775968,2.070313977913463,-0.07902596598720436,0.0,0.241994989383873,0.2892843614386122,-0.15110875010936312,-0.041994989383873,-0.0892843614386122,0.15110875010936312,0.2,0.2,0.0,0.4063014533809353,-0.4063014533809353,False
0,676,1.2229281990579048,0.005427379845755152,1.9345579084775968,2.070313977913463,-0.07902596598720436,0.0,0.241994989383873,0.2892843614386122,-0.15110875010936312,0.9915794730186462,0.9998760223388672,0.43917661905288696,0.733598530292511,-0.3520931601524353,1.0,1.2229281990579048,0.005427379845755152,1.9345579084775968,2.070313977913463,-0.07902596598720436,0.0,0.24178657437266893,0.28907865322961157,-0.15194354600995785,-0.041786574372668916,-0.08907865322961156,0.15194354600995785,0.2,0.2,0.0,0.4063422897927268,-0.40715901802855636,False
0,677,1.2229281990579048,0.005427379845755152,1.9345579084775968,2.070313977913463,-0.07902596598720436,0.0,0.24178657437266893,0.28907865322961157,-0.15194354600995785,0.8589301109313965,0.9999929666519165,0.838600754737854,0.49043428897857666,-0.8673563003540039,1.0,1.2253102671647957,0.009355953103111625,1.9369053644962506,2.0733183878451107,-0.08114343523456576,0.0,0.2416148610745747,0.28899756926963405,-0.15222423586901887,-0.04161486107457467,-0.08899756926963404,0.15222423586901887,0.2,0.2,0.0,0.4062875264166372,-0.40519225889484484,False
0,678,1.2253102671647957,0.009355953103111625,1.9369053644962506,2.0733183878451107,-0.08114343523456576,0.0,0.2416148610745747,0.28899756926963405,-0.15222423586901887,0.687487006187439,0.9994436502456665,0.5581856966018677,0.16904225945472717,-0.7288745641708374,0.9999999403953552,1.2253102671647957,0.009355953103111625,1.9369053644962506,2.0733183878451107,-0.08114343523456576,0.0,0.24087762539791535,0.2888328887308258,-0.15403258962892663,-0.04087762539791534,-0.08883288873082579,0.15403258962892663,0.2,0.2,0.0,0.40641420582667304,-0.4089477940273902,False
0,679,1.2253102671647957,0.009355953103111625,1.9369053644962506,2.0733183878451107,-0.08114343523456576,0.0,0.24087762539791535,0.2888328887308258,-0.15403258962892663,0.06331854313611984,0.9990272521972656,0.8046490550041199,0.6973022222518921,-0.12796750664710999,1.0,1.2339735095273616,0.01937823544901684,1.9448394692243574,2.077419151282322,-0.08967962560527362,0.0,0.24066356352451523,0.28878659005238766,-0.15457624521857188,-0.04066356352451524,-0.08878659005238763,0.15457624521857188,0.2,0.2,0.0,0.4064608972438508,-0.4073947255874064,False
0,680,1.2339735095273616,0.01937823544901684,1.9448394692243574,2.077419151282322,-0.08967962560527362,0.0,0.24066356352451523,0.28878659005238766,-0.15457624521857188,0.4433801472187042,1.0,0.6985260844230652,0.5105965733528137,-0.5455368757247925,1.0,1.2339735095273616,0.01937823544901684,1.9448394692243574,2.077419151282322,-0.08967962560527362,0.0,0.24022616542312186,0.28842481159332134,-0.15618699980591771,-0.040226165423121865,-0.08842481159332133,0.15618699980591771,0.2,0.2,0.0,0.4065610180586842,-0.4085634343553523,False
0,681,1.2339735095273616,0.01937823544901684,1.9448394692243574,2.077419151282322,-0.08967962560527362,0.0,0.24022616542312186,0.28842481159332134,-0.15618699980591771,0.09812217205762863,1.0,0.8631815314292908,0.20639410614967346,-0.22189781069755554,0.9999991655349731,1.2365891982776116,0.025388630421630816,1.949045267764773,2.080509322040152,-0.09290879734893857,0.0,0.24022616542312186,0.28842481159332134,-0.15618699980591771,-0.040226165423121865,-0.08842481159332133,0.15618699980591771,0.2,0.2,0.0,0.4065610180586842,-0.4065610180586842,False
0,682,1.2365891982776116,0.025388630421630816,1.949045267764773,2.080509322040152,-0.09290879734893857,0.0,0.24022616542312186,0.28842481159332134,-0.15618699980591771,0.438308984041214,0.9999633431434631,0.9067215919494629,0.2742895781993866,0.38850417733192444,0.9999997615814209,1.2365891982776116,0.025388630421630816,1.949045267764773,2.080509322040152,-0.09290879734893857,0.0,0.24014642727243785,0.2883169457777877,-0.15701388790559212,-0.04014642727243785,-0.08831694577778772,0.15701388790559212,0.2,0.2,0.0,0.4067558589001244,-0.4106526757289278,False
0,683,1.2365891982776116,0.025388630421630816,1.949045267764773,2.080509322040152,-0.09290879734893857,0.0,0.24014642727243785,0.2883169457777877,-0.15701388790559212,0.23283779621124268,0.9921284317970276,0.3570502698421478,0.40710243582725525,-0.36099299788475037,0.9999999403953552,1.2374474835724165,0.02978793245874923,1.9526421577630144,2.0817813454384844,-0.0942855559261137,0.0,0.2401404096840065,0.2883006751055184,-0.15719880400713554,-0.04014040968400648,-0.08830067510551834,0.15719880400713554,0.2,0.2,0.0,0.40681219206259533,-0.40793885531201424,False
0,684,1.2374474835724165,0.02978793245874923,1.9526421577630144,2.0817813454384844,-0.0942855559261137,0.0,0.2401404096840065,0.2883006751055184,-0.15719880400713554,0.4063248932361603,0.8743994235992432,0.42039453983306885,0.6121244430541992,-0.37272387742996216,0.9999996423721313,1.2375548187889602,0.031089441052443503,1.953678591137206,2.082057441445925,-0.09448167109941541,0.0,0.2401404096840065,0.2883006751055184,-0.15719880400713554,-0.04014040968400648,-0.08830067510551834,0.15719880400713554,0.2,0.2,0.0,0.40681219206259533,-0.40681219206259533,False
0,685,1.2375548187889602,0.031089441052443503,1.953678591137206,2.082057441445925,-0.09448167109941541,0.0,0.2401404096840065,0.2883006751055184,-0.15719880400713554,-0.7448691129684448,0.999970018863678,-0.3817133605480194,0.7109097242355347,-0.541160523891449,0.9999995231628418,1.2378418175034156,0.031681353997497844,1.9539535401118118,2.082487045523758,-0.09474252695822592,0.0,0.24011005046479963,0.2882642061871947,-0.15728419654049886,-0.040110050464799624,-0.08826420618719474,0.15728419654049886,0.2,0.2,0.0,0.40680143483563624,-0.40658629029645443,False
0,686,1.2378418175034156,0.031681353997497844,1.9539535401118118,2.082487045523758,-0.09474252695822592,0.0,0.24011005046479963,0.2882642061871947,-0.15728419654049886,-0.31318023800849915,0.9999655485153198,-0.027855340391397476,0.6250724792480469,-0.08777434378862381,0.9999995827674866,1.2374898217230426,0.03220357272405871,1.9537864736645694,2.082844834727095,-0.0949700071166118,0.0,0.24008420758151067,0.28816052827594085,-0.15741224110483215,-0.040084207581510656,-0.08816052827594086,0.15741224110483215,0.2,0.2,0.0,0.40676225296351803,-0.40597861552115383,False
0,687,1.2374898217230426,0.03220357272405871,1.9537864736645694,2.082844834727095,-0.0949700071166118,0.0,0.24008420758151067,0.28816052827594085,-0.15741224110483215,-0.9021064043045044,0.9987696409225464,0.43556857109069824,0.5666121244430542,-0.5007593035697937,0.9999997615814209,1.237115768772768,0.03284468739001735,1.9539093601229476,2.0832269114355864,-0.09514624937362452,0.0,0.24009320812707818,0.28807043508396984,-0.15753193182758735,-0.04009320812707816,-0.08807043508396983,0.15753193182758735,0.2,0.2,0.0,0.4067500875274052,-0.4065067788051488,False
0,688,1.237115768772768,0.03284468739001735,1.9539093601229476,2.0832269114355864,-0.09514624937362452,0.0,0.24009320812707818,0.28807043508396984,-0.15753193182758735,0.047186724841594696,0.9995706081390381,-0.23566874861717224,0.3906632959842682,-0.19452252984046936,0.999995231628418,1.2367512118116142,0.03330692657108098,1.9540737496178129,2.083478196908988,-0.09536247893201484,0.0,0.24009320812707818,0.28807043508396984,-0.15753193182758735,-0.04009320812707816,-0.08807043508396983,0.15753193182758735,0.2,0.2,0.0,0.4067500875274052,-0.4067500875274052,False
0,689,1.2367512118116142,0.03330692657108098,1.9540737496178129,2.083478196908988,-0.09536247893201484,0.0,0.24009320812707818,0.28807043508396984,-0.15753193182758735,-0.7750311493873596,0.9999703168869019,0.18447047472000122,0.3582225441932678,-0.3232496380805969,0.9999999403953552,1.2366953216737369,0.034006135522176205,1.9539524123003187,2.0837457710339704,-0.09551052816415743,0.0,0.2400964857933247,0.2879831934228081,-0.1576456159107997,-0.0400964857933247,-0.08798319342280805,0.1576456159107997,0.2,0.2,0.0,0.4067342896784067,-0.40641833269843625,False
0,690,1.2366953216737369,0.034006135522176205,1.9539524123003187,2.0837457710339704,-0.09551052816415743,0.0,0.2400964857933247,0.2879831934228081,-0.1576456159107997,0.8953716158866882,0.9618387818336487,0.2515450119972229,0.17280472815036774,-0.08468969911336899,1.0,1.2366953216737369,0.034006135522176205,1.9539524123003187,2.0837457710339704,-0.09551052816415743,0.0,0.23946318262778712,0.287704408787365,-0.15860126149583725,-0.03946318262778711,-0.08770440878736496,0.15860126149583725,0.2,0.2,0.0,0.40653511880031606,-0.40255170123850353,False
0,691,1.2366953216737369,0.034006135522176205,1.9539524123003187,2.0837457710339704,-0.09551052816415743,0.0,0.23946318262778712,0.287704408787365,-0.15860126149583725,0.3983724117279053,0.9978552460670471,0.04264654964208603,0.31231001019477844,-0.2110721319913864,0.9998845458030701,1.2366953216737369,0.034006135522176205,1.9539524123003187,2.0837457710339704,-0.09551052816415743,0.0,0.23869083755670892,0.28726547583742146,-0.15974933120355833,-0.03869083755670891,-0.08726547583742147,0.15974933120355833,0.2,0.2,0.0,0.40621991379252637,-0.3999158136367324,False
0,692,1.2366953216737369,0.034006135522176205,1.9539524123003187,2.0837457710339704,-0.09551052816415743,0.0,0.23869083755670892,0.28726547583742146,-0.15974933120355833,0.9503393769264221,-0.4402346611022949,-0.07933827489614487,0.2951677441596985,-0.3639088273048401,1.0,1.2366953216737369,0.034006135522176205,1.9539524123003187,2.0837457710339704,-0.09551052816415743,0.0,0.23866618894435188,0.2871903872209244,-0.1598233080250925,-0.03866618894435185,-0.08719038722092434,0.1598233080250925,0.2,0.2,0.0,0.40618143488521136,-0.40541185673891117,False
0,693,1.2366953216737369,0.034006135522176205,1.9539524123003187,2.0837457710339704,-0.09551052816415743,0.0,0.23866618894435188,0.2871903872209244,-0.1598233080250925,-0.981580376625061,0.9999425411224365,0.5810585618019104,0.23191635310649872,-0.5703758001327515,0.9979912638664246,1.2366953216737369,0.034006135522176205,1.9539524123003187,2.0837457710339704,-0.09551052816415743,0.0,0.23866618894435188,0.2871903872209244,-0.1598233080250925,-0.03866618894435185,-0.08719038722092434,0.1598233080250925,0.2,0.2,0.0,0.40618143488521136,-0.40618143488521136,False
0,694,1.2366953216737369,0.034006135522176205,1.9539524123003187,2.0837457710339704,-0.09551052816415743,0.0,0.23866618894435188,0.2871903872209244,-0.1598233080250925,-0.6403535604476929,0.9999954700469971,-0.3459959030151367,-0.04337035119533539,0.19964486360549927,0.9999997615814209,1.2366953216737369,0.034006135522176205,1.9539524123003187,2.0837457710339704,-0.09551052816415743,0.0,0.23863342323665407,0.28723300100310073,-0.15973258833157364,-0.03863342323665406,-0.08723300100310072,0.15973258833157364,0.2,0.2,0.0,0.4061566290558303,-0.40566051246820867,False
0,695,1.2366953216737369,0.034006135522176205,1.9539524123003187,2.0837457710339704,-0.09551052816415743,0.0,0.23863342323665407,0.28723300100310073,-0.15973258833157364,-0.8663927316665649,0.9975669384002686,-0.6439250707626343,0.09052307158708572,0.08334916830062866,0.9999969005584717,1.2366953216737369,0.034006135522176205,1.9539524123003187,2.0837457710339704,-0.09551052816415743,0.0,0.23863342323665407,0.28723300100310073,-0.15973258833157364,-0.03863342323665406,-0.08723300100310072,0.15973258833157364,0.2,0.2,0.0,0.4061566290558303,-0.4061566290558303,False
0,696,1.2366953216737369,0.034006135522176205,1.9539524123003187,2.0837457710339704,-0.09551052816415743,0.0,0.23863342323665407,0.28723300100310073,-0.15973258833157364,-0.9925878643989563,0.9885345101356506,0.10257838666439056,0.7150102853775024,0.42286285758018494,0.9999999403953552,1.2366953216737369,0.034006135522176205,1.9539524123003187,2.0837457710339704,-0.09551052816415743,0.0,0.23867517344647604,0.2872021570038,-0.15974170465004317,-0.038675173446476044,-0.08720215700379998,0.15974170465004317,0.2,0.2,0.0,0.40616293480799354,-0.40628904985125874,False
0,697,1.2366953216737369,0.034006135522176205,1.9539524123003187,2.0837457710339704,-0.09551052816415743,0.0,0.23867517344647604,0.2872021570038,-0.15974170465004317,-0.9957351684570312,0.9999994039535522,-0.21303045749664307,0.5567535161972046,0.8566344976425171,0.9999997615814209,1.2366953216737369,0.034006135522176205,1.9539524123003187,2.0837457710339704,-0.09551052816415743,0.0,0.23867517344647604,0.2872021570038,-0.15974170465004317,-0.038675173446476044,-0.08720215700379998,0.15974170465004317,0.2,0.2,0.0,0.40616293480799354,-0.40616293480799354,False
0,698,1.2366953216737369,0.034006135522176205,1.9539524123003187,2.0837457710339704,-0.09551052816415743,0.0,0.23867517344647604,0.2872021570038,-0.15974170465004317,-0.999906063079834,0.9999714493751526,0.16669949889183044,0.10799993574619293,0.010307706892490387,0.9999924898147583,1.2366953216737369,0.034006135522176205,1.9539524123003187,2.0837457710339704,-0.09551052816415743,0.0,0.23885800665141754,0.28696371680022736,-0.15980114703652024,-0.03885800665141752,-0.08696371680022733,0.15980114703652024,0.2,0.2,0.0,0.406125262321217,-0.40537181258568594,False
0,699,1.2366953216737369,0.034006135522176205,1.9539524123003187,2.0837457710339704,-0.09551052816415743,0.0,0.23885800665141754,0.28696371680022736,-0.15980114703652024,0.3310714364051819,0.9998605847358704,-0.5759541988372803,0.5792186260223389,0.2591820955276489,0.9999783635139465,1.2366953216737369,0.034006135522176205,1.9539524123003187,2.0837457710339704,-0.09551052816415743,0.0,0.23885800665141754,0.28696371680022736,-0.15980114703652024,-0.03885800665141752,-0.08696371680022733,0.15980114703652024,0.2,0.2,0.0,0.406125262321217,-0.406125262321217,False
0,700,1.2366953216737369,0.034006135522176205,1.9539524123003187,2.0837457710339704,-0.09551052816415743,0.0,0.23885800665141754,0.28696371680022736,-0.15980114703652024,0.9745090007781982,0.9999396204948425,0.4313696324825287,0.3676767647266388,0.46286317706108093,0.9999999403953552,1.2366953216737369,0.034006135522176205,1.9539524123003187,2.0837457710339704,-0.09551052816415743,0.0,0.23845674244178805,0.28680016873897934,-0.16057034023929953,-0.038456742441788025,-0.08680016873897932,0.16057034023929953,0.2,0.2,0.0,0.4060773189544335,-0.40511845161876375,False
0,701,1.2366953216737369,0.034006135522176205,1.9539524123003187,2.0837457710339704,-0.09551052816415743,0.0,0.23845674244178805,0.28680016873897934,-0.16057034023929953,-0.9992190003395081,0.5312252044677734,0.24103257060050964,-0.25628748536109924,0.8538278341293335,0.9975696802139282,1.2366953216737369,0.034006135522176205,1.9539524123003187,2.0837457710339704,-0.09551052816415743,0.0,0.23802457660489462,0.2867290921615526,-0.16120304515844566,-0.038024576604894625,-0.08672909216155264,0.16120304515844566,0.2,0.2,0.0,0.40602425189646413,-0.40496291073707674,False
0,702,1.2366953216737369,0.034006135522176205,1.9539524123003187,2.0837457710339704,-0.09551052816415743,0.0,0.23802457660489462,0.2867290921615526,-0.16120304515844566,0.8479647040367126,0.9999998211860657,-0.40239468216896057,-0.4271409511566162,0.2999981641769409,1.0,1.2515633799447057,0.056479267001075986,1.961056443880243,2.0903593237135625,-0.088057366831061,0.0,0.23824663936652363,0.2867531743176508,-0.16119868694317233,-0.0382466393665236,-0.08675317431765078,0.16119868694317233,0.2,0.2,0.0,0.40616974385457894,-0.4090795830168751,False
0,703,1.2515633799447057,0.056479267001075986,1.961056443880243,2.0903593237135625,-0.088057366831061,0.0,0.23824663936652363,0.2867531743176508,-0.16119868694317233,0.9962189793586731,1.0,-0.5373430252075195,0.7803406715393066,-0.024217339232563972,0.9999982714653015,1.2518500855431907,0.05673305557130668,1.960772154752736,2.0903103794239524,-0.08804834462121924,0.0,0.23824663936652363,0.2867531743176508,-0.16119868694317233,-0.0382466393665236,-0.08675317431765078,0.16119868694317233,0.2,0.2,0.0,0.40616974385457894,-0.40616974385457894,False
0,704,1.2518500855431907,0.05673305557130668,1.960772154752736,2.0903103794239524,-0.08804834462121924,0.0,0.23824663936652363,0.2867531743176508,-0.16119868694317233,-0.9792317152023315,0.9739848375320435,-0.4883114695549011,-0.5256139039993286,0.8661444783210754,0.9999991655349731,1.2518500855431907,0.05673305557130668,1.960772154752736,2.0903103794239524,-0.08804834462121924,0.0,0.23784901677227827,0.28638139381316374,-0.16136744123000293,-0.03784901677227827,-0.08638139381316372,0.16136744123000293,0.2,0.2,0.0,0.4057411842431433,-0.39716999201443093,False
0,705,1.2518500855431907,0.05673305557130668,1.960772154752736,2.0903103794239524,-0.08804834462121924,0.0,0.23784901677227827,0.28638139381316374,-0.16136744123000293,-0.9992131590843201,0.900091290473938,-0.4476900100708008,-0.8472210168838501,-0.6501464247703552,1.0,1.2518500855431907,0.05673305557130668,1.960772154752736,2.0903103794239524,-0.08804834462121924,0.0,0.23802913742888582,0.28630132496593297,-0.161315737030831,-0.03802913742888579,-0.08630132496593297,0.161315737030831,0.2,0.2,0.0,0.4057697449985501,-0.4063409601066862,False
0,706,1.2518500855431907,0.05673305557130668,1.960772154752736,2.0903103794239524,-0.08804834462121924,0.0,0.23802913742888582,0.28630132496593297,-0.161315737030831,0.9373303651809692,0.9633623957633972,-0.4404887557029724,-0.6175004243850708,0.7157068252563477,0.9926636815071106,1.2520358020257045,0.06140403166188762,1.9583563555036323,2.0908544642205382,-0.08701241275451559,0.0,0.23816266312863815,0.28629300326555307,-0.16125381064494712,-0.038162663128638155,-0.08629300326555304,0.16125381064494712,0.2,0.2,0.0,0.4058176059202602,-0.4067748243544624,False
0,707,1.2520358020257045,0.06140403166188762,1.9583563555036323,2.0908544642205382,-0.08701241275451559,0.0,0.23816266312863815,0.28629300326555307,-0.16125381064494712,-0.9985751509666443,0.6378266215324402,-0.39285045862197876,0.2648980915546417,0.8729619979858398,1.0,1.251199646727802,0.06255847527218775,1.9578006739649418,2.0896208738058775,-0.08756499933655072,0.0,0.23816266312863815,0.28629300326555307,-0.16125381064494712,-0.038162663128638155,-0.08629300326555304,0.16125381064494712,0.2,0.2,0.0,0.4058176059202602,-0.4058176059202602,False
0,708,1.251199646727802,0.06255847527218775,1.9578006739649418,2.0896208738058775,-0.08756499933655072,0.0,0.23816266312863815,0.28629300326555307,-0.16125381064494712,-0.9999998211860657,0.8831853866577148,-0.2921050786972046,0.25817012786865234,-0.11218664795160294,0.9981220960617065,1.2511918109171167,0.06289782319907727,1.9576367716287493,2.0895521901565552,-0.08724885464169091,0.0,0.2381145989185191,0.2862980925712518,-0.16124473858729554,-0.03811459891851911,-0.08629809257125184,0.16124473858729554,0.2,0.2,0.0,0.405789385950581,-0.40522498655699657,False
0,709,1.2511918109171167,0.06289782319907727,1.9576367716287493,2.0895521901565552,-0.08724885464169091,0.0,0.2381145989185191,0.2862980925712518,-0.16124473858729554,0.1358703076839447,0.9947229623794556,-0.5097911357879639,-0.23929578065872192,0.17285479605197906,1.0,1.2509318712463253,0.06339134524035717,1.9574309698647046,2.089571028862765,-0.0872445367158995,0.0,0.2381396247420714,0.28624029148748653,-0.16126794841622452,-0.038139624742071374,-0.08624029148748655,0.16126794841622452,0.2,0.2,0.0,0.40577251820387483,-0.4054351632697514,False
0,710,1.2509318712463253,0.06339134524035717,1.9574309698647046,2.089571028862765,-0.0872445367158995,0.0,0.2381396247420714,0.28624029148748653,-0.16126794841622452,0.9996048808097839,0.9950230717658997,-0.47710832953453064,0.3926757276058197,0.2798578143119812,0.9999986290931702,1.2509318712463253,0.06339134524035717,1.9574309698647046,2.089571028862765,-0.0872445367158995,0.0,0.2379372159828382,0.28607399258476096,-0.16134332691694958,-0.037937215982838196,-0.08607399258476095,0.16134332691694958,0.2,0.2,0.0,0.40556641518212444,-0.4014443547471166,False
0,711,1.2509318712463253,0.06339134524035717,1.9574309698647046,2.089571028862765,-0.0872445367158995,0.0,0.2379372159828382,0.28607399258476096,-0.16134332691694958,-0.9999999403953552,0.9998684525489807,-0.3637927174568176,0.10058528929948807,0.42305856943130493,0.9999398589134216,1.2509318712463253,0.06339134524035717,1.9574309698647046,2.089571028862765,-0.0872445367158995,0.0,0.23777188405590297,0.28586058565788725,-0.16145158594337247,-0.037771884055902955,-0.08586058565788723,0.16145158594337247,0.2,0.2,0.0,0.40536200843664943,-0.4012738735271493,False
0,712,1.2509318712463253,0.06339134524035717,1.9574309698647046,2.089571028862765,-0.0872445367158995,0.0,0.23777188405590297,0.28586058565788725,-0.16145158594337247,-0.46780914068222046,0.9490970373153687,-0.3346836566925049,0.26903367042541504,0.27784889936447144,1.0,1.2509318712463253,0.06339134524035717,1.9574309698647046,2.089571028862765,-0.0872445367158995,0.0,0.23787363671088563,0.2857121729155999,-0.16151101117160713,-0.0378736367108856,-0.08571217291559993,0.16151101117160713,0.2,0.2,0.0,0.4053407449589679,-0.4049154754053368,False
0,713,1.2509318712463253,0.06339134524035717,1.9574309698647046,2.089571028862765,-0.0872445367158995,0.0,0.23787363671088563,0.2857121729155999,-0.16151101117160713,-0.8886309862136841,0.9017320871353149,-0.2338329553604126,-0.7192223072052002,0.23709915578365326,0.9999992847442627,1.2506464408268991,0.0696408434603845,1.9547858475250095,2.0909082390977667,-0.08507538846679408,0.0,0.23787363671088563,0.2857121729155999,-0.16151101117160713,-0.0378736367108856,-0.08571217291559993,0.16151101117160713,0.2,0.2,0.0,0.4053407449589679,-0.4053407449589679,False
0,714,1.2506464408268991,0.0696408434603845,1.9547858475250095,2.0909082390977667,-0.08507538846679408,0.0,0.23787363671088563,0.2857121729155999,-0.16151101117160713,-0.9993636012077332,0.9996072053909302,-0.26080647110939026,0.04500238224864006,0.24302077293395996,1.0,1.2506213443168073,0.06968337136967849,1.9547717249246457,2.090921570910687,-0.08506390614204291,0.0,0.23795181926708864,0.28559346085717086,-0.16155910341788257,-0.03795181926708863,-0.08559346085717082,0.16155910341788257,0.2,0.2,0.0,0.405322139876523,-0.4049500382276252,False
0,715,1.2506213443168073,0.06968337136967849,1.9547717249246457,2.090921570910687,-0.08506390614204291,0.0,0.23795181926708864,0.28559346085717086,-0.16155910341788257,-0.7524681091308594,0.9999495148658752,-0.31140223145484924,-0.6755614280700684,0.3839215040206909,0.999981164932251,1.2505688482829844,0.06972455101976231,1.9547631264179708,2.090875609833086,-0.0850541333131311,0.0,0.23801426459497527,0.28558750858259185,-0.16155543163936112,-0.03801426459497524,-0.08558750858259184,0.16155543163936112,0.2,0.2,0.0,0.4053531456659479,-0.4059732614544456,False
0,716,1.2505688482829844,0.06972455101976231,1.9547631264179708,2.090875609833086,-0.0850541333131311,0.0,0.23801426459497527,0.28558750858259185,-0.16155543163936112,-0.9999738931655884,0.9999995231628418,-0.43638601899147034,-0.7609285116195679,0.0017162843141704798,1.0,1.2495473799058656,0.07069808043516615,1.9544853583043236,2.0900567244334485,-0.08482211642443402,0.0,0.23801426459497527,0.28558750858259185,-0.16155543163936112,-0.03801426459497524,-0.08558750858259184,0.16155543163936112,0.2,0.2,0.0,0.4053531456659479,-0.4053531456659479,False
0,717,1.2495473799058656,0.07069808043516615,1.9544853583043236,2.0900567244334485,-0.08482211642443402,0.0,0.23801426459497527,0.28558750858259185,-0.16155543163936112,0.9999924898147583,1.0,-0.29374316334724426,-0.8273379802703857,0.5133481621742249,0.9998746514320374,1.2496769577868798,0.07116332392861908,1.9543238485456793,2.0896833332012643,-0.08467064663585323,0.0,0.23806048663398183,0.2855660283072491,-0.16154770280060807,-0.03806048663398183,-0.08556602830724906,0.16154770280060807,0.2,0.2,0.0,0.4053620753101336,-0.4055406681938475,False
0,718,1.2496769577868798,0.07116332392861908,1.9543238485456793,2.0896833332012643,-0.08467064663585323,0.0,0.23806048663398183,0.2855660283072491,-0.16154770280060807,0.29961085319519043,0.9985095262527466,-0.2566092312335968,-0.47162583470344543,0.648269534111023,1.0,1.2502540487618963,0.07197852833983417,1.9540979947785626,2.0891354228983485,-0.08420193825102672,0.0,0.2379948852581982,0.285590076519752,-0.16154254085002698,-0.03799488525819819,-0.08559007651975196,0.16154254085002698,0.2,0.2,0.0,0.4053384384929504,-0.40486570214928747,False
0,719,1.2502540487618963,0.07197852833983417,1.9540979947785626,2.0891354228983485,-0.08420193825102672,0.0,0.2379948852581982,0.285590076519752,-0.16154254085002698,-0.9999767541885376,0.9999992251396179,-0.2940259277820587,-0.3876037001609802,0.5271580815315247,1.0,1.249962738313978,0.07256108908552435,1.9539351842858583,2.088892019771772,-0.08386683120080167,0.0,0.23797927361501003,0.2855740791824538,-0.16155723218809606,-0.03797927361501001,-0.0855740791824538,0.16155723218809606,0.2,0.2,0.0,0.4053238564944242,-0.4050322165238998,False
0,720,1.249962738313978,0.07256108908552435,1.9539351842858583,2.088892019771772,-0.08386683120080167,0.0,0.23797927361501003,0.2855740791824538,-0.16155723218809606,-1.0,0.9650124311447144,-0.30270636081695557,-0.05594839155673981,0.21440589427947998,1.0,1.249962738313978,0.07256108908552435,1.9539351842858583,2.088892019771772,-0.08386683120080167,0.0,0.2383985126698276,0.28513357088445346,-0.16172602346826245,-0.038398512669827585,-0.08513357088445346,0.16172602346826245,0.2,0.2,0.0,0.4053274117986132,-0.4053985178823931,False
0,721,1.249962738313978,0.07256108908552435,1.9539351842858583,2.088892019771772,-0.08386683120080167,0.0,0.2383985126698276,0.28513357088445346,-0.16172602346826245,-0.9999997615814209,0.9983809590339661,-0.11831291764974594,-0.4021005630493164,0.48006582260131836,1.0,1.249962738313978,0.07256108908552435,1.9539351842858583,2.088892019771772,-0.08386683120080167,0.0,0.23847093804850253,0.28501629199110806,-0.16177743339718326,-0.03847093804850252,-0.08501629199110806,0.16177743339718326,0.2,0.2,0.0,0.40530804698484996,-0.40492075070958505,False
0,722,1.249962738313978,0.07256108908552435,1.9539351842858583,2.088892019771772,-0.08386683120080167,0.0,0.23847093804850253,0.28501629199110806,-0.16177743339718326,-0.9999237060546875,0.9869788289070129,-0.17765387892723083,0.6263769268989563,0.06512698531150818,1.0,1.2437672453637918,0.07863446508177149,1.9521023456358955,2.087311961446203,-0.081382835376239,0.0,0.23847093804850253,0.28501629199110806,-0.16177743339718326,-0.03847093804850252,-0.08501629199110806,0.16177743339718326,0.2,0.2,0.0,0.40530804698484996,-0.40530804698484996,False
0,723,1.2437672453637918,0.07863446508177149,1.9521023456358955,2.087311961446203,-0.081382835376239,0.0,0.23847093804850253,0.28501629199110806,-0.16177743339718326,-0.9985397458076477,0.9999496340751648,-0.18327555060386658,0.1394793689250946,0.3296774923801422,0.9999983310699463,1.2425931095087837,0.07978230851463293,1.9518464121832821,2.087193617131617,-0.08106336545617449,0.0,0.23850071984593652,0.28499035561744857,-0.16180165757214965,-0.03850071984593652,-0.08499035561744855,0.16180165757214965,0.2,0.2,0.0,0.4053170025487271,-0.40549611382627,False
0,724,1.2425931095087837,0.07978230851463293,1.9518464121832821,2.087193617131617,-0.08106336545617449,0.0,0.23850071984593652,0.28499035561744857,-0.16180165757214965,-0.9999977946281433,0.9991737604141235,-0.2022753357887268,0.2006378173828125,0.33946970105171204,0.9999807476997375,1.2420236366587958,0.08035314424527562,1.9517426729645146,2.087279013125376,-0.08087451415289246,0.0,0.23850071984593652,0.28499035561744857,-0.16180165757214965,-0.03850071984593652,-0.08499035561744855,0.16180165757214965,0.2,0.2,0.0,0.4053170025487271,-0.4053170025487271,False
0,725,1.2420236366587958,0.08035314424527562,1.9517426729645146,2.087279013125376,-0.08087451415289246,0.0,0.23850071984593652,0.28499035561744857,-0.16180165757214965,-0.999999463558197,0.9997795224189758,-0.2439679056406021,0.12653899192810059,0.36364060640335083,1.0,1.2420236366587958,0.08035314424527562,1.9517426729645146,2.087279013125376,-0.08087451415289246,0.0,0.23900095350051476,0.2839082999406124,-0.16249265517380918,-0.03900095350051473,-0.08390829994061236,0.16249265517380918,0.2,0.2,0.0,0.4051286728124268,-0.4013620780864211,False
0,726,1.2420236366587958,0.08035314424527562,1.9517426729645146,2.087279013125376,-0.08087451415289246,0.0,0.23900095350051476,0.2839082999406124,-0.16249265517380918,-0.9999550580978394,0.9996501803398132,-0.14539504051208496,-0.8465377688407898,-0.04494396969676018,1.0,1.2420236366587958,0.08035314424527562,1.9517426729645146,2.087279013125376,-0.08087451415289246,0.0,0.2393237736271673,0.28325392177799213,-0.16284584773000313,-0.0393237736271673,-0.08325392177799214,0.16284584773000313,0.2,0.2,0.0,0.4050029912836002,-0.4024893607070674,False
0,727,1.2420236366587958,0.08035314424527562,1.9517426729645146,2.087279013125376,-0.08087451415289246,0.0,0.2393237736271673,0.28325392177799213,-0.16284584773000313,-0.9999967813491821,0.9999985694885254,-0.12146922200918198,-0.2637777626514435,0.08483778685331345,0.9984681010246277,1.2420236366587958,0.08035314424527562,1.9517426729645146,2.087279013125376,-0.08087451415289246,0.0,0.2396120079412153,0.28336593991537795,-0.16278668070942257,-0.03961200794121528,-0.08336593991537797,0.16278668070942257,0.2,0.2,0.0,0.4052279280480778,-0.4097266633376298,False
0,728,1.2420236366587958,0.08035314424527562,1.9517426729645146,2.087279013125376,-0.08087451415289246,0.0,0.2396120079412153,0.28336593991537795,-0.16278668070942257,-0.9951052069664001,-0.7980585098266602,-0.1261279135942459,-0.10200321674346924,0.3573167026042938,0.9568608999252319,1.2420236366587958,0.08035314424527562,1.9517426729645146,2.087279013125376,-0.08087451415289246,0.0,0.24028974085063162,0.2838313831113776,-0.1625373894319068,-0.04028974085063161,-0.08383138311137762,0.1625373894319068,0.2,0.2,0.0,0.405854427794401,-0.41838442272086557,False
0,729,1.2420236366587958,0.08035314424527562,1.9517426729645146,2.087279013125376,-0.08087451415289246,0.0,0.24028974085063162,0.2838313831113776,-0.1625373894319068,0.8819761872291565,0.9999951124191284,-0.21951858699321747,-0.4830784797668457,0.46277114748954773,0.9973902702331543,1.2420236366587958,0.08035314424527562,1.9517426729645146,2.087279013125376,-0.08087451415289246,0.0,0.24045773961484823,0.28394515477398025,-0.1624755568911353,-0.04045773961484822,-0.08394515477398025,0.1624755568911353,0.2,0.2,0.0,0.40600872163955576,-0.4090945985426508,False
0,730,1.2420236366587958,0.08035314424527562,1.9517426729645146,2.087279013125376,-0.08087451415289246,0.0,0.24045773961484823,0.28394515477398025,-0.1624755568911353,-0.9982362985610962,0.9834327101707458,-0.19167818129062653,-0.8746466636657715,0.31733059883117676,1.0,1.2420236366587958,0.08035314424527562,1.9517426729645146,2.087279013125376,-0.08087451415289246,0.0,0.24000590802324978,0.28446520716926427,-0.16211685795998002,-0.040005908023249756,-0.08446520716926423,0.16211685795998002,0.2,0.2,0.0,0.40596202483820254,-0.40502808881113816,False
0,731,1.2420236366587958,0.08035314424527562,1.9517426729645146,2.087279013125376,-0.08087451415289246,0.0,0.24000590802324978,0.28446520716926427,-0.16211685795998002,-0.9998229742050171,0.9944387674331665,-0.08262526988983154,-0.4254225194454193,0.06094766780734062,1.0,1.2241492020845144,0.10704695313894527,1.9463142716798172,2.0670517187341377,-0.07232129276021394,0.0,0.24006553499031305,0.2844669177453099,-0.16210657116723318,-0.04006553499031305,-0.08446691774530991,0.16210657116723318,0.2,0.2,0.0,0.40599437040099384,-0.4066412816568199,False
0,732,1.2241492020845144,0.10704695313894527,1.9463142716798172,2.0670517187341377,-0.07232129276021394,0.0,0.24006553499031305,0.2844669177453099,-0.16210657116723318,0.9980125427246094,0.9568294286727905,-0.1526917815208435,-0.7639575004577637,-0.15408864617347717,0.999886691570282,1.2237184145705169,0.10736113467811356,1.9462770317225546,2.0666374363815163,-0.07231518944954118,0.0,0.2401222512109522,0.2844685039503707,-0.16209678557561777,-0.04012225121095219,-0.08446850395037073,0.16209678557561777,0.2,0.2,0.0,0.4060251139527277,-0.40663998498740533,False
0,733,1.2237184145705169,0.10736113467811356,1.9462770317225546,2.0666374363815163,-0.07231518944954118,0.0,0.2401222512109522,0.2844685039503707,-0.16209678557561777,-0.9988741874694824,-0.3854948878288269,-0.16371780633926392,-0.8647541403770447,0.32581549882888794,0.9999939203262329,1.2243765449982562,0.10800909020992445,1.9461597713860328,2.0660534828877704,-0.07240497930175512,0.0,0.24007394990919861,0.28448799336934116,-0.16210642789279137,-0.04007394990919859,-0.08448799336934115,0.16210642789279137,0.2,0.2,0.0,0.40601405611195224,-0.4057928992964425,False
0,734,1.2243765449982562,0.10800909020992445,1.9461597713860328,2.0660534828877704,-0.07240497930175512,0.0,0.24007394990919861,0.28448799336934116,-0.16210642789279137,-0.97110915184021,0.9998219013214111,-0.1402050405740738,0.1614859402179718,-0.11780600994825363,0.999987781047821,1.2236651921781283,0.10797235062942274,1.9460516153660237,2.0656432405186993,-0.07225370152772863,0.0,0.24012141852501068,0.2845384871472949,-0.16204166653327653,-0.040121418525010666,-0.08453848714729492,0.16204166653327653,0.2,0.2,0.0,0.40605165680663863,-0.40680367070036644,False
0,735,1.2236651921781283,0.10797235062942274,1.9460516153660237,2.0656432405186993,-0.07225370152772863,0.0,0.24012141852501068,0.2845384871472949,-0.16204166653327653,-0.9596067070960999,0.7306047677993774,-0.11819326877593994,-0.4270586669445038,-0.4559347331523895,0.9999812841415405,1.223104730152374,0.10851572061821242,1.945974439364908,2.0656398052277036,-0.07238646816387148,0.0,0.2401553780922286,0.2844705415236045,-0.16209188349224235,-0.04015537809222858,-0.08447054152360453,0.16209188349224235,0.2,0.2,0.0,0.40604417655646374,-0.40589457155296604,False
0,736,1.223104730152374,0.10851572061821242,1.945974439364908,2.0656398052277036,-0.07238646816387148,0.0,0.2401553780922286,0.2844705415236045,-0.16209188349224235,0.8917714357376099,0.8929862976074219,-0.17818938195705414,-0.11910552531480789,-0.005110219120979309,0.9909055829048157,1.2228790012243653,0.10896759864301976,1.945895103670556,2.065442582977945,-0.07257292853680328,0.0,0.24017931335477893,0.2844481174701275,-0.16210945812187724,-0.04017931335477894,-0.0844481174701275,0.16210945812187724,0.2,0.2,0.0,0.40604964044860475,-0.406158918291425,False
0,737,1.2228790012243653,0.10896759864301976,1.945895103670556,2.065442582977945,-0.07257292853680328,0.0,0.24017931335477893,0.2844481174701275,-0.16210945812187724,0.9999728202819824,0.9994946718215942,-0.17895202338695526,-0.18638557195663452,-0.07274556159973145,0.9999542832374573,1.2237462987359344,0.1098169747514759,1.9457289923419967,2.065323564163473,-0.07258472232214828,0.0,0.24008899891990862,0.2844259991022239,-0.16215348779388775,-0.04008899891990861,-0.08442599910222384,0.16215348779388775,0.2,0.2,0.0,0.40599831276913534,-0.40497175917974704,False
0,738,1.2237462987359344,0.1098169747514759,1.9457289923419967,2.065323564163473,-0.07258472232214828,0.0,0.24008899891990862,0.2844259991022239,-0.16215348779388775,-0.9999998807907104,-0.3769286572933197,-0.15666775405406952,0.2011428028345108,0.06561394780874252,0.9999995231628418,1.2239050292019735,0.11012458016954757,1.9456206136830971,2.0652968226210375,-0.07259878983735302,0.0,0.24008899891990862,0.2844259991022239,-0.16215348779388775,-0.04008899891990861,-0.08442599910222384,0.16215348779388775,0.2,0.2,0.0,0.40599831276913534,-0.40599831276913534,False
0,739,1.2239050292019735,0.11012458016954757,1.9456206136830971,2.0652968226210375,-0.07259878983735302,0.0,0.24008899891990862,0.2844259991022239,-0.16215348779388775,0.9997817277908325,0.9996469020843506,-0.16219519078731537,-0.3284006416797638,0.01287652924656868,0.9999968409538269,1.2232511192723787,0.10990878095929114,1.9455026349986722,2.065420573647255,-0.07255107719714285,0.0,0.24008332867623217,0.28440450977338727,-0.16215593043305784,-0.040083328676232155,-0.08440450977338726,0.16215593043305784,0.2,0.2,0.0,0.405980880907354,-0.4056322436717275,False
0,740,1.2232511192723787,0.10990878095929114,1.9455026349986722,2.065420573647255,-0.07255107719714285,0.0,0.24008332867623217,0.28440450977338727,-0.16215593043305784,-0.9975146055221558,0.9998378753662109,-0.15700757503509521,-0.7983110547065735,-0.11315735429525375,1.0,1.2232511192723787,0.10990878095929114,1.9455026349986722,2.065420573647255,-0.07255107719714285,0.0,0.24116624886965718,0.28411031660424824,-0.16233354589446958,-0.04116624886965717,-0.0841103166042482,0.16233354589446958,0.2,0.2,0.0,0.4064874065915197,-0.4166179202748338,False
0,741,1.2232511192723787,0.10990878095929114,1.9455026349986722,2.065420573647255,-0.07255107719714285,0.0,0.24116624886965718,0.28411031660424824,-0.16233354589446958,-0.826866090297699,0.9998592138290405,0.017612826079130173,-0.5272132754325867,-0.5018037557601929,1.0,1.2232511192723787,0.10990878095929114,1.9455026349986722,2.065420573647255,-0.07255107719714285,0.0,0.24168425272608995,0.28398637604679816,-0.1623950456028204,-0.04168425272608996,-0.08398637604679816,0.1623950456028204,0.2,0.2,0.0,0.4067329475617928,-0.41164376696725424,False
0,742,1.2232511192723787,0.10990878095929114,1.9455026349986722,2.065420573647255,-0.07255107719714285,0.0,0.24168425272608995,0.28398637604679816,-0.1623950456028204,0.9949238896369934,0.8884465098381042,0.035643596202135086,-0.4707919955253601,-0.6486706733703613,0.9999969005584717,1.2232511192723787,0.10990878095929114,1.9455026349986722,2.065420573647255,-0.07255107719714285,0.0,0.24173124420838948,0.2838938715403111,-0.16263015776428233,-0.04173124420838949,-0.08389387154031105,0.16263015776428233,0.2,0.2,0.0,0.4067902321087836,-0.40793592304860027,False
0,743,1.2232511192723787,0.10990878095929114,1.9455026349986722,2.065420573647255,-0.07255107719714285,0.0,0.24173124420838948,0.2838938715403111,-0.16263015776428233,-1.0,0.12815944850444794,-0.034518051892519,-0.12342454493045807,-0.5152655839920044,1.0,1.2232511192723787,0.10990878095929114,1.9455026349986722,2.065420573647255,-0.07255107719714285,0.0,0.24157493148659615,0.2839364282687631,-0.16265868565998856,-0.04157493148659615,-0.08393642826876307,0.16265868565998856,0.2,0.2,0.0,0.4067384796664941,-0.40570343082070415,False
0,744,1.2232511192723787,0.10990878095929114,1.9455026349986722,2.065420573647255,-0.07255107719714285,0.0,0.24157493148659615,0.2839364282687631,-0.16265868565998856,-0.9992263913154602,0.9999539256095886,-0.0004763416654895991,-0.04680338501930237,-0.44986802339553833,0.9999999403953552,1.2232511192723787,0.10990878095929114,1.9455026349986722,2.065420573647255,-0.07255107719714285,0.0,0.24184111664814126,0.28361471481544964,-0.1627854884498305,-0.041841116648141254,-0.0836147148154496,0.1627854884498305,0.2,0.2,0.0,0.40672293691322425,-0.40641208184782684,False
0,745,1.2232511192723787,0.10990878095929114,1.9455026349986722,2.065420573647255,-0.07255107719714285,0.0,0.24184111664814126,0.28361471481544964,-0.1627854884498305,1.0,0.9644985198974609,0.026682795956730843,-0.046274129301309586,-0.3536181151866913,0.9999990463256836,1.2232511192723787,0.10990878095929114,1.9455026349986722,2.065420573647255,-0.07255107719714285,0.0,0.2412929098995006,0.2835334109395736,-0.16310731467551326,-0.04129290989950061,-0.08353341093957362,0.16310731467551326,0.2,0.2,0.0,0.40646950634390094,-0.40140089495743475,False
0,746,1.2232511192723787,0.10990878095929114,1.9455026349986722,2.065420573647255,-0.07255107719714285,0.0,0.2412929098995006,0.2835334109395736,-0.16310731467551326,0.9997230768203735,0.9999999403953552,0.04468045011162758,-0.10858892649412155,-0.6801340579986572,0.9999790191650391,1.2232511192723787,0.10990878095929114,1.9455026349986722,2.065420573647255,-0.07255107719714285,0.0,0.2399303087165232,0.28358111211332965,-0.16362347289314647,-0.039930308716523207,-0.08358111211332964,0.16362347289314647,0.2,0.2,0.0,0.40590324101915376,-0.3945779345242101,False
0,747,1.2232511192723787,0.10990878095929114,1.9455026349986722,2.065420573647255,-0.07255107719714285,0.0,0.2399303087165232,0.28358111211332965,-0.16362347289314647,-0.9998651742935181,0.03410875424742699,0.029445376247167587,0.33802464604377747,-0.3518573045730591,0.999975860118866,1.2232511192723787,0.10990878095929114,1.9455026349986722,2.065420573647255,-0.07255107719714285,0.0,0.23987213897850695,0.2835002492071634,-0.16367858953692446,-0.03987213897850693,-0.08350024920716338,0.16367858953692446,0.2,0.2,0.0,0.4058345907281006,-0.4044615849070369,False
0,748,1.2232511192723787,0.10990878095929114,1.9455026349986722,2.065420573647255,-0.07255107719714285,0.0,0.23987213897850695,0.2835002492071634,-0.16367858953692446,0.9587609171867371,0.9816309809684753,-0.018599683418869972,-0.017049284651875496,-0.5293846130371094,0.9996773600578308,1.2232511192723787,0.10990878095929114,1.9455026349986722,2.065420573647255,-0.07255107719714285,0.0,0.24017618803581608,0.283241276360674,-0.16361497242421202,-0.04017618803581609,-0.08324127636067397,0.16361497242421202,0.2,0.2,0.0,0.4058079362644539,-0.40527484699152005,False
0,749,1.2232511192723787,0.10990878095929114,1.9455026349986722,2.065420573647255,-0.07255107719714285,0.0,0.24017618803581608,0.283241276360674,-0.16361497242421202,0.9999181628227234,1.0,0.0038238391280174255,0.26748666167259216,-0.7746589183807373,0.9826582074165344,1.2232511192723787,0.10990878095929114,1.9455026349986722,2.065420573647255,-0.07255107719714285,0.0,0.23948965046660461,0.28328450746765044,-0.1638362083526955,-0.039489650466604596,-0.08328450746765043,0.1638362083526955,0.2,0.2,0.0,0.4055215259627947,-0.3997933199296116,False
0,750,1.2232511192723787,0.10990878095929114,1.9455026349986722,2.065420573647255,-0.07255107719714285,0.0,0.23948965046660461,0.28328450746765044,-0.1638362083526955,-0.9999994039535522,0.9999152421951294,0.050294071435928345,-0.5185245871543884,-0.46651485562324524,1.0,1.2232511192723787,0.10990878095929114,1.9455026349986722,2.065420573647255,-0.07255107719714285,0.0,0.24146079139239035,0.2832198808759698,-0.16397386558129784,-0.04146079139239034,-0.08321988087596975,0.16397386558129784,0.2,0.2,0.0,0.40669920493764367,-0.43025278443462245,False
0,751,1.2232511192723787,0.10990878095929114,1.9455026349986722,2.065420573647255,-0.07255107719714285,0.0,0.24146079139239035,0.2832198808759698,-0.16397386558129784,-0.9188041090965271,0.9996293783187866,0.04639161750674248,-0.13302373886108398,-0.43639710545539856,0.9990265965461731,1.2047902977439848,0.13697272334142083,1.946477934517685,2.054968762896884,-0.08633075031013675,0.0,0.24146079139239035,0.2832198808759698,-0.16397386558129784,-0.04146079139239034,-0.08321988087596975,0.16397386558129784,0.2,0.2,0.0,0.40669920493764367,-0.40669920493764367,False
0,752,1.2047902977439848,0.13697272334142083,1.946477934517685,2.054968762896884,-0.08633075031013675,0.0,0.24146079139239035,0.2832198808759698,-0.16397386558129784,-0.9990305304527283,0.9912487268447876,0.10168115049600601,-0.2635752260684967,-0.7570287585258484,0.9999998807907104,1.204173708275295,0.13713273386292169,1.9465063450893498,2.054759435391392,-0.08633712039654767,0.0,0.2414947360930954,0.2832127258159309,-0.16397837147961777,-0.04149473609309538,-0.08321272581593087,0.16397837147961777,0.2,0.2,0.0,0.4067161933558473,-0.40705596171992,False
0,753,1.204173708275295,0.13713273386292169,1.9465063450893498,2.054759435391392,-0.08633712039654767,0.0,0.2414947360930954,0.2832127258159309,-0.16397837147961777,-0.8139055967330933,0.9976201057434082,0.11759574711322784,0.13443392515182495,-0.4972124397754669,0.9999955296516418,1.2032261820883554,0.1381198067621832,1.9466099992430468,2.054572599802792,-0.08704687791604632,0.0,0.24155191487033276,0.283161537213423,-0.1640481991058049,-0.041551914870332746,-0.08316153721342302,0.1640481991058049,0.2,0.2,0.0,0.40674266479489346,-0.4072720935758167,False
0,754,1.2032261820883554,0.1381198067621832,1.9466099992430468,2.054572599802792,-0.08704687791604632,0.0,0.24155191487033276,0.283161537213423,-0.1640481991058049,-1.0,0.9221382737159729,0.12767401337623596,-0.0804729014635086,-0.667161226272583,1.0,1.194366522600442,0.14637178828859154,1.947745980650842,2.053928547854698,-0.09294128514215079,0.0,0.24158490568639943,0.2830925864151198,-0.16413157354286592,-0.041584905686399415,-0.0830925864151198,0.16413157354286592,0.2,0.2,0.0,0.40674789805525213,-0.4068525632624256,False
0,755,1.194366522600442,0.14637178828859154,1.947745980650842,2.053928547854698,-0.09294128514215079,0.0,0.24158490568639943,0.2830925864151198,-0.16413157354286592,0.9472220540046692,0.5735993385314941,0.17091214656829834,0.28597453236579895,-0.7221529483795166,0.9999765753746033,1.194366522600442,0.14637178828859154,1.947745980650842,2.053928547854698,-0.09294128514215079,0.0,0.24227859517341221,0.28230179941211275,-0.16512109869945923,-0.04227859517341222,-0.08230179941211276,0.16512109869945923,0.2,0.2,0.0,0.40701130311851963,-0.41227940438386956,False
0,756,1.194366522600442,0.14637178828859154,1.947745980650842,2.053928547854698,-0.09294128514215079,0.0,0.24227859517341221,0.28230179941211275,-0.16512109869945923,-0.9777706265449524,0.9975778460502625,0.16219285130500793,0.11500091105699539,-0.5537667274475098,0.9996888637542725,1.194366522600442,0.14637178828859154,1.947745980650842,2.053928547854698,-0.09294128514215079,0.0,0.2419141069647724,0.28220939714742077,-0.16544834308312054,-0.041914106964772394,-0.08220939714742073,0.16544834308312054,0.2,0.2,0.0,0.40686328565726343,-0.4039029364321394,False
0,757,1.194366522600442,0.14637178828859154,1.947745980650842,2.053928547854698,-0.09294128514215079,0.0,0.2419141069647724,0.28220939714742077,-0.16544834308312054,-0.9979666471481323,-0.864294707775116,0.13377578556537628,-0.39785733819007874,-0.6204357147216797,1.0,1.194366522600442,0.14637178828859154,1.947745980650842,2.053928547854698,-0.09294128514215079,0.0,0.24001753899691441,0.28178860174438936,-0.16698415462255609,-0.04001753899691442,-0.08178860174438937,0.16698415462255609,0.2,0.2,0.0,0.4060750460126836,-0.3903102531210876,False
0,758,1.194366522600442,0.14637178828859154,1.947745980650842,2.053928547854698,-0.09294128514215079,0.0,0.24001753899691441,0.28178860174438936,-0.16698415462255609,-0.9998428821563721,0.9993913173675537,0.17288921773433685,-0.06166662648320198,-0.6758755445480347,0.9999984502792358,1.194366522600442,0.14637178828859154,1.947745980650842,2.053928547854698,-0.09294128514215079,0.0,0.23982876965189748,0.2817247953737431,-0.1671632163137981,-0.03982876965189747,-0.08172479537374311,0.1671632163137981,0.2,0.2,0.0,0.4059929063044008,-0.4043501121387448,False
0,759,1.194366522600442,0.14637178828859154,1.947745980650842,2.053928547854698,-0.09294128514215079,0.0,0.23982876965189748,0.2817247953737431,-0.1671632163137981,-0.9997145533561707,0.9998599290847778,0.10011716932058334,0.17180345952510834,-0.6395567655563354,0.9999999403953552,1.194366522600442,0.14637178828859154,1.947745980650842,2.053928547854698,-0.09294128514215079,0.0,0.24204051355626385,0.28046450228649056,-0.16788828385650192,-0.04204051355626384,-0.08046450228649056,0.16788828385650192,0.2,0.2,0.0,0.4067313893734662,-0.42150105075477373,False
0,760,1.194366522600442,0.14637178828859154,1.947745980650842,2.053928547854698,-0.09294128514215079,0.0,0.24204051355626385,0.28046450228649056,-0.16788828385650192,-0.9998969435691833,0.9999824166297913,0.08776756376028061,-0.17097190022468567,-0.691307008266449,0.9999999403953552,1.194366522600442,0.14637178828859154,1.947745980650842,2.053928547854698,-0.09294128514215079,0.0,0.24387441439032687,0.28028315588571406,-0.16757146531922004,-0.04387441439032684,-0.08028315588571408,0.16757146531922004,0.2,0.2,0.0,0.40757032946070904,-0.4243491312055657,False
0,761,1.194366522600442,0.14637178828859154,1.947745980650842,2.053928547854698,-0.09294128514215079,0.0,0.24387441439032687,0.28028315588571406,-0.16757146531922004,-1.0,0.999994158744812,-0.08899512141942978,-0.253782719373703,-0.5380587577819824,0.9995484948158264,1.1658303281806048,0.17498593486454603,1.9507394789575152,2.0497931561334255,-0.11328914749044572,0.0,0.24392907022801275,0.28025788271269925,-0.16757393223368758,-0.04392907022801275,-0.08025788271269926,0.16757393223368758,0.2,0.2,0.0,0.4075866716284628,-0.40791351498353795,False
0,762,1.1658303281806048,0.17498593486454603,1.9507394789575152,2.0497931561334255,-0.11328914749044572,0.0,0.24392907022801275,0.28025788271269925,-0.16757393223368758,0.9676699638366699,-0.21175022423267365,0.009569253772497177,0.4956403374671936,-0.719372570514679,0.9999959468841553,1.1660186562855432,0.17501826762406683,1.9507071006885564,2.0498678956989895,-0.11352205478270187,0.0,0.2439216055457446,0.28025631593591716,-0.16757382770480522,-0.04392160554574458,-0.08025631593591714,0.16757382770480522,0.2,0.2,0.0,0.40758108396443793,-0.40746933068394064,False
0,763,1.1660186562855432,0.17501826762406683,1.9507071006885564,2.0498678956989895,-0.11352205478270187,0.0,0.2439216055457446,0.28025631593591716,-0.16757382770480522,-0.9367263317108154,0.9999999403953552,-0.039033304899930954,-0.05599876120686531,-0.6884570121765137,0.9943743944168091,1.1661328447875445,0.17522981666993984,1.9506998875434605,2.0500533948687005,-0.11401947660265147,0.0,0.2438828991155454,0.2802289923961485,-0.16760452183928226,-0.04388289911554537,-0.08022899239614853,0.16760452183928226,0.2,0.2,0.0,0.40755175426114704,-0.4069651601953292,False
0,764,1.1661328447875445,0.17522981666993984,1.9506998875434605,2.0500533948687005,-0.11401947660265147,0.0,0.2438828991155454,0.2802289923961485,-0.16760452183928226,-0.9999999403953552,0.90008544921875,-0.006142754573374987,0.5428930521011353,-0.6772432327270508,0.9998851418495178,1.1652733782050317,0.17606202215764613,1.9506811803345174,2.0502857549199085,-0.11461386303065149,0.0,0.2438828991155454,0.2802289923961485,-0.16760452183928226,-0.04388289911554537,-0.08022899239614853,0.16760452183928226,0.2,0.2,0.0,0.40755175426114704,-0.40755175426114704,False
0,765,1.1652733782050317,0.17606202215764613,1.9506811803345174,2.0502857549199085,-0.11461386303065149,0.0,0.2438828991155454,0.2802289923961485,-0.16760452183928226,-0.4152548313140869,0.9936704635620117,0.00681840255856514,-0.21119996905326843,-0.8287354707717896,0.9993459582328796,1.164125125017594,0.1770932386903618,1.9506746560002595,2.0509183635282997,-0.11539102441748121,0.0,0.24391948203808558,0.28012526763233025,-0.167687666704231,-0.04391948203808557,-0.08012526763233023,0.167687666704231,0.2,0.2,0.0,0.4075365417340166,-0.40723229119140786,False
0,766,1.164125125017594,0.1770932386903618,1.9506746560002595,2.0509183635282997,-0.11539102441748121,0.0,0.24391948203808558,0.28012526763233025,-0.167687666704231,0.977390468120575,0.9982878565788269,0.00010310974903404713,-0.4788421392440796,-0.4608299434185028,1.0,1.164266837278764,0.17778134992136155,1.9506776001311186,2.050677498014333,-0.11585435459553632,0.0,0.2439589052172288,0.27995575104213977,-0.16782228586353498,-0.04395890521722878,-0.07995575104213978,0.16782228586353498,0.2,0.2,0.0,0.4074990670036183,-0.40674957239565274,False
0,767,1.164266837278764,0.17778134992136155,1.9506776001311186,2.050677498014333,-0.11585435459553632,0.0,0.2439589052172288,0.27995575104213977,-0.16782228586353498,-0.9999999403953552,0.9997439384460449,-0.02522505261003971,-0.1315372884273529,-0.5549405813217163,0.9999986886978149,1.1653595759458966,0.17887665171506356,1.9506776033016284,2.0501487062944537,-0.11635420983184522,0.0,0.24391668866594862,0.27994881059857446,-0.16787199695379632,-0.04391668866594861,-0.07994881059857448,0.16787199695379632,0.2,0.2,0.0,0.4074895028421876,-0.4072982196135732,False
0,768,1.1653595759458966,0.17887665171506356,1.9506776033016284,2.0501487062944537,-0.11635420983184522,0.0,0.24391668866594862,0.27994881059857446,-0.16787199695379632,0.9996352195739746,0.999945878982544,-0.002272039419040084,0.5132091045379639,-0.44396212697029114,0.9999242424964905,1.165989581921243,0.17950752521285374,1.9506767922213328,2.050200314903247,-0.11663777041730736,0.0,0.24380923921662234,0.27996042402383803,-0.16794327942874823,-0.04380923921662232,-0.07996042402383802,0.16794327942874823,0.2,0.2,0.0,0.40746254950888183,-0.40692348284276647,False
0,769,1.165989581921243,0.17950752521285374,1.9506767922213328,2.050200314903247,-0.11663777041730736,0.0,0.24380923921662234,0.27996042402383803,-0.16794327942874823,-0.9999996423721313,-0.4124543070793152,-0.004736271686851978,-0.13546988368034363,-0.6414767503738403,0.9999954104423523,1.1661487415193188,0.179842372485217,1.9506743239692268,2.050399060924045,-0.11703172988996939,0.0,0.24372372939293652,0.27989945407374395,-0.168026733211684,-0.043723729392936506,-0.07989945407374391,0.168026733211684,0.2,0.2,0.0,0.40740390736193444,-0.4062310644229865,False
0,770,1.1661487415193188,0.179842372485217,1.9506743239692268,2.050399060924045,-0.11703172988996939,0.0,0.24372372939293652,0.27989945407374395,-0.168026733211684,0.8585578203201294,0.9990729689598083,0.020022913813591003,0.12955841422080994,-0.5709924697875977,0.9999874234199524,1.1661487415193188,0.179842372485217,1.9506743239692268,2.050399060924045,-0.11703172988996939,0.0,0.24339938428625466,0.27971216720790454,-0.16837691181139958,-0.043399384286254644,-0.07971216720790453,0.16837691181139958,0.2,0.2,0.0,0.4072259092766746,-0.4036659475714784,False
0,771,1.1661487415193188,0.179842372485217,1.9506743239692268,2.050399060924045,-0.11703172988996939,0.0,0.24339938428625466,0.27971216720790454,-0.16837691181139958,-0.9999818801879883,0.9965399503707886,-0.1482572704553604,-0.3056875467300415,-0.3793991804122925,1.0,1.1715577297518092,0.18657601317449793,1.95081154965582,2.0512203233850244,-0.1213923477505164,0.0,0.24314328960203996,0.2795899754495158,-0.16861842651257464,-0.04314328960203995,-0.07958997544951577,0.16861842651257464,0.2,0.2,0.0,0.4070889183089351,-0.40434909895414506,False
0,772,1.1715577297518092,0.18657601317449793,1.95081154965582,2.0512203233850244,-0.1213923477505164,0.0,0.24314328960203996,0.2795899754495158,-0.16861842651257464,-0.9572136402130127,0.968690812587738,-0.13574457168579102,-0.582173228263855,-0.3102063536643982,0.9999954700469971,1.1713180606892417,0.18717019653641456,1.9507565774397335,2.051051959191388,-0.12163209756184261,0.0,0.24308701835920105,0.27954478674067806,-0.1686898937507049,-0.04308701835920105,-0.07954478674067805,0.1686898937507049,0.2,0.2,0.0,0.4070538865338124,-0.4063532510313583,False
0,773,1.1713180606892417,0.18717019653641456,1.9507565774397335,2.051051959191388,-0.12163209756184261,0.0,0.24308701835920105,0.27954478674067806,-0.1686898937507049,0.9999923706054688,0.9999496340751648,-0.11751667410135269,-0.020459746941924095,-0.4862089157104492,0.9999998807907104,1.1711717177165688,0.18791416805219224,1.9506589763062356,2.0507766572046138,-0.12191845487681237,0.0,0.24312477187392548,0.2795116124365549,-0.16871682263453638,-0.043124771873925466,-0.07951161243655491,0.16871682263453638,0.2,0.2,0.0,0.4070648135438935,-0.40728335374551544,False
0,774,1.1711717177165688,0.18791416805219224,1.9506589763062356,2.0507766572046138,-0.12191845487681237,0.0,0.24312477187392548,0.2795116124365549,-0.16871682263453638,-0.9999985694885254,0.9974924325942993,-0.1497175544500351,-0.1942192018032074,-0.03979199007153511,0.9999701380729675,1.1717588466416444,0.18895301743485138,1.9505294798018906,2.0507134570451853,-0.12231756293211572,0.0,0.24302363019463116,0.27946841649086657,-0.16878858512471773,-0.04302363019463115,-0.07946841649086656,0.16878858512471773,0.2,0.2,0.0,0.40700450503316715,-0.40579833481863997,False
0,775,1.1717588466416444,0.18895301743485138,1.9505294798018906,2.0507134570451853,-0.12231756293211572,0.0,0.24302363019463116,0.27946841649086657,-0.16878858512471773,0.9999975562095642,0.9986734390258789,-0.12576702237129211,-0.8118499517440796,-0.3001823425292969,1.0,1.1715172834770096,0.18964294874440804,1.950431236286636,2.050429349277995,-0.12240060184433219,0.0,0.2430414865313412,0.2794302566904793,-0.1688217014821469,-0.04304148653134118,-0.07943025669047929,0.1688217014821469,0.2,0.2,0.0,0.40700270198218386,-0.40696664096251794,False
0,776,1.1715172834770096,0.18964294874440804,1.950431236286636,2.050429349277995,-0.12240060184433219,0.0,0.2430414865313412,0.2794302566904793,-0.1688217014821469,-0.9988353848457336,0.9999797344207764,-0.10839265584945679,0.415666401386261,-0.3376406133174896,1.0,1.1719871464055838,0.19068360090397982,1.9503057336124086,2.04994291192951,-0.12272787436860454,0.0,0.2431802382016417,0.27866152790109855,-0.16936306506865748,-0.043180238201641685,-0.07866152790109857,0.16936306506865748,0.2,0.2,0.0,0.40678338608334563,-0.40239706810658116,False
0,777,1.1719871464055838,0.19068360090397982,1.9503057336124086,2.04994291192951,-0.12272787436860454,0.0,0.2431802382016417,0.27866152790109855,-0.16936306506865748,0.5450078845024109,0.9998380541801453,-0.08585256338119507,0.12974846363067627,-0.5493429899215698,0.9999996423721313,1.1719871464055838,0.19068360090397982,1.9503057336124086,2.04994291192951,-0.12272787436860454,0.0,0.24353771958836445,0.27663111545528596,-0.1707101974262394,-0.04353771958836444,-0.07663111545528593,0.1707101974262394,0.2,0.2,0.0,0.4061740592475623,-0.39398752253189523,False
0,778,1.1719871464055838,0.19068360090397982,1.9503057336124086,2.04994291192951,-0.12272787436860454,0.0,0.24353771958836445,0.27663111545528596,-0.1707101974262394,-0.9973947405815125,0.9929857850074768,-0.12335614860057831,-0.726595401763916,-0.44764965772628784,1.0,1.1719871464055838,0.19068360090397982,1.9503057336124086,2.04994291192951,-0.12272787436860454,0.0,0.2418450302239103,0.27715146157347725,-0.17101741623296796,-0.041845030223910284,-0.07715146157347721,0.17101741623296796,0.2,0.2,0.0,0.40564628428141547,-0.39509078495847927,False
0,779,1.1719871464055838,0.19068360090397982,1.9503057336124086,2.04994291192951,-0.12272787436860454,0.0,0.2418450302239103,0.27715146157347725,-0.17101741623296796,-0.999658465385437,0.9951980113983154,-0.06832051277160645,0.35567495226860046,-0.5939067602157593,0.9999999403953552,1.1719871464055838,0.19068360090397982,1.9503057336124086,2.04994291192951,-0.12272787436860454,0.0,0.2425940412632296,0.2773794384778695,-0.1707493308057915,-0.042594041263229576,-0.07737943847786946,0.1707493308057915,0.2,0.2,0.0,0.4061361295395293,-0.41593303470180637,False
0,780,1.1719871464055838,0.19068360090397982,1.9503057336124086,2.04994291192951,-0.12272787436860454,0.0,0.2425940412632296,0.2773794384778695,-0.1707493308057915,-1.0,0.445788711309433,-0.12781527638435364,-0.8104053139686584,-0.16801275312900543,1.0,1.1719871464055838,0.19068360090397982,1.9503057336124086,2.04994291192951,-0.12272787436860454,0.0,0.24369153494571166,0.27788439264695197,-0.17006184329186447,-0.04369153494571165,-0.07788439264695193,0.17006184329186447,0.2,0.2,0.0,0.4068492723660558,-0.42111212889658495,False
0,781,1.1719871464055838,0.19068360090397982,1.9503057336124086,2.04994291192951,-0.12272787436860454,0.0,0.24369153494571166,0.27788439264695197,-0.17006184329186447,-0.7264779806137085,0.9987881779670715,-0.04511279985308647,0.3449411392211914,-0.014982808381319046,0.9999999403953552,1.152560147044291,0.21086524642163004,1.9471015083761192,2.0385282741111777,-0.1319952107047779,0.0,0.2444417301975231,0.2785183440387545,-0.16937423277618652,-0.044441730197523094,-0.07851834403875446,0.16937423277618652,0.2,0.2,0.0,0.40744552783969845,-0.41937063731255186,False
0,782,1.152560147044291,0.21086524642163004,1.9471015083761192,2.0385282741111777,-0.1319952107047779,0.0,0.2444417301975231,0.2785183440387545,-0.16937423277618652,-0.9999958872795105,0.045301880687475204,0.09880641102790833,-0.8439069390296936,0.03889364376664162,0.9997808337211609,1.145354343260454,0.21099410968162866,1.9477568937140233,2.032680119243955,-0.13135729243795255,0.0,0.24449932211736092,0.27856254500087674,-0.16932422195877384,-0.04449932211736089,-0.07856254500087675,0.16932422195877384,0.2,0.2,0.0,0.40748951168730535,-0.4083691886394433,False
0,783,1.145354343260454,0.21099410968162866,1.9477568937140233,2.032680119243955,-0.13135729243795255,0.0,0.24449932211736092,0.27856254500087674,-0.16932422195877384,0.9999539852142334,0.9964577555656433,-0.028127621859312057,-0.06138061359524727,-0.03427872061729431,0.9999945759773254,1.145354343260454,0.21099410968162866,1.9477568937140233,2.032680119243955,-0.13135729243795255,0.0,0.24594033597466614,0.2791197221023988,-0.16905467805487842,-0.045940335974666124,-0.07911972210239882,0.16905467805487842,0.2,0.2,0.0,0.40862446365592286,-0.43132350302827316,False
0,784,1.145354343260454,0.21099410968162866,1.9477568937140233,2.032680119243955,-0.13135729243795255,0.0,0.24594033597466614,0.2791197221023988,-0.16905467805487842,0.997772216796875,0.4719555079936981,0.04617904871702194,-0.26607024669647217,0.027183666825294495,0.9999997615814209,1.1436484898926036,0.2164052354265187,1.9483001285547008,2.026587420813502,-0.13137380127008258,0.0,0.24539210060720035,0.2789688527486734,-0.16939867404677483,-0.04539210060720035,-0.07896885274867338,0.16939867404677483,0.2,0.2,0.0,0.4083341947634692,-0.40252881691439624,False
0,785,1.1436484898926036,0.2164052354265187,1.9483001285547008,2.026587420813502,-0.13137380127008258,0.0,0.24539210060720035,0.2789688527486734,-0.16939867404677483,-0.9999957084655762,0.953940749168396,-0.02026057243347168,-0.6503747701644897,-0.08556469529867172,0.9999999403953552,1.1436484898926036,0.2164052354265187,1.9483001285547008,2.026587420813502,-0.13137380127008258,0.0,0.24471371572210684,0.2790831298455734,-0.16963258815364915,-0.044713715722106834,-0.07908312984557336,0.16963258815364915,0.2,0.2,0.0,0.4081022065495687,-0.4034624422715582,False
0,786,1.1436484898926036,0.2164052354265187,1.9483001285547008,2.026587420813502,-0.13137380127008258,0.0,0.24471371572210684,0.2790831298455734,-0.16963258815364915,-0.999919593334198,0.9887135028839111,0.04630754888057709,-0.25970178842544556,0.3764253258705139,0.9999918341636658,1.1436484898926036,0.2164052354265187,1.9483001285547008,2.026587420813502,-0.13137380127008258,0.0,0.2444398362747409,0.2791603815028798,-0.1697693600904388,-0.04443983627474088,-0.07916038150287977,0.1697693600904388,0.2,0.2,0.0,0.4080477763502364,-0.4069591723635911,False
0,787,1.1436484898926036,0.2164052354265187,1.9483001285547008,2.026587420813502,-0.13137380127008258,0.0,0.2444398362747409,0.2791603815028798,-0.1697693600904388,0.8591217994689941,0.9807543158531189,0.05718054249882698,0.6289240121841431,-0.07798715680837631,1.0,1.1436484898926036,0.2164052354265187,1.9483001285547008,2.026587420813502,-0.13137380127008258,0.0,0.24480934274396704,0.27885494680594447,-0.17001324725602,-0.04480934274396704,-0.07885494680594449,0.17001324725602,0.2,0.2,0.0,0.4081619775229141,-0.41044600097646783,False
0,788,1.1436484898926036,0.2164052354265187,1.9483001285547008,2.026587420813502,-0.13137380127008258,0.0,0.24480934274396704,0.27885494680594447,-0.17001324725602,-0.9998497366905212,0.9917040467262268,0.02171057090163231,-0.8471353054046631,0.1675780564546585,0.9999957084655762,1.1499177324174297,0.2248627729654515,1.9486781712038563,2.0244620556868327,-0.1297706468477476,0.0,0.24480934274396704,0.27885494680594447,-0.17001324725602,-0.04480934274396704,-0.07885494680594449,0.17001324725602,0.2,0.2,0.0,0.4081619775229141,-0.4081619775229141,False
0,789,1.1499177324174297,0.2248627729654515,1.9486781712038563,2.0244620556868327,-0.1297706468477476,0.0,0.24480934274396704,0.27885494680594447,-0.17001324725602,-0.9986938834190369,0.8918263912200928,-0.04624580219388008,-0.46370309591293335,0.10374539345502853,0.9999909400939941,1.1499177324174297,0.2248627729654515,1.9486781712038563,2.0244620556868327,-0.1297706468477476,0.0,0.2448713505488351,0.27880671553027014,-0.17005474465932444,-0.04487135054883509,-0.07880671553027016,0.17005474465932444,0.2,0.2,0.0,0.4081835115797005,-0.4086141927154285,False
0,790,1.1499177324174297,0.2248627729654515,1.9486781712038563,2.0244620556868327,-0.1297706468477476,0.0,0.2448713505488351,0.27880671553027014,-0.17005474465932444,-0.9993253350257874,0.7017225027084351,0.0882047563791275,0.3268614113330841,-0.1485440731048584,0.999995768070221,1.1499177324174297,0.2248627729654515,1.9486781712038563,2.0244620556868327,-0.1297706468477476,0.0,0.24513083565561786,0.27825442058086436,-0.17052273533759277,-0.045130835655617846,-0.07825442058086433,0.17052273533759277,0.2,0.2,0.0,0.40815763183974496,-0.407640037040634,False
0,791,1.1499177324174297,0.2248627729654515,1.9486781712038563,2.0244620556868327,-0.1297706468477476,0.0,0.24513083565561786,0.27825442058086436,-0.17052273533759277,-0.9999332427978516,0.9758598208427429,0.043275136500597,-0.7130266427993774,0.043876763433218,0.9999999403953552,1.1499177324174297,0.2248627729654515,1.9486781712038563,2.0244620556868327,-0.1297706468477476,0.0,0.2451795636338226,0.2781230063584612,-0.1706334959913489,-0.0451795636338226,-0.07812300635846121,0.1706334959913489,0.2,0.2,0.0,0.40814362060893467,-0.40786339599272875,False
0,792,1.1499177324174297,0.2248627729654515,1.9486781712038563,2.0244620556868327,-0.1297706468477476,0.0,0.2451795636338226,0.2781230063584612,-0.1706334959913489,-1.0,0.9926378726959229,-0.018156981095671654,-0.8427332043647766,0.14750127494335175,0.9999997019767761,1.1499177324174297,0.2248627729654515,1.9486781712038563,2.0244620556868327,-0.1297706468477476,0.0,0.2453725140428098,0.2779736649491439,-0.17080694125514856,-0.045372514042809786,-0.07797366494914387,0.17080694125514856,0.2,0.2,0.0,0.40823037642229365,-0.40996549268947335,False
0,793,1.1499177324174297,0.2248627729654515,1.9486781712038563,2.0244620556868327,-0.1297706468477476,0.0,0.2453725140428098,0.2779736649491439,-0.17080694125514856,-0.9998686909675598,0.9879672527313232,-0.018754420801997185,-0.6535828113555908,-0.0016817732248455286,0.9998928308486938,1.1499177324174297,0.2248627729654515,1.9486781712038563,2.0244620556868327,-0.1297706468477476,0.0,0.24562117947571777,0.2780085350025784,-0.17082997688271792,-0.045621179475717755,-0.07800853500257834,0.17082997688271792,0.2,0.2,0.0,0.40841325926452554,-0.41207091610916335,False
0,794,1.1499177324174297,0.2248627729654515,1.9486781712038563,2.0244620556868327,-0.1297706468477476,0.0,0.24562117947571777,0.2780085350025784,-0.17082997688271792,-0.9999997615814209,0.5222181081771851,0.03423979505896568,-0.20162492990493774,0.15156008303165436,0.9999942183494568,1.1499177324174297,0.2248627729654515,1.9486781712038563,2.0244620556868327,-0.1297706468477476,0.0,0.24599208784256615,0.2779354352708231,-0.1709488367986944,-0.04599208784256613,-0.07793543527082311,0.1709488367986944,0.2,0.2,0.0,0.4086364132858859,-0.4130994937130931,False
0,795,1.1499177324174297,0.2248627729654515,1.9486781712038563,2.0244620556868327,-0.1297706468477476,0.0,0.24599208784256615,0.2779354352708231,-0.1709488367986944,-0.994310200214386,0.9929407835006714,0.055553704500198364,-0.38273078203201294,0.08621087670326233,0.9999876022338867,1.1499177324174297,0.2248627729654515,1.9486781712038563,2.0244620556868327,-0.1297706468477476,0.0,0.24599208784256615,0.2779354352708231,-0.1709488367986944,-0.04599208784256613,-0.07793543527082311,0.1709488367986944,0.2,0.2,0.0,0.4086364132858859,-0.4086364132858859,False
0,796,1.1499177324174297,0.2248627729654515,1.9486781712038563,2.0244620556868327,-0.1297706468477476,0.0,0.24599208784256615,0.2779354352708231,-0.1709488367986944,-0.9999775886535645,0.9913815855979919,-0.005508333444595337,-0.7558650374412537,0.20652876794338226,1.0,1.1307465854068126,0.24257894103954067,1.9491269192885758,2.016534253414686,-0.12947211269335804,0.0,0.2463198510913821,0.2777738112018669,-0.17119731309965258,-0.046319851091382105,-0.07777381120186688,0.17119731309965258,0.2,0.2,0.0,0.40882793354152247,-0.41265833865425383,False
0,797,1.1307465854068126,0.24257894103954067,1.9491269192885758,2.016534253414686,-0.12947211269335804,0.0,0.2463198510913821,0.2777738112018669,-0.17119731309965258,-0.9999997615814209,0.996014416217804,-0.007185573689639568,-0.8681275844573975,0.034883592277765274,0.9999091029167175,1.1307465854068126,0.24257894103954067,1.9491269192885758,2.016534253414686,-0.12947211269335804,0.0,0.24640797390809172,0.27779502946100365,-0.1711978018843817,-0.046407973908091704,-0.07779502946100364,0.1711978018843817,0.2,0.2,0.0,0.4088956533992195,-0.41025005055316044,False
0,798,1.1307465854068126,0.24257894103954067,1.9491269192885758,2.016534253414686,-0.12947211269335804,0.0,0.24640797390809172,0.27779502946100365,-0.1711978018843817,-0.9993018507957458,0.9861958026885986,0.01732831448316574,-0.8873260021209717,0.07184863090515137,0.999001681804657,1.1274628895108423,0.24623077308737445,1.9490363726563746,2.012649004426447,-0.12789318023672916,0.0,0.2464463267709771,0.2777978631124591,-0.17120369297166854,-0.0464463267709771,-0.07779786311245905,0.17120369297166854,0.2,0.2,0.0,0.4089231580821672,-0.4094732517411214,False
0,799,1.1274628895108423,0.24623077308737445,1.9490363726563746,2.012649004426447,-0.12789318023672916,0.0,0.2464463267709771,0.2777978631124591,-0.17120369297166854,-0.9348419308662415,0.7547382116317749,0.08370456844568253,-0.8077778220176697,-0.043771155178546906,0.9999995827674866,1.1267748199449557,0.24688079840912985,1.9490596099705069,2.0120616007478116,-0.12788595060042712,0.0,0.2464463267709771,0.2777978631124591,-0.17120369297166854,-0.0464463267709771,-0.07779786311245905,0.17120369297166854,0.2,0.2,0.0,0.4089231580821672,-0.4089231580821672,False
0,800,1.1267748199449557,0.24688079840912985,1.9490596099705069,2.0120616007478116,-0.12788595060042712,0.0,0.2464463267709771,0.2777978631124591,-0.17120369297166854,-0.9776992797851562,0.9962099194526672,-0.01845727302134037,-0.9837390184402466,0.18929727375507355,0.9999998211860657,1.1267748199449557,0.24688079840912985,1.9490596099705069,2.0120616007478116,-0.12788595060042712,0.0,0.24683406221846066,0.27776050293119325,-0.17132199038290297,-0.04683406221846065,-0.07776050293119327,0.17132199038290297,0.2,0.2,0.0,0.40918110372867394,-0.4143400166588083,False
0,801,1.1267748199449557,0.24688079840912985,1.9490596099705069,2.0120616007478116,-0.12788595060042712,0.0,0.24683406221846066,0.27776050293119325,-0.17132199038290297,0.9999973177909851,0.9578058123588562,0.018009409308433533,-0.8017274737358093,-0.13751105964183807,0.9999973773956299,1.1267748199449557,0.24688079840912985,1.9490596099705069,2.0120616007478116,-0.12788595060042712,0.0,0.24683406221846066,0.27776050293119325,-0.17132199038290297,-0.04683406221846065,-0.07776050293119327,0.17132199038290297,0.2,0.2,0.0,0.40918110372867394,-0.40918110372867394,False
0,802,1.1267748199449557,0.24688079840912985,1.9490596099705069,2.0120616007478116,-0.12788595060042712,0.0,0.24683406221846066,0.27776050293119325,-0.17132199038290297,-0.9999992251396179,0.9170766472816467,0.04989537224173546,-0.9326226711273193,0.006257482338696718,0.9999990463256836,1.1267748199449557,0.24688079840912985,1.9490596099705069,2.0120616007478116,-0.12788595060042712,0.0,0.24703310476298146,0.2777862085308054,-0.17144692274645743,-0.04703310476298145,-0.07778620853080535,0.17144692274645743,0.2,0.2,0.0,0.40937095624627307,-0.4131680065982555,False
0,803,1.1267748199449557,0.24688079840912985,1.9490596099705069,2.0120616007478116,-0.12788595060042712,0.0,0.24703310476298146,0.2777862085308054,-0.17144692274645743,-0.9999992847442627,0.5958131551742554,-0.0066840387880802155,-0.8125597238540649,0.04415648803114891,0.9999979138374329,1.1267748199449557,0.24688079840912985,1.9490596099705069,2.0120616007478116,-0.12788595060042712,0.0,0.24750116829540458,0.2777522091939839,-0.17156189312157216,-0.04750116829540457,-0.0777522091939839,0.17156189312157216,0.2,0.2,0.0,0.409678656011253,-0.4158326513108511,False
0,804,1.1267748199449557,0.24688079840912985,1.9490596099705069,2.0120616007478116,-0.12788595060042712,0.0,0.24750116829540458,0.2777522091939839,-0.17156189312157216,-0.9999920725822449,0.931991696357727,-0.016481656581163406,-0.8058931827545166,-0.05377774313092232,1.0,1.1267748199449557,0.24688079840912985,1.9490596099705069,2.0120616007478116,-0.12788595060042712,0.0,0.24791761007496854,0.27776719910458525,-0.1715035870870126,-0.04791761007496853,-0.07776719910458524,0.1715035870870126,0.2,0.2,0.0,0.4099161361393364,-0.4146657387010053,False
0,805,1.1267748199449557,0.24688079840912985,1.9490596099705069,2.0120616007478116,-0.12788595060042712,0.0,0.24791761007496854,0.27776719910458525,-0.1715035870870126,-0.9999998211860657,0.9704936742782593,0.027286479249596596,-0.9034392833709717,-0.05235910043120384,0.9999914169311523,1.1267748199449557,0.24688079840912985,1.9490596099705069,2.0120616007478116,-0.12788595060042712,0.0,0.24857842732374702,0.2774024480785618,-0.17185452565930703,-0.04857842732374701,-0.07740244807856178,0.17185452565930703,0.2,0.2,0.0,0.41021619997302883,-0.416217476646877,False
0,806,1.1267748199449557,0.24688079840912985,1.9490596099705069,2.0120616007478116,-0.12788595060042712,0.0,0.24857842732374702,0.2774024480785618,-0.17185452565930703,0.999994695186615,0.9080372452735901,0.059974752366542816,-0.7857818603515625,-0.08787292242050171,0.9999999403953552,1.1267748199449557,0.24688079840912985,1.9490596099705069,2.0120616007478116,-0.12788595060042712,0.0,0.24794026604149363,0.2777134444679462,-0.17196895333692247,-0.04794026604149362,-0.07771344446794617,0.17196895333692247,0.2,0.2,0.0,0.41008834862109206,-0.40753132158235666,False
0,807,1.1267748199449557,0.24688079840912985,1.9490596099705069,2.0120616007478116,-0.12788595060042712,0.0,0.24794026604149363,0.2777134444679462,-0.17196895333692247,-0.9984649419784546,0.9258131980895996,-0.02487306296825409,-0.7157770991325378,-0.017888447269797325,0.9999880790710449,1.1267748199449557,0.24688079840912985,1.9490596099705069,2.0120616007478116,-0.12788595060042712,0.0,0.2463255024629058,0.2784437777411005,-0.1721922872427873,-0.046325502462905774,-0.0784437777411005,0.1721922872427873,0.2,0.2,0.0,0.4097040081720473,-0.4020171991911516,False
0,808,1.1267748199449557,0.24688079840912985,1.9490596099705069,2.0120616007478116,-0.12788595060042712,0.0,0.2463255024629058,0.2784437777411005,-0.1721922872427873,0.5254338383674622,0.9514014720916748,0.015920836478471756,-0.9039115309715271,-0.08197493106126785,1.0,1.1267748199449557,0.24688079840912985,1.9490596099705069,2.0120616007478116,-0.12788595060042712,0.0,0.2463255024629058,0.2784437777411005,-0.1721922872427873,-0.046325502462905774,-0.0784437777411005,0.1721922872427873,0.2,0.2,0.0,0.4097040081720473,-0.4097040081720473,False
0,809,1.1267748199449557,0.24688079840912985,1.9490596099705069,2.0120616007478116,-0.12788595060042712,0.0,0.2463255024629058,0.2784437777411005,-0.1721922872427873,-0.9999967217445374,0.7418991327285767,0.027569256722927094,-0.7909373641014099,-0.12219440191984177,0.9999979138374329,1.1267748199449557,0.24688079840912985,1.9490596099705069,2.0120616007478116,-0.12788595060042712,0.0,0.2463255024629058,0.2784437777411005,-0.1721922872427873,-0.046325502462905774,-0.0784437777411005,0.1721922872427873,0.2,0.2,0.0,0.4097040081720473,-0.4097040081720473,False
0,810,1.1267748199449557,0.24688079840912985,1.9490596099705069,2.0120616007478116,-0.12788595060042712,0.0,0.2463255024629058,0.2784437777411005,-0.1721922872427873,-1.0,0.9379947781562805,-0.06421556323766708,-0.9773154258728027,-0.07663378864526749,1.0,1.1267748199449557,0.24688079840912985,1.9490596099705069,2.0120616007478116,-0.12788595060042712,0.0,0.24652152622970022,0.278383923646556,-0.17215876026277194,-0.04652152622970021,-0.078383923646556,0.17215876026277194,0.2,0.2,0.0,0.40976714189242514,-0.41102981629998236,False
0,811,1.1267748199449557,0.24688079840912985,1.9490596099705069,2.0120616007478116,-0.12788595060042712,0.0,0.24652152622970022,0.278383923646556,-0.17215876026277194,0.9005932211875916,0.9676099419593811,0.16719916462898254,-0.8705329895019531,-0.20970860123634338,0.9999865889549255,1.1267748199449557,0.24688079840912985,1.9490596099705069,2.0120616007478116,-0.12788595060042712,0.0,0.24652152622970022,0.278383923646556,-0.17215876026277194,-0.04652152622970021,-0.078383923646556,0.17215876026277194,0.2,0.2,0.0,0.40976714189242514,-0.40976714189242514,False
0,812,1.1267748199449557,0.24688079840912985,1.9490596099705069,2.0120616007478116,-0.12788595060042712,0.0,0.24652152622970022,0.278383923646556,-0.17215876026277194,-0.5384067296981812,0.9356803894042969,0.15110722184181213,-0.9341182708740234,-0.11695066839456558,0.9989021420478821,1.1267748199449557,0.24688079840912985,1.9490596099705069,2.0120616007478116,-0.12788595060042712,0.0,0.2466042870981423,0.278374422510999,-0.17215680119433732,-0.04660428709814231,-0.07837442251099894,0.17215680119433732,0.2,0.2,0.0,0.40980966035585564,-0.4106600296244658,False
0,813,1.1267748199449557,0.24688079840912985,1.9490596099705069,2.0120616007478116,-0.12788595060042712,0.0,0.2466042870981423,0.278374422510999,-0.17215680119433732,0.9999902844429016,0.9888995885848999,0.18097910284996033,-0.9617142081260681,-0.19768434762954712,0.9973500967025757,1.1267748199449557,0.24688079840912985,1.9490596099705069,2.0120616007478116,-0.12788595060042712,0.0,0.2466042870981423,0.278374422510999,-0.17215680119433732,-0.04660428709814231,-0.07837442251099894,0.17215680119433732,0.2,0.2,0.0,0.40980966035585564,-0.40980966035585564,False
0,814,1.1267748199449557,0.24688079840912985,1.9490596099705069,2.0120616007478116,-0.12788595060042712,0.0,0.2466042870981423,0.278374422510999,-0.17215680119433732,-0.9980394840240479,0.9734255075454712,0.17182178795337677,-0.7741145491600037,-0.12733016908168793,0.9999998807907104,1.1267748199449557,0.24688079840912985,1.9490596099705069,2.0120616007478116,-0.12788595060042712,0.0,0.2466042870981423,0.278374422510999,-0.17215680119433732,-0.04660428709814231,-0.07837442251099894,0.17215680119433732,0.2,0.2,0.0,0.40980966035585564,-0.40980966035585564,False
0,815,1.1267748199449557,0.24688079840912985,1.9490596099705069,2.0120616007478116,-0.12788595060042712,0.0,0.2466042870981423,0.278374422510999,-0.17215680119433732,-1.0,0.8943697214126587,0.18404388427734375,-0.5313897132873535,-0.17459982633590698,0.9999246001243591,1.1267748199449557,0.24688079840912985,1.9490596099705069,2.0120616007478116,-0.12788595060042712,0.0,0.24663897251555517,0.27836503710551663,-0.17216928623670977,-0.04663897251555517,-0.07836503710551662,0.17216928623670977,0.2,0.2,0.0,0.4098294032515755,-0.41022426116597305,False
0,816,1.1267748199449557,0.24688079840912985,1.9490596099705069,2.0120616007478116,-0.12788595060042712,0.0,0.24663897251555517,0.27836503710551663,-0.17216928623670977,-0.9868826270103455,0.9650105834007263,0.1693161427974701,-0.9323309659957886,-0.12967021763324738,0.9997636079788208,1.1267748199449557,0.24688079840912985,1.9490596099705069,2.0120616007478116,-0.12788595060042712,0.0,0.24740373806772842,0.2780145087191137,-0.17244604012726691,-0.04740373806772839,-0.07801450871911368,0.17244604012726691,0.2,0.2,0.0,0.4101686402247133,-0.41695337968746843,False
0,817,1.1267748199449557,0.24688079840912985,1.9490596099705069,2.0120616007478116,-0.12788595060042712,0.0,0.24740373806772842,0.2780145087191137,-0.17244604012726691,-0.9033060073852539,0.9751608371734619,0.1774061769247055,-0.899828314781189,-0.2452641874551773,0.9996310472488403,1.1267748199449557,0.24688079840912985,1.9490596099705069,2.0120616007478116,-0.12788595060042712,0.0,0.24853083259876066,0.2777192233413713,-0.17271099427723,-0.04853083259876065,-0.07771922334137127,0.17271099427723,0.2,0.2,0.0,0.4107610367473977,-0.42260896720108665,False
0,818,1.1267748199449557,0.24688079840912985,1.9490596099705069,2.0120616007478116,-0.12788595060042712,0.0,0.24853083259876066,0.2777192233413713,-0.17271099427723,0.9999994039535522,0.9968176484107971,0.2310675084590912,-0.8017486333847046,-0.04725015163421631,0.9999970197677612,1.1267748199449557,0.24688079840912985,1.9490596099705069,2.0120616007478116,-0.12788595060042712,0.0,0.2479941591827453,0.27792661097231297,-0.17283586125633849,-0.047994159182745286,-0.07792661097231296,0.17283586125633849,0.2,0.2,0.0,0.4106294424557651,-0.4079975566231127,False
0,819,1.1267748199449557,0.24688079840912985,1.9490596099705069,2.0120616007478116,-0.12788595060042712,0.0,0.2479941591827453,0.27792661097231297,-0.17283586125633849,-0.11030949652194977,0.9959871768951416,0.13102702796459198,-0.7768847346305847,-0.2050361931324005,0.9900760054588318,1.1267748199449557,0.24688079840912985,1.9490596099705069,2.0120616007478116,-0.12788595060042712,0.0,0.24727767517476035,0.2781537558683992,-0.17296192542446476,-0.04727767517476032,-0.0781537558683992,0.17296192542446476,0.2,0.2,0.0,0.41040417662356876,-0.4058988599796419,False
0,820,1.1267748199449557,0.24688079840912985,1.9490596099705069,2.0120616007478116,-0.12788595060042712,0.0,0.24727767517476035,0.2781537558683992,-0.17296192542446476,-1.0,0.9900126457214355,0.15944509208202362,-0.890525221824646,-0.20142298936843872,0.9772294163703918,1.1267748199449557,0.24688079840912985,1.9490596099705069,2.0120616007478116,-0.12788595060042712,0.0,0.24763985290245438,0.27797672338856455,-0.1729665960035857,-0.04763985290245436,-0.07797672338856454,0.1729665960035857,0.2,0.2,0.0,0.4105045661432518,-0.41251235653691287,False
0,821,1.1267748199449557,0.24688079840912985,1.9490596099705069,2.0120616007478116,-0.12788595060042712,0.0,0.24763985290245438,0.27797672338856455,-0.1729665960035857,-0.7290852665901184,0.7425602674484253,0.5300636291503906,-0.7982913255691528,-0.34885111451148987,0.9999991655349731,1.1267748199449557,0.24688079840912985,1.9490596099705069,2.0120616007478116,-0.12788595060042712,0.0,0.24785180991416877,0.2778904758160986,-0.1729653343666284,-0.047851809914168764,-0.07789047581609862,0.1729653343666284,0.2,0.2,0.0,0.4105735538482556,-0.41195330794833157,False
0,822,1.1267748199449557,0.24688079840912985,1.9490596099705069,2.0120616007478116,-0.12788595060042712,0.0,0.24785180991416877,0.2778904758160986,-0.1729653343666284,-1.0,0.9698243737220764,0.5273451805114746,-0.9665313959121704,-0.33039984107017517,0.9999570846557617,1.1267748199449557,0.24688079840912985,1.9490596099705069,2.0120616007478116,-0.12788595060042712,0.0,0.24796564404072796,0.27790427576134746,-0.17309169430891916,-0.047965644040727964,-0.07790427576134748,0.17309169430891916,0.2,0.2,0.0,0.41070485966166065,-0.41333097592976137,False
0,823,1.1267748199449557,0.24688079840912985,1.9490596099705069,2.0120616007478116,-0.12788595060042712,0.0,0.24796564404072796,0.27790427576134746,-0.17309169430891916,-0.6141887903213501,0.9988186359405518,0.5256503820419312,-0.8953779339790344,-0.23230183124542236,0.9999999403953552,1.1124016386169588,0.2757231517944858,1.954308567464123,1.9864561835424719,-0.13265759416648085,0.0,0.24796564404072796,0.27790427576134746,-0.17309169430891916,-0.047965644040727964,-0.07790427576134748,0.17309169430891916,0.2,0.2,0.0,0.41070485966166065,-0.41070485966166065,False
0,824,1.1124016386169588,0.2757231517944858,1.954308567464123,1.9864561835424719,-0.13265759416648085,0.0,0.24796564404072796,0.27790427576134746,-0.17309169430891916,-0.9999991059303284,0.7299354076385498,0.5629552006721497,-0.9099916815757751,-0.3647139370441437,0.9999998807907104,1.1116174683311137,0.2753104204638847,1.9552515841961222,1.9864540617230064,-0.13316624177464215,0.0,0.24799554181261185,0.2779087782470424,-0.1731279154335614,-0.047995541812611855,-0.0779087782470424,0.1731279154335614,0.2,0.2,0.0,0.41074122375050826,-0.4114685055274604,False
0,825,1.1116174683311137,0.2753104204638847,1.9552515841961222,1.9864540617230064,-0.13316624177464215,0.0,0.24799554181261185,0.2779087782470424,-0.1731279154335614,0.54059898853302,0.9573110938072205,0.5615301132202148,-0.9518919587135315,-0.35719218850135803,1.0,1.1110401253044608,0.27575171998427767,1.9555666352711198,1.9859142211201375,-0.1333724348111381,0.0,0.24799554181261185,0.2779087782470424,-0.1731279154335614,-0.047995541812611855,-0.0779087782470424,0.1731279154335614,0.2,0.2,0.0,0.41074122375050826,-0.41074122375050826,False
0,826,1.1110401253044608,0.27575171998427767,1.9555666352711198,1.9859142211201375,-0.1333724348111381,0.0,0.24799554181261185,0.2779087782470424,-0.1731279154335614,-0.9678755402565002,0.9904968738555908,0.5750230550765991,-0.8190479278564453,-0.40940961241722107,1.0,1.1111268504638045,0.2762021966798898,1.955829092634993,1.9854881031044846,-0.13354451240089135,0.0,0.24805847265811543,0.2779193967294533,-0.17319639682526794,-0.04805847265811543,-0.07791939672945328,0.17319639682526794,0.2,0.2,0.0,0.4108152733397286,-0.4122962651241358,False
0,827,1.1111268504638045,0.2762021966798898,1.955829092634993,1.9854881031044846,-0.13354451240089135,0.0,0.24805847265811543,0.2779193967294533,-0.17319639682526794,-1.0,0.9946563839912415,0.5579477548599243,-0.8401091694831848,-0.32779037952423096,1.0,1.1104319705156447,0.27689585156443863,1.9562259704706706,1.9849101604148234,-0.13380665737584654,0.0,0.24809719665682234,0.2779285820691482,-0.17329778532757886,-0.048097196656822314,-0.07792858206914821,0.17329778532757886,0.2,0.2,0.0,0.4108876222513704,-0.4123346004842056,False
0,828,1.1104319705156447,0.27689585156443863,1.9562259704706706,1.9849101604148234,-0.13380665737584654,0.0,0.24809719665682234,0.2779285820691482,-0.17329778532757886,-0.8851825594902039,0.9734776616096497,0.5690561532974243,-0.7918187379837036,-0.38820889592170715,0.9999130368232727,1.1098206415153593,0.27752613946345617,1.9565848984059475,1.9843849484455258,-0.13402993308391498,0.0,0.24815945371995302,0.2779192869019109,-0.17338442489004885,-0.048159453719953005,-0.07791928690191091,0.17338442489004885,0.2,0.2,0.0,0.4109554760519747,-0.4123125520640609,False
0,829,1.1098206415153593,0.27752613946345617,1.9565848984059475,1.9843849484455258,-0.13402993308391498,0.0,0.24815945371995302,0.2779192869019109,-0.17338442489004885,-0.789294421672821,0.9862293601036072,0.5823626518249512,-0.9033012390136719,-0.33754095435142517,0.9999989867210388,1.1093249913267877,0.27815198772173294,1.9569523076329058,1.9838518967223646,-0.13426664389591655,0.0,0.2482144108272431,0.2779115859746134,-0.17347326153694706,-0.04821441082724311,-0.0779115859746134,0.17347326153694706,0.2,0.2,0.0,0.4110209432979132,-0.4123302882166839,False
0,830,1.1093249913267877,0.27815198772173294,1.9569523076329058,1.9838518967223646,-0.13426664389591655,0.0,0.2482144108272431,0.2779115859746134,-0.17347326153694706,0.9875675439834595,0.9437938928604126,0.5825409889221191,-0.5063876509666443,-0.24970895051956177,0.9997996091842651,1.1093249913267877,0.27815198772173294,1.9569523076329058,1.9838518967223646,-0.13426664389591655,0.0,0.24791695937538222,0.2780466530987892,-0.17415614374158478,-0.04791695937538222,-0.07804665309878916,0.17415614374158478,0.2,0.2,0.0,0.41122150046940986,-0.41523264389934267,False
0,831,1.1093249913267877,0.27815198772173294,1.9569523076329058,1.9838518967223646,-0.13426664389591655,0.0,0.24791695937538222,0.2780466530987892,-0.17415614374158478,-1.0,0.9943873882293701,0.686995267868042,-0.6106512546539307,-0.546596884727478,0.9999935626983643,1.1093249913267877,0.27815198772173294,1.9569523076329058,1.9838518967223646,-0.13426664389591655,0.0,0.24796190448346106,0.2780170492699129,-0.17482473662240025,-0.047961904483461035,-0.07801704926991286,0.17482473662240025,0.2,0.2,0.0,0.41151218000796264,-0.4173257707790181,False
0,832,1.1093249913267877,0.27815198772173294,1.9569523076329058,1.9838518967223646,-0.13426664389591655,0.0,0.24796190448346106,0.2780170492699129,-0.17482473662240025,-0.8692883253097534,0.9882723093032837,0.7145324945449829,-0.7683814764022827,-0.5156938433647156,1.0,1.1093249913267877,0.27815198772173294,1.9569523076329058,1.9838518967223646,-0.13426664389591655,0.0,0.2491628582646869,0.277476034053871,-0.17641291328198613,-0.04916285826468689,-0.07747603405387102,0.17641291328198613,0.2,0.2,0.0,0.4125489005991059,-0.43328331242197177,False
0,833,1.1093249913267877,0.27815198772173294,1.9569523076329058,1.9838518967223646,-0.13426664389591655,0.0,0.2491628582646869,0.277476034053871,-0.17641291328198613,0.9979732036590576,0.9954005479812622,0.7006626129150391,-0.7708274722099304,-0.5244454741477966,0.9999999403953552,1.0985699172823329,0.2976180103657725,1.9702052564598302,1.9717817763350909,-0.14407014770040183,0.0,0.24922087088007444,0.27744975058163407,-0.17649040239141467,-0.049220870880074444,-0.07744975058163406,0.17649040239141467,0.2,0.2,0.0,0.4125994046485249,-0.4136094856369044,False
0,834,1.0985699172823329,0.2976180103657725,1.9702052564598302,1.9717817763350909,-0.14407014770040183,0.0,0.24922087088007444,0.27744975058163407,-0.17649040239141467,0.9999990463256836,0.9449050426483154,0.7222510576248169,-0.6721664667129517,-0.5396270751953125,0.9999999403953552,1.1031934018959424,0.2987991525335166,1.9710876970925373,1.9705257948316737,-0.14474386942484102,0.0,0.24877640033642653,0.2777592623107773,-0.17674378236167318,-0.04877640033642652,-0.07775926231077726,0.17674378236167318,0.2,0.2,0.0,0.41264787624230864,-0.4136173081179834,False
0,835,1.1031934018959424,0.2987991525335166,1.9710876970925373,1.9705257948316737,-0.14474386942484102,0.0,0.24877640033642653,0.2777592623107773,-0.17674378236167318,-0.9997124671936035,0.9901845455169678,0.6676409244537354,-0.7267073392868042,-0.4053092300891876,0.9999995231628418,1.104036956488709,0.299706810066845,1.9717821845016916,1.9698945475809564,-0.1452622531312242,0.0,0.24870638143690865,0.27780427219596643,-0.17686635729982225,-0.04870638143690864,-0.07780427219596642,0.17686635729982225,0.2,0.2,0.0,0.41268848561872923,-0.41350067314714095,False
0,836,1.104036956488709,0.299706810066845,1.9717821845016916,1.9698945475809564,-0.1452622531312242,0.0,0.24870638143690865,0.27780427219596643,-0.17686635729982225,-1.0,0.9860502481460571,0.669739842414856,-0.8933850526809692,-0.45896807312965393,0.9999008178710938,1.1034934541286348,0.30022300739865393,1.9721307697671466,1.9694939777602674,-0.14547068155338944,0.0,0.24873411900736186,0.2778023879378177,-0.17698933846285028,-0.04873411900736187,-0.07780238793781769,0.17698933846285028,0.2,0.2,0.0,0.4127566530437027,-0.41412000154317175,False
0,837,1.1034934541286348,0.30022300739865393,1.9721307697671466,1.9694939777602674,-0.14547068155338944,0.0,0.24873411900736186,0.2778023879378177,-0.17698933846285028,-0.9999979138374329,0.9788064956665039,0.6939516663551331,-0.8619590997695923,-0.47707560658454895,0.9999999403953552,1.101494704036099,0.30219454539252777,1.9734717523098404,1.9677046637182098,-0.14639180100093768,0.0,0.2488603967970424,0.277786479365782,-0.1771870831971836,-0.04886039679704238,-0.07778647936578198,0.1771870831971836,0.2,0.2,0.0,0.4129068752931381,-0.41591132028184596,False
0,838,1.101494704036099,0.30219454539252777,1.9734717523098404,1.9677046637182098,-0.14639180100093768,0.0,0.2488603967970424,0.277786479365782,-0.1771870831971836,-0.9080974459648132,0.9760737419128418,0.7283869385719299,-0.7126967906951904,-0.549548864364624,0.9984891414642334,1.101494704036099,0.30219454539252777,1.9734717523098404,1.9677046637182098,-0.14639180100093768,0.0,0.24948307258838237,0.2776807074580463,-0.17821942335159294,-0.049483072588382374,-0.07768070745804626,0.17821942335159294,0.2,0.2,0.0,0.413655099886748,-0.42861959175894604,False
0,839,1.101494704036099,0.30219454539252777,1.9734717523098404,1.9677046637182098,-0.14639180100093768,0.0,0.24948307258838237,0.2776807074580463,-0.17821942335159294,0.9619243741035461,0.9973568916320801,0.7347309589385986,-0.7957381010055542,-0.5967113375663757,1.0,1.0963355682456337,0.30955216453048745,1.978741907928198,1.9613777167755222,-0.15013693571999714,0.0,0.24934781903363734,0.2777703028881282,-0.17848180370104114,-0.04934781903363733,-0.07777030288812817,0.17848180370104114,0.2,0.2,0.0,0.41374681905214816,-0.41558120236015184,False
0,840,1.0963355682456337,0.30955216453048745,1.978741907928198,1.9613777167755222,-0.15013693571999714,0.0,0.24934781903363734,0.2777703028881282,-0.17848180370104114,-0.5513737201690674,0.9935844540596008,0.6864687204360962,-0.8340454697608948,-0.5826002359390259,0.9999992251396179,1.0963355682456337,0.30955216453048745,1.978741907928198,1.9613777167755222,-0.15013693571999714,0.0,0.24970544615342796,0.2778804226825808,-0.18081594494759382,-0.04970544615342795,-0.07788042268258076,0.18081594494759382,0.2,0.2,0.0,0.41504788289572514,-0.4410691597672647,False
0,841,1.0963355682456337,0.30955216453048745,1.978741907928198,1.9613777167755222,-0.15013693571999714,0.0,0.24970544615342796,0.2778804226825808,-0.18081594494759382,-0.8646079301834106,0.9977418780326843,0.5218583345413208,-0.42212775349617004,-0.4759419858455658,1.0,1.0963355682456337,0.30955216453048745,1.978741907928198,1.9613777167755222,-0.15013693571999714,0.0,0.2500935702641215,0.27771037786245,-0.181501787627563,-0.05009357026412149,-0.07771037786245,0.181501787627563,0.2,0.2,0.0,0.4154669021377766,-0.4238472869788057,False
0,842,1.0963355682456337,0.30955216453048745,1.978741907928198,1.9613777167755222,-0.15013693571999714,0.0,0.2500935702641215,0.27771037786245,-0.181501787627563,-0.999992311000824,0.991226077079773,0.5471639633178711,-0.3601781129837036,-0.5871821641921997,0.9999999403953552,1.0963355682456337,0.30955216453048745,1.978741907928198,1.9613777167755222,-0.15013693571999714,0.0,0.2503577283438653,0.2771800422086208,-0.18190170868637615,-0.05035772834386533,-0.0771800422086208,0.18190170868637615,0.2,0.2,0.0,0.41544674696439343,-0.4150436434967302,False
0,843,1.0963355682456337,0.30955216453048745,1.978741907928198,1.9613777167755222,-0.15013693571999714,0.0,0.2503577283438653,0.2771800422086208,-0.18190170868637615,-1.0,0.9948407411575317,0.4853355586528778,-0.554923415184021,-0.5595942139625549,0.9948186278343201,1.0963355682456337,0.30955216453048745,1.978741907928198,1.9613777167755222,-0.15013693571999714,0.0,0.2503577283438653,0.2771800422086208,-0.18190170868637615,-0.05035772834386533,-0.0771800422086208,0.18190170868637615,0.2,0.2,0.0,0.41544674696439343,-0.41544674696439343,False
0,844,1.0963355682456337,0.30955216453048745,1.978741907928198,1.9613777167755222,-0.15013693571999714,0.0,0.2503577283438653,0.2771800422086208,-0.18190170868637615,-0.9999874830245972,0.955324113368988,0.5157434940338135,-0.6411608457565308,-0.4134424328804016,0.9999703764915466,1.0963355682456337,0.30955216453048745,1.978741907928198,1.9613777167755222,-0.15013693571999714,0.0,0.2504621253638096,0.2770600422091934,-0.181975463708154,-0.05046212536380956,-0.07706004220919337,0.181975463708154,0.2,0.2,0.0,0.4154619268025824,-0.4157655235663623,False
0,845,1.0963355682456337,0.30955216453048745,1.978741907928198,1.9613777167755222,-0.15013693571999714,0.0,0.2504621253638096,0.2770600422091934,-0.181975463708154,-0.9997586011886597,0.9808561205863953,0.503197431564331,-0.561126708984375,-0.553393542766571,0.9999997019767761,1.0963355682456337,0.30955216453048745,1.978741907928198,1.9613777167755222,-0.15013693571999714,0.0,0.2504621253638096,0.2770600422091934,-0.181975463708154,-0.05046212536380956,-0.07706004220919337,0.181975463708154,0.2,0.2,0.0,0.4154619268025824,-0.4154619268025824,False
0,846,1.0963355682456337,0.30955216453048745,1.978741907928198,1.9613777167755222,-0.15013693571999714,0.0,0.2504621253638096,0.2770600422091934,-0.181975463708154,0.9855570197105408,0.9980990290641785,0.38922345638275146,-0.4546825587749481,-0.41062918305397034,1.0,1.0963355682456337,0.30955216453048745,1.978741907928198,1.9613777167755222,-0.15013693571999714,0.0,0.2504951018291101,0.27702624040480783,-0.1819946316909682,-0.05049510182911009,-0.07702624040480785,0.1819946316909682,0.2,0.2,0.0,0.4154676640576614,-0.41558240915924066,False
0,847,1.0963355682456337,0.30955216453048745,1.978741907928198,1.9613777167755222,-0.15013693571999714,0.0,0.2504951018291101,0.27702624040480783,-0.1819946316909682,-0.9957630634307861,0.9856095314025879,0.4726698696613312,-0.29242029786109924,-0.5826811790466309,0.9999914169311523,1.0963355682456337,0.30955216453048745,1.978741907928198,1.9613777167755222,-0.15013693571999714,0.0,0.2504951018291101,0.27702624040480783,-0.1819946316909682,-0.05049510182911009,-0.07702624040480785,0.1819946316909682,0.2,0.2,0.0,0.4154676640576614,-0.4154676640576614,False
0,848,1.0963355682456337,0.30955216453048745,1.978741907928198,1.9613777167755222,-0.15013693571999714,0.0,0.2504951018291101,0.27702624040480783,-0.1819946316909682,-1.0,0.9793037176132202,0.3840274214744568,-0.6097323894500732,-0.41616031527519226,0.9994726777076721,1.0780185159345121,0.3349894282867505,1.9930508063447556,1.9478148325316718,-0.16428224589113916,0.0,0.2505851079177859,0.2766779825421181,-0.18216960524706013,-0.05058510791778589,-0.0766779825421181,0.18216960524706013,0.2,0.2,0.0,0.41536654584789895,-0.41334418165265013,False
0,849,1.0780185159345121,0.3349894282867505,1.9930508063447556,1.9478148325316718,-0.16428224589113916,0.0,0.2505851079177859,0.2766779825421181,-0.18216960524706013,0.9641338586807251,0.9932717680931091,0.526623547077179,-0.22286029160022736,-0.5074940323829651,0.9996296167373657,1.07805607409427,0.33521326664344836,1.9931125003912504,1.9477183552667507,-0.16435315887698076,0.0,0.25060651345310825,0.2766273522537742,-0.18219256919668078,-0.05060651345310822,-0.07662735225377418,0.18219256919668078,0.2,0.2,0.0,0.415355809963631,-0.41514109227827145,False
0,850,1.07805607409427,0.33521326664344836,1.9931125003912504,1.9477183552667507,-0.16435315887698076,0.0,0.25060651345310825,0.2766273522537742,-0.18219256919668078,-0.4635183811187744,0.9895790219306946,0.5220877528190613,-0.48759159445762634,-0.5072911977767944,1.0,1.07805607409427,0.33521326664344836,1.9931125003912504,1.9477183552667507,-0.16435315887698076,0.0,0.25070292819447515,0.27637293776238026,-0.18313244624951638,-0.050702928194475125,-0.07637293776238027,0.18313244624951638,0.2,0.2,0.0,0.4156578542527793,-0.42169874003574565,False
0,851,1.07805607409427,0.33521326664344836,1.9931125003912504,1.9477183552667507,-0.16435315887698076,0.0,0.25070292819447515,0.27637293776238026,-0.18313244624951638,0.9998536109924316,0.993765115737915,-0.07315494120121002,0.17614804208278656,-0.3786456286907196,0.9999417066574097,1.07805607409427,0.33521326664344836,1.9931125003912504,1.9477183552667507,-0.16435315887698076,0.0,0.2507312561470437,0.2763234487505819,-0.1833010203123806,-0.05073125614704373,-0.0763234487505819,0.1833010203123806,0.2,0.2,0.0,0.4157163398112344,-0.41688605098033665,False
0,852,1.07805607409427,0.33521326664344836,1.9931125003912504,1.9477183552667507,-0.16435315887698076,0.0,0.2507312561470437,0.2763234487505819,-0.1833010203123806,-0.9990399479866028,0.9924618005752563,-0.11829794198274612,0.1993848979473114,-0.3873300850391388,0.9999986886978149,1.0745333639180459,0.34362524365628383,1.997401708688573,1.943816005841525,-0.16863596572055206,0.0,0.2507448831175001,0.2762830252907746,-0.18343220770355903,-0.05074488311750011,-0.07628302529077458,0.18343220770355903,0.2,0.2,0.0,0.41575555473911974,-0.4165398532968264,False
0,853,1.0745333639180459,0.34362524365628383,1.997401708688573,1.943816005841525,-0.16863596572055206,0.0,0.2507448831175001,0.2762830252907746,-0.18343220770355903,-0.9999974966049194,0.9886167645454407,0.02555949054658413,0.13835111260414124,-0.24878637492656708,0.9687284827232361,1.0739909451214025,0.344093470961984,1.99729956074893,1.9439754066665198,-0.16878050685236917,0.0,0.25075889482985636,0.2762032061020115,-0.18345863958507533,-0.05075889482985632,-0.07620320610201148,0.18345863958507533,0.2,0.2,0.0,0.4157226320946789,-0.4150641792058624,False
0,854,1.0739909451214025,0.344093470961984,1.99729956074893,1.9439754066665198,-0.16878050685236917,0.0,0.25075889482985636,0.2762032061020115,-0.18345863958507533,-0.998261034488678,0.9956091642379761,-0.07636206597089767,-0.12731239199638367,-0.24427062273025513,0.998913049697876,1.0732346255863334,0.3448447066017986,1.9972846970557767,1.9439833555616612,-0.16896679140134319,0.0,0.25078145620594045,0.2761190366918278,-0.18352071718001864,-0.050781456205940434,-0.07611903669182782,0.18352071718001864,0.2,0.2,0.0,0.4157077276581028,-0.415409638926581,False
0,855,1.0732346255863334,0.3448447066017986,1.9972846970557767,1.9439833555616612,-0.16896679140134319,0.0,0.25078145620594045,0.2761190366918278,-0.18352071718001864,-1.0,0.9884526133537292,-0.10498137027025223,-0.04421059414744377,-0.3857843279838562,0.9999994039535522,1.0725404167567374,0.345535533749099,1.9972256760174596,1.9439078074740654,-0.16916194987074687,0.0,0.2508171750673281,0.27602865744367944,-0.18357790781809175,-0.050817175067328066,-0.07602865744367943,0.18357790781809175,0.2,0.2,0.0,0.4156945071537302,-0.4154300970662775,False
0,856,1.0725404167567374,0.345535533749099,1.9972256760174596,1.9439078074740654,-0.16916194987074687,0.0,0.2508171750673281,0.27602865744367944,-0.18357790781809175,0.7169216275215149,0.9774595499038696,-0.15197862684726715,0.2025972455739975,-0.398963987827301,0.9999998807907104,1.0722689152586922,0.3461063082214323,1.997156170705277,1.9439272253276796,-0.16938911677301377,0.0,0.2508171750673281,0.27602865744367944,-0.18357790781809175,-0.050817175067328066,-0.07602865744367943,0.18357790781809175,0.2,0.2,0.0,0.4156945071537302,-0.4156945071537302,False
0,857,1.0722689152586922,0.3461063082214323,1.997156170705277,1.9439272253276796,-0.16938911677301377,0.0,0.2508171750673281,0.27602865744367944,-0.18357790781809175,0.9999999403953552,0.98639315366745,-0.22814638912677765,-0.5397142171859741,-0.40337705612182617,0.6550020575523376,1.0727482689737822,0.3466761573702045,1.9970538247015204,1.9439135237139085,-0.16962194578942896,0.0,0.2507943894644441,0.2759614458258219,-0.18362833857116323,-0.05079438946444406,-0.07596144582582187,0.18362833857116323,0.2,0.2,0.0,0.4156584079451865,-0.4149364237743126,False
0,858,1.0727482689737822,0.3466761573702045,1.9970538247015204,1.9439135237139085,-0.16962194578942896,0.0,0.2507943894644441,0.2759614458258219,-0.18362833857116323,-0.9815914034843445,0.9604067206382751,0.007763296831399202,0.20574161410331726,-0.587318480014801,0.999910831451416,1.0733861974766965,0.34741850127713947,1.996895123822616,1.9435431690339309,-0.169937200682516,0.0,0.25071810336053596,0.27595674938699455,-0.1836553709290038,-0.05071810336053595,-0.07595674938699451,0.1836553709290038,0.2,0.2,0.0,0.41562120994483776,-0.414877249937863,False
0,859,1.0733861974766965,0.34741850127713947,1.996895123822616,1.9435431690339309,-0.169937200682516,0.0,0.25071810336053596,0.27595674938699455,-0.1836553709290038,0.989241361618042,0.9892407655715942,-0.11909893900156021,0.14794088900089264,-0.12051772326231003,1.0,1.0729719797120356,0.34814259455523067,1.9968820681280188,1.9436993162881375,-0.1702963770491126,0.0,0.2507104660640374,0.27587611657131506,-0.18372150030623433,-0.05071046606403738,-0.07587611657131504,0.18372150030623433,0.2,0.2,0.0,0.41559229921076535,-0.4150140845293172,False
0,860,1.0729719797120356,0.34814259455523067,1.9968820681280188,1.9436993162881375,-0.1702963770491126,0.0,0.2507104660640374,0.27587611657131506,-0.18372150030623433,-0.9999998807907104,0.9825138449668884,-0.09569896757602692,0.5894289016723633,0.04296862334012985,0.9999129176139832,1.0729719797120356,0.34814259455523067,1.9968820681280188,1.9436993162881375,-0.1702963770491126,0.0,0.25067135866609386,0.27455308915354004,-0.18448969565311832,-0.050671358666093846,-0.07455308915354002,0.18448969565311832,0.2,0.2,0.0,0.4150325006808953,-0.40383653008349457,False
0,861,1.0729719797120356,0.34814259455523067,1.9968820681280188,1.9436993162881375,-0.1702963770491126,0.0,0.25067135866609386,0.27455308915354004,-0.18448969565311832,-0.9999889731407166,0.9974698424339294,-0.37089839577674866,0.7997344732284546,-0.3535352349281311,0.999919593334198,1.0729719797120356,0.34814259455523067,1.9968820681280188,1.9436993162881375,-0.1702963770491126,0.0,0.2506678313289149,0.2740650527310523,-0.1847192459932008,-0.05066783132891489,-0.07406505273105232,0.1847192459932008,0.2,0.2,0.0,0.4148098535858477,-0.4103569116848957,False
0,862,1.0729719797120356,0.34814259455523067,1.9968820681280188,1.9436993162881375,-0.1702963770491126,0.0,0.2506678313289149,0.2740650527310523,-0.1847192459932008,-0.9999915957450867,0.9969882965087891,-0.4701869487762451,0.7066937685012817,0.2511814534664154,0.9991884827613831,1.0610143906133982,0.3604232480202903,1.9946746843127579,1.951699516952215,-0.17125392394608135,0.0,0.25063739130264057,0.27368213151328197,-0.18480278765978922,-0.05063739130264057,-0.07368213151328197,0.18480278765978922,0.2,0.2,0.0,0.41457578481560575,-0.4098944094107666,False
0,863,1.0610143906133982,0.3604232480202903,1.9946746843127579,1.951699516952215,-0.17125392394608135,0.0,0.25063739130264057,0.27368213151328197,-0.18480278765978922,0.20181779563426971,0.9817845225334167,-0.6031695008277893,0.45824629068374634,-0.37912318110466003,0.9999994039535522,1.0590986543959977,0.3622951116376377,1.993410832381481,1.9531007175650985,-0.17034917221638912,0.0,0.25062400348452873,0.27341582253948765,-0.18481657466593507,-0.05062400348452871,-0.07341582253948763,0.18481657466593507,0.2,0.2,0.0,0.41439808084595037,-0.41084400145284267,False
0,864,1.0590986543959977,0.3622951116376377,1.993410832381481,1.9531007175650985,-0.17034917221638912,0.0,0.25062400348452873,0.27341582253948765,-0.18481657466593507,-0.9999995231628418,0.9829395413398743,-0.39044222235679626,0.12158968299627304,-0.30361390113830566,0.9985662698745728,1.0589684306069862,0.3626316857955247,1.993243148102589,1.9531935961253346,-0.1704770005872986,0.0,0.2506045453303023,0.2733057755705079,-0.18482215872070154,-0.050604545330302314,-0.07330577557050788,0.18482215872070154,0.2,0.2,0.0,0.41431620225931853,-0.41267863052668186,False
0,865,1.0589684306069862,0.3626316857955247,1.993243148102589,1.9531935961253346,-0.1704770005872986,0.0,0.2506045453303023,0.2733057755705079,-0.18482215872070154,0.997688353061676,0.988592803478241,-0.491089403629303,0.7735515832901001,-0.09862139821052551,0.998986542224884,1.0583827125440763,0.3634379813699443,1.9929120005533763,1.9533700738781699,-0.17070058890936843,0.0,0.2506266233615296,0.2731938574122619,-0.18484346168231383,-0.05062662336152955,-0.07319385741226184,0.18484346168231383,0.2,0.2,0.0,0.41426524521385366,-0.4132461043045562,False
0,866,1.0583827125440763,0.3634379813699443,1.9929120005533763,1.9533700738781699,-0.17070058890936843,0.0,0.2506266233615296,0.2731938574122619,-0.18484346168231383,0.9999983906745911,0.9926781058311462,-0.5776524543762207,0.713327169418335,-0.3905876874923706,0.9999644160270691,1.0591025303410249,0.364120396332713,1.9925562826597754,1.953902883236658,-0.1708177538714696,0.0,0.25051414231061936,0.2731171576269514,-0.1848697535707872,-0.05051414231061936,-0.07311715762695137,0.1848697535707872,0.2,0.2,0.0,0.41415835506865467,-0.41202055216467487,False
0,867,1.0591025303410249,0.364120396332713,1.9925562826597754,1.953902883236658,-0.1708177538714696,0.0,0.25051414231061936,0.2731171576269514,-0.1848697535707872,-1.0,0.9898689985275269,-0.644118070602417,0.3163391649723053,-0.5642349720001221,0.9999995827674866,1.0593231759247643,0.3646956090620999,1.9922086651740667,1.9542446779016327,-0.17107790285246652,0.0,0.25043654891730793,0.2730357832361513,-0.18487970075233767,-0.05043654891730791,-0.0730357832361513,0.18487970075233767,0.2,0.2,0.0,0.41406220270783434,-0.41213915549142766,False
0,868,1.0593231759247643,0.3646956090620999,1.9922086651740667,1.9542446779016327,-0.17107790285246652,0.0,0.25043654891730793,0.2730357832361513,-0.18487970075233767,-0.9999379515647888,0.9772075414657593,-0.3930131196975708,-0.1470049023628235,-0.4785146415233612,1.0,1.058603631357897,0.3653863296624993,1.9917584820278524,1.9544611296700969,-0.1714734586177926,0.0,0.25045590978258214,0.2728490682011083,-0.18486930379850453,-0.05045590978258213,-0.07284906820110834,0.18486930379850453,0.2,0.2,0.0,0.4139461755472295,-0.411625632335133,False
0,869,1.058603631357897,0.3653863296624993,1.9917584820278524,1.9544611296700969,-0.1714734586177926,0.0,0.25045590978258214,0.2728490682011083,-0.18486930379850453,-0.9999614953994751,0.9844957590103149,-0.6032096743583679,0.38828375935554504,-0.12028418481349945,0.9999985694885254,1.0566645439680227,0.36726358295498157,1.9906281374411579,1.9549048231973492,-0.1724398445147215,0.0,0.2504749764350642,0.27271067615432343,-0.18486427996799978,-0.050474976435064184,-0.07271067615432339,0.18486427996799978,0.2,0.2,0.0,0.41386426363819,-0.4122260254574,False
0,870,1.0566645439680227,0.36726358295498157,1.9906281374411579,1.9549048231973492,-0.1724398445147215,0.0,0.2504749764350642,0.27271067615432343,-0.18486427996799978,-0.9992851614952087,0.9985857605934143,-0.42607709765434265,0.7071503400802612,0.3319607973098755,0.9999999403953552,1.0566645439680227,0.36726358295498157,1.9906281374411579,1.9549048231973492,-0.1724398445147215,0.0,0.250337458120919,0.2703532361028009,-0.1854230903181493,-0.050337458120919026,-0.07035323610280085,0.1854230903181493,0.2,0.2,0.0,0.4124820452247979,-0.38483767695695614,False
0,871,1.0566645439680227,0.36726358295498157,1.9906281374411579,1.9549048231973492,-0.1724398445147215,0.0,0.250337458120919,0.2703532361028009,-0.1854230903181493,-0.6107343435287476,0.9941194653511047,-0.4773239493370056,0.8799903988838196,-0.45426273345947266,0.9999995231628418,1.0428913113168654,0.38102220360670885,1.9846902946490979,1.9645393012708705,-0.16801982325828158,0.0,0.25031256748229036,0.27004555493772814,-0.18549773168085154,-0.05031256748229032,-0.07004555493772813,0.18549773168085154,0.2,0.2,0.0,0.41229891054906137,-0.40863621703433034,False
0,872,1.0428913113168654,0.38102220360670885,1.9846902946490979,1.9645393012708705,-0.16801982325828158,0.0,0.25031256748229036,0.27004555493772814,-0.18549773168085154,-0.9712963104248047,0.9534958600997925,-0.42092394828796387,0.6093316078186035,-0.51603102684021,0.32446062564849854,1.04172871395167,0.38220610435428387,1.9841858273642625,1.9653917472435851,-0.16771215390435817,0.0,0.2503004355975411,0.2699255503837795,-0.1855265959226729,-0.05030043559754109,-0.06992555038377948,0.1855265959226729,0.2,0.2,0.0,0.412225943634022,-0.4107666053332343,False
0,873,1.04172871395167,0.38220610435428387,1.9841858273642625,1.9653917472435851,-0.16771215390435817,0.0,0.2503004355975411,0.2699255503837795,-0.1855265959226729,-1.0,0.9551111459732056,-0.38253629207611084,-0.0768028199672699,-0.5579497814178467,1.0,1.041162022085386,0.3827538911181879,1.98395078564582,1.9656171414403658,-0.1680288774087117,0.0,0.2503026173602602,0.2698303962216533,-0.18554465317077018,-0.050302617360260204,-0.06983039622165324,0.18554465317077018,0.2,0.2,0.0,0.4121730962869758,-0.41111614934605195,False
0,874,1.041162022085386,0.3827538911181879,1.98395078564582,1.9656171414403658,-0.1680288774087117,0.0,0.2503026173602602,0.2698303962216533,-0.18554465317077018,-0.9986633062362671,0.9697946310043335,-0.13997185230255127,-0.2296157330274582,-0.35603609681129456,0.9999796748161316,1.037872045594082,0.3858962441303905,1.9828193423351137,1.9653261463243303,-0.1697090456594943,0.0,0.2503882995573824,0.26955716493067217,-0.18557299488503856,-0.050388299557382374,-0.06955716493067213,0.18557299488503856,0.2,0.2,0.0,0.4120591003136584,-0.4097791808473103,False
0,875,1.037872045594082,0.3858962441303905,1.9828193423351137,1.9653261463243303,-0.1697090456594943,0.0,0.2503882995573824,0.26955716493067217,-0.18557299488503856,0.7533203363418579,0.9832881689071655,-0.3757469356060028,-0.026964623481035233,-0.3910391628742218,0.9999620914459229,1.037872045594082,0.3858962441303905,1.9828193423351137,1.9653261463243303,-0.1697090456594943,0.0,0.25041118757217695,0.26931088116754676,-0.18568590471099947,-0.05041118757217693,-0.06931088116754672,0.18568590471099947,0.2,0.2,0.0,0.41196282451805144,-0.4100373086059125,False
0,876,1.037872045594082,0.3858962441303905,1.9828193423351137,1.9653261463243303,-0.1697090456594943,0.0,0.25041118757217695,0.26931088116754676,-0.18568590471099947,-0.29956525564193726,0.998609721660614,-0.2641942501068115,0.690858006477356,-0.3909820020198822,0.9999997019767761,1.037872045594082,0.3858962441303905,1.9828193423351137,1.9653261463243303,-0.1697090456594943,0.0,0.2501400304863778,0.2692062905593216,-0.18572442754857613,-0.05014003048637776,-0.06920629055932158,0.18572442754857613,0.2,0.2,0.0,0.4117470397181772,-0.40743134372069284,False
0,877,1.037872045594082,0.3858962441303905,1.9828193423351137,1.9653261463243303,-0.1697090456594943,0.0,0.2501400304863778,0.2692062905593216,-0.18572442754857613,-0.9999595284461975,0.9976814985275269,-0.4525340795516968,0.49315163493156433,-0.2100801020860672,0.9999797940254211,1.0399571907106202,0.39203783017387744,1.9808028996249187,1.9649032156087858,-0.17207380446740425,0.0,0.2500145938033342,0.269157558033407,-0.18574208760856692,-0.05001459380333416,-0.06915755803340704,0.18574208760856692,0.2,0.2,0.0,0.4116469497887013,-0.4096451511991831,False
0,878,1.0399571907106202,0.39203783017387744,1.9808028996249187,1.9649032156087858,-0.17207380446740425,0.0,0.2500145938033342,0.269157558033407,-0.18574208760856692,-0.9967826008796692,0.9983126521110535,-0.485452264547348,0.6772781610488892,-0.4319654107093811,0.9451490044593811,1.0394024546293292,0.3925074133076519,1.9805744286492666,1.96521436717236,-0.17221484403454823,0.0,0.25001513224681426,0.26906130445228205,-0.1857576426191198,-0.05001513224681425,-0.06906130445228201,0.1857576426191198,0.2,0.2,0.0,0.41159136737469154,-0.41047971909449615,False
0,879,1.0394024546293292,0.3925074133076519,1.9805744286492666,1.96521436717236,-0.17221484403454823,0.0,0.25001513224681426,0.26906130445228205,-0.1857576426191198,-0.9999913573265076,0.9992564916610718,-0.25841349363327026,0.44474390149116516,-0.7765519618988037,-0.4549414813518524,1.038706447940059,0.39320683085583447,1.9802343240957911,1.9656890726448177,-0.17251917543025663,0.0,0.25001513224681426,0.26906130445228205,-0.1857576426191198,-0.05001513224681425,-0.06906130445228201,0.1857576426191198,0.2,0.2,0.0,0.41159136737469154,-0.41159136737469154,False
0,880,1.038706447940059,0.39320683085583447,1.9802343240957911,1.9656890726448177,-0.17251917543025663,0.0,0.25001513224681426,0.26906130445228205,-0.1857576426191198,0.8732038140296936,0.9953135848045349,-0.3389313519001007,0.7239698767662048,-0.34088215231895447,0.999988317489624,1.038706447940059,0.39320683085583447,1.9802343240957911,1.9656890726448177,-0.17251917543025663,0.0,0.24932107151804322,0.26836237441009225,-0.18605657174161686,-0.049321071518043214,-0.06836237441009221,0.18605657174161686,0.2,0.2,0.0,0.4108484009828579,-0.39598907314618526,False
0,881,1.038706447940059,0.39320683085583447,1.9802343240957911,1.9656890726448177,-0.17251917543025663,0.0,0.24932107151804322,0.26836237441009225,-0.18605657174161686,-0.9952607154846191,0.9852472543716431,0.12953239679336548,0.8763362765312195,-0.19272035360336304,0.9995325207710266,1.038706447940059,0.39320683085583447,1.9802343240957911,1.9656890726448177,-0.17251917543025663,0.0,0.24851069656019853,0.26773487977465876,-0.1863569743152747,-0.04851069656019853,-0.06773487977465874,0.1863569743152747,0.2,0.2,0.0,0.4100834720257938,-0.39478489288451196,False
0,882,1.038706447940059,0.39320683085583447,1.9802343240957911,1.9656890726448177,-0.17251917543025663,0.0,0.24851069656019853,0.26773487977465876,-0.1863569743152747,-0.9392136335372925,0.9562197923660278,0.24216310679912567,0.2966962456703186,-0.07824292033910751,0.9998179078102112,1.038706447940059,0.39320683085583447,1.9802343240957911,1.9656890726448177,-0.17251917543025663,0.0,0.24842451183389597,0.26754367851059613,-0.1865004317499736,-0.04842451183389597,-0.06754367851059609,0.1865004317499736,0.2,0.2,0.0,0.4099716685745703,-0.4077355995500998,False
0,883,1.038706447940059,0.39320683085583447,1.9802343240957911,1.9656890726448177,-0.17251917543025663,0.0,0.24842451183389597,0.26754367851059613,-0.1865004317499736,-0.998974621295929,0.9439982771873474,0.22093868255615234,0.7730190753936768,-0.7699592113494873,0.9992358088493347,1.038706447940059,0.39320683085583447,1.9802343240957911,1.9656890726448177,-0.17251917543025663,0.0,0.2486752442641807,0.26703577528743044,-0.1870210678769595,-0.0486752442641807,-0.06703577528743043,0.1870210678769595,0.2,0.2,0.0,0.41002970895173835,-0.41119051649509947,False
0,884,1.038706447940059,0.39320683085583447,1.9802343240957911,1.9656890726448177,-0.17251917543025663,0.0,0.2486752442641807,0.26703577528743044,-0.1870210678769595,-0.752632737159729,0.9897186160087585,0.08885034918785095,0.952895998954773,-0.42770567536354065,0.9999985694885254,1.038706447940059,0.39320683085583447,1.9802343240957911,1.9656890726448177,-0.17251917543025663,0.0,0.24877759747797484,0.2665246971340892,-0.18743621503174343,-0.04877759747797482,-0.0665246971340892,0.18743621503174343,0.2,0.2,0.0,0.40994882838563795,-0.40833121706363007,False
0,885,1.038706447940059,0.39320683085583447,1.9802343240957911,1.9656890726448177,-0.17251917543025663,0.0,0.24877759747797484,0.2665246971340892,-0.18743621503174343,-0.9990479350090027,0.9425346255302429,0.43437615036964417,0.8879486918449402,-0.6458274126052856,0.9999481439590454,1.0365683173980638,0.40981966035717177,1.9796246616137207,1.9766298273655603,-0.17963451470957445,0.0,0.2487940033902285,0.266411318765445,-0.18752437323101315,-0.04879400339022849,-0.06641131876544501,0.18752437323101315,0.2,0.2,0.0,0.4099254047323304,-0.4094569316661796,False
0,886,1.0365683173980638,0.40981966035717177,1.9796246616137207,1.9766298273655603,-0.17963451470957445,0.0,0.2487940033902285,0.266411318765445,-0.18752437323101315,-0.9548681974411011,0.9449620842933655,0.36638328433036804,0.7155859470367432,-0.7708756327629089,0.9999970197677612,1.035142329387147,0.41050376209630046,1.9800546794702794,1.9774167950747936,-0.1803524997342222,0.0,0.24879554559941758,0.2663411890493629,-0.1875889443696735,-0.04879554559941758,-0.0663411890493629,0.1875889443696735,0.2,0.2,0.0,0.40991031280521445,-0.4096084742628952,False
0,887,1.035142329387147,0.41050376209630046,1.9800546794702794,1.9774167950747936,-0.1803524997342222,0.0,0.24879554559941758,0.2663411890493629,-0.1875889443696735,-0.9973321557044983,0.9532434940338135,0.3410237729549408,0.7595582008361816,-0.6493219137191772,0.9991692304611206,1.0348044605103546,0.4108444241502338,1.9801828482861688,1.977673895036255,-0.1806209148538303,0.0,0.24879554559941758,0.2663411890493629,-0.1875889443696735,-0.04879554559941758,-0.0663411890493629,0.1875889443696735,0.2,0.2,0.0,0.40991031280521445,-0.40991031280521445,False
0,888,1.0348044605103546,0.4108444241502338,1.9801828482861688,1.977673895036255,-0.1806209148538303,0.0,0.24879554559941758,0.2663411890493629,-0.1875889443696735,-0.9810466170310974,0.990846574306488,0.20143473148345947,0.8904852271080017,-0.5207316279411316,0.9997918009757996,1.0343402478149606,0.41129737846297165,1.980317337955461,1.9780531521717044,-0.18090122088965235,0.0,0.24878109686573618,0.2662226123090164,-0.18769187754891156,-0.04878109686573617,-0.06622261230901638,0.18769187754891156,0.2,0.2,0.0,0.40987163156309225,-0.40909800672064833,False
0,889,1.0343402478149606,0.41129737846297165,1.980317337955461,1.9780531521717044,-0.18090122088965235,0.0,0.24878109686573618,0.2662226123090164,-0.18769187754891156,-0.9995135068893433,0.9998552203178406,0.4645156264305115,0.9335595965385437,-0.5516583323478699,0.9998520612716675,1.0334224670927783,0.41222244732572894,1.980566799675771,1.9788936463672953,-0.1813925139109574,0.0,0.24875263926928248,0.2660467866426215,-0.1878173501156505,-0.04875263926928246,-0.06604678664262145,0.1878173501156505,0.2,0.2,0.0,0.40979766376928406,-0.4083183078931202,False
0,890,1.0334224670927783,0.41222244732572894,1.980566799675771,1.9788936463672953,-0.1813925139109574,0.0,0.24875263926928248,0.2660467866426215,-0.1878173501156505,-0.9812214374542236,0.7192934155464172,0.0013131492305547,0.4736001491546631,-0.10529746115207672,0.9999962449073792,1.0334224670927783,0.41222244732572894,1.980566799675771,1.9788936463672953,-0.1813925139109574,0.0,0.24876551636089506,0.26356376668604536,-0.18915059578357168,-0.048765516360895045,-0.06356376668604534,0.18915059578357168,0.2,0.2,0.0,0.4088130246522474,-0.38912024231151404,False
0,891,1.0334224670927783,0.41222244732572894,1.980566799675771,1.9788936463672953,-0.1813925139109574,0.0,0.24876551636089506,0.26356376668604536,-0.18915059578357168,-0.8330128192901611,0.8130125999450684,0.7471469044685364,0.7041131854057312,-0.5777868032455444,0.9999968409538269,1.0334224670927783,0.41222244732572894,1.980566799675771,1.9788936463672953,-0.1813925139109574,0.0,0.24876095673134166,0.2628297455582258,-0.1895192850423058,-0.04876095673134165,-0.06282974555822579,0.1895192850423058,0.2,0.2,0.0,0.40850832078066773,-0.40241424334907455,False
0,892,1.0334224670927783,0.41222244732572894,1.980566799675771,1.9788936463672953,-0.1813925139109574,0.0,0.24876095673134166,0.2628297455582258,-0.1895192850423058,-0.8415024280548096,0.3206165134906769,0.5801213383674622,0.9817183017730713,-0.48728352785110474,0.9999933838844299,1.0113589495132727,0.42842732931673555,1.9806509397310308,1.9895954128957651,-0.18381192273166055,0.0,0.24865404701276994,0.26255513214605486,-0.19000577399746008,-0.048654047012769916,-0.06255513214605483,0.19000577399746008,0.2,0.2,0.0,0.40849262742971876,-0.40817876041073925,False
0,893,1.0113589495132727,0.42842732931673555,1.9806509397310308,1.9895954128957651,-0.18381192273166055,0.0,0.24865404701276994,0.26255513214605486,-0.19000577399746008,-0.9846208691596985,0.8825202584266663,0.5526764392852783,0.9634882211685181,-0.58209627866745,0.9999157190322876,1.0098429066914223,0.4264742213647224,1.9866397717005115,1.9962621588939373,-0.18807274922104453,0.0,0.24852841947112253,0.2622887470087924,-0.19054405886177825,-0.048528419471122505,-0.0622887470087924,0.19054405886177825,0.2,0.2,0.0,0.4084957777747248,-0.4085587846748454,False
0,894,1.0098429066914223,0.4264742213647224,1.9866397717005115,1.9962621588939373,-0.18807274922104453,0.0,0.24852841947112253,0.2622887470087924,-0.19054405886177825,-0.9914722442626953,0.9891394972801208,0.7114911079406738,0.7382495403289795,-0.6000425219535828,0.9976191520690918,1.0093926754040092,0.4267426434906278,1.9872023524535023,1.9969216028577905,-0.18852517329812588,0.0,0.24850914461678658,0.2622283798530611,-0.1906263238835116,-0.048509144616786556,-0.06222837985306108,0.1906263238835116,0.2,0.2,0.0,0.40848367594785195,-0.40824163941039526,False
0,895,1.0093926754040092,0.4267426434906278,1.9872023524535023,1.9969216028577905,-0.18852517329812588,0.0,0.24850914461678658,0.2622283798530611,-0.1906263238835116,-0.958406925201416,0.37225228548049927,0.5874654054641724,0.9136499762535095,-0.6303717494010925,0.9993921518325806,1.0089315373632213,0.4271701395811205,1.987524179471769,1.997272472047684,-0.18880488751732422,0.0,0.2484859972702056,0.2620968021567087,-0.19076960417475272,-0.04848599727020557,-0.06209680215670869,0.19076960417475272,0.2,0.2,0.0,0.40845203686251014,-0.4078192551556738,False
0,896,1.0089315373632213,0.4271701395811205,1.987524179471769,1.997272472047684,-0.18880488751732422,0.0,0.2484859972702056,0.2620968021567087,-0.19076960417475272,-0.9581226110458374,-0.5379221439361572,0.7343671321868896,0.7158557772636414,-0.6482251286506653,0.9998722672462463,1.00837494304511,0.4273256443771247,1.9878732166669733,1.9977933931525413,-0.18917263534313428,0.0,0.2484859972702056,0.2620968021567087,-0.19076960417475272,-0.04848599727020557,-0.06209680215670869,0.19076960417475272,0.2,0.2,0.0,0.40845203686251014,-0.40845203686251014,False
0,897,1.00837494304511,0.4273256443771247,1.9878732166669733,1.9977933931525413,-0.18917263534313428,0.0,0.2484859972702056,0.2620968021567087,-0.19076960417475272,-0.9540665149688721,0.6266321539878845,0.6222819089889526,0.7949955463409424,-0.43065544962882996,0.99998539686203,1.0082638607086292,0.42726016544633777,1.9879588725152832,1.9978756903574955,-0.18924784784316637,0.0,0.248477711888982,0.261894439094185,-0.19098410674709418,-0.04847771188898198,-0.061894439094184996,0.19098410674709418,0.2,0.2,0.0,0.40841743298251504,-0.40772535538261306,False
0,898,1.0082638607086292,0.42726016544633777,1.9879588725152832,1.9978756903574955,-0.18924784784316637,0.0,0.248477711888982,0.261894439094185,-0.19098410674709418,-0.9744404554367065,-0.6079095602035522,0.6647642850875854,0.9369063377380371,-0.6846473217010498,0.9999995231628418,1.0082638607086292,0.42726016544633777,1.9879588725152832,1.9978756903574955,-0.18924784784316637,0.0,0.24830823115963707,0.26043910960771866,-0.19247143689337584,-0.04830823115963705,-0.06043910960771863,0.19247143689337584,0.2,0.2,0.0,0.4080818073556941,-0.4013692948192754,False
0,899,1.0082638607086292,0.42726016544633777,1.9879588725152832,1.9978756903574955,-0.18924784784316637,0.0,0.24830823115963707,0.26043910960771866,-0.19247143689337584,-0.9930436611175537,0.9639800786972046,0.632635235786438,0.7350907325744629,-0.47705328464508057,0.9800084829330444,1.0082638607086292,0.42726016544633777,1.9879588725152832,1.9978756903574955,-0.18924784784316637,0.0,0.24815599322783627,0.25938142290654137,-0.19354444539840954,-0.04815599322783626,-0.05938142290654137,0.19354444539840954,0.2,0.2,0.0,0.407822966332812,-0.4026461458751701,False
0,900,1.0082638607086292,0.42726016544633777,1.9879588725152832,1.9978756903574955,-0.18924784784316637,0.0,0.24815599322783627,0.25938142290654137,-0.19354444539840954,-0.9460564851760864,0.8063633441925049,0.7185823917388916,0.68311607837677,-0.37664663791656494,0.9993864297866821,1.0082638607086292,0.42726016544633777,1.9879588725152832,1.9978756903574955,-0.18924784784316637,0.0,0.2480843858730173,0.25912440976681317,-0.1938008176395463,-0.04808438587301728,-0.05912440976681316,0.1938008176395463,0.2,0.2,0.0,0.4077377578404386,-0.4060335879929701,False
0,901,1.0082638607086292,0.42726016544633777,1.9879588725152832,1.9978756903574955,-0.18924784784316637,0.0,0.2480843858730173,0.25912440976681317,-0.1938008176395463,-0.9965832829475403,0.6485806703567505,0.742824912071228,0.703726589679718,-0.43613219261169434,0.999995231628418,1.0082638607086292,0.42726016544633777,1.9879588725152832,1.9978756903574955,-0.18924784784316637,0.0,0.2480843858730173,0.25912440976681317,-0.1938008176395463,-0.04808438587301728,-0.05912440976681316,0.1938008176395463,0.2,0.2,0.0,0.4077377578404386,-0.4077377578404386,False
0,902,1.0082638607086292,0.42726016544633777,1.9879588725152832,1.9978756903574955,-0.18924784784316637,0.0,0.2480843858730173,0.25912440976681317,-0.1938008176395463,-0.9952602982521057,0.9975636601448059,0.7227286696434021,0.5692163109779358,-0.3786180913448334,0.9812576174736023,1.0082638607086292,0.42726016544633777,1.9879588725152832,1.9978756903574955,-0.18924784784316637,0.0,0.24804872000909023,0.25895867232974595,-0.1940059823634356,-0.04804872000909022,-0.05895867232974593,0.1940059823634356,0.2,0.2,0.0,0.40770833038550297,-0.40711978128679066,False
0,903,1.0082638607086292,0.42726016544633777,1.9879588725152832,1.9978756903574955,-0.18924784784316637,0.0,0.24804872000909023,0.25895867232974595,-0.1940059823634356,-0.7714717388153076,0.3690774142742157,0.8035291433334351,0.09734191745519638,-0.4904782772064209,0.9997907280921936,1.0082638607086292,0.42726016544633777,1.9879588725152832,1.9978756903574955,-0.18924784784316637,0.0,0.2479912422053801,0.2586801268793366,-0.1943563538056856,-0.047991242205380105,-0.058680126879336596,0.1943563538056856,0.2,0.2,0.0,0.40766341081524354,-0.406765019410055,False
0,904,1.0082638607086292,0.42726016544633777,1.9879588725152832,1.9978756903574955,-0.18924784784316637,0.0,0.2479912422053801,0.2586801268793366,-0.1943563538056856,-0.9845408201217651,0.681681752204895,0.8250734210014343,0.8316815495491028,-0.6073998212814331,0.9918694496154785,1.0082638607086292,0.42726016544633777,1.9879588725152832,1.9978756903574955,-0.18924784784316637,0.0,0.2479912422053801,0.2586801268793366,-0.1943563538056856,-0.047991242205380105,-0.058680126879336596,0.1943563538056856,0.2,0.2,0.0,0.40766341081524354,-0.40766341081524354,False
0,905,1.0082638607086292,0.42726016544633777,1.9879588725152832,1.9978756903574955,-0.18924784784316637,0.0,0.2479912422053801,0.2586801268793366,-0.1943563538056856,-0.9841188192367554,0.39499661326408386,0.7886032462120056,0.8120864033699036,-0.32824331521987915,0.9957056045532227,1.0082638607086292,0.42726016544633777,1.9879588725152832,1.9978756903574955,-0.18924784784316637,0.0,0.2479912422053801,0.2586801268793366,-0.1943563538056856,-0.047991242205380105,-0.058680126879336596,0.1943563538056856,0.2,0.2,0.0,0.40766341081524354,-0.40766341081524354,False
0,906,1.0082638607086292,0.42726016544633777,1.9879588725152832,1.9978756903574955,-0.18924784784316637,0.0,0.2479912422053801,0.2586801268793366,-0.1943563538056856,-0.9868985414505005,0.3633294701576233,0.7617602348327637,0.28749972581863403,-0.4231116473674774,-0.6280036568641663,1.0082638607086292,0.42726016544633777,1.9879588725152832,1.9978756903574955,-0.18924784784316637,0.0,0.24799523784156996,0.2586761708694354,-0.19437677796618216,-0.04799523784156996,-0.05867617086943541,0.19437677796618216,0.2,0.2,0.0,0.407673068990686,-0.40786623249953524,False
0,907,1.0082638607086292,0.42726016544633777,1.9879588725152832,1.9978756903574955,-0.18924784784316637,0.0,0.24799523784156996,0.2586761708694354,-0.19437677796618216,-0.9405853748321533,0.7086940407752991,0.726030707359314,0.3340427577495575,-0.30485206842422485,0.9996265172958374,1.0082638607086292,0.42726016544633777,1.9879588725152832,1.9978756903574955,-0.18924784784316637,0.0,0.2480561676024865,0.25868356931220265,-0.19445866661319133,-0.0480561676024865,-0.058683569312202664,0.19445866661319133,0.2,0.2,0.0,0.4077538771596345,-0.4093700405386047,False
0,908,1.0082638607086292,0.42726016544633777,1.9879588725152832,1.9978756903574955,-0.18924784784316637,0.0,0.2480561676024865,0.25868356931220265,-0.19445866661319133,-0.9738083481788635,-0.5985206961631775,0.6988412141799927,0.8849050998687744,-0.5704543590545654,0.9967491626739502,0.9880681462349212,0.4403597163766732,2.0018734956710778,2.0124769123886916,-0.19880680371449141,0.0,0.2480868019734483,0.2586876328871243,-0.19450529265822963,-0.048086801973448265,-0.058687632887124294,0.19450529265822963,0.2,0.2,0.0,0.40779732906705035,-0.4086663672153671,False
0,909,0.9880681462349212,0.4403597163766732,2.0018734956710778,2.0124769123886916,-0.19880680371449141,0.0,0.2480868019734483,0.2586876328871243,-0.19450529265822963,-0.9883196353912354,0.9327601194381714,0.7838343381881714,0.8505265712738037,-0.295683890581131,0.9999542832374573,0.9873355643848336,0.4405281327151534,2.002559144020704,2.0123317059551216,-0.1989978205599674,0.0,0.2480914067013591,0.2586711965627759,-0.19453649257692915,-0.0480914067013591,-0.05867119656277586,0.19453649257692915,0.2,0.2,0.0,0.40780458672556763,-0.4079497398959132,False
0,910,0.9873355643848336,0.4405281327151534,2.002559144020704,2.0123317059551216,-0.1989978205599674,0.0,0.2480914067013591,0.2586711965627759,-0.19453649257692915,-0.8467748165130615,0.9750356674194336,0.7400553822517395,0.476019024848938,-0.3838433027267456,0.9999666213989258,0.9873355643848336,0.4405281327151534,2.002559144020704,2.0123317059551216,-0.1989978205599674,0.0,0.2475875720459831,0.2566345676053453,-0.1969219317942528,-0.0475875720459831,-0.0566345676053453,0.1969219317942528,0.2,0.2,0.0,0.40735629901007764,-0.3983905447002778,False
0,911,0.9873355643848336,0.4405281327151534,2.002559144020704,2.0123317059551216,-0.1989978205599674,0.0,0.2475875720459831,0.2566345676053453,-0.1969219317942528,-0.9395485520362854,0.8333970308303833,0.6758903861045837,0.21178364753723145,0.23441921174526215,0.999858558177948,0.9873355643848336,0.4405281327151534,2.002559144020704,2.0123317059551216,-0.1989978205599674,0.0,0.2474113728188774,0.25597267767115994,-0.1976849594602433,-0.04741137281887739,-0.055972677671159946,0.1976849594602433,0.2,0.2,0.0,0.40720233583694376,-0.40412307237426626,False
0,912,0.9873355643848336,0.4405281327151534,2.002559144020704,2.0123317059551216,-0.1989978205599674,0.0,0.2474113728188774,0.25597267767115994,-0.1976849594602433,-0.9993677139282227,0.9371816515922546,0.618027925491333,0.08947744220495224,0.06131076067686081,0.9999861121177673,0.9873355643848336,0.4405281327151534,2.002559144020704,2.0123317059551216,-0.1989978205599674,0.0,0.24741964830607588,0.2557101087037955,-0.19803462977855074,-0.04741964830607587,-0.0557101087037955,0.19803462977855074,0.2,0.2,0.0,0.40721229924050284,-0.4074115673116844,False
0,913,0.9873355643848336,0.4405281327151534,2.002559144020704,2.0123317059551216,-0.1989978205599674,0.0,0.24741964830607588,0.2557101087037955,-0.19803462977855074,-0.9994392991065979,0.980078399181366,0.6900309324264526,0.6753158569335938,0.23384900391101837,0.9813613891601562,0.9713577265013987,0.45794525190284124,2.015955657134349,2.020190301815445,-0.2037111088007426,0.0,0.2471980196245455,0.25487855265902865,-0.19871789539650017,-0.04719801962454548,-0.05487855265902864,0.19871789539650017,0.2,0.2,0.0,0.4068890997098261,-0.4004251090962917,False
0,914,0.9713577265013987,0.45794525190284124,2.015955657134349,2.020190301815445,-0.2037111088007426,0.0,0.2471980196245455,0.25487855265902865,-0.19871789539650017,-0.9837379455566406,0.9404119849205017,0.603268027305603,0.8341675400733948,0.4375920295715332,0.9999924898147583,0.9713577265013987,0.45794525190284124,2.015955657134349,2.020190301815445,-0.2037111088007426,0.0,0.24685555996513456,0.253794802482633,-0.1995840866577923,-0.04685555996513455,-0.053794802482632985,0.1995840866577923,0.2,0.2,0.0,0.4064274558884082,-0.39719457946004927,False
0,915,0.9713577265013987,0.45794525190284124,2.015955657134349,2.020190301815445,-0.2037111088007426,0.0,0.24685555996513456,0.253794802482633,-0.1995840866577923,-0.9972701668739319,0.980278491973877,0.6301553249359131,0.40988969802856445,0.2415485382080078,0.96632319688797,0.9713577265013987,0.45794525190284124,2.015955657134349,2.020190301815445,-0.2037111088007426,0.0,0.24605422756111903,0.25145137787121885,-0.20156802273001592,-0.046054227561119015,-0.05145137787121883,0.20156802273001592,0.2,0.2,0.0,0.40546287884505733,-0.38617133797804043,False
0,916,0.9713577265013987,0.45794525190284124,2.015955657134349,2.020190301815445,-0.2037111088007426,0.0,0.24605422756111903,0.25145137787121885,-0.20156802273001592,-0.9926921725273132,0.995140016078949,0.5400909185409546,0.3829314708709717,0.4040016531944275,0.9999798536300659,0.9713577265013987,0.45794525190284124,2.015955657134349,2.020190301815445,-0.2037111088007426,0.0,0.24606715308755572,0.25087902228060766,-0.2024692295534801,-0.0460671530875557,-0.05087902228060765,0.2024692295534801,0.2,0.2,0.0,0.4055651816478678,-0.4076112377040775,False
0,917,0.9713577265013987,0.45794525190284124,2.015955657134349,2.020190301815445,-0.2037111088007426,0.0,0.24606715308755572,0.25087902228060766,-0.2024692295534801,-0.9997683167457581,0.8625880479812622,0.6191432476043701,0.3031887114048004,0.23570027947425842,0.9999991655349731,0.9713577265013987,0.45794525190284124,2.015955657134349,2.020190301815445,-0.2037111088007426,0.0,0.24615859429449272,0.25080395928783217,-0.2025836333194058,-0.04615859429449269,-0.05080395928783214,0.2025836333194058,0.2,0.2,0.0,0.40563136963058555,-0.40695512928494026,False
0,918,0.9713577265013987,0.45794525190284124,2.015955657134349,2.020190301815445,-0.2037111088007426,0.0,0.24615859429449272,0.25080395928783217,-0.2025836333194058,-0.9995055198669434,0.9704801440238953,0.6591910123825073,0.6597875356674194,0.22606420516967773,0.9999932050704956,0.9713577265013987,0.45794525190284124,2.015955657134349,2.020190301815445,-0.2037111088007426,0.0,0.246292348905212,0.25093002573777934,-0.2026312696499483,-0.046292348905212014,-0.0509300257377793,0.2026312696499483,0.2,0.2,0.0,0.40581428065798686,-0.4094725012060131,False
0,919,0.9713577265013987,0.45794525190284124,2.015955657134349,2.020190301815445,-0.2037111088007426,0.0,0.246292348905212,0.25093002573777934,-0.2026312696499483,-0.9999980330467224,-0.10186763852834702,0.6094228029251099,-0.1257902979850769,0.19590041041374207,0.7523046135902405,0.9713577265013987,0.45794525190284124,2.015955657134349,2.020190301815445,-0.2037111088007426,0.0,0.24638333783028177,0.25103243536915154,-0.20260659914365498,-0.04638333783028176,-0.05103243536915153,0.20260659914365498,0.2,0.2,0.0,0.40592051781637706,-0.40804526098418104,False
0,920,0.9713577265013987,0.45794525190284124,2.015955657134349,2.020190301815445,-0.2037111088007426,0.0,0.24638333783028177,0.25103243536915154,-0.20260659914365498,-0.9999945759773254,0.6238513588905334,0.6443617343902588,0.44468313455581665,0.22422383725643158,0.9991635680198669,0.9713577265013987,0.45794525190284124,2.015955657134349,2.020190301815445,-0.2037111088007426,0.0,0.24687802797235509,0.2516507332211411,-0.20233529891231375,-0.046878027972355074,-0.05165073322114112,0.20233529891231375,0.2,0.2,0.0,0.40646823419818706,-0.41742256183438714,False
0,921,0.9713577265013987,0.45794525190284124,2.015955657134349,2.020190301815445,-0.2037111088007426,0.0,0.24687802797235509,0.2516507332211411,-0.20233529891231375,-0.9224912524223328,0.9835478663444519,0.553898811340332,-0.23291152715682983,0.5206790566444397,0.9999997615814209,0.9713577265013987,0.45794525190284124,2.015955657134349,2.020190301815445,-0.2037111088007426,0.0,0.24680541285412036,0.2515078499174915,-0.20245038334502155,-0.04680541285412035,-0.05150784991749148,0.20245038334502155,0.2,0.2,0.0,0.40639299711087346,-0.4048882553646013,False
0,922,0.9713577265013987,0.45794525190284124,2.015955657134349,2.020190301815445,-0.2037111088007426,0.0,0.24680541285412036,0.2515078499174915,-0.20245038334502155,0.6376708745956421,0.9538584351539612,0.5581527948379517,-0.032515741884708405,0.3809957504272461,0.9999998807907104,0.9713577265013987,0.45794525190284124,2.015955657134349,2.020190301815445,-0.2037111088007426,0.0,0.24691068897168966,0.2516884164901816,-0.20245319710941923,-0.04691068897168964,-0.05168841649018159,0.20245319710941923,0.2,0.2,0.0,0.40657009769981234,-0.41011210947859,False
0,923,0.9713577265013987,0.45794525190284124,2.015955657134349,2.020190301815445,-0.2037111088007426,0.0,0.24691068897168966,0.2516884164901816,-0.20245319710941923,-0.9997270703315735,0.9461143612861633,0.6145676970481873,0.07428404688835144,0.6595114469528198,0.9985189437866211,0.9713577265013987,0.45794525190284124,2.015955657134349,2.020190301815445,-0.2037111088007426,0.0,0.24721088105260963,0.25221527542449584,-0.2023926968374609,-0.04721088105260962,-0.052215275424495805,0.2023926968374609,0.2,0.2,0.0,0.4070486071729053,-0.4166187966347647,False
0,924,0.9713577265013987,0.45794525190284124,2.015955657134349,2.020190301815445,-0.2037111088007426,0.0,0.24721088105260963,0.25221527542449584,-0.2023926968374609,-0.9996312260627747,0.8435715436935425,0.5635523200035095,-0.6440036296844482,0.6760673522949219,0.9999997615814209,0.9713577265013987,0.45794525190284124,2.015955657134349,2.020190301815445,-0.2037111088007426,0.0,0.2470786566501906,0.2524558271995748,-0.2023818051392955,-0.04707865665019059,-0.052455827199574825,0.2023818051392955,0.2,0.2,0.0,0.4071120267328443,-0.40838041793162416,False
0,925,0.9713577265013987,0.45794525190284124,2.015955657134349,2.020190301815445,-0.2037111088007426,0.0,0.2470786566501906,0.2524558271995748,-0.2023818051392955,-0.9924363493919373,0.5742107629776001,0.6182928085327148,-0.05075455829501152,-0.010361002758145332,0.9999997615814209,0.9475225210808852,0.48386508985177884,2.0331522496162844,2.013185756371766,-0.18946071300505146,0.0,0.24719855543465313,0.25287759275431276,-0.20228563435586652,-0.04719855543465312,-0.05287759275431274,0.20228563435586652,0.2,0.2,0.0,0.40739867524692647,-0.4131316455285698,False
0,926,0.9475225210808852,0.48386508985177884,2.0331522496162844,2.013185756371766,-0.18946071300505146,0.0,0.24719855543465313,0.25287759275431276,-0.20228563435586652,-0.9998742938041687,0.9366748332977295,0.4504556953907013,-0.6379958987236023,0.41904035210609436,0.9999999403953552,0.9468478875587483,0.4828773748796708,2.033305878898362,2.013808584127691,-0.19111508854862244,0.0,0.24750926195322243,0.25303934559236807,-0.202171190914782,-0.04750926195322243,-0.05303934559236806,0.202171190914782,0.2,0.2,0.0,0.4076308815660855,-0.4122750079492664,False
0,927,0.9468478875587483,0.4828773748796708,2.033305878898362,2.013808584127691,-0.19111508854862244,0.0,0.24750926195322243,0.25303934559236807,-0.202171190914782,-0.7492783069610596,0.9233148097991943,0.49744468927383423,-0.5136414766311646,0.6600778698921204,0.9977419376373291,0.9459637851955944,0.48267787596862427,2.0336255311195215,2.013925797033079,-0.19196392877201054,0.0,0.24754452717931447,0.2530080885523082,-0.20221594698429687,-0.04754452717931447,-0.053008088552308194,0.20221594698429687,0.2,0.2,0.0,0.407655093214937,-0.40813932619196636,False
0,928,0.9459637851955944,0.48267787596862427,2.0336255311195215,2.013925797033079,-0.19196392877201054,0.0,0.24754452717931447,0.2530080885523082,-0.20221594698429687,0.7527428865432739,0.943311333656311,0.4934951961040497,-0.6447926759719849,0.08320499211549759,0.9998682737350464,0.9453261972142757,0.4835020448911742,2.0340570773872457,2.013467335564067,-0.19135348507079206,0.0,0.24754452717931447,0.2530080885523082,-0.20221594698429687,-0.04754452717931447,-0.053008088552308194,0.20221594698429687,0.2,0.2,0.0,0.407655093214937,-0.407655093214937,False
0,929,0.9453261972142757,0.4835020448911742,2.0340570773872457,2.013467335564067,-0.19135348507079206,0.0,0.24754452717931447,0.2530080885523082,-0.20221594698429687,-0.9997090697288513,0.8599227666854858,0.48396727442741394,-0.23011301457881927,0.24058282375335693,0.9999979138374329,0.9453261972142757,0.4835020448911742,2.0340570773872457,2.013467335564067,-0.19135348507079206,0.0,0.24755683771518117,0.2527585167537774,-0.20259720608859252,-0.04755683771518114,-0.05275851675377739,0.20259720608859252,0.2,0.2,0.0,0.40769704880709373,-0.40853616065022874,False
0,930,0.9453261972142757,0.4835020448911742,2.0340570773872457,2.013467335564067,-0.19135348507079206,0.0,0.24755683771518117,0.2527585167537774,-0.20259720608859252,-0.9999993443489075,0.783630907535553,0.43918198347091675,0.17510521411895752,0.31917765736579895,0.9993420839309692,0.9453261972142757,0.4835020448911742,2.0340570773872457,2.013467335564067,-0.19135348507079206,0.0,0.2472829867595141,0.2503650441489092,-0.2048731417519323,-0.047282986759514076,-0.05036504414890917,0.2048731417519323,0.2,0.2,0.0,0.4071910302102671,-0.3970706582737343,False
0,931,0.9453261972142757,0.4835020448911742,2.0340570773872457,2.013467335564067,-0.19135348507079206,0.0,0.2472829867595141,0.2503650441489092,-0.2048731417519323,-0.9999517798423767,0.8384361267089844,0.6203640699386597,-0.8388832807540894,0.5507807731628418,0.9999930262565613,0.9453261972142757,0.4835020448911742,2.0340570773872457,2.013467335564067,-0.19135348507079206,0.0,0.24725615180875044,0.2502407529770423,-0.20497304335515412,-0.04725615180875041,-0.05024075297704228,0.20497304335515412,0.2,0.2,0.0,0.40714860623617866,-0.40630012675440996,False
0,932,0.9453261972142757,0.4835020448911742,2.0340570773872457,2.013467335564067,-0.19135348507079206,0.0,0.24725615180875044,0.2502407529770423,-0.20497304335515412,-0.9985222220420837,0.9138743281364441,0.632331132888794,-0.12701542675495148,0.23948508501052856,0.9999310374259949,0.9233572514152916,0.501095277819549,2.0439224731745242,2.01579100374335,-0.18461150943670745,0.0,0.24725970668927158,0.2501189377826616,-0.2052473361038437,-0.04725970668927157,-0.05011893778266156,0.2052473361038437,0.2,0.2,0.0,0.40721408935265946,-0.4085237516822755,False
0,933,0.9233572514152916,0.501095277819549,2.0439224731745242,2.01579100374335,-0.18461150943670745,0.0,0.24725970668927158,0.2501189377826616,-0.2052473361038437,-1.0,0.9623814821243286,0.5786130428314209,-0.6255048513412476,0.2542445957660675,0.8855631947517395,0.9225666259421735,0.5020816647434088,2.044839920785608,2.0151346075115044,-0.18455068054696797,0.0,0.24725970668927158,0.2501189377826616,-0.2052473361038437,-0.04725970668927157,-0.05011893778266156,0.2052473361038437,0.2,0.2,0.0,0.40721408935265946,-0.40721408935265946,False
0,934,0.9225666259421735,0.5020816647434088,2.044839920785608,2.0151346075115044,-0.18455068054696797,0.0,0.24725970668927158,0.2501189377826616,-0.2052473361038437,-0.9958351850509644,0.8836971521377563,0.646957278251648,-0.3959537744522095,0.039739321917295456,0.9983663558959961,0.9212849898324365,0.5034351171965714,2.045832924638583,2.0142739997445243,-0.18431668117104952,0.0,0.24726467571447824,0.25008702241612496,-0.20531814647484883,-0.047264675714478246,-0.05008702241612494,0.20531814647484883,0.2,0.2,0.0,0.4072332008923351,-0.4076154316858482,False
0,935,0.9212849898324365,0.5034351171965714,2.045832924638583,2.0142739997445243,-0.18431668117104952,0.0,0.24726467571447824,0.25008702241612496,-0.20531814647484883,0.9806837439537048,0.9042671322822571,0.5987792015075684,-0.4694673717021942,0.32963091135025024,0.9999735355377197,0.9211800510954395,0.5038421847402638,2.046120210623516,2.0140843395740626,-0.1842493003070123,0.0,0.24728137483318852,0.25001697868191153,-0.20544074965772555,-0.04728137483318849,-0.050016978681911545,0.20544074965772555,0.2,0.2,0.0,0.40726216321744346,-0.40784140971961047,False
0,936,0.9211800510954395,0.5038421847402638,2.046120210623516,2.0140843395740626,-0.1842493003070123,0.0,0.24728137483318852,0.25001697868191153,-0.20544074965772555,-0.9968051314353943,0.7526575922966003,0.6110082864761353,-0.6566972732543945,0.3975907862186432,0.9999998807907104,0.9198179273150768,0.505417305355604,2.047354108027738,2.012815566056914,-0.18346583503733782,0.0,0.24724041644114908,0.25000458345850735,-0.20552908886513147,-0.047240416441149055,-0.05000458345850733,0.20552908886513147,0.2,0.2,0.0,0.40727425850645865,-0.40751616428676246,False
0,937,0.9198179273150768,0.505417305355604,2.047354108027738,2.012815566056914,-0.18346583503733782,0.0,0.24724041644114908,0.25000458345850735,-0.20552908886513147,-0.9999999403953552,0.866410493850708,0.6200850009918213,-0.5947069525718689,0.02497427724301815,0.9932275414466858,0.9198179273150768,0.505417305355604,2.047354108027738,2.012815566056914,-0.18346583503733782,0.0,0.24739130224817124,0.24979115346747804,-0.20603736396961062,-0.047391302248171216,-0.04979115346747802,0.20603736396961062,0.2,0.2,0.0,0.40749168351047976,-0.41184018359090196,False
0,938,0.9198179273150768,0.505417305355604,2.047354108027738,2.012815566056914,-0.18346583503733782,0.0,0.24739130224817124,0.24979115346747804,-0.20603736396961062,-0.9128644466400146,0.8924543261528015,0.6397069692611694,-0.5880875587463379,0.30468493700027466,0.9999924898147583,0.9198179273150768,0.505417305355604,2.047354108027738,2.012815566056914,-0.18346583503733782,0.0,0.24748662922287196,0.2494985089187624,-0.20662895878242063,-0.04748662922287193,-0.04949850891876241,0.20662895878242063,0.2,0.2,0.0,0.4076697980035955,-0.4112320878659099,False
0,939,0.9198179273150768,0.505417305355604,2.047354108027738,2.012815566056914,-0.18346583503733782,0.0,0.24748662922287196,0.2494985089187624,-0.20662895878242063,-0.9999974966049194,0.8849955201148987,0.6420756578445435,-0.7951932549476624,0.5330630540847778,0.9999988675117493,0.9198179273150768,0.505417305355604,2.047354108027738,2.012815566056914,-0.18346583503733782,0.0,0.24762370855775012,0.24905531814434073,-0.20759029586898156,-0.04762370855775011,-0.04905531814434073,0.20759029586898156,0.2,0.2,0.0,0.407970321806432,-0.41398079786316233,False
0,940,0.9198179273150768,0.505417305355604,2.047354108027738,2.012815566056914,-0.18346583503733782,0.0,0.24762370855775012,0.24905531814434073,-0.20759029586898156,-0.9926100969314575,0.8353103399276733,0.5240193605422974,-0.7549717426300049,0.6922179460525513,0.9071649312973022,0.9198179273150768,0.505417305355604,2.047354108027738,2.012815566056914,-0.18346583503733782,0.0,0.24781410262383735,0.2488882246348471,-0.20802595197739762,-0.04781410262383734,-0.048888224634847086,0.20802595197739762,0.2,0.2,0.0,0.40820579922049915,-0.4129153475018422,False
0,941,0.9198179273150768,0.505417305355604,2.047354108027738,2.012815566056914,-0.18346583503733782,0.0,0.24781410262383735,0.2488882246348471,-0.20802595197739762,-0.9999988675117493,0.822746992111206,0.583179235458374,-0.4789171516895294,-0.006493395194411278,0.9999978542327881,0.9198179273150768,0.505417305355604,2.047354108027738,2.012815566056914,-0.18346583503733782,0.0,0.2479350243322166,0.24873324009074987,-0.20835156370560218,-0.04793502433221658,-0.04873324009074987,0.20835156370560218,0.2,0.2,0.0,0.40835079908729094,-0.4112507964231266,False
0,942,0.9198179273150768,0.505417305355604,2.047354108027738,2.012815566056914,-0.18346583503733782,0.0,0.2479350243322166,0.24873324009074987,-0.20835156370560218,-0.9998354315757751,0.8450552821159363,0.6052900552749634,-0.33691340684890747,0.3892083764076233,0.9998505711555481,0.9000631362141412,0.5225531536737481,2.0588829367748898,1.998463547846393,-0.1725212330620401,0.0,0.24788539395924813,0.24854770038528656,-0.20853678055906388,-0.04788539395924811,-0.04854770038528654,0.20853678055906388,0.2,0.2,0.0,0.4083022370145491,-0.40733099555971225,False
0,943,0.9000631362141412,0.5225531536737481,2.0588829367748898,1.998463547846393,-0.1725212330620401,0.0,0.24788539395924813,0.24854770038528656,-0.20853678055906388,-0.999996542930603,0.919167160987854,0.5637059211730957,-0.49829399585723877,0.43920931220054626,0.999966561794281,0.8980294216932538,0.5241005077760473,2.060151200776276,1.9989814076463712,-0.17303797812796679,0.0,0.24786750312924222,0.24848681247228327,-0.20859724397052606,-0.04786750312924222,-0.048486812472283244,0.20859724397052606,0.2,0.2,0.0,0.4082852008979259,-0.4079444785654623,False
0,944,0.8980294216932538,0.5241005077760473,2.060151200776276,1.9989814076463712,-0.17303797812796679,0.0,0.24786750312924222,0.24848681247228327,-0.20859724397052606,-0.9967502355575562,0.8864571452140808,0.6385802030563354,-0.5268514156341553,-0.21738024055957794,-0.9698601961135864,0.8974104552608432,0.5246668825391659,2.06051665338562,1.9986436196314687,-0.17290293417923072,0.0,0.24787554215136814,0.24843666431982042,-0.20868235761460602,-0.04787554215136812,-0.04843666431982041,0.20868235761460602,0.2,0.2,0.0,0.4083030577338163,-0.4086601944516242,False
0,945,0.8974104552608432,0.5246668825391659,2.06051665338562,1.9986436196314687,-0.17290293417923072,0.0,0.24787554215136814,0.24843666431982042,-0.20868235761460602,-0.9999123811721802,0.9065185189247131,0.6109331846237183,-0.7106117606163025,-0.11725569516420364,-0.1884523183107376,0.8965988866148485,0.5253881948363563,2.0610374829234526,1.9982149524091037,-0.17308764145455344,0.0,0.24787554215136814,0.24843666431982042,-0.20868235761460602,-0.04787554215136812,-0.04843666431982041,0.20868235761460602,0.2,0.2,0.0,0.4083030577338163,-0.4083030577338163,False
0,946,0.8965988866148485,0.5253881948363563,2.0610374829234526,1.9982149524091037,-0.17308764145455344,0.0,0.24787554215136814,0.24843666431982042,-0.20868235761460602,-0.9976343512535095,0.8658778071403503,0.6130902767181396,-0.4155372381210327,-0.5773190259933472,1.0,0.8965988866148485,0.5253881948363563,2.0610374829234526,1.9982149524091037,-0.17308764145455344,0.0,0.24789297995972323,0.2483244059732949,-0.2088807977154252,-0.04789297995972322,-0.048324405973294876,0.2088807977154252,0.2,0.2,0.0,0.40834682289633883,-0.4092221261467893,False
0,947,0.8965988866148485,0.5253881948363563,2.0610374829234526,1.9982149524091037,-0.17308764145455344,0.0,0.24789297995972323,0.2483244059732949,-0.2088807977154252,-0.9999540448188782,0.8823182582855225,0.5847433805465698,-0.521885335445404,-0.22643791139125824,1.0,0.8939406711411715,0.5277147134093297,2.0626843336353313,1.9969847380809351,-0.1743418813570308,0.0,0.24790167067251023,0.24826858696854254,-0.20897631804381323,-0.04790167067251021,-0.04826858696854251,0.20897631804381323,0.2,0.2,0.0,0.40836702988944573,-0.4087711697515837,False
0,948,0.8939406711411715,0.5277147134093297,2.0626843336353313,1.9969847380809351,-0.1743418813570308,0.0,0.24790167067251023,0.24826858696854254,-0.20897631804381323,-0.8313327431678772,0.878609299659729,0.6010122299194336,-0.6222934126853943,0.3916718661785126,0.9999997615814209,0.8934627491104455,0.5281550192380029,2.06297687963599,1.9967089208268074,-0.17436627083432402,0.0,0.24791066843053902,0.24813840324830738,-0.2091803820323285,-0.04791066843053901,-0.048138403248307385,0.2091803820323285,0.2,0.2,0.0,0.4083978439163056,-0.4090141244535035,False
0,949,0.8934627491104455,0.5281550192380029,2.06297687963599,1.9967089208268074,-0.17436627083432402,0.0,0.24791066843053902,0.24813840324830738,-0.2091803820323285,-0.9999992847442627,0.8473761081695557,0.6090477705001831,-0.4856606721878052,0.16687040030956268,0.9985143542289734,0.8928685943496496,0.5287213589005425,2.06337320100786,1.9963414623461089,-0.17417319210356652,0.0,0.24792058010577384,0.24808080424377088,-0.20928977125677606,-0.04792058010577384,-0.04808080424377087,0.20928977125677606,0.2,0.2,0.0,0.408424910879507,-0.40896625014353444,False
0,950,0.8928685943496496,0.5287213589005425,2.06337320100786,1.9963414623461089,-0.17417319210356652,0.0,0.24792058010577384,0.24808080424377088,-0.20928977125677606,-0.8076010942459106,0.8879401087760925,0.5765945911407471,-0.5700831413269043,-0.4762916564941406,0.9999992251396179,0.8928685943496496,0.5287213589005425,2.06337320100786,1.9963414623461089,-0.17417319210356652,0.0,0.24794845497857604,0.24782781169865994,-0.20975511775458672,-0.04794845497857603,-0.04782781169865993,0.20975511775458672,0.2,0.2,0.0,0.40852695137756817,-0.41056776133879164,False
0,951,0.8928685943496496,0.5287213589005425,2.06337320100786,1.9963414623461089,-0.17417319210356652,0.0,0.24794845497857604,0.24782781169865994,-0.20975511775458672,-0.9938065409660339,0.8299087882041931,0.40134257078170776,-0.2837832272052765,0.07250192761421204,0.5624895095825195,0.889120013075058,0.5326760202858425,2.065978182136101,1.9938430393012145,-0.17589053163154306,0.0,0.2479565935407047,0.24773661150467752,-0.20993043924750548,-0.04795659354070468,-0.047736611504677506,0.20993043924750548,0.2,0.2,0.0,0.408566628939247,-0.4093601801728236,False
0,952,0.889120013075058,0.5326760202858425,2.065978182136101,1.9938430393012145,-0.17589053163154306,0.0,0.2479565935407047,0.24773661150467752,-0.20993043924750548,-0.9999933838844299,0.8531327247619629,0.4530295431613922,-0.2918931543827057,0.01687423139810562,-0.25323304533958435,0.8883780333015305,0.5333008299584237,2.0662998571646165,1.9936368530822486,-0.17585627800137002,0.0,0.247956159863788,0.2476876895955656,-0.20998694774314489,-0.04795615986378797,-0.047687689595565595,0.20998694774314489,0.2,0.2,0.0,0.4085657438088366,-0.4085480412006284,False
0,953,0.8883780333015305,0.5333008299584237,2.0662998571646165,1.9936368530822486,-0.17585627800137002,0.0,0.247956159863788,0.2476876895955656,-0.20998694774314489,-0.9998200535774231,0.8249616622924805,0.3922225534915924,-0.15135248005390167,-0.33932822942733765,0.9987307786941528,0.8877392951563744,0.5338442428370053,2.0665858687834886,1.9934586323595682,-0.17586730159104907,0.0,0.247956159863788,0.2476876895955656,-0.20998694774314489,-0.04795615986378797,-0.047687689595565595,0.20998694774314489,0.2,0.2,0.0,0.4085657438088366,-0.4085657438088366,False
0,954,0.8877392951563744,0.5338442428370053,2.0665858687834886,1.9934586323595682,-0.17586730159104907,0.0,0.247956159863788,0.2476876895955656,-0.20998694774314489,-0.42121386528015137,0.7054875493049622,0.3859563171863556,-0.3882189691066742,-0.5068567991256714,-0.5010440349578857,0.8877392951563744,0.5338442428370053,2.0665858687834886,1.9934586323595682,-0.17586730159104907,0.0,0.24795369233541464,0.24759037664571304,-0.21010066414055317,-0.04795369233541462,-0.04759037664571303,0.21010066414055317,0.2,0.2,0.0,0.40856372480022385,-0.408523344627969,False
0,955,0.8877392951563744,0.5338442428370053,2.0665858687834886,1.9934586323595682,-0.17586730159104907,0.0,0.24795369233541464,0.24759037664571304,-0.21010066414055317,-0.960762619972229,0.7294396162033081,0.5200009942054749,-0.3536953628063202,-0.2342023253440857,-0.1338568478822708,0.8877392951563744,0.5338442428370053,2.0665858687834886,1.9934586323595682,-0.17586730159104907,0.0,0.2478744210555976,0.24714961468809896,-0.21090573562324608,-0.04787442105559757,-0.047149614688098945,0.21090573562324608,0.2,0.2,0.0,0.40866354128170773,-0.4106598709113854,False
0,956,0.8877392951563744,0.5338442428370053,2.0665858687834886,1.9934586323595682,-0.17586730159104907,0.0,0.2478744210555976,0.24714961468809896,-0.21090573562324608,-0.9926254153251648,0.817988932132721,0.437151163816452,-0.1868109405040741,-0.7916857004165649,1.0,0.8835993353961358,0.5404132240911619,2.0701788437552495,1.9899389465018136,-0.1805060575952255,0.0,0.24786931075170254,0.24710917149225498,-0.21097719981923116,-0.04786931075170253,-0.04710917149225495,0.21097719981923116,0.2,0.2,0.0,0.4086728724685265,-0.4088594962049022,False
0,957,0.8835993353961358,0.5404132240911619,2.0701788437552495,1.9899389465018136,-0.1805060575952255,0.0,0.24786931075170254,0.24710917149225498,-0.21097719981923116,-0.9996532201766968,0.8155167698860168,0.3873841166496277,-0.2915816903114319,-0.7005935907363892,0.9856977462768555,0.8829246622481225,0.5408999316097035,2.070430841852814,1.9898591328360802,-0.18100293678623358,0.0,0.24786634506675675,0.24703714604955462,-0.21104867110066114,-0.04786634506675673,-0.04703714604955461,0.21104867110066114,0.2,0.2,0.0,0.40866443216704895,-0.4084956261374977,False
0,958,0.8829246622481225,0.5408999316097035,2.070430841852814,1.9898591328360802,-0.18100293678623358,0.0,0.24786634506675675,0.24703714604955462,-0.21104867110066114,-0.9999999403953552,0.8664960265159607,0.5011930465698242,-0.1710015833377838,-0.14003095030784607,0.9998369216918945,0.8822231228274542,0.5414879218560715,2.0707412975146253,1.9896973058782466,-0.18133052880234443,0.0,0.24786212380358058,0.24696608132044312,-0.21112905844082558,-0.047862123803580583,-0.04696608132044312,0.21112905844082558,0.2,0.2,0.0,0.4086604422467469,-0.40858064384070614,False
0,959,0.8822231228274542,0.5414879218560715,2.0707412975146253,1.9896973058782466,-0.18133052880234443,0.0,0.24786212380358058,0.24696608132044312,-0.21112905844082558,-0.9999815225601196,0.9095958471298218,0.49755722284317017,-0.23229049146175385,-0.6424021124839783,0.8250417113304138,0.8814129923228288,0.5421922613251196,2.071147819025469,1.989556431162356,-0.18146761918506407,0.0,0.24786212380358058,0.24696608132044312,-0.21112905844082558,-0.047862123803580583,-0.04696608132044312,0.21112905844082558,0.2,0.2,0.0,0.4086604422467469,-0.4086604422467469,False
0,960,0.8814129923228288,0.5421922613251196,2.071147819025469,1.989556431162356,-0.18146761918506407,0.0,0.24786212380358058,0.24696608132044312,-0.21112905844082558,-0.9999870657920837,0.7590733766555786,0.4692566394805908,-0.3374781310558319,-0.34292101860046387,0.9999640583992004,0.8814129923228288,0.5421922613251196,2.071147819025469,1.989556431162356,-0.18146761918506407,0.0,0.2478325603087821,0.2460670105933094,-0.2122356314603593,-0.047832560308782066,-0.04606701059330939,0.2122356314603593,0.2,0.2,0.0,0.4086733596809454,-0.40893170836491566,False
0,961,0.8814129923228288,0.5421922613251196,2.071147819025469,1.989556431162356,-0.18146761918506407,0.0,0.2478325603087821,0.2460670105933094,-0.2122356314603593,-0.9998917579650879,0.7878637313842773,0.19166135787963867,-0.058174870908260345,-0.9050699472427368,0.9999979138374329,0.8706668014332521,0.5508088226643224,2.076275953001279,1.98624329435168,-0.1860986862381924,0.0,0.24785433397679557,0.24581801775533668,-0.2125666817336727,-0.047854333976795546,-0.04581801775533667,0.2125666817336727,0.2,0.2,0.0,0.4087087751780092,-0.40941708511928443,False
0,962,0.8706668014332521,0.5508088226643224,2.076275953001279,1.98624329435168,-0.1860986862381924,0.0,0.24785433397679557,0.24581801775533668,-0.2125666817336727,-0.9894388318061829,0.8137110471725464,0.21444112062454224,-0.04737342149019241,-0.43937620520591736,0.9999960660934448,0.8695975797319925,0.5515748616500659,2.0766538896476003,1.985985518326095,-0.18654761175104004,0.0,0.24785433397679557,0.24581801775533668,-0.2125666817336727,-0.047854333976795546,-0.04581801775533667,0.2125666817336727,0.2,0.2,0.0,0.4087087751780092,-0.4087087751780092,False
0,963,0.8695975797319925,0.5515748616500659,2.0766538896476003,1.985985518326095,-0.18654761175104004,0.0,0.24785433397679557,0.24581801775533668,-0.2125666817336727,-0.999732494354248,0.6449238061904907,0.17067591845989227,-0.023460300639271736,-0.6955917477607727,0.9250229597091675,0.8694841152946785,0.5516688759083505,2.076677958166784,1.9859808261511407,-0.18659744992975733,0.0,0.2478499093684735,0.24577412610873361,-0.21259198855331604,-0.04784990936847351,-0.04577412610873362,0.21259198855331604,0.2,0.2,0.0,0.4086928580676759,-0.4083745158610104,False
0,964,0.8694841152946785,0.5516688759083505,2.076677958166784,1.9859808261511407,-0.18659744992975733,0.0,0.2478499093684735,0.24577412610873361,-0.21259198855331604,-0.9942688345909119,0.7571480870246887,0.16553300619125366,0.04463018476963043,-0.6584268808364868,0.9993131756782532,0.868287639478081,0.5525443830326372,2.076896569473286,1.985966406099944,-0.18732402386606015,0.0,0.24784104482278058,0.24568053153301145,-0.21265647553878256,-0.047841044822780565,-0.04568053153301144,0.21265647553878256,0.2,0.2,0.0,0.40866475705860345,-0.4081027368771541,False
0,965,0.868287639478081,0.5525443830326372,2.076896569473286,1.985966406099944,-0.18732402386606015,0.0,0.24784104482278058,0.24568053153301145,-0.21265647553878256,-0.9993386268615723,0.8135917782783508,0.22770284116268158,-0.024563616141676903,-0.6857668161392212,0.9999976754188538,0.8672630506190797,0.5533413424597017,2.0770849786112393,1.9859933101652363,-0.18800945078657746,0.0,0.24782745025797448,0.24559754833718345,-0.21270845942185143,-0.04782745025797447,-0.045597548337183436,0.21270845942185143,0.2,0.2,0.0,0.4086336862768675,-0.4080122706421491,False
0,966,0.8672630506190797,0.5533413424597017,2.0770849786112393,1.9859933101652363,-0.18800945078657746,0.0,0.24782745025797448,0.24559754833718345,-0.21270845942185143,-0.9999998807907104,0.8252538442611694,0.20887407660484314,-0.06227188557386398,-0.766991376876831,0.9999772906303406,0.8667360359704642,0.5537721676752575,2.0771979066462367,1.9859650758359564,-0.1884369953453047,0.0,0.24781311147144405,0.24550801988475304,-0.2127708027035821,-0.04781311147144404,-0.04550801988475304,0.2127708027035821,0.2,0.2,0.0,0.408603647227992,-0.40800286625048093,False
0,967,0.8667360359704642,0.5537721676752575,2.0771979066462367,1.9859650758359564,-0.1884369953453047,0.0,0.24781311147144405,0.24550801988475304,-0.2127708027035821,-0.9999918937683105,0.6678077578544617,0.29673007130622864,-0.1617119461297989,-0.5475572347640991,0.9999992847442627,0.8658630788193243,0.5544829768937395,2.0773853619796454,1.9859046340819613,-0.18909243342784415,0.0,0.24779553418757794,0.24538674095982874,-0.21285881691072614,-0.047795534187577926,-0.045386740959828725,0.21285881691072614,0.2,0.2,0.0,0.4085659742793411,-0.40781251530632373,False
0,968,0.8658630788193243,0.5544829768937395,2.0773853619796454,1.9859046340819613,-0.18909243342784415,0.0,0.24779553418757794,0.24538674095982874,-0.21285881691072614,-0.9997669458389282,0.7427119016647339,0.23740744590759277,-0.22754019498825073,-0.055525295436382294,0.9999988079071045,0.8654044472194609,0.5547959546951737,2.0775156335601506,1.985821106604891,-0.1892813290229707,0.0,0.24779631485965392,0.24534131450466404,-0.21290061166098936,-0.047796314859653924,-0.045341314504664026,0.21290061166098936,0.2,0.2,0.0,0.40856094368713786,-0.4084603318430729,False
0,969,0.8654044472194609,0.5547959546951737,2.0775156335601506,1.985821106604891,-0.1892813290229707,0.0,0.24779631485965392,0.24534131450466404,-0.21290061166098936,-0.9995936155319214,0.48917585611343384,0.2937648892402649,-0.07282613217830658,-0.6643198728561401,-0.9041304588317871,0.8644728790621841,0.5554129873709883,2.077753156502646,1.9856547737959822,-0.18951082291755728,0.0,0.24779921246438663,0.24526104931467188,-0.21297090999992815,-0.047799212464386606,-0.045261049314671876,0.21297090999992815,0.2,0.2,0.0,0.40855114797917486,-0.40835523381991484,False
0,970,0.8644728790621841,0.5554129873709883,2.077753156502646,1.9856547737959822,-0.18951082291755728,0.0,0.24779921246438663,0.24526104931467188,-0.21297090999992815,-0.9986540675163269,0.7809591293334961,0.33640962839126587,-0.13182124495506287,-0.6225459575653076,1.0,0.8644728790621841,0.5554129873709883,2.077753156502646,1.9856547737959822,-0.18951082291755728,0.0,0.24779843787855194,0.24518756371761966,-0.21303762457561723,-0.04779843787855191,-0.045187563717619644,0.21303762457561723,0.2,0.2,0.0,0.4085413524989288,-0.4083454428940079,False
0,971,0.8644728790621841,0.5554129873709883,2.077753156502646,1.9856547737959822,-0.18951082291755728,0.0,0.24779843787855194,0.24518756371761966,-0.21303762457561723,-0.9999379515647888,0.48742955923080444,0.2910492718219757,-0.09664338082075119,-0.13108421862125397,0.9994182586669922,0.8644728790621841,0.5554129873709883,2.077753156502646,1.9856547737959822,-0.18951082291755728,0.0,0.24776531012592667,0.2449045937646933,-0.21329906855950756,-0.04776531012592666,-0.044904593764693315,0.21329906855950756,0.2,0.2,0.0,0.4084879454735471,-0.40741980496591307,False
0,972,0.8644728790621841,0.5554129873709883,2.077753156502646,1.9856547737959822,-0.18951082291755728,0.0,0.24776531012592667,0.2449045937646933,-0.21329906855950756,-0.9999611973762512,0.6274170875549316,0.29450079798698425,-0.05542249232530594,-0.32539018988609314,0.9980912208557129,0.8644728790621841,0.5554129873709883,2.077753156502646,1.9856547737959822,-0.18951082291755728,0.0,0.24775278059499445,0.24479312249330615,-0.2134017662408301,-0.04775278059499445,-0.04479312249330615,0.2134017662408301,0.2,0.2,0.0,0.4084671675266938,-0.408051608589628,False
0,973,0.8644728790621841,0.5554129873709883,2.077753156502646,1.9856547737959822,-0.18951082291755728,0.0,0.24775278059499445,0.24479312249330615,-0.2134017662408301,-0.9999369382858276,0.4879809617996216,0.26253607869148254,-0.07136537879705429,-0.8038256168365479,0.9970967769622803,0.85894528556855,0.5592929929625058,2.079545917569842,1.984990156343575,-0.19246665756697934,0.0,0.2477626228862827,0.2447252093899236,-0.21346208440811612,-0.047762622886282705,-0.04472520938992357,0.21346208440811612,0.2,0.2,0.0,0.40846396033223054,-0.40839981644296486,False
0,974,0.85894528556855,0.5592929929625058,2.079545917569842,1.984990156343575,-0.19246665756697934,0.0,0.2477626228862827,0.2447252093899236,-0.21346208440811612,-0.9999750256538391,0.3158908784389496,0.2546631395816803,0.05011768266558647,-0.43056079745292664,0.9999887347221375,0.8581661731189623,0.5596281347490898,2.0797391988675797,1.984950072784852,-0.19311615759189904,0.0,0.24777068384950357,0.24466545954478103,-0.21351044812636333,-0.047770683849503545,-0.04466545954478103,0.21351044812636333,0.2,0.2,0.0,0.4084583336506063,-0.40834580001812154,False
0,975,0.8581661731189623,0.5596281347490898,2.0797391988675797,1.984950072784852,-0.19311615759189904,0.0,0.24777068384950357,0.24466545954478103,-0.21351044812636333,-0.9999567270278931,0.48709118366241455,0.19156251847743988,-0.03193345665931702,-0.37283390760421753,0.9989413619041443,0.8581101049520362,0.5596454343445231,2.079753499401924,1.984953250139041,-0.19313884968895118,0.0,0.24778123473772612,0.24458644515778075,-0.21356983676679023,-0.04778123473772611,-0.044586445157780735,0.21356983676679023,0.2,0.2,0.0,0.40844846017541264,-0.4082509906715395,False
0,976,0.8581101049520362,0.5596454343445231,2.079753499401924,1.984953250139041,-0.19313884968895118,0.0,0.24778123473772612,0.24458644515778075,-0.21356983676679023,-0.9999167919158936,0.1953638345003128,0.14090493321418762,-0.06453890353441238,-0.798708438873291,0.999643087387085,0.8555888543435588,0.5604303227820168,2.080378606558847,1.9850674521503404,-0.19423950202798373,0.0,0.24779510879434788,0.24448074789061003,-0.21364924847565067,-0.04779510879434787,-0.04448074789061002,0.21364924847565067,0.2,0.2,0.0,0.4084351275365098,-0.40816847475845275,False
0,977,0.8555888543435588,0.5604303227820168,2.080378606558847,1.9850674521503404,-0.19423950202798373,0.0,0.24779510879434788,0.24448074789061003,-0.21364924847565067,-0.9999223351478577,0.11985249072313309,0.15455780923366547,-0.1007169634103775,-0.725726842880249,0.9999870657920837,0.8549288027865753,0.5605440671375282,2.0804677548974735,1.9850151465103418,-0.19477507690135779,0.0,0.24781737064314216,0.24444411902215088,-0.21367168409781256,-0.04781737064314215,-0.04444411902215087,0.21367168409781256,0.2,0.2,0.0,0.40843844714006955,-0.40850483921126474,False
0,978,0.8549288027865753,0.5605440671375282,2.0804677548974735,1.9850151465103418,-0.19477507690135779,0.0,0.24781737064314216,0.24444411902215088,-0.21367168409781256,-0.9999613165855408,0.25312501192092896,0.27775031328201294,-0.16508011519908905,-0.8002700209617615,0.9999909996986389,0.8541757860547664,0.5606491438825152,2.0805990256113622,1.9849313524717964,-0.1953277235863097,0.0,0.24785113700996078,0.2444064199883237,-0.21370019889720415,-0.04785113700996077,-0.04440641998832369,0.21370019889720415,0.2,0.2,0.0,0.40845129361693033,-0.408708223154146,False
0,979,0.8541757860547664,0.5606491438825152,2.0805990256113622,1.9849313524717964,-0.1953277235863097,0.0,0.24785113700996078,0.2444064199883237,-0.21370019889720415,-0.9999096393585205,0.7078466415405273,0.2310994565486908,-0.061283890157938004,-0.5922272205352783,0.9999611973762512,0.8534840522394967,0.5608536254990607,2.08079027254187,1.9848223910206566,-0.1958700623424578,0.0,0.24785113700996078,0.2444064199883237,-0.21370019889720415,-0.04785113700996077,-0.04440641998832369,0.21370019889720415,0.2,0.2,0.0,0.40845129361693033,-0.40845129361693033,False
0,980,0.8534840522394967,0.5608536254990607,2.08079027254187,1.9848223910206566,-0.1958700623424578,0.0,0.24785113700996078,0.2444064199883237,-0.21370019889720415,-0.9999515414237976,0.5210933089256287,0.20654122531414032,-0.06764959543943405,-0.8103986382484436,0.9537579417228699,0.8534840522394967,0.5608536254990607,2.08079027254187,1.9848223910206566,-0.1958700623424578,0.0,0.24787045245984227,0.24428066543834825,-0.21380444531623105,-0.047870452459842255,-0.04428066543834824,0.21380444531623105,0.2,0.2,0.0,0.4084423405410247,-0.4082632790229117,False
0,981,0.8534840522394967,0.5608536254990607,2.08079027254187,1.9848223910206566,-0.1958700623424578,0.0,0.24787045245984227,0.24428066543834825,-0.21380444531623105,-0.9999457001686096,0.4347636103630066,0.4288547933101654,0.09492568671703339,-0.14971789717674255,0.9967189431190491,0.8534840522394967,0.5608536254990607,2.08079027254187,1.9848223910206566,-0.1958700623424578,0.0,0.24790464491954056,0.24366297489394412,-0.21426059091129887,-0.04790464491954054,-0.04366297489394409,0.21426059091129887,0.2,0.2,0.0,0.40833314722724784,-0.40614928095171093,False
0,982,0.8534840522394967,0.5608536254990607,2.08079027254187,1.9848223910206566,-0.1958700623424578,0.0,0.24790464491954056,0.24366297489394412,-0.21426059091129887,-0.9999463558197021,0.6571534276008606,0.4950205087661743,0.07403367757797241,0.11514655500650406,0.9999990463256836,0.8534840522394967,0.5608536254990607,2.08079027254187,1.9848223910206566,-0.1958700623424578,0.0,0.2478790727317436,0.24340966151037957,-0.2144981136524341,-0.04787907273174359,-0.04340966151037956,0.2144981136524341,0.2,0.2,0.0,0.4082912425896484,-0.4074531498376593,False
0,983,0.8534840522394967,0.5608536254990607,2.08079027254187,1.9848223910206566,-0.1958700623424578,0.0,0.2478790727317436,0.24340966151037957,-0.2144981136524341,-0.9999497532844543,0.606437087059021,0.41248926520347595,0.07439882308244705,0.04164848104119301,1.0,0.840625145845074,0.5675031400372598,2.08467900060988,1.9847430347958668,-0.202494342768181,0.0,0.24783054405876792,0.2432262464065156,-0.21468655855462873,-0.04783054405876791,-0.043226246406515595,0.21468655855462873,0.2,0.2,0.0,0.4082515204301118,-0.4074570772393804,False
0,984,0.840625145845074,0.5675031400372598,2.08467900060988,1.9847430347958668,-0.202494342768181,0.0,0.24783054405876792,0.2432262464065156,-0.21468655855462873,-0.9999205470085144,0.7230575084686279,0.4940691292285919,0.12715837359428406,-0.3703438341617584,0.999997079372406,0.8402957449188915,0.567742853773873,2.084866250304629,1.9847868873829675,-0.20237123180084127,0.0,0.24780874690000282,0.24315939117663132,-0.21475365264093124,-0.04780874690000281,-0.0431593911766313,0.21475365264093124,0.2,0.2,0.0,0.4082337515200837,-0.4078783733195209,False
0,985,0.8402957449188915,0.567742853773873,2.084866250304629,1.9847868873829675,-0.20237123180084127,0.0,0.24780874690000282,0.24315939117663132,-0.21475365264093124,-0.9999380111694336,0.49381908774375916,0.48085886240005493,0.05738774314522743,-0.093662790954113,0.9999956488609314,0.8401182373970613,0.5678712167108253,2.0849538122249727,1.9848094469482072,-0.20243866269556576,0.0,0.24780874690000282,0.24315939117663132,-0.21475365264093124,-0.04780874690000281,-0.0431593911766313,0.21475365264093124,0.2,0.2,0.0,0.4082337515200837,-0.4082337515200837,False
0,986,0.8401182373970613,0.5678712167108253,2.0849538122249727,1.9848094469482072,-0.20243866269556576,0.0,0.24780874690000282,0.24315939117663132,-0.21475365264093124,-0.9999269843101501,0.6897099018096924,0.39850497245788574,0.04354682192206383,-0.37515774369239807,0.9931671619415283,0.838959559796648,0.5685448194393027,2.085510912777552,1.9849020173417111,-0.2026747628294185,0.0,0.24778262808851909,0.2430558908095183,-0.2148518120598392,-0.04778262808851909,-0.04305589080951829,0.2148518120598392,0.2,0.2,0.0,0.4082079102431239,-0.40769108470392873,False
0,987,0.838959559796648,0.5685448194393027,2.085510912777552,1.9849020173417111,-0.2026747628294185,0.0,0.24778262808851909,0.2430558908095183,-0.2148518120598392,-0.9999122023582458,0.5705430507659912,0.4879864454269409,0.04031411185860634,0.10547273606061935,0.9951592087745667,0.8386171063653393,0.5687755745678224,2.085651634893067,1.9849162560114855,-0.2027766700805214,0.0,0.24776811809608423,0.24297691346802974,-0.21492652008689525,-0.047768118096084236,-0.04297691346802973,0.21492652008689525,0.2,0.2,0.0,0.4081914132609702,-0.4078614736178957,False
0,988,0.8386171063653393,0.5687755745678224,2.085651634893067,1.9849162560114855,-0.2027766700805214,0.0,0.24776811809608423,0.24297691346802974,-0.21492652008689525,-0.9999078512191772,0.6687659025192261,0.45053863525390625,0.04617121070623398,-0.10905373841524124,0.9999999403953552,0.8383240178492848,0.5689759811771216,2.085823987840176,1.984930413175582,-0.20273686179374056,0.0,0.24776811809608423,0.24297691346802974,-0.21492652008689525,-0.047768118096084236,-0.04297691346802973,0.21492652008689525,0.2,0.2,0.0,0.4081914132609702,-0.4081914132609702,False
0,989,0.8383240178492848,0.5689759811771216,2.085823987840176,1.984930413175582,-0.20273686179374056,0.0,0.24776811809608423,0.24297691346802974,-0.21492652008689525,-0.9999380111694336,0.6697769165039062,0.45816123485565186,-0.003914578352123499,-0.1265479475259781,0.9979436993598938,0.8383240178492848,0.5689759811771216,2.085823987840176,1.984930413175582,-0.20273686179374056,0.0,0.24743833750700533,0.24163636575634465,-0.2161830171540089,-0.04743833750700531,-0.04163636575634463,0.2161830171540089,0.2,0.2,0.0,0.4078589965048891,-0.40121066138326733,False
0,990,0.8383240178492848,0.5689759811771216,2.085823987840176,1.984930413175582,-0.20273686179374056,0.0,0.24743833750700533,0.24163636575634465,-0.2161830171540089,-0.9999068975448608,0.5126532912254333,0.4726867079734802,0.0629441887140274,-0.05152691900730133,0.9998936057090759,0.8383240178492848,0.5689759811771216,2.085823987840176,1.984930413175582,-0.20273686179374056,0.0,0.24730690280761453,0.24087173258507155,-0.21695221247412186,-0.0473069028076145,-0.04087173258507154,0.21695221247412186,0.2,0.2,0.0,0.4077354022307183,-0.40526351674730227,False
0,991,0.8383240178492848,0.5689759811771216,2.085823987840176,1.984930413175582,-0.20273686179374056,0.0,0.24730690280761453,0.24087173258507155,-0.21695221247412186,-0.9998679757118225,0.7792355418205261,0.5919814109802246,0.16616743803024292,0.1317441612482071,0.9999915361404419,0.8383240178492848,0.5689759811771216,2.085823987840176,1.984930413175582,-0.20273686179374056,0.0,0.2472534594452091,0.2406665306334706,-0.21715666189772254,-0.047253459445209076,-0.0406665306334706,0.21715666189772254,0.2,0.2,0.0,0.4076906523104702,-0.406795653905508,False
0,992,0.8383240178492848,0.5689759811771216,2.085823987840176,1.984930413175582,-0.20273686179374056,0.0,0.2472534594452091,0.2406665306334706,-0.21715666189772254,-0.9998918771743774,0.828140139579773,0.5905666947364807,0.22565899789333344,0.10107050836086273,0.9999970197677612,0.8166005559010278,0.5821233719609181,2.096308123390838,1.9863421734319022,-0.2037919968773607,0.0,0.24719812398260882,0.2405728769032502,-0.21724570613291946,-0.04719812398260882,-0.04057287690325019,0.21724570613291946,0.2,0.2,0.0,0.4076492590882736,-0.4068213946443417,False
0,993,0.8166005559010278,0.5821233719609181,2.096308123390838,1.9863421734319022,-0.2037919968773607,0.0,0.24719812398260882,0.2405728769032502,-0.21724570613291946,-0.999829113483429,0.7892164587974548,0.5829517841339111,0.1656542718410492,0.19732080399990082,0.9998972415924072,0.8154414849561822,0.5830820610834683,2.0970109357657436,1.9865623470344331,-0.20352702809176193,0.0,0.24701075760186988,0.2401518079140849,-0.21764157445182664,-0.047010757601869874,-0.04015180791408492,0.21764157445182664,0.2,0.2,0.0,0.40749854005299607,-0.4044841593474456,False
0,994,0.8154414849561822,0.5830820610834683,2.0970109357657436,1.9865623470344331,-0.20352702809176193,0.0,0.24701075760186988,0.2401518079140849,-0.21764157445182664,-0.9998327493667603,0.8180174827575684,0.5920969247817993,0.23514410853385925,0.19704322516918182,0.999989926815033,0.8154414849561822,0.5830820610834683,2.0970109357657436,1.9865623470344331,-0.20352702809176193,0.0,0.246466386332588,0.2388827887610161,-0.2188230468343644,-0.04646638633258798,-0.038882788761016085,0.2188230468343644,0.2,0.2,0.0,0.407055514867394,-0.3981950111553525,False
0,995,0.8154414849561822,0.5830820610834683,2.0970109357657436,1.9865623470344331,-0.20352702809176193,0.0,0.246466386332588,0.2388827887610161,-0.2188230468343644,-0.9998652338981628,0.825680136680603,0.6280412673950195,0.17534588277339935,-0.20730246603488922,0.9999849200248718,0.8049506015278857,0.5913471282753249,2.103117831536606,1.9882902674922578,-0.2014697824109363,0.0,0.246466386332588,0.2388827887610161,-0.2188230468343644,-0.04646638633258798,-0.038882788761016085,0.2188230468343644,0.2,0.2,0.0,0.407055514867394,-0.407055514867394,False
0,996,0.8049506015278857,0.5913471282753249,2.103117831536606,1.9882902674922578,-0.2014697824109363,0.0,0.246466386332588,0.2388827887610161,-0.2188230468343644,-0.999811053276062,0.8422554731369019,0.5858895778656006,0.1741957664489746,0.10298947989940643,0.9946015477180481,0.8042732529675223,0.5918880920039261,2.103515689375062,1.9884072135005482,-0.20136672146928314,0.0,0.24642724287107004,0.23879538976748882,-0.21890374239630603,-0.04642724287107003,-0.03879538976748881,0.21890374239630603,0.2,0.2,0.0,0.4070239214571455,-0.40639205325217553,False
0,997,0.8042732529675223,0.5918880920039261,2.103515689375062,1.9884072135005482,-0.20136672146928314,0.0,0.24642724287107004,0.23879538976748882,-0.21890374239630603,-0.9998415112495422,0.8492171764373779,0.6332049369812012,0.2688145637512207,0.11348360776901245,0.9999969005584717,0.8039241965248165,0.5921828490495408,2.1037230396219475,1.9884737141435744,-0.20133025882478384,0.0,0.24642724287107004,0.23879538976748882,-0.21890374239630603,-0.04642724287107003,-0.03879538976748881,0.21890374239630603,0.2,0.2,0.0,0.4070239214571455,-0.4070239214571455,False
0,998,0.8039241965248165,0.5921828490495408,2.1037230396219475,1.9884737141435744,-0.20133025882478384,0.0,0.24642724287107004,0.23879538976748882,-0.21890374239630603,-0.9998239278793335,0.864349901676178,0.6059147119522095,0.12465216219425201,-0.22735752165317535,0.9991748929023743,0.8039241965248165,0.5921828490495408,2.1037230396219475,1.9884737141435744,-0.20133025882478384,0.0,0.24622445767645523,0.23838349849301915,-0.21927672716096105,-0.04622445767645522,-0.03838349849301913,0.21927672716096105,0.2,0.2,0.0,0.4068604908150438,-0.40359187797300927,False
0,999,0.8039241965248165,0.5921828490495408,2.1037230396219475,1.9884737141435744,-0.20133025882478384,0.0,0.24622445767645523,0.23838349849301915,-0.21927672716096105,-0.9998254179954529,0.8400977849960327,0.5339714288711548,0.22694329917430878,-0.5791088342666626,0.9996663331985474,0.8039241965248165,0.5921828490495408,2.1037230396219475,1.9884737141435744,-0.20133025882478384,0.0,0.24589050375799332,0.23767024033733897,-0.21995244939079733,-0.045890503757993306,-0.03767024033733897,0.21995244939079733,0.2,0.2,0.0,0.40660590622048204,-0.40151421432924733,False
0,1000,0.8039241965248165,0.5921828490495408,2.1037230396219475,1.9884737141435744,-0.20133025882478384,0.0,0.24589050375799332,0.23767024033733897,-0.21995244939079733,-0.9998323917388916,0.8735130429267883,0.5575665235519409,0.2830031216144562,-0.1435963213443756,0.9580594301223755,0.8039241965248165,0.5921828490495408,2.1037230396219475,1.9884737141435744,-0.20133025882478384,0.0,0.24551910067910487,0.23696300277835508,-0.22053008830337065,-0.04551910067910485,-0.036963002778355084,0.22053008830337065,0.2,0.2,0.0,0.40628144595969873,-0.3997922407440325,True
