episode,timestep,s1,s2,s3,s4,s5,g_s,n_s1,n_s2,n_s3,n_s4,n_s5,n_g_s,a1,a2,a3,a4,a5,g_a,jp_x,jp_y,jp_z,bp_x,bp_y,bp_z,reward,done
0,0,4.340561625626341e-15,-1.5700000000293246,1.5700000000768295,1.5700000000406393,1.2722755623441143e-13,0.0,4.340561408785908e-15,-1.5700000000293246,1.5700000000768295,1.5700000000406393,1.2722755604467602e-13,0.0,-0.006044379435479641,-1.4329999685287476,1.3878190517425537,1.5933220386505127,0.06511130928993225,0.15063808858394623,0.03772914431402151,-0.0015999999999997876,0.018460129445902085,0.2,0.2,0.0,-1.7171896396998458,False
0,1,4.340561408785908e-15,-1.5700000000293246,1.5700000000768295,1.5700000000406393,1.2722755604467602e-13,0.0,-0.00010733699436707707,-1.5675671329735785,1.5667648035422768,1.5704141562936318,0.0011562563715729502,0.0,-0.006044379435479641,-1.4329999685287476,1.3878190517425537,1.5933220386505127,0.06511130928993225,0.15063808858394623,0.03787541327745157,-0.0016052719139025523,0.01886522605837182,0.2,0.2,0.0,-1.727131427826245,False
0,2,-0.00010733699436707707,-1.5675671329735785,1.5667648035422768,1.5704141562936318,0.0011562563715729502,0.0,-0.000283395995692275,-1.5635812504206186,1.561466042109251,1.571091323856706,0.0030487029612779187,0.0,-0.0062787821516394615,-1.4299951791763306,1.3846312761306763,1.593151330947876,0.0655875951051712,0.1505284160375595,0.03787541327745157,-0.0016052719139025523,0.01886522605837182,0.2,0.2,0.0,-1.737131427826245,False
0,3,-0.000283395995692275,-1.5635812504206186,1.561466042109251,1.571091323856706,0.0030487029612779187,0.0,-0.0004265051257970052,-1.5604145707091714,1.557281975247485,1.571607647284608,0.004521969792394283,0.0,-0.006662852130830288,-1.4250733852386475,1.379409909248352,1.5928714275360107,0.06636694073677063,0.15034860372543335,0.03814802026012171,-0.0016151545311104062,0.019614915938569358,0.2,0.2,0.0,-1.7470244539018638,False
0,4,-0.0004265051257970052,-1.5604145707091714,1.557281975247485,1.571607647284608,0.004521969792394283,0.0,-0.0005890038738012599,-1.556920602980401,1.5527020037401524,1.5721464490888994,0.006104413405515034,0.0,-0.006967759691178799,-1.4211761951446533,1.375287652015686,1.5926368236541748,0.06696675717830658,0.15020379424095154,0.03835707314275942,-0.0016229782337750717,0.020181895918537224,0.2,0.2,0.0,-1.756943625805756,False
0,5,-0.0005890038738012599,-1.556920602980401,1.5527020037401524,1.5721464490888994,0.006104413405515034,0.0,-0.0007933475183316352,-1.552606250310068,1.5470761766791765,1.57278670407754,0.008023477305709957,0.0,-0.0073038553819060326,-1.4168949127197266,1.370775818824768,1.5923612117767334,0.06760121136903763,0.15004146099090576,0.03860331650566709,-0.0016325081116391762,0.02084020623995228,0.2,0.2,0.0,-1.766849671568608,False
0,6,-0.0007933475183316352,-1.552606250310068,1.5470761766791765,1.57278670407754,0.008023477305709957,0.0,-0.000962648692298747,-1.5490973697431332,1.542525660569061,1.573286146041904,0.009554599965367826,0.0,-0.007718770764768124,-1.411623477935791,1.3652342557907104,1.592006802558899,0.06836225837469101,0.14983873069286346,0.038867078679391334,-0.0016429643035715056,0.021536112404027197,0.2,0.2,0.0,-1.7767505361941587,False
0,7,-0.000962648692298747,-1.5490973697431332,1.542525660569061,1.573286146041904,0.009554599965367826,0.0,-0.001163366017700992,-1.5450288106950225,1.5372849348377282,1.5738348486055185,0.011287587406638386,0.0,-0.008055909536778927,-1.407348871231079,1.3607524633407593,1.5917067527770996,0.06896236538887024,0.14967204630374908,0.03911614569461182,-0.0016531120305708633,0.022183811945833076,0.2,0.2,0.0,-1.7866582581237662,False
0,8,-0.001163366017700992,-1.5450288106950225,1.5372849348377282,1.5738348486055185,0.011287587406638386,0.0,-0.0013580033754086545,-1.5411809048493141,1.5323675238607686,1.5743202872133906,0.012879938835459898,0.0,-0.008446513675153255,-1.4024107456207275,1.3555914163589478,1.5913420915603638,0.0696311891078949,0.14947600662708282,0.03936734396528202,-0.0016636020326883762,0.02282805033589662,0.2,0.2,0.0,-1.7965664467426063,False
0,9,-0.0013580033754086545,-1.5411809048493141,1.5323675238607686,1.5743202872133906,0.012879938835459898,0.0,-0.0015418386670004712,-1.5375973615751135,1.527809000657325,1.5747542665965495,0.014337691716094753,0.0,-0.008815250359475613,-1.3977603912353516,1.3507493734359741,1.5909786224365234,0.07023400068283081,0.14928770065307617,0.039658854312485475,-0.0016761605171416575,0.023563166196880328,0.2,0.2,0.0,-1.8064613385675792,False
0,10,-0.0015418386670004712,-1.5375973615751135,1.527809000657325,1.5747542665965495,0.014337691716094753,0.0,-0.002143348410034942,-1.526037564728369,1.5131741683398374,1.5760937236872394,0.018955997192708244,0.0,-0.009158513508737087,-1.3934403657913208,1.3462613821029663,1.590630054473877,0.07077933102846146,0.14911077916622162,0.04033730960041054,-0.0017061231551810173,0.02523858118368652,0.2,0.2,0.0,-1.8162230231901948,False
0,11,-0.002143348410034942,-1.526037564728369,1.5131741683398374,1.5760937236872394,0.018955997192708244,0.0,-0.0022739298029328192,-1.5236103134194643,1.5101377629624635,1.5763452025635178,0.019882664528911086,0.0,-0.010260081849992275,-1.379435658454895,1.3317984342575073,1.5897321701049805,0.07259194552898407,0.14854830503463745,0.040552933280864845,-0.0017158471683467458,0.025761306495055356,0.2,0.2,0.0,-1.8261490706025236,False
0,12,-0.0022739298029328192,-1.5236103134194643,1.5101377629624635,1.5763452025635178,0.019882664528911086,0.0,-0.0025421123625428746,-1.5190611875387623,1.5045161035259826,1.576765331994431,0.02154042612865061,0.0,-0.010487004183232784,-1.3764294385910034,1.3287534713745117,1.5897358655929565,0.07303088158369064,0.14843860268592834,0.040840745429169364,-0.0017304341071545412,0.026442705754565338,0.2,0.2,0.0,-1.8360518390926206,False
0,13,-0.0025421123625428746,-1.5190611875387623,1.5045161035259826,1.576765331994431,0.02154042612865061,0.0,-0.0027495239207235554,-1.5153647220647055,1.4999760739749197,1.5770950750513564,0.022859901297893302,0.0,-0.01092530693858862,-1.3708305358886719,1.323114275932312,1.5897091627120972,0.07380033284425735,0.14822925627231598,0.04105481088483909,-0.0017408546948510485,0.0269455224704145,0.2,0.2,0.0,-1.8459801212726146,False
0,14,-0.0027495239207235554,-1.5153647220647055,1.4999760739749197,1.5770950750513564,0.022859901297893302,0.0,-0.002944664594132036,-1.5119243065591197,1.4957721159786146,1.5773927800768637,0.024066508690648164,0.0,-0.011269806884229183,-1.3662976026535034,1.3185621500015259,1.5896790027618408,0.07440578192472458,0.14805659651756287,0.04132592542688189,-0.0017543625133369825,0.027577305467987145,0.2,0.2,0.0,-1.855890627216326,False
0,15,-0.002944664594132036,-1.5119243065591197,1.4957721159786146,1.5773927800768637,0.024066508690648164,0.0,-0.0031914186952771498,-1.50761643974109,1.4905354354667402,1.5777538791488783,0.02555015070379547,0.0,-0.011590353213250637,-1.3620896339416504,1.3143466711044312,1.5896456241607666,0.0749545693397522,0.1478947550058365,0.04159726817722713,-0.0017681442580062634,0.02820400463086907,0.2,0.2,0.0,-1.8658024527925323,False
0,16,-0.0031914186952771498,-1.50761643974109,1.4905354354667402,1.5777538791488783,0.02555015070379547,0.0,-0.0034593474017938614,-1.502984604567208,1.4849345882268248,1.5781294021398717,0.027115669219792006,0.0,-0.011991350911557674,-1.356834888458252,1.3090955018997192,1.5895971059799194,0.07562296837568283,0.1476908177137375,0.04188922898637855,-0.0017832491856438514,0.028872042581034,0.2,0.2,0.0,-1.8757090775296372,False
0,17,-0.0034593474017938614,-1.502984604567208,1.4849345882268248,1.5781294021398717,0.027115669219792006,0.0,-0.0036328380714157195,-1.5000233049576255,1.4813787270880918,1.5783587356981508,0.028091462380972883,0.0,-0.012422150932252407,-1.3512005805969238,1.3034785985946655,1.5895373821258545,0.07632119208574295,0.14746984839439392,0.04188922898637855,-0.0017832491856438514,0.028872042581034,0.2,0.2,0.0,-1.8857090775296372,False
0,18,-0.0036328380714157195,-1.5000233049576255,1.4813787270880918,1.5783587356981508,0.028091462380972883,0.0,-0.0036328380714157195,-1.5000233049576255,1.4813787270880918,1.5783587356981508,0.028091462380972883,0.0,-0.012697271071374416,-1.3476109504699707,1.2999123334884644,1.5894930362701416,0.07675029337406158,0.14732736349105835,0.04384322237365952,-0.0018887914431410364,0.03318394392483598,0.2,0.2,0.0,-1.8951193977563034,False
0,19,-0.0036328380714157195,-1.5000233049576255,1.4813787270880918,1.5783587356981508,0.028091462380972883,0.0,-0.0036328380714157195,-1.5000233049576255,1.4813787270880918,1.5783587356981508,0.028091462380972883,0.0,-0.012697271071374416,-1.3476109504699707,1.2999123334884644,1.5894930362701416,0.07675029337406158,0.14732736349105835,0.04384322237365952,-0.0018887914431410364,0.03318394392483598,0.2,0.2,0.0,-1.9051193977563035,False
0,20,-0.0036328380714157195,-1.5000233049576255,1.4813787270880918,1.5783587356981508,0.028091462380972883,0.0,-0.006858822629090583,-1.445605189207542,1.4164672656713617,1.5823860606051443,0.04558617525950823,0.0,-0.012697271071374416,-1.3476109504699707,1.2999123334884644,1.5894930362701416,0.07675029337406158,0.14732736349105835,0.04614693848851033,-0.00201777217838858,0.03795364619093619,0.2,0.2,0.0,-1.9144915989468108,False
0,21,-0.006858822629090583,-1.445605189207542,1.4164672656713617,1.5823860606051443,0.04558617525950823,0.0,-0.007472644989176146,-1.4352554779683435,1.4041850591262006,1.583127356329355,0.0488521931787001,0.0,-0.014978825114667416,-1.2857487201690674,1.2402338981628418,1.5893239974975586,0.08372560143470764,0.14307643473148346,0.0463177307385081,-0.002027480298639654,0.038295156572176664,0.2,0.2,0.0,-1.9244476573971308,False
0,22,-0.007472644989176146,-1.4352554779683435,1.4041850591262006,1.583127356329355,0.0488521931787001,0.0,-0.007607925256991678,-1.432535947851198,1.4012127196860642,1.5832368553861205,0.04947464581885764,0.0,-0.015360607765614986,-1.2740819454193115,1.2290390729904175,1.5892902612686157,0.08499949425458908,0.14223718643188477,0.04650458072335009,-0.002037489466823095,0.038661887476286586,0.2,0.2,0.0,-1.9343987078180447,False
0,23,-0.007607925256991678,-1.432535947851198,1.4012127196860642,1.5832368553861205,0.04947464581885764,0.0,-0.007760783095795514,-1.429403344824434,1.397811864906291,1.5833554536875043,0.05017278437337659,0.0,-0.015437661670148373,-1.2711241245269775,1.2263154983520508,1.5892260074615479,0.08517374098300934,0.14201346039772034,0.04650458072335009,-0.002037489466823095,0.038661887476286586,0.2,0.2,0.0,-1.9443987078180447,False
0,24,-0.007760783095795514,-1.429403344824434,1.397811864906291,1.5833554536875043,0.05017278437337659,0.0,-0.007912104780181818,-1.4262737038148356,1.394424276610638,1.5834702952205717,0.0508614676648571,0.0,-0.01552393939346075,-1.2677266597747803,1.2231981754302979,1.589146614074707,0.08536189049482346,0.14175547659397125,0.04675611048789771,-0.00205084765537576,0.03915119244043205,0.2,0.2,0.0,-1.9543330839152433,False
0,25,-0.007912104780181818,-1.4262737038148356,1.394424276610638,1.5834702952205717,0.0508614676648571,0.0,-0.00806214213030482,-1.4231388218846985,1.391042042810576,1.5835813092946325,0.05154027990426489,0.0,-0.01560900267213583,-1.2643367052078247,1.2200922966003418,1.5890653133392334,0.08554370701313019,0.14149771630764008,0.04702758733209711,-0.0020651986789811533,0.03967396087162865,0.2,0.2,0.0,-1.9642626834877106,False
0,26,-0.00806214213030482,-1.4231388218846985,1.391042042810576,1.5835813092946325,0.05154027990426489,0.0,-0.008210895433060065,-1.4199989240786737,1.3876652631765525,1.5836885255445334,0.05220928690730533,0.0,-0.015692785382270813,-1.2609457969665527,1.21699059009552,1.5889806747436523,0.08571848273277283,0.1412392258644104,0.04724129803805824,-0.002076429631706693,0.04008150515832826,0.2,0.2,0.0,-1.9742075264725691,False
0,27,-0.008210895433060065,-1.4199989240786737,1.3876652631765525,1.5836885255445334,0.05220928690730533,0.0,-0.00835836496670075,-1.4168672537393914,1.3843080383080333,1.5837915193698517,0.05286576918229643,0.0,-0.015775322914123535,-1.257554292678833,1.2138935327529907,1.5888934135437012,0.08588603883981705,0.14098019897937775,0.047474772893861386,-0.002088675017611227,0.040522783717520466,0.2,0.2,0.0,-1.984147555190586,False
0,28,-0.00835836496670075,-1.4168672537393914,1.3843080383080333,1.5837915193698517,0.05286576918229643,0.0,-0.008461143517679326,-1.4146650958178737,1.381952469162515,1.58386202593241,0.053322159106649294,0.0,-0.015856750309467316,-1.254176139831543,1.2108134031295776,1.588803768157959,0.08604566752910614,0.14072155952453613,0.047474772893861386,-0.002088675017611227,0.040522783717520466,0.2,0.2,0.0,-1.994147555190586,False
0,29,-0.008461143517679326,-1.4146650958178737,1.381952469162515,1.58386202593241,0.053322159106649294,0.0,-0.008561164247477548,-1.4124920273696038,1.3796360090826452,1.5839286360077873,0.053764419220677935,0.0,-0.015913210809230804,-1.251802921295166,1.208652377128601,1.5887393951416016,0.08615441620349884,0.14053969085216522,0.047727385028060856,-0.0021018309431431446,0.04099562258764797,0.2,0.2,0.0,-2.0040829374073414,False
0,30,-0.008561164247477548,-1.4124920273696038,1.3796360090826452,1.5839286360077873,0.053764419220677935,0.0,-0.008633813089317236,-1.410904120246863,1.3779463942228785,1.5839761673272768,0.05408447097791753,0.0,-0.015967682003974915,-1.2494646310806274,1.206526279449463,1.5886738300323486,0.08625608682632446,0.14035987854003906,0.047727385028060856,-0.0021018309431431446,0.04099562258764797,0.2,0.2,0.0,-2.0140829374073417,False
0,31,-0.008633813089317236,-1.410904120246863,1.3779463942228785,1.5839761673272768,0.05408447097791753,0.0,-0.00872045922141478,-1.408996669550231,1.3759210576026872,1.5840316572996822,0.05446454857998031,0.0,-0.01600702852010727,-1.2477571964263916,1.2049756050109863,1.588625192642212,0.08632825314998627,0.14022843539714813,0.04790503765424138,-0.002111009038016445,0.041325160471965536,0.2,0.2,0.0,-2.024037615602133,False
0,32,-0.00872045922141478,-1.408996669550231,1.3759210576026872,1.5840316572996822,0.05446454857998031,0.0,-0.008806544962791466,-1.4070916488624685,1.3739013896796615,1.5840859189447445,0.054840985479045735,0.0,-0.016053803265094757,-1.2457082271575928,1.203116536140442,1.5885655879974365,0.08641193807125092,0.14007055759429932,0.04790503765424138,-0.002111009038016445,0.041325160471965536,0.2,0.2,0.0,-2.0340376156021334,False
0,33,-0.008806544962791466,-1.4070916488624685,1.3739013896796615,1.5840859189447445,0.054840985479045735,0.0,-0.008850741465735485,-1.4061073896575746,1.3728598175322704,1.5841132304017291,0.05503350717219482,0.0,-0.016100116074085236,-1.2436630725860596,1.2012622356414795,1.5885052680969238,0.08649339526891708,0.1399126499891281,0.04810305649226007,-0.0021212000797518013,0.041689729948151295,0.2,0.2,0.0,-2.0439872557626555,False
0,34,-0.008850741465735485,-1.4061073896575746,1.3728598175322704,1.5841132304017291,0.05503350717219482,0.0,-0.008850741465735485,-1.4061073896575746,1.3728598175322704,1.5841132304017291,0.05503350717219482,0.0,-0.016123734414577484,-1.2426073551177979,1.2003060579299927,1.5884736776351929,0.08653408288955688,0.13983115553855896,0.04834496678346871,-0.002133580911408369,0.0421311139617204,0.2,0.2,0.0,-2.0539259211164116,False
0,35,-0.008850741465735485,-1.4061073896575746,1.3728598175322704,1.5841132304017291,0.05503350717219482,0.0,-0.009135115041839894,-1.3997350535183954,1.3661284431165877,1.5842855112716587,0.056267584936444105,0.0,-0.016123734414577484,-1.2426073551177979,1.2003060579299927,1.5884736776351929,0.08653408288955688,0.13983115553855896,0.04834496678346871,-0.002133580911408369,0.0421311139617204,0.2,0.2,0.0,-2.063925921116412,False
0,36,-0.009135115041839894,-1.3997350535183954,1.3661284431165877,1.5842855112716587,0.056267584936444105,0.0,-0.009217169840156704,-1.3978900910868237,1.364181417760165,1.5843346771684315,0.05662293896746471,0.0,-0.016270682215690613,-1.2358192205429077,1.1941561698913574,1.5882482528686523,0.08678888529539108,0.13930751383304596,0.04866024881439085,-0.002149722194614196,0.04270067455066715,0.2,0.2,0.0,-2.0738465016430667,False
0,37,-0.009217169840156704,-1.3978900910868237,1.364181417760165,1.5843346771684315,0.05662293896746471,0.0,-0.009272640399438746,-1.396612962941597,1.3628421942632014,1.5843651845976925,0.0568600125204937,0.0,-0.01630241423845291,-1.2339495420455933,1.1924474239349365,1.5881435871124268,0.08686058223247528,0.13916683197021484,0.04866024881439085,-0.002149722194614196,0.04270067455066715,0.2,0.2,0.0,-2.083846501643067,False
0,38,-0.009272640399438746,-1.396612962941597,1.3628421942632014,1.5843651845976925,0.0568600125204937,0.0,-0.009355870640517402,-1.3946854196983143,1.3608233980521658,1.5844097424382504,0.05721511634185606,0.0,-0.016323238611221313,-1.2326586246490479,1.1912717819213867,1.5880684852600098,0.08690403401851654,0.13906922936439514,0.04884159303773508,-0.0021588634475319932,0.04302427173124032,0.2,0.2,0.0,-2.093800774648461,False
0,39,-0.009355870640517402,-1.3946854196983143,1.3608233980521658,1.5844097424382504,0.05721511634185606,0.0,-0.009436853424887749,-1.3927996568152876,1.35885059798364,1.5844520029368896,0.05756005609955178,0.0,-0.016354240477085114,-1.2307114601135254,1.1894994974136353,1.5879545211791992,0.08696795254945755,0.13892178237438202,0.04884159303773508,-0.0021588634475319932,0.04302427173124032,0.2,0.2,0.0,-2.1038007746484606,False
0,40,-0.009436853424887749,-1.3927996568152876,1.35885059798364,1.5844520029368896,0.05756005609955178,0.0,-0.009503825185343975,-1.39123030388122,1.357210940146811,1.5844859055933482,0.057844769293458366,0.0,-0.01638425886631012,-1.2288074493408203,1.1877673864364624,1.5878417491912842,0.08702869713306427,0.138777494430542,0.04902076395832393,-0.0021678427659615135,0.043341445751360085,0.2,0.2,0.0,-2.1137556435784433,False
0,41,-0.009503825185343975,-1.39123030388122,1.357210940146811,1.5844859055933482,0.057844769293458366,0.0,-0.009557930196625519,-1.389950970983803,1.3558767532533713,1.5845120714564604,0.05807414460878281,0.0,-0.016408801078796387,-1.2272238731384277,1.1863276958465576,1.5877472162246704,0.08707766979932785,0.13865742087364197,0.04902076395832393,-0.0021678427659615135,0.043341445751360085,0.2,0.2,0.0,-2.1237556435784435,False
0,42,-0.009557930196625519,-1.389950970983803,1.3558767532533713,1.5845120714564604,0.05807414460878281,0.0,-0.009639040572132515,-1.3880226875492154,1.3538679837302912,1.5845501944911526,0.05841743783705016,0.0,-0.016428381204605103,-1.2259340286254883,1.1851561069488525,1.5876688957214355,0.08711569756269455,0.1385592520236969,0.049201061962663495,-0.002176811960065339,0.0436579624898656,0.2,0.2,0.0,-2.133710239193917,False
0,43,-0.009639040572132515,-1.3880226875492154,1.3538679837302912,1.5845501944911526,0.05841743783705016,0.0,-0.009744598188203994,-1.385495104452185,1.35123867870419,1.5845978857760434,0.05886321684389449,0.0,-0.01645759493112564,-1.2239903211593628,1.18339204788208,1.5875499248504639,0.0871712937951088,0.13841141760349274,0.049402068628693424,-0.0021867473391891977,0.044007856555331265,0.2,0.2,0.0,-2.1436596593331427,False
0,44,-0.009744598188203994,-1.385495104452185,1.35123867870419,1.5845978857760434,0.05886321684389449,0.0,-0.009850597853318321,-1.3829415818463895,1.3485855683861652,1.5846441464558734,0.05931002884367646,0.0,-0.01649513840675354,-1.2214443683624268,1.181082844734192,1.5873923301696777,0.08724143356084824,0.13821740448474884,0.049402068628693424,-0.0021867473391891977,0.044007856555331265,0.2,0.2,0.0,-2.153659659333143,False
0,45,-0.009850597853318321,-1.3829415818463895,1.3485855683861652,1.5846441464558734,0.05931002884367646,0.0,-0.009968490092679212,-1.3800760277431818,1.345613485679976,1.5846928904119373,0.05980559974852122,0.0,-0.016532547771930695,-1.2188737392425537,1.1787526607513428,1.5872318744659424,0.08730987459421158,0.13802118599414825,0.04964605682630514,-0.002198730641882153,0.04442852149741248,0.2,0.2,0.0,-2.1635983427087786,False
0,46,-0.009968490092679212,-1.3800760277431818,1.345613485679976,1.5846928904119373,0.05980559974852122,0.0,-0.010084510592783175,-1.3772391631948495,1.3426745532086986,1.5847390814745272,0.06029240728285499,0.0,-0.016573503613471985,-1.2159907817840576,1.1761418581008911,1.5870492458343506,0.08738265931606293,0.13780082762241364,0.0499501570006447,-0.002213590025733292,0.04494706286872769,0.2,0.2,0.0,-2.1735221206707327,False
0,47,-0.010084510592783175,-1.3772391631948495,1.3426745532086986,1.5847390814745272,0.06029240728285499,0.0,-0.010186883224783484,-1.3746840644208136,1.3400379117080357,1.5847743470219127,0.06071920643494495,0.0,-0.01661347597837448,-1.213138461112976,1.1735601425170898,1.586867332458496,0.08745213598012924,0.13758254051208496,0.050134776342547135,-0.0022224754967291307,0.04525795752463197,0.2,0.2,0.0,-2.183475725279655,False
0,48,-0.010186883224783484,-1.3746840644208136,1.3400379117080357,1.5847743470219127,0.06071920643494495,0.0,-0.01028834955643841,-1.372130027829895,1.3374065633217922,1.5848070254095021,0.06114110025896252,0.0,-0.016647741198539734,-1.210573434829712,1.17124342918396,1.5866985321044922,0.08750669658184052,0.1373855322599411,0.050134776342547135,-0.0022224754967291307,0.04525795752463197,0.2,0.2,0.0,-2.1934757252796553,False
0,49,-0.01028834955643841,-1.372130027829895,1.3374065633217922,1.5848070254095021,0.06114110025896252,0.0,-0.010388390380908614,-1.3695781671174865,1.3347838977466149,1.584835686886797,0.06155533428243782,0.0,-0.016681119799613953,-1.2080113887786865,1.168931484222412,1.5865278244018555,0.08755788207054138,0.13718846440315247,0.05040236851710582,-0.0022352606355751014,0.045704169012805176,0.2,0.2,0.0,-2.2034085098604512,False
0,50,-0.010388390380908614,-1.3695781671174865,1.3347838977466149,1.584835686886797,0.06155533428243782,0.0,-0.01052472142060539,-1.3660640206402797,1.3311790995412498,1.584870891857748,0.06211797994653768,0.0,-0.01671336591243744,-1.205453872680664,1.1666266918182373,1.5863544940948486,0.0876041129231453,0.13699118793010712,0.05065115959409197,-0.0022470177199069618,0.04611414058951585,0.2,0.2,0.0,-2.213345967071265,False
0,51,-0.01052472142060539,-1.3660640206402797,1.3311790995412498,1.584870891857748,0.06211797994653768,0.0,-0.010646474226753177,-1.3628898164585996,1.3279296092124773,1.5848985629153884,0.06261866596598478,0.0,-0.016756504774093628,-1.2019351720809937,1.1634583473205566,1.58611261844635,0.0876624584197998,0.1367192417383194,0.05089905927523114,-0.0022586480098789868,0.0465183678692362,0.2,0.2,0.0,-2.2232836834562013,False
0,52,-0.010646474226753177,-1.3628898164585996,1.3279296092124773,1.5848985629153884,0.06261866596598478,0.0,-0.010766725705875592,-1.3597089111331406,1.3246815526313778,1.5849210750092393,0.06311090635195246,0.0,-0.016794241964817047,-1.1987593173980713,1.1606022119522095,1.5858910083770752,0.08770997077226639,0.13647334277629852,0.05089905927523114,-0.0022586480098789868,0.0465183678692362,0.2,0.2,0.0,-2.2332836834562015,False
0,53,-0.010766725705875592,-1.3597089111331406,1.3246815526313778,1.5849210750092393,0.06311090635195246,0.0,-0.01086182808410107,-1.3571649217488468,1.3220888821605905,1.5849359042701863,0.06349881229925354,0.0,-0.01683054119348526,-1.1955804824829102,1.15774667263031,1.585664987564087,0.08775109797716141,0.13622647523880005,0.05116964607536159,-0.002271210964724843,0.04695447429885598,0.2,0.2,0.0,-2.24321564336398,False
0,54,-0.01086182808410107,-1.3571649217488468,1.3220888821605905,1.5849359042701863,0.06349881229925354,0.0,-0.010932280368802654,-1.3552539093317162,1.320145892423008,1.584944119389548,0.06378489807088697,0.0,-0.01685858517885208,-1.193040132522583,1.15546715259552,1.585482120513916,0.08778000622987747,0.1360289603471756,0.05139939399348027,-0.0022817697415394643,0.04732062151435952,0.2,0.2,0.0,-2.2531578157279144,False
0,55,-0.010932280368802654,-1.3552539093317162,1.320145892423008,1.584944119389548,0.06378489807088697,0.0,-0.011002334650811834,-1.353333584978313,1.3181968589113582,1.5849501856301558,0.0640684095577922,0.0,-0.016878783702850342,-1.1911334991455078,1.1537586450576782,1.5853426456451416,0.08779805898666382,0.1358802616596222,0.05139939399348027,-0.0022817697415394643,0.04732062151435952,0.2,0.2,0.0,-2.263157815727914,False
0,56,-0.011002334650811834,-1.353333584978313,1.3181968589113582,1.5849501856301558,0.0640684095577922,0.0,-0.011083543686164793,-1.351086510357535,1.3159196982103156,1.5849550273370705,0.06439607973318429,0.0,-0.016898438334465027,-1.1892192363739014,1.1520447731018066,1.585200548171997,0.08781348168849945,0.1357307881116867,0.051631618537499493,-0.0022923151716498303,0.04768667348422831,0.2,0.2,0.0,-2.2730992398095715,False
0,57,-0.011083543686164793,-1.351086510357535,1.3159196982103156,1.5849550273370705,0.06439607973318429,0.0,-0.011140883685609792,-1.3494902754416545,1.314303678290072,1.5849574399679096,0.06462699225330609,0.0,-0.01692076027393341,-1.1869807243347168,1.1500420570373535,1.5850327014923096,0.08782879263162613,0.13555561006069183,0.051631618537499493,-0.0022923151716498303,0.04768667348422831,0.2,0.2,0.0,-2.2830992398095717,False
0,58,-0.011140883685609792,-1.3494902754416545,1.314303678290072,1.5849574399679096,0.06462699225330609,0.0,-0.011209168807460805,-1.3475701702365963,1.3123628993300362,1.584958311314018,0.0649010971134157,0.0,-0.016936354339122772,-1.1853911876678467,1.1486207246780396,1.5849127769470215,0.08783837407827377,0.13543112576007843,0.05184328724170616,-0.002301840215139869,0.04801703596692332,0.2,0.2,0.0,-2.293045791517252,False
0,59,-0.011209168807460805,-1.3475701702365963,1.3123628993300362,1.584958311314018,0.0649010971134157,0.0,-0.011242941303166124,-1.3466137259365085,1.3113972513786183,1.5849580328742734,0.06503635097995128,0.0,-0.016954481601715088,-1.1834805011749268,1.1469136476516724,1.5847671031951904,0.08784732222557068,0.1352812498807907,0.05184328724170616,-0.002301840215139869,0.04801703596692332,0.2,0.2,0.0,-2.3030457915172518,False
0,60,-0.011242941303166124,-1.3466137259365085,1.3113972513786183,1.5849580328742734,0.06503635097995128,0.0,-0.01127678183726482,-1.3456470949825938,1.3104226309094011,1.5849568936748715,0.06517150113950224,0.0,-0.016963288187980652,-1.1825292110443115,1.1460641622543335,1.5846939086914062,0.08785102516412735,0.13520656526088715,0.05203481801601868,-0.0023103842033931317,0.048313266367968594,0.2,0.2,0.0,-2.3129973679424083,False
0,61,-0.01127678183726482,-1.3456470949825938,1.3104226309094011,1.5849568936748715,0.06517150113950224,0.0,-0.011310472578472851,-1.3446806351566352,1.3094488266938022,1.5849553315883549,0.06530586838473193,0.0,-0.016972005367279053,-1.1815683841705322,1.1452069282531738,1.5846192836761475,0.08785355091094971,0.13513092696666718,0.05203481801601868,-0.0023103842033931317,0.048313266367968594,0.2,0.2,0.0,-2.322997367942408,False
0,62,-0.011310472578472851,-1.3446806351566352,1.3094488266938022,1.5849553315883549,0.06530586838473193,0.0,-0.011388496669620683,-1.342431231707724,1.3071840732726452,1.5849505464521243,0.06561654221708244,0.0,-0.016980499029159546,-1.1806079149246216,1.1443501710891724,1.5845444202423096,0.08785562217235565,0.13505537807941437,0.052227930706457606,-0.0023189197910131066,0.048609310874686236,0.2,0.2,0.0,-2.3329484650168544,False
0,63,-0.011388496669620683,-1.342431231707724,1.3071840732726452,1.5849505464521243,0.06561654221708244,0.0,-0.011476515909379625,-1.339874073697268,1.3046124856671109,1.5849431116042043,0.06596614362936898,0.0,-0.017000027000904083,-1.178373098373413,1.1423578262329102,1.584369421005249,0.08785898238420486,0.13487942516803741,0.05242003702868682,-0.002327367456767497,0.048901519758294675,0.2,0.2,0.0,-2.342899819854652,False
0,64,-0.011476515909379625,-1.339874073697268,1.3046124856671109,1.5849431116042043,0.06596614362936898,0.0,-0.011585213579890778,-1.3366844116086638,1.3014096703199354,1.5849306302329367,0.06639646937325448,0.0,-0.017021596431732178,-1.175834059715271,1.1400951147079468,1.5841689109802246,0.08786039054393768,0.13467909395694733,0.05242003702868682,-0.002327367456767497,0.048901519758294675,0.2,0.2,0.0,-2.352899819854652,False
0,65,-0.011585213579890778,-1.3366844116086638,1.3014096703199354,1.5849306302329367,0.06639646937325448,0.0,-0.011745302182182059,-1.3319333070981973,1.2966469988028888,1.584906702044475,0.06702790305617347,0.0,-0.017047442495822906,-1.1726689338684082,1.1372772455215454,1.583916425704956,0.08785807341337204,0.13442908227443695,0.05269839509274615,-0.002339524420351207,0.04932085760382352,0.2,0.2,0.0,-2.3628293160686917,False
0,66,-0.011745302182182059,-1.3319333070981973,1.2966469988028888,1.584906702044475,0.06702790305617347,0.0,-0.011870996200869267,-1.3281576010414544,1.292868815013364,1.5848832117270002,0.06752170278803866,0.0,-0.01708456128835678,-1.1679574251174927,1.133086085319519,1.583536148071289,0.08784827589988708,0.1340562403202057,0.05301850191076972,-0.0023534153448201427,0.04979750338355518,0.2,0.2,0.0,-2.3727482810039966,False
0,67,-0.011870996200869267,-1.3281576010414544,1.292868815013364,1.5848832117270002,0.06752170278803866,0.0,-0.011983481089266593,-1.3247187928305437,1.2894364495247126,1.5848559778464566,0.06796102845069563,0.0,-0.017112627625465393,-1.164216160774231,1.1297613382339478,1.5832308530807495,0.08783489465713501,0.1337597817182541,0.05337955896627869,-0.0023689813050660983,0.050328185421342424,0.2,0.2,0.0,-2.382656950194399,False
0,68,-0.011983481089266593,-1.3247187928305437,1.2894364495247126,1.5848559778464566,0.06796102845069563,0.0,-0.012084502067785377,-1.3215416568884923,1.286277887307821,1.5848223177916598,0.068351783372282,0.0,-0.017136454582214355,-1.1608123779296875,1.1267403364181519,1.582948088645935,0.08781558275222778,0.1334892362356186,0.053618252302348735,-0.0023790305800548937,0.0506734988653294,0.2,0.2,0.0,-2.3925961530283644,False
0,69,-0.012084502067785377,-1.3215416568884923,1.286277887307821,1.5848223177916598,0.068351783372282,0.0,-0.012183858078272852,-1.3183654127062832,1.2831272173413477,1.5847838889131738,0.06873395381125937,0.0,-0.017155863344669342,-1.1576728820800781,1.1239597797393799,1.5826807022094727,0.08778733760118484,0.13323861360549927,0.05387946910403739,-0.00238990796271817,0.05104727782347697,0.2,0.2,0.0,-2.4025294746835173,False
0,70,-0.012183858078272852,-1.3183654127062832,1.2831272173413477,1.5847838889131738,0.06873395381125937,0.0,-0.012281635466101186,-1.3151899180883941,1.2799838600563,1.584740942439027,0.06910802767173989,0.0,-0.017173901200294495,-1.1545372009277344,1.1211856603622437,1.5824098587036133,0.08775323629379272,0.1329876333475113,0.05387946910403739,-0.00238990796271817,0.05104727782347697,0.2,0.2,0.0,-2.4125294746835175,False
0,71,-0.012281635466101186,-1.3151899180883941,1.2799838600563,1.584740942439027,0.06910802767173989,0.0,-0.012425122526601906,-1.3104624894647752,1.2753129805018053,1.5846709688566933,0.06965426007640613,0.0,-0.017190508544445038,-1.1514050960540771,1.1184178590774536,1.5821356773376465,0.08771368116140366,0.1327364593744278,0.054163821281943164,-0.002401621161939607,0.0514494650389548,0.2,0.2,0.0,-2.4224567494716935,False
0,72,-0.012425122526601906,-1.3104624894647752,1.2753129805018053,1.5846709688566933,0.06965426007640613,0.0,-0.012425122526601906,-1.3104624894647752,1.2753129805018053,1.5846709688566933,0.06965426007640613,0.0,-0.017213471233844757,-1.1467458009719849,1.1143044233322144,1.5817227363586426,0.08764737099409103,0.13236209750175476,0.05448997661457626,-0.002414951250015519,0.05190532748680731,0.2,0.2,0.0,-2.4323732862991223,False
0,73,-0.012425122526601906,-1.3104624894647752,1.2753129805018053,1.5846709688566933,0.06965426007640613,0.0,-0.012425122526601906,-1.3104624894647752,1.2753129805018053,1.5846709688566933,0.06965426007640613,0.0,-0.017213471233844757,-1.1467458009719849,1.1143044233322144,1.5817227363586426,0.08764737099409103,0.13236209750175476,0.05448997661457626,-0.002414951250015519,0.05190532748680731,0.2,0.2,0.0,-2.4423732862991225,False
0,74,-0.012425122526601906,-1.3104624894647752,1.2753129805018053,1.5846709688566933,0.06965426007640613,0.0,-0.012425122526601906,-1.3104624894647752,1.2753129805018053,1.5846709688566933,0.06965426007640613,0.0,-0.017213471233844757,-1.1467458009719849,1.1143044233322144,1.5817227363586426,0.08764737099409103,0.13236209750175476,0.054837922443993756,-0.002429085538383511,0.05238564107731818,0.2,0.2,0.0,-2.4522842736713986,False
0,75,-0.012425122526601906,-1.3104624894647752,1.2753129805018053,1.5846709688566933,0.06965426007640613,0.0,-0.012425122526601906,-1.3104624894647752,1.2753129805018053,1.5846709688566933,0.06965426007640613,0.0,-0.017213471233844757,-1.1467458009719849,1.1143044233322144,1.5817227363586426,0.08764737099409103,0.13236209750175476,0.054837922443993756,-0.002429085538383511,0.05238564107731818,0.2,0.2,0.0,-2.462284273671399,False
0,76,-0.012425122526601906,-1.3104624894647752,1.2753129805018053,1.5846709688566933,0.06965426007640613,0.0,-0.012425122526601906,-1.3104624894647752,1.2753129805018053,1.5846709688566933,0.06965426007640613,0.0,-0.017213471233844757,-1.1467458009719849,1.1143044233322144,1.5817227363586426,0.08764737099409103,0.13236209750175476,0.054837922443993756,-0.002429085538383511,0.05238564107731818,0.2,0.2,0.0,-2.4722842736713986,False
0,77,-0.012425122526601906,-1.3104624894647752,1.2753129805018053,1.5846709688566933,0.06965426007640613,0.0,-0.01245325721728086,-1.309523234677271,1.2743865172901632,1.5846559815434258,0.06976087498513052,0.0,-0.017213471233844757,-1.1467458009719849,1.1143044233322144,1.5817227363586426,0.08764737099409103,0.13236209750175476,0.054837922443993756,-0.002429085538383511,0.05238564107731818,0.2,0.2,0.0,-2.4822842736713984,False
0,78,-0.01245325721728086,-1.309523234677271,1.2743865172901632,1.5846559815434258,0.06976087498513052,0.0,-0.0125843929499311,-1.3051461467901806,1.270068943420518,1.584586205652807,0.0702578377240809,0.0,-0.01721765846014023,-1.1458207368850708,1.1134886741638184,1.5816400051116943,0.08763285726308823,0.13228774070739746,0.05503331261325671,-0.0024369256964360503,0.052652207836318306,0.2,0.2,0.0,-2.4922341511430286,False
0,79,-0.0125843929499311,-1.3051461467901806,1.270068943420518,1.584586205652807,0.0702578377240809,0.0,-0.01262078395296439,-1.303900592655787,1.2688441527465737,1.584563663217339,0.07039453159330297,0.0,-0.017295166850090027,-1.141491413116455,1.1096246242523193,1.5813517570495605,0.08760957419872284,0.1319715529680252,0.05503331261325671,-0.0024369256964360503,0.052652207836318306,0.2,0.2,0.0,-2.5022341511430284,False
0,80,-0.01262078395296439,-1.303900592655787,1.2688441527465737,1.584563663217339,0.07039453159330297,0.0,-0.01264799298911378,-1.302969540688678,1.2679285935276303,1.5845468323546312,0.07049674476335799,0.0,-0.01732025295495987,-1.140259861946106,1.108524203300476,1.5812740325927734,0.0876026377081871,0.131883442401886,0.05503331261325671,-0.0024369256964360503,0.052652207836318306,0.2,0.2,0.0,-2.512234151143028,False
0,81,-0.01264799298911378,-1.302969540688678,1.2679285935276303,1.5845468323546312,0.07049674476335799,0.0,-0.012692832790070278,-1.3014351907147559,1.2664197752042454,1.5845190955236277,0.07066518947465565,0.0,-0.017338961362838745,-1.1393393278121948,1.1077017784118652,1.5812160968780518,0.08759743720293045,0.1318175345659256,0.05503331261325671,-0.0024369256964360503,0.052652207836318306,0.2,0.2,0.0,-2.5222341511430284,False
0,82,-0.012692832790070278,-1.3014351907147559,1.2664197752042454,1.5845190955236277,0.07066518947465565,0.0,-0.012701733034072012,-1.3011306378667362,1.266120290129048,1.5845135900454006,0.0706986240350741,0.0,-0.01736363023519516,-1.1378095149993896,1.1063416004180908,1.5811421871185303,0.08762305229902267,0.1317327618598938,0.05503331261325671,-0.0024369256964360503,0.052652207836318306,0.2,0.2,0.0,-2.5322341511430286,False
0,83,-0.012701733034072012,-1.3011306378667362,1.266120290129048,1.5845135900454006,0.0706986240350741,0.0,-0.01271093628877712,-1.300809491669488,1.2658058489870836,1.584507039103423,0.07073215418491906,0.0,-0.01736801117658615,-1.1375048160552979,1.1060711145401,1.5811290740966797,0.0876307561993599,0.13171778619289398,0.05503331261325671,-0.0024369256964360503,0.052652207836318306,0.2,0.2,0.0,-2.5422341511430284,False
0,84,-0.01271093628877712,-1.300809491669488,1.2658058489870836,1.584507039103423,0.07073215418491906,0.0,-0.01271093628877712,-1.300809491669488,1.2658058489870836,1.584507039103423,0.07073215418491906,0.0,-0.017372362315654755,-1.1371841430664062,1.1057873964309692,1.5811145305633545,0.08763748407363892,0.13170191645622253,0.05503331261325671,-0.0024369256964360503,0.052652207836318306,0.2,0.2,0.0,-2.552234151143028,False
0,85,-0.01271093628877712,-1.300809491669488,1.2658058489870836,1.584507039103423,0.07073215418491906,0.0,-0.012720176812514682,-1.3004854514879143,1.265488895048194,1.5845003355814768,0.07076568314774177,0.0,-0.017372362315654755,-1.1371841430664062,1.1057873964309692,1.5811145305633545,0.08763748407363892,0.13170191645622253,0.05503331261325671,-0.0024369256964360503,0.052652207836318306,0.2,0.2,0.0,-2.5622341511430284,False
0,86,-0.012720176812514682,-1.3004854514879143,1.265488895048194,1.5845003355814768,0.07076568314774177,0.0,-0.012720176812514682,-1.3004854514879143,1.265488895048194,1.5845003355814768,0.07076568314774177,0.0,-0.017376817762851715,-1.1368608474731445,1.1055011749267578,1.5810999870300293,0.08764415979385376,0.13168573379516602,0.05503331261325671,-0.0024369256964360503,0.052652207836318306,0.2,0.2,0.0,-2.5722341511430282,False
0,87,-0.012720176812514682,-1.3004854514879143,1.265488895048194,1.5845003355814768,0.07076568314774177,0.0,-0.012729407259330649,-1.3001614411926006,1.2651720276833391,1.5844936176001476,0.07079915851788361,0.0,-0.017376817762851715,-1.1368608474731445,1.1055011749267578,1.5810999870300293,0.08764415979385376,0.13168573379516602,0.05514351673052334,-0.0024413167378521936,0.05280140882466197,0.2,0.2,0.0,-2.5822058031940016,False
0,88,-0.012729407259330649,-1.3001614411926006,1.2651720276833391,1.5844936176001476,0.07079915851788361,0.0,-0.012729407259330649,-1.3001614411926006,1.2651720276833391,1.5844936176001476,0.07079915851788361,0.0,-0.017381176352500916,-1.1365375518798828,1.1052151918411255,1.581085205078125,0.08765075355768204,0.13166944682598114,0.05514351673052334,-0.0024413167378521936,0.05280140882466197,0.2,0.2,0.0,-2.592205803194002,False
0,89,-0.012729407259330649,-1.3001614411926006,1.2651720276833391,1.5844936176001476,0.07079915851788361,0.0,-0.01273862823676275,-1.2998374320876007,1.2648552209176134,1.5844868840833897,0.0708325807174671,0.0,-0.017381176352500916,-1.1365375518798828,1.1052151918411255,1.581085205078125,0.08765075355768204,0.13166944682598114,0.05514351673052334,-0.0024413167378521936,0.05280140882466197,0.2,0.2,0.0,-2.6022058031940016,False
0,90,-0.01273862823676275,-1.2998374320876007,1.2648552209176134,1.5844868840833897,0.0708325807174671,0.0,-0.012747757004420535,-1.2995166630736505,1.2645415822195467,1.5844802179017992,0.07086566869505499,0.0,-0.01738552749156952,-1.136214256286621,1.1049290895462036,1.5810706615447998,0.08765731751918793,0.13165345788002014,0.05514351673052334,-0.0024413167378521936,0.05280140882466197,0.2,0.2,0.0,-2.612205803194002,False
0,91,-0.012747757004420535,-1.2995166630736505,1.2645415822195467,1.5844802179017992,0.07086566869505499,0.0,-0.012747757004420535,-1.2995166630736505,1.2645415822195467,1.5844802179017992,0.07086566869505499,0.0,-0.017389878630638123,-1.1358940601348877,1.10464608669281,1.5810561180114746,0.08766383677721024,0.13163739442825317,0.05514351673052334,-0.0024413167378521936,0.05280140882466197,0.2,0.2,0.0,-2.6222058031940016,False
0,92,-0.012747757004420535,-1.2995166630736505,1.2645415822195467,1.5844802179017992,0.07086566869505499,0.0,-0.01275695951525316,-1.2991926244122645,1.264224866344655,1.5844734521190695,0.07089898728887531,0.0,-0.017389878630638123,-1.1358940601348877,1.10464608669281,1.5810561180114746,0.08766383677721024,0.13163739442825317,0.05514351673052334,-0.0024413167378521936,0.05280140882466197,0.2,0.2,0.0,-2.632205803194002,False
0,93,-0.01275695951525316,-1.2991926244122645,1.264224866344655,1.5844734521190695,0.07089898728887531,0.0,-0.01275695951525316,-1.2991926244122645,1.264224866344655,1.5844734521190695,0.07089898728887531,0.0,-0.017394237220287323,-1.135570764541626,1.1043602228164673,1.5810415744781494,0.08767037838697433,0.1316213607788086,0.05514351673052334,-0.0024413167378521936,0.05280140882466197,0.2,0.2,0.0,-2.6422058031940017,False
0,94,-0.01275695951525316,-1.2991926244122645,1.264224866344655,1.5844734521190695,0.07089898728887531,0.0,-0.012766151733396857,-1.2988686195930772,1.2639082425132206,1.5844666715776496,0.07093225043909421,0.0,-0.017394237220287323,-1.135570764541626,1.1043602228164673,1.5810415744781494,0.08767037838697433,0.1316213607788086,0.05514351673052334,-0.0024413167378521936,0.05280140882466197,0.2,0.2,0.0,-2.652205803194002,False
0,95,-0.012766151733396857,-1.2988686195930772,1.2639082425132206,1.5844666715776496,0.07093225043909421,0.0,-0.012766151733396857,-1.2988686195930772,1.2639082425132206,1.5844666715776496,0.07093225043909421,0.0,-0.017398595809936523,-1.1352477073669434,1.1040743589401245,1.5810269117355347,0.08767677843570709,0.13160517811775208,0.05514351673052334,-0.0024413167378521936,0.05280140882466197,0.2,0.2,0.0,-2.6622058031940017,False
0,96,-0.012766151733396857,-1.2988686195930772,1.2639082425132206,1.5844666715776496,0.07093225043909421,0.0,-0.012775407904370225,-1.2985446159216023,1.263591679465349,1.5844598756283155,0.07096546058978104,0.0,-0.017398595809936523,-1.1352477073669434,1.1040743589401245,1.5810269117355347,0.08767677843570709,0.13160517811775208,0.05525669945674409,-0.002445799503362822,0.05295374552371791,0.2,0.2,0.0,-2.672176618483894,False
0,97,-0.012775407904370225,-1.2985446159216023,1.263591679465349,1.5844598756283155,0.07096546058978104,0.0,-0.012775407904370225,-1.2985446159216023,1.263591679465349,1.5844598756283155,0.07096546058978104,0.0,-0.017403021454811096,-1.1349244117736816,1.1037886142730713,1.5810120105743408,0.08768318593502045,0.1315890997648239,0.05525669945674409,-0.002445799503362822,0.05295374552371791,0.2,0.2,0.0,-2.6821766184838944,False
0,98,-0.012775407904370225,-1.2985446159216023,1.263591679465349,1.5844598756283155,0.07096546058978104,0.0,-0.012775407904370225,-1.2985446159216023,1.263591679465349,1.5844598756283155,0.07096546058978104,0.0,-0.017403021454811096,-1.1349244117736816,1.1037886142730713,1.5810120105743408,0.08768318593502045,0.1315890997648239,0.05525669945674409,-0.002445799503362822,0.05295374552371791,0.2,0.2,0.0,-2.6921766184838942,False
0,99,-0.012775407904370225,-1.2985446159216023,1.263591679465349,1.5844598756283155,0.07096546058978104,0.0,-0.012784571513633864,-1.298223852286842,1.2632782820479562,1.5844531476384747,0.07099833863896124,0.0,-0.017403021454811096,-1.1349244117736816,1.1037886142730713,1.5810120105743408,0.08768318593502045,0.1315890997648239,0.05525669945674409,-0.002445799503362822,0.05295374552371791,0.2,0.2,0.0,-2.702176618483894,False
0,100,-0.012784571513633864,-1.298223852286842,1.2632782820479562,1.5844531476384747,0.07099833863896124,0.0,-0.012793808413515807,-1.2978972534058903,1.262959302713277,1.5844463191887985,0.07103144530915291,0.0,-0.017407357692718506,-1.1346043348312378,1.1035054922103882,1.5809974670410156,0.08768955618143082,0.1315731257200241,0.05525669945674409,-0.002445799503362822,0.05295374552371791,0.2,0.2,0.0,-2.7121766184838942,False
0,101,-0.012793808413515807,-1.2978972534058903,1.262959302713277,1.5844463191887985,0.07103144530915291,0.0,-0.012793808413515807,-1.2978972534058903,1.262959302713277,1.5844463191887985,0.07103144530915291,0.0,-0.017411701381206512,-1.1342787742614746,1.1032178401947021,1.5809826850891113,0.08769568800926208,0.13155682384967804,0.05525669945674409,-0.002445799503362822,0.05295374552371791,0.2,0.2,0.0,-2.7221766184838945,False
0,102,-0.012793808413515807,-1.2978972534058903,1.262959302713277,1.5844463191887985,0.07103144530915291,0.0,-0.012793808413515807,-1.2978972534058903,1.262959302713277,1.5844463191887985,0.07103144530915291,0.0,-0.017411701381206512,-1.1342787742614746,1.1032178401947021,1.5809826850891113,0.08769568800926208,0.13155682384967804,0.05525669945674409,-0.002445799503362822,0.05295374552371791,0.2,0.2,0.0,-2.7321766184838943,False
0,103,-0.012793808413515807,-1.2978972534058903,1.262959302713277,1.5844463191887985,0.07103144530915291,0.0,-0.012802952944398933,-1.297573920513748,1.2626435131719447,1.5844395590236193,0.07106422091264292,0.0,-0.017411701381206512,-1.1342787742614746,1.1032178401947021,1.5809826850891113,0.08769568800926208,0.13155682384967804,0.05525669945674409,-0.002445799503362822,0.05295374552371791,0.2,0.2,0.0,-2.742176618483894,False
0,104,-0.012802952944398933,-1.297573920513748,1.2626435131719447,1.5844395590236193,0.07106422091264292,0.0,-0.012802952944398933,-1.297573920513748,1.2626435131719447,1.5844395590236193,0.07106422091264292,0.0,-0.017415978014469147,-1.1339561939239502,1.1029324531555176,1.5809680223464966,0.08770183473825455,0.1315406858921051,0.05525669945674409,-0.002445799503362822,0.05295374552371791,0.2,0.2,0.0,-2.7521766184838943,False
0,105,-0.012802952944398933,-1.297573920513748,1.2626435131719447,1.5844395590236193,0.07106422091264292,0.0,-0.012812097285025074,-1.297249916884455,1.2623271881431914,1.5844326993576054,0.07109722164200132,0.0,-0.017415978014469147,-1.1339561939239502,1.1029324531555176,1.5809680223464966,0.08770183473825455,0.1315406858921051,0.05525669945674409,-0.002445799503362822,0.05295374552371791,0.2,0.2,0.0,-2.7621766184838945,False
0,106,-0.012812097285025074,-1.297249916884455,1.2623271881431914,1.5844326993576054,0.07109722164200132,0.0,-0.012821150182244957,-1.2969291532914544,1.2620140263647255,1.5844259082882515,0.07112989236406637,0.0,-0.01742023229598999,-1.133633017539978,1.1026471853256226,1.5809533596038818,0.08770809322595596,0.13152451813220978,0.055369918902741996,-0.0024502761093441057,0.05310554666437166,0.2,0.2,0.0,-2.77214743450528,False
0,107,-0.012821150182244957,-1.2969291532914544,1.2620140263647255,1.5844259082882515,0.07112989236406637,0.0,-0.012821150182244957,-1.2969291532914544,1.2620140263647255,1.5844259082882515,0.07112989236406637,0.0,-0.017424553632736206,-1.1333132982254028,1.102364420890808,1.5809385776519775,0.087714284658432,0.13150851428508759,0.055369918902741996,-0.0024502761093441057,0.05310554666437166,0.2,0.2,0.0,-2.78214743450528,False
0,108,-0.012821150182244957,-1.2969291532914544,1.2620140263647255,1.5844259082882515,0.07112989236406637,0.0,-0.012830258861464714,-1.2966064186422128,1.2616989392874838,1.5844191310482698,0.07116249858373874,0.0,-0.017424553632736206,-1.1333132982254028,1.102364420890808,1.5809385776519775,0.087714284658432,0.13150851428508759,0.055369918902741996,-0.0024502761093441057,0.05310554666437166,0.2,0.2,0.0,-2.7921474345052797,False
0,109,-0.012830258861464714,-1.2966064186422128,1.2616989392874838,1.5844191310482698,0.07116249858373874,0.0,-0.012830258861464714,-1.2966064186422128,1.2616989392874838,1.5844191310482698,0.07116249858373874,0.0,-0.017428815364837646,-1.1329915523529053,1.10207998752594,1.5809240341186523,0.08772031962871552,0.13149233162403107,0.055369918902741996,-0.0024502761093441057,0.05310554666437166,0.2,0.2,0.0,-2.80214743450528,False
0,110,-0.012830258861464714,-1.2966064186422128,1.2616989392874838,1.5844191310482698,0.07116249858373874,0.0,-0.0128393659388996,-1.2962830537172747,1.2613833564770485,1.5844122537238345,0.071195328923259,0.0,-0.017428815364837646,-1.1329915523529053,1.10207998752594,1.5809240341186523,0.08772031962871552,0.13149233162403107,0.055369918902741996,-0.0024502761093441057,0.05310554666437166,0.2,0.2,0.0,-2.81214743450528,False
0,111,-0.0128393659388996,-1.2962830537172747,1.2613833564770485,1.5844122537238345,0.071195328923259,0.0,-0.0128393659388996,-1.2962830537172747,1.2613833564770485,1.5844122537238345,0.071195328923259,0.0,-0.01743311434984207,-1.1326690912246704,1.1017950773239136,1.580909013748169,0.08772645145654678,0.1314762979745865,0.055369918902741996,-0.0024502761093441057,0.05310554666437166,0.2,0.2,0.0,-2.82214743450528,False
0,112,-0.0128393659388996,-1.2962830537172747,1.2613833564770485,1.5844122537238345,0.071195328923259,0.0,-0.01284846345766739,-1.2959622830029567,1.261070363965848,1.58440541560874,0.07122784334224923,0.0,-0.01743311434984207,-1.1326690912246704,1.1017950773239136,1.580909013748169,0.08772645145654678,0.1314762979745865,0.055369918902741996,-0.0024502761093441057,0.05310554666437166,0.2,0.2,0.0,-2.8321474345052797,False
0,113,-0.01284846345766739,-1.2959622830029567,1.261070363965848,1.58440541560874,0.07122784334224923,0.0,-0.01284846345766739,-1.2959622830029567,1.261070363965848,1.58440541560874,0.07122784334224923,0.0,-0.01743735373020172,-1.1323492527008057,1.1015125513076782,1.5808944702148438,0.08773258328437805,0.1314602643251419,0.055369918902741996,-0.0024502761093441057,0.05310554666437166,0.2,0.2,0.0,-2.84214743450528,False
0,114,-0.01284846345766739,-1.2959622830029567,1.261070363965848,1.58440541560874,0.07122784334224923,0.0,-0.01284846345766739,-1.2959622830029567,1.261070363965848,1.58440541560874,0.07122784334224923,0.0,-0.01743735373020172,-1.1323492527008057,1.1015125513076782,1.5808944702148438,0.08773258328437805,0.1314602643251419,0.055369918902741996,-0.0024502761093441057,0.05310554666437166,0.2,0.2,0.0,-2.85214743450528,False
0,115,-0.01284846345766739,-1.2959622830029567,1.261070363965848,1.58440541560874,0.07122784334224923,0.0,-0.01284846345766739,-1.2959622830029567,1.261070363965848,1.58440541560874,0.07122784334224923,0.0,-0.01743735373020172,-1.1323492527008057,1.1015125513076782,1.5808944702148438,0.08773258328437805,0.1314602643251419,0.055369918902741996,-0.0024502761093441057,0.05310554666437166,0.2,0.2,0.0,-2.86214743450528,False
0,116,-0.01284846345766739,-1.2959622830029567,1.261070363965848,1.58440541560874,0.07122784334224923,0.0,-0.01284846345766739,-1.2959622830029567,1.261070363965848,1.58440541560874,0.07122784334224923,0.0,-0.01743735373020172,-1.1323492527008057,1.1015125513076782,1.5808944702148438,0.08773258328437805,0.1314602643251419,0.05548302247445208,-0.0024547399139362392,0.053256586873440606,0.2,0.2,0.0,-2.872118284569197,False
0,117,-0.01284846345766739,-1.2959622830029567,1.261070363965848,1.58440541560874,0.07122784334224923,0.0,-0.01284846345766739,-1.2959622830029567,1.261070363965848,1.58440541560874,0.07122784334224923,0.0,-0.01743735373020172,-1.1323492527008057,1.1015125513076782,1.5808944702148438,0.08773258328437805,0.1314602643251419,0.05548302247445208,-0.0024547399139362392,0.053256586873440606,0.2,0.2,0.0,-2.882118284569197,False
0,118,-0.01284846345766739,-1.2959622830029567,1.261070363965848,1.58440541560874,0.07122784334224923,0.0,-0.012866566154585925,-1.2953174764500717,1.2604414257134604,1.5843916092099448,0.07129299039468012,0.0,-0.01743735373020172,-1.1323492527008057,1.1015125513076782,1.5808944702148438,0.08773258328437805,0.1314602643251419,0.05548302247445208,-0.0024547399139362392,0.053256586873440606,0.2,0.2,0.0,-2.8921182845691966,False
0,119,-0.012866566154585925,-1.2953174764500717,1.2604414257134604,1.5843916092099448,0.07129299039468012,0.0,-0.012866566154585925,-1.2953174764500717,1.2604414257134604,1.5843916092099448,0.07129299039468012,0.0,-0.017445802688598633,-1.1317065954208374,1.1009446382522583,1.5808649063110352,0.0877445712685585,0.13142813742160797,0.05548302247445208,-0.0024547399139362392,0.053256586873440606,0.2,0.2,0.0,-2.902118284569197,False
0,120,-0.012866566154585925,-1.2953174764500717,1.2604414257134604,1.5843916092099448,0.07129299039468012,0.0,-0.012866566154585925,-1.2953174764500717,1.2604414257134604,1.5843916092099448,0.07129299039468012,0.0,-0.017445802688598633,-1.1317065954208374,1.1009446382522583,1.5808649063110352,0.0877445712685585,0.13142813742160797,0.05548302247445208,-0.0024547399139362392,0.053256586873440606,0.2,0.2,0.0,-2.912118284569197,False
0,121,-0.012866566154585925,-1.2953174764500717,1.2604414257134604,1.5843916092099448,0.07129299039468012,0.0,-0.012875562908161406,-1.294996698455068,1.2601285994715385,1.5843847253836787,0.07132534840403362,0.0,-0.017445802688598633,-1.1317065954208374,1.1009446382522583,1.5808649063110352,0.0877445712685585,0.13142813742160797,0.05548302247445208,-0.0024547399139362392,0.053256586873440606,0.2,0.2,0.0,-2.922118284569197,False
0,122,-0.012875562908161406,-1.294996698455068,1.2601285994715385,1.5843847253836787,0.07132534840403362,0.0,-0.012893647581344005,-1.29435190218283,1.259499785185415,1.5843708886890728,0.07139039292341023,0.0,-0.017449989914894104,-1.1313867568969727,1.1006622314453125,1.5808501243591309,0.08775050938129425,0.13141211867332458,0.05548302247445208,-0.0024547399139362392,0.053256586873440606,0.2,0.2,0.0,-2.9321182845691967,False
0,123,-0.012893647581344005,-1.29435190218283,1.259499785185415,1.5843708886890728,0.07139039292341023,0.0,-0.012893647581344005,-1.29435190218283,1.259499785185415,1.5843708886890728,0.07139039292341023,0.0,-0.017458364367485046,-1.1307440996170044,1.1000945568084717,1.5808207988739014,0.08776259422302246,0.13137996196746826,0.05548302247445208,-0.0024547399139362392,0.053256586873440606,0.2,0.2,0.0,-2.942118284569197,False
0,124,-0.012893647581344005,-1.29435190218283,1.259499785185415,1.5843708886890728,0.07139039292341023,0.0,-0.012893647581344005,-1.29435190218283,1.259499785185415,1.5843708886890728,0.07139039292341023,0.0,-0.017458364367485046,-1.1307440996170044,1.1000945568084717,1.5808207988739014,0.08776259422302246,0.13137996196746826,0.05548302247445208,-0.0024547399139362392,0.053256586873440606,0.2,0.2,0.0,-2.952118284569197,False
0,125,-0.012893647581344005,-1.29435190218283,1.259499785185415,1.5843708886890728,0.07139039292341023,0.0,-0.012893647581344005,-1.29435190218283,1.259499785185415,1.5843708886890728,0.07139039292341023,0.0,-0.017458364367485046,-1.1307440996170044,1.1000945568084717,1.5808207988739014,0.08776259422302246,0.13137996196746826,0.05559632358161043,-0.0024591989884117115,0.05340728958784566,0.2,0.2,0.0,-2.9620890845783627,False
0,126,-0.012893647581344005,-1.29435190218283,1.259499785185415,1.5843708886890728,0.07139039292341023,0.0,-0.01313233924252716,-1.2857977010379458,1.2511651530699943,1.5841853157876307,0.07224655457712832,0.0,-0.017458364367485046,-1.1307440996170044,1.1000945568084717,1.5808207988739014,0.08776259422302246,0.13137996196746826,0.05615525603778658,-0.002481203359455688,0.054142907444980834,0.2,0.2,0.0,-2.9719453742842505,False
0,127,-0.01313233924252716,-1.2857977010379458,1.2511651530699943,1.5841853157876307,0.07224655457712832,0.0,-0.013245859973175431,-1.2816821197988588,1.2471635322391112,1.5840945771710826,0.07265155032209113,0.0,-0.01756972074508667,-1.1222379207611084,1.0926023721694946,1.5804977416992188,0.0879528746008873,0.13099004328250885,0.05615525603778658,-0.002481203359455688,0.054142907444980834,0.2,0.2,0.0,-2.9819453742842503,False
0,128,-0.013245859973175431,-1.2816821197988588,1.2471635322391112,1.5840945771710826,0.07265155032209113,0.0,-0.013416638874169821,-1.2753758250597171,1.2410518655789844,1.5839520888193273,0.07325552100323189,0.0,-0.017622098326683044,-1.1181509494781494,1.0890089273452759,1.5803496837615967,0.08804383873939514,0.13080669939517975,0.05651725808423097,-0.0024953936920259602,0.05461220232341947,0.2,0.2,0.0,-2.9918524643189444,False
0,129,-0.013416638874169821,-1.2753758250597171,1.2410518655789844,1.5839520888193273,0.07325552100323189,0.0,-0.013474896631292603,-1.2731708800748358,1.2386089833207334,1.5838932132537942,0.07348907018806299,0.0,-0.01769895851612091,-1.1118967533111572,1.0835200548171997,1.5801197290420532,0.08817072957754135,0.13052473962306976,0.05696413550329865,-0.002512807534285897,0.055183717906156546,0.2,0.2,0.0,-3.0017378525886262,False
0,130,-0.013474896631292603,-1.2731708800748358,1.2386089833207334,1.5838932132537942,0.07348907018806299,0.0,-0.01355797547154385,-1.269988950869627,1.2355511458326738,1.5838185368637707,0.07377762741361737,0.0,-0.01771535724401474,-1.109619140625,1.0813559293746948,1.5800215005874634,0.08822464197874069,0.1304164081811905,0.057250524986409826,-0.0025229075091985926,0.05555009971018568,0.2,0.2,0.0,-3.0116646447414603,False
0,131,-0.01355797547154385,-1.269988950869627,1.2355511458326738,1.5838185368637707,0.07377762741361737,0.0,-0.013648166899585428,-1.2664999553085714,1.2321980171675613,1.5837355987432828,0.07409055869874995,0.0,-0.017753254622220993,-1.106512427330017,1.0786254405975342,1.5798929929733276,0.08827497810125351,0.13028766214847565,0.05752225171459177,-0.002533321742806366,0.055890109161568204,0.2,0.2,0.0,-3.021594940278617,False
0,132,-0.013648166899585428,-1.2664999553085714,1.2321980171675613,1.5837355987432828,0.07409055869874995,0.0,-0.01374544836875768,-1.262697703625049,1.2285497446427152,1.583643432076748,0.07442437949008818,0.0,-0.01780153065919876,-1.1032676696777344,1.0757009983062744,1.5797092914581299,0.08832045644521713,0.1302040070295334,0.05784026689601614,-0.002545458108427129,0.05628400546174232,0.2,0.2,0.0,-3.031513349954502,False
0,133,-0.01374544836875768,-1.262697703625049,1.2285497446427152,1.583643432076748,0.07442437949008818,0.0,-0.013881152553826442,-1.2573515853787558,1.2234259603286683,1.5835105942403218,0.07488780987782685,0.0,-0.017852984368801117,-1.099733591079712,1.0725188255310059,1.5795074701309204,0.08836458623409271,0.1301121562719345,0.05822579136348359,-0.002560135284551359,0.05675586524276449,0.2,0.2,0.0,-3.0414144662770752,False
0,134,-0.013881152553826442,-1.2573515853787558,1.2234259603286683,1.5835105942403218,0.07488780987782685,0.0,-0.013975488236928877,-1.2535908292074212,1.2198276205764058,1.5834137972431417,0.0752064257125048,0.0,-0.017924200743436813,-1.0947664976119995,1.0680499076843262,1.5792211294174194,0.08842222392559052,0.1299823820590973,0.05822579136348359,-0.002560135284551359,0.05675586524276449,0.2,0.2,0.0,-3.051414466277075,False
0,135,-0.013975488236928877,-1.2535908292074212,1.2198276205764058,1.5834137972431417,0.0752064257125048,0.0,-0.014114686886493892,-1.2479487114128847,1.214438305588778,1.5832638628750035,0.07567294383756328,0.0,-0.017903268337249756,-1.0912678241729736,1.0649542808532715,1.5790295600891113,0.0884169191122055,0.12988950312137604,0.0585902846880024,-0.0025739347157466485,0.05719600929754369,0.2,0.2,0.0,-3.0613208794648568,False
0,136,-0.014114686886493892,-1.2479487114128847,1.214438305588778,1.5832638628750035,0.07567294383756328,0.0,-0.014181768162504601,-1.2451322106234801,1.2117548521614259,1.5831862635023701,0.07589761378539676,0.0,-0.01786712557077408,-1.086022138595581,1.0603196620941162,1.5787384510040283,0.08839898556470871,0.12974882125854492,0.05900040780941376,-0.0025893156280150497,0.05768469292386011,0.2,0.2,0.0,-3.071215466996743,False
0,137,-0.014181768162504601,-1.2451322106234801,1.2117548521614259,1.5831862635023701,0.07589761378539676,0.0,-0.014297401815245544,-1.2401236241080915,1.2069889633481277,1.5830368410908948,0.0763141359393831,0.0,-0.01784616708755493,-1.0834059715270996,1.0580121278762817,1.5785906314849854,0.08838348090648651,0.1296776682138443,0.059299815200822725,-0.0026002494487135162,0.05803663195752894,0.2,0.2,0.0,-3.0811381586524123,False
0,138,-0.014297401815245544,-1.2401236241080915,1.2069889633481277,1.5830368410908948,0.0763141359393831,0.0,-0.014388101928135028,-1.2361053779247553,1.2031698458814102,1.5829226064467856,0.07662269275861974,0.0,-0.017808683216571808,-1.07875394821167,1.053911566734314,1.5783171653747559,0.08837009221315384,0.1295522302389145,0.05964330633072375,-0.0026126298050157225,0.058435115675257464,0.2,0.2,0.0,-3.0910491301143863,False
0,139,-0.014388101928135028,-1.2361053779247553,1.2031698458814102,1.5829226064467856,0.07662269275861974,0.0,-0.014461725935911914,-1.232664739452141,1.1999087243641697,1.5828208455263693,0.0768764442089882,0.0,-0.0177733413875103,-1.0750250816345215,1.0506283044815063,1.5781028270721436,0.08833841234445572,0.12944930791854858,0.05996405059007702,-0.0026239847778784012,0.05880394774699552,0.2,0.2,0.0,-3.100966034172712,False
0,140,-0.014461725935911914,-1.232664739452141,1.1999087243641697,1.5828208455263693,0.0768764442089882,0.0,-0.01454608878830271,-1.2286004801302903,1.1960621506218732,1.582698291287988,0.07716928513678639,0.0,-0.01773849129676819,-1.0718355178833008,1.0478249788284302,1.5779157876968384,0.088302843272686,0.1293599009513855,0.060335352047034926,-0.002636767401512932,0.05922546343073967,0.2,0.2,0.0,-3.110869419623022,False
0,141,-0.01454608878830271,-1.2286004801302903,1.1960621506218732,1.582698291287988,0.07716928513678639,0.0,-0.01459625278733784,-1.2261250997527122,1.193721899450112,1.5826225556156963,0.07734449123638229,0.0,-0.017694905400276184,-1.0680683851242065,1.0444937944412231,1.5776939392089844,0.08827796578407288,0.12924082577228546,0.060335352047034926,-0.002636767401512932,0.05922546343073967,0.2,0.2,0.0,-3.120869419623022,False
0,142,-0.01459625278733784,-1.2261250997527122,1.193721899450112,1.5826225556156963,0.07734449123638229,0.0,-0.014644740410589266,-1.2236296420864272,1.1913661855580344,1.582544375881186,0.07751650659283957,0.0,-0.017668768763542175,-1.065768837928772,1.0423790216445923,1.5775625705718994,0.08833935856819153,0.1291237622499466,0.060635660965997124,-0.0026469064914069786,0.059562444507155685,0.2,0.2,0.0,-3.1307910758472,False
0,143,-0.014644740410589266,-1.2236296420864272,1.1913661855580344,1.582544375881186,0.07751650659283957,0.0,-0.014709963995616915,-1.2198790824364192,1.1878270335469925,1.582425406566895,0.07777263286750868,0.0,-0.017640341073274612,-1.0634520053863525,1.0402506589889526,1.5774285793304443,0.08839711546897888,0.1290053278207779,0.06091606499872751,-0.0026557122937787723,0.059873863016713665,0.2,0.2,0.0,-3.140717336848481,False
0,144,-0.014709963995616915,-1.2198790824364192,1.1878270335469925,1.582425406566895,0.07777263286750868,0.0,-0.014807502483632952,-1.214636232262256,1.1828813484045317,1.5822573766150192,0.07812781468129697,0.0,-0.017590604722499847,-1.0599710941314697,1.0370539426803589,1.5772247314453125,0.08848144114017487,0.12882660329341888,0.06133484694160839,-0.0026693813790611923,0.060333999587248874,0.2,0.2,0.0,-3.1506076918024255,False
0,145,-0.014807502483632952,-1.214636232262256,1.1828813484045317,1.5822573766150192,0.07812781468129697,0.0,-0.01486715662457661,-1.210939332909719,1.1794055030440176,1.582136107159671,0.07837258426394683,0.0,-0.017526350915431976,-1.055105209350586,1.0325864553451538,1.5769391059875488,0.08859739452600479,0.12857703864574432,0.061659688937058046,-0.002679304639736425,0.06068619361118144,0.2,0.2,0.0,-3.1605219848537476,False
0,146,-0.01486715662457661,-1.210939332909719,1.1794055030440176,1.582136107159671,0.07837258426394683,0.0,-0.014923699447779437,-1.2075762185180163,1.176242695865507,1.5820234148106846,0.07859172524420166,0.0,-0.01747281476855278,-1.0516784191131592,1.0294474363327026,1.5767345428466797,0.08867356926202774,0.12840045988559723,0.061659688937058046,-0.002679304639736425,0.06068619361118144,0.2,0.2,0.0,-3.170521984853748,False
0,147,-0.014923699447779437,-1.2075762185180163,1.176242695865507,1.5820234148106846,0.07859172524420166,0.0,-0.0149983466345605,-1.2029867386562272,1.1719214998290028,1.5818673830973107,0.07888798065633927,0.0,-0.017425619065761566,-1.048560619354248,1.026591181755066,1.5765464305877686,0.08874017745256424,0.12823951244354248,0.06198290231925614,-0.002689289346196547,0.061032956157254695,0.2,0.2,0.0,-3.180436784561664,False
0,148,-0.0149983466345605,-1.2029867386562272,1.1719214998290028,1.5818673830973107,0.07888798065633927,0.0,-0.015045769745522533,-1.1999518596305765,1.1690655934524228,1.5817625777873028,0.07908122043162062,0.0,-0.017358623445034027,-1.0443049669265747,1.022689700126648,1.5762872695922852,0.08882863074541092,0.12801925837993622,0.06238165524321003,-0.002701382713341164,0.06145619155871379,0.2,0.2,0.0,-3.190331565966553,False
0,149,-0.015045769745522533,-1.1999518596305765,1.1690655934524228,1.5817625777873028,0.07908122043162062,0.0,-0.015091104465950855,-1.196888337046619,1.1661846919152647,1.5816546514419574,0.07927281723045196,0.0,-0.01731249690055847,-1.0414916276931763,1.0201114416122437,1.5761141777038574,0.08888477087020874,0.12787331640720367,0.06271098281926361,-0.0027110783258965385,0.06180157725037047,0.2,0.2,0.0,-3.2002443903924336,False
0,150,-0.015091104465950855,-1.196888337046619,1.1661846919152647,1.5816546514419574,0.07927281723045196,0.0,-0.01513423057250699,-1.1938108839587502,1.1632923554166859,1.5815442375718498,0.07946250424644367,0.0,-0.017245404422283173,-1.0386215448379517,1.0174728631973267,1.575925588607788,0.08897946774959564,0.1277669370174408,0.06297221988441451,-0.0027185158599358126,0.06207280528122544,0.2,0.2,0.0,-3.210174980410702,False
0,151,-0.01513423057250699,-1.1938108839587502,1.1632923554166859,1.5815442375718498,0.07946250424644367,0.0,-0.015183255415561495,-1.1901194199466685,1.15982431762879,1.5814096548297873,0.07968826805114397,0.0,-0.0171654149889946,-1.0357214212417603,1.0148025751113892,1.5757272243499756,0.08909588307142258,0.1276833564043045,0.06297221988441451,-0.0027185158599358126,0.06207280528122544,0.2,0.2,0.0,-3.220174980410702,False
0,152,-0.015183255415561495,-1.1901194199466685,1.15982431762879,1.5814096548297873,0.07968826805114397,0.0,-0.01522198194246459,-1.187058012044925,1.1569490840611407,1.581296530807258,0.07987450418995075,0.0,-0.017067037522792816,-1.0322433710098267,1.0116007328033447,1.5754867792129517,0.08923369646072388,0.12758269906044006,0.06335467331751167,-0.0027291039217479367,0.062465829372833626,0.2,0.2,0.0,-3.2300730975453145,False
0,153,-0.01522198194246459,-1.187058012044925,1.1569490840611407,1.581296530807258,0.07987450418995075,0.0,-0.015264800720412385,-1.1834049940968163,1.1535197577735916,1.5811588792347275,0.0800949739311307,0.0,-0.016983643174171448,-1.0293593406677246,1.0089462995529175,1.5752859115600586,0.0893472284078598,0.1274990439414978,0.06371237918147428,-0.002738677751826503,0.0628291321222765,0.2,0.2,0.0,-3.239977516384895,False
0,154,-0.015264800720412385,-1.1834049940968163,1.1535197577735916,1.5811588792347275,0.0800949739311307,0.0,-0.015301381139184628,-1.1797414417304188,1.1500819812943095,1.5810183180952442,0.08031443090535723,0.0,-0.016881272196769714,-1.02591872215271,1.005780577659607,1.5750434398651123,0.0894809365272522,0.12739874422550201,0.06402421483231373,-0.002746452828113509,0.06314240015462343,0.2,0.2,0.0,-3.249893681526234,False
0,155,-0.015301381139184628,-1.1797414417304188,1.1500819812943095,1.5810183180952442,0.08031443090535723,0.0,-0.015334686752596199,-1.1763881298500136,1.1469367403643969,1.5808871655772185,0.08053197441723092,0.0,-0.0167728029191494,-1.0224688053131104,1.0026074647903442,1.5747971534729004,0.0896131694316864,0.12729774415493011,0.06433708816596723,-0.002754197198656813,0.06345358514213838,0.2,0.2,0.0,-3.259809486572955,False
0,156,-0.015334686752596199,-1.1763881298500136,1.1469367403643969,1.5808871655772185,0.08053197441723092,0.0,-0.01536526672591511,-1.1730038399156786,1.1437637669103053,1.5807528393347179,0.08073048850880113,0.0,-0.0166759192943573,-1.0193102359771729,0.9997010827064514,1.5745693445205688,0.08974888175725937,0.12720642983913422,0.06433708816596723,-0.002754197198656813,0.06345358514213838,0.2,0.2,0.0,-3.2698094865729552,False
0,157,-0.01536526672591511,-1.1730038399156786,1.1437637669103053,1.5807528393347179,0.08073048850880113,0.0,-0.01536526672591511,-1.1730038399156786,1.1437637669103053,1.5807528393347179,0.08073048850880113,0.0,-0.01657278835773468,-1.0161244869232178,0.996772825717926,1.574337363243103,0.08986736834049225,0.12711241841316223,0.06586454193835911,-0.002789898994251043,0.0649455364455743,0.2,0.2,0.0,-3.2794004201504157,False
0,158,-0.01536526672591511,-1.1730038399156786,1.1437637669103053,1.5807528393347179,0.08073048850880113,0.0,-0.015536795575359417,-1.1527975850450947,1.124568646152934,1.5799284160968594,0.08193155570421587,0.0,-0.01657278835773468,-1.0161244869232178,0.996772825717926,1.574337363243103,0.08986736834049225,0.12711241841316223,0.06626196673923651,-0.002799209757769153,0.065320197401343,0.2,0.2,0.0,-3.289293353712197,False
0,159,-0.015536795575359417,-1.1527975850450947,1.124568646152934,1.5799284160968594,0.08193155570421587,0.0,-0.015553657147619642,-1.1500004045371057,1.121953782870239,1.5798108625318927,0.08209155229883885,0.0,-0.015992432832717896,-0.9970797896385193,0.9790704846382141,1.573036551475525,0.09056925028562546,0.12655223906040192,0.06626196673923651,-0.002799209757769153,0.065320197401343,0.2,0.2,0.0,-3.299293353712197,False
0,160,-0.015553657147619642,-1.1500004045371057,1.121953782870239,1.5798108625318927,0.08209155229883885,0.0,-0.015563969531231226,-1.1461040520068408,1.118313374792762,1.579638070552348,0.08230677441303161,0.0,-0.01592840999364853,-0.9944763779640198,0.9766544699668884,1.5729072093963623,0.09064792096614838,0.12647968530654907,0.06656392828838967,-0.002805388494528302,0.06560110403985309,0.2,0.2,0.0,-3.3092110650898863,False
0,161,-0.015563969531231226,-1.1461040520068408,1.118313374792762,1.579638070552348,0.08230677441303161,0.0,-0.015571969405047927,-1.1425015413967696,1.1149478556961918,1.5794779753202175,0.08250437117876923,0.0,-0.015827126801013947,-0.9908518195152283,0.9732922911643982,1.5727167129516602,0.09075050055980682,0.12637686729431152,0.06690772041346273,-0.0028115373507653562,0.06591725240392077,0.2,0.2,0.0,-3.319116490559134,False
0,162,-0.015571969405047927,-1.1425015413967696,1.1149478556961918,1.5794779753202175,0.08250437117876923,0.0,-0.015578897841830808,-1.1380217324094373,1.1107634144212621,1.579278079560692,0.0827474300888208,0.0,-0.015731967985630035,-0.9875006079673767,0.970184326171875,1.572540044784546,0.0908440351486206,0.12628167867660522,0.06727790472341126,-0.002817945856588342,0.06625436955111422,0.2,0.2,0.0,-3.329014544884822,False
0,163,-0.015578897841830808,-1.1380217324094373,1.1107634144212621,1.579278079560692,0.0827474300888208,0.0,-0.015581011364087743,-1.135937653264017,1.1088169916099921,1.5791847847774676,0.08285952858009847,0.0,-0.015610705129802227,-0.9833338856697083,0.9663205146789551,1.5723191499710083,0.09095786511898041,0.12616287171840668,0.06764726456019392,-0.002824102811709537,0.06658735437976995,0.2,0.2,0.0,-3.338912691832141,False
0,164,-0.015581011364087743,-1.135937653264017,1.1088169916099921,1.5791847847774676,0.08285952858009847,0.0,-0.015581343827897956,-1.1341397533912982,1.1071381745253357,1.579103892608073,0.08295492378808786,0.0,-0.015553190372884274,-0.9813956618309021,0.9645233750343323,1.5722159147262573,0.09100988507270813,0.12610746920108795,0.06764726456019392,-0.002824102811709537,0.06658735437976995,0.2,0.2,0.0,-3.3489126918321412,False
0,165,-0.015581343827897956,-1.1341397533912982,1.1071381745253357,1.579103892608073,0.08295492378808786,0.0,-0.015580507068936102,-1.129635575031596,1.1029326941930322,1.5789007753702062,0.0831924459220584,0.0,-0.015502086840569973,-0.9797238707542419,0.9629735350608826,1.5721263885498047,0.09105351567268372,0.1260593831539154,0.06787140933382194,-0.002827589357319916,0.06678771937995667,0.2,0.2,0.0,-3.358850687319991,False
0,166,-0.015580507068936102,-1.129635575031596,1.1029326941930322,1.5789007753702062,0.0831924459220584,0.0,-0.015578805082095906,-1.1278518488018514,1.1012675579750586,1.578819953405166,0.08328530762620982,0.0,-0.015372483991086483,-0.9755359292030334,0.9590917229652405,1.5719012022018433,0.09116154909133911,0.12593896687030792,0.06824477753932263,-0.0028332860298721724,0.06711882780838149,0.2,0.2,0.0,-3.368747371172276,False
0,167,-0.015578805082095906,-1.1278518488018514,1.1012675579750586,1.578819953405166,0.08328530762620982,0.0,-0.015574430050905884,-1.1248461521801092,1.098462025957437,1.5786833371538194,0.083440465966914,0.0,-0.01531993504613638,-0.9738776087760925,0.9575549364089966,1.571811556816101,0.0912032425403595,0.12589113414287567,0.06852237688088705,-0.002837221190704532,0.06736276078285629,0.2,0.2,0.0,-3.3786703255946695,False
0,168,-0.015574430050905884,-1.1248461521801092,1.098462025957437,1.5786833371538194,0.083440465966914,0.0,-0.015566401363836394,-1.1204046536923997,1.0943166481507902,1.5784810208428448,0.08366839838664081,0.0,-0.015229756943881512,-0.9710837006568909,0.9549659490585327,1.5716596841812134,0.09127221256494522,0.12581028044223785,0.06889689396156916,-0.0028424064841084773,0.06768902322652573,0.2,0.2,0.0,-3.3885663416176475,False
0,169,-0.015566401363836394,-1.1204046536923997,1.0943166481507902,1.5784810208428448,0.08366839838664081,0.0,-0.015558042821470143,-1.1171502077623718,1.091279725409519,1.5783320583223308,0.08383324020189825,0.0,-0.015095031820237637,-0.9669552445411682,0.9511407017707825,1.5714348554611206,0.09137275069952011,0.12569060921669006,0.0692206226287439,-0.0028466402802971515,0.06796836884550925,0.2,0.2,0.0,-3.3984762918482563,False
0,170,-0.015558042821470143,-1.1171502077623718,1.091279725409519,1.5783320583223308,0.08383324020189825,0.0,-0.015547418218176493,-1.1138830312368193,1.088231414944319,1.5781818619600914,0.08399676465111586,0.0,-0.014993901364505291,-0.9639309048652649,0.9483388066291809,1.5712690353393555,0.09144455194473267,0.12560266256332397,0.0692206226287439,-0.0028466402802971515,0.06796836884550925,0.2,0.2,0.0,-3.408476291848256,False
0,171,-0.015547418218176493,-1.1138830312368193,1.088231414944319,1.5781818619600914,0.08399676465111586,0.0,-0.015538338969343372,-1.1115128622500559,1.0860200436521854,1.5780724856547306,0.08411460290899334,0.0,-0.014819945208728313,-0.960970938205719,0.9454745650291443,1.5710777044296265,0.0916520282626152,0.12530295550823212,0.06957297431489863,-0.002850969238493477,0.068269619787028,0.2,0.2,0.0,-3.418378085696465,False
0,172,-0.015538338969343372,-1.1115128622500559,1.0860200436521854,1.5780724856547306,0.08411460290899334,0.0,-0.015529807403451463,-1.1097271624287353,1.084352913386876,1.5779895114792246,0.08420401418769223,0.0,-0.014690580777823925,-0.9588261246681213,0.9433954358100891,1.5709375143051147,0.09180542826652527,0.1250796616077423,0.06957297431489863,-0.002850969238493477,0.068269619787028,0.2,0.2,0.0,-3.4283780856964654,False
0,173,-0.015529807403451463,-1.1097271624287353,1.084352913386876,1.5779895114792246,0.08420401418769223,0.0,-0.015523008231335188,-1.1085386481062733,1.0832425947170037,1.577933904007315,0.08426395683003528,0.0,-0.01459174882620573,-0.9572097659111023,0.941828191280365,1.570831060409546,0.09192149341106415,0.12491132318973541,0.06987601225086967,-0.00285436052928895,0.06852649868203903,0.2,0.2,0.0,-3.4382934062908284,False
0,174,-0.015523008231335188,-1.1085386481062733,1.0832425947170037,1.577933904007315,0.08426395683003528,0.0,-0.015511850802438916,-1.10674567116137,1.08156700760091,1.5778497052543758,0.08435473265520893,0.0,-0.014525002799928188,-0.9561337828636169,0.9407842755317688,1.5707597732543945,0.0919991284608841,0.1247992068529129,0.07010596792890979,-0.0028565854912510247,0.06872013318447087,0.2,0.2,0.0,-3.448228912768501,False
0,175,-0.015511850802438916,-1.10674567116137,1.08156700760091,1.5778497052543758,0.08435473265520893,0.0,-0.015487176030462076,-1.1031824919549733,1.0782355652106717,1.5776815273474052,0.08453607124496368,0.0,-0.014423641376197338,-0.9545103907585144,0.9392094016075134,1.5706515312194824,0.09211643785238266,0.12463010847568512,0.07010596792890979,-0.0028565854912510247,0.06872013318447087,0.2,0.2,0.0,-3.4582289127685013,False
0,176,-0.015487176030462076,-1.1031824919549733,1.0782355652106717,1.5776815273474052,0.08453607124496368,0.0,-0.01545771344591339,-1.0990651934738098,1.0743853985077316,1.5774868392950143,0.08474600121896246,0.0,-0.014220102690160275,-0.9512837529182434,0.9360774755477905,1.570435643196106,0.09235017746686935,0.12429402768611908,0.07041219564116336,-0.0028592954658322373,0.06897626374261617,0.2,0.2,0.0,-3.4681428813216373,False
0,177,-0.01545771344591339,-1.0990651934738098,1.0743853985077316,1.5774868392950143,0.08474600121896246,0.0,-0.015426141157111101,-1.09502690494632,1.070607413940717,1.5772949430729593,0.08495293236899873,0.0,-0.013984142802655697,-0.9475553631782532,0.9324584603309631,1.5701854228973389,0.09262066334486008,0.12390562891960144,0.07101648381517328,-0.0028644877647308496,0.0694759332865077,0.2,0.2,0.0,-3.4779731693762823,False
0,178,-0.015426141157111101,-1.09502690494632,1.070607413940717,1.5772949430729593,0.08495293236899873,0.0,-0.0153963637166207,-1.0921028439283347,1.0678674521199636,1.5771535537165982,0.0851054227235677,0.0,-0.013750488869845867,-0.9438980221748352,0.9289073348045349,1.5699386596679688,0.09288674592971802,0.12352453172206879,0.07129616034243415,-0.0028662200648617033,0.06970469474715471,0.2,0.2,0.0,-3.487894177023974,False
0,179,-0.0153963637166207,-1.0921028439283347,1.0678674521199636,1.5771535537165982,0.0851054227235677,0.0,-0.015362976502464978,-1.0891755473416005,1.0651222049344602,1.577010726178228,0.08525945234496272,0.0,-0.01357568334788084,-0.9412484765052795,0.9263321757316589,1.5697565078735352,0.09308134764432907,0.12324847280979156,0.07157785043301411,-0.00286754958760226,0.06993353586337925,0.2,0.2,0.0,-3.497814343273581,False
0,180,-0.015362976502464978,-1.0891755473416005,1.0651222049344602,1.577010726178228,0.08525945234496272,0.0,-0.015326794631480681,-1.086253722973303,1.062380305683814,1.5768671158623297,0.08541428344898219,0.0,-0.013397644273936749,-0.9385954737663269,0.9237521290779114,1.5695722103118896,0.09327717125415802,0.12297184765338898,0.07188634210019475,-0.002868667755998776,0.0701823523499586,0.2,0.2,0.0,-3.507726710015455,False
0,181,-0.015326794631480681,-1.086253722973303,1.062380305683814,1.5768671158623297,0.08541428344898219,0.0,-0.015264833396666401,-1.0816002417369568,1.0580106883620302,1.5766367789015212,0.08566252640395701,0.0,-0.013217686675488949,-0.9359469413757324,0.9211755394935608,1.5693868398666382,0.09347346425056458,0.1226956695318222,0.0722977390895606,-0.0028697602659316273,0.07051126967908808,0.2,0.2,0.0,-3.5176096332162627,False
0,182,-0.015264833396666401,-1.0816002417369568,1.0580106883620302,1.5766367789015212,0.08566252640395701,0.0,-0.015209270346824736,-1.0778587107752482,1.054493971883139,1.5764494977667147,0.08586422034399631,0.0,-0.01292752381414175,-0.9317280054092407,0.9170693755149841,1.569089412689209,0.0937872976064682,0.12225565314292908,0.0722977390895606,-0.0028697602659316273,0.07051126967908808,0.2,0.2,0.0,-3.527609633216263,False
0,183,-0.015209270346824736,-1.0778587107752482,1.054493971883139,1.5764494977667147,0.08586422034399631,0.0,-0.015153957998801648,-1.0743890996885623,1.0512303887802315,1.5762743168782545,0.08605275967596593,0.0,-0.012689451687037945,-0.9283349514007568,0.9137648940086365,1.5688471794128418,0.0940411314368248,0.12190170586109161,0.07263043138942224,-0.00287014842225438,0.07077488347242353,0.2,0.2,0.0,-3.5375146504836916,False
0,184,-0.015153957998801648,-1.0743890996885623,1.0512303887802315,1.5762743168782545,0.08605275967596593,0.0,-0.01510422331996028,-1.0715028094808616,1.0485131961291498,1.5761271404786366,0.08621101347590046,0.0,-0.012465606443583965,-0.9251877665519714,0.9106985926628113,1.5686204433441162,0.09427770227193832,0.1215733140707016,0.07301813217020525,-0.0028701154232619384,0.07107944085699551,0.2,0.2,0.0,-3.547403681011976,False
0,185,-0.01510422331996028,-1.0715028094808616,1.0485131961291498,1.5761271404786366,0.08621101347590046,0.0,-0.015051772310248094,-1.0686419060968533,1.0458179806064065,1.57598002360253,0.08636906427076303,0.0,-0.01227623876184225,-0.9225690364837646,0.9081456065177917,1.5684300661087036,0.09447550773620605,0.12129996716976166,0.07337935724423747,-0.002869530931839858,0.07136068041983394,0.2,0.2,0.0,-3.5572999509081105,False
0,186,-0.015051772310248094,-1.0686419060968533,1.0458179806064065,1.57598002360253,0.08636906427076303,0.0,-0.014980349297523156,-1.0648981478704729,1.042289347999505,1.5757864074698895,0.08657693562954767,0.0,-0.012086174450814724,-0.919972836971283,0.9056136608123779,1.568239450454712,0.09467248618602753,0.12102906405925751,0.07377062329245984,-0.0028683969380026353,0.07166259882821023,0.2,0.2,0.0,-3.567187307426575,False
0,187,-0.014980349297523156,-1.0648981478704729,1.042289347999505,1.5757864074698895,0.08657693562954767,0.0,-0.01490515918509183,-1.0611885850209344,1.0387902766136847,1.5755927840791015,0.08678456850842219,0.0,-0.011835015378892422,-0.916575014591217,0.9022987484931946,1.567988395690918,0.09493102133274078,0.1206742376089096,0.07408095709418273,-0.002867163644043438,0.0719000839934808,0.2,0.2,0.0,-3.577097781077239,False
0,188,-0.01490515918509183,-1.0611885850209344,1.0387902766136847,1.5755927840791015,0.08678456850842219,0.0,-0.014843328705762963,-1.058327535269479,1.0360892593348479,1.5754418916281476,0.08694614660544309,0.0,-0.011582567356526852,-0.913207471370697,0.8990116715431213,1.5677372217178345,0.09518840163946152,0.12032262980937958,0.07408095709418273,-0.002867163644043438,0.0719000839934808,0.2,0.2,0.0,-3.5870977810772393,False
0,189,-0.014843328705762963,-1.058327535269479,1.0360892593348479,1.5754418916281476,0.08694614660544309,0.0,-0.014751916786337343,-1.054351152970081,1.0323319244321483,1.575246221999993,0.08715605115709324,0.0,-0.011375739239156246,-0.9105874300003052,0.8964421153068542,1.5675910711288452,0.09539364278316498,0.12004970014095306,0.07447336486631463,-0.00286497541715178,0.07219791860325511,0.2,0.2,0.0,-3.5969841849756676,False
0,190,-0.014751916786337343,-1.054351152970081,1.0323319244321483,1.575246221999993,0.08715605115709324,0.0,-0.014670384269881659,-1.0509363068317754,1.0291032116262038,1.5750648642129348,0.0873521761308662,0.0,-0.011066406033933163,-0.9069121479988098,0.8928185105323792,1.5674803256988525,0.09567457437515259,0.11966665089130402,0.07486233645662159,-0.0028621941753777993,0.07249191801528576,0.2,0.2,0.0,-3.606871638317856,False
0,191,-0.014670384269881659,-1.0509363068317754,1.0291032116262038,1.5750648642129348,0.0873521761308662,0.0,-0.014598026512488666,-1.0480897824054225,1.0264088830767204,1.5749153112495167,0.0875171000573662,0.0,-0.010800874792039394,-0.9037533402442932,0.8897023797035217,1.5673716068267822,0.09592971950769424,0.11933846771717072,0.0752558552010715,-0.0028589002908250456,0.07278563338867095,0.2,0.2,0.0,-3.6167572169769993,False
0,192,-0.014598026512488666,-1.0480897824054225,1.0264088830767204,1.5749153112495167,0.0875171000573662,0.0,-0.01452207669866751,-1.0452385789596788,1.023707763835844,1.5747665807558187,0.08768364507531351,0.0,-0.010575584135949612,-0.9011195302009583,0.8871023058891296,1.5672814846038818,0.09614341706037521,0.11906477808952332,0.07554597891018328,-0.002855929020121839,0.07300090981174662,0.2,0.2,0.0,-3.6266726320805125,False
0,193,-0.01452207669866751,-1.0452385789596788,1.023707763835844,1.5747665807558187,0.08768364507531351,0.0,-0.014466157291872247,-1.043241999862683,1.021814436299608,1.574663262310999,0.08780132310228789,0.0,-0.010347007773816586,-0.8984811305999756,0.8844961524009705,1.5671918392181396,0.09635839611291885,0.11879059672355652,0.07578437167523851,-0.002853144233527213,0.0731769947573899,0.2,0.2,0.0,-3.636602983319479,False
0,194,-0.014466157291872247,-1.043241999862683,1.021814436299608,1.574663262310999,0.08780132310228789,0.0,-0.01435929309514889,-1.03953260440259,1.0182948735996487,1.5744722035309047,0.08802109427812836,0.0,-0.010184633545577526,-0.896632969379425,0.8826696276664734,1.567129135131836,0.09650960564613342,0.11859849095344543,0.07612992822333815,-0.002848770400615274,0.073430762779613,0.2,0.2,0.0,-3.6465019085117554,False
0,195,-0.01435929309514889,-1.03953260440259,1.0182948735996487,1.5744722035309047,0.08802109427812836,0.0,-0.014258885211671717,-1.0361374220719555,1.0150717109542235,1.574298101531876,0.08822324129335696,0.0,-0.00988037046045065,-0.89319908618927,0.8792746067047119,1.5670133829116821,0.09679152071475983,0.1182415783405304,0.07612992822333815,-0.002848770400615274,0.073430762779613,0.2,0.2,0.0,-3.656501908511755,False
0,196,-0.014258885211671717,-1.0361374220719555,1.0150717109542235,1.574298101531876,0.08822324129335696,0.0,-0.01417123152303099,-1.0333123198239311,1.0123870112436002,1.574154452028507,0.0883930128928773,0.0,-0.009599643759429455,-0.8900555968284607,0.8761656880378723,1.5669076442718506,0.09705010801553726,0.11791490018367767,0.07652673554272443,-0.0028433319929619177,0.07371996939318529,0.2,0.2,0.0,-3.666385713007453,False
0,197,-0.01417123152303099,-1.0333123198239311,1.0123870112436002,1.574154452028507,0.0883930128928773,0.0,-0.014054655250114265,-1.029669151688937,1.008922551727337,1.5739702499084107,0.08861329158375043,0.0,-0.009362473152577877,-0.8874393701553345,0.8735763430595398,1.5668199062347412,0.09726642072200775,0.11764299869537354,0.07689600687454574,-0.002837611219460555,0.07398724516447766,0.2,0.2,0.0,-3.6762773108305775,False
0,198,-0.014054655250114265,-1.029669151688937,1.008922551727337,1.5739702499084107,0.08861329158375043,0.0,-0.01399877164395321,-1.0279876285955563,1.007322140842334,1.573885832471771,0.08871574876568401,0.0,-0.009053672663867474,-0.8840649724006653,0.8702355027198792,1.5667071342468262,0.09754631668329239,0.11729206144809723,0.07721334814650847,-0.002832323019075858,0.07421539386383187,0.2,0.2,0.0,-3.6861840198079956,False
0,199,-0.01399877164395321,-1.0279876285955563,1.007322140842334,1.573885832471771,0.08871574876568401,0.0,-0.013940064159049302,-1.0262839902144205,1.0056993442830122,1.5738009216784041,0.08882036346925935,0.0,-0.008919364772737026,-0.8824875950813293,0.8686980605125427,1.5666592121124268,0.09768381714820862,0.11714421212673187,0.07721334814650847,-0.002832323019075858,0.07421539386383187,0.2,0.2,0.0,-3.696184019807996,False
0,200,-0.013940064159049302,-1.0262839902144205,1.0056993442830122,1.5738009216784041,0.08882036346925935,0.0,-0.013801135755082643,-1.0223339725549037,1.001935698668223,1.5736049927812694,0.08906416888841129,0.0,-0.008781454525887966,-0.8808888792991638,0.8671391606330872,1.5666110515594482,0.0978236049413681,0.11699439585208893,0.0775359038922522,-0.0028262970459735823,0.0744460900758683,0.2,0.2,0.0,-3.7060888986873626,False
0,201,-0.013801135755082643,-1.0223339725549037,1.001935698668223,1.5736049927812694,0.08906416888841129,0.0,-0.013669521693115229,-1.0186821387741272,0.9984546920439284,1.5734256872473835,0.08929058111772394,0.0,-0.008459496311843395,-0.8771820664405823,0.8635239005088806,1.5664989948272705,0.09814868122339249,0.11664699018001556,0.07796097790640363,-0.002817977193305189,0.07474768948231783,0.2,0.2,0.0,-3.71596341936364,False
0,202,-0.013669521693115229,-1.0186821387741272,0.9984546920439284,1.5734256872473835,0.08929058111772394,0.0,-0.013565491206553513,-1.015885297290762,0.9957872419388286,1.5732894962601038,0.0894657829100566,0.0,-0.008158962242305279,-0.8737550377845764,0.8601805567741394,1.566396713256836,0.09844986349344254,0.1163257509469986,0.07828154377417157,-0.0028102859789183783,0.07497356470760948,0.2,0.2,0.0,-3.7258678390839073,False
0,203,-0.013565491206553513,-1.015885297290762,0.9957872419388286,1.5732894962601038,0.0894657829100566,0.0,-0.01344630456507463,-1.0127871476268004,0.9928307164475557,1.573139745705618,0.08966228208021895,0.0,-0.007926098071038723,-0.871130108833313,0.8576186895370483,1.5663191080093384,0.09868187457323074,0.11607962846755981,0.07865728994647897,-0.00280271058740309,0.07523656331694789,0.2,0.2,0.0,-3.73575719305627,False
0,204,-0.01344630456507463,-1.0127871476268004,0.9928307164475557,1.573139745705618,0.08966228208021895,0.0,-0.013358810867402815,-1.0105496324238699,0.9906948729970494,1.5730321210705502,0.08980489856031375,0.0,-0.007664843462407589,-0.8682219386100769,0.8547792434692383,1.5662329196929932,0.09894058108329773,0.11580710113048553,0.07865728994647897,-0.00280271058740309,0.07523656331694789,0.2,0.2,0.0,-3.74575719305627,False
0,205,-0.013358810867402815,-1.0105496324238699,0.9906948729970494,1.5730321210705502,0.08980489856031375,0.0,-0.0132681968061151,-1.0082954368922903,0.9885420464607729,1.5729245925233026,0.08994980492703337,0.0,-0.0074749356135725975,-0.8661215901374817,0.8527280688285828,1.5661711692810059,0.09912797063589096,0.11561021208763123,0.07903311615139288,-0.00279372468441465,0.07549761377936712,0.2,0.2,0.0,-3.7556455602144387,False
0,206,-0.0132681968061151,-1.0082954368922903,0.9885420464607729,1.5729245925233026,0.08994980492703337,0.0,-0.013154090874472849,-1.0054984037897652,0.985869945860152,1.5727918388671667,0.0901299813812175,0.0,-0.00732926931232214,-0.8640920519828796,0.8506972193717957,1.5661277770996094,0.09928025305271149,0.1153971403837204,0.07935600422880133,-0.0027855518990000105,0.07572039301659904,0.2,0.2,0.0,-3.765549457894789,False
0,207,-0.013154090874472849,-1.0054984037897652,0.985869945860152,1.5727918388671667,0.0901299813812175,0.0,-0.013004736813188433,-1.0018707006699608,0.982401289350574,1.5726212705654836,0.0903641244674873,0.0,-0.007254160009324551,-0.8617683053016663,0.848258912563324,1.5661160945892334,0.09938564151525497,0.11509986221790314,0.07935600422880133,-0.0027855518990000105,0.07572039301659904,0.2,0.2,0.0,-3.7755494578947886,False
0,208,-0.013004736813188433,-1.0018707006699608,0.982401289350574,1.5726212705654836,0.0903641244674873,0.0,-0.013004736813188433,-1.0018707006699608,0.982401289350574,1.5726212705654836,0.0903641244674873,0.0,-0.007155596278607845,-0.8587539792060852,0.8450939059257507,1.566102385520935,0.09952260553836823,0.11471416056156158,0.08097750193118745,-0.0027432823093279427,0.07681838654393347,0.2,0.2,0.0,-3.7850682348588713,False
0,209,-0.013004736813188433,-1.0018707006699608,0.982401289350574,1.5726212705654836,0.0903641244674873,0.0,-0.012342822283047514,-0.985741869233201,0.9669574574474032,1.5718728940482718,0.09140246718350997,0.0,-0.007155596278607845,-0.8587539792060852,0.8450939059257507,1.566102385520935,0.09952260553836823,0.11471416056156158,0.08097750193118745,-0.0027432823093279427,0.07681838654393347,0.2,0.2,0.0,-3.795068234858871,False
0,210,-0.012342822283047514,-0.985741869233201,0.9669574574474032,1.5718728940482718,0.09140246718350997,0.0,-0.012246247617076341,-0.9833506519617535,0.9646505314846898,1.571769796027126,0.0915528708705795,0.0,-0.006718701682984829,-0.845349133014679,0.8310049176216125,1.566051721572876,0.10012868046760559,0.11299777030944824,0.0813212677126685,-0.002734170548513243,0.0770463746703197,0.2,0.2,0.0,-3.804966469753268,False
0,211,-0.012246247617076341,-0.9833506519617535,0.9646505314846898,1.571769796027126,0.0915528708705795,0.0,-0.012082680693181762,-0.9789895386596978,0.9604343183226014,1.5716011353657677,0.09182322186711506,0.0,-0.0066545745357871056,-0.8433592915534973,0.8289026021957397,1.5660521984100342,0.1002151146531105,0.11274212598800659,0.08174871389850161,-0.0027241797878628728,0.07733325443578204,0.2,0.2,0.0,-3.814842995871842,False
0,212,-0.012082680693181762,-0.9789895386596978,0.9604343183226014,1.5716011353657677,0.09182322186711506,0.0,-0.011986420557639923,-0.9765804419034922,0.9581045147872542,1.5715035208168964,0.09197149912347273,0.0,-0.006548094563186169,-0.8397302627563477,0.8250623941421509,1.5660738945007324,0.10036928951740265,0.11227574944496155,0.08214624570118226,-0.0027138730379685635,0.07759641249136574,0.2,0.2,0.0,-3.8247270928156087,False
0,213,-0.011986420557639923,-0.9765804419034922,0.9581045147872542,1.5715035208168964,0.09197149912347273,0.0,-0.011859393423695484,-0.9733815177213233,0.95499351197189,1.5713771328746573,0.09216756305332369,0.0,-0.006483837030827999,-0.8377252221107483,0.8229404091835022,1.5660808086395264,0.10045334696769714,0.11201764643192291,0.08243688211260977,-0.0027064412566339866,0.07778933227778277,0.2,0.2,0.0,-3.834643154358789,False
0,214,-0.011859393423695484,-0.9733815177213233,0.95499351197189,1.5713771328746573,0.09216756305332369,0.0,-0.011754349634233883,-0.9707274814362438,0.952408544666116,1.5712742152416732,0.09232935638307498,0.0,-0.006399138830602169,-0.8350597620010376,0.8201087117195129,1.5660934448242188,0.10056407749652863,0.11167395114898682,0.08275484864397942,-0.002698311892821376,0.07799960765466374,0.2,0.2,0.0,-3.8445516077653967,False
0,215,-0.011754349634233883,-0.9707274814362438,0.952408544666116,1.5712742152416732,0.09232935638307498,0.0,-0.011669770401407042,-0.968583874423413,0.95031775051565,1.5711925558412958,0.09245937970493037,0.0,-0.006329036317765713,-0.8328478932380676,0.8177564740180969,1.566105842590332,0.10065513104200363,0.11138851940631866,0.08275484864397942,-0.002698311892821376,0.07799960765466374,0.2,0.2,0.0,-3.8545516077653965,False
0,216,-0.011669770401407042,-0.968583874423413,0.95031775051565,1.5711925558412958,0.09245937970493037,0.0,-0.011470612410071718,-0.9635221887668828,0.9453744340261129,1.5710028776817597,0.092765000845128,0.0,-0.006272590719163418,-0.8310609459877014,0.8158540725708008,1.566117286682129,0.10072799772024155,0.11115781962871552,0.08310305315563478,-0.002689419699301391,0.07822905266782781,0.2,0.2,0.0,-3.864451738468948,False
0,217,-0.011470612410071718,-0.9635221887668828,0.9453744340261129,1.5710028776817597,0.092765000845128,0.0,-0.01139928588840411,-0.9617031015720433,0.9435951322101187,1.57093572461758,0.09287398792029639,0.0,-0.006142611615359783,-0.8270435333251953,0.8116388916969299,1.5659325122833252,0.10078831017017365,0.11083757877349854,0.08355420483506776,-0.002677849257662948,0.07852429439773187,0.2,0.2,0.0,-3.874322641932946,False
0,218,-0.01139928588840411,-0.9617031015720433,0.9435951322101187,1.57093572461758,0.09287398792029639,0.0,-0.011286340598507598,-0.9588068388128842,0.940755816335517,1.5708279388220268,0.0930434324732516,0.0,-0.0060960715636610985,-0.8256024122238159,0.810126006603241,1.565864086151123,0.10080759227275848,0.11072562634944916,0.08382036011993083,-0.0026710597779751174,0.07869776083579957,0.2,0.2,0.0,-3.884246806727018,False
0,219,-0.011286340598507598,-0.9588068388128842,0.940755816335517,1.5708279388220268,0.0930434324732516,0.0,-0.011163304219113747,-0.955646846908487,0.9376559313204849,1.570710038223514,0.09322698240800491,0.0,-0.006021945737302303,-0.8233068585395813,0.807712733745575,1.5657545328140259,0.10083478689193726,0.11054670810699463,0.08421933215232923,-0.00266088975782992,0.07895633921704692,0.2,0.2,0.0,-3.8941333932857263,False
0,220,-0.011163304219113747,-0.955646846908487,0.9376559313204849,1.570710038223514,0.09322698240800491,0.0,-0.01101162480421696,-0.9517400181779092,0.9338188006598714,1.5705635890513727,0.09345087716150331,0.0,-0.005941114388406277,-0.8208021521568298,0.8050780296325684,1.5656347274780273,0.10086334496736526,0.11035139113664627,0.0846171793818145,-0.0026507334978073138,0.07921235003450763,0.2,0.2,0.0,-3.9040205583148593,False
0,221,-0.01101162480421696,-0.9517400181779092,0.9338188006598714,1.5705635890513727,0.09345087716150331,0.0,-0.010911300329267648,-0.9491507929744248,0.9312714637542248,1.5704658156274065,0.09359683337851363,0.0,-0.005811064504086971,-0.8176978826522827,0.8017669916152954,1.5654666423797607,0.10093629360198975,0.11008325964212418,0.0849344865297657,-0.002642631125360881,0.07941538260060849,0.2,0.2,0.0,-3.9139308073462193,False
0,222,-0.010911300329267648,-0.9491507929744248,0.9312714637542248,1.5704658156274065,0.09359683337851363,0.0,-0.010760694093387646,-0.9452711122461191,0.9274482014610371,1.5703180410789799,0.09381308732756675,0.0,-0.005718081258237362,-0.8156384825706482,0.7995582222938538,1.5653502941131592,0.10099156200885773,0.1098993718624115,0.08533274716494182,-0.002632394190160176,0.07966876984852703,0.2,0.2,0.0,-3.9238184055565926,False
0,223,-0.010760694093387646,-0.9452711122461191,0.9274482014610371,1.5703180410789799,0.09381308732756675,0.0,-0.010660856562988054,-0.9427076400284488,0.9249175687711868,1.5702194609919493,0.09395449904720808,0.0,-0.005577995441854,-0.8125514388084412,0.7962433099746704,1.56517493724823,0.10107246786355972,0.10962323844432831,0.08533274716494182,-0.002632394190160176,0.07966876984852703,0.2,0.2,0.0,-3.9338184055565923,False
0,224,-0.010660856562988054,-0.9427076400284488,0.9249175687711868,1.5702194609919493,0.09395449904720808,0.0,-0.010560447417318083,-0.9401385405570855,0.922376652112431,1.5701196616575157,0.0940946385236476,0.0,-0.005484974943101406,-0.8105109333992004,0.7940493822097778,1.5650582313537598,0.10112468153238297,0.10944035649299622,0.08567712682343705,-0.0026234630075944424,0.07988666025099812,0.2,0.2,0.0,-3.94372143977885,False
0,225,-0.010560447417318083,-0.9401385405570855,0.922376652112431,1.5701196616575157,0.0940946385236476,0.0,-0.010460180629733584,-0.9375798438293618,0.9198425553419095,1.570019523806582,0.09423304217006385,0.0,-0.005391101352870464,-0.8084649443626404,0.7918468117713928,1.5649399757385254,0.1011757031083107,0.10925659537315369,0.08604966321121485,-0.0026137171480294717,0.08012113772715976,0.2,0.2,0.0,-3.953616794152439,False
0,226,-0.010460180629733584,-0.9375798438293618,0.9198425553419095,1.570019523806582,0.09423304217006385,0.0,-0.010310487442239731,-0.9337691238104212,0.9160638069473901,1.5698693743032572,0.09443758978999911,0.0,-0.005297224037349224,-0.8064267039299011,0.7896504402160645,1.564821481704712,0.10122567415237427,0.10907332599163055,0.08644830068090713,-0.0026031929670179512,0.08037051890163321,0.2,0.2,0.0,-3.9635050637115983,False
0,227,-0.010310487442239731,-0.9337691238104212,0.9160638069473901,1.5698693743032572,0.09443758978999911,0.0,-0.010211223673053495,-0.9312509161968989,0.9135624016469147,1.5697692100133507,0.09457129044536491,0.0,-0.005156743340194225,-0.8033903241157532,0.7863754034042358,1.5646443367004395,0.1012987568974495,0.10879968106746674,0.08673724099829694,-0.0025955021928200815,0.08055030490127674,0.2,0.2,0.0,-3.973424240533725,False
0,228,-0.010211223673053495,-0.9312509161968989,0.9135624016469147,1.5697692100133507,0.09457129044536491,0.0,-0.010081676982029181,-0.927974571770172,0.9103029643246227,1.5696378105508322,0.09474355627419999,0.0,-0.005063398741185665,-0.801382839679718,0.7842077612876892,1.5645262002944946,0.10134583711624146,0.10861869156360626,0.08713499317711078,-0.002584824575417582,0.08079658434467349,0.2,0.2,0.0,-3.9833132349962304,False
0,229,-0.010081676982029181,-0.927974571770172,0.9103029643246227,1.5696378105508322,0.09474355627419999,0.0,-0.010002254803017295,-0.9259739004128381,0.908308797364565,1.569556727240962,0.09484743735841147,0.0,-0.004941209219396114,-0.7987701296806335,0.7813835144042969,1.5643713474273682,0.10140576213598251,0.10838243365287781,0.08713499317711078,-0.002584824575417582,0.08079658434467349,0.2,0.2,0.0,-3.99331323499623,False
0,230,-0.010002254803017295,-0.9259739004128381,0.908308797364565,1.569556727240962,0.09484743735841147,0.0,-0.009852836544766192,-0.9222204842559651,0.9045628265897353,1.5694035949861636,0.09504064982912418,0.0,-0.004863864742219448,-0.7971656918525696,0.7796547412872314,1.5642850399017334,0.10143794864416122,0.10823743790388107,0.08742649663363948,-0.0025769290584484075,0.08097625647697261,0.2,0.2,0.0,-4.003232087612152,False
0,231,-0.009852836544766192,-0.9222204842559651,0.9045628265897353,1.5694035949861636,0.09504064982912418,0.0,-0.009753798271975572,-0.9197465381496677,0.902091062504043,1.5693030113125075,0.09516625956644449,0.0,-0.004681183956563473,-0.7940166592597961,0.7763901948928833,1.5642694234848022,0.10144110769033432,0.10795769095420837,0.08782308000632824,-0.002566098268376339,0.08121931619144694,0.2,0.2,0.0,-4.01312188286094,False
0,232,-0.009753798271975572,-0.9197465381496677,0.902091062504043,1.5693030113125075,0.09516625956644449,0.0,-0.009753798271975572,-0.9197465381496677,0.902091062504043,1.5693030113125075,0.09516625956644449,0.0,-0.004560007713735104,-0.7919406294822693,0.7742365002632141,1.56425940990448,0.1014416515827179,0.107773058116436,0.08921623092759479,-0.002526688313306601,0.08206048378460637,0.2,0.2,0.0,-4.022735985882866,False
0,233,-0.009753798271975572,-0.9197465381496677,0.902091062504043,1.5693030113125075,0.09516625956644449,0.0,-0.009753798271975572,-0.9197465381496677,0.902091062504043,1.5693030113125075,0.09516625956644449,0.0,-0.004560007713735104,-0.7919406294822693,0.7742365002632141,1.56425940990448,0.1014416515827179,0.107773058116436,0.09041340085376494,-0.0024916869235993605,0.08276534214538894,0.2,0.2,0.0,-4.03240551926252,False
0,234,-0.009753798271975572,-0.9197465381496677,0.902091062504043,1.5693030113125075,0.09516625956644449,0.0,-0.009753798271975572,-0.9197465381496677,0.902091062504043,1.5693030113125075,0.09516625956644449,0.0,-0.004560007713735104,-0.7919406294822693,0.7742365002632141,1.56425940990448,0.1014416515827179,0.107773058116436,0.09306031445497054,-0.002411512428294127,0.08426334104836167,0.2,0.2,0.0,-4.041678186371337,False
0,235,-0.009753798271975572,-0.9197465381496677,0.902091062504043,1.5693030113125075,0.09516625956644449,0.0,-0.007257527429973587,-0.8582886811183418,0.8406124415867394,1.5668752393725314,0.09818737035406201,0.0,-0.004560007713735104,-0.7919406294822693,0.7742365002632141,1.56425940990448,0.1014416515827179,0.107773058116436,0.09509341543706602,-0.0023473195510850227,0.08535912264292017,0.2,0.2,0.0,-4.051122461780179,False
0,236,-0.007257527429973587,-0.8582886811183418,0.8406124415867394,1.5668752393725314,0.09818737035406201,0.0,-0.006937930615114324,-0.8505692119647088,0.8328780734079263,1.5665819769329588,0.09855037607139172,0.0,-0.0015025055035948753,-0.7403700947761536,0.720695436000824,1.564079761505127,0.10135845839977264,0.1031746119260788,0.09543172729972257,-0.002336417292243264,0.08553695204945848,0.2,0.2,0.0,-4.06103022509655,False
0,237,-0.006937930615114324,-0.8505692119647088,0.8328780734079263,1.5665819769329588,0.09855037607139172,0.0,-0.006937930615114324,-0.8505692119647088,0.8328780734079263,1.5665819769329588,0.09855037607139172,0.0,-0.0011106235906481743,-0.7338927984237671,0.7139641642570496,1.56406831741333,0.10133223980665207,0.1025952696800232,0.09627838049560947,-0.0023019085728233977,0.08599743875208407,0.2,0.2,0.0,-4.070801331782301,False
0,238,-0.006937930615114324,-0.8505692119647088,0.8328780734079263,1.5665819769329588,0.09855037607139172,0.0,-0.006703189197393534,-0.8458101221732361,0.8280333113390532,1.5664739264322638,0.09867163137750416,0.0,-0.0011106235906481743,-0.7338927984237671,0.7139641642570496,1.56406831741333,0.10133223980665207,0.1025952696800232,0.09627838049560947,-0.0023019085728233977,0.08599743875208407,0.2,0.2,0.0,-4.0808013317823,False
0,239,-0.006703189197393534,-0.8458101221732361,0.8280333113390532,1.5664739264322638,0.09867163137750416,0.0,-0.006404577052133593,-0.8397789718955093,0.8218917641311124,1.5663389744987093,0.09882250280216578,0.0,-0.0008202632889151573,-0.7299016118049622,0.7097758054733276,1.5641310214996338,0.10121724754571915,0.10222697257995605,0.09666707535589898,-0.002285807133497802,0.08620646031097796,0.2,0.2,0.0,-4.09069639583845,False
0,240,-0.006404577052133593,-0.8397789718955093,0.8218917641311124,1.5663389744987093,0.09882250280216578,0.0,-0.006247744175570491,-0.8367136205169592,0.8187607564031626,1.5662797574501146,0.09888587083151622,0.0,-0.00048851128667593,-0.7248498201370239,0.7043903470039368,1.5642008781433105,0.10107965022325516,0.101760134100914,0.09698302782719576,-0.0022721621468142347,0.08637643051820185,0.2,0.2,0.0,-4.100611216132686,False
0,241,-0.006247744175570491,-0.8367136205169592,0.8187607564031626,1.5662797574501146,0.09888587083151622,0.0,-0.006098656302540203,-0.8338297064380498,0.8158106624726713,1.5662268096288643,0.09894105308463988,0.0,-0.00027912016957998276,-0.7222684621810913,0.7015563249588013,1.564233660697937,0.1009584590792656,0.1015978753566742,0.09737968094556847,-0.002254707832877849,0.08658918266715536,0.2,0.2,0.0,-4.110504493804937,False
0,242,-0.006098656302540203,-0.8338297064380498,0.8158106624726713,1.5662268096288643,0.09894105308463988,0.0,-0.005983217317830401,-0.8316262528284661,0.8135529126013443,1.5661879032939838,0.09897987506838557,0.0,-6.990786641836166e-05,-0.7198367714881897,0.698883056640625,1.5642664432525635,0.10083285719156265,0.10145655274391174,0.09737968094556847,-0.002254707832877849,0.08658918266715536,0.2,0.2,0.0,-4.120504493804937,False
0,243,-0.005983217317830401,-0.8316262528284661,0.8135529126013443,1.5661879032939838,0.09897987506838557,0.0,-0.005830661074974791,-0.8287565881019222,0.810607643022845,1.5661392814209372,0.09902588501925616,0.0,9.184423834085464e-05,-0.7179784178733826,0.696837842464447,1.5642931461334229,0.10073371976613998,0.10134807229042053,0.0977008659853194,-0.002240249269922108,0.08676094321122671,0.2,0.2,0.0,-4.130418200577495,False
0,244,-0.005830661074974791,-0.8287565881019222,0.810607643022845,1.5661392814209372,0.09902588501925616,0.0,-0.005830661074974791,-0.8287565881019222,0.810607643022845,1.5661392814209372,0.09902588501925616,0.0,0.00030524376779794693,-0.7155579924583435,0.694171130657196,1.5643296241760254,0.10060025751590729,0.10120630264282227,0.09978223424546766,-0.0021430110609291153,0.08785193139571065,0.2,0.2,0.0,-4.13986058592168,False
0,245,-0.005830661074974791,-0.8287565881019222,0.810607643022845,1.5661392814209372,0.09902588501925616,0.0,-0.005830661074974791,-0.8287565881019222,0.810607643022845,1.5661392814209372,0.09902588501925616,0.0,0.00030524376779794693,-0.7155579924583435,0.694171130657196,1.5643296241760254,0.10060025751590729,0.10120630264282227,0.09978223424546766,-0.0021430110609291153,0.08785193139571065,0.2,0.2,0.0,-4.1498605859216795,False
0,246,-0.005830661074974791,-0.8287565881019222,0.810607643022845,1.5661392814209372,0.09902588501925616,0.0,-0.005168590390841643,-0.8163728285573357,0.7978894507855445,1.5659329049780963,0.09921680003092172,0.0,0.00030524376779794693,-0.7155579924583435,0.694171130657196,1.5643296241760254,0.10060025751590729,0.10120630264282227,0.10022459342282643,-0.002121911853551173,0.08807795576452176,0.2,0.2,0.0,-4.159742364788496,False
0,247,-0.005168590390841643,-0.8163728285573357,0.7978894507855445,1.5659329049780963,0.09921680003092172,0.0,-0.005168590390841643,-0.8163728285573357,0.7978894507855445,1.5659329049780963,0.09921680003092172,0.0,0.0012306654825806618,-0.7051122784614563,0.6826571822166443,1.5644898414611816,0.10001710057258606,0.10059338808059692,0.10022459342282643,-0.002121911853551173,0.08807795576452176,0.2,0.2,0.0,-4.169742364788496,False
0,248,-0.005168590390841643,-0.8163728285573357,0.7978894507855445,1.5659329049780963,0.09921680003092172,0.0,-0.005168590390841643,-0.8163728285573357,0.7978894507855445,1.5659329049780963,0.09921680003092172,0.0,0.0012306654825806618,-0.7051122784614563,0.6826571822166443,1.5644898414611816,0.10001710057258606,0.10059338808059692,0.10022459342282643,-0.002121911853551173,0.08807795576452176,0.2,0.2,0.0,-4.1797423647884955,False
0,249,-0.005168590390841643,-0.8163728285573357,0.7978894507855445,1.5659329049780963,0.09921680003092172,0.0,-0.004961308277323604,-0.8124956961813107,0.7939076142264977,1.5658682919396685,0.09927657272107383,0.0,0.0012306654825806618,-0.7051122784614563,0.6826571822166443,1.5644898414611816,0.10001710057258606,0.10059338808059692,0.10022459342282643,-0.002121911853551173,0.08807795576452176,0.2,0.2,0.0,-4.189742364788495,False
0,250,-0.004961308277323604,-0.8124956961813107,0.7939076142264977,1.5658682919396685,0.09927657272107383,0.0,-0.004961308277323604,-0.8124956961813107,0.7939076142264977,1.5658682919396685,0.09927657272107383,0.0,0.0015203999355435371,-0.7018418312072754,0.6790525317192078,1.564540147781372,0.09983457624912262,0.10040155053138733,0.10022459342282643,-0.002121911853551173,0.08807795576452176,0.2,0.2,0.0,-4.199742364788495,False
0,251,-0.004961308277323604,-0.8124956961813107,0.7939076142264977,1.5658682919396685,0.09927657272107383,0.0,-0.004961308277323604,-0.8124956961813107,0.7939076142264977,1.5658682919396685,0.09927657272107383,0.0,0.0015203999355435371,-0.7018418312072754,0.6790525317192078,1.564540147781372,0.09983457624912262,0.10040155053138733,0.1008090266413115,-0.0020913022329707414,0.08838012494883526,0.2,0.2,0.0,-4.209586666327254,False
0,252,-0.004961308277323604,-0.8124956961813107,0.7939076142264977,1.5658682919396685,0.09927657272107383,0.0,-0.004961308277323604,-0.8124956961813107,0.7939076142264977,1.5658682919396685,0.09927657272107383,0.0,0.0015203999355435371,-0.7018418312072754,0.6790525317192078,1.564540147781372,0.09983457624912262,0.10040155053138733,0.1008090266413115,-0.0020913022329707414,0.08838012494883526,0.2,0.2,0.0,-4.219586666327253,False
0,253,-0.004961308277323604,-0.8124956961813107,0.7939076142264977,1.5658682919396685,0.09927657272107383,0.0,-0.004961308277323604,-0.8124956961813107,0.7939076142264977,1.5658682919396685,0.09927657272107383,0.0,0.0015203999355435371,-0.7018418312072754,0.6790525317192078,1.564540147781372,0.09983457624912262,0.10040155053138733,0.10212638887288555,-0.0020205469371273573,0.08904850904917032,0.2,0.2,0.0,-4.229235762735817,False
0,254,-0.004961308277323604,-0.8124956961813107,0.7939076142264977,1.5658682919396685,0.09927657272107383,0.0,-0.004961308277323604,-0.8124956961813107,0.7939076142264977,1.5658682919396685,0.09927657272107383,0.0,0.0015203999355435371,-0.7018418312072754,0.6790525317192078,1.564540147781372,0.09983457624912262,0.10040155053138733,0.10212638887288555,-0.0020205469371273573,0.08904850904917032,0.2,0.2,0.0,-4.239235762735817,False
0,255,-0.004961308277323604,-0.8124956961813107,0.7939076142264977,1.5658682919396685,0.09927657272107383,0.0,-0.004961308277323604,-0.8124956961813107,0.7939076142264977,1.5658682919396685,0.09927657272107383,0.0,0.0015203999355435371,-0.7018418312072754,0.6790525317192078,1.564540147781372,0.09983457624912262,0.10040155053138733,0.10212638887288555,-0.0020205469371273573,0.08904850904917032,0.2,0.2,0.0,-4.249235762735816,False
0,256,-0.004961308277323604,-0.8124956961813107,0.7939076142264977,1.5658682919396685,0.09927657272107383,0.0,-0.004961308277323604,-0.8124956961813107,0.7939076142264977,1.5658682919396685,0.09927657272107383,0.0,0.0015203999355435371,-0.7018418312072754,0.6790525317192078,1.564540147781372,0.09983457624912262,0.10040155053138733,0.10212638887288555,-0.0020205469371273573,0.08904850904917032,0.2,0.2,0.0,-4.259235762735816,False
0,257,-0.004961308277323604,-0.8124956961813107,0.7939076142264977,1.5658682919396685,0.09927657272107383,0.0,-0.004961308277323604,-0.8124956961813107,0.7939076142264977,1.5658682919396685,0.09927657272107383,0.0,0.0015203999355435371,-0.7018418312072754,0.6790525317192078,1.564540147781372,0.09983457624912262,0.10040155053138733,0.10212638887288555,-0.0020205469371273573,0.08904850904917032,0.2,0.2,0.0,-4.269235762735816,False
0,258,-0.004961308277323604,-0.8124956961813107,0.7939076142264977,1.5658682919396685,0.09927657272107383,0.0,-0.004961308277323604,-0.8124956961813107,0.7939076142264977,1.5658682919396685,0.09927657272107383,0.0,0.0015203999355435371,-0.7018418312072754,0.6790525317192078,1.564540147781372,0.09983457624912262,0.10040155053138733,0.10241291737389117,-0.0020049997188587346,0.08919193384972013,0.2,0.2,0.0,-4.279159720185714,False
0,259,-0.004961308277323604,-0.8124956961813107,0.7939076142264977,1.5658682919396685,0.09927657272107383,0.0,-0.0039410782270871735,-0.7947426149805379,0.7755384502674102,1.565637442579042,0.09940595277804738,0.0,0.0015203999355435371,-0.7018418312072754,0.6790525317192078,1.564540147781372,0.09983457624912262,0.10040155053138733,0.10241291737389117,-0.0020049997188587346,0.08919193384972013,0.2,0.2,0.0,-4.2891597201857135,False
0,260,-0.0039410782270871735,-0.7947426149805379,0.7755384502674102,1.565637442579042,0.09940595277804738,0.0,-0.0039410782270871735,-0.7947426149805379,0.7755384502674102,1.565637442579042,0.09940595277804738,0.0,0.003051985986530781,-0.686917245388031,0.6624771356582642,1.5647209882736206,0.098873570561409,0.09956696629524231,0.10241291737389117,-0.0020049997188587346,0.08919193384972013,0.2,0.2,0.0,-4.299159720185713,False
0,261,-0.0039410782270871735,-0.7947426149805379,0.7755384502674102,1.565637442579042,0.09940595277804738,0.0,-0.0037788668641834905,-0.7919833688005835,0.7726727220042224,1.5656048518282897,0.09941868332384185,0.0,0.003051985986530781,-0.686917245388031,0.6624771356582642,1.5647209882736206,0.098873570561409,0.09956696629524231,0.10241291737389117,-0.0020049997188587346,0.08919193384972013,0.2,0.2,0.0,-4.309159720185713,False
0,262,-0.0037788668641834905,-0.7919833688005835,0.7726727220042224,1.5656048518282897,0.09941868332384185,0.0,-0.0036021136474078206,-0.788976762914962,0.7695500881814136,1.565569339398355,0.09943255513216909,0.0,0.0033581266179680824,-0.6846272349357605,0.6599037051200867,1.5646942853927612,0.09872393310070038,0.0994689017534256,0.10404051142638121,-0.00190423069488705,0.09001072804011631,0.2,0.2,0.0,-4.318726506596432,False
0,263,-0.0036021136474078206,-0.788976762914962,0.7695500881814136,1.565569339398355,0.09943255513216909,0.0,-0.0036021136474078206,-0.788976762914962,0.7695500881814136,1.565569339398355,0.09943255513216909,0.0,0.003691704012453556,-0.6821319460868835,0.6570995450019836,1.5646653175354004,0.09856091439723969,0.0993620753288269,0.10641242884347328,-0.0017521088297980448,0.09115937987516859,0.2,0.2,0.0,-4.328097245285096,False
0,264,-0.0036021136474078206,-0.788976762914962,0.7695500881814136,1.565569339398355,0.09943255513216909,0.0,3.945019673616501e-05,-0.7343655813618308,0.7121682531591741,1.5651111280414722,0.09906299198692523,0.0,0.003691704012453556,-0.6821319460868835,0.6570995450019836,1.5646653175354004,0.09856091439723969,0.0993620753288269,0.10859042031674132,-0.0016079215071223528,0.09216691089773005,0.2,0.2,0.0,-4.337521636075387,False
0,265,3.945019673616501e-05,-0.7343655813618308,0.7121682531591741,1.5651111280414722,0.09906299198692523,0.0,0.0002612915718790323,-0.731234784770115,0.7088540912828378,1.5650802529781194,0.09902410562631099,0.0,0.010362000204622746,-0.638567328453064,0.6065473556518555,1.5631946325302124,0.09493313729763031,0.09695199877023697,0.10924779815030974,-0.001563075124787969,0.09246379956015993,0.2,0.2,0.0,-4.347348469356715,False
0,266,0.0002612915718790323,-0.731234784770115,0.7088540912828378,1.5650802529781194,0.09902410562631099,0.0,0.00040245771671229054,-0.7299455207480708,0.7074299001170217,1.5650536413310996,0.09896654684492757,0.0,0.01074304524809122,-0.6360291838645935,0.6035887002944946,1.5630600452423096,0.0946938768029213,0.09667287766933441,0.10924779815030974,-0.001563075124787969,0.09246379956015993,0.2,0.2,0.0,-4.357348469356715,False
0,267,0.00040245771671229054,-0.7299455207480708,0.7074299001170217,1.5650536413310996,0.09896654684492757,0.0,0.0006074017049691318,-0.7280910565618977,0.705378614874635,1.5650137533366852,0.09888147706362099,0.0,0.010953632183372974,-0.6349786520004272,0.6023217439651489,1.5629725456237793,0.09455856680870056,0.09654851257801056,0.10950561864895986,-0.0015361327971364312,0.09258963752878252,0.2,0.2,0.0,-4.367276878394142,False
0,268,0.0006074017049691318,-0.7280910565618977,0.705378614874635,1.5650137533366852,0.09888147706362099,0.0,0.0008125103021631247,-0.7262529175490159,0.7033432089852548,1.5649727202300483,0.09879538492660245,0.0,0.011265129782259464,-0.6334689855575562,0.6004921793937683,1.5628165006637573,0.0943630188703537,0.09636454284191132,0.10983494474275118,-0.0015012867896175394,0.09274990319775786,0.2,0.2,0.0,-4.377185358977082,False
0,269,0.0008125103021631247,-0.7262529175490159,0.7033432089852548,1.5649727202300483,0.09879538492660245,0.0,0.0010197114086611398,-0.7244212770201945,0.7013118932843697,1.564929420812387,0.09870714056225363,0.0,0.011575897224247456,-0.6319723725318909,0.5986769795417786,1.5626599788665771,0.09416784346103668,0.09618190675973892,0.11009258088924617,-0.0014735440583673377,0.09287495540795879,0.2,0.2,0.0,-4.387113599681527,False
0,270,0.0010197114086611398,-0.7244212770201945,0.7013118932843697,1.564929420812387,0.09870714056225363,0.0,0.0012505673860381524,-0.7224094645087827,0.6990771745972439,1.5648790599687108,0.09860736812851063,0.0,0.011888180859386921,-0.6304805278778076,0.5968656539916992,1.5625019073486328,0.09397108852863312,0.09599950909614563,0.11039801330489644,-0.0014400996982389816,0.09302284178687593,0.2,0.2,0.0,-4.397028338916972,False
0,271,0.0012505673860381524,-0.7224094645087827,0.6990771745972439,1.5648790599687108,0.09860736812851063,0.0,0.0015871457901787214,-0.7195116521416117,0.6958538678806871,1.5648030533401716,0.09846013302370879,0.0,0.012234476394951344,-0.6288413405418396,0.5948731303215027,1.5623257160186768,0.0937526747584343,0.0957988053560257,0.11077158382447924,-0.001398586544935009,0.0932030324732453,0.2,0.2,0.0,-4.4069238975816445,False
0,272,0.0015871457901787214,-0.7195116521416117,0.6958538678806871,1.5648030533401716,0.09846013302370879,0.0,0.0017557733657098278,-0.7180795711083561,0.6942584444581316,1.5647635326037523,0.0983853839497196,0.0,0.012737100012600422,-0.6264793872833252,0.5919997096061707,1.5620687007904053,0.093435138463974,0.09550909698009491,0.11077158382447924,-0.001398586544935009,0.0932030324732453,0.2,0.2,0.0,-4.416923897581645,False
0,273,0.0017557733657098278,-0.7180795711083561,0.6942584444581316,1.5647635326037523,0.0983853839497196,0.0,0.001956800139412466,-0.7164101829362757,0.692393848241946,1.5647140155332642,0.09829505425566157,0.0,0.01298773754388094,-0.6253117322921753,0.5905776619911194,1.5619399547576904,0.09327656030654907,0.09536556899547577,0.11107901112783083,-0.0013636998625451,0.09335091890123966,0.2,0.2,0.0,-4.4268376933766636,False
0,274,0.001956800139412466,-0.7164101829362757,0.692393848241946,1.5647140155332642,0.09829505425566157,0.0,0.002219790592872711,-0.7142556151124726,0.6899846859065971,1.5646475771859323,0.09817558185043859,0.0,0.013284117914736271,-0.6239497065544128,0.588916003704071,1.561786413192749,0.09308899939060211,0.09519772231578827,0.11136245371567972,-0.0013308751423682166,0.09348702986207205,0.2,0.2,0.0,-4.43675797423289,False
0,275,0.002219790592872711,-0.7142556151124726,0.6899846859065971,1.5646475771859323,0.09817558185043859,0.0,0.0025694151089567813,-0.711413439304608,0.6868026778326836,1.5645566119665406,0.09801468822882352,0.0,0.013675288297235966,-0.6221911907196045,0.586765706539154,1.561578631401062,0.09285659343004227,0.09497945010662079,0.11175778607895216,-0.001284293091571918,0.09367612705118744,0.2,0.2,0.0,-4.446646474485935,False
0,276,0.0025694151089567813,-0.711413439304608,0.6868026778326836,1.5645566119665406,0.09801468822882352,0.0,0.0027495107719992884,-0.7099895017307349,0.6852034175718443,1.5645062966425713,0.09793195929884768,0.0,0.01425082702189684,-0.6198671460151672,0.583886444568634,1.5612211227416992,0.0926816388964653,0.09467951953411102,0.11194277980743518,-0.001262111227173238,0.09376445500313704,0.2,0.2,0.0,-4.45659417410331,False
0,277,0.0027495107719992884,-0.7099895017307349,0.6852034175718443,1.5645062966425713,0.09793195929884768,0.0,0.0031584852109130175,-0.7067961442225318,0.6816120268333389,1.5643887349334726,0.09774611904755293,0.0,0.014543683268129826,-0.6187015771865845,0.5824393630027771,1.561037302017212,0.09259230643510818,0.09452861547470093,0.11236630779452642,-0.0012103404622546567,0.0939661482630354,0.2,0.2,0.0,-4.466474024901528,False
0,278,0.0031584852109130175,-0.7067961442225318,0.6816120268333389,1.5643887349334726,0.09774611904755293,0.0,0.0034322162479876604,-0.70469804687597,0.6792476475604948,1.564306486564607,0.09762364408318787,0.0,0.015204639174044132,-0.6160863041877747,0.5791891813278198,1.560620665550232,0.09239175170660019,0.09418942034244537,0.11271469350283209,-0.0011669158259009801,0.09413140902286032,0.2,0.2,0.0,-4.4763748839281625,False
0,279,0.0034322162479876604,-0.70469804687597,0.6792476475604948,1.564306486564607,0.09762364408318787,0.0,0.0037576517959156384,-0.7022517092266527,0.6764848904790167,1.5642043066075788,0.097479301818787,0.0,0.015643179416656494,-0.6143664717674255,0.5770490765571594,1.5603419542312622,0.09225983172655106,0.09396588802337646,0.11271469350283209,-0.0011669158259009801,0.09413140902286032,0.2,0.2,0.0,-4.486374883928162,False
0,280,0.0037576517959156384,-0.7022517092266527,0.6764848904790167,1.5642043066075788,0.097479301818787,0.0,0.004016494468645494,-0.700345187322715,0.6743268541527998,1.5641195249745097,0.09736592767895383,0.0,0.016160055994987488,-0.6123596429824829,0.5745481848716736,1.5600111484527588,0.09210488945245743,0.09370438754558563,0.11308749889752392,-0.001119391896830234,0.09430772256353308,0.2,0.2,0.0,-4.49626834741656,False
0,281,0.004016494468645494,-0.700345187322715,0.6743268541527998,1.5641195249745097,0.09736592767895383,0.0,0.004259135691846088,-0.6986010736549292,0.6723471707147862,1.5640361784097259,0.09726135942933116,0.0,0.016567271202802658,-0.6107942461967468,0.5725942254066467,1.5597484111785889,0.09198343753814697,0.0934997946023941,0.11341373096384584,-0.0010768271396567632,0.09446162062202482,0.2,0.2,0.0,-4.506174695230247,False
0,282,0.004259135691846088,-0.6986010736549292,0.6723471707147862,1.5640361784097259,0.09726135942933116,0.0,0.004478509831641754,-0.6970385994871342,0.6705717898826299,1.563959523076789,0.09716739041142229,0.0,0.01694488152861595,-0.6093605160713196,0.5708014369010925,1.559502124786377,0.09187192469835281,0.09331190586090088,0.1137440346301584,-0.0010326779540288566,0.094617144096136,0.2,0.2,0.0,-4.516079395046686,False
0,283,0.004478509831641754,-0.6970385994871342,0.6705717898826299,1.563959523076789,0.09716739041142229,0.0,0.004774056011756295,-0.6949644933358653,0.6682110341760613,1.5638534371803723,0.09704202902059214,0.0,0.01728484034538269,-0.6080756187438965,0.5691935420036316,1.5592796802520752,0.09177174419164658,0.09314325451850891,0.1137440346301584,-0.0010326779540288566,0.094617144096136,0.2,0.2,0.0,-4.526079395046687,False
0,284,0.004774056011756295,-0.6949644933358653,0.6682110341760613,1.5638534371803723,0.09704202902059214,0.0,0.004774056011756295,-0.6949644933358653,0.6682110341760613,1.5638534371803723,0.09704202902059214,0.0,0.017739854753017426,-0.6063687801361084,0.5670551657676697,1.5589803457260132,0.09163833409547806,0.09291878342628479,0.11409642972703522,-0.0009847450714753135,0.09478256789410161,0.2,0.2,0.0,-4.535977404355558,False
0,285,0.004774056011756295,-0.6949644933358653,0.6682110341760613,1.5638534371803723,0.09704202902059214,0.0,0.004774056011756295,-0.6949644933358653,0.6682110341760613,1.5638534371803723,0.09704202902059214,0.0,0.017739854753017426,-0.6063687801361084,0.5670551657676697,1.5589803457260132,0.09163833409547806,0.09291878342628479,0.11505504991086747,-0.0008518673912761198,0.09522903426958024,0.2,0.2,0.0,-4.54569949612225,False
0,286,0.004774056011756295,-0.6949644933358653,0.6682110341760613,1.5638534371803723,0.09704202902059214,0.0,0.004774056011756295,-0.6949644933358653,0.6682110341760613,1.5638534371803723,0.09704202902059214,0.0,0.017739854753017426,-0.6063687801361084,0.5670551657676697,1.5589803457260132,0.09163833409547806,0.09291878342628479,0.11505504991086747,-0.0008518673912761198,0.09522903426958024,0.2,0.2,0.0,-4.55569949612225,False
0,287,0.004774056011756295,-0.6949644933358653,0.6682110341760613,1.5638534371803723,0.09704202902059214,0.0,0.006239159410847724,-0.684871322130811,0.6566980554191875,1.5633103002259148,0.09642813407785075,0.0,0.017739854753017426,-0.6063687801361084,0.5670551657676697,1.5589803457260132,0.09163833409547806,0.09291878342628479,0.11505504991086747,-0.0008518673912761198,0.09522903426958024,0.2,0.2,0.0,-4.5656994961222495,False
